
 /----------------------------------------------------------------------------\
 |                                                                            |
 |  yosys -- Yosys Open SYnthesis Suite                                       |
 |                                                                            |
 |  Copyright (C) 2012 - 2020  Claire Xenia Wolf <claire@yosyshq.com>         |
 |                                                                            |
 |  Permission to use, copy, modify, and/or distribute this software for any  |
 |  purpose with or without fee is hereby granted, provided that the above    |
 |  copyright notice and this permission notice appear in all copies.         |
 |                                                                            |
 |  THE SOFTWARE IS PROVIDED "AS IS" AND THE AUTHOR DISCLAIMS ALL WARRANTIES  |
 |  WITH REGARD TO THIS SOFTWARE INCLUDING ALL IMPLIED WARRANTIES OF          |
 |  MERCHANTABILITY AND FITNESS. IN NO EVENT SHALL THE AUTHOR BE LIABLE FOR   |
 |  ANY SPECIAL, DIRECT, INDIRECT, OR CONSEQUENTIAL DAMAGES OR ANY DAMAGES    |
 |  WHATSOEVER RESULTING FROM LOSS OF USE, DATA OR PROFITS, WHETHER IN AN     |
 |  ACTION OF CONTRACT, NEGLIGENCE OR OTHER TORTIOUS ACTION, ARISING OUT OF   |
 |  OR IN CONNECTION WITH THE USE OR PERFORMANCE OF THIS SOFTWARE.            |
 |                                                                            |
 \----------------------------------------------------------------------------/

 Yosys 0.33 (git sha1 2584903a060)


-- Running command `read_liberty -lib /home/danieltyukov/workspace/personal/tt-ihp-int8-npu/pdk/sg13g2_stdcell_typ_1p20V_25C.lib; read_verilog -sv /home/danieltyukov/workspace/personal/tt-ihp-int8-npu/src/npu_activation.sv /home/danieltyukov/workspace/personal/tt-ihp-int8-npu/src/npu_adder.sv /home/danieltyukov/workspace/personal/tt-ihp-int8-npu/src/npu_array.sv /home/danieltyukov/workspace/personal/tt-ihp-int8-npu/src/npu_core.sv /home/danieltyukov/workspace/personal/tt-ihp-int8-npu/src/npu_csa_reduce.sv /home/danieltyukov/workspace/personal/tt-ihp-int8-npu/src/npu_host_if.sv /home/danieltyukov/workspace/personal/tt-ihp-int8-npu/src/npu_mult.sv /home/danieltyukov/workspace/personal/tt-ihp-int8-npu/src/npu_pe.sv /home/danieltyukov/workspace/personal/tt-ihp-int8-npu/src/npu_pp_baugh_wooley.sv /home/danieltyukov/workspace/personal/tt-ihp-int8-npu/src/npu_pp_booth4.sv /home/danieltyukov/workspace/personal/tt-ihp-int8-npu/src/npu_requant.sv /home/danieltyukov/workspace/personal/tt-ihp-int8-npu/src/tt_um_danieltyukov_int8_npu.sv; chparam -set ROWS 4 -set COLS 2 -set S_MAX 6 -set MUL_ARCH 1 -set ADD_ARCH 4 npu_core; hierarchy -top npu_core -check; synth -top npu_core -flatten; check -assert; design -save prepped; abc -liberty /home/danieltyukov/workspace/personal/tt-ihp-int8-npu/pdk/sg13g2_stdcell_typ_1p20V_25C.lib; setundef -zero; opt_clean -purge; ltp -noff; design -load prepped; dfflibmap -liberty /home/danieltyukov/workspace/personal/tt-ihp-int8-npu/pdk/sg13g2_stdcell_typ_1p20V_25C.lib; abc -liberty /home/danieltyukov/workspace/personal/tt-ihp-int8-npu/pdk/sg13g2_stdcell_typ_1p20V_25C.lib; setundef -zero; opt_clean -purge; stat -liberty /home/danieltyukov/workspace/personal/tt-ihp-int8-npu/pdk/sg13g2_stdcell_typ_1p20V_25C.lib' --

1. Executing Liberty frontend: /home/danieltyukov/workspace/personal/tt-ihp-int8-npu/pdk/sg13g2_stdcell_typ_1p20V_25C.lib
Imported 84 cell types from liberty file.

2. Executing Verilog-2005 frontend: /home/danieltyukov/workspace/personal/tt-ihp-int8-npu/src/npu_activation.sv
Parsing SystemVerilog input from `/home/danieltyukov/workspace/personal/tt-ihp-int8-npu/src/npu_activation.sv' to AST representation.
Generating RTLIL representation for module `\npu_activation'.
Successfully finished Verilog frontend.

3. Executing Verilog-2005 frontend: /home/danieltyukov/workspace/personal/tt-ihp-int8-npu/src/npu_adder.sv
Parsing SystemVerilog input from `/home/danieltyukov/workspace/personal/tt-ihp-int8-npu/src/npu_adder.sv' to AST representation.
Generating RTLIL representation for module `\npu_adder'.
Successfully finished Verilog frontend.

4. Executing Verilog-2005 frontend: /home/danieltyukov/workspace/personal/tt-ihp-int8-npu/src/npu_array.sv
Parsing SystemVerilog input from `/home/danieltyukov/workspace/personal/tt-ihp-int8-npu/src/npu_array.sv' to AST representation.
Generating RTLIL representation for module `\npu_array'.
Successfully finished Verilog frontend.

5. Executing Verilog-2005 frontend: /home/danieltyukov/workspace/personal/tt-ihp-int8-npu/src/npu_core.sv
Parsing SystemVerilog input from `/home/danieltyukov/workspace/personal/tt-ihp-int8-npu/src/npu_core.sv' to AST representation.
Generating RTLIL representation for module `\npu_core'.
Successfully finished Verilog frontend.

6. Executing Verilog-2005 frontend: /home/danieltyukov/workspace/personal/tt-ihp-int8-npu/src/npu_csa_reduce.sv
Parsing SystemVerilog input from `/home/danieltyukov/workspace/personal/tt-ihp-int8-npu/src/npu_csa_reduce.sv' to AST representation.
Generating RTLIL representation for module `\npu_csa_reduce'.
Successfully finished Verilog frontend.

7. Executing Verilog-2005 frontend: /home/danieltyukov/workspace/personal/tt-ihp-int8-npu/src/npu_host_if.sv
Parsing SystemVerilog input from `/home/danieltyukov/workspace/personal/tt-ihp-int8-npu/src/npu_host_if.sv' to AST representation.
Generating RTLIL representation for module `\npu_host_if'.
Successfully finished Verilog frontend.

8. Executing Verilog-2005 frontend: /home/danieltyukov/workspace/personal/tt-ihp-int8-npu/src/npu_mult.sv
Parsing SystemVerilog input from `/home/danieltyukov/workspace/personal/tt-ihp-int8-npu/src/npu_mult.sv' to AST representation.
Generating RTLIL representation for module `\npu_mult'.
Successfully finished Verilog frontend.

9. Executing Verilog-2005 frontend: /home/danieltyukov/workspace/personal/tt-ihp-int8-npu/src/npu_pe.sv
Parsing SystemVerilog input from `/home/danieltyukov/workspace/personal/tt-ihp-int8-npu/src/npu_pe.sv' to AST representation.
Generating RTLIL representation for module `\npu_pe'.
Successfully finished Verilog frontend.

10. Executing Verilog-2005 frontend: /home/danieltyukov/workspace/personal/tt-ihp-int8-npu/src/npu_pp_baugh_wooley.sv
Parsing SystemVerilog input from `/home/danieltyukov/workspace/personal/tt-ihp-int8-npu/src/npu_pp_baugh_wooley.sv' to AST representation.
Generating RTLIL representation for module `\npu_pp_baugh_wooley'.
Successfully finished Verilog frontend.

11. Executing Verilog-2005 frontend: /home/danieltyukov/workspace/personal/tt-ihp-int8-npu/src/npu_pp_booth4.sv
Parsing SystemVerilog input from `/home/danieltyukov/workspace/personal/tt-ihp-int8-npu/src/npu_pp_booth4.sv' to AST representation.
Generating RTLIL representation for module `\npu_pp_booth4'.
Successfully finished Verilog frontend.

12. Executing Verilog-2005 frontend: /home/danieltyukov/workspace/personal/tt-ihp-int8-npu/src/npu_requant.sv
Parsing SystemVerilog input from `/home/danieltyukov/workspace/personal/tt-ihp-int8-npu/src/npu_requant.sv' to AST representation.
Generating RTLIL representation for module `\npu_requant'.
Successfully finished Verilog frontend.

13. Executing Verilog-2005 frontend: /home/danieltyukov/workspace/personal/tt-ihp-int8-npu/src/tt_um_danieltyukov_int8_npu.sv
Parsing SystemVerilog input from `/home/danieltyukov/workspace/personal/tt-ihp-int8-npu/src/tt_um_danieltyukov_int8_npu.sv' to AST representation.
Generating RTLIL representation for module `\tt_um_danieltyukov_int8_npu'.
Successfully finished Verilog frontend.
Parameter \ROWS = 4
Parameter \COLS = 2
Parameter \S_MAX = 6
Parameter \MUL_ARCH = 1
Parameter \ADD_ARCH = 4

14. Executing AST frontend in derive mode using pre-parsed AST for module `\npu_core'.
Parameter \ROWS = 4
Parameter \COLS = 2
Parameter \S_MAX = 6
Parameter \MUL_ARCH = 1
Parameter \ADD_ARCH = 4
Generating RTLIL representation for module `$paramod$7327139c6fa3b6904a0494118564ac68514b022c\npu_core'.

15. Executing HIERARCHY pass (managing design hierarchy).

15.1. Analyzing design hierarchy..
Top module:  \npu_core
Used module:     \npu_host_if
Used module:     \npu_array
Used module:         \npu_pe
Used module:             \npu_adder
Used module:             \npu_mult
Used module:                 \npu_pp_baugh_wooley
Used module:     \npu_requant
Used module:     \npu_activation
Parameter \PSUM_W = 19
Parameter \MUL_ARCH = 0
Parameter \ADD_ARCH = 0

15.2. Executing AST frontend in derive mode using pre-parsed AST for module `\npu_pe'.
Parameter \PSUM_W = 19
Parameter \MUL_ARCH = 0
Parameter \ADD_ARCH = 0
Generating RTLIL representation for module `$paramod$ff257773bd01275f0d043df288de414e423018a5\npu_pe'.
Parameter \PSUM_W = 19
Parameter \MUL_ARCH = 0
Parameter \ADD_ARCH = 0
Found cached RTLIL representation for module `$paramod$ff257773bd01275f0d043df288de414e423018a5\npu_pe'.
Parameter \PSUM_W = 19
Parameter \MUL_ARCH = 0
Parameter \ADD_ARCH = 0
Found cached RTLIL representation for module `$paramod$ff257773bd01275f0d043df288de414e423018a5\npu_pe'.
Parameter \PSUM_W = 19
Parameter \MUL_ARCH = 0
Parameter \ADD_ARCH = 0
Found cached RTLIL representation for module `$paramod$ff257773bd01275f0d043df288de414e423018a5\npu_pe'.
Parameter \PSUM_W = 19
Parameter \MUL_ARCH = 0
Parameter \ADD_ARCH = 0
Found cached RTLIL representation for module `$paramod$ff257773bd01275f0d043df288de414e423018a5\npu_pe'.
Parameter \PSUM_W = 19
Parameter \MUL_ARCH = 0
Parameter \ADD_ARCH = 0
Found cached RTLIL representation for module `$paramod$ff257773bd01275f0d043df288de414e423018a5\npu_pe'.
Parameter \PSUM_W = 19
Parameter \MUL_ARCH = 0
Parameter \ADD_ARCH = 0
Found cached RTLIL representation for module `$paramod$ff257773bd01275f0d043df288de414e423018a5\npu_pe'.
Parameter \PSUM_W = 19
Parameter \MUL_ARCH = 0
Parameter \ADD_ARCH = 0
Found cached RTLIL representation for module `$paramod$ff257773bd01275f0d043df288de414e423018a5\npu_pe'.
Parameter \WIDTH = 19
Parameter \ARCH = 0

15.3. Executing AST frontend in derive mode using pre-parsed AST for module `\npu_adder'.
Parameter \WIDTH = 19
Parameter \ARCH = 0
Generating RTLIL representation for module `$paramod$fb8eb8dcaf3ef364e4d47beadacd83e06bae8163\npu_adder'.
Parameter \A_W = 8
Parameter \B_W = 8
Parameter \MUL_ARCH = 0
Parameter \ADD_ARCH = 0

15.4. Executing AST frontend in derive mode using pre-parsed AST for module `\npu_mult'.
Parameter \A_W = 8
Parameter \B_W = 8
Parameter \MUL_ARCH = 0
Parameter \ADD_ARCH = 0
Generating RTLIL representation for module `$paramod$a1cbd45a87523b3aa3376e3b8d05abd91c4cb6bf\npu_mult'.
Parameter \W_LEN = 8
Parameter \ACT_LEN = 24
Parameter \BIAS_LEN = 6
Parameter \QUANT_LEN = 6
Parameter \RPTR_W = 6

15.5. Executing AST frontend in derive mode using pre-parsed AST for module `\npu_host_if'.
Parameter \W_LEN = 8
Parameter \ACT_LEN = 24
Parameter \BIAS_LEN = 6
Parameter \QUANT_LEN = 6
Parameter \RPTR_W = 6
Generating RTLIL representation for module `$paramod$a669845e71d033b9ed54d410c0832a058641c434\npu_host_if'.
Parameter \ROWS = 4
Parameter \COLS = 2
Parameter \PSUM_W = 19
Parameter \MUL_ARCH = 1
Parameter \ADD_ARCH = 4

15.6. Executing AST frontend in derive mode using pre-parsed AST for module `\npu_array'.
Parameter \ROWS = 4
Parameter \COLS = 2
Parameter \PSUM_W = 19
Parameter \MUL_ARCH = 1
Parameter \ADD_ARCH = 4
Generating RTLIL representation for module `$paramod$dd13fb79ecc7134c504489cf60fd3e03faadd8f0\npu_array'.
Parameter \T_W = 24
Parameter \M_W = 16
Parameter \SH_W = 5
Parameter \ADD_ARCH = 4

15.7. Executing AST frontend in derive mode using pre-parsed AST for module `\npu_requant'.
Parameter \T_W = 24
Parameter \M_W = 16
Parameter \SH_W = 5
Parameter \ADD_ARCH = 4
Generating RTLIL representation for module `$paramod$9762f17314fc00bcc8483d811536c717be533d3b\npu_requant'.
Parameter \WIDTH = 25
Parameter \ARCH = 4

15.8. Executing AST frontend in derive mode using pre-parsed AST for module `\npu_adder'.
Parameter \WIDTH = 25
Parameter \ARCH = 4
Generating RTLIL representation for module `$paramod$2d6c54a146b5c9bc63af6521ae2fae94a8696de1\npu_adder'.
Parameter \WIDTH = 25
Parameter \ARCH = 4
Found cached RTLIL representation for module `$paramod$2d6c54a146b5c9bc63af6521ae2fae94a8696de1\npu_adder'.
Parameter \WIDTH = 26
Parameter \ARCH = 0

15.9. Executing AST frontend in derive mode using pre-parsed AST for module `\npu_adder'.
Parameter \WIDTH = 26
Parameter \ARCH = 0
Generating RTLIL representation for module `$paramod$d9c2f9dfb5e64c8dbdf33064c2b44a2f73ce6cb6\npu_adder'.
Parameter \A_W = 8
Parameter \B_W = 8

15.10. Executing AST frontend in derive mode using pre-parsed AST for module `\npu_pp_baugh_wooley'.
Parameter \A_W = 8
Parameter \B_W = 8
Generating RTLIL representation for module `$paramod$1ed99f1253f88f2664ca886b8b7f7f8ea7f768dd\npu_pp_baugh_wooley'.
Parameter \WIDTH = 16
Parameter \ARCH = 0

15.11. Executing AST frontend in derive mode using pre-parsed AST for module `\npu_adder'.
Parameter \WIDTH = 16
Parameter \ARCH = 0
Generating RTLIL representation for module `$paramod$60b3baad27a8ade2b24a1797a14779826394a681\npu_adder'.

15.12. Analyzing design hierarchy..
Top module:  \npu_core
Used module:     $paramod$a669845e71d033b9ed54d410c0832a058641c434\npu_host_if
Used module:     $paramod$dd13fb79ecc7134c504489cf60fd3e03faadd8f0\npu_array
Used module:         \npu_pe
Used module:             $paramod$fb8eb8dcaf3ef364e4d47beadacd83e06bae8163\npu_adder
Used module:             $paramod$a1cbd45a87523b3aa3376e3b8d05abd91c4cb6bf\npu_mult
Used module:                 \npu_pp_baugh_wooley
Used module:                 \npu_adder
Used module:     $paramod$9762f17314fc00bcc8483d811536c717be533d3b\npu_requant
Used module:     \npu_activation
Used module:     $paramod$2d6c54a146b5c9bc63af6521ae2fae94a8696de1\npu_adder
Parameter \A_W = 8
Parameter \B_W = 8
Found cached RTLIL representation for module `$paramod$1ed99f1253f88f2664ca886b8b7f7f8ea7f768dd\npu_pp_baugh_wooley'.
Parameter \WIDTH = 16
Parameter \ARCH = 0
Found cached RTLIL representation for module `$paramod$60b3baad27a8ade2b24a1797a14779826394a681\npu_adder'.
Parameter \WIDTH = 26
Parameter \ARCH = 4

15.13. Executing AST frontend in derive mode using pre-parsed AST for module `\npu_adder'.
Parameter \WIDTH = 26
Parameter \ARCH = 4
Generating RTLIL representation for module `$paramod$00e50bd1d9329584e2110eb397cc8a22011310c9\npu_adder'.
Parameter \PSUM_W = 19
Parameter \MUL_ARCH = 1
Parameter \ADD_ARCH = 4

15.14. Executing AST frontend in derive mode using pre-parsed AST for module `\npu_pe'.
Parameter \PSUM_W = 19
Parameter \MUL_ARCH = 1
Parameter \ADD_ARCH = 4
Generating RTLIL representation for module `$paramod$67ba8969b455a9921a0ce9d05bfcb7563f4a488b\npu_pe'.
Parameter \PSUM_W = 19
Parameter \MUL_ARCH = 1
Parameter \ADD_ARCH = 4
Found cached RTLIL representation for module `$paramod$67ba8969b455a9921a0ce9d05bfcb7563f4a488b\npu_pe'.
Parameter \PSUM_W = 19
Parameter \MUL_ARCH = 1
Parameter \ADD_ARCH = 4
Found cached RTLIL representation for module `$paramod$67ba8969b455a9921a0ce9d05bfcb7563f4a488b\npu_pe'.
Parameter \PSUM_W = 19
Parameter \MUL_ARCH = 1
Parameter \ADD_ARCH = 4
Found cached RTLIL representation for module `$paramod$67ba8969b455a9921a0ce9d05bfcb7563f4a488b\npu_pe'.
Parameter \PSUM_W = 19
Parameter \MUL_ARCH = 1
Parameter \ADD_ARCH = 4
Found cached RTLIL representation for module `$paramod$67ba8969b455a9921a0ce9d05bfcb7563f4a488b\npu_pe'.
Parameter \PSUM_W = 19
Parameter \MUL_ARCH = 1
Parameter \ADD_ARCH = 4
Found cached RTLIL representation for module `$paramod$67ba8969b455a9921a0ce9d05bfcb7563f4a488b\npu_pe'.
Parameter \PSUM_W = 19
Parameter \MUL_ARCH = 1
Parameter \ADD_ARCH = 4
Found cached RTLIL representation for module `$paramod$67ba8969b455a9921a0ce9d05bfcb7563f4a488b\npu_pe'.
Parameter \PSUM_W = 19
Parameter \MUL_ARCH = 1
Parameter \ADD_ARCH = 4
Found cached RTLIL representation for module `$paramod$67ba8969b455a9921a0ce9d05bfcb7563f4a488b\npu_pe'.

15.15. Analyzing design hierarchy..
Top module:  \npu_core
Used module:     $paramod$a669845e71d033b9ed54d410c0832a058641c434\npu_host_if
Used module:     $paramod$dd13fb79ecc7134c504489cf60fd3e03faadd8f0\npu_array
Used module:         $paramod$67ba8969b455a9921a0ce9d05bfcb7563f4a488b\npu_pe
Used module:             \npu_adder
Used module:             \npu_mult
Used module:                 $paramod$1ed99f1253f88f2664ca886b8b7f7f8ea7f768dd\npu_pp_baugh_wooley
Used module:                 $paramod$60b3baad27a8ade2b24a1797a14779826394a681\npu_adder
Used module:     $paramod$9762f17314fc00bcc8483d811536c717be533d3b\npu_requant
Used module:         $paramod$00e50bd1d9329584e2110eb397cc8a22011310c9\npu_adder
Used module:     \npu_activation
Used module:     $paramod$2d6c54a146b5c9bc63af6521ae2fae94a8696de1\npu_adder
Parameter \WIDTH = 19
Parameter \ARCH = 4

15.16. Executing AST frontend in derive mode using pre-parsed AST for module `\npu_adder'.
Parameter \WIDTH = 19
Parameter \ARCH = 4
Generating RTLIL representation for module `$paramod$249e2fefde2cea6485f1861c172b2e75dba89233\npu_adder'.
Parameter \A_W = 8
Parameter \B_W = 8
Parameter \MUL_ARCH = 1
Parameter \ADD_ARCH = 4

15.17. Executing AST frontend in derive mode using pre-parsed AST for module `\npu_mult'.
Parameter \A_W = 8
Parameter \B_W = 8
Parameter \MUL_ARCH = 1
Parameter \ADD_ARCH = 4
Generating RTLIL representation for module `$paramod$67e98feaf73b54d35f9441170982b8d89b9a2316\npu_mult'.

15.18. Analyzing design hierarchy..
Top module:  \npu_core
Used module:     $paramod$a669845e71d033b9ed54d410c0832a058641c434\npu_host_if
Used module:     $paramod$dd13fb79ecc7134c504489cf60fd3e03faadd8f0\npu_array
Used module:         $paramod$67ba8969b455a9921a0ce9d05bfcb7563f4a488b\npu_pe
Used module:             $paramod$249e2fefde2cea6485f1861c172b2e75dba89233\npu_adder
Used module:             $paramod$67e98feaf73b54d35f9441170982b8d89b9a2316\npu_mult
Used module:                 \npu_csa_reduce
Used module:                 \npu_pp_baugh_wooley
Used module:                 \npu_adder
Used module:     $paramod$9762f17314fc00bcc8483d811536c717be533d3b\npu_requant
Used module:         $paramod$00e50bd1d9329584e2110eb397cc8a22011310c9\npu_adder
Used module:     \npu_activation
Used module:     $paramod$2d6c54a146b5c9bc63af6521ae2fae94a8696de1\npu_adder
Parameter \WIDTH = 16
Parameter \N = 3

15.19. Executing AST frontend in derive mode using pre-parsed AST for module `\npu_csa_reduce'.
Parameter \WIDTH = 16
Parameter \N = 3
Generating RTLIL representation for module `$paramod$17604f602797e3202e357decf915a5bc29aa0ca3\npu_csa_reduce'.
Parameter \WIDTH = 16
Parameter \N = 9

15.20. Executing AST frontend in derive mode using pre-parsed AST for module `\npu_csa_reduce'.
Parameter \WIDTH = 16
Parameter \N = 9
Generating RTLIL representation for module `$paramod$27a8bd94657cc90e38f275422f31847ddfd4487e\npu_csa_reduce'.
Parameter \A_W = 8
Parameter \B_W = 8
Found cached RTLIL representation for module `$paramod$1ed99f1253f88f2664ca886b8b7f7f8ea7f768dd\npu_pp_baugh_wooley'.
Parameter \WIDTH = 16
Parameter \ARCH = 4

15.21. Executing AST frontend in derive mode using pre-parsed AST for module `\npu_adder'.
Parameter \WIDTH = 16
Parameter \ARCH = 4
Generating RTLIL representation for module `$paramod$29b69393125ca7ee80b32022bd2decdec691949f\npu_adder'.

15.22. Analyzing design hierarchy..
Top module:  \npu_core
Used module:     $paramod$a669845e71d033b9ed54d410c0832a058641c434\npu_host_if
Used module:     $paramod$dd13fb79ecc7134c504489cf60fd3e03faadd8f0\npu_array
Used module:         $paramod$67ba8969b455a9921a0ce9d05bfcb7563f4a488b\npu_pe
Used module:             $paramod$249e2fefde2cea6485f1861c172b2e75dba89233\npu_adder
Used module:             $paramod$67e98feaf73b54d35f9441170982b8d89b9a2316\npu_mult
Used module:                 $paramod$27a8bd94657cc90e38f275422f31847ddfd4487e\npu_csa_reduce
Used module:                     \npu_csa_reduce
Used module:                         $paramod$17604f602797e3202e357decf915a5bc29aa0ca3\npu_csa_reduce
Used module:                 $paramod$1ed99f1253f88f2664ca886b8b7f7f8ea7f768dd\npu_pp_baugh_wooley
Used module:                 $paramod$29b69393125ca7ee80b32022bd2decdec691949f\npu_adder
Used module:     $paramod$9762f17314fc00bcc8483d811536c717be533d3b\npu_requant
Used module:         $paramod$00e50bd1d9329584e2110eb397cc8a22011310c9\npu_adder
Used module:     \npu_activation
Used module:     $paramod$2d6c54a146b5c9bc63af6521ae2fae94a8696de1\npu_adder
Parameter \WIDTH = 16
Parameter \N = 2

15.23. Executing AST frontend in derive mode using pre-parsed AST for module `\npu_csa_reduce'.
Parameter \WIDTH = 16
Parameter \N = 2
Generating RTLIL representation for module `$paramod$1eb2e9d021a26f5457ad6970e0ac2d330aaa366a\npu_csa_reduce'.
Parameter \WIDTH = 16
Parameter \N = 6

15.24. Executing AST frontend in derive mode using pre-parsed AST for module `\npu_csa_reduce'.
Parameter \WIDTH = 16
Parameter \N = 6
Generating RTLIL representation for module `$paramod$2b1d745c338a0a6e50bcd9a4dc82bdf12badc2b0\npu_csa_reduce'.

15.25. Analyzing design hierarchy..
Top module:  \npu_core
Used module:     $paramod$a669845e71d033b9ed54d410c0832a058641c434\npu_host_if
Used module:     $paramod$dd13fb79ecc7134c504489cf60fd3e03faadd8f0\npu_array
Used module:         $paramod$67ba8969b455a9921a0ce9d05bfcb7563f4a488b\npu_pe
Used module:             $paramod$249e2fefde2cea6485f1861c172b2e75dba89233\npu_adder
Used module:             $paramod$67e98feaf73b54d35f9441170982b8d89b9a2316\npu_mult
Used module:                 $paramod$27a8bd94657cc90e38f275422f31847ddfd4487e\npu_csa_reduce
Used module:                     $paramod$2b1d745c338a0a6e50bcd9a4dc82bdf12badc2b0\npu_csa_reduce
Used module:                         \npu_csa_reduce
Used module:                             $paramod$17604f602797e3202e357decf915a5bc29aa0ca3\npu_csa_reduce
Used module:                                 $paramod$1eb2e9d021a26f5457ad6970e0ac2d330aaa366a\npu_csa_reduce
Used module:                 $paramod$1ed99f1253f88f2664ca886b8b7f7f8ea7f768dd\npu_pp_baugh_wooley
Used module:                 $paramod$29b69393125ca7ee80b32022bd2decdec691949f\npu_adder
Used module:     $paramod$9762f17314fc00bcc8483d811536c717be533d3b\npu_requant
Used module:         $paramod$00e50bd1d9329584e2110eb397cc8a22011310c9\npu_adder
Used module:     \npu_activation
Used module:     $paramod$2d6c54a146b5c9bc63af6521ae2fae94a8696de1\npu_adder
Parameter \WIDTH = 16
Parameter \N = 4

15.26. Executing AST frontend in derive mode using pre-parsed AST for module `\npu_csa_reduce'.
Parameter \WIDTH = 16
Parameter \N = 4
Generating RTLIL representation for module `$paramod$c023b5faa9c785d07331b76839e06bd1ab774764\npu_csa_reduce'.

15.27. Analyzing design hierarchy..
Top module:  \npu_core
Used module:     $paramod$a669845e71d033b9ed54d410c0832a058641c434\npu_host_if
Used module:     $paramod$dd13fb79ecc7134c504489cf60fd3e03faadd8f0\npu_array
Used module:         $paramod$67ba8969b455a9921a0ce9d05bfcb7563f4a488b\npu_pe
Used module:             $paramod$249e2fefde2cea6485f1861c172b2e75dba89233\npu_adder
Used module:             $paramod$67e98feaf73b54d35f9441170982b8d89b9a2316\npu_mult
Used module:                 $paramod$27a8bd94657cc90e38f275422f31847ddfd4487e\npu_csa_reduce
Used module:                     $paramod$2b1d745c338a0a6e50bcd9a4dc82bdf12badc2b0\npu_csa_reduce
Used module:                         $paramod$c023b5faa9c785d07331b76839e06bd1ab774764\npu_csa_reduce
Used module:                             \npu_csa_reduce
Used module:                                 $paramod$17604f602797e3202e357decf915a5bc29aa0ca3\npu_csa_reduce
Used module:                                     $paramod$1eb2e9d021a26f5457ad6970e0ac2d330aaa366a\npu_csa_reduce
Used module:                 $paramod$1ed99f1253f88f2664ca886b8b7f7f8ea7f768dd\npu_pp_baugh_wooley
Used module:                 $paramod$29b69393125ca7ee80b32022bd2decdec691949f\npu_adder
Used module:     $paramod$9762f17314fc00bcc8483d811536c717be533d3b\npu_requant
Used module:         $paramod$00e50bd1d9329584e2110eb397cc8a22011310c9\npu_adder
Used module:     \npu_activation
Used module:     $paramod$2d6c54a146b5c9bc63af6521ae2fae94a8696de1\npu_adder
Parameter \WIDTH = 16
Parameter \N = 3
Found cached RTLIL representation for module `$paramod$17604f602797e3202e357decf915a5bc29aa0ca3\npu_csa_reduce'.

15.28. Analyzing design hierarchy..
Top module:  \npu_core
Used module:     $paramod$a669845e71d033b9ed54d410c0832a058641c434\npu_host_if
Used module:     $paramod$dd13fb79ecc7134c504489cf60fd3e03faadd8f0\npu_array
Used module:         $paramod$67ba8969b455a9921a0ce9d05bfcb7563f4a488b\npu_pe
Used module:             $paramod$249e2fefde2cea6485f1861c172b2e75dba89233\npu_adder
Used module:             $paramod$67e98feaf73b54d35f9441170982b8d89b9a2316\npu_mult
Used module:                 $paramod$27a8bd94657cc90e38f275422f31847ddfd4487e\npu_csa_reduce
Used module:                     $paramod$2b1d745c338a0a6e50bcd9a4dc82bdf12badc2b0\npu_csa_reduce
Used module:                         $paramod$c023b5faa9c785d07331b76839e06bd1ab774764\npu_csa_reduce
Used module:                             $paramod$17604f602797e3202e357decf915a5bc29aa0ca3\npu_csa_reduce
Used module:                                 $paramod$1eb2e9d021a26f5457ad6970e0ac2d330aaa366a\npu_csa_reduce
Used module:                 $paramod$1ed99f1253f88f2664ca886b8b7f7f8ea7f768dd\npu_pp_baugh_wooley
Used module:                 $paramod$29b69393125ca7ee80b32022bd2decdec691949f\npu_adder
Used module:     $paramod$9762f17314fc00bcc8483d811536c717be533d3b\npu_requant
Used module:         $paramod$00e50bd1d9329584e2110eb397cc8a22011310c9\npu_adder
Used module:     \npu_activation
Used module:     $paramod$2d6c54a146b5c9bc63af6521ae2fae94a8696de1\npu_adder

15.29. Analyzing design hierarchy..
Top module:  \npu_core
Used module:     $paramod$a669845e71d033b9ed54d410c0832a058641c434\npu_host_if
Used module:     $paramod$dd13fb79ecc7134c504489cf60fd3e03faadd8f0\npu_array
Used module:         $paramod$67ba8969b455a9921a0ce9d05bfcb7563f4a488b\npu_pe
Used module:             $paramod$249e2fefde2cea6485f1861c172b2e75dba89233\npu_adder
Used module:             $paramod$67e98feaf73b54d35f9441170982b8d89b9a2316\npu_mult
Used module:                 $paramod$27a8bd94657cc90e38f275422f31847ddfd4487e\npu_csa_reduce
Used module:                     $paramod$2b1d745c338a0a6e50bcd9a4dc82bdf12badc2b0\npu_csa_reduce
Used module:                         $paramod$c023b5faa9c785d07331b76839e06bd1ab774764\npu_csa_reduce
Used module:                             $paramod$17604f602797e3202e357decf915a5bc29aa0ca3\npu_csa_reduce
Used module:                                 $paramod$1eb2e9d021a26f5457ad6970e0ac2d330aaa366a\npu_csa_reduce
Used module:                 $paramod$1ed99f1253f88f2664ca886b8b7f7f8ea7f768dd\npu_pp_baugh_wooley
Used module:                 $paramod$29b69393125ca7ee80b32022bd2decdec691949f\npu_adder
Used module:     $paramod$9762f17314fc00bcc8483d811536c717be533d3b\npu_requant
Used module:         $paramod$00e50bd1d9329584e2110eb397cc8a22011310c9\npu_adder
Used module:     \npu_activation
Used module:     $paramod$2d6c54a146b5c9bc63af6521ae2fae94a8696de1\npu_adder
Removing unused module `$paramod$60b3baad27a8ade2b24a1797a14779826394a681\npu_adder'.
Removing unused module `$paramod$d9c2f9dfb5e64c8dbdf33064c2b44a2f73ce6cb6\npu_adder'.
Removing unused module `$paramod$a1cbd45a87523b3aa3376e3b8d05abd91c4cb6bf\npu_mult'.
Removing unused module `$paramod$fb8eb8dcaf3ef364e4d47beadacd83e06bae8163\npu_adder'.
Removing unused module `$paramod$ff257773bd01275f0d043df288de414e423018a5\npu_pe'.
Removing unused module `\tt_um_danieltyukov_int8_npu'.
Removing unused module `\npu_requant'.
Removing unused module `\npu_pp_booth4'.
Removing unused module `\npu_pp_baugh_wooley'.
Removing unused module `\npu_pe'.
Removing unused module `\npu_mult'.
Removing unused module `\npu_host_if'.
Removing unused module `\npu_csa_reduce'.
Removing unused module `\npu_array'.
Removing unused module `\npu_adder'.
Removed 15 unused modules.

16. Executing SYNTH pass.

16.1. Executing HIERARCHY pass (managing design hierarchy).

16.1.1. Analyzing design hierarchy..
Top module:  \npu_core
Used module:     $paramod$a669845e71d033b9ed54d410c0832a058641c434\npu_host_if
Used module:     $paramod$dd13fb79ecc7134c504489cf60fd3e03faadd8f0\npu_array
Used module:         $paramod$67ba8969b455a9921a0ce9d05bfcb7563f4a488b\npu_pe
Used module:             $paramod$249e2fefde2cea6485f1861c172b2e75dba89233\npu_adder
Used module:             $paramod$67e98feaf73b54d35f9441170982b8d89b9a2316\npu_mult
Used module:                 $paramod$27a8bd94657cc90e38f275422f31847ddfd4487e\npu_csa_reduce
Used module:                     $paramod$2b1d745c338a0a6e50bcd9a4dc82bdf12badc2b0\npu_csa_reduce
Used module:                         $paramod$c023b5faa9c785d07331b76839e06bd1ab774764\npu_csa_reduce
Used module:                             $paramod$17604f602797e3202e357decf915a5bc29aa0ca3\npu_csa_reduce
Used module:                                 $paramod$1eb2e9d021a26f5457ad6970e0ac2d330aaa366a\npu_csa_reduce
Used module:                 $paramod$1ed99f1253f88f2664ca886b8b7f7f8ea7f768dd\npu_pp_baugh_wooley
Used module:                 $paramod$29b69393125ca7ee80b32022bd2decdec691949f\npu_adder
Used module:     $paramod$9762f17314fc00bcc8483d811536c717be533d3b\npu_requant
Used module:         $paramod$00e50bd1d9329584e2110eb397cc8a22011310c9\npu_adder
Used module:     \npu_activation
Used module:     $paramod$2d6c54a146b5c9bc63af6521ae2fae94a8696de1\npu_adder

16.1.2. Analyzing design hierarchy..
Top module:  \npu_core
Used module:     $paramod$a669845e71d033b9ed54d410c0832a058641c434\npu_host_if
Used module:     $paramod$dd13fb79ecc7134c504489cf60fd3e03faadd8f0\npu_array
Used module:         $paramod$67ba8969b455a9921a0ce9d05bfcb7563f4a488b\npu_pe
Used module:             $paramod$249e2fefde2cea6485f1861c172b2e75dba89233\npu_adder
Used module:             $paramod$67e98feaf73b54d35f9441170982b8d89b9a2316\npu_mult
Used module:                 $paramod$27a8bd94657cc90e38f275422f31847ddfd4487e\npu_csa_reduce
Used module:                     $paramod$2b1d745c338a0a6e50bcd9a4dc82bdf12badc2b0\npu_csa_reduce
Used module:                         $paramod$c023b5faa9c785d07331b76839e06bd1ab774764\npu_csa_reduce
Used module:                             $paramod$17604f602797e3202e357decf915a5bc29aa0ca3\npu_csa_reduce
Used module:                                 $paramod$1eb2e9d021a26f5457ad6970e0ac2d330aaa366a\npu_csa_reduce
Used module:                 $paramod$1ed99f1253f88f2664ca886b8b7f7f8ea7f768dd\npu_pp_baugh_wooley
Used module:                 $paramod$29b69393125ca7ee80b32022bd2decdec691949f\npu_adder
Used module:     $paramod$9762f17314fc00bcc8483d811536c717be533d3b\npu_requant
Used module:         $paramod$00e50bd1d9329584e2110eb397cc8a22011310c9\npu_adder
Used module:     \npu_activation
Used module:     $paramod$2d6c54a146b5c9bc63af6521ae2fae94a8696de1\npu_adder
Removed 0 unused modules.

16.2. Executing PROC pass (convert processes to netlists).

16.2.1. Executing PROC_CLEAN pass (remove empty switches from decision trees).
Found and cleaned up 3 empty switches in `$paramod$dd13fb79ecc7134c504489cf60fd3e03faadd8f0\npu_array.$proc$/home/danieltyukov/workspace/personal/tt-ihp-int8-npu/src/npu_array.sv:0$1035'.
Removing empty process `$paramod$dd13fb79ecc7134c504489cf60fd3e03faadd8f0\npu_array.$proc$/home/danieltyukov/workspace/personal/tt-ihp-int8-npu/src/npu_array.sv:0$1035'.
Found and cleaned up 1 empty switch in `$paramod$1eb2e9d021a26f5457ad6970e0ac2d330aaa366a\npu_csa_reduce.$proc$/home/danieltyukov/workspace/personal/tt-ihp-int8-npu/src/npu_csa_reduce.sv:0$1838'.
Removing empty process `$paramod$1eb2e9d021a26f5457ad6970e0ac2d330aaa366a\npu_csa_reduce.$proc$/home/danieltyukov/workspace/personal/tt-ihp-int8-npu/src/npu_csa_reduce.sv:0$1838'.
Found and cleaned up 2 empty switches in `$paramod$29b69393125ca7ee80b32022bd2decdec691949f\npu_adder.$proc$/home/danieltyukov/workspace/personal/tt-ihp-int8-npu/src/npu_adder.sv:0$1837'.
Removing empty process `$paramod$29b69393125ca7ee80b32022bd2decdec691949f\npu_adder.$proc$/home/danieltyukov/workspace/personal/tt-ihp-int8-npu/src/npu_adder.sv:0$1837'.
Found and cleaned up 1 empty switch in `$paramod$27a8bd94657cc90e38f275422f31847ddfd4487e\npu_csa_reduce.$proc$/home/danieltyukov/workspace/personal/tt-ihp-int8-npu/src/npu_csa_reduce.sv:0$1734'.
Removing empty process `$paramod$27a8bd94657cc90e38f275422f31847ddfd4487e\npu_csa_reduce.$proc$/home/danieltyukov/workspace/personal/tt-ihp-int8-npu/src/npu_csa_reduce.sv:0$1734'.
Found and cleaned up 1 empty switch in `$paramod$17604f602797e3202e357decf915a5bc29aa0ca3\npu_csa_reduce.$proc$/home/danieltyukov/workspace/personal/tt-ihp-int8-npu/src/npu_csa_reduce.sv:0$1712'.
Removing empty process `$paramod$17604f602797e3202e357decf915a5bc29aa0ca3\npu_csa_reduce.$proc$/home/danieltyukov/workspace/personal/tt-ihp-int8-npu/src/npu_csa_reduce.sv:0$1712'.
Found and cleaned up 1 empty switch in `$paramod$67e98feaf73b54d35f9441170982b8d89b9a2316\npu_mult.$proc$/home/danieltyukov/workspace/personal/tt-ihp-int8-npu/src/npu_mult.sv:0$1704'.
Removing empty process `$paramod$67e98feaf73b54d35f9441170982b8d89b9a2316\npu_mult.$proc$/home/danieltyukov/workspace/personal/tt-ihp-int8-npu/src/npu_mult.sv:0$1704'.
Found and cleaned up 2 empty switches in `$paramod$249e2fefde2cea6485f1861c172b2e75dba89233\npu_adder.$proc$/home/danieltyukov/workspace/personal/tt-ihp-int8-npu/src/npu_adder.sv:0$1702'.
Removing empty process `$paramod$249e2fefde2cea6485f1861c172b2e75dba89233\npu_adder.$proc$/home/danieltyukov/workspace/personal/tt-ihp-int8-npu/src/npu_adder.sv:0$1702'.
Found and cleaned up 1 empty switch in `$paramod$67ba8969b455a9921a0ce9d05bfcb7563f4a488b\npu_pe.$proc$/home/danieltyukov/workspace/personal/tt-ihp-int8-npu/src/npu_pe.sv:0$1578'.
Removing empty process `$paramod$67ba8969b455a9921a0ce9d05bfcb7563f4a488b\npu_pe.$proc$/home/danieltyukov/workspace/personal/tt-ihp-int8-npu/src/npu_pe.sv:0$1578'.
Found and cleaned up 2 empty switches in `$paramod$00e50bd1d9329584e2110eb397cc8a22011310c9\npu_adder.$proc$/home/danieltyukov/workspace/personal/tt-ihp-int8-npu/src/npu_adder.sv:0$1574'.
Removing empty process `$paramod$00e50bd1d9329584e2110eb397cc8a22011310c9\npu_adder.$proc$/home/danieltyukov/workspace/personal/tt-ihp-int8-npu/src/npu_adder.sv:0$1574'.
Found and cleaned up 1 empty switch in `$paramod$c023b5faa9c785d07331b76839e06bd1ab774764\npu_csa_reduce.$proc$/home/danieltyukov/workspace/personal/tt-ihp-int8-npu/src/npu_csa_reduce.sv:0$1861'.
Removing empty process `$paramod$c023b5faa9c785d07331b76839e06bd1ab774764\npu_csa_reduce.$proc$/home/danieltyukov/workspace/personal/tt-ihp-int8-npu/src/npu_csa_reduce.sv:0$1861'.
Found and cleaned up 1 empty switch in `$paramod$1ed99f1253f88f2664ca886b8b7f7f8ea7f768dd\npu_pp_baugh_wooley.$proc$/home/danieltyukov/workspace/personal/tt-ihp-int8-npu/src/npu_pp_baugh_wooley.sv:0$1342'.
Removing empty process `$paramod$1ed99f1253f88f2664ca886b8b7f7f8ea7f768dd\npu_pp_baugh_wooley.$proc$/home/danieltyukov/workspace/personal/tt-ihp-int8-npu/src/npu_pp_baugh_wooley.sv:0$1342'.
Found and cleaned up 1 empty switch in `$paramod$2b1d745c338a0a6e50bcd9a4dc82bdf12badc2b0\npu_csa_reduce.$proc$/home/danieltyukov/workspace/personal/tt-ihp-int8-npu/src/npu_csa_reduce.sv:0$1853'.
Removing empty process `$paramod$2b1d745c338a0a6e50bcd9a4dc82bdf12badc2b0\npu_csa_reduce.$proc$/home/danieltyukov/workspace/personal/tt-ihp-int8-npu/src/npu_csa_reduce.sv:0$1853'.
Found and cleaned up 8 empty switches in `\npu_core.$proc$/home/danieltyukov/workspace/personal/tt-ihp-int8-npu/src/npu_core.sv:0$880'.
Removing empty process `npu_core.$proc$/home/danieltyukov/workspace/personal/tt-ihp-int8-npu/src/npu_core.sv:0$880'.
Found and cleaned up 2 empty switches in `$paramod$2d6c54a146b5c9bc63af6521ae2fae94a8696de1\npu_adder.$proc$/home/danieltyukov/workspace/personal/tt-ihp-int8-npu/src/npu_adder.sv:0$1258'.
Removing empty process `$paramod$2d6c54a146b5c9bc63af6521ae2fae94a8696de1\npu_adder.$proc$/home/danieltyukov/workspace/personal/tt-ihp-int8-npu/src/npu_adder.sv:0$1258'.
Found and cleaned up 4 empty switches in `$paramod$9762f17314fc00bcc8483d811536c717be533d3b\npu_requant.$proc$/home/danieltyukov/workspace/personal/tt-ihp-int8-npu/src/npu_requant.sv:0$1080'.
Removing empty process `$paramod$9762f17314fc00bcc8483d811536c717be533d3b\npu_requant.$proc$/home/danieltyukov/workspace/personal/tt-ihp-int8-npu/src/npu_requant.sv:0$1080'.
Cleaned up 31 empty switches.

16.2.2. Executing PROC_RMDEAD pass (remove dead branches from decision trees).
Marked 9 switch rules as full_case in process $proc$/home/danieltyukov/workspace/personal/tt-ihp-int8-npu/src/npu_host_if.sv:123$991 in module $paramod$a669845e71d033b9ed54d410c0832a058641c434\npu_host_if.
Marked 1 switch rules as full_case in process $proc$/home/danieltyukov/workspace/personal/tt-ihp-int8-npu/src/npu_pe.sv:84$1575 in module $paramod$67ba8969b455a9921a0ce9d05bfcb7563f4a488b\npu_pe.
Marked 2 switch rules as full_case in process $proc$/home/danieltyukov/workspace/personal/tt-ihp-int8-npu/src/npu_core.sv:263$590 in module npu_core.
Marked 6 switch rules as full_case in process $proc$/home/danieltyukov/workspace/personal/tt-ihp-int8-npu/src/npu_core.sv:415$612 in module npu_core.
Marked 1 switch rules as full_case in process $proc$/home/danieltyukov/workspace/personal/tt-ihp-int8-npu/src/npu_core.sv:0$628 in module npu_core.
Marked 1 switch rules as full_case in process $proc$/home/danieltyukov/workspace/personal/tt-ihp-int8-npu/src/npu_core.sv:0$629 in module npu_core.
Marked 2 switch rules as full_case in process $proc$/home/danieltyukov/workspace/personal/tt-ihp-int8-npu/src/npu_core.sv:330$704 in module npu_core.
Marked 2 switch rules as full_case in process $proc$/home/danieltyukov/workspace/personal/tt-ihp-int8-npu/src/npu_core.sv:330$710 in module npu_core.
Marked 2 switch rules as full_case in process $proc$/home/danieltyukov/workspace/personal/tt-ihp-int8-npu/src/npu_core.sv:330$716 in module npu_core.
Marked 2 switch rules as full_case in process $proc$/home/danieltyukov/workspace/personal/tt-ihp-int8-npu/src/npu_core.sv:330$722 in module npu_core.
Marked 2 switch rules as full_case in process $proc$/home/danieltyukov/workspace/personal/tt-ihp-int8-npu/src/npu_core.sv:330$728 in module npu_core.
Marked 2 switch rules as full_case in process $proc$/home/danieltyukov/workspace/personal/tt-ihp-int8-npu/src/npu_core.sv:330$734 in module npu_core.
Marked 2 switch rules as full_case in process $proc$/home/danieltyukov/workspace/personal/tt-ihp-int8-npu/src/npu_core.sv:330$751 in module npu_core.
Marked 2 switch rules as full_case in process $proc$/home/danieltyukov/workspace/personal/tt-ihp-int8-npu/src/npu_core.sv:330$757 in module npu_core.
Marked 2 switch rules as full_case in process $proc$/home/danieltyukov/workspace/personal/tt-ihp-int8-npu/src/npu_core.sv:330$763 in module npu_core.
Marked 2 switch rules as full_case in process $proc$/home/danieltyukov/workspace/personal/tt-ihp-int8-npu/src/npu_core.sv:330$769 in module npu_core.
Marked 2 switch rules as full_case in process $proc$/home/danieltyukov/workspace/personal/tt-ihp-int8-npu/src/npu_core.sv:330$775 in module npu_core.
Marked 2 switch rules as full_case in process $proc$/home/danieltyukov/workspace/personal/tt-ihp-int8-npu/src/npu_core.sv:330$781 in module npu_core.
Marked 2 switch rules as full_case in process $proc$/home/danieltyukov/workspace/personal/tt-ihp-int8-npu/src/npu_core.sv:396$790 in module npu_core.
Marked 2 switch rules as full_case in process $proc$/home/danieltyukov/workspace/personal/tt-ihp-int8-npu/src/npu_core.sv:396$798 in module npu_core.
Marked 2 switch rules as full_case in process $proc$/home/danieltyukov/workspace/personal/tt-ihp-int8-npu/src/npu_core.sv:396$806 in module npu_core.
Marked 2 switch rules as full_case in process $proc$/home/danieltyukov/workspace/personal/tt-ihp-int8-npu/src/npu_core.sv:396$814 in module npu_core.
Marked 2 switch rules as full_case in process $proc$/home/danieltyukov/workspace/personal/tt-ihp-int8-npu/src/npu_core.sv:396$822 in module npu_core.
Marked 2 switch rules as full_case in process $proc$/home/danieltyukov/workspace/personal/tt-ihp-int8-npu/src/npu_core.sv:396$830 in module npu_core.
Marked 2 switch rules as full_case in process $proc$/home/danieltyukov/workspace/personal/tt-ihp-int8-npu/src/npu_core.sv:396$838 in module npu_core.
Marked 2 switch rules as full_case in process $proc$/home/danieltyukov/workspace/personal/tt-ihp-int8-npu/src/npu_core.sv:396$846 in module npu_core.
Marked 2 switch rules as full_case in process $proc$/home/danieltyukov/workspace/personal/tt-ihp-int8-npu/src/npu_core.sv:396$854 in module npu_core.
Marked 2 switch rules as full_case in process $proc$/home/danieltyukov/workspace/personal/tt-ihp-int8-npu/src/npu_core.sv:396$862 in module npu_core.
Marked 2 switch rules as full_case in process $proc$/home/danieltyukov/workspace/personal/tt-ihp-int8-npu/src/npu_core.sv:396$870 in module npu_core.
Marked 2 switch rules as full_case in process $proc$/home/danieltyukov/workspace/personal/tt-ihp-int8-npu/src/npu_core.sv:396$878 in module npu_core.
Marked 2 switch rules as full_case in process $proc$/home/danieltyukov/workspace/personal/tt-ihp-int8-npu/src/npu_core.sv:173$585 in module npu_core.
Marked 3 switch rules as full_case in process $proc$/home/danieltyukov/workspace/personal/tt-ihp-int8-npu/src/npu_requant.sv:137$1060 in module $paramod$9762f17314fc00bcc8483d811536c717be533d3b\npu_requant.
Removed a total of 0 dead cases.

16.2.3. Executing PROC_PRUNE pass (remove redundant assignments in processes).
Removed 16 redundant assignments.
Promoted 8 assignments to connections.

16.2.4. Executing PROC_INIT pass (extract init attributes).

16.2.5. Executing PROC_ARST pass (detect async resets in processes).
Found async reset \rst_n in `$paramod$a669845e71d033b9ed54d410c0832a058641c434\npu_host_if.$proc$/home/danieltyukov/workspace/personal/tt-ihp-int8-npu/src/npu_host_if.sv:123$991'.
Found async reset \rst_n in `$paramod$67ba8969b455a9921a0ce9d05bfcb7563f4a488b\npu_pe.$proc$/home/danieltyukov/workspace/personal/tt-ihp-int8-npu/src/npu_pe.sv:84$1575'.
Found async reset \rst_n in `\npu_core.$proc$/home/danieltyukov/workspace/personal/tt-ihp-int8-npu/src/npu_core.sv:263$590'.
Found async reset \rst_n in `\npu_core.$proc$/home/danieltyukov/workspace/personal/tt-ihp-int8-npu/src/npu_core.sv:415$612'.
Found async reset \rst_n in `\npu_core.$proc$/home/danieltyukov/workspace/personal/tt-ihp-int8-npu/src/npu_core.sv:330$704'.
Found async reset \rst_n in `\npu_core.$proc$/home/danieltyukov/workspace/personal/tt-ihp-int8-npu/src/npu_core.sv:330$710'.
Found async reset \rst_n in `\npu_core.$proc$/home/danieltyukov/workspace/personal/tt-ihp-int8-npu/src/npu_core.sv:330$716'.
Found async reset \rst_n in `\npu_core.$proc$/home/danieltyukov/workspace/personal/tt-ihp-int8-npu/src/npu_core.sv:330$722'.
Found async reset \rst_n in `\npu_core.$proc$/home/danieltyukov/workspace/personal/tt-ihp-int8-npu/src/npu_core.sv:330$728'.
Found async reset \rst_n in `\npu_core.$proc$/home/danieltyukov/workspace/personal/tt-ihp-int8-npu/src/npu_core.sv:330$734'.
Found async reset \rst_n in `\npu_core.$proc$/home/danieltyukov/workspace/personal/tt-ihp-int8-npu/src/npu_core.sv:330$751'.
Found async reset \rst_n in `\npu_core.$proc$/home/danieltyukov/workspace/personal/tt-ihp-int8-npu/src/npu_core.sv:330$757'.
Found async reset \rst_n in `\npu_core.$proc$/home/danieltyukov/workspace/personal/tt-ihp-int8-npu/src/npu_core.sv:330$763'.
Found async reset \rst_n in `\npu_core.$proc$/home/danieltyukov/workspace/personal/tt-ihp-int8-npu/src/npu_core.sv:330$769'.
Found async reset \rst_n in `\npu_core.$proc$/home/danieltyukov/workspace/personal/tt-ihp-int8-npu/src/npu_core.sv:330$775'.
Found async reset \rst_n in `\npu_core.$proc$/home/danieltyukov/workspace/personal/tt-ihp-int8-npu/src/npu_core.sv:330$781'.
Found async reset \rst_n in `\npu_core.$proc$/home/danieltyukov/workspace/personal/tt-ihp-int8-npu/src/npu_core.sv:396$790'.
Found async reset \rst_n in `\npu_core.$proc$/home/danieltyukov/workspace/personal/tt-ihp-int8-npu/src/npu_core.sv:396$798'.
Found async reset \rst_n in `\npu_core.$proc$/home/danieltyukov/workspace/personal/tt-ihp-int8-npu/src/npu_core.sv:396$806'.
Found async reset \rst_n in `\npu_core.$proc$/home/danieltyukov/workspace/personal/tt-ihp-int8-npu/src/npu_core.sv:396$814'.
Found async reset \rst_n in `\npu_core.$proc$/home/danieltyukov/workspace/personal/tt-ihp-int8-npu/src/npu_core.sv:396$822'.
Found async reset \rst_n in `\npu_core.$proc$/home/danieltyukov/workspace/personal/tt-ihp-int8-npu/src/npu_core.sv:396$830'.
Found async reset \rst_n in `\npu_core.$proc$/home/danieltyukov/workspace/personal/tt-ihp-int8-npu/src/npu_core.sv:396$838'.
Found async reset \rst_n in `\npu_core.$proc$/home/danieltyukov/workspace/personal/tt-ihp-int8-npu/src/npu_core.sv:396$846'.
Found async reset \rst_n in `\npu_core.$proc$/home/danieltyukov/workspace/personal/tt-ihp-int8-npu/src/npu_core.sv:396$854'.
Found async reset \rst_n in `\npu_core.$proc$/home/danieltyukov/workspace/personal/tt-ihp-int8-npu/src/npu_core.sv:396$862'.
Found async reset \rst_n in `\npu_core.$proc$/home/danieltyukov/workspace/personal/tt-ihp-int8-npu/src/npu_core.sv:396$870'.
Found async reset \rst_n in `\npu_core.$proc$/home/danieltyukov/workspace/personal/tt-ihp-int8-npu/src/npu_core.sv:396$878'.
Found async reset \rst_n in `\npu_core.$proc$/home/danieltyukov/workspace/personal/tt-ihp-int8-npu/src/npu_core.sv:173$585'.
Found async reset \rst_n in `$paramod$9762f17314fc00bcc8483d811536c717be533d3b\npu_requant.$proc$/home/danieltyukov/workspace/personal/tt-ihp-int8-npu/src/npu_requant.sv:137$1060'.

16.2.6. Executing PROC_ROM pass (convert switches to ROMs).
Converted 1 switch.
<suppressed ~88 debug messages>

16.2.7. Executing PROC_MUX pass (convert decision trees to multiplexers).
Creating decoders for process `$paramod$a669845e71d033b9ed54d410c0832a058641c434\npu_host_if.$proc$/home/danieltyukov/workspace/personal/tt-ihp-int8-npu/src/npu_host_if.sv:123$991'.
     1/42: $5\payload_len$func$/home/danieltyukov/workspace/personal/tt-ihp-int8-npu/src/npu_host_if.sv:193$990.$result[7:0]$1029
     2/42: $4\payload_len$func$/home/danieltyukov/workspace/personal/tt-ihp-int8-npu/src/npu_host_if.sv:193$990.$result[7:0]$1028
     3/42: $4\payload_len$func$/home/danieltyukov/workspace/personal/tt-ihp-int8-npu/src/npu_host_if.sv:193$990.o[3:0]$1027
     4/42: $4\known_op$func$/home/danieltyukov/workspace/personal/tt-ihp-int8-npu/src/npu_host_if.sv:167$989.$result[0:0]$1023
     5/42: $4\payload_len$func$/home/danieltyukov/workspace/personal/tt-ihp-int8-npu/src/npu_host_if.sv:163$988.$result[7:0]$1019
     6/42: $3\known_op$func$/home/danieltyukov/workspace/personal/tt-ihp-int8-npu/src/npu_host_if.sv:167$989.$result[0:0]$1016
     7/42: $3\known_op$func$/home/danieltyukov/workspace/personal/tt-ihp-int8-npu/src/npu_host_if.sv:167$989.o[3:0]$1015
     8/42: $3\payload_len$func$/home/danieltyukov/workspace/personal/tt-ihp-int8-npu/src/npu_host_if.sv:163$988.$result[7:0]$1018
     9/42: $3\payload_len$func$/home/danieltyukov/workspace/personal/tt-ihp-int8-npu/src/npu_host_if.sv:163$988.o[3:0]$1017
    10/42: $3\payload_len$func$/home/danieltyukov/workspace/personal/tt-ihp-int8-npu/src/npu_host_if.sv:193$990.$result[7:0]$1014
    11/42: $3\payload_len$func$/home/danieltyukov/workspace/personal/tt-ihp-int8-npu/src/npu_host_if.sv:193$990.o[3:0]$1013
    12/42: $2\payload_len$func$/home/danieltyukov/workspace/personal/tt-ihp-int8-npu/src/npu_host_if.sv:163$988.$result[7:0]$1011
    13/42: $2\payload_len$func$/home/danieltyukov/workspace/personal/tt-ihp-int8-npu/src/npu_host_if.sv:163$988.o[3:0]$1010
    14/42: $2\known_op$func$/home/danieltyukov/workspace/personal/tt-ihp-int8-npu/src/npu_host_if.sv:167$989.$result[0:0]$1009
    15/42: $2\known_op$func$/home/danieltyukov/workspace/personal/tt-ihp-int8-npu/src/npu_host_if.sv:167$989.o[3:0]$1008
    16/42: $2\payload_len$func$/home/danieltyukov/workspace/personal/tt-ihp-int8-npu/src/npu_host_if.sv:193$990.$result[7:0]$1007
    17/42: $2\payload_len$func$/home/danieltyukov/workspace/personal/tt-ihp-int8-npu/src/npu_host_if.sv:193$990.o[3:0]$1006
    18/42: $1\payload_len$func$/home/danieltyukov/workspace/personal/tt-ihp-int8-npu/src/npu_host_if.sv:163$988.$result[7:0]$1004
    19/42: $1\payload_len$func$/home/danieltyukov/workspace/personal/tt-ihp-int8-npu/src/npu_host_if.sv:163$988.o[3:0]$1003
    20/42: $1\known_op$func$/home/danieltyukov/workspace/personal/tt-ihp-int8-npu/src/npu_host_if.sv:167$989.$result[0:0]$1002
    21/42: $1\known_op$func$/home/danieltyukov/workspace/personal/tt-ihp-int8-npu/src/npu_host_if.sv:167$989.o[3:0]$1001
    22/42: $1\payload_len$func$/home/danieltyukov/workspace/personal/tt-ihp-int8-npu/src/npu_host_if.sv:193$990.$result[7:0]$1000
    23/42: $1\payload_len$func$/home/danieltyukov/workspace/personal/tt-ihp-int8-npu/src/npu_host_if.sv:193$990.o[3:0]$999
    24/42: $0\err_set[0:0]
    25/42: $0\soft_rst[0:0]
    26/42: $0\clr_flags[0:0]
    27/42: $0\run[0:0]
    28/42: $0\wr_cfg[0:0]
    29/42: $0\wr_post[0:0]
    30/42: $0\wr_quant[0:0]
    31/42: $0\wr_bias[0:0]
    32/42: $0\wr_act[0:0]
    33/42: $0\wr_w[0:0]
    34/42: $0\pcount[7:0]
    35/42: $0\op[3:0]
    36/42: $0\err_code[1:0]
    37/42: $0\run_req[0:0]
    38/42: $0\run_acc[0:0]
    39/42: $0\byte_out[7:0]
    40/42: $0\rd_ptr[5:0]
    41/42: $0\rd_src[1:0]
    42/42: $0\post_idx[1:0]
Creating decoders for process `$paramod$67ba8969b455a9921a0ce9d05bfcb7563f4a488b\npu_pe.$proc$/home/danieltyukov/workspace/personal/tt-ihp-int8-npu/src/npu_pe.sv:84$1575'.
     1/3: $0\psum_reg[18:0]
     2/3: $0\a_reg[7:0]
     3/3: $0\w_reg[7:0]
Creating decoders for process `\npu_core.$proc$/home/danieltyukov/workspace/personal/tt-ihp-int8-npu/src/npu_core.sv:263$590'.
     1/3: $0\ipipe[17:0]
     2/3: $0\vpipe[5:0]
     3/3: $0\inj_idx[2:0]
Creating decoders for process `\npu_core.$proc$/home/danieltyukov/workspace/personal/tt-ihp-int8-npu/src/npu_core.sv:415$612'.
     1/12: $0\req_start[0:0]
     2/12: $0\err_code_reg[1:0]
     3/12: $0\ovf_reg[0:0]
     4/12: $0\sat_reg[0:0]
     5/12: $0\err_reg[0:0]
     6/12: $0\done_reg[0:0]
     7/12: $0\req_c[0:0]
     8/12: $0\req_s[2:0]
     9/12: $0\do_req[0:0]
    10/12: $0\acc_first[0:0]
    11/12: $0\cyc[3:0]
    12/12: $0\state[1:0]
Creating decoders for process `\npu_core.$proc$/home/danieltyukov/workspace/personal/tt-ihp-int8-npu/src/npu_core.sv:0$628'.
     1/1: $1\id_byte[7:0]
Creating decoders for process `\npu_core.$proc$/home/danieltyukov/workspace/personal/tt-ihp-int8-npu/src/npu_core.sv:0$629'.
     1/1: $1\rb[7:0]
Creating decoders for process `\npu_core.$proc$/home/danieltyukov/workspace/personal/tt-ihp-int8-npu/src/npu_core.sv:330$704'.
     1/1: $0\g_bank[0].g_ent[0].q[23:0]
Creating decoders for process `\npu_core.$proc$/home/danieltyukov/workspace/personal/tt-ihp-int8-npu/src/npu_core.sv:330$710'.
     1/1: $0\g_bank[0].g_ent[1].q[23:0]
Creating decoders for process `\npu_core.$proc$/home/danieltyukov/workspace/personal/tt-ihp-int8-npu/src/npu_core.sv:330$716'.
     1/1: $0\g_bank[0].g_ent[2].q[23:0]
Creating decoders for process `\npu_core.$proc$/home/danieltyukov/workspace/personal/tt-ihp-int8-npu/src/npu_core.sv:330$722'.
     1/1: $0\g_bank[0].g_ent[3].q[23:0]
Creating decoders for process `\npu_core.$proc$/home/danieltyukov/workspace/personal/tt-ihp-int8-npu/src/npu_core.sv:330$728'.
     1/1: $0\g_bank[0].g_ent[4].q[23:0]
Creating decoders for process `\npu_core.$proc$/home/danieltyukov/workspace/personal/tt-ihp-int8-npu/src/npu_core.sv:330$734'.
     1/1: $0\g_bank[0].g_ent[5].q[23:0]
Creating decoders for process `\npu_core.$proc$/home/danieltyukov/workspace/personal/tt-ihp-int8-npu/src/npu_core.sv:330$751'.
     1/1: $0\g_bank[1].g_ent[0].q[23:0]
Creating decoders for process `\npu_core.$proc$/home/danieltyukov/workspace/personal/tt-ihp-int8-npu/src/npu_core.sv:330$757'.
     1/1: $0\g_bank[1].g_ent[1].q[23:0]
Creating decoders for process `\npu_core.$proc$/home/danieltyukov/workspace/personal/tt-ihp-int8-npu/src/npu_core.sv:330$763'.
     1/1: $0\g_bank[1].g_ent[2].q[23:0]
Creating decoders for process `\npu_core.$proc$/home/danieltyukov/workspace/personal/tt-ihp-int8-npu/src/npu_core.sv:330$769'.
     1/1: $0\g_bank[1].g_ent[3].q[23:0]
Creating decoders for process `\npu_core.$proc$/home/danieltyukov/workspace/personal/tt-ihp-int8-npu/src/npu_core.sv:330$775'.
     1/1: $0\g_bank[1].g_ent[4].q[23:0]
Creating decoders for process `\npu_core.$proc$/home/danieltyukov/workspace/personal/tt-ihp-int8-npu/src/npu_core.sv:330$781'.
     1/1: $0\g_bank[1].g_ent[5].q[23:0]
Creating decoders for process `\npu_core.$proc$/home/danieltyukov/workspace/personal/tt-ihp-int8-npu/src/npu_core.sv:396$790'.
     1/1: $0\g_res[0].q[7:0]
Creating decoders for process `\npu_core.$proc$/home/danieltyukov/workspace/personal/tt-ihp-int8-npu/src/npu_core.sv:396$798'.
     1/1: $0\g_res[1].q[7:0]
Creating decoders for process `\npu_core.$proc$/home/danieltyukov/workspace/personal/tt-ihp-int8-npu/src/npu_core.sv:396$806'.
     1/1: $0\g_res[2].q[7:0]
Creating decoders for process `\npu_core.$proc$/home/danieltyukov/workspace/personal/tt-ihp-int8-npu/src/npu_core.sv:396$814'.
     1/1: $0\g_res[3].q[7:0]
Creating decoders for process `\npu_core.$proc$/home/danieltyukov/workspace/personal/tt-ihp-int8-npu/src/npu_core.sv:396$822'.
     1/1: $0\g_res[4].q[7:0]
Creating decoders for process `\npu_core.$proc$/home/danieltyukov/workspace/personal/tt-ihp-int8-npu/src/npu_core.sv:396$830'.
     1/1: $0\g_res[5].q[7:0]
Creating decoders for process `\npu_core.$proc$/home/danieltyukov/workspace/personal/tt-ihp-int8-npu/src/npu_core.sv:396$838'.
     1/1: $0\g_res[6].q[7:0]
Creating decoders for process `\npu_core.$proc$/home/danieltyukov/workspace/personal/tt-ihp-int8-npu/src/npu_core.sv:396$846'.
     1/1: $0\g_res[7].q[7:0]
Creating decoders for process `\npu_core.$proc$/home/danieltyukov/workspace/personal/tt-ihp-int8-npu/src/npu_core.sv:396$854'.
     1/1: $0\g_res[8].q[7:0]
Creating decoders for process `\npu_core.$proc$/home/danieltyukov/workspace/personal/tt-ihp-int8-npu/src/npu_core.sv:396$862'.
     1/1: $0\g_res[9].q[7:0]
Creating decoders for process `\npu_core.$proc$/home/danieltyukov/workspace/personal/tt-ihp-int8-npu/src/npu_core.sv:396$870'.
     1/1: $0\g_res[10].q[7:0]
Creating decoders for process `\npu_core.$proc$/home/danieltyukov/workspace/personal/tt-ihp-int8-npu/src/npu_core.sv:396$878'.
     1/1: $0\g_res[11].q[7:0]
Creating decoders for process `\npu_core.$proc$/home/danieltyukov/workspace/personal/tt-ihp-int8-npu/src/npu_core.sv:173$585'.
     1/9: $0\s_cnt_m1[2:0]
     2/9: $0\leaky_k_reg[2:0]
     3/9: $0\act_sel_reg[1:0]
     4/9: $0\clamp_hi_reg[7:0]
     5/9: $0\clamp_lo_reg[7:0]
     6/9: $0\zp_reg[7:0]
     7/9: $0\quant_buf[47:0]
     8/9: $0\bias_buf[47:0]
     9/9: $0\act_buf[191:0]
Creating decoders for process `$paramod$9762f17314fc00bcc8483d811536c717be533d3b\npu_requant.$proc$/home/danieltyukov/workspace/personal/tt-ihp-int8-npu/src/npu_requant.sv:137$1060'.
     1/9: $0\done[0:0]
     2/9: $0\sbit[0:0]
     3/9: $0\rbit[0:0]
     4/9: $0\shcnt[5:0]
     5/9: $0\digcnt[3:0]
     6/9: $0\pr[44:0]
     7/9: $0\sat_out[0:0]
     8/9: $0\q_out[7:0]
     9/9: $0\state[1:0]

16.2.8. Executing PROC_DLATCH pass (convert process syncs to latches).
No latch inferred for signal `\npu_core.\id_byte' from process `\npu_core.$proc$/home/danieltyukov/workspace/personal/tt-ihp-int8-npu/src/npu_core.sv:0$628'.
No latch inferred for signal `\npu_core.\rb' from process `\npu_core.$proc$/home/danieltyukov/workspace/personal/tt-ihp-int8-npu/src/npu_core.sv:0$629'.

16.2.9. Executing PROC_DFF pass (convert process syncs to FFs).
Creating register for signal `$paramod$a669845e71d033b9ed54d410c0832a058641c434\npu_host_if.\wr_w' using process `$paramod$a669845e71d033b9ed54d410c0832a058641c434\npu_host_if.$proc$/home/danieltyukov/workspace/personal/tt-ihp-int8-npu/src/npu_host_if.sv:123$991'.
  created $adff cell `$procdff$2658' with positive edge clock and negative level reset.
Creating register for signal `$paramod$a669845e71d033b9ed54d410c0832a058641c434\npu_host_if.\wr_act' using process `$paramod$a669845e71d033b9ed54d410c0832a058641c434\npu_host_if.$proc$/home/danieltyukov/workspace/personal/tt-ihp-int8-npu/src/npu_host_if.sv:123$991'.
  created $adff cell `$procdff$2659' with positive edge clock and negative level reset.
Creating register for signal `$paramod$a669845e71d033b9ed54d410c0832a058641c434\npu_host_if.\wr_bias' using process `$paramod$a669845e71d033b9ed54d410c0832a058641c434\npu_host_if.$proc$/home/danieltyukov/workspace/personal/tt-ihp-int8-npu/src/npu_host_if.sv:123$991'.
  created $adff cell `$procdff$2660' with positive edge clock and negative level reset.
Creating register for signal `$paramod$a669845e71d033b9ed54d410c0832a058641c434\npu_host_if.\wr_quant' using process `$paramod$a669845e71d033b9ed54d410c0832a058641c434\npu_host_if.$proc$/home/danieltyukov/workspace/personal/tt-ihp-int8-npu/src/npu_host_if.sv:123$991'.
  created $adff cell `$procdff$2661' with positive edge clock and negative level reset.
Creating register for signal `$paramod$a669845e71d033b9ed54d410c0832a058641c434\npu_host_if.\wr_post' using process `$paramod$a669845e71d033b9ed54d410c0832a058641c434\npu_host_if.$proc$/home/danieltyukov/workspace/personal/tt-ihp-int8-npu/src/npu_host_if.sv:123$991'.
  created $adff cell `$procdff$2662' with positive edge clock and negative level reset.
Creating register for signal `$paramod$a669845e71d033b9ed54d410c0832a058641c434\npu_host_if.\wr_cfg' using process `$paramod$a669845e71d033b9ed54d410c0832a058641c434\npu_host_if.$proc$/home/danieltyukov/workspace/personal/tt-ihp-int8-npu/src/npu_host_if.sv:123$991'.
  created $adff cell `$procdff$2663' with positive edge clock and negative level reset.
Creating register for signal `$paramod$a669845e71d033b9ed54d410c0832a058641c434\npu_host_if.\post_idx' using process `$paramod$a669845e71d033b9ed54d410c0832a058641c434\npu_host_if.$proc$/home/danieltyukov/workspace/personal/tt-ihp-int8-npu/src/npu_host_if.sv:123$991'.
  created $adff cell `$procdff$2664' with positive edge clock and negative level reset.
Creating register for signal `$paramod$a669845e71d033b9ed54d410c0832a058641c434\npu_host_if.\clr_flags' using process `$paramod$a669845e71d033b9ed54d410c0832a058641c434\npu_host_if.$proc$/home/danieltyukov/workspace/personal/tt-ihp-int8-npu/src/npu_host_if.sv:123$991'.
  created $adff cell `$procdff$2665' with positive edge clock and negative level reset.
Creating register for signal `$paramod$a669845e71d033b9ed54d410c0832a058641c434\npu_host_if.\soft_rst' using process `$paramod$a669845e71d033b9ed54d410c0832a058641c434\npu_host_if.$proc$/home/danieltyukov/workspace/personal/tt-ihp-int8-npu/src/npu_host_if.sv:123$991'.
  created $adff cell `$procdff$2666' with positive edge clock and negative level reset.
Creating register for signal `$paramod$a669845e71d033b9ed54d410c0832a058641c434\npu_host_if.\rd_src' using process `$paramod$a669845e71d033b9ed54d410c0832a058641c434\npu_host_if.$proc$/home/danieltyukov/workspace/personal/tt-ihp-int8-npu/src/npu_host_if.sv:123$991'.
  created $adff cell `$procdff$2667' with positive edge clock and negative level reset.
Creating register for signal `$paramod$a669845e71d033b9ed54d410c0832a058641c434\npu_host_if.\rd_ptr' using process `$paramod$a669845e71d033b9ed54d410c0832a058641c434\npu_host_if.$proc$/home/danieltyukov/workspace/personal/tt-ihp-int8-npu/src/npu_host_if.sv:123$991'.
  created $adff cell `$procdff$2668' with positive edge clock and negative level reset.
Creating register for signal `$paramod$a669845e71d033b9ed54d410c0832a058641c434\npu_host_if.\err_set' using process `$paramod$a669845e71d033b9ed54d410c0832a058641c434\npu_host_if.$proc$/home/danieltyukov/workspace/personal/tt-ihp-int8-npu/src/npu_host_if.sv:123$991'.
  created $adff cell `$procdff$2669' with positive edge clock and negative level reset.
Creating register for signal `$paramod$a669845e71d033b9ed54d410c0832a058641c434\npu_host_if.\byte_out' using process `$paramod$a669845e71d033b9ed54d410c0832a058641c434\npu_host_if.$proc$/home/danieltyukov/workspace/personal/tt-ihp-int8-npu/src/npu_host_if.sv:123$991'.
  created $adff cell `$procdff$2670' with positive edge clock and negative level reset.
Creating register for signal `$paramod$a669845e71d033b9ed54d410c0832a058641c434\npu_host_if.\run' using process `$paramod$a669845e71d033b9ed54d410c0832a058641c434\npu_host_if.$proc$/home/danieltyukov/workspace/personal/tt-ihp-int8-npu/src/npu_host_if.sv:123$991'.
  created $adff cell `$procdff$2671' with positive edge clock and negative level reset.
Creating register for signal `$paramod$a669845e71d033b9ed54d410c0832a058641c434\npu_host_if.\run_acc' using process `$paramod$a669845e71d033b9ed54d410c0832a058641c434\npu_host_if.$proc$/home/danieltyukov/workspace/personal/tt-ihp-int8-npu/src/npu_host_if.sv:123$991'.
  created $adff cell `$procdff$2672' with positive edge clock and negative level reset.
Creating register for signal `$paramod$a669845e71d033b9ed54d410c0832a058641c434\npu_host_if.\run_req' using process `$paramod$a669845e71d033b9ed54d410c0832a058641c434\npu_host_if.$proc$/home/danieltyukov/workspace/personal/tt-ihp-int8-npu/src/npu_host_if.sv:123$991'.
  created $adff cell `$procdff$2673' with positive edge clock and negative level reset.
Creating register for signal `$paramod$a669845e71d033b9ed54d410c0832a058641c434\npu_host_if.\err_code' using process `$paramod$a669845e71d033b9ed54d410c0832a058641c434\npu_host_if.$proc$/home/danieltyukov/workspace/personal/tt-ihp-int8-npu/src/npu_host_if.sv:123$991'.
  created $adff cell `$procdff$2674' with positive edge clock and negative level reset.
Creating register for signal `$paramod$a669845e71d033b9ed54d410c0832a058641c434\npu_host_if.\payload_len$func$/home/danieltyukov/workspace/personal/tt-ihp-int8-npu/src/npu_host_if.sv:193$990.o' using process `$paramod$a669845e71d033b9ed54d410c0832a058641c434\npu_host_if.$proc$/home/danieltyukov/workspace/personal/tt-ihp-int8-npu/src/npu_host_if.sv:123$991'.
  created $adff cell `$procdff$2675' with positive edge clock and negative level reset.
Creating register for signal `$paramod$a669845e71d033b9ed54d410c0832a058641c434\npu_host_if.\payload_len$func$/home/danieltyukov/workspace/personal/tt-ihp-int8-npu/src/npu_host_if.sv:193$990.$result' using process `$paramod$a669845e71d033b9ed54d410c0832a058641c434\npu_host_if.$proc$/home/danieltyukov/workspace/personal/tt-ihp-int8-npu/src/npu_host_if.sv:123$991'.
  created $adff cell `$procdff$2676' with positive edge clock and negative level reset.
Creating register for signal `$paramod$a669845e71d033b9ed54d410c0832a058641c434\npu_host_if.\known_op$func$/home/danieltyukov/workspace/personal/tt-ihp-int8-npu/src/npu_host_if.sv:167$989.o' using process `$paramod$a669845e71d033b9ed54d410c0832a058641c434\npu_host_if.$proc$/home/danieltyukov/workspace/personal/tt-ihp-int8-npu/src/npu_host_if.sv:123$991'.
  created $adff cell `$procdff$2677' with positive edge clock and negative level reset.
Creating register for signal `$paramod$a669845e71d033b9ed54d410c0832a058641c434\npu_host_if.\known_op$func$/home/danieltyukov/workspace/personal/tt-ihp-int8-npu/src/npu_host_if.sv:167$989.$result' using process `$paramod$a669845e71d033b9ed54d410c0832a058641c434\npu_host_if.$proc$/home/danieltyukov/workspace/personal/tt-ihp-int8-npu/src/npu_host_if.sv:123$991'.
  created $adff cell `$procdff$2678' with positive edge clock and negative level reset.
Creating register for signal `$paramod$a669845e71d033b9ed54d410c0832a058641c434\npu_host_if.\payload_len$func$/home/danieltyukov/workspace/personal/tt-ihp-int8-npu/src/npu_host_if.sv:163$988.o' using process `$paramod$a669845e71d033b9ed54d410c0832a058641c434\npu_host_if.$proc$/home/danieltyukov/workspace/personal/tt-ihp-int8-npu/src/npu_host_if.sv:123$991'.
  created $adff cell `$procdff$2679' with positive edge clock and negative level reset.
Creating register for signal `$paramod$a669845e71d033b9ed54d410c0832a058641c434\npu_host_if.\payload_len$func$/home/danieltyukov/workspace/personal/tt-ihp-int8-npu/src/npu_host_if.sv:163$988.$result' using process `$paramod$a669845e71d033b9ed54d410c0832a058641c434\npu_host_if.$proc$/home/danieltyukov/workspace/personal/tt-ihp-int8-npu/src/npu_host_if.sv:123$991'.
  created $adff cell `$procdff$2680' with positive edge clock and negative level reset.
Creating register for signal `$paramod$a669845e71d033b9ed54d410c0832a058641c434\npu_host_if.\op' using process `$paramod$a669845e71d033b9ed54d410c0832a058641c434\npu_host_if.$proc$/home/danieltyukov/workspace/personal/tt-ihp-int8-npu/src/npu_host_if.sv:123$991'.
  created $adff cell `$procdff$2681' with positive edge clock and negative level reset.
Creating register for signal `$paramod$a669845e71d033b9ed54d410c0832a058641c434\npu_host_if.\pcount' using process `$paramod$a669845e71d033b9ed54d410c0832a058641c434\npu_host_if.$proc$/home/danieltyukov/workspace/personal/tt-ihp-int8-npu/src/npu_host_if.sv:123$991'.
  created $adff cell `$procdff$2682' with positive edge clock and negative level reset.
Creating register for signal `$paramod$67ba8969b455a9921a0ce9d05bfcb7563f4a488b\npu_pe.\w_reg' using process `$paramod$67ba8969b455a9921a0ce9d05bfcb7563f4a488b\npu_pe.$proc$/home/danieltyukov/workspace/personal/tt-ihp-int8-npu/src/npu_pe.sv:84$1575'.
  created $adff cell `$procdff$2683' with positive edge clock and negative level reset.
Creating register for signal `$paramod$67ba8969b455a9921a0ce9d05bfcb7563f4a488b\npu_pe.\a_reg' using process `$paramod$67ba8969b455a9921a0ce9d05bfcb7563f4a488b\npu_pe.$proc$/home/danieltyukov/workspace/personal/tt-ihp-int8-npu/src/npu_pe.sv:84$1575'.
  created $adff cell `$procdff$2684' with positive edge clock and negative level reset.
Creating register for signal `$paramod$67ba8969b455a9921a0ce9d05bfcb7563f4a488b\npu_pe.\psum_reg' using process `$paramod$67ba8969b455a9921a0ce9d05bfcb7563f4a488b\npu_pe.$proc$/home/danieltyukov/workspace/personal/tt-ihp-int8-npu/src/npu_pe.sv:84$1575'.
  created $adff cell `$procdff$2685' with positive edge clock and negative level reset.
Creating register for signal `\npu_core.\vpipe' using process `\npu_core.$proc$/home/danieltyukov/workspace/personal/tt-ihp-int8-npu/src/npu_core.sv:263$590'.
  created $adff cell `$procdff$2686' with positive edge clock and negative level reset.
Creating register for signal `\npu_core.\ipipe' using process `\npu_core.$proc$/home/danieltyukov/workspace/personal/tt-ihp-int8-npu/src/npu_core.sv:263$590'.
  created $adff cell `$procdff$2687' with positive edge clock and negative level reset.
Creating register for signal `\npu_core.\inj_idx' using process `\npu_core.$proc$/home/danieltyukov/workspace/personal/tt-ihp-int8-npu/src/npu_core.sv:263$590'.
  created $adff cell `$procdff$2688' with positive edge clock and negative level reset.
Creating register for signal `\npu_core.\state' using process `\npu_core.$proc$/home/danieltyukov/workspace/personal/tt-ihp-int8-npu/src/npu_core.sv:415$612'.
  created $adff cell `$procdff$2689' with positive edge clock and negative level reset.
Creating register for signal `\npu_core.\cyc' using process `\npu_core.$proc$/home/danieltyukov/workspace/personal/tt-ihp-int8-npu/src/npu_core.sv:415$612'.
  created $adff cell `$procdff$2690' with positive edge clock and negative level reset.
Creating register for signal `\npu_core.\acc_first' using process `\npu_core.$proc$/home/danieltyukov/workspace/personal/tt-ihp-int8-npu/src/npu_core.sv:415$612'.
  created $adff cell `$procdff$2691' with positive edge clock and negative level reset.
Creating register for signal `\npu_core.\do_req' using process `\npu_core.$proc$/home/danieltyukov/workspace/personal/tt-ihp-int8-npu/src/npu_core.sv:415$612'.
  created $adff cell `$procdff$2692' with positive edge clock and negative level reset.
Creating register for signal `\npu_core.\req_s' using process `\npu_core.$proc$/home/danieltyukov/workspace/personal/tt-ihp-int8-npu/src/npu_core.sv:415$612'.
  created $adff cell `$procdff$2693' with positive edge clock and negative level reset.
Creating register for signal `\npu_core.\req_c' using process `\npu_core.$proc$/home/danieltyukov/workspace/personal/tt-ihp-int8-npu/src/npu_core.sv:415$612'.
  created $adff cell `$procdff$2694' with positive edge clock and negative level reset.
Creating register for signal `\npu_core.\req_start' using process `\npu_core.$proc$/home/danieltyukov/workspace/personal/tt-ihp-int8-npu/src/npu_core.sv:415$612'.
  created $adff cell `$procdff$2695' with positive edge clock and negative level reset.
Creating register for signal `\npu_core.\done_reg' using process `\npu_core.$proc$/home/danieltyukov/workspace/personal/tt-ihp-int8-npu/src/npu_core.sv:415$612'.
  created $adff cell `$procdff$2696' with positive edge clock and negative level reset.
Creating register for signal `\npu_core.\err_reg' using process `\npu_core.$proc$/home/danieltyukov/workspace/personal/tt-ihp-int8-npu/src/npu_core.sv:415$612'.
  created $adff cell `$procdff$2697' with positive edge clock and negative level reset.
Creating register for signal `\npu_core.\sat_reg' using process `\npu_core.$proc$/home/danieltyukov/workspace/personal/tt-ihp-int8-npu/src/npu_core.sv:415$612'.
  created $adff cell `$procdff$2698' with positive edge clock and negative level reset.
Creating register for signal `\npu_core.\ovf_reg' using process `\npu_core.$proc$/home/danieltyukov/workspace/personal/tt-ihp-int8-npu/src/npu_core.sv:415$612'.
  created $adff cell `$procdff$2699' with positive edge clock and negative level reset.
Creating register for signal `\npu_core.\err_code_reg' using process `\npu_core.$proc$/home/danieltyukov/workspace/personal/tt-ihp-int8-npu/src/npu_core.sv:415$612'.
  created $adff cell `$procdff$2700' with positive edge clock and negative level reset.
Creating register for signal `\npu_core.\g_bank[0].g_ent[0].q' using process `\npu_core.$proc$/home/danieltyukov/workspace/personal/tt-ihp-int8-npu/src/npu_core.sv:330$704'.
  created $adff cell `$procdff$2701' with positive edge clock and negative level reset.
Creating register for signal `\npu_core.\g_bank[0].g_ent[1].q' using process `\npu_core.$proc$/home/danieltyukov/workspace/personal/tt-ihp-int8-npu/src/npu_core.sv:330$710'.
  created $adff cell `$procdff$2702' with positive edge clock and negative level reset.
Creating register for signal `\npu_core.\g_bank[0].g_ent[2].q' using process `\npu_core.$proc$/home/danieltyukov/workspace/personal/tt-ihp-int8-npu/src/npu_core.sv:330$716'.
  created $adff cell `$procdff$2703' with positive edge clock and negative level reset.
Creating register for signal `\npu_core.\g_bank[0].g_ent[3].q' using process `\npu_core.$proc$/home/danieltyukov/workspace/personal/tt-ihp-int8-npu/src/npu_core.sv:330$722'.
  created $adff cell `$procdff$2704' with positive edge clock and negative level reset.
Creating register for signal `\npu_core.\g_bank[0].g_ent[4].q' using process `\npu_core.$proc$/home/danieltyukov/workspace/personal/tt-ihp-int8-npu/src/npu_core.sv:330$728'.
  created $adff cell `$procdff$2705' with positive edge clock and negative level reset.
Creating register for signal `\npu_core.\g_bank[0].g_ent[5].q' using process `\npu_core.$proc$/home/danieltyukov/workspace/personal/tt-ihp-int8-npu/src/npu_core.sv:330$734'.
  created $adff cell `$procdff$2706' with positive edge clock and negative level reset.
Creating register for signal `\npu_core.\g_bank[1].g_ent[0].q' using process `\npu_core.$proc$/home/danieltyukov/workspace/personal/tt-ihp-int8-npu/src/npu_core.sv:330$751'.
  created $adff cell `$procdff$2707' with positive edge clock and negative level reset.
Creating register for signal `\npu_core.\g_bank[1].g_ent[1].q' using process `\npu_core.$proc$/home/danieltyukov/workspace/personal/tt-ihp-int8-npu/src/npu_core.sv:330$757'.
  created $adff cell `$procdff$2708' with positive edge clock and negative level reset.
Creating register for signal `\npu_core.\g_bank[1].g_ent[2].q' using process `\npu_core.$proc$/home/danieltyukov/workspace/personal/tt-ihp-int8-npu/src/npu_core.sv:330$763'.
  created $adff cell `$procdff$2709' with positive edge clock and negative level reset.
Creating register for signal `\npu_core.\g_bank[1].g_ent[3].q' using process `\npu_core.$proc$/home/danieltyukov/workspace/personal/tt-ihp-int8-npu/src/npu_core.sv:330$769'.
  created $adff cell `$procdff$2710' with positive edge clock and negative level reset.
Creating register for signal `\npu_core.\g_bank[1].g_ent[4].q' using process `\npu_core.$proc$/home/danieltyukov/workspace/personal/tt-ihp-int8-npu/src/npu_core.sv:330$775'.
  created $adff cell `$procdff$2711' with positive edge clock and negative level reset.
Creating register for signal `\npu_core.\g_bank[1].g_ent[5].q' using process `\npu_core.$proc$/home/danieltyukov/workspace/personal/tt-ihp-int8-npu/src/npu_core.sv:330$781'.
  created $adff cell `$procdff$2712' with positive edge clock and negative level reset.
Creating register for signal `\npu_core.\g_res[0].q' using process `\npu_core.$proc$/home/danieltyukov/workspace/personal/tt-ihp-int8-npu/src/npu_core.sv:396$790'.
  created $adff cell `$procdff$2713' with positive edge clock and negative level reset.
Creating register for signal `\npu_core.\g_res[1].q' using process `\npu_core.$proc$/home/danieltyukov/workspace/personal/tt-ihp-int8-npu/src/npu_core.sv:396$798'.
  created $adff cell `$procdff$2714' with positive edge clock and negative level reset.
Creating register for signal `\npu_core.\g_res[2].q' using process `\npu_core.$proc$/home/danieltyukov/workspace/personal/tt-ihp-int8-npu/src/npu_core.sv:396$806'.
  created $adff cell `$procdff$2715' with positive edge clock and negative level reset.
Creating register for signal `\npu_core.\g_res[3].q' using process `\npu_core.$proc$/home/danieltyukov/workspace/personal/tt-ihp-int8-npu/src/npu_core.sv:396$814'.
  created $adff cell `$procdff$2716' with positive edge clock and negative level reset.
Creating register for signal `\npu_core.\g_res[4].q' using process `\npu_core.$proc$/home/danieltyukov/workspace/personal/tt-ihp-int8-npu/src/npu_core.sv:396$822'.
  created $adff cell `$procdff$2717' with positive edge clock and negative level reset.
Creating register for signal `\npu_core.\g_res[5].q' using process `\npu_core.$proc$/home/danieltyukov/workspace/personal/tt-ihp-int8-npu/src/npu_core.sv:396$830'.
  created $adff cell `$procdff$2718' with positive edge clock and negative level reset.
Creating register for signal `\npu_core.\g_res[6].q' using process `\npu_core.$proc$/home/danieltyukov/workspace/personal/tt-ihp-int8-npu/src/npu_core.sv:396$838'.
  created $adff cell `$procdff$2719' with positive edge clock and negative level reset.
Creating register for signal `\npu_core.\g_res[7].q' using process `\npu_core.$proc$/home/danieltyukov/workspace/personal/tt-ihp-int8-npu/src/npu_core.sv:396$846'.
  created $adff cell `$procdff$2720' with positive edge clock and negative level reset.
Creating register for signal `\npu_core.\g_res[8].q' using process `\npu_core.$proc$/home/danieltyukov/workspace/personal/tt-ihp-int8-npu/src/npu_core.sv:396$854'.
  created $adff cell `$procdff$2721' with positive edge clock and negative level reset.
Creating register for signal `\npu_core.\g_res[9].q' using process `\npu_core.$proc$/home/danieltyukov/workspace/personal/tt-ihp-int8-npu/src/npu_core.sv:396$862'.
  created $adff cell `$procdff$2722' with positive edge clock and negative level reset.
Creating register for signal `\npu_core.\g_res[10].q' using process `\npu_core.$proc$/home/danieltyukov/workspace/personal/tt-ihp-int8-npu/src/npu_core.sv:396$870'.
  created $adff cell `$procdff$2723' with positive edge clock and negative level reset.
Creating register for signal `\npu_core.\g_res[11].q' using process `\npu_core.$proc$/home/danieltyukov/workspace/personal/tt-ihp-int8-npu/src/npu_core.sv:396$878'.
  created $adff cell `$procdff$2724' with positive edge clock and negative level reset.
Creating register for signal `\npu_core.\act_buf' using process `\npu_core.$proc$/home/danieltyukov/workspace/personal/tt-ihp-int8-npu/src/npu_core.sv:173$585'.
  created $adff cell `$procdff$2725' with positive edge clock and negative level reset.
Creating register for signal `\npu_core.\bias_buf' using process `\npu_core.$proc$/home/danieltyukov/workspace/personal/tt-ihp-int8-npu/src/npu_core.sv:173$585'.
  created $adff cell `$procdff$2726' with positive edge clock and negative level reset.
Creating register for signal `\npu_core.\quant_buf' using process `\npu_core.$proc$/home/danieltyukov/workspace/personal/tt-ihp-int8-npu/src/npu_core.sv:173$585'.
  created $adff cell `$procdff$2727' with positive edge clock and negative level reset.
Creating register for signal `\npu_core.\zp_reg' using process `\npu_core.$proc$/home/danieltyukov/workspace/personal/tt-ihp-int8-npu/src/npu_core.sv:173$585'.
  created $adff cell `$procdff$2728' with positive edge clock and negative level reset.
Creating register for signal `\npu_core.\clamp_lo_reg' using process `\npu_core.$proc$/home/danieltyukov/workspace/personal/tt-ihp-int8-npu/src/npu_core.sv:173$585'.
  created $adff cell `$procdff$2729' with positive edge clock and negative level reset.
Creating register for signal `\npu_core.\clamp_hi_reg' using process `\npu_core.$proc$/home/danieltyukov/workspace/personal/tt-ihp-int8-npu/src/npu_core.sv:173$585'.
  created $adff cell `$procdff$2730' with positive edge clock and negative level reset.
Creating register for signal `\npu_core.\act_sel_reg' using process `\npu_core.$proc$/home/danieltyukov/workspace/personal/tt-ihp-int8-npu/src/npu_core.sv:173$585'.
  created $adff cell `$procdff$2731' with positive edge clock and negative level reset.
Creating register for signal `\npu_core.\leaky_k_reg' using process `\npu_core.$proc$/home/danieltyukov/workspace/personal/tt-ihp-int8-npu/src/npu_core.sv:173$585'.
  created $adff cell `$procdff$2732' with positive edge clock and negative level reset.
Creating register for signal `\npu_core.\s_cnt_m1' using process `\npu_core.$proc$/home/danieltyukov/workspace/personal/tt-ihp-int8-npu/src/npu_core.sv:173$585'.
  created $adff cell `$procdff$2733' with positive edge clock and negative level reset.
Creating register for signal `$paramod$9762f17314fc00bcc8483d811536c717be533d3b\npu_requant.\done' using process `$paramod$9762f17314fc00bcc8483d811536c717be533d3b\npu_requant.$proc$/home/danieltyukov/workspace/personal/tt-ihp-int8-npu/src/npu_requant.sv:137$1060'.
  created $adff cell `$procdff$2734' with positive edge clock and negative level reset.
Creating register for signal `$paramod$9762f17314fc00bcc8483d811536c717be533d3b\npu_requant.\state' using process `$paramod$9762f17314fc00bcc8483d811536c717be533d3b\npu_requant.$proc$/home/danieltyukov/workspace/personal/tt-ihp-int8-npu/src/npu_requant.sv:137$1060'.
  created $adff cell `$procdff$2735' with positive edge clock and negative level reset.
Creating register for signal `$paramod$9762f17314fc00bcc8483d811536c717be533d3b\npu_requant.\q_out' using process `$paramod$9762f17314fc00bcc8483d811536c717be533d3b\npu_requant.$proc$/home/danieltyukov/workspace/personal/tt-ihp-int8-npu/src/npu_requant.sv:137$1060'.
  created $adff cell `$procdff$2736' with positive edge clock and negative level reset.
Creating register for signal `$paramod$9762f17314fc00bcc8483d811536c717be533d3b\npu_requant.\sat_out' using process `$paramod$9762f17314fc00bcc8483d811536c717be533d3b\npu_requant.$proc$/home/danieltyukov/workspace/personal/tt-ihp-int8-npu/src/npu_requant.sv:137$1060'.
  created $adff cell `$procdff$2737' with positive edge clock and negative level reset.
Creating register for signal `$paramod$9762f17314fc00bcc8483d811536c717be533d3b\npu_requant.\pr' using process `$paramod$9762f17314fc00bcc8483d811536c717be533d3b\npu_requant.$proc$/home/danieltyukov/workspace/personal/tt-ihp-int8-npu/src/npu_requant.sv:137$1060'.
  created $adff cell `$procdff$2738' with positive edge clock and negative level reset.
Creating register for signal `$paramod$9762f17314fc00bcc8483d811536c717be533d3b\npu_requant.\digcnt' using process `$paramod$9762f17314fc00bcc8483d811536c717be533d3b\npu_requant.$proc$/home/danieltyukov/workspace/personal/tt-ihp-int8-npu/src/npu_requant.sv:137$1060'.
  created $adff cell `$procdff$2739' with positive edge clock and negative level reset.
Creating register for signal `$paramod$9762f17314fc00bcc8483d811536c717be533d3b\npu_requant.\shcnt' using process `$paramod$9762f17314fc00bcc8483d811536c717be533d3b\npu_requant.$proc$/home/danieltyukov/workspace/personal/tt-ihp-int8-npu/src/npu_requant.sv:137$1060'.
  created $adff cell `$procdff$2740' with positive edge clock and negative level reset.
Creating register for signal `$paramod$9762f17314fc00bcc8483d811536c717be533d3b\npu_requant.\rbit' using process `$paramod$9762f17314fc00bcc8483d811536c717be533d3b\npu_requant.$proc$/home/danieltyukov/workspace/personal/tt-ihp-int8-npu/src/npu_requant.sv:137$1060'.
  created $adff cell `$procdff$2741' with positive edge clock and negative level reset.
Creating register for signal `$paramod$9762f17314fc00bcc8483d811536c717be533d3b\npu_requant.\sbit' using process `$paramod$9762f17314fc00bcc8483d811536c717be533d3b\npu_requant.$proc$/home/danieltyukov/workspace/personal/tt-ihp-int8-npu/src/npu_requant.sv:137$1060'.
  created $adff cell `$procdff$2742' with positive edge clock and negative level reset.

16.2.10. Executing PROC_MEMWR pass (convert process memory writes to cells).

16.2.11. Executing PROC_CLEAN pass (remove empty switches from decision trees).
Found and cleaned up 12 empty switches in `$paramod$a669845e71d033b9ed54d410c0832a058641c434\npu_host_if.$proc$/home/danieltyukov/workspace/personal/tt-ihp-int8-npu/src/npu_host_if.sv:123$991'.
Removing empty process `$paramod$a669845e71d033b9ed54d410c0832a058641c434\npu_host_if.$proc$/home/danieltyukov/workspace/personal/tt-ihp-int8-npu/src/npu_host_if.sv:123$991'.
Found and cleaned up 1 empty switch in `$paramod$67ba8969b455a9921a0ce9d05bfcb7563f4a488b\npu_pe.$proc$/home/danieltyukov/workspace/personal/tt-ihp-int8-npu/src/npu_pe.sv:84$1575'.
Removing empty process `$paramod$67ba8969b455a9921a0ce9d05bfcb7563f4a488b\npu_pe.$proc$/home/danieltyukov/workspace/personal/tt-ihp-int8-npu/src/npu_pe.sv:84$1575'.
Found and cleaned up 2 empty switches in `\npu_core.$proc$/home/danieltyukov/workspace/personal/tt-ihp-int8-npu/src/npu_core.sv:263$590'.
Removing empty process `npu_core.$proc$/home/danieltyukov/workspace/personal/tt-ihp-int8-npu/src/npu_core.sv:263$590'.
Found and cleaned up 12 empty switches in `\npu_core.$proc$/home/danieltyukov/workspace/personal/tt-ihp-int8-npu/src/npu_core.sv:415$612'.
Removing empty process `npu_core.$proc$/home/danieltyukov/workspace/personal/tt-ihp-int8-npu/src/npu_core.sv:415$612'.
Found and cleaned up 1 empty switch in `\npu_core.$proc$/home/danieltyukov/workspace/personal/tt-ihp-int8-npu/src/npu_core.sv:0$628'.
Removing empty process `npu_core.$proc$/home/danieltyukov/workspace/personal/tt-ihp-int8-npu/src/npu_core.sv:0$628'.
Found and cleaned up 1 empty switch in `\npu_core.$proc$/home/danieltyukov/workspace/personal/tt-ihp-int8-npu/src/npu_core.sv:0$629'.
Removing empty process `npu_core.$proc$/home/danieltyukov/workspace/personal/tt-ihp-int8-npu/src/npu_core.sv:0$629'.
Found and cleaned up 2 empty switches in `\npu_core.$proc$/home/danieltyukov/workspace/personal/tt-ihp-int8-npu/src/npu_core.sv:330$704'.
Removing empty process `npu_core.$proc$/home/danieltyukov/workspace/personal/tt-ihp-int8-npu/src/npu_core.sv:330$704'.
Found and cleaned up 2 empty switches in `\npu_core.$proc$/home/danieltyukov/workspace/personal/tt-ihp-int8-npu/src/npu_core.sv:330$710'.
Removing empty process `npu_core.$proc$/home/danieltyukov/workspace/personal/tt-ihp-int8-npu/src/npu_core.sv:330$710'.
Found and cleaned up 2 empty switches in `\npu_core.$proc$/home/danieltyukov/workspace/personal/tt-ihp-int8-npu/src/npu_core.sv:330$716'.
Removing empty process `npu_core.$proc$/home/danieltyukov/workspace/personal/tt-ihp-int8-npu/src/npu_core.sv:330$716'.
Found and cleaned up 2 empty switches in `\npu_core.$proc$/home/danieltyukov/workspace/personal/tt-ihp-int8-npu/src/npu_core.sv:330$722'.
Removing empty process `npu_core.$proc$/home/danieltyukov/workspace/personal/tt-ihp-int8-npu/src/npu_core.sv:330$722'.
Found and cleaned up 2 empty switches in `\npu_core.$proc$/home/danieltyukov/workspace/personal/tt-ihp-int8-npu/src/npu_core.sv:330$728'.
Removing empty process `npu_core.$proc$/home/danieltyukov/workspace/personal/tt-ihp-int8-npu/src/npu_core.sv:330$728'.
Found and cleaned up 2 empty switches in `\npu_core.$proc$/home/danieltyukov/workspace/personal/tt-ihp-int8-npu/src/npu_core.sv:330$734'.
Removing empty process `npu_core.$proc$/home/danieltyukov/workspace/personal/tt-ihp-int8-npu/src/npu_core.sv:330$734'.
Found and cleaned up 2 empty switches in `\npu_core.$proc$/home/danieltyukov/workspace/personal/tt-ihp-int8-npu/src/npu_core.sv:330$751'.
Removing empty process `npu_core.$proc$/home/danieltyukov/workspace/personal/tt-ihp-int8-npu/src/npu_core.sv:330$751'.
Found and cleaned up 2 empty switches in `\npu_core.$proc$/home/danieltyukov/workspace/personal/tt-ihp-int8-npu/src/npu_core.sv:330$757'.
Removing empty process `npu_core.$proc$/home/danieltyukov/workspace/personal/tt-ihp-int8-npu/src/npu_core.sv:330$757'.
Found and cleaned up 2 empty switches in `\npu_core.$proc$/home/danieltyukov/workspace/personal/tt-ihp-int8-npu/src/npu_core.sv:330$763'.
Removing empty process `npu_core.$proc$/home/danieltyukov/workspace/personal/tt-ihp-int8-npu/src/npu_core.sv:330$763'.
Found and cleaned up 2 empty switches in `\npu_core.$proc$/home/danieltyukov/workspace/personal/tt-ihp-int8-npu/src/npu_core.sv:330$769'.
Removing empty process `npu_core.$proc$/home/danieltyukov/workspace/personal/tt-ihp-int8-npu/src/npu_core.sv:330$769'.
Found and cleaned up 2 empty switches in `\npu_core.$proc$/home/danieltyukov/workspace/personal/tt-ihp-int8-npu/src/npu_core.sv:330$775'.
Removing empty process `npu_core.$proc$/home/danieltyukov/workspace/personal/tt-ihp-int8-npu/src/npu_core.sv:330$775'.
Found and cleaned up 2 empty switches in `\npu_core.$proc$/home/danieltyukov/workspace/personal/tt-ihp-int8-npu/src/npu_core.sv:330$781'.
Removing empty process `npu_core.$proc$/home/danieltyukov/workspace/personal/tt-ihp-int8-npu/src/npu_core.sv:330$781'.
Found and cleaned up 2 empty switches in `\npu_core.$proc$/home/danieltyukov/workspace/personal/tt-ihp-int8-npu/src/npu_core.sv:396$790'.
Removing empty process `npu_core.$proc$/home/danieltyukov/workspace/personal/tt-ihp-int8-npu/src/npu_core.sv:396$790'.
Found and cleaned up 2 empty switches in `\npu_core.$proc$/home/danieltyukov/workspace/personal/tt-ihp-int8-npu/src/npu_core.sv:396$798'.
Removing empty process `npu_core.$proc$/home/danieltyukov/workspace/personal/tt-ihp-int8-npu/src/npu_core.sv:396$798'.
Found and cleaned up 2 empty switches in `\npu_core.$proc$/home/danieltyukov/workspace/personal/tt-ihp-int8-npu/src/npu_core.sv:396$806'.
Removing empty process `npu_core.$proc$/home/danieltyukov/workspace/personal/tt-ihp-int8-npu/src/npu_core.sv:396$806'.
Found and cleaned up 2 empty switches in `\npu_core.$proc$/home/danieltyukov/workspace/personal/tt-ihp-int8-npu/src/npu_core.sv:396$814'.
Removing empty process `npu_core.$proc$/home/danieltyukov/workspace/personal/tt-ihp-int8-npu/src/npu_core.sv:396$814'.
Found and cleaned up 2 empty switches in `\npu_core.$proc$/home/danieltyukov/workspace/personal/tt-ihp-int8-npu/src/npu_core.sv:396$822'.
Removing empty process `npu_core.$proc$/home/danieltyukov/workspace/personal/tt-ihp-int8-npu/src/npu_core.sv:396$822'.
Found and cleaned up 2 empty switches in `\npu_core.$proc$/home/danieltyukov/workspace/personal/tt-ihp-int8-npu/src/npu_core.sv:396$830'.
Removing empty process `npu_core.$proc$/home/danieltyukov/workspace/personal/tt-ihp-int8-npu/src/npu_core.sv:396$830'.
Found and cleaned up 2 empty switches in `\npu_core.$proc$/home/danieltyukov/workspace/personal/tt-ihp-int8-npu/src/npu_core.sv:396$838'.
Removing empty process `npu_core.$proc$/home/danieltyukov/workspace/personal/tt-ihp-int8-npu/src/npu_core.sv:396$838'.
Found and cleaned up 2 empty switches in `\npu_core.$proc$/home/danieltyukov/workspace/personal/tt-ihp-int8-npu/src/npu_core.sv:396$846'.
Removing empty process `npu_core.$proc$/home/danieltyukov/workspace/personal/tt-ihp-int8-npu/src/npu_core.sv:396$846'.
Found and cleaned up 2 empty switches in `\npu_core.$proc$/home/danieltyukov/workspace/personal/tt-ihp-int8-npu/src/npu_core.sv:396$854'.
Removing empty process `npu_core.$proc$/home/danieltyukov/workspace/personal/tt-ihp-int8-npu/src/npu_core.sv:396$854'.
Found and cleaned up 2 empty switches in `\npu_core.$proc$/home/danieltyukov/workspace/personal/tt-ihp-int8-npu/src/npu_core.sv:396$862'.
Removing empty process `npu_core.$proc$/home/danieltyukov/workspace/personal/tt-ihp-int8-npu/src/npu_core.sv:396$862'.
Found and cleaned up 2 empty switches in `\npu_core.$proc$/home/danieltyukov/workspace/personal/tt-ihp-int8-npu/src/npu_core.sv:396$870'.
Removing empty process `npu_core.$proc$/home/danieltyukov/workspace/personal/tt-ihp-int8-npu/src/npu_core.sv:396$870'.
Found and cleaned up 2 empty switches in `\npu_core.$proc$/home/danieltyukov/workspace/personal/tt-ihp-int8-npu/src/npu_core.sv:396$878'.
Removing empty process `npu_core.$proc$/home/danieltyukov/workspace/personal/tt-ihp-int8-npu/src/npu_core.sv:396$878'.
Found and cleaned up 6 empty switches in `\npu_core.$proc$/home/danieltyukov/workspace/personal/tt-ihp-int8-npu/src/npu_core.sv:173$585'.
Removing empty process `npu_core.$proc$/home/danieltyukov/workspace/personal/tt-ihp-int8-npu/src/npu_core.sv:173$585'.
Found and cleaned up 6 empty switches in `$paramod$9762f17314fc00bcc8483d811536c717be533d3b\npu_requant.$proc$/home/danieltyukov/workspace/personal/tt-ihp-int8-npu/src/npu_requant.sv:137$1060'.
Removing empty process `$paramod$9762f17314fc00bcc8483d811536c717be533d3b\npu_requant.$proc$/home/danieltyukov/workspace/personal/tt-ihp-int8-npu/src/npu_requant.sv:137$1060'.
Cleaned up 89 empty switches.

16.2.12. Executing OPT_EXPR pass (perform const folding).
Optimizing module $paramod$dd13fb79ecc7134c504489cf60fd3e03faadd8f0\npu_array.
<suppressed ~1 debug messages>
Optimizing module $paramod$a669845e71d033b9ed54d410c0832a058641c434\npu_host_if.
<suppressed ~5 debug messages>
Optimizing module $paramod$1eb2e9d021a26f5457ad6970e0ac2d330aaa366a\npu_csa_reduce.
Optimizing module $paramod$29b69393125ca7ee80b32022bd2decdec691949f\npu_adder.
<suppressed ~1 debug messages>
Optimizing module $paramod$27a8bd94657cc90e38f275422f31847ddfd4487e\npu_csa_reduce.
Optimizing module $paramod$17604f602797e3202e357decf915a5bc29aa0ca3\npu_csa_reduce.
Optimizing module $paramod$67e98feaf73b54d35f9441170982b8d89b9a2316\npu_mult.
<suppressed ~1 debug messages>
Optimizing module $paramod$249e2fefde2cea6485f1861c172b2e75dba89233\npu_adder.
<suppressed ~1 debug messages>
Optimizing module $paramod$67ba8969b455a9921a0ce9d05bfcb7563f4a488b\npu_pe.
<suppressed ~1 debug messages>
Optimizing module $paramod$00e50bd1d9329584e2110eb397cc8a22011310c9\npu_adder.
<suppressed ~1 debug messages>
Optimizing module $paramod$c023b5faa9c785d07331b76839e06bd1ab774764\npu_csa_reduce.
Optimizing module $paramod$1ed99f1253f88f2664ca886b8b7f7f8ea7f768dd\npu_pp_baugh_wooley.
Optimizing module $paramod$2b1d745c338a0a6e50bcd9a4dc82bdf12badc2b0\npu_csa_reduce.
Optimizing module npu_core.
<suppressed ~32 debug messages>
Optimizing module $paramod$2d6c54a146b5c9bc63af6521ae2fae94a8696de1\npu_adder.
<suppressed ~1 debug messages>
Optimizing module $paramod$9762f17314fc00bcc8483d811536c717be533d3b\npu_requant.
<suppressed ~12 debug messages>
Optimizing module npu_activation.

16.3. Executing FLATTEN pass (flatten design).
Deleting now unused module $paramod$dd13fb79ecc7134c504489cf60fd3e03faadd8f0\npu_array.
Deleting now unused module $paramod$a669845e71d033b9ed54d410c0832a058641c434\npu_host_if.
Deleting now unused module $paramod$1eb2e9d021a26f5457ad6970e0ac2d330aaa366a\npu_csa_reduce.
Deleting now unused module $paramod$29b69393125ca7ee80b32022bd2decdec691949f\npu_adder.
Deleting now unused module $paramod$27a8bd94657cc90e38f275422f31847ddfd4487e\npu_csa_reduce.
Deleting now unused module $paramod$17604f602797e3202e357decf915a5bc29aa0ca3\npu_csa_reduce.
Deleting now unused module $paramod$67e98feaf73b54d35f9441170982b8d89b9a2316\npu_mult.
Deleting now unused module $paramod$249e2fefde2cea6485f1861c172b2e75dba89233\npu_adder.
Deleting now unused module $paramod$67ba8969b455a9921a0ce9d05bfcb7563f4a488b\npu_pe.
Deleting now unused module $paramod$00e50bd1d9329584e2110eb397cc8a22011310c9\npu_adder.
Deleting now unused module $paramod$c023b5faa9c785d07331b76839e06bd1ab774764\npu_csa_reduce.
Deleting now unused module $paramod$1ed99f1253f88f2664ca886b8b7f7f8ea7f768dd\npu_pp_baugh_wooley.
Deleting now unused module $paramod$2b1d745c338a0a6e50bcd9a4dc82bdf12badc2b0\npu_csa_reduce.
Deleting now unused module $paramod$2d6c54a146b5c9bc63af6521ae2fae94a8696de1\npu_adder.
Deleting now unused module $paramod$9762f17314fc00bcc8483d811536c717be533d3b\npu_requant.
Deleting now unused module npu_activation.
<suppressed ~24 debug messages>

16.4. Executing OPT_EXPR pass (perform const folding).
Optimizing module npu_core.
<suppressed ~268 debug messages>

16.5. Executing OPT_CLEAN pass (remove unused cells and wires).
Finding unused cells or wires in module \npu_core..
Removed 563 unused cells and 2569 unused wires.
<suppressed ~600 debug messages>

16.6. Executing CHECK pass (checking for obvious problems).
Checking module npu_core...
Found and reported 0 problems.

16.7. Executing OPT pass (performing simple optimizations).

16.7.1. Executing OPT_EXPR pass (perform const folding).
Optimizing module npu_core.

16.7.2. Executing OPT_MERGE pass (detect identical cells).
Finding identical cells in module `\npu_core'.
<suppressed ~402 debug messages>
Removed a total of 134 cells.

16.7.3. Executing OPT_MUXTREE pass (detect dead branches in mux trees).
Running muxtree optimizer on module \npu_core..
  Creating internal representation of mux trees.
  Evaluating internal representation of mux trees.
  Analyzing evaluation results.
Removed 0 multiplexer ports.
<suppressed ~112 debug messages>

16.7.4. Executing OPT_REDUCE pass (consolidate $*mux and $reduce_* inputs).
  Optimizing cells in module \npu_core.
    New ctrl vector for $pmux cell $flatten\u_host.$procmux$1868: { $flatten\u_host.$procmux$1874_CMP $flatten\u_host.$procmux$1873_CMP $auto$opt_reduce.cc:134:opt_pmux$2762 $flatten\u_host.$procmux$1870_CMP $auto$opt_reduce.cc:134:opt_pmux$2760 }
    New ctrl vector for $pmux cell $flatten\u_host.$procmux$1911: { $flatten\u_host.$procmux$1874_CMP $flatten\u_host.$procmux$1873_CMP $auto$opt_reduce.cc:134:opt_pmux$2766 $flatten\u_host.$procmux$1870_CMP $auto$opt_reduce.cc:134:opt_pmux$2764 }
    New ctrl vector for $pmux cell $flatten\u_requant.$procmux$2584: $auto$opt_reduce.cc:134:opt_pmux$2768
    New ctrl vector for $pmux cell $flatten\u_requant.$procmux$2633: $auto$opt_reduce.cc:134:opt_pmux$2770
    New ctrl vector for $pmux cell $flatten\u_requant.$procmux$2638: $auto$opt_reduce.cc:134:opt_pmux$2772
    New ctrl vector for $pmux cell $procmux$2310: { $procmux$2315_CMP $auto$opt_reduce.cc:134:opt_pmux$2774 }
    New ctrl vector for $pmux cell $procmux$2546: $auto$opt_reduce.cc:134:opt_pmux$2776
    New ctrl vector for $pmux cell $procmux$2553: $auto$opt_reduce.cc:134:opt_pmux$2778
  Optimizing cells in module \npu_core.
Performed a total of 8 changes.

16.7.5. Executing OPT_MERGE pass (detect identical cells).
Finding identical cells in module `\npu_core'.
<suppressed ~18 debug messages>
Removed a total of 6 cells.

16.7.6. Executing OPT_DFF pass (perform DFF optimizations).

16.7.7. Executing OPT_CLEAN pass (remove unused cells and wires).
Finding unused cells or wires in module \npu_core..
Removed 0 unused cells and 155 unused wires.
<suppressed ~17 debug messages>

16.7.8. Executing OPT_EXPR pass (perform const folding).
Optimizing module npu_core.

16.7.9. Rerunning OPT passes. (Maybe there is more to do..)

16.7.10. Executing OPT_MUXTREE pass (detect dead branches in mux trees).
Running muxtree optimizer on module \npu_core..
  Creating internal representation of mux trees.
  Evaluating internal representation of mux trees.
  Analyzing evaluation results.
Removed 0 multiplexer ports.
<suppressed ~113 debug messages>

16.7.11. Executing OPT_REDUCE pass (consolidate $*mux and $reduce_* inputs).
  Optimizing cells in module \npu_core.
Performed a total of 0 changes.

16.7.12. Executing OPT_MERGE pass (detect identical cells).
Finding identical cells in module `\npu_core'.
Removed a total of 0 cells.

16.7.13. Executing OPT_DFF pass (perform DFF optimizations).

16.7.14. Executing OPT_CLEAN pass (remove unused cells and wires).
Finding unused cells or wires in module \npu_core..

16.7.15. Executing OPT_EXPR pass (perform const folding).
Optimizing module npu_core.

16.7.16. Finished OPT passes. (There is nothing left to do.)

16.8. Executing FSM pass (extract and optimize FSM).

16.8.1. Executing FSM_DETECT pass (finding FSMs in design).
Not marking npu_core.state as FSM state register:
    Users of register don't seem to benefit from recoding.
Not marking npu_core.u_host.err_code as FSM state register:
    Users of register don't seem to benefit from recoding.
Not marking npu_core.u_requant.state as FSM state register:
    Users of register don't seem to benefit from recoding.
    Circuit seems to be self-resetting.

16.8.2. Executing FSM_EXTRACT pass (extracting FSM from design).

16.8.3. Executing FSM_OPT pass (simple optimizations of FSMs).

16.8.4. Executing OPT_CLEAN pass (remove unused cells and wires).
Finding unused cells or wires in module \npu_core..

16.8.5. Executing FSM_OPT pass (simple optimizations of FSMs).

16.8.6. Executing FSM_RECODE pass (re-assigning FSM state encoding).

16.8.7. Executing FSM_INFO pass (dumping all available information on FSM cells).

16.8.8. Executing FSM_MAP pass (mapping FSMs to basic logic).

16.9. Executing OPT pass (performing simple optimizations).

16.9.1. Executing OPT_EXPR pass (perform const folding).
Optimizing module npu_core.

16.9.2. Executing OPT_MERGE pass (detect identical cells).
Finding identical cells in module `\npu_core'.
Removed a total of 0 cells.

16.9.3. Executing OPT_MUXTREE pass (detect dead branches in mux trees).
Running muxtree optimizer on module \npu_core..
  Creating internal representation of mux trees.
  Evaluating internal representation of mux trees.
  Analyzing evaluation results.
Removed 0 multiplexer ports.
<suppressed ~113 debug messages>

16.9.4. Executing OPT_REDUCE pass (consolidate $*mux and $reduce_* inputs).
  Optimizing cells in module \npu_core.
Performed a total of 0 changes.

16.9.5. Executing OPT_MERGE pass (detect identical cells).
Finding identical cells in module `\npu_core'.
Removed a total of 0 cells.

16.9.6. Executing OPT_DFF pass (perform DFF optimizations).
Adding EN signal on $procdff$2733 ($adff) from module npu_core (D = \cfg_s_count_m1, Q = \s_cnt_m1).
Adding EN signal on $procdff$2732 ($adff) from module npu_core (D = \u_host.byte_out [4:2], Q = \leaky_k_reg).
Adding EN signal on $procdff$2731 ($adff) from module npu_core (D = \u_host.byte_out [1:0], Q = \act_sel_reg).
Adding EN signal on $procdff$2730 ($adff) from module npu_core (D = \u_host.byte_out, Q = \clamp_hi_reg).
Adding EN signal on $procdff$2729 ($adff) from module npu_core (D = \u_host.byte_out, Q = \clamp_lo_reg).
Adding EN signal on $procdff$2728 ($adff) from module npu_core (D = \u_host.byte_out, Q = \zp_reg).
Adding EN signal on $procdff$2727 ($adff) from module npu_core (D = { \u_host.byte_out \quant_buf [47:8] }, Q = \quant_buf).
Adding EN signal on $procdff$2726 ($adff) from module npu_core (D = { \u_host.byte_out \bias_buf [47:8] }, Q = \bias_buf).
Adding EN signal on $procdff$2725 ($adff) from module npu_core (D = { \u_host.byte_out \act_buf [191:8] }, Q = \act_buf).
Adding EN signal on $procdff$2724 ($adff) from module npu_core (D = $0\g_res[11].q[7:0], Q = \g_res[11].q).
Adding EN signal on $procdff$2723 ($adff) from module npu_core (D = $0\g_res[10].q[7:0], Q = \g_res[10].q).
Adding EN signal on $procdff$2722 ($adff) from module npu_core (D = $0\g_res[9].q[7:0], Q = \g_res[9].q).
Adding EN signal on $procdff$2721 ($adff) from module npu_core (D = $0\g_res[8].q[7:0], Q = \g_res[8].q).
Adding EN signal on $procdff$2720 ($adff) from module npu_core (D = $0\g_res[7].q[7:0], Q = \g_res[7].q).
Adding EN signal on $procdff$2719 ($adff) from module npu_core (D = $0\g_res[6].q[7:0], Q = \g_res[6].q).
Adding EN signal on $procdff$2718 ($adff) from module npu_core (D = $0\g_res[5].q[7:0], Q = \g_res[5].q).
Adding EN signal on $procdff$2717 ($adff) from module npu_core (D = $0\g_res[4].q[7:0], Q = \g_res[4].q).
Adding EN signal on $procdff$2716 ($adff) from module npu_core (D = $0\g_res[3].q[7:0], Q = \g_res[3].q).
Adding EN signal on $procdff$2715 ($adff) from module npu_core (D = $0\g_res[2].q[7:0], Q = \g_res[2].q).
Adding EN signal on $procdff$2714 ($adff) from module npu_core (D = $0\g_res[1].q[7:0], Q = \g_res[1].q).
Adding EN signal on $procdff$2713 ($adff) from module npu_core (D = $0\g_res[0].q[7:0], Q = \g_res[0].q).
Adding EN signal on $procdff$2712 ($adff) from module npu_core (D = $0\g_bank[1].g_ent[5].q[23:0], Q = \g_bank[1].g_ent[5].q).
Adding EN signal on $procdff$2711 ($adff) from module npu_core (D = $0\g_bank[1].g_ent[4].q[23:0], Q = \g_bank[1].g_ent[4].q).
Adding EN signal on $procdff$2710 ($adff) from module npu_core (D = $0\g_bank[1].g_ent[3].q[23:0], Q = \g_bank[1].g_ent[3].q).
Adding EN signal on $procdff$2709 ($adff) from module npu_core (D = $0\g_bank[1].g_ent[2].q[23:0], Q = \g_bank[1].g_ent[2].q).
Adding EN signal on $procdff$2708 ($adff) from module npu_core (D = $0\g_bank[1].g_ent[1].q[23:0], Q = \g_bank[1].g_ent[1].q).
Adding EN signal on $procdff$2707 ($adff) from module npu_core (D = $0\g_bank[1].g_ent[0].q[23:0], Q = \g_bank[1].g_ent[0].q).
Adding EN signal on $procdff$2706 ($adff) from module npu_core (D = $0\g_bank[0].g_ent[5].q[23:0], Q = \g_bank[0].g_ent[5].q).
Adding EN signal on $procdff$2705 ($adff) from module npu_core (D = $0\g_bank[0].g_ent[4].q[23:0], Q = \g_bank[0].g_ent[4].q).
Adding EN signal on $procdff$2704 ($adff) from module npu_core (D = $0\g_bank[0].g_ent[3].q[23:0], Q = \g_bank[0].g_ent[3].q).
Adding EN signal on $procdff$2703 ($adff) from module npu_core (D = $0\g_bank[0].g_ent[2].q[23:0], Q = \g_bank[0].g_ent[2].q).
Adding EN signal on $procdff$2702 ($adff) from module npu_core (D = $0\g_bank[0].g_ent[1].q[23:0], Q = \g_bank[0].g_ent[1].q).
Adding EN signal on $procdff$2701 ($adff) from module npu_core (D = $0\g_bank[0].g_ent[0].q[23:0], Q = \g_bank[0].g_ent[0].q).
Adding EN signal on $procdff$2700 ($adff) from module npu_core (D = $0\err_code_reg[1:0], Q = \err_code_reg).
Adding EN signal on $procdff$2697 ($adff) from module npu_core (D = $0\err_reg[0:0], Q = \err_reg).
Adding EN signal on $procdff$2694 ($adff) from module npu_core (D = $0\req_c[0:0], Q = \req_c).
Adding EN signal on $procdff$2693 ($adff) from module npu_core (D = $0\req_s[2:0], Q = \req_s).
Adding EN signal on $procdff$2692 ($adff) from module npu_core (D = \u_host.run_req, Q = \do_req).
Adding EN signal on $procdff$2691 ($adff) from module npu_core (D = $logic_not$/home/danieltyukov/workspace/personal/tt-ihp-int8-npu/src/npu_core.sv:461$614_Y, Q = \acc_first).
Adding EN signal on $procdff$2690 ($adff) from module npu_core (D = $0\cyc[3:0], Q = \cyc).
Adding EN signal on $procdff$2689 ($adff) from module npu_core (D = $0\state[1:0], Q = \state).
Adding EN signal on $procdff$2688 ($adff) from module npu_core (D = $0\inj_idx[2:0], Q = \inj_idx).
Adding EN signal on $flatten\u_requant.$procdff$2742 ($adff) from module npu_core (D = $flatten\u_requant.$0\sbit[0:0], Q = \u_requant.sbit).
Adding EN signal on $flatten\u_requant.$procdff$2741 ($adff) from module npu_core (D = $flatten\u_requant.$0\rbit[0:0], Q = \u_requant.rbit).
Adding EN signal on $flatten\u_requant.$procdff$2740 ($adff) from module npu_core (D = $flatten\u_requant.$0\shcnt[5:0], Q = \u_requant.shcnt).
Adding EN signal on $flatten\u_requant.$procdff$2739 ($adff) from module npu_core (D = $flatten\u_requant.$0\digcnt[3:0], Q = \u_requant.digcnt).
Adding EN signal on $flatten\u_requant.$procdff$2738 ($adff) from module npu_core (D = $flatten\u_requant.$0\pr[44:0] [43:0], Q = \u_requant.pr [43:0]).
Adding EN signal on $flatten\u_requant.$procdff$2738 ($adff) from module npu_core (D = $flatten\u_requant.$0\pr[44:0] [44], Q = \u_requant.pr [44]).
Adding EN signal on $flatten\u_requant.$procdff$2737 ($adff) from module npu_core (D = $flatten\u_requant.$or$/home/danieltyukov/workspace/personal/tt-ihp-int8-npu/src/npu_requant.sv:191$1077_Y, Q = \u_requant.sat_out).
Adding EN signal on $flatten\u_requant.$procdff$2736 ($adff) from module npu_core (D = \u_requant.y_clamp, Q = \u_requant.q_out).
Adding EN signal on $flatten\u_requant.$procdff$2735 ($adff) from module npu_core (D = $flatten\u_requant.$0\state[1:0], Q = \u_requant.state).
Adding EN signal on $flatten\u_host.$procdff$2682 ($adff) from module npu_core (D = $flatten\u_host.$procmux$2140_Y, Q = \u_host.pcount).
Adding EN signal on $flatten\u_host.$procdff$2681 ($adff) from module npu_core (D = $flatten\u_host.$procmux$2147_Y, Q = \u_host.op).
Adding EN signal on $flatten\u_host.$procdff$2674 ($adff) from module npu_core (D = $flatten\u_host.$0\err_code[1:0], Q = \u_host.err_code).
Adding EN signal on $flatten\u_host.$procdff$2673 ($adff) from module npu_core (D = \data_in [1], Q = \u_host.run_req).
Adding EN signal on $flatten\u_host.$procdff$2672 ($adff) from module npu_core (D = \data_in [0], Q = \u_host.run_acc).
Adding EN signal on $flatten\u_host.$procdff$2670 ($adff) from module npu_core (D = \data_in, Q = \u_host.byte_out).
Adding EN signal on $flatten\u_host.$procdff$2668 ($adff) from module npu_core (D = $flatten\u_host.$procmux$2220_Y, Q = \u_host.rd_ptr).
Adding EN signal on $flatten\u_host.$procdff$2667 ($adff) from module npu_core (D = $flatten\u_host.$procmux$2226_Y, Q = \u_host.rd_src).
Adding EN signal on $flatten\u_host.$procdff$2664 ($adff) from module npu_core (D = \u_host.pcount [1:0], Q = \u_host.post_idx).
Adding EN signal on $flatten\u_array.\g_row[3].g_col[1].u_pe.$procdff$2683 ($adff) from module npu_core (D = \u_host.byte_out, Q = \u_array.g_row[3].g_col[1].u_pe.w_reg).
Adding EN signal on $flatten\u_array.\g_row[3].g_col[0].u_pe.$procdff$2683 ($adff) from module npu_core (D = \u_array.g_row[3].g_col[1].u_pe.w_reg, Q = \u_array.g_row[3].g_col[0].u_pe.w_reg).
Adding EN signal on $flatten\u_array.\g_row[2].g_col[1].u_pe.$procdff$2683 ($adff) from module npu_core (D = \u_array.g_row[3].g_col[0].u_pe.w_reg, Q = \u_array.g_row[2].g_col[1].u_pe.w_reg).
Adding EN signal on $flatten\u_array.\g_row[2].g_col[0].u_pe.$procdff$2683 ($adff) from module npu_core (D = \u_array.g_row[2].g_col[1].u_pe.w_reg, Q = \u_array.g_row[2].g_col[0].u_pe.w_reg).
Adding EN signal on $flatten\u_array.\g_row[1].g_col[1].u_pe.$procdff$2683 ($adff) from module npu_core (D = \u_array.g_row[2].g_col[0].u_pe.w_reg, Q = \u_array.g_row[1].g_col[1].u_pe.w_reg).
Adding EN signal on $flatten\u_array.\g_row[1].g_col[0].u_pe.$procdff$2683 ($adff) from module npu_core (D = \u_array.g_row[1].g_col[1].u_pe.w_reg, Q = \u_array.g_row[1].g_col[0].u_pe.w_reg).
Adding EN signal on $flatten\u_array.\g_row[0].g_col[1].u_pe.$procdff$2683 ($adff) from module npu_core (D = \u_array.g_row[1].g_col[0].u_pe.w_reg, Q = \u_array.g_row[0].g_col[1].u_pe.w_reg).
Adding EN signal on $flatten\u_array.\g_row[0].g_col[0].u_pe.$procdff$2683 ($adff) from module npu_core (D = \u_array.g_row[0].g_col[1].u_pe.w_reg, Q = \u_array.g_row[0].g_col[0].u_pe.w_reg).

16.9.7. Executing OPT_CLEAN pass (remove unused cells and wires).
Finding unused cells or wires in module \npu_core..
Removed 50 unused cells and 50 unused wires.
<suppressed ~51 debug messages>

16.9.8. Executing OPT_EXPR pass (perform const folding).
Optimizing module npu_core.
<suppressed ~40 debug messages>

16.9.9. Rerunning OPT passes. (Maybe there is more to do..)

16.9.10. Executing OPT_MUXTREE pass (detect dead branches in mux trees).
Running muxtree optimizer on module \npu_core..
  Creating internal representation of mux trees.
  Evaluating internal representation of mux trees.
  Analyzing evaluation results.
Removed 0 multiplexer ports.
<suppressed ~90 debug messages>

16.9.11. Executing OPT_REDUCE pass (consolidate $*mux and $reduce_* inputs).
  Optimizing cells in module \npu_core.
Performed a total of 0 changes.

16.9.12. Executing OPT_MERGE pass (detect identical cells).
Finding identical cells in module `\npu_core'.
<suppressed ~111 debug messages>
Removed a total of 37 cells.

16.9.13. Executing OPT_DFF pass (perform DFF optimizations).

16.9.14. Executing OPT_CLEAN pass (remove unused cells and wires).
Finding unused cells or wires in module \npu_core..
Removed 0 unused cells and 37 unused wires.
<suppressed ~1 debug messages>

16.9.15. Executing OPT_EXPR pass (perform const folding).
Optimizing module npu_core.

16.9.16. Rerunning OPT passes. (Maybe there is more to do..)

16.9.17. Executing OPT_MUXTREE pass (detect dead branches in mux trees).
Running muxtree optimizer on module \npu_core..
  Creating internal representation of mux trees.
  Evaluating internal representation of mux trees.
  Analyzing evaluation results.
Removed 0 multiplexer ports.
<suppressed ~91 debug messages>

16.9.18. Executing OPT_REDUCE pass (consolidate $*mux and $reduce_* inputs).
  Optimizing cells in module \npu_core.
Performed a total of 0 changes.

16.9.19. Executing OPT_MERGE pass (detect identical cells).
Finding identical cells in module `\npu_core'.
Removed a total of 0 cells.

16.9.20. Executing OPT_DFF pass (perform DFF optimizations).

16.9.21. Executing OPT_CLEAN pass (remove unused cells and wires).
Finding unused cells or wires in module \npu_core..

16.9.22. Executing OPT_EXPR pass (perform const folding).
Optimizing module npu_core.

16.9.23. Finished OPT passes. (There is nothing left to do.)

16.10. Executing WREDUCE pass (reducing word size of cells).
Removed top 28 address bits (of 32) from memory init port npu_core.$flatten\u_host.$auto$mem.cc:319:emit$1865 ($flatten\u_host.$auto$proc_rom.cc:150:do_switch$1863).
Removed top 1 bits (of 2) from port B of cell npu_core.$procmux$2548_CMP0 ($eq).
Removed top 1 bits (of 2) from port B of cell npu_core.$auto$opt_dff.cc:195:make_patterns_logic$2991 ($ne).
Removed top 1 bits (of 3) from port B of cell npu_core.$procmux$2414_CMP0 ($eq).
Removed top 1 bits (of 8) from mux cell npu_core.$procmux$2410 ($pmux).
Removed top 1 bits (of 2) from mux cell npu_core.$procmux$2398 ($mux).
Removed top 1 bits (of 2) from port B of cell npu_core.$procmux$2421_CMP0 ($eq).
Removed top 2 bits (of 3) from port B of cell npu_core.$procmux$2416_CMP0 ($eq).
Removed top 1 bits (of 3) from port B of cell npu_core.$procmux$2415_CMP0 ($eq).
Removed top 2 bits (of 3) from port B of cell npu_core.$add$/home/danieltyukov/workspace/personal/tt-ihp-int8-npu/src/npu_core.sv:272$592 ($add).
Removed top 27 bits (of 29) from port B of cell npu_core.$mul$/home/danieltyukov/workspace/personal/tt-ihp-int8-npu/src/npu_core.sv:342$593 ($mul).
Removed top 26 bits (of 29) from port Y of cell npu_core.$mul$/home/danieltyukov/workspace/personal/tt-ihp-int8-npu/src/npu_core.sv:342$593 ($mul).
Removed top 25 bits (of 32) from port B of cell npu_core.$shiftx$/home/danieltyukov/workspace/personal/tt-ihp-int8-npu/src/npu_core.sv:0$595 ($shiftx).
Removed top 30 bits (of 32) from port B of cell npu_core.$mul$/home/danieltyukov/workspace/personal/tt-ihp-int8-npu/src/npu_core.sv:347$596 ($mul).
Removed top 29 bits (of 32) from port Y of cell npu_core.$mul$/home/danieltyukov/workspace/personal/tt-ihp-int8-npu/src/npu_core.sv:347$596 ($mul).
Removed top 25 bits (of 32) from port B of cell npu_core.$shiftx$/home/danieltyukov/workspace/personal/tt-ihp-int8-npu/src/npu_core.sv:0$599 ($shiftx).
Removed top 29 bits (of 32) from port A of cell npu_core.$add$/home/danieltyukov/workspace/personal/tt-ihp-int8-npu/src/npu_core.sv:348$601 ($add).
Removed top 30 bits (of 32) from port B of cell npu_core.$add$/home/danieltyukov/workspace/personal/tt-ihp-int8-npu/src/npu_core.sv:348$601 ($add).
Removed top 28 bits (of 32) from port Y of cell npu_core.$add$/home/danieltyukov/workspace/personal/tt-ihp-int8-npu/src/npu_core.sv:348$601 ($add).
Removed top 24 bits (of 32) from port B of cell npu_core.$shiftx$/home/danieltyukov/workspace/personal/tt-ihp-int8-npu/src/npu_core.sv:0$604 ($shiftx).
Removed top 1 bits (of 4) from port A of cell npu_core.$add$/home/danieltyukov/workspace/personal/tt-ihp-int8-npu/src/npu_core.sv:411$605 ($add).
Removed top 1 bits (of 4) from port B of cell npu_core.$add$/home/danieltyukov/workspace/personal/tt-ihp-int8-npu/src/npu_core.sv:411$605 ($add).
Removed top 3 bits (of 4) from port B of cell npu_core.$add$/home/danieltyukov/workspace/personal/tt-ihp-int8-npu/src/npu_core.sv:468$615 ($add).
Removed top 2 bits (of 3) from port B of cell npu_core.$add$/home/danieltyukov/workspace/personal/tt-ihp-int8-npu/src/npu_core.sv:490$617 ($add).
Removed top 31 bits (of 32) from port A of cell npu_core.$mul$/home/danieltyukov/workspace/personal/tt-ihp-int8-npu/src/npu_core.sv:525$621 ($mul).
Removed top 29 bits (of 31) from port B of cell npu_core.$mul$/home/danieltyukov/workspace/personal/tt-ihp-int8-npu/src/npu_core.sv:525$621 ($mul).
Removed top 28 bits (of 31) from port Y of cell npu_core.$mul$/home/danieltyukov/workspace/personal/tt-ihp-int8-npu/src/npu_core.sv:525$621 ($mul).
Removed top 28 bits (of 32) from port A of cell npu_core.$add$/home/danieltyukov/workspace/personal/tt-ihp-int8-npu/src/npu_core.sv:525$622 ($add).
Removed top 29 bits (of 32) from port B of cell npu_core.$add$/home/danieltyukov/workspace/personal/tt-ihp-int8-npu/src/npu_core.sv:525$622 ($add).
Removed top 27 bits (of 32) from port Y of cell npu_core.$add$/home/danieltyukov/workspace/personal/tt-ihp-int8-npu/src/npu_core.sv:525$622 ($add).
Removed top 27 bits (of 32) from port A of cell npu_core.$mul$/home/danieltyukov/workspace/personal/tt-ihp-int8-npu/src/npu_core.sv:527$623 ($mul).
Removed top 27 bits (of 29) from port B of cell npu_core.$mul$/home/danieltyukov/workspace/personal/tt-ihp-int8-npu/src/npu_core.sv:527$623 ($mul).
Removed top 22 bits (of 29) from port Y of cell npu_core.$mul$/home/danieltyukov/workspace/personal/tt-ihp-int8-npu/src/npu_core.sv:527$623 ($mul).
Removed top 21 bits (of 32) from port B of cell npu_core.$shiftx$/home/danieltyukov/workspace/personal/tt-ihp-int8-npu/src/npu_core.sv:0$625 ($shiftx).
Removed top 2 bits (of 6) from port B of cell npu_core.$lt$/home/danieltyukov/workspace/personal/tt-ihp-int8-npu/src/npu_core.sv:530$626 ($lt).
Removed top 24 bits (of 32) from port B of cell npu_core.$shiftx$/home/danieltyukov/workspace/personal/tt-ihp-int8-npu/src/npu_core.sv:0$632 ($shiftx).
Removed top 26 bits (of 32) from port B of cell npu_core.$shiftx$/home/danieltyukov/workspace/personal/tt-ihp-int8-npu/src/npu_core.sv:0$636 ($shiftx).
Removed top 1 bits (of 2) from port B of cell npu_core.$eq$/home/danieltyukov/workspace/personal/tt-ihp-int8-npu/src/npu_core.sv:229$641 ($eq).
Removed top 1 bits (of 4) from port B of cell npu_core.$le$/home/danieltyukov/workspace/personal/tt-ihp-int8-npu/src/npu_core.sv:229$642 ($le).
Removed top 23 bits (of 32) from port B of cell npu_core.$shiftx$/home/danieltyukov/workspace/personal/tt-ihp-int8-npu/src/npu_core.sv:0$649 ($shiftx).
Removed top 3 bits (of 4) from port B of cell npu_core.$sub$/home/danieltyukov/workspace/personal/tt-ihp-int8-npu/src/npu_core.sv:226$651 ($sub).
Removed top 3 bits (of 4) from port B of cell npu_core.$ge$/home/danieltyukov/workspace/personal/tt-ihp-int8-npu/src/npu_core.sv:231$653 ($ge).
Removed top 1 bits (of 4) from port B of cell npu_core.$le$/home/danieltyukov/workspace/personal/tt-ihp-int8-npu/src/npu_core.sv:231$655 ($le).
Removed top 27 bits (of 32) from port A of cell npu_core.$add$/home/danieltyukov/workspace/personal/tt-ihp-int8-npu/src/npu_core.sv:234$659 ($add).
Removed top 31 bits (of 32) from port B of cell npu_core.$add$/home/danieltyukov/workspace/personal/tt-ihp-int8-npu/src/npu_core.sv:234$659 ($add).
Removed top 26 bits (of 32) from port Y of cell npu_core.$add$/home/danieltyukov/workspace/personal/tt-ihp-int8-npu/src/npu_core.sv:234$659 ($add).
Removed top 22 bits (of 32) from port B of cell npu_core.$shiftx$/home/danieltyukov/workspace/personal/tt-ihp-int8-npu/src/npu_core.sv:0$662 ($shiftx).
Removed top 2 bits (of 4) from port B of cell npu_core.$sub$/home/danieltyukov/workspace/personal/tt-ihp-int8-npu/src/npu_core.sv:226$664 ($sub).
Removed top 2 bits (of 4) from port B of cell npu_core.$ge$/home/danieltyukov/workspace/personal/tt-ihp-int8-npu/src/npu_core.sv:231$666 ($ge).
Removed top 1 bits (of 4) from port B of cell npu_core.$le$/home/danieltyukov/workspace/personal/tt-ihp-int8-npu/src/npu_core.sv:231$668 ($le).
Removed top 27 bits (of 32) from port A of cell npu_core.$add$/home/danieltyukov/workspace/personal/tt-ihp-int8-npu/src/npu_core.sv:234$672 ($add).
Removed top 30 bits (of 32) from port B of cell npu_core.$add$/home/danieltyukov/workspace/personal/tt-ihp-int8-npu/src/npu_core.sv:234$672 ($add).
Removed top 26 bits (of 32) from port Y of cell npu_core.$add$/home/danieltyukov/workspace/personal/tt-ihp-int8-npu/src/npu_core.sv:234$672 ($add).
Removed top 22 bits (of 32) from port B of cell npu_core.$shiftx$/home/danieltyukov/workspace/personal/tt-ihp-int8-npu/src/npu_core.sv:0$675 ($shiftx).
Removed top 2 bits (of 4) from port B of cell npu_core.$sub$/home/danieltyukov/workspace/personal/tt-ihp-int8-npu/src/npu_core.sv:226$677 ($sub).
Removed top 2 bits (of 4) from port B of cell npu_core.$ge$/home/danieltyukov/workspace/personal/tt-ihp-int8-npu/src/npu_core.sv:231$679 ($ge).
Removed top 1 bits (of 4) from port B of cell npu_core.$le$/home/danieltyukov/workspace/personal/tt-ihp-int8-npu/src/npu_core.sv:231$681 ($le).
Removed top 27 bits (of 32) from port A of cell npu_core.$add$/home/danieltyukov/workspace/personal/tt-ihp-int8-npu/src/npu_core.sv:234$685 ($add).
Removed top 30 bits (of 32) from port B of cell npu_core.$add$/home/danieltyukov/workspace/personal/tt-ihp-int8-npu/src/npu_core.sv:234$685 ($add).
Removed top 26 bits (of 32) from port Y of cell npu_core.$add$/home/danieltyukov/workspace/personal/tt-ihp-int8-npu/src/npu_core.sv:234$685 ($add).
Removed top 22 bits (of 32) from port B of cell npu_core.$shiftx$/home/danieltyukov/workspace/personal/tt-ihp-int8-npu/src/npu_core.sv:0$688 ($shiftx).
Removed top 29 bits (of 32) from port A of cell npu_core.$mul$/home/danieltyukov/workspace/personal/tt-ihp-int8-npu/src/npu_core.sv:299$693 ($mul).
Removed top 27 bits (of 29) from port B of cell npu_core.$mul$/home/danieltyukov/workspace/personal/tt-ihp-int8-npu/src/npu_core.sv:299$693 ($mul).
Removed top 24 bits (of 29) from port Y of cell npu_core.$mul$/home/danieltyukov/workspace/personal/tt-ihp-int8-npu/src/npu_core.sv:299$693 ($mul).
Removed top 23 bits (of 32) from port B of cell npu_core.$shiftx$/home/danieltyukov/workspace/personal/tt-ihp-int8-npu/src/npu_core.sv:0$695 ($shiftx).
Removed top 2 bits (of 3) from port B of cell npu_core.$eq$/home/danieltyukov/workspace/personal/tt-ihp-int8-npu/src/npu_core.sv:329$708 ($eq).
Removed top 1 bits (of 3) from port B of cell npu_core.$eq$/home/danieltyukov/workspace/personal/tt-ihp-int8-npu/src/npu_core.sv:329$714 ($eq).
Removed top 1 bits (of 3) from port B of cell npu_core.$eq$/home/danieltyukov/workspace/personal/tt-ihp-int8-npu/src/npu_core.sv:329$720 ($eq).
Removed top 1 bits (of 4) from port B of cell npu_core.$auto$opt_dff.cc:195:make_patterns_logic$3018 ($ne).
Removed top 29 bits (of 32) from port A of cell npu_core.$add$/home/danieltyukov/workspace/personal/tt-ihp-int8-npu/src/npu_core.sv:298$739 ($add).
Removed top 29 bits (of 32) from port B of cell npu_core.$add$/home/danieltyukov/workspace/personal/tt-ihp-int8-npu/src/npu_core.sv:298$739 ($add).
Removed top 28 bits (of 32) from port Y of cell npu_core.$add$/home/danieltyukov/workspace/personal/tt-ihp-int8-npu/src/npu_core.sv:298$739 ($add).
Removed top 28 bits (of 32) from port A of cell npu_core.$mul$/home/danieltyukov/workspace/personal/tt-ihp-int8-npu/src/npu_core.sv:299$740 ($mul).
Removed top 27 bits (of 29) from port B of cell npu_core.$mul$/home/danieltyukov/workspace/personal/tt-ihp-int8-npu/src/npu_core.sv:299$740 ($mul).
Removed top 23 bits (of 29) from port Y of cell npu_core.$mul$/home/danieltyukov/workspace/personal/tt-ihp-int8-npu/src/npu_core.sv:299$740 ($mul).
Removed top 22 bits (of 32) from port B of cell npu_core.$shiftx$/home/danieltyukov/workspace/personal/tt-ihp-int8-npu/src/npu_core.sv:0$742 ($shiftx).
Removed top 2 bits (of 3) from port B of cell npu_core.$eq$/home/danieltyukov/workspace/personal/tt-ihp-int8-npu/src/npu_core.sv:329$755 ($eq).
Removed top 1 bits (of 3) from port B of cell npu_core.$eq$/home/danieltyukov/workspace/personal/tt-ihp-int8-npu/src/npu_core.sv:329$761 ($eq).
Removed top 1 bits (of 3) from port B of cell npu_core.$eq$/home/danieltyukov/workspace/personal/tt-ihp-int8-npu/src/npu_core.sv:329$767 ($eq).
Removed top 2 bits (of 4) from port B of cell npu_core.$auto$opt_dff.cc:195:make_patterns_logic$3014 ($ne).
Removed top 2 bits (of 3) from port B of cell npu_core.$auto$opt_dff.cc:195:make_patterns_logic$2922 ($ne).
Removed top 2 bits (of 3) from port B of cell npu_core.$eq$/home/danieltyukov/workspace/personal/tt-ihp-int8-npu/src/npu_core.sv:395$802 ($eq).
Removed top 1 bits (of 4) from port B of cell npu_core.$auto$opt_dff.cc:195:make_patterns_logic$2929 ($ne).
Removed top 1 bits (of 3) from port B of cell npu_core.$eq$/home/danieltyukov/workspace/personal/tt-ihp-int8-npu/src/npu_core.sv:395$818 ($eq).
Removed top 1 bits (of 3) from port B of cell npu_core.$eq$/home/danieltyukov/workspace/personal/tt-ihp-int8-npu/src/npu_core.sv:395$834 ($eq).
Removed top 1 bits (of 3) from port B of cell npu_core.$auto$opt_dff.cc:195:make_patterns_logic$3000 ($ne).
Removed top 2 bits (of 3) from port B of cell npu_core.$auto$opt_dff.cc:195:make_patterns_logic$2993 ($ne).
Removed top 1 bits (of 25) from port Y of cell npu_core.$flatten\g_bank[1].u_acc_add.$and$/home/danieltyukov/workspace/personal/tt-ihp-int8-npu/src/npu_adder.sv:60$1082 ($and).
Removed top 1 bits (of 25) from port A of cell npu_core.$flatten\g_bank[1].u_acc_add.$and$/home/danieltyukov/workspace/personal/tt-ihp-int8-npu/src/npu_adder.sv:60$1082 ($and).
Removed top 1 bits (of 25) from port B of cell npu_core.$flatten\g_bank[1].u_acc_add.$and$/home/danieltyukov/workspace/personal/tt-ihp-int8-npu/src/npu_adder.sv:60$1082 ($and).
Removed top 1 bits (of 25) from port Y of cell npu_core.$flatten\g_bank[0].u_acc_add.$and$/home/danieltyukov/workspace/personal/tt-ihp-int8-npu/src/npu_adder.sv:60$1082 ($and).
Removed top 1 bits (of 25) from port A of cell npu_core.$flatten\g_bank[0].u_acc_add.$and$/home/danieltyukov/workspace/personal/tt-ihp-int8-npu/src/npu_adder.sv:60$1082 ($and).
Removed top 1 bits (of 25) from port B of cell npu_core.$flatten\g_bank[0].u_acc_add.$and$/home/danieltyukov/workspace/personal/tt-ihp-int8-npu/src/npu_adder.sv:60$1082 ($and).
Removed top 1 bits (of 2) from port B of cell npu_core.$flatten\u_act.$eq$/home/danieltyukov/workspace/personal/tt-ihp-int8-npu/src/npu_activation.sv:51$12 ($eq).
Removed top 2 bits (of 10) from port B of cell npu_core.$flatten\u_act.$lt$/home/danieltyukov/workspace/personal/tt-ihp-int8-npu/src/npu_activation.sv:45$5 ($lt).
Removed top 2 bits (of 10) from port B of cell npu_core.$flatten\u_act.$gt$/home/danieltyukov/workspace/personal/tt-ihp-int8-npu/src/npu_activation.sv:44$4 ($gt).
Removed top 1 bits (of 5) from port B of cell npu_core.$auto$opt_dff.cc:195:make_patterns_logic$2897 ($ne).
Removed top 2 bits (of 3) from port B of cell npu_core.$auto$opt_dff.cc:195:make_patterns_logic$2890 ($ne).
Removed top 1 bits (of 4) from port B of cell npu_core.$auto$opt_dff.cc:195:make_patterns_logic$2886 ($ne).
Removed top 1 bits (of 26) from port Y of cell npu_core.$flatten\u_requant.\u_add.$and$/home/danieltyukov/workspace/personal/tt-ihp-int8-npu/src/npu_adder.sv:60$1383 ($and).
Removed top 1 bits (of 26) from port A of cell npu_core.$flatten\u_requant.\u_add.$and$/home/danieltyukov/workspace/personal/tt-ihp-int8-npu/src/npu_adder.sv:60$1383 ($and).
Removed top 1 bits (of 26) from port B of cell npu_core.$flatten\u_requant.\u_add.$and$/home/danieltyukov/workspace/personal/tt-ihp-int8-npu/src/npu_adder.sv:60$1383 ($and).
Removed top 2 bits (of 45) from mux cell npu_core.$flatten\u_requant.$procmux$2624 ($mux).
Removed top 1 bits (of 4) from port B of cell npu_core.$auto$opt_dff.cc:195:make_patterns_logic$3046 ($ne).
Removed top 1 bits (of 2) from port B of cell npu_core.$flatten\u_requant.$procmux$2586_CMP0 ($eq).
Removed top 5 bits (of 6) from port B of cell npu_core.$flatten\u_requant.$eq$/home/danieltyukov/workspace/personal/tt-ihp-int8-npu/src/npu_requant.sv:185$1076 ($eq).
Removed top 5 bits (of 6) from port B of cell npu_core.$flatten\u_requant.$sub$/home/danieltyukov/workspace/personal/tt-ihp-int8-npu/src/npu_requant.sv:184$1075 ($sub).
Removed top 3 bits (of 6) from port B of cell npu_core.$flatten\u_requant.$eq$/home/danieltyukov/workspace/personal/tt-ihp-int8-npu/src/npu_requant.sv:179$1073 ($eq).
Removed top 3 bits (of 6) from port B of cell npu_core.$flatten\u_requant.$sub$/home/danieltyukov/workspace/personal/tt-ihp-int8-npu/src/npu_requant.sv:178$1072 ($sub).
Removed top 3 bits (of 6) from port B of cell npu_core.$flatten\u_requant.$ge$/home/danieltyukov/workspace/personal/tt-ihp-int8-npu/src/npu_requant.sv:174$1067 ($ge).
Removed top 1 bits (of 2) from mux cell npu_core.$flatten\u_requant.$ternary$/home/danieltyukov/workspace/personal/tt-ihp-int8-npu/src/npu_requant.sv:168$1066 ($mux).
Removed top 3 bits (of 4) from port B of cell npu_core.$flatten\u_requant.$eq$/home/danieltyukov/workspace/personal/tt-ihp-int8-npu/src/npu_requant.sv:168$1064 ($eq).
Removed top 1 bits (of 6) from port A of cell npu_core.$flatten\u_requant.$add$/home/danieltyukov/workspace/personal/tt-ihp-int8-npu/src/npu_requant.sv:157$1062 ($add).
Removed top 1 bits (of 6) from port B of cell npu_core.$flatten\u_requant.$add$/home/danieltyukov/workspace/personal/tt-ihp-int8-npu/src/npu_requant.sv:157$1062 ($add).
Removed top 18 bits (of 26) from port B of cell npu_core.$flatten\u_requant.$lt$/home/danieltyukov/workspace/personal/tt-ihp-int8-npu/src/npu_requant.sv:131$1057 ($lt).
Removed top 18 bits (of 26) from port B of cell npu_core.$flatten\u_requant.$gt$/home/danieltyukov/workspace/personal/tt-ihp-int8-npu/src/npu_requant.sv:130$1056 ($gt).
Removed top 6 bits (of 16) from port B of cell npu_core.$flatten\u_array.\g_row[3].g_col[0].u_pe.\u_mul.\g_bw.g_wallace.u_tree.$xor$/home/danieltyukov/workspace/personal/tt-ihp-int8-npu/src/npu_csa_reduce.sv:49$1714 ($xor).
Removed top 8 bits (of 16) from port A of cell npu_core.$flatten\u_array.\g_row[3].g_col[0].u_pe.\u_mul.\g_bw.g_wallace.u_tree.$and$/home/danieltyukov/workspace/personal/tt-ihp-int8-npu/src/npu_csa_reduce.sv:53$1715 ($and).
Removed top 7 bits (of 16) from port B of cell npu_core.$flatten\u_array.\g_row[3].g_col[0].u_pe.\u_mul.\g_bw.g_wallace.u_tree.$and$/home/danieltyukov/workspace/personal/tt-ihp-int8-npu/src/npu_csa_reduce.sv:53$1715 ($and).
Removed top 7 bits (of 16) from port Y of cell npu_core.$flatten\u_array.\g_row[3].g_col[0].u_pe.\u_mul.\g_bw.g_wallace.u_tree.$and$/home/danieltyukov/workspace/personal/tt-ihp-int8-npu/src/npu_csa_reduce.sv:53$1715 ($and).
Removed top 8 bits (of 16) from port A of cell npu_core.$flatten\u_array.\g_row[3].g_col[0].u_pe.\u_mul.\g_bw.g_wallace.u_tree.$and$/home/danieltyukov/workspace/personal/tt-ihp-int8-npu/src/npu_csa_reduce.sv:53$1716 ($and).
Removed top 6 bits (of 16) from port B of cell npu_core.$flatten\u_array.\g_row[3].g_col[0].u_pe.\u_mul.\g_bw.g_wallace.u_tree.$and$/home/danieltyukov/workspace/personal/tt-ihp-int8-npu/src/npu_csa_reduce.sv:53$1716 ($and).
Removed top 6 bits (of 16) from port Y of cell npu_core.$flatten\u_array.\g_row[3].g_col[0].u_pe.\u_mul.\g_bw.g_wallace.u_tree.$and$/home/danieltyukov/workspace/personal/tt-ihp-int8-npu/src/npu_csa_reduce.sv:53$1716 ($and).
Removed top 7 bits (of 16) from port A of cell npu_core.$flatten\u_array.\g_row[3].g_col[0].u_pe.\u_mul.\g_bw.g_wallace.u_tree.$or$/home/danieltyukov/workspace/personal/tt-ihp-int8-npu/src/npu_csa_reduce.sv:53$1717 ($or).
Removed top 6 bits (of 16) from port B of cell npu_core.$flatten\u_array.\g_row[3].g_col[0].u_pe.\u_mul.\g_bw.g_wallace.u_tree.$or$/home/danieltyukov/workspace/personal/tt-ihp-int8-npu/src/npu_csa_reduce.sv:53$1717 ($or).
Removed top 6 bits (of 16) from port Y of cell npu_core.$flatten\u_array.\g_row[3].g_col[0].u_pe.\u_mul.\g_bw.g_wallace.u_tree.$or$/home/danieltyukov/workspace/personal/tt-ihp-int8-npu/src/npu_csa_reduce.sv:53$1717 ($or).
Removed top 7 bits (of 16) from port A of cell npu_core.$flatten\u_array.\g_row[3].g_col[0].u_pe.\u_mul.\g_bw.g_wallace.u_tree.$and$/home/danieltyukov/workspace/personal/tt-ihp-int8-npu/src/npu_csa_reduce.sv:53$1718 ($and).
Removed top 6 bits (of 16) from port B of cell npu_core.$flatten\u_array.\g_row[3].g_col[0].u_pe.\u_mul.\g_bw.g_wallace.u_tree.$and$/home/danieltyukov/workspace/personal/tt-ihp-int8-npu/src/npu_csa_reduce.sv:53$1718 ($and).
Removed top 6 bits (of 16) from port Y of cell npu_core.$flatten\u_array.\g_row[3].g_col[0].u_pe.\u_mul.\g_bw.g_wallace.u_tree.$and$/home/danieltyukov/workspace/personal/tt-ihp-int8-npu/src/npu_csa_reduce.sv:53$1718 ($and).
Removed top 6 bits (of 16) from port A of cell npu_core.$flatten\u_array.\g_row[3].g_col[0].u_pe.\u_mul.\g_bw.g_wallace.u_tree.$or$/home/danieltyukov/workspace/personal/tt-ihp-int8-npu/src/npu_csa_reduce.sv:53$1719 ($or).
Removed top 6 bits (of 16) from port B of cell npu_core.$flatten\u_array.\g_row[3].g_col[0].u_pe.\u_mul.\g_bw.g_wallace.u_tree.$or$/home/danieltyukov/workspace/personal/tt-ihp-int8-npu/src/npu_csa_reduce.sv:53$1719 ($or).
Removed top 6 bits (of 16) from port Y of cell npu_core.$flatten\u_array.\g_row[3].g_col[0].u_pe.\u_mul.\g_bw.g_wallace.u_tree.$or$/home/danieltyukov/workspace/personal/tt-ihp-int8-npu/src/npu_csa_reduce.sv:53$1719 ($or).
Removed top 5 bits (of 16) from port A of cell npu_core.$flatten\u_array.\g_row[3].g_col[0].u_pe.\u_mul.\g_bw.g_wallace.u_tree.$xor$/home/danieltyukov/workspace/personal/tt-ihp-int8-npu/src/npu_csa_reduce.sv:49$1720 ($xor).
Removed top 4 bits (of 16) from port B of cell npu_core.$flatten\u_array.\g_row[3].g_col[0].u_pe.\u_mul.\g_bw.g_wallace.u_tree.$xor$/home/danieltyukov/workspace/personal/tt-ihp-int8-npu/src/npu_csa_reduce.sv:49$1720 ($xor).
Removed top 4 bits (of 16) from port Y of cell npu_core.$flatten\u_array.\g_row[3].g_col[0].u_pe.\u_mul.\g_bw.g_wallace.u_tree.$xor$/home/danieltyukov/workspace/personal/tt-ihp-int8-npu/src/npu_csa_reduce.sv:49$1720 ($xor).
Removed top 4 bits (of 16) from port A of cell npu_core.$flatten\u_array.\g_row[3].g_col[0].u_pe.\u_mul.\g_bw.g_wallace.u_tree.$xor$/home/danieltyukov/workspace/personal/tt-ihp-int8-npu/src/npu_csa_reduce.sv:49$1721 ($xor).
Removed top 3 bits (of 16) from port B of cell npu_core.$flatten\u_array.\g_row[3].g_col[0].u_pe.\u_mul.\g_bw.g_wallace.u_tree.$xor$/home/danieltyukov/workspace/personal/tt-ihp-int8-npu/src/npu_csa_reduce.sv:49$1721 ($xor).
Removed top 3 bits (of 16) from port Y of cell npu_core.$flatten\u_array.\g_row[3].g_col[0].u_pe.\u_mul.\g_bw.g_wallace.u_tree.$xor$/home/danieltyukov/workspace/personal/tt-ihp-int8-npu/src/npu_csa_reduce.sv:49$1721 ($xor).
Removed top 5 bits (of 16) from port A of cell npu_core.$flatten\u_array.\g_row[3].g_col[0].u_pe.\u_mul.\g_bw.g_wallace.u_tree.$and$/home/danieltyukov/workspace/personal/tt-ihp-int8-npu/src/npu_csa_reduce.sv:53$1722 ($and).
Removed top 4 bits (of 16) from port B of cell npu_core.$flatten\u_array.\g_row[3].g_col[0].u_pe.\u_mul.\g_bw.g_wallace.u_tree.$and$/home/danieltyukov/workspace/personal/tt-ihp-int8-npu/src/npu_csa_reduce.sv:53$1722 ($and).
Removed top 4 bits (of 16) from port Y of cell npu_core.$flatten\u_array.\g_row[3].g_col[0].u_pe.\u_mul.\g_bw.g_wallace.u_tree.$and$/home/danieltyukov/workspace/personal/tt-ihp-int8-npu/src/npu_csa_reduce.sv:53$1722 ($and).
Removed top 5 bits (of 16) from port A of cell npu_core.$flatten\u_array.\g_row[3].g_col[0].u_pe.\u_mul.\g_bw.g_wallace.u_tree.$and$/home/danieltyukov/workspace/personal/tt-ihp-int8-npu/src/npu_csa_reduce.sv:53$1723 ($and).
Removed top 3 bits (of 16) from port B of cell npu_core.$flatten\u_array.\g_row[3].g_col[0].u_pe.\u_mul.\g_bw.g_wallace.u_tree.$and$/home/danieltyukov/workspace/personal/tt-ihp-int8-npu/src/npu_csa_reduce.sv:53$1723 ($and).
Removed top 3 bits (of 16) from port Y of cell npu_core.$flatten\u_array.\g_row[3].g_col[0].u_pe.\u_mul.\g_bw.g_wallace.u_tree.$and$/home/danieltyukov/workspace/personal/tt-ihp-int8-npu/src/npu_csa_reduce.sv:53$1723 ($and).
Removed top 4 bits (of 16) from port A of cell npu_core.$flatten\u_array.\g_row[3].g_col[0].u_pe.\u_mul.\g_bw.g_wallace.u_tree.$or$/home/danieltyukov/workspace/personal/tt-ihp-int8-npu/src/npu_csa_reduce.sv:53$1724 ($or).
Removed top 3 bits (of 16) from port B of cell npu_core.$flatten\u_array.\g_row[3].g_col[0].u_pe.\u_mul.\g_bw.g_wallace.u_tree.$or$/home/danieltyukov/workspace/personal/tt-ihp-int8-npu/src/npu_csa_reduce.sv:53$1724 ($or).
Removed top 3 bits (of 16) from port Y of cell npu_core.$flatten\u_array.\g_row[3].g_col[0].u_pe.\u_mul.\g_bw.g_wallace.u_tree.$or$/home/danieltyukov/workspace/personal/tt-ihp-int8-npu/src/npu_csa_reduce.sv:53$1724 ($or).
Removed top 4 bits (of 16) from port A of cell npu_core.$flatten\u_array.\g_row[3].g_col[0].u_pe.\u_mul.\g_bw.g_wallace.u_tree.$and$/home/danieltyukov/workspace/personal/tt-ihp-int8-npu/src/npu_csa_reduce.sv:53$1725 ($and).
Removed top 3 bits (of 16) from port B of cell npu_core.$flatten\u_array.\g_row[3].g_col[0].u_pe.\u_mul.\g_bw.g_wallace.u_tree.$and$/home/danieltyukov/workspace/personal/tt-ihp-int8-npu/src/npu_csa_reduce.sv:53$1725 ($and).
Removed top 3 bits (of 16) from port Y of cell npu_core.$flatten\u_array.\g_row[3].g_col[0].u_pe.\u_mul.\g_bw.g_wallace.u_tree.$and$/home/danieltyukov/workspace/personal/tt-ihp-int8-npu/src/npu_csa_reduce.sv:53$1725 ($and).
Removed top 3 bits (of 16) from port A of cell npu_core.$flatten\u_array.\g_row[3].g_col[0].u_pe.\u_mul.\g_bw.g_wallace.u_tree.$or$/home/danieltyukov/workspace/personal/tt-ihp-int8-npu/src/npu_csa_reduce.sv:53$1726 ($or).
Removed top 3 bits (of 16) from port B of cell npu_core.$flatten\u_array.\g_row[3].g_col[0].u_pe.\u_mul.\g_bw.g_wallace.u_tree.$or$/home/danieltyukov/workspace/personal/tt-ihp-int8-npu/src/npu_csa_reduce.sv:53$1726 ($or).
Removed top 3 bits (of 16) from port Y of cell npu_core.$flatten\u_array.\g_row[3].g_col[0].u_pe.\u_mul.\g_bw.g_wallace.u_tree.$or$/home/danieltyukov/workspace/personal/tt-ihp-int8-npu/src/npu_csa_reduce.sv:53$1726 ($or).
Removed top 2 bits (of 16) from port A of cell npu_core.$flatten\u_array.\g_row[3].g_col[0].u_pe.\u_mul.\g_bw.g_wallace.u_tree.$xor$/home/danieltyukov/workspace/personal/tt-ihp-int8-npu/src/npu_csa_reduce.sv:49$1727 ($xor).
Removed top 1 bits (of 16) from port B of cell npu_core.$flatten\u_array.\g_row[3].g_col[0].u_pe.\u_mul.\g_bw.g_wallace.u_tree.$xor$/home/danieltyukov/workspace/personal/tt-ihp-int8-npu/src/npu_csa_reduce.sv:49$1727 ($xor).
Removed top 1 bits (of 16) from port Y of cell npu_core.$flatten\u_array.\g_row[3].g_col[0].u_pe.\u_mul.\g_bw.g_wallace.u_tree.$xor$/home/danieltyukov/workspace/personal/tt-ihp-int8-npu/src/npu_csa_reduce.sv:49$1727 ($xor).
Removed top 2 bits (of 16) from port A of cell npu_core.$flatten\u_array.\g_row[3].g_col[0].u_pe.\u_mul.\g_bw.g_wallace.u_tree.$and$/home/danieltyukov/workspace/personal/tt-ihp-int8-npu/src/npu_csa_reduce.sv:53$1729 ($and).
Removed top 1 bits (of 16) from port B of cell npu_core.$flatten\u_array.\g_row[3].g_col[0].u_pe.\u_mul.\g_bw.g_wallace.u_tree.$and$/home/danieltyukov/workspace/personal/tt-ihp-int8-npu/src/npu_csa_reduce.sv:53$1729 ($and).
Removed top 1 bits (of 16) from port Y of cell npu_core.$flatten\u_array.\g_row[3].g_col[0].u_pe.\u_mul.\g_bw.g_wallace.u_tree.$and$/home/danieltyukov/workspace/personal/tt-ihp-int8-npu/src/npu_csa_reduce.sv:53$1729 ($and).
Removed top 1 bits (of 16) from port A of cell npu_core.$flatten\u_array.\g_row[3].g_col[0].u_pe.\u_mul.\g_bw.g_wallace.u_tree.$or$/home/danieltyukov/workspace/personal/tt-ihp-int8-npu/src/npu_csa_reduce.sv:53$1731 ($or).
Removed top 7 bits (of 16) from port B of cell npu_core.$flatten\u_array.\g_row[3].g_col[0].u_pe.\u_mul.\g_bw.g_wallace.u_tree.$or$/home/danieltyukov/workspace/personal/tt-ihp-int8-npu/src/npu_csa_reduce.sv:53$1731 ($or).
Removed top 1 bits (of 16) from port Y of cell npu_core.$flatten\u_array.\g_row[3].g_col[0].u_pe.\u_mul.\g_bw.g_wallace.u_tree.$or$/home/danieltyukov/workspace/personal/tt-ihp-int8-npu/src/npu_csa_reduce.sv:53$1731 ($or).
Removed top 1 bits (of 2) from port A of cell npu_core.$auto$opt_expr.cc:706:replace_const_cells$2743 ($not).
Removed top 1 bits (of 16) from port A of cell npu_core.$flatten\u_array.\g_row[3].g_col[0].u_pe.\u_mul.\g_bw.g_wallace.u_tree.$or$/home/danieltyukov/workspace/personal/tt-ihp-int8-npu/src/npu_csa_reduce.sv:53$1733 ($or).
Removed top 7 bits (of 16) from port B of cell npu_core.$flatten\u_array.\g_row[3].g_col[0].u_pe.\u_mul.\g_bw.g_wallace.u_tree.$or$/home/danieltyukov/workspace/personal/tt-ihp-int8-npu/src/npu_csa_reduce.sv:53$1733 ($or).
Removed top 1 bits (of 16) from port Y of cell npu_core.$flatten\u_array.\g_row[3].g_col[0].u_pe.\u_mul.\g_bw.g_wallace.u_tree.$or$/home/danieltyukov/workspace/personal/tt-ihp-int8-npu/src/npu_csa_reduce.sv:53$1733 ($or).
Removed top 5 bits (of 16) from port B of cell npu_core.$flatten\u_array.\g_row[3].g_col[0].u_pe.\u_mul.\g_bw.g_wallace.u_tree.\genblk1.g_reduce.u_next.$xor$/home/danieltyukov/workspace/personal/tt-ihp-int8-npu/src/npu_csa_reduce.sv:49$1839 ($xor).
Removed top 1 bits (of 16) from port Y of cell npu_core.$flatten\u_array.\g_row[3].g_col[0].u_pe.\u_mul.\g_bw.g_wallace.u_tree.\genblk1.g_reduce.u_next.\genblk1.g_reduce.u_next.$or$/home/danieltyukov/workspace/personal/tt-ihp-int8-npu/src/npu_csa_reduce.sv:53$1860 ($or).
Removed top 1 bits (of 16) from port A of cell npu_core.$flatten\u_array.\g_row[3].g_col[0].u_pe.\u_mul.\g_bw.g_wallace.u_tree.\genblk1.g_reduce.u_next.\genblk1.g_reduce.u_next.$or$/home/danieltyukov/workspace/personal/tt-ihp-int8-npu/src/npu_csa_reduce.sv:53$1860 ($or).
Removed top 1 bits (of 16) from port B of cell npu_core.$flatten\u_array.\g_row[3].g_col[0].u_pe.\u_mul.\g_bw.g_wallace.u_tree.\genblk1.g_reduce.u_next.\genblk1.g_reduce.u_next.$or$/home/danieltyukov/workspace/personal/tt-ihp-int8-npu/src/npu_csa_reduce.sv:53$1860 ($or).
Removed top 1 bits (of 16) from port Y of cell npu_core.$flatten\u_array.\g_row[3].g_col[0].u_pe.\u_mul.\g_bw.g_wallace.u_tree.\genblk1.g_reduce.u_next.\genblk1.g_reduce.u_next.\genblk1.g_reduce.u_next.$or$/home/danieltyukov/workspace/personal/tt-ihp-int8-npu/src/npu_csa_reduce.sv:53$1711 ($or).
Removed top 1 bits (of 16) from port A of cell npu_core.$flatten\u_array.\g_row[3].g_col[0].u_pe.\u_mul.\g_bw.g_wallace.u_tree.\genblk1.g_reduce.u_next.\genblk1.g_reduce.u_next.\genblk1.g_reduce.u_next.$or$/home/danieltyukov/workspace/personal/tt-ihp-int8-npu/src/npu_csa_reduce.sv:53$1711 ($or).
Removed top 1 bits (of 16) from port B of cell npu_core.$flatten\u_array.\g_row[3].g_col[0].u_pe.\u_mul.\g_bw.g_wallace.u_tree.\genblk1.g_reduce.u_next.\genblk1.g_reduce.u_next.\genblk1.g_reduce.u_next.$or$/home/danieltyukov/workspace/personal/tt-ihp-int8-npu/src/npu_csa_reduce.sv:53$1711 ($or).
Removed top 1 bits (of 16) from port Y of cell npu_core.$flatten\u_array.\g_row[3].g_col[0].u_pe.\u_mul.\g_bw.g_wallace.u_tree.\genblk1.g_reduce.u_next.\genblk1.g_reduce.u_next.\genblk1.g_reduce.u_next.$and$/home/danieltyukov/workspace/personal/tt-ihp-int8-npu/src/npu_csa_reduce.sv:53$1710 ($and).
Removed top 1 bits (of 16) from port A of cell npu_core.$flatten\u_array.\g_row[3].g_col[0].u_pe.\u_mul.\g_bw.g_wallace.u_tree.\genblk1.g_reduce.u_next.\genblk1.g_reduce.u_next.\genblk1.g_reduce.u_next.$and$/home/danieltyukov/workspace/personal/tt-ihp-int8-npu/src/npu_csa_reduce.sv:53$1710 ($and).
Removed top 1 bits (of 16) from port B of cell npu_core.$flatten\u_array.\g_row[3].g_col[0].u_pe.\u_mul.\g_bw.g_wallace.u_tree.\genblk1.g_reduce.u_next.\genblk1.g_reduce.u_next.\genblk1.g_reduce.u_next.$and$/home/danieltyukov/workspace/personal/tt-ihp-int8-npu/src/npu_csa_reduce.sv:53$1710 ($and).
Removed top 1 bits (of 16) from port Y of cell npu_core.$flatten\u_array.\g_row[3].g_col[0].u_pe.\u_mul.\g_bw.g_wallace.u_tree.\genblk1.g_reduce.u_next.\genblk1.g_reduce.u_next.\genblk1.g_reduce.u_next.$or$/home/danieltyukov/workspace/personal/tt-ihp-int8-npu/src/npu_csa_reduce.sv:53$1709 ($or).
Removed top 1 bits (of 16) from port A of cell npu_core.$flatten\u_array.\g_row[3].g_col[0].u_pe.\u_mul.\g_bw.g_wallace.u_tree.\genblk1.g_reduce.u_next.\genblk1.g_reduce.u_next.\genblk1.g_reduce.u_next.$or$/home/danieltyukov/workspace/personal/tt-ihp-int8-npu/src/npu_csa_reduce.sv:53$1709 ($or).
Removed top 1 bits (of 16) from port B of cell npu_core.$flatten\u_array.\g_row[3].g_col[0].u_pe.\u_mul.\g_bw.g_wallace.u_tree.\genblk1.g_reduce.u_next.\genblk1.g_reduce.u_next.\genblk1.g_reduce.u_next.$or$/home/danieltyukov/workspace/personal/tt-ihp-int8-npu/src/npu_csa_reduce.sv:53$1709 ($or).
Removed top 1 bits (of 16) from port Y of cell npu_core.$flatten\u_array.\g_row[3].g_col[0].u_pe.\u_mul.\g_bw.g_wallace.u_tree.\genblk1.g_reduce.u_next.\genblk1.g_reduce.u_next.\genblk1.g_reduce.u_next.$and$/home/danieltyukov/workspace/personal/tt-ihp-int8-npu/src/npu_csa_reduce.sv:53$1708 ($and).
Removed top 1 bits (of 16) from port A of cell npu_core.$flatten\u_array.\g_row[3].g_col[0].u_pe.\u_mul.\g_bw.g_wallace.u_tree.\genblk1.g_reduce.u_next.\genblk1.g_reduce.u_next.\genblk1.g_reduce.u_next.$and$/home/danieltyukov/workspace/personal/tt-ihp-int8-npu/src/npu_csa_reduce.sv:53$1708 ($and).
Removed top 1 bits (of 16) from port B of cell npu_core.$flatten\u_array.\g_row[3].g_col[0].u_pe.\u_mul.\g_bw.g_wallace.u_tree.\genblk1.g_reduce.u_next.\genblk1.g_reduce.u_next.\genblk1.g_reduce.u_next.$and$/home/danieltyukov/workspace/personal/tt-ihp-int8-npu/src/npu_csa_reduce.sv:53$1708 ($and).
Removed top 1 bits (of 16) from port Y of cell npu_core.$flatten\u_array.\g_row[3].g_col[0].u_pe.\u_mul.\g_bw.g_wallace.u_tree.\genblk1.g_reduce.u_next.\genblk1.g_reduce.u_next.\genblk1.g_reduce.u_next.$and$/home/danieltyukov/workspace/personal/tt-ihp-int8-npu/src/npu_csa_reduce.sv:53$1707 ($and).
Removed top 1 bits (of 16) from port A of cell npu_core.$flatten\u_array.\g_row[3].g_col[0].u_pe.\u_mul.\g_bw.g_wallace.u_tree.\genblk1.g_reduce.u_next.\genblk1.g_reduce.u_next.\genblk1.g_reduce.u_next.$and$/home/danieltyukov/workspace/personal/tt-ihp-int8-npu/src/npu_csa_reduce.sv:53$1707 ($and).
Removed top 1 bits (of 16) from port B of cell npu_core.$flatten\u_array.\g_row[3].g_col[0].u_pe.\u_mul.\g_bw.g_wallace.u_tree.\genblk1.g_reduce.u_next.\genblk1.g_reduce.u_next.\genblk1.g_reduce.u_next.$and$/home/danieltyukov/workspace/personal/tt-ihp-int8-npu/src/npu_csa_reduce.sv:53$1707 ($and).
Removed top 1 bits (of 16) from port Y of cell npu_core.$flatten\u_array.\g_row[3].g_col[0].u_pe.\u_mul.\g_bw.g_wallace.u_tree.\genblk1.g_reduce.u_next.$or$/home/danieltyukov/workspace/personal/tt-ihp-int8-npu/src/npu_csa_reduce.sv:53$1852 ($or).
Removed top 1 bits (of 16) from port A of cell npu_core.$flatten\u_array.\g_row[3].g_col[0].u_pe.\u_mul.\g_bw.g_wallace.u_tree.\genblk1.g_reduce.u_next.$or$/home/danieltyukov/workspace/personal/tt-ihp-int8-npu/src/npu_csa_reduce.sv:53$1852 ($or).
Removed top 1 bits (of 16) from port B of cell npu_core.$flatten\u_array.\g_row[3].g_col[0].u_pe.\u_mul.\g_bw.g_wallace.u_tree.\genblk1.g_reduce.u_next.$or$/home/danieltyukov/workspace/personal/tt-ihp-int8-npu/src/npu_csa_reduce.sv:53$1852 ($or).
Removed top 1 bits (of 16) from port Y of cell npu_core.$flatten\u_array.\g_row[3].g_col[0].u_pe.\u_mul.\g_bw.g_wallace.u_tree.\genblk1.g_reduce.u_next.$and$/home/danieltyukov/workspace/personal/tt-ihp-int8-npu/src/npu_csa_reduce.sv:53$1851 ($and).
Removed top 1 bits (of 16) from port A of cell npu_core.$flatten\u_array.\g_row[3].g_col[0].u_pe.\u_mul.\g_bw.g_wallace.u_tree.\genblk1.g_reduce.u_next.$and$/home/danieltyukov/workspace/personal/tt-ihp-int8-npu/src/npu_csa_reduce.sv:53$1851 ($and).
Removed top 1 bits (of 16) from port B of cell npu_core.$flatten\u_array.\g_row[3].g_col[0].u_pe.\u_mul.\g_bw.g_wallace.u_tree.\genblk1.g_reduce.u_next.$and$/home/danieltyukov/workspace/personal/tt-ihp-int8-npu/src/npu_csa_reduce.sv:53$1851 ($and).
Removed top 1 bits (of 16) from port Y of cell npu_core.$flatten\u_array.\g_row[3].g_col[0].u_pe.\u_mul.\g_bw.g_wallace.u_tree.\genblk1.g_reduce.u_next.$or$/home/danieltyukov/workspace/personal/tt-ihp-int8-npu/src/npu_csa_reduce.sv:53$1850 ($or).
Removed top 1 bits (of 16) from port A of cell npu_core.$flatten\u_array.\g_row[3].g_col[0].u_pe.\u_mul.\g_bw.g_wallace.u_tree.\genblk1.g_reduce.u_next.$or$/home/danieltyukov/workspace/personal/tt-ihp-int8-npu/src/npu_csa_reduce.sv:53$1850 ($or).
Removed top 1 bits (of 16) from port B of cell npu_core.$flatten\u_array.\g_row[3].g_col[0].u_pe.\u_mul.\g_bw.g_wallace.u_tree.\genblk1.g_reduce.u_next.$or$/home/danieltyukov/workspace/personal/tt-ihp-int8-npu/src/npu_csa_reduce.sv:53$1850 ($or).
Removed top 2 bits (of 16) from port A of cell npu_core.$flatten\u_array.\g_row[3].g_col[0].u_pe.\u_mul.\g_bw.g_wallace.u_tree.\genblk1.g_reduce.u_next.$and$/home/danieltyukov/workspace/personal/tt-ihp-int8-npu/src/npu_csa_reduce.sv:53$1849 ($and).
Removed top 1 bits (of 16) from port Y of cell npu_core.$flatten\u_array.\g_row[3].g_col[0].u_pe.\u_mul.\g_bw.g_wallace.u_tree.\genblk1.g_reduce.u_next.$and$/home/danieltyukov/workspace/personal/tt-ihp-int8-npu/src/npu_csa_reduce.sv:53$1849 ($and).
Removed top 1 bits (of 16) from port B of cell npu_core.$flatten\u_array.\g_row[3].g_col[0].u_pe.\u_mul.\g_bw.g_wallace.u_tree.\genblk1.g_reduce.u_next.$and$/home/danieltyukov/workspace/personal/tt-ihp-int8-npu/src/npu_csa_reduce.sv:53$1849 ($and).
Removed top 2 bits (of 16) from port A of cell npu_core.$flatten\u_array.\g_row[3].g_col[0].u_pe.\u_mul.\g_bw.g_wallace.u_tree.\genblk1.g_reduce.u_next.$and$/home/danieltyukov/workspace/personal/tt-ihp-int8-npu/src/npu_csa_reduce.sv:53$1848 ($and).
Removed top 1 bits (of 16) from port Y of cell npu_core.$flatten\u_array.\g_row[3].g_col[0].u_pe.\u_mul.\g_bw.g_wallace.u_tree.\genblk1.g_reduce.u_next.$and$/home/danieltyukov/workspace/personal/tt-ihp-int8-npu/src/npu_csa_reduce.sv:53$1848 ($and).
Removed top 1 bits (of 16) from port B of cell npu_core.$flatten\u_array.\g_row[3].g_col[0].u_pe.\u_mul.\g_bw.g_wallace.u_tree.\genblk1.g_reduce.u_next.$and$/home/danieltyukov/workspace/personal/tt-ihp-int8-npu/src/npu_csa_reduce.sv:53$1848 ($and).
Removed top 2 bits (of 16) from port A of cell npu_core.$flatten\u_array.\g_row[3].g_col[0].u_pe.\u_mul.\g_bw.g_wallace.u_tree.\genblk1.g_reduce.u_next.$xor$/home/danieltyukov/workspace/personal/tt-ihp-int8-npu/src/npu_csa_reduce.sv:49$1846 ($xor).
Removed top 1 bits (of 16) from port Y of cell npu_core.$flatten\u_array.\g_row[3].g_col[0].u_pe.\u_mul.\g_bw.g_wallace.u_tree.\genblk1.g_reduce.u_next.$or$/home/danieltyukov/workspace/personal/tt-ihp-int8-npu/src/npu_csa_reduce.sv:53$1845 ($or).
Removed top 1 bits (of 16) from port A of cell npu_core.$flatten\u_array.\g_row[3].g_col[0].u_pe.\u_mul.\g_bw.g_wallace.u_tree.\genblk1.g_reduce.u_next.$or$/home/danieltyukov/workspace/personal/tt-ihp-int8-npu/src/npu_csa_reduce.sv:53$1845 ($or).
Removed top 1 bits (of 16) from port B of cell npu_core.$flatten\u_array.\g_row[3].g_col[0].u_pe.\u_mul.\g_bw.g_wallace.u_tree.\genblk1.g_reduce.u_next.$or$/home/danieltyukov/workspace/personal/tt-ihp-int8-npu/src/npu_csa_reduce.sv:53$1845 ($or).
Removed top 5 bits (of 16) from port A of cell npu_core.$flatten\u_array.\g_row[3].g_col[0].u_pe.\u_mul.\g_bw.g_wallace.u_tree.\genblk1.g_reduce.u_next.$and$/home/danieltyukov/workspace/personal/tt-ihp-int8-npu/src/npu_csa_reduce.sv:53$1844 ($and).
Removed top 3 bits (of 16) from port B of cell npu_core.$flatten\u_array.\g_row[3].g_col[0].u_pe.\u_mul.\g_bw.g_wallace.u_tree.\genblk1.g_reduce.u_next.$and$/home/danieltyukov/workspace/personal/tt-ihp-int8-npu/src/npu_csa_reduce.sv:53$1844 ($and).
Removed top 3 bits (of 16) from port Y of cell npu_core.$flatten\u_array.\g_row[3].g_col[0].u_pe.\u_mul.\g_bw.g_wallace.u_tree.\genblk1.g_reduce.u_next.$and$/home/danieltyukov/workspace/personal/tt-ihp-int8-npu/src/npu_csa_reduce.sv:53$1844 ($and).
Removed top 1 bits (of 16) from port Y of cell npu_core.$flatten\u_array.\g_row[3].g_col[0].u_pe.\u_mul.\g_bw.g_wallace.u_tree.\genblk1.g_reduce.u_next.$or$/home/danieltyukov/workspace/personal/tt-ihp-int8-npu/src/npu_csa_reduce.sv:53$1843 ($or).
Removed top 1 bits (of 16) from port A of cell npu_core.$flatten\u_array.\g_row[3].g_col[0].u_pe.\u_mul.\g_bw.g_wallace.u_tree.\genblk1.g_reduce.u_next.$or$/home/danieltyukov/workspace/personal/tt-ihp-int8-npu/src/npu_csa_reduce.sv:53$1843 ($or).
Removed top 1 bits (of 16) from port B of cell npu_core.$flatten\u_array.\g_row[3].g_col[0].u_pe.\u_mul.\g_bw.g_wallace.u_tree.\genblk1.g_reduce.u_next.$or$/home/danieltyukov/workspace/personal/tt-ihp-int8-npu/src/npu_csa_reduce.sv:53$1843 ($or).
Removed top 3 bits (of 16) from port B of cell npu_core.$flatten\u_array.\g_row[3].g_col[0].u_pe.\u_mul.\g_bw.g_wallace.u_tree.\genblk1.g_reduce.u_next.$and$/home/danieltyukov/workspace/personal/tt-ihp-int8-npu/src/npu_csa_reduce.sv:53$1842 ($and).
Removed top 1 bits (of 16) from port Y of cell npu_core.$flatten\u_array.\g_row[3].g_col[0].u_pe.\u_mul.\g_bw.g_wallace.u_tree.\genblk1.g_reduce.u_next.$and$/home/danieltyukov/workspace/personal/tt-ihp-int8-npu/src/npu_csa_reduce.sv:53$1842 ($and).
Removed top 1 bits (of 16) from port A of cell npu_core.$flatten\u_array.\g_row[3].g_col[0].u_pe.\u_mul.\g_bw.g_wallace.u_tree.\genblk1.g_reduce.u_next.$and$/home/danieltyukov/workspace/personal/tt-ihp-int8-npu/src/npu_csa_reduce.sv:53$1842 ($and).
Removed top 5 bits (of 16) from port B of cell npu_core.$flatten\u_array.\g_row[3].g_col[0].u_pe.\u_mul.\g_bw.g_wallace.u_tree.\genblk1.g_reduce.u_next.$and$/home/danieltyukov/workspace/personal/tt-ihp-int8-npu/src/npu_csa_reduce.sv:53$1841 ($and).
Removed top 1 bits (of 16) from port Y of cell npu_core.$flatten\u_array.\g_row[3].g_col[0].u_pe.\u_mul.\g_bw.g_wallace.u_tree.\genblk1.g_reduce.u_next.$and$/home/danieltyukov/workspace/personal/tt-ihp-int8-npu/src/npu_csa_reduce.sv:53$1841 ($and).
Removed top 1 bits (of 16) from port A of cell npu_core.$flatten\u_array.\g_row[3].g_col[0].u_pe.\u_mul.\g_bw.g_wallace.u_tree.\genblk1.g_reduce.u_next.$and$/home/danieltyukov/workspace/personal/tt-ihp-int8-npu/src/npu_csa_reduce.sv:53$1841 ($and).
Removed top 3 bits (of 16) from port B of cell npu_core.$flatten\u_array.\g_row[3].g_col[0].u_pe.\u_mul.\g_bw.g_wallace.u_tree.\genblk1.g_reduce.u_next.$xor$/home/danieltyukov/workspace/personal/tt-ihp-int8-npu/src/npu_csa_reduce.sv:49$1840 ($xor).
Removed top 1 bits (of 16) from port Y of cell npu_core.$flatten\u_array.\g_row[3].g_col[0].u_pe.\u_mul.\u_cpa.$and$/home/danieltyukov/workspace/personal/tt-ihp-int8-npu/src/npu_adder.sv:60$1736 ($and).
Removed top 1 bits (of 16) from port A of cell npu_core.$flatten\u_array.\g_row[3].g_col[0].u_pe.\u_mul.\u_cpa.$and$/home/danieltyukov/workspace/personal/tt-ihp-int8-npu/src/npu_adder.sv:60$1736 ($and).
Removed top 1 bits (of 16) from port B of cell npu_core.$flatten\u_array.\g_row[3].g_col[0].u_pe.\u_mul.\u_cpa.$and$/home/danieltyukov/workspace/personal/tt-ihp-int8-npu/src/npu_adder.sv:60$1736 ($and).
Removed top 8 bits (of 16) from port A of cell npu_core.$flatten\u_array.\g_row[3].g_col[0].u_pe.\u_mul.\g_bw.g_wallace.u_tree.$xor$/home/danieltyukov/workspace/personal/tt-ihp-int8-npu/src/npu_csa_reduce.sv:49$1713 ($xor).
Removed top 7 bits (of 16) from port B of cell npu_core.$flatten\u_array.\g_row[3].g_col[0].u_pe.\u_mul.\g_bw.g_wallace.u_tree.$xor$/home/danieltyukov/workspace/personal/tt-ihp-int8-npu/src/npu_csa_reduce.sv:49$1713 ($xor).
Removed top 7 bits (of 16) from port Y of cell npu_core.$flatten\u_array.\g_row[3].g_col[0].u_pe.\u_mul.\g_bw.g_wallace.u_tree.$xor$/home/danieltyukov/workspace/personal/tt-ihp-int8-npu/src/npu_csa_reduce.sv:49$1713 ($xor).
Removed top 1 bits (of 19) from port Y of cell npu_core.$flatten\u_array.\g_row[3].g_col[0].u_pe.\u_add.$and$/home/danieltyukov/workspace/personal/tt-ihp-int8-npu/src/npu_adder.sv:60$1580 ($and).
Removed top 1 bits (of 19) from port A of cell npu_core.$flatten\u_array.\g_row[3].g_col[0].u_pe.\u_add.$and$/home/danieltyukov/workspace/personal/tt-ihp-int8-npu/src/npu_adder.sv:60$1580 ($and).
Removed top 1 bits (of 19) from port B of cell npu_core.$flatten\u_array.\g_row[3].g_col[0].u_pe.\u_add.$and$/home/danieltyukov/workspace/personal/tt-ihp-int8-npu/src/npu_adder.sv:60$1580 ($and).
Removed top 6 bits (of 16) from port B of cell npu_core.$flatten\u_array.\g_row[2].g_col[1].u_pe.\u_mul.\g_bw.g_wallace.u_tree.$xor$/home/danieltyukov/workspace/personal/tt-ihp-int8-npu/src/npu_csa_reduce.sv:49$1714 ($xor).
Removed top 8 bits (of 16) from port A of cell npu_core.$flatten\u_array.\g_row[2].g_col[1].u_pe.\u_mul.\g_bw.g_wallace.u_tree.$and$/home/danieltyukov/workspace/personal/tt-ihp-int8-npu/src/npu_csa_reduce.sv:53$1715 ($and).
Removed top 7 bits (of 16) from port B of cell npu_core.$flatten\u_array.\g_row[2].g_col[1].u_pe.\u_mul.\g_bw.g_wallace.u_tree.$and$/home/danieltyukov/workspace/personal/tt-ihp-int8-npu/src/npu_csa_reduce.sv:53$1715 ($and).
Removed top 7 bits (of 16) from port Y of cell npu_core.$flatten\u_array.\g_row[2].g_col[1].u_pe.\u_mul.\g_bw.g_wallace.u_tree.$and$/home/danieltyukov/workspace/personal/tt-ihp-int8-npu/src/npu_csa_reduce.sv:53$1715 ($and).
Removed top 8 bits (of 16) from port A of cell npu_core.$flatten\u_array.\g_row[2].g_col[1].u_pe.\u_mul.\g_bw.g_wallace.u_tree.$and$/home/danieltyukov/workspace/personal/tt-ihp-int8-npu/src/npu_csa_reduce.sv:53$1716 ($and).
Removed top 6 bits (of 16) from port B of cell npu_core.$flatten\u_array.\g_row[2].g_col[1].u_pe.\u_mul.\g_bw.g_wallace.u_tree.$and$/home/danieltyukov/workspace/personal/tt-ihp-int8-npu/src/npu_csa_reduce.sv:53$1716 ($and).
Removed top 6 bits (of 16) from port Y of cell npu_core.$flatten\u_array.\g_row[2].g_col[1].u_pe.\u_mul.\g_bw.g_wallace.u_tree.$and$/home/danieltyukov/workspace/personal/tt-ihp-int8-npu/src/npu_csa_reduce.sv:53$1716 ($and).
Removed top 7 bits (of 16) from port A of cell npu_core.$flatten\u_array.\g_row[2].g_col[1].u_pe.\u_mul.\g_bw.g_wallace.u_tree.$or$/home/danieltyukov/workspace/personal/tt-ihp-int8-npu/src/npu_csa_reduce.sv:53$1717 ($or).
Removed top 6 bits (of 16) from port B of cell npu_core.$flatten\u_array.\g_row[2].g_col[1].u_pe.\u_mul.\g_bw.g_wallace.u_tree.$or$/home/danieltyukov/workspace/personal/tt-ihp-int8-npu/src/npu_csa_reduce.sv:53$1717 ($or).
Removed top 6 bits (of 16) from port Y of cell npu_core.$flatten\u_array.\g_row[2].g_col[1].u_pe.\u_mul.\g_bw.g_wallace.u_tree.$or$/home/danieltyukov/workspace/personal/tt-ihp-int8-npu/src/npu_csa_reduce.sv:53$1717 ($or).
Removed top 7 bits (of 16) from port A of cell npu_core.$flatten\u_array.\g_row[2].g_col[1].u_pe.\u_mul.\g_bw.g_wallace.u_tree.$and$/home/danieltyukov/workspace/personal/tt-ihp-int8-npu/src/npu_csa_reduce.sv:53$1718 ($and).
Removed top 6 bits (of 16) from port B of cell npu_core.$flatten\u_array.\g_row[2].g_col[1].u_pe.\u_mul.\g_bw.g_wallace.u_tree.$and$/home/danieltyukov/workspace/personal/tt-ihp-int8-npu/src/npu_csa_reduce.sv:53$1718 ($and).
Removed top 6 bits (of 16) from port Y of cell npu_core.$flatten\u_array.\g_row[2].g_col[1].u_pe.\u_mul.\g_bw.g_wallace.u_tree.$and$/home/danieltyukov/workspace/personal/tt-ihp-int8-npu/src/npu_csa_reduce.sv:53$1718 ($and).
Removed top 6 bits (of 16) from port A of cell npu_core.$flatten\u_array.\g_row[2].g_col[1].u_pe.\u_mul.\g_bw.g_wallace.u_tree.$or$/home/danieltyukov/workspace/personal/tt-ihp-int8-npu/src/npu_csa_reduce.sv:53$1719 ($or).
Removed top 6 bits (of 16) from port B of cell npu_core.$flatten\u_array.\g_row[2].g_col[1].u_pe.\u_mul.\g_bw.g_wallace.u_tree.$or$/home/danieltyukov/workspace/personal/tt-ihp-int8-npu/src/npu_csa_reduce.sv:53$1719 ($or).
Removed top 6 bits (of 16) from port Y of cell npu_core.$flatten\u_array.\g_row[2].g_col[1].u_pe.\u_mul.\g_bw.g_wallace.u_tree.$or$/home/danieltyukov/workspace/personal/tt-ihp-int8-npu/src/npu_csa_reduce.sv:53$1719 ($or).
Removed top 5 bits (of 16) from port A of cell npu_core.$flatten\u_array.\g_row[2].g_col[1].u_pe.\u_mul.\g_bw.g_wallace.u_tree.$xor$/home/danieltyukov/workspace/personal/tt-ihp-int8-npu/src/npu_csa_reduce.sv:49$1720 ($xor).
Removed top 4 bits (of 16) from port B of cell npu_core.$flatten\u_array.\g_row[2].g_col[1].u_pe.\u_mul.\g_bw.g_wallace.u_tree.$xor$/home/danieltyukov/workspace/personal/tt-ihp-int8-npu/src/npu_csa_reduce.sv:49$1720 ($xor).
Removed top 4 bits (of 16) from port Y of cell npu_core.$flatten\u_array.\g_row[2].g_col[1].u_pe.\u_mul.\g_bw.g_wallace.u_tree.$xor$/home/danieltyukov/workspace/personal/tt-ihp-int8-npu/src/npu_csa_reduce.sv:49$1720 ($xor).
Removed top 4 bits (of 16) from port A of cell npu_core.$flatten\u_array.\g_row[2].g_col[1].u_pe.\u_mul.\g_bw.g_wallace.u_tree.$xor$/home/danieltyukov/workspace/personal/tt-ihp-int8-npu/src/npu_csa_reduce.sv:49$1721 ($xor).
Removed top 3 bits (of 16) from port B of cell npu_core.$flatten\u_array.\g_row[2].g_col[1].u_pe.\u_mul.\g_bw.g_wallace.u_tree.$xor$/home/danieltyukov/workspace/personal/tt-ihp-int8-npu/src/npu_csa_reduce.sv:49$1721 ($xor).
Removed top 3 bits (of 16) from port Y of cell npu_core.$flatten\u_array.\g_row[2].g_col[1].u_pe.\u_mul.\g_bw.g_wallace.u_tree.$xor$/home/danieltyukov/workspace/personal/tt-ihp-int8-npu/src/npu_csa_reduce.sv:49$1721 ($xor).
Removed top 5 bits (of 16) from port A of cell npu_core.$flatten\u_array.\g_row[2].g_col[1].u_pe.\u_mul.\g_bw.g_wallace.u_tree.$and$/home/danieltyukov/workspace/personal/tt-ihp-int8-npu/src/npu_csa_reduce.sv:53$1722 ($and).
Removed top 4 bits (of 16) from port B of cell npu_core.$flatten\u_array.\g_row[2].g_col[1].u_pe.\u_mul.\g_bw.g_wallace.u_tree.$and$/home/danieltyukov/workspace/personal/tt-ihp-int8-npu/src/npu_csa_reduce.sv:53$1722 ($and).
Removed top 4 bits (of 16) from port Y of cell npu_core.$flatten\u_array.\g_row[2].g_col[1].u_pe.\u_mul.\g_bw.g_wallace.u_tree.$and$/home/danieltyukov/workspace/personal/tt-ihp-int8-npu/src/npu_csa_reduce.sv:53$1722 ($and).
Removed top 5 bits (of 16) from port A of cell npu_core.$flatten\u_array.\g_row[2].g_col[1].u_pe.\u_mul.\g_bw.g_wallace.u_tree.$and$/home/danieltyukov/workspace/personal/tt-ihp-int8-npu/src/npu_csa_reduce.sv:53$1723 ($and).
Removed top 3 bits (of 16) from port B of cell npu_core.$flatten\u_array.\g_row[2].g_col[1].u_pe.\u_mul.\g_bw.g_wallace.u_tree.$and$/home/danieltyukov/workspace/personal/tt-ihp-int8-npu/src/npu_csa_reduce.sv:53$1723 ($and).
Removed top 3 bits (of 16) from port Y of cell npu_core.$flatten\u_array.\g_row[2].g_col[1].u_pe.\u_mul.\g_bw.g_wallace.u_tree.$and$/home/danieltyukov/workspace/personal/tt-ihp-int8-npu/src/npu_csa_reduce.sv:53$1723 ($and).
Removed top 4 bits (of 16) from port A of cell npu_core.$flatten\u_array.\g_row[2].g_col[1].u_pe.\u_mul.\g_bw.g_wallace.u_tree.$or$/home/danieltyukov/workspace/personal/tt-ihp-int8-npu/src/npu_csa_reduce.sv:53$1724 ($or).
Removed top 3 bits (of 16) from port B of cell npu_core.$flatten\u_array.\g_row[2].g_col[1].u_pe.\u_mul.\g_bw.g_wallace.u_tree.$or$/home/danieltyukov/workspace/personal/tt-ihp-int8-npu/src/npu_csa_reduce.sv:53$1724 ($or).
Removed top 3 bits (of 16) from port Y of cell npu_core.$flatten\u_array.\g_row[2].g_col[1].u_pe.\u_mul.\g_bw.g_wallace.u_tree.$or$/home/danieltyukov/workspace/personal/tt-ihp-int8-npu/src/npu_csa_reduce.sv:53$1724 ($or).
Removed top 4 bits (of 16) from port A of cell npu_core.$flatten\u_array.\g_row[2].g_col[1].u_pe.\u_mul.\g_bw.g_wallace.u_tree.$and$/home/danieltyukov/workspace/personal/tt-ihp-int8-npu/src/npu_csa_reduce.sv:53$1725 ($and).
Removed top 3 bits (of 16) from port B of cell npu_core.$flatten\u_array.\g_row[2].g_col[1].u_pe.\u_mul.\g_bw.g_wallace.u_tree.$and$/home/danieltyukov/workspace/personal/tt-ihp-int8-npu/src/npu_csa_reduce.sv:53$1725 ($and).
Removed top 3 bits (of 16) from port Y of cell npu_core.$flatten\u_array.\g_row[2].g_col[1].u_pe.\u_mul.\g_bw.g_wallace.u_tree.$and$/home/danieltyukov/workspace/personal/tt-ihp-int8-npu/src/npu_csa_reduce.sv:53$1725 ($and).
Removed top 3 bits (of 16) from port A of cell npu_core.$flatten\u_array.\g_row[2].g_col[1].u_pe.\u_mul.\g_bw.g_wallace.u_tree.$or$/home/danieltyukov/workspace/personal/tt-ihp-int8-npu/src/npu_csa_reduce.sv:53$1726 ($or).
Removed top 3 bits (of 16) from port B of cell npu_core.$flatten\u_array.\g_row[2].g_col[1].u_pe.\u_mul.\g_bw.g_wallace.u_tree.$or$/home/danieltyukov/workspace/personal/tt-ihp-int8-npu/src/npu_csa_reduce.sv:53$1726 ($or).
Removed top 3 bits (of 16) from port Y of cell npu_core.$flatten\u_array.\g_row[2].g_col[1].u_pe.\u_mul.\g_bw.g_wallace.u_tree.$or$/home/danieltyukov/workspace/personal/tt-ihp-int8-npu/src/npu_csa_reduce.sv:53$1726 ($or).
Removed top 2 bits (of 16) from port A of cell npu_core.$flatten\u_array.\g_row[2].g_col[1].u_pe.\u_mul.\g_bw.g_wallace.u_tree.$xor$/home/danieltyukov/workspace/personal/tt-ihp-int8-npu/src/npu_csa_reduce.sv:49$1727 ($xor).
Removed top 1 bits (of 16) from port B of cell npu_core.$flatten\u_array.\g_row[2].g_col[1].u_pe.\u_mul.\g_bw.g_wallace.u_tree.$xor$/home/danieltyukov/workspace/personal/tt-ihp-int8-npu/src/npu_csa_reduce.sv:49$1727 ($xor).
Removed top 1 bits (of 16) from port Y of cell npu_core.$flatten\u_array.\g_row[2].g_col[1].u_pe.\u_mul.\g_bw.g_wallace.u_tree.$xor$/home/danieltyukov/workspace/personal/tt-ihp-int8-npu/src/npu_csa_reduce.sv:49$1727 ($xor).
Removed top 2 bits (of 16) from port A of cell npu_core.$flatten\u_array.\g_row[2].g_col[1].u_pe.\u_mul.\g_bw.g_wallace.u_tree.$and$/home/danieltyukov/workspace/personal/tt-ihp-int8-npu/src/npu_csa_reduce.sv:53$1729 ($and).
Removed top 1 bits (of 16) from port B of cell npu_core.$flatten\u_array.\g_row[2].g_col[1].u_pe.\u_mul.\g_bw.g_wallace.u_tree.$and$/home/danieltyukov/workspace/personal/tt-ihp-int8-npu/src/npu_csa_reduce.sv:53$1729 ($and).
Removed top 1 bits (of 16) from port Y of cell npu_core.$flatten\u_array.\g_row[2].g_col[1].u_pe.\u_mul.\g_bw.g_wallace.u_tree.$and$/home/danieltyukov/workspace/personal/tt-ihp-int8-npu/src/npu_csa_reduce.sv:53$1729 ($and).
Removed top 1 bits (of 16) from port A of cell npu_core.$flatten\u_array.\g_row[2].g_col[1].u_pe.\u_mul.\g_bw.g_wallace.u_tree.$or$/home/danieltyukov/workspace/personal/tt-ihp-int8-npu/src/npu_csa_reduce.sv:53$1731 ($or).
Removed top 7 bits (of 16) from port B of cell npu_core.$flatten\u_array.\g_row[2].g_col[1].u_pe.\u_mul.\g_bw.g_wallace.u_tree.$or$/home/danieltyukov/workspace/personal/tt-ihp-int8-npu/src/npu_csa_reduce.sv:53$1731 ($or).
Removed top 1 bits (of 16) from port Y of cell npu_core.$flatten\u_array.\g_row[2].g_col[1].u_pe.\u_mul.\g_bw.g_wallace.u_tree.$or$/home/danieltyukov/workspace/personal/tt-ihp-int8-npu/src/npu_csa_reduce.sv:53$1731 ($or).
Removed top 1 bits (of 2) from port A of cell npu_core.$auto$opt_expr.cc:706:replace_const_cells$2745 ($not).
Removed top 1 bits (of 16) from port A of cell npu_core.$flatten\u_array.\g_row[2].g_col[1].u_pe.\u_mul.\g_bw.g_wallace.u_tree.$or$/home/danieltyukov/workspace/personal/tt-ihp-int8-npu/src/npu_csa_reduce.sv:53$1733 ($or).
Removed top 7 bits (of 16) from port B of cell npu_core.$flatten\u_array.\g_row[2].g_col[1].u_pe.\u_mul.\g_bw.g_wallace.u_tree.$or$/home/danieltyukov/workspace/personal/tt-ihp-int8-npu/src/npu_csa_reduce.sv:53$1733 ($or).
Removed top 1 bits (of 16) from port Y of cell npu_core.$flatten\u_array.\g_row[2].g_col[1].u_pe.\u_mul.\g_bw.g_wallace.u_tree.$or$/home/danieltyukov/workspace/personal/tt-ihp-int8-npu/src/npu_csa_reduce.sv:53$1733 ($or).
Removed top 5 bits (of 16) from port B of cell npu_core.$flatten\u_array.\g_row[2].g_col[1].u_pe.\u_mul.\g_bw.g_wallace.u_tree.\genblk1.g_reduce.u_next.$xor$/home/danieltyukov/workspace/personal/tt-ihp-int8-npu/src/npu_csa_reduce.sv:49$1839 ($xor).
Removed top 1 bits (of 16) from port Y of cell npu_core.$flatten\u_array.\g_row[2].g_col[1].u_pe.\u_mul.\g_bw.g_wallace.u_tree.\genblk1.g_reduce.u_next.\genblk1.g_reduce.u_next.$or$/home/danieltyukov/workspace/personal/tt-ihp-int8-npu/src/npu_csa_reduce.sv:53$1860 ($or).
Removed top 1 bits (of 16) from port A of cell npu_core.$flatten\u_array.\g_row[2].g_col[1].u_pe.\u_mul.\g_bw.g_wallace.u_tree.\genblk1.g_reduce.u_next.\genblk1.g_reduce.u_next.$or$/home/danieltyukov/workspace/personal/tt-ihp-int8-npu/src/npu_csa_reduce.sv:53$1860 ($or).
Removed top 1 bits (of 16) from port B of cell npu_core.$flatten\u_array.\g_row[2].g_col[1].u_pe.\u_mul.\g_bw.g_wallace.u_tree.\genblk1.g_reduce.u_next.\genblk1.g_reduce.u_next.$or$/home/danieltyukov/workspace/personal/tt-ihp-int8-npu/src/npu_csa_reduce.sv:53$1860 ($or).
Removed top 1 bits (of 16) from port Y of cell npu_core.$flatten\u_array.\g_row[2].g_col[1].u_pe.\u_mul.\g_bw.g_wallace.u_tree.\genblk1.g_reduce.u_next.\genblk1.g_reduce.u_next.\genblk1.g_reduce.u_next.$or$/home/danieltyukov/workspace/personal/tt-ihp-int8-npu/src/npu_csa_reduce.sv:53$1711 ($or).
Removed top 1 bits (of 16) from port A of cell npu_core.$flatten\u_array.\g_row[2].g_col[1].u_pe.\u_mul.\g_bw.g_wallace.u_tree.\genblk1.g_reduce.u_next.\genblk1.g_reduce.u_next.\genblk1.g_reduce.u_next.$or$/home/danieltyukov/workspace/personal/tt-ihp-int8-npu/src/npu_csa_reduce.sv:53$1711 ($or).
Removed top 1 bits (of 16) from port B of cell npu_core.$flatten\u_array.\g_row[2].g_col[1].u_pe.\u_mul.\g_bw.g_wallace.u_tree.\genblk1.g_reduce.u_next.\genblk1.g_reduce.u_next.\genblk1.g_reduce.u_next.$or$/home/danieltyukov/workspace/personal/tt-ihp-int8-npu/src/npu_csa_reduce.sv:53$1711 ($or).
Removed top 1 bits (of 16) from port Y of cell npu_core.$flatten\u_array.\g_row[2].g_col[1].u_pe.\u_mul.\g_bw.g_wallace.u_tree.\genblk1.g_reduce.u_next.\genblk1.g_reduce.u_next.\genblk1.g_reduce.u_next.$and$/home/danieltyukov/workspace/personal/tt-ihp-int8-npu/src/npu_csa_reduce.sv:53$1710 ($and).
Removed top 1 bits (of 16) from port A of cell npu_core.$flatten\u_array.\g_row[2].g_col[1].u_pe.\u_mul.\g_bw.g_wallace.u_tree.\genblk1.g_reduce.u_next.\genblk1.g_reduce.u_next.\genblk1.g_reduce.u_next.$and$/home/danieltyukov/workspace/personal/tt-ihp-int8-npu/src/npu_csa_reduce.sv:53$1710 ($and).
Removed top 1 bits (of 16) from port B of cell npu_core.$flatten\u_array.\g_row[2].g_col[1].u_pe.\u_mul.\g_bw.g_wallace.u_tree.\genblk1.g_reduce.u_next.\genblk1.g_reduce.u_next.\genblk1.g_reduce.u_next.$and$/home/danieltyukov/workspace/personal/tt-ihp-int8-npu/src/npu_csa_reduce.sv:53$1710 ($and).
Removed top 1 bits (of 16) from port Y of cell npu_core.$flatten\u_array.\g_row[2].g_col[1].u_pe.\u_mul.\g_bw.g_wallace.u_tree.\genblk1.g_reduce.u_next.\genblk1.g_reduce.u_next.\genblk1.g_reduce.u_next.$or$/home/danieltyukov/workspace/personal/tt-ihp-int8-npu/src/npu_csa_reduce.sv:53$1709 ($or).
Removed top 1 bits (of 16) from port A of cell npu_core.$flatten\u_array.\g_row[2].g_col[1].u_pe.\u_mul.\g_bw.g_wallace.u_tree.\genblk1.g_reduce.u_next.\genblk1.g_reduce.u_next.\genblk1.g_reduce.u_next.$or$/home/danieltyukov/workspace/personal/tt-ihp-int8-npu/src/npu_csa_reduce.sv:53$1709 ($or).
Removed top 1 bits (of 16) from port B of cell npu_core.$flatten\u_array.\g_row[2].g_col[1].u_pe.\u_mul.\g_bw.g_wallace.u_tree.\genblk1.g_reduce.u_next.\genblk1.g_reduce.u_next.\genblk1.g_reduce.u_next.$or$/home/danieltyukov/workspace/personal/tt-ihp-int8-npu/src/npu_csa_reduce.sv:53$1709 ($or).
Removed top 1 bits (of 16) from port Y of cell npu_core.$flatten\u_array.\g_row[2].g_col[1].u_pe.\u_mul.\g_bw.g_wallace.u_tree.\genblk1.g_reduce.u_next.\genblk1.g_reduce.u_next.\genblk1.g_reduce.u_next.$and$/home/danieltyukov/workspace/personal/tt-ihp-int8-npu/src/npu_csa_reduce.sv:53$1708 ($and).
Removed top 1 bits (of 16) from port A of cell npu_core.$flatten\u_array.\g_row[2].g_col[1].u_pe.\u_mul.\g_bw.g_wallace.u_tree.\genblk1.g_reduce.u_next.\genblk1.g_reduce.u_next.\genblk1.g_reduce.u_next.$and$/home/danieltyukov/workspace/personal/tt-ihp-int8-npu/src/npu_csa_reduce.sv:53$1708 ($and).
Removed top 1 bits (of 16) from port B of cell npu_core.$flatten\u_array.\g_row[2].g_col[1].u_pe.\u_mul.\g_bw.g_wallace.u_tree.\genblk1.g_reduce.u_next.\genblk1.g_reduce.u_next.\genblk1.g_reduce.u_next.$and$/home/danieltyukov/workspace/personal/tt-ihp-int8-npu/src/npu_csa_reduce.sv:53$1708 ($and).
Removed top 1 bits (of 16) from port Y of cell npu_core.$flatten\u_array.\g_row[2].g_col[1].u_pe.\u_mul.\g_bw.g_wallace.u_tree.\genblk1.g_reduce.u_next.\genblk1.g_reduce.u_next.\genblk1.g_reduce.u_next.$and$/home/danieltyukov/workspace/personal/tt-ihp-int8-npu/src/npu_csa_reduce.sv:53$1707 ($and).
Removed top 1 bits (of 16) from port A of cell npu_core.$flatten\u_array.\g_row[2].g_col[1].u_pe.\u_mul.\g_bw.g_wallace.u_tree.\genblk1.g_reduce.u_next.\genblk1.g_reduce.u_next.\genblk1.g_reduce.u_next.$and$/home/danieltyukov/workspace/personal/tt-ihp-int8-npu/src/npu_csa_reduce.sv:53$1707 ($and).
Removed top 1 bits (of 16) from port B of cell npu_core.$flatten\u_array.\g_row[2].g_col[1].u_pe.\u_mul.\g_bw.g_wallace.u_tree.\genblk1.g_reduce.u_next.\genblk1.g_reduce.u_next.\genblk1.g_reduce.u_next.$and$/home/danieltyukov/workspace/personal/tt-ihp-int8-npu/src/npu_csa_reduce.sv:53$1707 ($and).
Removed top 1 bits (of 16) from port Y of cell npu_core.$flatten\u_array.\g_row[2].g_col[1].u_pe.\u_mul.\g_bw.g_wallace.u_tree.\genblk1.g_reduce.u_next.$or$/home/danieltyukov/workspace/personal/tt-ihp-int8-npu/src/npu_csa_reduce.sv:53$1852 ($or).
Removed top 1 bits (of 16) from port A of cell npu_core.$flatten\u_array.\g_row[2].g_col[1].u_pe.\u_mul.\g_bw.g_wallace.u_tree.\genblk1.g_reduce.u_next.$or$/home/danieltyukov/workspace/personal/tt-ihp-int8-npu/src/npu_csa_reduce.sv:53$1852 ($or).
Removed top 1 bits (of 16) from port B of cell npu_core.$flatten\u_array.\g_row[2].g_col[1].u_pe.\u_mul.\g_bw.g_wallace.u_tree.\genblk1.g_reduce.u_next.$or$/home/danieltyukov/workspace/personal/tt-ihp-int8-npu/src/npu_csa_reduce.sv:53$1852 ($or).
Removed top 1 bits (of 16) from port Y of cell npu_core.$flatten\u_array.\g_row[2].g_col[1].u_pe.\u_mul.\g_bw.g_wallace.u_tree.\genblk1.g_reduce.u_next.$and$/home/danieltyukov/workspace/personal/tt-ihp-int8-npu/src/npu_csa_reduce.sv:53$1851 ($and).
Removed top 1 bits (of 16) from port A of cell npu_core.$flatten\u_array.\g_row[2].g_col[1].u_pe.\u_mul.\g_bw.g_wallace.u_tree.\genblk1.g_reduce.u_next.$and$/home/danieltyukov/workspace/personal/tt-ihp-int8-npu/src/npu_csa_reduce.sv:53$1851 ($and).
Removed top 1 bits (of 16) from port B of cell npu_core.$flatten\u_array.\g_row[2].g_col[1].u_pe.\u_mul.\g_bw.g_wallace.u_tree.\genblk1.g_reduce.u_next.$and$/home/danieltyukov/workspace/personal/tt-ihp-int8-npu/src/npu_csa_reduce.sv:53$1851 ($and).
Removed top 1 bits (of 16) from port Y of cell npu_core.$flatten\u_array.\g_row[2].g_col[1].u_pe.\u_mul.\g_bw.g_wallace.u_tree.\genblk1.g_reduce.u_next.$or$/home/danieltyukov/workspace/personal/tt-ihp-int8-npu/src/npu_csa_reduce.sv:53$1850 ($or).
Removed top 1 bits (of 16) from port A of cell npu_core.$flatten\u_array.\g_row[2].g_col[1].u_pe.\u_mul.\g_bw.g_wallace.u_tree.\genblk1.g_reduce.u_next.$or$/home/danieltyukov/workspace/personal/tt-ihp-int8-npu/src/npu_csa_reduce.sv:53$1850 ($or).
Removed top 1 bits (of 16) from port B of cell npu_core.$flatten\u_array.\g_row[2].g_col[1].u_pe.\u_mul.\g_bw.g_wallace.u_tree.\genblk1.g_reduce.u_next.$or$/home/danieltyukov/workspace/personal/tt-ihp-int8-npu/src/npu_csa_reduce.sv:53$1850 ($or).
Removed top 2 bits (of 16) from port A of cell npu_core.$flatten\u_array.\g_row[2].g_col[1].u_pe.\u_mul.\g_bw.g_wallace.u_tree.\genblk1.g_reduce.u_next.$and$/home/danieltyukov/workspace/personal/tt-ihp-int8-npu/src/npu_csa_reduce.sv:53$1849 ($and).
Removed top 1 bits (of 16) from port Y of cell npu_core.$flatten\u_array.\g_row[2].g_col[1].u_pe.\u_mul.\g_bw.g_wallace.u_tree.\genblk1.g_reduce.u_next.$and$/home/danieltyukov/workspace/personal/tt-ihp-int8-npu/src/npu_csa_reduce.sv:53$1849 ($and).
Removed top 1 bits (of 16) from port B of cell npu_core.$flatten\u_array.\g_row[2].g_col[1].u_pe.\u_mul.\g_bw.g_wallace.u_tree.\genblk1.g_reduce.u_next.$and$/home/danieltyukov/workspace/personal/tt-ihp-int8-npu/src/npu_csa_reduce.sv:53$1849 ($and).
Removed top 2 bits (of 16) from port A of cell npu_core.$flatten\u_array.\g_row[2].g_col[1].u_pe.\u_mul.\g_bw.g_wallace.u_tree.\genblk1.g_reduce.u_next.$and$/home/danieltyukov/workspace/personal/tt-ihp-int8-npu/src/npu_csa_reduce.sv:53$1848 ($and).
Removed top 1 bits (of 16) from port Y of cell npu_core.$flatten\u_array.\g_row[2].g_col[1].u_pe.\u_mul.\g_bw.g_wallace.u_tree.\genblk1.g_reduce.u_next.$and$/home/danieltyukov/workspace/personal/tt-ihp-int8-npu/src/npu_csa_reduce.sv:53$1848 ($and).
Removed top 1 bits (of 16) from port B of cell npu_core.$flatten\u_array.\g_row[2].g_col[1].u_pe.\u_mul.\g_bw.g_wallace.u_tree.\genblk1.g_reduce.u_next.$and$/home/danieltyukov/workspace/personal/tt-ihp-int8-npu/src/npu_csa_reduce.sv:53$1848 ($and).
Removed top 2 bits (of 16) from port A of cell npu_core.$flatten\u_array.\g_row[2].g_col[1].u_pe.\u_mul.\g_bw.g_wallace.u_tree.\genblk1.g_reduce.u_next.$xor$/home/danieltyukov/workspace/personal/tt-ihp-int8-npu/src/npu_csa_reduce.sv:49$1846 ($xor).
Removed top 1 bits (of 16) from port Y of cell npu_core.$flatten\u_array.\g_row[2].g_col[1].u_pe.\u_mul.\g_bw.g_wallace.u_tree.\genblk1.g_reduce.u_next.$or$/home/danieltyukov/workspace/personal/tt-ihp-int8-npu/src/npu_csa_reduce.sv:53$1845 ($or).
Removed top 1 bits (of 16) from port A of cell npu_core.$flatten\u_array.\g_row[2].g_col[1].u_pe.\u_mul.\g_bw.g_wallace.u_tree.\genblk1.g_reduce.u_next.$or$/home/danieltyukov/workspace/personal/tt-ihp-int8-npu/src/npu_csa_reduce.sv:53$1845 ($or).
Removed top 1 bits (of 16) from port B of cell npu_core.$flatten\u_array.\g_row[2].g_col[1].u_pe.\u_mul.\g_bw.g_wallace.u_tree.\genblk1.g_reduce.u_next.$or$/home/danieltyukov/workspace/personal/tt-ihp-int8-npu/src/npu_csa_reduce.sv:53$1845 ($or).
Removed top 5 bits (of 16) from port A of cell npu_core.$flatten\u_array.\g_row[2].g_col[1].u_pe.\u_mul.\g_bw.g_wallace.u_tree.\genblk1.g_reduce.u_next.$and$/home/danieltyukov/workspace/personal/tt-ihp-int8-npu/src/npu_csa_reduce.sv:53$1844 ($and).
Removed top 3 bits (of 16) from port B of cell npu_core.$flatten\u_array.\g_row[2].g_col[1].u_pe.\u_mul.\g_bw.g_wallace.u_tree.\genblk1.g_reduce.u_next.$and$/home/danieltyukov/workspace/personal/tt-ihp-int8-npu/src/npu_csa_reduce.sv:53$1844 ($and).
Removed top 3 bits (of 16) from port Y of cell npu_core.$flatten\u_array.\g_row[2].g_col[1].u_pe.\u_mul.\g_bw.g_wallace.u_tree.\genblk1.g_reduce.u_next.$and$/home/danieltyukov/workspace/personal/tt-ihp-int8-npu/src/npu_csa_reduce.sv:53$1844 ($and).
Removed top 1 bits (of 16) from port Y of cell npu_core.$flatten\u_array.\g_row[2].g_col[1].u_pe.\u_mul.\g_bw.g_wallace.u_tree.\genblk1.g_reduce.u_next.$or$/home/danieltyukov/workspace/personal/tt-ihp-int8-npu/src/npu_csa_reduce.sv:53$1843 ($or).
Removed top 1 bits (of 16) from port A of cell npu_core.$flatten\u_array.\g_row[2].g_col[1].u_pe.\u_mul.\g_bw.g_wallace.u_tree.\genblk1.g_reduce.u_next.$or$/home/danieltyukov/workspace/personal/tt-ihp-int8-npu/src/npu_csa_reduce.sv:53$1843 ($or).
Removed top 1 bits (of 16) from port B of cell npu_core.$flatten\u_array.\g_row[2].g_col[1].u_pe.\u_mul.\g_bw.g_wallace.u_tree.\genblk1.g_reduce.u_next.$or$/home/danieltyukov/workspace/personal/tt-ihp-int8-npu/src/npu_csa_reduce.sv:53$1843 ($or).
Removed top 3 bits (of 16) from port B of cell npu_core.$flatten\u_array.\g_row[2].g_col[1].u_pe.\u_mul.\g_bw.g_wallace.u_tree.\genblk1.g_reduce.u_next.$and$/home/danieltyukov/workspace/personal/tt-ihp-int8-npu/src/npu_csa_reduce.sv:53$1842 ($and).
Removed top 1 bits (of 16) from port Y of cell npu_core.$flatten\u_array.\g_row[2].g_col[1].u_pe.\u_mul.\g_bw.g_wallace.u_tree.\genblk1.g_reduce.u_next.$and$/home/danieltyukov/workspace/personal/tt-ihp-int8-npu/src/npu_csa_reduce.sv:53$1842 ($and).
Removed top 1 bits (of 16) from port A of cell npu_core.$flatten\u_array.\g_row[2].g_col[1].u_pe.\u_mul.\g_bw.g_wallace.u_tree.\genblk1.g_reduce.u_next.$and$/home/danieltyukov/workspace/personal/tt-ihp-int8-npu/src/npu_csa_reduce.sv:53$1842 ($and).
Removed top 5 bits (of 16) from port B of cell npu_core.$flatten\u_array.\g_row[2].g_col[1].u_pe.\u_mul.\g_bw.g_wallace.u_tree.\genblk1.g_reduce.u_next.$and$/home/danieltyukov/workspace/personal/tt-ihp-int8-npu/src/npu_csa_reduce.sv:53$1841 ($and).
Removed top 1 bits (of 16) from port Y of cell npu_core.$flatten\u_array.\g_row[2].g_col[1].u_pe.\u_mul.\g_bw.g_wallace.u_tree.\genblk1.g_reduce.u_next.$and$/home/danieltyukov/workspace/personal/tt-ihp-int8-npu/src/npu_csa_reduce.sv:53$1841 ($and).
Removed top 1 bits (of 16) from port A of cell npu_core.$flatten\u_array.\g_row[2].g_col[1].u_pe.\u_mul.\g_bw.g_wallace.u_tree.\genblk1.g_reduce.u_next.$and$/home/danieltyukov/workspace/personal/tt-ihp-int8-npu/src/npu_csa_reduce.sv:53$1841 ($and).
Removed top 3 bits (of 16) from port B of cell npu_core.$flatten\u_array.\g_row[2].g_col[1].u_pe.\u_mul.\g_bw.g_wallace.u_tree.\genblk1.g_reduce.u_next.$xor$/home/danieltyukov/workspace/personal/tt-ihp-int8-npu/src/npu_csa_reduce.sv:49$1840 ($xor).
Removed top 1 bits (of 16) from port Y of cell npu_core.$flatten\u_array.\g_row[2].g_col[1].u_pe.\u_mul.\u_cpa.$and$/home/danieltyukov/workspace/personal/tt-ihp-int8-npu/src/npu_adder.sv:60$1736 ($and).
Removed top 1 bits (of 16) from port A of cell npu_core.$flatten\u_array.\g_row[2].g_col[1].u_pe.\u_mul.\u_cpa.$and$/home/danieltyukov/workspace/personal/tt-ihp-int8-npu/src/npu_adder.sv:60$1736 ($and).
Removed top 1 bits (of 16) from port B of cell npu_core.$flatten\u_array.\g_row[2].g_col[1].u_pe.\u_mul.\u_cpa.$and$/home/danieltyukov/workspace/personal/tt-ihp-int8-npu/src/npu_adder.sv:60$1736 ($and).
Removed top 8 bits (of 16) from port A of cell npu_core.$flatten\u_array.\g_row[2].g_col[1].u_pe.\u_mul.\g_bw.g_wallace.u_tree.$xor$/home/danieltyukov/workspace/personal/tt-ihp-int8-npu/src/npu_csa_reduce.sv:49$1713 ($xor).
Removed top 7 bits (of 16) from port B of cell npu_core.$flatten\u_array.\g_row[2].g_col[1].u_pe.\u_mul.\g_bw.g_wallace.u_tree.$xor$/home/danieltyukov/workspace/personal/tt-ihp-int8-npu/src/npu_csa_reduce.sv:49$1713 ($xor).
Removed top 7 bits (of 16) from port Y of cell npu_core.$flatten\u_array.\g_row[2].g_col[1].u_pe.\u_mul.\g_bw.g_wallace.u_tree.$xor$/home/danieltyukov/workspace/personal/tt-ihp-int8-npu/src/npu_csa_reduce.sv:49$1713 ($xor).
Removed top 1 bits (of 19) from port Y of cell npu_core.$flatten\u_array.\g_row[2].g_col[1].u_pe.\u_add.$and$/home/danieltyukov/workspace/personal/tt-ihp-int8-npu/src/npu_adder.sv:60$1580 ($and).
Removed top 1 bits (of 19) from port A of cell npu_core.$flatten\u_array.\g_row[2].g_col[1].u_pe.\u_add.$and$/home/danieltyukov/workspace/personal/tt-ihp-int8-npu/src/npu_adder.sv:60$1580 ($and).
Removed top 1 bits (of 19) from port B of cell npu_core.$flatten\u_array.\g_row[2].g_col[1].u_pe.\u_add.$and$/home/danieltyukov/workspace/personal/tt-ihp-int8-npu/src/npu_adder.sv:60$1580 ($and).
Removed top 6 bits (of 16) from port B of cell npu_core.$flatten\u_array.\g_row[2].g_col[0].u_pe.\u_mul.\g_bw.g_wallace.u_tree.$xor$/home/danieltyukov/workspace/personal/tt-ihp-int8-npu/src/npu_csa_reduce.sv:49$1714 ($xor).
Removed top 8 bits (of 16) from port A of cell npu_core.$flatten\u_array.\g_row[2].g_col[0].u_pe.\u_mul.\g_bw.g_wallace.u_tree.$and$/home/danieltyukov/workspace/personal/tt-ihp-int8-npu/src/npu_csa_reduce.sv:53$1715 ($and).
Removed top 7 bits (of 16) from port B of cell npu_core.$flatten\u_array.\g_row[2].g_col[0].u_pe.\u_mul.\g_bw.g_wallace.u_tree.$and$/home/danieltyukov/workspace/personal/tt-ihp-int8-npu/src/npu_csa_reduce.sv:53$1715 ($and).
Removed top 7 bits (of 16) from port Y of cell npu_core.$flatten\u_array.\g_row[2].g_col[0].u_pe.\u_mul.\g_bw.g_wallace.u_tree.$and$/home/danieltyukov/workspace/personal/tt-ihp-int8-npu/src/npu_csa_reduce.sv:53$1715 ($and).
Removed top 8 bits (of 16) from port A of cell npu_core.$flatten\u_array.\g_row[2].g_col[0].u_pe.\u_mul.\g_bw.g_wallace.u_tree.$and$/home/danieltyukov/workspace/personal/tt-ihp-int8-npu/src/npu_csa_reduce.sv:53$1716 ($and).
Removed top 6 bits (of 16) from port B of cell npu_core.$flatten\u_array.\g_row[2].g_col[0].u_pe.\u_mul.\g_bw.g_wallace.u_tree.$and$/home/danieltyukov/workspace/personal/tt-ihp-int8-npu/src/npu_csa_reduce.sv:53$1716 ($and).
Removed top 6 bits (of 16) from port Y of cell npu_core.$flatten\u_array.\g_row[2].g_col[0].u_pe.\u_mul.\g_bw.g_wallace.u_tree.$and$/home/danieltyukov/workspace/personal/tt-ihp-int8-npu/src/npu_csa_reduce.sv:53$1716 ($and).
Removed top 7 bits (of 16) from port A of cell npu_core.$flatten\u_array.\g_row[2].g_col[0].u_pe.\u_mul.\g_bw.g_wallace.u_tree.$or$/home/danieltyukov/workspace/personal/tt-ihp-int8-npu/src/npu_csa_reduce.sv:53$1717 ($or).
Removed top 6 bits (of 16) from port B of cell npu_core.$flatten\u_array.\g_row[2].g_col[0].u_pe.\u_mul.\g_bw.g_wallace.u_tree.$or$/home/danieltyukov/workspace/personal/tt-ihp-int8-npu/src/npu_csa_reduce.sv:53$1717 ($or).
Removed top 6 bits (of 16) from port Y of cell npu_core.$flatten\u_array.\g_row[2].g_col[0].u_pe.\u_mul.\g_bw.g_wallace.u_tree.$or$/home/danieltyukov/workspace/personal/tt-ihp-int8-npu/src/npu_csa_reduce.sv:53$1717 ($or).
Removed top 7 bits (of 16) from port A of cell npu_core.$flatten\u_array.\g_row[2].g_col[0].u_pe.\u_mul.\g_bw.g_wallace.u_tree.$and$/home/danieltyukov/workspace/personal/tt-ihp-int8-npu/src/npu_csa_reduce.sv:53$1718 ($and).
Removed top 6 bits (of 16) from port B of cell npu_core.$flatten\u_array.\g_row[2].g_col[0].u_pe.\u_mul.\g_bw.g_wallace.u_tree.$and$/home/danieltyukov/workspace/personal/tt-ihp-int8-npu/src/npu_csa_reduce.sv:53$1718 ($and).
Removed top 6 bits (of 16) from port Y of cell npu_core.$flatten\u_array.\g_row[2].g_col[0].u_pe.\u_mul.\g_bw.g_wallace.u_tree.$and$/home/danieltyukov/workspace/personal/tt-ihp-int8-npu/src/npu_csa_reduce.sv:53$1718 ($and).
Removed top 6 bits (of 16) from port A of cell npu_core.$flatten\u_array.\g_row[2].g_col[0].u_pe.\u_mul.\g_bw.g_wallace.u_tree.$or$/home/danieltyukov/workspace/personal/tt-ihp-int8-npu/src/npu_csa_reduce.sv:53$1719 ($or).
Removed top 6 bits (of 16) from port B of cell npu_core.$flatten\u_array.\g_row[2].g_col[0].u_pe.\u_mul.\g_bw.g_wallace.u_tree.$or$/home/danieltyukov/workspace/personal/tt-ihp-int8-npu/src/npu_csa_reduce.sv:53$1719 ($or).
Removed top 6 bits (of 16) from port Y of cell npu_core.$flatten\u_array.\g_row[2].g_col[0].u_pe.\u_mul.\g_bw.g_wallace.u_tree.$or$/home/danieltyukov/workspace/personal/tt-ihp-int8-npu/src/npu_csa_reduce.sv:53$1719 ($or).
Removed top 5 bits (of 16) from port A of cell npu_core.$flatten\u_array.\g_row[2].g_col[0].u_pe.\u_mul.\g_bw.g_wallace.u_tree.$xor$/home/danieltyukov/workspace/personal/tt-ihp-int8-npu/src/npu_csa_reduce.sv:49$1720 ($xor).
Removed top 4 bits (of 16) from port B of cell npu_core.$flatten\u_array.\g_row[2].g_col[0].u_pe.\u_mul.\g_bw.g_wallace.u_tree.$xor$/home/danieltyukov/workspace/personal/tt-ihp-int8-npu/src/npu_csa_reduce.sv:49$1720 ($xor).
Removed top 4 bits (of 16) from port Y of cell npu_core.$flatten\u_array.\g_row[2].g_col[0].u_pe.\u_mul.\g_bw.g_wallace.u_tree.$xor$/home/danieltyukov/workspace/personal/tt-ihp-int8-npu/src/npu_csa_reduce.sv:49$1720 ($xor).
Removed top 4 bits (of 16) from port A of cell npu_core.$flatten\u_array.\g_row[2].g_col[0].u_pe.\u_mul.\g_bw.g_wallace.u_tree.$xor$/home/danieltyukov/workspace/personal/tt-ihp-int8-npu/src/npu_csa_reduce.sv:49$1721 ($xor).
Removed top 3 bits (of 16) from port B of cell npu_core.$flatten\u_array.\g_row[2].g_col[0].u_pe.\u_mul.\g_bw.g_wallace.u_tree.$xor$/home/danieltyukov/workspace/personal/tt-ihp-int8-npu/src/npu_csa_reduce.sv:49$1721 ($xor).
Removed top 3 bits (of 16) from port Y of cell npu_core.$flatten\u_array.\g_row[2].g_col[0].u_pe.\u_mul.\g_bw.g_wallace.u_tree.$xor$/home/danieltyukov/workspace/personal/tt-ihp-int8-npu/src/npu_csa_reduce.sv:49$1721 ($xor).
Removed top 5 bits (of 16) from port A of cell npu_core.$flatten\u_array.\g_row[2].g_col[0].u_pe.\u_mul.\g_bw.g_wallace.u_tree.$and$/home/danieltyukov/workspace/personal/tt-ihp-int8-npu/src/npu_csa_reduce.sv:53$1722 ($and).
Removed top 4 bits (of 16) from port B of cell npu_core.$flatten\u_array.\g_row[2].g_col[0].u_pe.\u_mul.\g_bw.g_wallace.u_tree.$and$/home/danieltyukov/workspace/personal/tt-ihp-int8-npu/src/npu_csa_reduce.sv:53$1722 ($and).
Removed top 4 bits (of 16) from port Y of cell npu_core.$flatten\u_array.\g_row[2].g_col[0].u_pe.\u_mul.\g_bw.g_wallace.u_tree.$and$/home/danieltyukov/workspace/personal/tt-ihp-int8-npu/src/npu_csa_reduce.sv:53$1722 ($and).
Removed top 5 bits (of 16) from port A of cell npu_core.$flatten\u_array.\g_row[2].g_col[0].u_pe.\u_mul.\g_bw.g_wallace.u_tree.$and$/home/danieltyukov/workspace/personal/tt-ihp-int8-npu/src/npu_csa_reduce.sv:53$1723 ($and).
Removed top 3 bits (of 16) from port B of cell npu_core.$flatten\u_array.\g_row[2].g_col[0].u_pe.\u_mul.\g_bw.g_wallace.u_tree.$and$/home/danieltyukov/workspace/personal/tt-ihp-int8-npu/src/npu_csa_reduce.sv:53$1723 ($and).
Removed top 3 bits (of 16) from port Y of cell npu_core.$flatten\u_array.\g_row[2].g_col[0].u_pe.\u_mul.\g_bw.g_wallace.u_tree.$and$/home/danieltyukov/workspace/personal/tt-ihp-int8-npu/src/npu_csa_reduce.sv:53$1723 ($and).
Removed top 4 bits (of 16) from port A of cell npu_core.$flatten\u_array.\g_row[2].g_col[0].u_pe.\u_mul.\g_bw.g_wallace.u_tree.$or$/home/danieltyukov/workspace/personal/tt-ihp-int8-npu/src/npu_csa_reduce.sv:53$1724 ($or).
Removed top 3 bits (of 16) from port B of cell npu_core.$flatten\u_array.\g_row[2].g_col[0].u_pe.\u_mul.\g_bw.g_wallace.u_tree.$or$/home/danieltyukov/workspace/personal/tt-ihp-int8-npu/src/npu_csa_reduce.sv:53$1724 ($or).
Removed top 3 bits (of 16) from port Y of cell npu_core.$flatten\u_array.\g_row[2].g_col[0].u_pe.\u_mul.\g_bw.g_wallace.u_tree.$or$/home/danieltyukov/workspace/personal/tt-ihp-int8-npu/src/npu_csa_reduce.sv:53$1724 ($or).
Removed top 4 bits (of 16) from port A of cell npu_core.$flatten\u_array.\g_row[2].g_col[0].u_pe.\u_mul.\g_bw.g_wallace.u_tree.$and$/home/danieltyukov/workspace/personal/tt-ihp-int8-npu/src/npu_csa_reduce.sv:53$1725 ($and).
Removed top 3 bits (of 16) from port B of cell npu_core.$flatten\u_array.\g_row[2].g_col[0].u_pe.\u_mul.\g_bw.g_wallace.u_tree.$and$/home/danieltyukov/workspace/personal/tt-ihp-int8-npu/src/npu_csa_reduce.sv:53$1725 ($and).
Removed top 3 bits (of 16) from port Y of cell npu_core.$flatten\u_array.\g_row[2].g_col[0].u_pe.\u_mul.\g_bw.g_wallace.u_tree.$and$/home/danieltyukov/workspace/personal/tt-ihp-int8-npu/src/npu_csa_reduce.sv:53$1725 ($and).
Removed top 3 bits (of 16) from port A of cell npu_core.$flatten\u_array.\g_row[2].g_col[0].u_pe.\u_mul.\g_bw.g_wallace.u_tree.$or$/home/danieltyukov/workspace/personal/tt-ihp-int8-npu/src/npu_csa_reduce.sv:53$1726 ($or).
Removed top 3 bits (of 16) from port B of cell npu_core.$flatten\u_array.\g_row[2].g_col[0].u_pe.\u_mul.\g_bw.g_wallace.u_tree.$or$/home/danieltyukov/workspace/personal/tt-ihp-int8-npu/src/npu_csa_reduce.sv:53$1726 ($or).
Removed top 3 bits (of 16) from port Y of cell npu_core.$flatten\u_array.\g_row[2].g_col[0].u_pe.\u_mul.\g_bw.g_wallace.u_tree.$or$/home/danieltyukov/workspace/personal/tt-ihp-int8-npu/src/npu_csa_reduce.sv:53$1726 ($or).
Removed top 2 bits (of 16) from port A of cell npu_core.$flatten\u_array.\g_row[2].g_col[0].u_pe.\u_mul.\g_bw.g_wallace.u_tree.$xor$/home/danieltyukov/workspace/personal/tt-ihp-int8-npu/src/npu_csa_reduce.sv:49$1727 ($xor).
Removed top 1 bits (of 16) from port B of cell npu_core.$flatten\u_array.\g_row[2].g_col[0].u_pe.\u_mul.\g_bw.g_wallace.u_tree.$xor$/home/danieltyukov/workspace/personal/tt-ihp-int8-npu/src/npu_csa_reduce.sv:49$1727 ($xor).
Removed top 1 bits (of 16) from port Y of cell npu_core.$flatten\u_array.\g_row[2].g_col[0].u_pe.\u_mul.\g_bw.g_wallace.u_tree.$xor$/home/danieltyukov/workspace/personal/tt-ihp-int8-npu/src/npu_csa_reduce.sv:49$1727 ($xor).
Removed top 2 bits (of 16) from port A of cell npu_core.$flatten\u_array.\g_row[2].g_col[0].u_pe.\u_mul.\g_bw.g_wallace.u_tree.$and$/home/danieltyukov/workspace/personal/tt-ihp-int8-npu/src/npu_csa_reduce.sv:53$1729 ($and).
Removed top 1 bits (of 16) from port B of cell npu_core.$flatten\u_array.\g_row[2].g_col[0].u_pe.\u_mul.\g_bw.g_wallace.u_tree.$and$/home/danieltyukov/workspace/personal/tt-ihp-int8-npu/src/npu_csa_reduce.sv:53$1729 ($and).
Removed top 1 bits (of 16) from port Y of cell npu_core.$flatten\u_array.\g_row[2].g_col[0].u_pe.\u_mul.\g_bw.g_wallace.u_tree.$and$/home/danieltyukov/workspace/personal/tt-ihp-int8-npu/src/npu_csa_reduce.sv:53$1729 ($and).
Removed top 1 bits (of 16) from port A of cell npu_core.$flatten\u_array.\g_row[2].g_col[0].u_pe.\u_mul.\g_bw.g_wallace.u_tree.$or$/home/danieltyukov/workspace/personal/tt-ihp-int8-npu/src/npu_csa_reduce.sv:53$1731 ($or).
Removed top 7 bits (of 16) from port B of cell npu_core.$flatten\u_array.\g_row[2].g_col[0].u_pe.\u_mul.\g_bw.g_wallace.u_tree.$or$/home/danieltyukov/workspace/personal/tt-ihp-int8-npu/src/npu_csa_reduce.sv:53$1731 ($or).
Removed top 1 bits (of 16) from port Y of cell npu_core.$flatten\u_array.\g_row[2].g_col[0].u_pe.\u_mul.\g_bw.g_wallace.u_tree.$or$/home/danieltyukov/workspace/personal/tt-ihp-int8-npu/src/npu_csa_reduce.sv:53$1731 ($or).
Removed top 1 bits (of 2) from port A of cell npu_core.$auto$opt_expr.cc:706:replace_const_cells$2747 ($not).
Removed top 1 bits (of 16) from port A of cell npu_core.$flatten\u_array.\g_row[2].g_col[0].u_pe.\u_mul.\g_bw.g_wallace.u_tree.$or$/home/danieltyukov/workspace/personal/tt-ihp-int8-npu/src/npu_csa_reduce.sv:53$1733 ($or).
Removed top 7 bits (of 16) from port B of cell npu_core.$flatten\u_array.\g_row[2].g_col[0].u_pe.\u_mul.\g_bw.g_wallace.u_tree.$or$/home/danieltyukov/workspace/personal/tt-ihp-int8-npu/src/npu_csa_reduce.sv:53$1733 ($or).
Removed top 1 bits (of 16) from port Y of cell npu_core.$flatten\u_array.\g_row[2].g_col[0].u_pe.\u_mul.\g_bw.g_wallace.u_tree.$or$/home/danieltyukov/workspace/personal/tt-ihp-int8-npu/src/npu_csa_reduce.sv:53$1733 ($or).
Removed top 5 bits (of 16) from port B of cell npu_core.$flatten\u_array.\g_row[2].g_col[0].u_pe.\u_mul.\g_bw.g_wallace.u_tree.\genblk1.g_reduce.u_next.$xor$/home/danieltyukov/workspace/personal/tt-ihp-int8-npu/src/npu_csa_reduce.sv:49$1839 ($xor).
Removed top 1 bits (of 16) from port Y of cell npu_core.$flatten\u_array.\g_row[2].g_col[0].u_pe.\u_mul.\g_bw.g_wallace.u_tree.\genblk1.g_reduce.u_next.\genblk1.g_reduce.u_next.$or$/home/danieltyukov/workspace/personal/tt-ihp-int8-npu/src/npu_csa_reduce.sv:53$1860 ($or).
Removed top 1 bits (of 16) from port A of cell npu_core.$flatten\u_array.\g_row[2].g_col[0].u_pe.\u_mul.\g_bw.g_wallace.u_tree.\genblk1.g_reduce.u_next.\genblk1.g_reduce.u_next.$or$/home/danieltyukov/workspace/personal/tt-ihp-int8-npu/src/npu_csa_reduce.sv:53$1860 ($or).
Removed top 1 bits (of 16) from port B of cell npu_core.$flatten\u_array.\g_row[2].g_col[0].u_pe.\u_mul.\g_bw.g_wallace.u_tree.\genblk1.g_reduce.u_next.\genblk1.g_reduce.u_next.$or$/home/danieltyukov/workspace/personal/tt-ihp-int8-npu/src/npu_csa_reduce.sv:53$1860 ($or).
Removed top 1 bits (of 16) from port Y of cell npu_core.$flatten\u_array.\g_row[2].g_col[0].u_pe.\u_mul.\g_bw.g_wallace.u_tree.\genblk1.g_reduce.u_next.\genblk1.g_reduce.u_next.\genblk1.g_reduce.u_next.$or$/home/danieltyukov/workspace/personal/tt-ihp-int8-npu/src/npu_csa_reduce.sv:53$1711 ($or).
Removed top 1 bits (of 16) from port A of cell npu_core.$flatten\u_array.\g_row[2].g_col[0].u_pe.\u_mul.\g_bw.g_wallace.u_tree.\genblk1.g_reduce.u_next.\genblk1.g_reduce.u_next.\genblk1.g_reduce.u_next.$or$/home/danieltyukov/workspace/personal/tt-ihp-int8-npu/src/npu_csa_reduce.sv:53$1711 ($or).
Removed top 1 bits (of 16) from port B of cell npu_core.$flatten\u_array.\g_row[2].g_col[0].u_pe.\u_mul.\g_bw.g_wallace.u_tree.\genblk1.g_reduce.u_next.\genblk1.g_reduce.u_next.\genblk1.g_reduce.u_next.$or$/home/danieltyukov/workspace/personal/tt-ihp-int8-npu/src/npu_csa_reduce.sv:53$1711 ($or).
Removed top 1 bits (of 16) from port Y of cell npu_core.$flatten\u_array.\g_row[2].g_col[0].u_pe.\u_mul.\g_bw.g_wallace.u_tree.\genblk1.g_reduce.u_next.\genblk1.g_reduce.u_next.\genblk1.g_reduce.u_next.$and$/home/danieltyukov/workspace/personal/tt-ihp-int8-npu/src/npu_csa_reduce.sv:53$1710 ($and).
Removed top 1 bits (of 16) from port A of cell npu_core.$flatten\u_array.\g_row[2].g_col[0].u_pe.\u_mul.\g_bw.g_wallace.u_tree.\genblk1.g_reduce.u_next.\genblk1.g_reduce.u_next.\genblk1.g_reduce.u_next.$and$/home/danieltyukov/workspace/personal/tt-ihp-int8-npu/src/npu_csa_reduce.sv:53$1710 ($and).
Removed top 1 bits (of 16) from port B of cell npu_core.$flatten\u_array.\g_row[2].g_col[0].u_pe.\u_mul.\g_bw.g_wallace.u_tree.\genblk1.g_reduce.u_next.\genblk1.g_reduce.u_next.\genblk1.g_reduce.u_next.$and$/home/danieltyukov/workspace/personal/tt-ihp-int8-npu/src/npu_csa_reduce.sv:53$1710 ($and).
Removed top 1 bits (of 16) from port Y of cell npu_core.$flatten\u_array.\g_row[2].g_col[0].u_pe.\u_mul.\g_bw.g_wallace.u_tree.\genblk1.g_reduce.u_next.\genblk1.g_reduce.u_next.\genblk1.g_reduce.u_next.$or$/home/danieltyukov/workspace/personal/tt-ihp-int8-npu/src/npu_csa_reduce.sv:53$1709 ($or).
Removed top 1 bits (of 16) from port A of cell npu_core.$flatten\u_array.\g_row[2].g_col[0].u_pe.\u_mul.\g_bw.g_wallace.u_tree.\genblk1.g_reduce.u_next.\genblk1.g_reduce.u_next.\genblk1.g_reduce.u_next.$or$/home/danieltyukov/workspace/personal/tt-ihp-int8-npu/src/npu_csa_reduce.sv:53$1709 ($or).
Removed top 1 bits (of 16) from port B of cell npu_core.$flatten\u_array.\g_row[2].g_col[0].u_pe.\u_mul.\g_bw.g_wallace.u_tree.\genblk1.g_reduce.u_next.\genblk1.g_reduce.u_next.\genblk1.g_reduce.u_next.$or$/home/danieltyukov/workspace/personal/tt-ihp-int8-npu/src/npu_csa_reduce.sv:53$1709 ($or).
Removed top 1 bits (of 16) from port Y of cell npu_core.$flatten\u_array.\g_row[2].g_col[0].u_pe.\u_mul.\g_bw.g_wallace.u_tree.\genblk1.g_reduce.u_next.\genblk1.g_reduce.u_next.\genblk1.g_reduce.u_next.$and$/home/danieltyukov/workspace/personal/tt-ihp-int8-npu/src/npu_csa_reduce.sv:53$1708 ($and).
Removed top 1 bits (of 16) from port A of cell npu_core.$flatten\u_array.\g_row[2].g_col[0].u_pe.\u_mul.\g_bw.g_wallace.u_tree.\genblk1.g_reduce.u_next.\genblk1.g_reduce.u_next.\genblk1.g_reduce.u_next.$and$/home/danieltyukov/workspace/personal/tt-ihp-int8-npu/src/npu_csa_reduce.sv:53$1708 ($and).
Removed top 1 bits (of 16) from port B of cell npu_core.$flatten\u_array.\g_row[2].g_col[0].u_pe.\u_mul.\g_bw.g_wallace.u_tree.\genblk1.g_reduce.u_next.\genblk1.g_reduce.u_next.\genblk1.g_reduce.u_next.$and$/home/danieltyukov/workspace/personal/tt-ihp-int8-npu/src/npu_csa_reduce.sv:53$1708 ($and).
Removed top 1 bits (of 16) from port Y of cell npu_core.$flatten\u_array.\g_row[2].g_col[0].u_pe.\u_mul.\g_bw.g_wallace.u_tree.\genblk1.g_reduce.u_next.\genblk1.g_reduce.u_next.\genblk1.g_reduce.u_next.$and$/home/danieltyukov/workspace/personal/tt-ihp-int8-npu/src/npu_csa_reduce.sv:53$1707 ($and).
Removed top 1 bits (of 16) from port A of cell npu_core.$flatten\u_array.\g_row[2].g_col[0].u_pe.\u_mul.\g_bw.g_wallace.u_tree.\genblk1.g_reduce.u_next.\genblk1.g_reduce.u_next.\genblk1.g_reduce.u_next.$and$/home/danieltyukov/workspace/personal/tt-ihp-int8-npu/src/npu_csa_reduce.sv:53$1707 ($and).
Removed top 1 bits (of 16) from port B of cell npu_core.$flatten\u_array.\g_row[2].g_col[0].u_pe.\u_mul.\g_bw.g_wallace.u_tree.\genblk1.g_reduce.u_next.\genblk1.g_reduce.u_next.\genblk1.g_reduce.u_next.$and$/home/danieltyukov/workspace/personal/tt-ihp-int8-npu/src/npu_csa_reduce.sv:53$1707 ($and).
Removed top 1 bits (of 16) from port Y of cell npu_core.$flatten\u_array.\g_row[2].g_col[0].u_pe.\u_mul.\g_bw.g_wallace.u_tree.\genblk1.g_reduce.u_next.$or$/home/danieltyukov/workspace/personal/tt-ihp-int8-npu/src/npu_csa_reduce.sv:53$1852 ($or).
Removed top 1 bits (of 16) from port A of cell npu_core.$flatten\u_array.\g_row[2].g_col[0].u_pe.\u_mul.\g_bw.g_wallace.u_tree.\genblk1.g_reduce.u_next.$or$/home/danieltyukov/workspace/personal/tt-ihp-int8-npu/src/npu_csa_reduce.sv:53$1852 ($or).
Removed top 1 bits (of 16) from port B of cell npu_core.$flatten\u_array.\g_row[2].g_col[0].u_pe.\u_mul.\g_bw.g_wallace.u_tree.\genblk1.g_reduce.u_next.$or$/home/danieltyukov/workspace/personal/tt-ihp-int8-npu/src/npu_csa_reduce.sv:53$1852 ($or).
Removed top 1 bits (of 16) from port Y of cell npu_core.$flatten\u_array.\g_row[2].g_col[0].u_pe.\u_mul.\g_bw.g_wallace.u_tree.\genblk1.g_reduce.u_next.$and$/home/danieltyukov/workspace/personal/tt-ihp-int8-npu/src/npu_csa_reduce.sv:53$1851 ($and).
Removed top 1 bits (of 16) from port A of cell npu_core.$flatten\u_array.\g_row[2].g_col[0].u_pe.\u_mul.\g_bw.g_wallace.u_tree.\genblk1.g_reduce.u_next.$and$/home/danieltyukov/workspace/personal/tt-ihp-int8-npu/src/npu_csa_reduce.sv:53$1851 ($and).
Removed top 1 bits (of 16) from port B of cell npu_core.$flatten\u_array.\g_row[2].g_col[0].u_pe.\u_mul.\g_bw.g_wallace.u_tree.\genblk1.g_reduce.u_next.$and$/home/danieltyukov/workspace/personal/tt-ihp-int8-npu/src/npu_csa_reduce.sv:53$1851 ($and).
Removed top 1 bits (of 16) from port Y of cell npu_core.$flatten\u_array.\g_row[2].g_col[0].u_pe.\u_mul.\g_bw.g_wallace.u_tree.\genblk1.g_reduce.u_next.$or$/home/danieltyukov/workspace/personal/tt-ihp-int8-npu/src/npu_csa_reduce.sv:53$1850 ($or).
Removed top 1 bits (of 16) from port A of cell npu_core.$flatten\u_array.\g_row[2].g_col[0].u_pe.\u_mul.\g_bw.g_wallace.u_tree.\genblk1.g_reduce.u_next.$or$/home/danieltyukov/workspace/personal/tt-ihp-int8-npu/src/npu_csa_reduce.sv:53$1850 ($or).
Removed top 1 bits (of 16) from port B of cell npu_core.$flatten\u_array.\g_row[2].g_col[0].u_pe.\u_mul.\g_bw.g_wallace.u_tree.\genblk1.g_reduce.u_next.$or$/home/danieltyukov/workspace/personal/tt-ihp-int8-npu/src/npu_csa_reduce.sv:53$1850 ($or).
Removed top 2 bits (of 16) from port A of cell npu_core.$flatten\u_array.\g_row[2].g_col[0].u_pe.\u_mul.\g_bw.g_wallace.u_tree.\genblk1.g_reduce.u_next.$and$/home/danieltyukov/workspace/personal/tt-ihp-int8-npu/src/npu_csa_reduce.sv:53$1849 ($and).
Removed top 1 bits (of 16) from port Y of cell npu_core.$flatten\u_array.\g_row[2].g_col[0].u_pe.\u_mul.\g_bw.g_wallace.u_tree.\genblk1.g_reduce.u_next.$and$/home/danieltyukov/workspace/personal/tt-ihp-int8-npu/src/npu_csa_reduce.sv:53$1849 ($and).
Removed top 1 bits (of 16) from port B of cell npu_core.$flatten\u_array.\g_row[2].g_col[0].u_pe.\u_mul.\g_bw.g_wallace.u_tree.\genblk1.g_reduce.u_next.$and$/home/danieltyukov/workspace/personal/tt-ihp-int8-npu/src/npu_csa_reduce.sv:53$1849 ($and).
Removed top 2 bits (of 16) from port A of cell npu_core.$flatten\u_array.\g_row[2].g_col[0].u_pe.\u_mul.\g_bw.g_wallace.u_tree.\genblk1.g_reduce.u_next.$and$/home/danieltyukov/workspace/personal/tt-ihp-int8-npu/src/npu_csa_reduce.sv:53$1848 ($and).
Removed top 1 bits (of 16) from port Y of cell npu_core.$flatten\u_array.\g_row[2].g_col[0].u_pe.\u_mul.\g_bw.g_wallace.u_tree.\genblk1.g_reduce.u_next.$and$/home/danieltyukov/workspace/personal/tt-ihp-int8-npu/src/npu_csa_reduce.sv:53$1848 ($and).
Removed top 1 bits (of 16) from port B of cell npu_core.$flatten\u_array.\g_row[2].g_col[0].u_pe.\u_mul.\g_bw.g_wallace.u_tree.\genblk1.g_reduce.u_next.$and$/home/danieltyukov/workspace/personal/tt-ihp-int8-npu/src/npu_csa_reduce.sv:53$1848 ($and).
Removed top 2 bits (of 16) from port A of cell npu_core.$flatten\u_array.\g_row[2].g_col[0].u_pe.\u_mul.\g_bw.g_wallace.u_tree.\genblk1.g_reduce.u_next.$xor$/home/danieltyukov/workspace/personal/tt-ihp-int8-npu/src/npu_csa_reduce.sv:49$1846 ($xor).
Removed top 1 bits (of 16) from port Y of cell npu_core.$flatten\u_array.\g_row[2].g_col[0].u_pe.\u_mul.\g_bw.g_wallace.u_tree.\genblk1.g_reduce.u_next.$or$/home/danieltyukov/workspace/personal/tt-ihp-int8-npu/src/npu_csa_reduce.sv:53$1845 ($or).
Removed top 1 bits (of 16) from port A of cell npu_core.$flatten\u_array.\g_row[2].g_col[0].u_pe.\u_mul.\g_bw.g_wallace.u_tree.\genblk1.g_reduce.u_next.$or$/home/danieltyukov/workspace/personal/tt-ihp-int8-npu/src/npu_csa_reduce.sv:53$1845 ($or).
Removed top 1 bits (of 16) from port B of cell npu_core.$flatten\u_array.\g_row[2].g_col[0].u_pe.\u_mul.\g_bw.g_wallace.u_tree.\genblk1.g_reduce.u_next.$or$/home/danieltyukov/workspace/personal/tt-ihp-int8-npu/src/npu_csa_reduce.sv:53$1845 ($or).
Removed top 5 bits (of 16) from port A of cell npu_core.$flatten\u_array.\g_row[2].g_col[0].u_pe.\u_mul.\g_bw.g_wallace.u_tree.\genblk1.g_reduce.u_next.$and$/home/danieltyukov/workspace/personal/tt-ihp-int8-npu/src/npu_csa_reduce.sv:53$1844 ($and).
Removed top 3 bits (of 16) from port B of cell npu_core.$flatten\u_array.\g_row[2].g_col[0].u_pe.\u_mul.\g_bw.g_wallace.u_tree.\genblk1.g_reduce.u_next.$and$/home/danieltyukov/workspace/personal/tt-ihp-int8-npu/src/npu_csa_reduce.sv:53$1844 ($and).
Removed top 3 bits (of 16) from port Y of cell npu_core.$flatten\u_array.\g_row[2].g_col[0].u_pe.\u_mul.\g_bw.g_wallace.u_tree.\genblk1.g_reduce.u_next.$and$/home/danieltyukov/workspace/personal/tt-ihp-int8-npu/src/npu_csa_reduce.sv:53$1844 ($and).
Removed top 1 bits (of 16) from port Y of cell npu_core.$flatten\u_array.\g_row[2].g_col[0].u_pe.\u_mul.\g_bw.g_wallace.u_tree.\genblk1.g_reduce.u_next.$or$/home/danieltyukov/workspace/personal/tt-ihp-int8-npu/src/npu_csa_reduce.sv:53$1843 ($or).
Removed top 1 bits (of 16) from port A of cell npu_core.$flatten\u_array.\g_row[2].g_col[0].u_pe.\u_mul.\g_bw.g_wallace.u_tree.\genblk1.g_reduce.u_next.$or$/home/danieltyukov/workspace/personal/tt-ihp-int8-npu/src/npu_csa_reduce.sv:53$1843 ($or).
Removed top 1 bits (of 16) from port B of cell npu_core.$flatten\u_array.\g_row[2].g_col[0].u_pe.\u_mul.\g_bw.g_wallace.u_tree.\genblk1.g_reduce.u_next.$or$/home/danieltyukov/workspace/personal/tt-ihp-int8-npu/src/npu_csa_reduce.sv:53$1843 ($or).
Removed top 3 bits (of 16) from port B of cell npu_core.$flatten\u_array.\g_row[2].g_col[0].u_pe.\u_mul.\g_bw.g_wallace.u_tree.\genblk1.g_reduce.u_next.$and$/home/danieltyukov/workspace/personal/tt-ihp-int8-npu/src/npu_csa_reduce.sv:53$1842 ($and).
Removed top 1 bits (of 16) from port Y of cell npu_core.$flatten\u_array.\g_row[2].g_col[0].u_pe.\u_mul.\g_bw.g_wallace.u_tree.\genblk1.g_reduce.u_next.$and$/home/danieltyukov/workspace/personal/tt-ihp-int8-npu/src/npu_csa_reduce.sv:53$1842 ($and).
Removed top 1 bits (of 16) from port A of cell npu_core.$flatten\u_array.\g_row[2].g_col[0].u_pe.\u_mul.\g_bw.g_wallace.u_tree.\genblk1.g_reduce.u_next.$and$/home/danieltyukov/workspace/personal/tt-ihp-int8-npu/src/npu_csa_reduce.sv:53$1842 ($and).
Removed top 5 bits (of 16) from port B of cell npu_core.$flatten\u_array.\g_row[2].g_col[0].u_pe.\u_mul.\g_bw.g_wallace.u_tree.\genblk1.g_reduce.u_next.$and$/home/danieltyukov/workspace/personal/tt-ihp-int8-npu/src/npu_csa_reduce.sv:53$1841 ($and).
Removed top 1 bits (of 16) from port Y of cell npu_core.$flatten\u_array.\g_row[2].g_col[0].u_pe.\u_mul.\g_bw.g_wallace.u_tree.\genblk1.g_reduce.u_next.$and$/home/danieltyukov/workspace/personal/tt-ihp-int8-npu/src/npu_csa_reduce.sv:53$1841 ($and).
Removed top 1 bits (of 16) from port A of cell npu_core.$flatten\u_array.\g_row[2].g_col[0].u_pe.\u_mul.\g_bw.g_wallace.u_tree.\genblk1.g_reduce.u_next.$and$/home/danieltyukov/workspace/personal/tt-ihp-int8-npu/src/npu_csa_reduce.sv:53$1841 ($and).
Removed top 3 bits (of 16) from port B of cell npu_core.$flatten\u_array.\g_row[2].g_col[0].u_pe.\u_mul.\g_bw.g_wallace.u_tree.\genblk1.g_reduce.u_next.$xor$/home/danieltyukov/workspace/personal/tt-ihp-int8-npu/src/npu_csa_reduce.sv:49$1840 ($xor).
Removed top 1 bits (of 16) from port Y of cell npu_core.$flatten\u_array.\g_row[2].g_col[0].u_pe.\u_mul.\u_cpa.$and$/home/danieltyukov/workspace/personal/tt-ihp-int8-npu/src/npu_adder.sv:60$1736 ($and).
Removed top 1 bits (of 16) from port A of cell npu_core.$flatten\u_array.\g_row[2].g_col[0].u_pe.\u_mul.\u_cpa.$and$/home/danieltyukov/workspace/personal/tt-ihp-int8-npu/src/npu_adder.sv:60$1736 ($and).
Removed top 1 bits (of 16) from port B of cell npu_core.$flatten\u_array.\g_row[2].g_col[0].u_pe.\u_mul.\u_cpa.$and$/home/danieltyukov/workspace/personal/tt-ihp-int8-npu/src/npu_adder.sv:60$1736 ($and).
Removed top 8 bits (of 16) from port A of cell npu_core.$flatten\u_array.\g_row[2].g_col[0].u_pe.\u_mul.\g_bw.g_wallace.u_tree.$xor$/home/danieltyukov/workspace/personal/tt-ihp-int8-npu/src/npu_csa_reduce.sv:49$1713 ($xor).
Removed top 7 bits (of 16) from port B of cell npu_core.$flatten\u_array.\g_row[2].g_col[0].u_pe.\u_mul.\g_bw.g_wallace.u_tree.$xor$/home/danieltyukov/workspace/personal/tt-ihp-int8-npu/src/npu_csa_reduce.sv:49$1713 ($xor).
Removed top 7 bits (of 16) from port Y of cell npu_core.$flatten\u_array.\g_row[2].g_col[0].u_pe.\u_mul.\g_bw.g_wallace.u_tree.$xor$/home/danieltyukov/workspace/personal/tt-ihp-int8-npu/src/npu_csa_reduce.sv:49$1713 ($xor).
Removed top 1 bits (of 19) from port Y of cell npu_core.$flatten\u_array.\g_row[2].g_col[0].u_pe.\u_add.$and$/home/danieltyukov/workspace/personal/tt-ihp-int8-npu/src/npu_adder.sv:60$1580 ($and).
Removed top 1 bits (of 19) from port A of cell npu_core.$flatten\u_array.\g_row[2].g_col[0].u_pe.\u_add.$and$/home/danieltyukov/workspace/personal/tt-ihp-int8-npu/src/npu_adder.sv:60$1580 ($and).
Removed top 1 bits (of 19) from port B of cell npu_core.$flatten\u_array.\g_row[2].g_col[0].u_pe.\u_add.$and$/home/danieltyukov/workspace/personal/tt-ihp-int8-npu/src/npu_adder.sv:60$1580 ($and).
Removed top 6 bits (of 16) from port B of cell npu_core.$flatten\u_array.\g_row[1].g_col[1].u_pe.\u_mul.\g_bw.g_wallace.u_tree.$xor$/home/danieltyukov/workspace/personal/tt-ihp-int8-npu/src/npu_csa_reduce.sv:49$1714 ($xor).
Removed top 8 bits (of 16) from port A of cell npu_core.$flatten\u_array.\g_row[1].g_col[1].u_pe.\u_mul.\g_bw.g_wallace.u_tree.$and$/home/danieltyukov/workspace/personal/tt-ihp-int8-npu/src/npu_csa_reduce.sv:53$1715 ($and).
Removed top 7 bits (of 16) from port B of cell npu_core.$flatten\u_array.\g_row[1].g_col[1].u_pe.\u_mul.\g_bw.g_wallace.u_tree.$and$/home/danieltyukov/workspace/personal/tt-ihp-int8-npu/src/npu_csa_reduce.sv:53$1715 ($and).
Removed top 7 bits (of 16) from port Y of cell npu_core.$flatten\u_array.\g_row[1].g_col[1].u_pe.\u_mul.\g_bw.g_wallace.u_tree.$and$/home/danieltyukov/workspace/personal/tt-ihp-int8-npu/src/npu_csa_reduce.sv:53$1715 ($and).
Removed top 8 bits (of 16) from port A of cell npu_core.$flatten\u_array.\g_row[1].g_col[1].u_pe.\u_mul.\g_bw.g_wallace.u_tree.$and$/home/danieltyukov/workspace/personal/tt-ihp-int8-npu/src/npu_csa_reduce.sv:53$1716 ($and).
Removed top 6 bits (of 16) from port B of cell npu_core.$flatten\u_array.\g_row[1].g_col[1].u_pe.\u_mul.\g_bw.g_wallace.u_tree.$and$/home/danieltyukov/workspace/personal/tt-ihp-int8-npu/src/npu_csa_reduce.sv:53$1716 ($and).
Removed top 6 bits (of 16) from port Y of cell npu_core.$flatten\u_array.\g_row[1].g_col[1].u_pe.\u_mul.\g_bw.g_wallace.u_tree.$and$/home/danieltyukov/workspace/personal/tt-ihp-int8-npu/src/npu_csa_reduce.sv:53$1716 ($and).
Removed top 7 bits (of 16) from port A of cell npu_core.$flatten\u_array.\g_row[1].g_col[1].u_pe.\u_mul.\g_bw.g_wallace.u_tree.$or$/home/danieltyukov/workspace/personal/tt-ihp-int8-npu/src/npu_csa_reduce.sv:53$1717 ($or).
Removed top 6 bits (of 16) from port B of cell npu_core.$flatten\u_array.\g_row[1].g_col[1].u_pe.\u_mul.\g_bw.g_wallace.u_tree.$or$/home/danieltyukov/workspace/personal/tt-ihp-int8-npu/src/npu_csa_reduce.sv:53$1717 ($or).
Removed top 6 bits (of 16) from port Y of cell npu_core.$flatten\u_array.\g_row[1].g_col[1].u_pe.\u_mul.\g_bw.g_wallace.u_tree.$or$/home/danieltyukov/workspace/personal/tt-ihp-int8-npu/src/npu_csa_reduce.sv:53$1717 ($or).
Removed top 7 bits (of 16) from port A of cell npu_core.$flatten\u_array.\g_row[1].g_col[1].u_pe.\u_mul.\g_bw.g_wallace.u_tree.$and$/home/danieltyukov/workspace/personal/tt-ihp-int8-npu/src/npu_csa_reduce.sv:53$1718 ($and).
Removed top 6 bits (of 16) from port B of cell npu_core.$flatten\u_array.\g_row[1].g_col[1].u_pe.\u_mul.\g_bw.g_wallace.u_tree.$and$/home/danieltyukov/workspace/personal/tt-ihp-int8-npu/src/npu_csa_reduce.sv:53$1718 ($and).
Removed top 6 bits (of 16) from port Y of cell npu_core.$flatten\u_array.\g_row[1].g_col[1].u_pe.\u_mul.\g_bw.g_wallace.u_tree.$and$/home/danieltyukov/workspace/personal/tt-ihp-int8-npu/src/npu_csa_reduce.sv:53$1718 ($and).
Removed top 6 bits (of 16) from port A of cell npu_core.$flatten\u_array.\g_row[1].g_col[1].u_pe.\u_mul.\g_bw.g_wallace.u_tree.$or$/home/danieltyukov/workspace/personal/tt-ihp-int8-npu/src/npu_csa_reduce.sv:53$1719 ($or).
Removed top 6 bits (of 16) from port B of cell npu_core.$flatten\u_array.\g_row[1].g_col[1].u_pe.\u_mul.\g_bw.g_wallace.u_tree.$or$/home/danieltyukov/workspace/personal/tt-ihp-int8-npu/src/npu_csa_reduce.sv:53$1719 ($or).
Removed top 6 bits (of 16) from port Y of cell npu_core.$flatten\u_array.\g_row[1].g_col[1].u_pe.\u_mul.\g_bw.g_wallace.u_tree.$or$/home/danieltyukov/workspace/personal/tt-ihp-int8-npu/src/npu_csa_reduce.sv:53$1719 ($or).
Removed top 5 bits (of 16) from port A of cell npu_core.$flatten\u_array.\g_row[1].g_col[1].u_pe.\u_mul.\g_bw.g_wallace.u_tree.$xor$/home/danieltyukov/workspace/personal/tt-ihp-int8-npu/src/npu_csa_reduce.sv:49$1720 ($xor).
Removed top 4 bits (of 16) from port B of cell npu_core.$flatten\u_array.\g_row[1].g_col[1].u_pe.\u_mul.\g_bw.g_wallace.u_tree.$xor$/home/danieltyukov/workspace/personal/tt-ihp-int8-npu/src/npu_csa_reduce.sv:49$1720 ($xor).
Removed top 4 bits (of 16) from port Y of cell npu_core.$flatten\u_array.\g_row[1].g_col[1].u_pe.\u_mul.\g_bw.g_wallace.u_tree.$xor$/home/danieltyukov/workspace/personal/tt-ihp-int8-npu/src/npu_csa_reduce.sv:49$1720 ($xor).
Removed top 4 bits (of 16) from port A of cell npu_core.$flatten\u_array.\g_row[1].g_col[1].u_pe.\u_mul.\g_bw.g_wallace.u_tree.$xor$/home/danieltyukov/workspace/personal/tt-ihp-int8-npu/src/npu_csa_reduce.sv:49$1721 ($xor).
Removed top 3 bits (of 16) from port B of cell npu_core.$flatten\u_array.\g_row[1].g_col[1].u_pe.\u_mul.\g_bw.g_wallace.u_tree.$xor$/home/danieltyukov/workspace/personal/tt-ihp-int8-npu/src/npu_csa_reduce.sv:49$1721 ($xor).
Removed top 3 bits (of 16) from port Y of cell npu_core.$flatten\u_array.\g_row[1].g_col[1].u_pe.\u_mul.\g_bw.g_wallace.u_tree.$xor$/home/danieltyukov/workspace/personal/tt-ihp-int8-npu/src/npu_csa_reduce.sv:49$1721 ($xor).
Removed top 5 bits (of 16) from port A of cell npu_core.$flatten\u_array.\g_row[1].g_col[1].u_pe.\u_mul.\g_bw.g_wallace.u_tree.$and$/home/danieltyukov/workspace/personal/tt-ihp-int8-npu/src/npu_csa_reduce.sv:53$1722 ($and).
Removed top 4 bits (of 16) from port B of cell npu_core.$flatten\u_array.\g_row[1].g_col[1].u_pe.\u_mul.\g_bw.g_wallace.u_tree.$and$/home/danieltyukov/workspace/personal/tt-ihp-int8-npu/src/npu_csa_reduce.sv:53$1722 ($and).
Removed top 4 bits (of 16) from port Y of cell npu_core.$flatten\u_array.\g_row[1].g_col[1].u_pe.\u_mul.\g_bw.g_wallace.u_tree.$and$/home/danieltyukov/workspace/personal/tt-ihp-int8-npu/src/npu_csa_reduce.sv:53$1722 ($and).
Removed top 5 bits (of 16) from port A of cell npu_core.$flatten\u_array.\g_row[1].g_col[1].u_pe.\u_mul.\g_bw.g_wallace.u_tree.$and$/home/danieltyukov/workspace/personal/tt-ihp-int8-npu/src/npu_csa_reduce.sv:53$1723 ($and).
Removed top 3 bits (of 16) from port B of cell npu_core.$flatten\u_array.\g_row[1].g_col[1].u_pe.\u_mul.\g_bw.g_wallace.u_tree.$and$/home/danieltyukov/workspace/personal/tt-ihp-int8-npu/src/npu_csa_reduce.sv:53$1723 ($and).
Removed top 3 bits (of 16) from port Y of cell npu_core.$flatten\u_array.\g_row[1].g_col[1].u_pe.\u_mul.\g_bw.g_wallace.u_tree.$and$/home/danieltyukov/workspace/personal/tt-ihp-int8-npu/src/npu_csa_reduce.sv:53$1723 ($and).
Removed top 4 bits (of 16) from port A of cell npu_core.$flatten\u_array.\g_row[1].g_col[1].u_pe.\u_mul.\g_bw.g_wallace.u_tree.$or$/home/danieltyukov/workspace/personal/tt-ihp-int8-npu/src/npu_csa_reduce.sv:53$1724 ($or).
Removed top 3 bits (of 16) from port B of cell npu_core.$flatten\u_array.\g_row[1].g_col[1].u_pe.\u_mul.\g_bw.g_wallace.u_tree.$or$/home/danieltyukov/workspace/personal/tt-ihp-int8-npu/src/npu_csa_reduce.sv:53$1724 ($or).
Removed top 3 bits (of 16) from port Y of cell npu_core.$flatten\u_array.\g_row[1].g_col[1].u_pe.\u_mul.\g_bw.g_wallace.u_tree.$or$/home/danieltyukov/workspace/personal/tt-ihp-int8-npu/src/npu_csa_reduce.sv:53$1724 ($or).
Removed top 4 bits (of 16) from port A of cell npu_core.$flatten\u_array.\g_row[1].g_col[1].u_pe.\u_mul.\g_bw.g_wallace.u_tree.$and$/home/danieltyukov/workspace/personal/tt-ihp-int8-npu/src/npu_csa_reduce.sv:53$1725 ($and).
Removed top 3 bits (of 16) from port B of cell npu_core.$flatten\u_array.\g_row[1].g_col[1].u_pe.\u_mul.\g_bw.g_wallace.u_tree.$and$/home/danieltyukov/workspace/personal/tt-ihp-int8-npu/src/npu_csa_reduce.sv:53$1725 ($and).
Removed top 3 bits (of 16) from port Y of cell npu_core.$flatten\u_array.\g_row[1].g_col[1].u_pe.\u_mul.\g_bw.g_wallace.u_tree.$and$/home/danieltyukov/workspace/personal/tt-ihp-int8-npu/src/npu_csa_reduce.sv:53$1725 ($and).
Removed top 3 bits (of 16) from port A of cell npu_core.$flatten\u_array.\g_row[1].g_col[1].u_pe.\u_mul.\g_bw.g_wallace.u_tree.$or$/home/danieltyukov/workspace/personal/tt-ihp-int8-npu/src/npu_csa_reduce.sv:53$1726 ($or).
Removed top 3 bits (of 16) from port B of cell npu_core.$flatten\u_array.\g_row[1].g_col[1].u_pe.\u_mul.\g_bw.g_wallace.u_tree.$or$/home/danieltyukov/workspace/personal/tt-ihp-int8-npu/src/npu_csa_reduce.sv:53$1726 ($or).
Removed top 3 bits (of 16) from port Y of cell npu_core.$flatten\u_array.\g_row[1].g_col[1].u_pe.\u_mul.\g_bw.g_wallace.u_tree.$or$/home/danieltyukov/workspace/personal/tt-ihp-int8-npu/src/npu_csa_reduce.sv:53$1726 ($or).
Removed top 2 bits (of 16) from port A of cell npu_core.$flatten\u_array.\g_row[1].g_col[1].u_pe.\u_mul.\g_bw.g_wallace.u_tree.$xor$/home/danieltyukov/workspace/personal/tt-ihp-int8-npu/src/npu_csa_reduce.sv:49$1727 ($xor).
Removed top 1 bits (of 16) from port B of cell npu_core.$flatten\u_array.\g_row[1].g_col[1].u_pe.\u_mul.\g_bw.g_wallace.u_tree.$xor$/home/danieltyukov/workspace/personal/tt-ihp-int8-npu/src/npu_csa_reduce.sv:49$1727 ($xor).
Removed top 1 bits (of 16) from port Y of cell npu_core.$flatten\u_array.\g_row[1].g_col[1].u_pe.\u_mul.\g_bw.g_wallace.u_tree.$xor$/home/danieltyukov/workspace/personal/tt-ihp-int8-npu/src/npu_csa_reduce.sv:49$1727 ($xor).
Removed top 2 bits (of 16) from port A of cell npu_core.$flatten\u_array.\g_row[1].g_col[1].u_pe.\u_mul.\g_bw.g_wallace.u_tree.$and$/home/danieltyukov/workspace/personal/tt-ihp-int8-npu/src/npu_csa_reduce.sv:53$1729 ($and).
Removed top 1 bits (of 16) from port B of cell npu_core.$flatten\u_array.\g_row[1].g_col[1].u_pe.\u_mul.\g_bw.g_wallace.u_tree.$and$/home/danieltyukov/workspace/personal/tt-ihp-int8-npu/src/npu_csa_reduce.sv:53$1729 ($and).
Removed top 1 bits (of 16) from port Y of cell npu_core.$flatten\u_array.\g_row[1].g_col[1].u_pe.\u_mul.\g_bw.g_wallace.u_tree.$and$/home/danieltyukov/workspace/personal/tt-ihp-int8-npu/src/npu_csa_reduce.sv:53$1729 ($and).
Removed top 1 bits (of 16) from port A of cell npu_core.$flatten\u_array.\g_row[1].g_col[1].u_pe.\u_mul.\g_bw.g_wallace.u_tree.$or$/home/danieltyukov/workspace/personal/tt-ihp-int8-npu/src/npu_csa_reduce.sv:53$1731 ($or).
Removed top 7 bits (of 16) from port B of cell npu_core.$flatten\u_array.\g_row[1].g_col[1].u_pe.\u_mul.\g_bw.g_wallace.u_tree.$or$/home/danieltyukov/workspace/personal/tt-ihp-int8-npu/src/npu_csa_reduce.sv:53$1731 ($or).
Removed top 1 bits (of 16) from port Y of cell npu_core.$flatten\u_array.\g_row[1].g_col[1].u_pe.\u_mul.\g_bw.g_wallace.u_tree.$or$/home/danieltyukov/workspace/personal/tt-ihp-int8-npu/src/npu_csa_reduce.sv:53$1731 ($or).
Removed top 1 bits (of 2) from port A of cell npu_core.$auto$opt_expr.cc:706:replace_const_cells$2749 ($not).
Removed top 1 bits (of 16) from port A of cell npu_core.$flatten\u_array.\g_row[1].g_col[1].u_pe.\u_mul.\g_bw.g_wallace.u_tree.$or$/home/danieltyukov/workspace/personal/tt-ihp-int8-npu/src/npu_csa_reduce.sv:53$1733 ($or).
Removed top 7 bits (of 16) from port B of cell npu_core.$flatten\u_array.\g_row[1].g_col[1].u_pe.\u_mul.\g_bw.g_wallace.u_tree.$or$/home/danieltyukov/workspace/personal/tt-ihp-int8-npu/src/npu_csa_reduce.sv:53$1733 ($or).
Removed top 1 bits (of 16) from port Y of cell npu_core.$flatten\u_array.\g_row[1].g_col[1].u_pe.\u_mul.\g_bw.g_wallace.u_tree.$or$/home/danieltyukov/workspace/personal/tt-ihp-int8-npu/src/npu_csa_reduce.sv:53$1733 ($or).
Removed top 5 bits (of 16) from port B of cell npu_core.$flatten\u_array.\g_row[1].g_col[1].u_pe.\u_mul.\g_bw.g_wallace.u_tree.\genblk1.g_reduce.u_next.$xor$/home/danieltyukov/workspace/personal/tt-ihp-int8-npu/src/npu_csa_reduce.sv:49$1839 ($xor).
Removed top 1 bits (of 16) from port Y of cell npu_core.$flatten\u_array.\g_row[1].g_col[1].u_pe.\u_mul.\g_bw.g_wallace.u_tree.\genblk1.g_reduce.u_next.\genblk1.g_reduce.u_next.$or$/home/danieltyukov/workspace/personal/tt-ihp-int8-npu/src/npu_csa_reduce.sv:53$1860 ($or).
Removed top 1 bits (of 16) from port A of cell npu_core.$flatten\u_array.\g_row[1].g_col[1].u_pe.\u_mul.\g_bw.g_wallace.u_tree.\genblk1.g_reduce.u_next.\genblk1.g_reduce.u_next.$or$/home/danieltyukov/workspace/personal/tt-ihp-int8-npu/src/npu_csa_reduce.sv:53$1860 ($or).
Removed top 1 bits (of 16) from port B of cell npu_core.$flatten\u_array.\g_row[1].g_col[1].u_pe.\u_mul.\g_bw.g_wallace.u_tree.\genblk1.g_reduce.u_next.\genblk1.g_reduce.u_next.$or$/home/danieltyukov/workspace/personal/tt-ihp-int8-npu/src/npu_csa_reduce.sv:53$1860 ($or).
Removed top 1 bits (of 16) from port Y of cell npu_core.$flatten\u_array.\g_row[1].g_col[1].u_pe.\u_mul.\g_bw.g_wallace.u_tree.\genblk1.g_reduce.u_next.\genblk1.g_reduce.u_next.\genblk1.g_reduce.u_next.$or$/home/danieltyukov/workspace/personal/tt-ihp-int8-npu/src/npu_csa_reduce.sv:53$1711 ($or).
Removed top 1 bits (of 16) from port A of cell npu_core.$flatten\u_array.\g_row[1].g_col[1].u_pe.\u_mul.\g_bw.g_wallace.u_tree.\genblk1.g_reduce.u_next.\genblk1.g_reduce.u_next.\genblk1.g_reduce.u_next.$or$/home/danieltyukov/workspace/personal/tt-ihp-int8-npu/src/npu_csa_reduce.sv:53$1711 ($or).
Removed top 1 bits (of 16) from port B of cell npu_core.$flatten\u_array.\g_row[1].g_col[1].u_pe.\u_mul.\g_bw.g_wallace.u_tree.\genblk1.g_reduce.u_next.\genblk1.g_reduce.u_next.\genblk1.g_reduce.u_next.$or$/home/danieltyukov/workspace/personal/tt-ihp-int8-npu/src/npu_csa_reduce.sv:53$1711 ($or).
Removed top 1 bits (of 16) from port Y of cell npu_core.$flatten\u_array.\g_row[1].g_col[1].u_pe.\u_mul.\g_bw.g_wallace.u_tree.\genblk1.g_reduce.u_next.\genblk1.g_reduce.u_next.\genblk1.g_reduce.u_next.$and$/home/danieltyukov/workspace/personal/tt-ihp-int8-npu/src/npu_csa_reduce.sv:53$1710 ($and).
Removed top 1 bits (of 16) from port A of cell npu_core.$flatten\u_array.\g_row[1].g_col[1].u_pe.\u_mul.\g_bw.g_wallace.u_tree.\genblk1.g_reduce.u_next.\genblk1.g_reduce.u_next.\genblk1.g_reduce.u_next.$and$/home/danieltyukov/workspace/personal/tt-ihp-int8-npu/src/npu_csa_reduce.sv:53$1710 ($and).
Removed top 1 bits (of 16) from port B of cell npu_core.$flatten\u_array.\g_row[1].g_col[1].u_pe.\u_mul.\g_bw.g_wallace.u_tree.\genblk1.g_reduce.u_next.\genblk1.g_reduce.u_next.\genblk1.g_reduce.u_next.$and$/home/danieltyukov/workspace/personal/tt-ihp-int8-npu/src/npu_csa_reduce.sv:53$1710 ($and).
Removed top 1 bits (of 16) from port Y of cell npu_core.$flatten\u_array.\g_row[1].g_col[1].u_pe.\u_mul.\g_bw.g_wallace.u_tree.\genblk1.g_reduce.u_next.\genblk1.g_reduce.u_next.\genblk1.g_reduce.u_next.$or$/home/danieltyukov/workspace/personal/tt-ihp-int8-npu/src/npu_csa_reduce.sv:53$1709 ($or).
Removed top 1 bits (of 16) from port A of cell npu_core.$flatten\u_array.\g_row[1].g_col[1].u_pe.\u_mul.\g_bw.g_wallace.u_tree.\genblk1.g_reduce.u_next.\genblk1.g_reduce.u_next.\genblk1.g_reduce.u_next.$or$/home/danieltyukov/workspace/personal/tt-ihp-int8-npu/src/npu_csa_reduce.sv:53$1709 ($or).
Removed top 1 bits (of 16) from port B of cell npu_core.$flatten\u_array.\g_row[1].g_col[1].u_pe.\u_mul.\g_bw.g_wallace.u_tree.\genblk1.g_reduce.u_next.\genblk1.g_reduce.u_next.\genblk1.g_reduce.u_next.$or$/home/danieltyukov/workspace/personal/tt-ihp-int8-npu/src/npu_csa_reduce.sv:53$1709 ($or).
Removed top 1 bits (of 16) from port Y of cell npu_core.$flatten\u_array.\g_row[1].g_col[1].u_pe.\u_mul.\g_bw.g_wallace.u_tree.\genblk1.g_reduce.u_next.\genblk1.g_reduce.u_next.\genblk1.g_reduce.u_next.$and$/home/danieltyukov/workspace/personal/tt-ihp-int8-npu/src/npu_csa_reduce.sv:53$1708 ($and).
Removed top 1 bits (of 16) from port A of cell npu_core.$flatten\u_array.\g_row[1].g_col[1].u_pe.\u_mul.\g_bw.g_wallace.u_tree.\genblk1.g_reduce.u_next.\genblk1.g_reduce.u_next.\genblk1.g_reduce.u_next.$and$/home/danieltyukov/workspace/personal/tt-ihp-int8-npu/src/npu_csa_reduce.sv:53$1708 ($and).
Removed top 1 bits (of 16) from port B of cell npu_core.$flatten\u_array.\g_row[1].g_col[1].u_pe.\u_mul.\g_bw.g_wallace.u_tree.\genblk1.g_reduce.u_next.\genblk1.g_reduce.u_next.\genblk1.g_reduce.u_next.$and$/home/danieltyukov/workspace/personal/tt-ihp-int8-npu/src/npu_csa_reduce.sv:53$1708 ($and).
Removed top 1 bits (of 16) from port Y of cell npu_core.$flatten\u_array.\g_row[1].g_col[1].u_pe.\u_mul.\g_bw.g_wallace.u_tree.\genblk1.g_reduce.u_next.\genblk1.g_reduce.u_next.\genblk1.g_reduce.u_next.$and$/home/danieltyukov/workspace/personal/tt-ihp-int8-npu/src/npu_csa_reduce.sv:53$1707 ($and).
Removed top 1 bits (of 16) from port A of cell npu_core.$flatten\u_array.\g_row[1].g_col[1].u_pe.\u_mul.\g_bw.g_wallace.u_tree.\genblk1.g_reduce.u_next.\genblk1.g_reduce.u_next.\genblk1.g_reduce.u_next.$and$/home/danieltyukov/workspace/personal/tt-ihp-int8-npu/src/npu_csa_reduce.sv:53$1707 ($and).
Removed top 1 bits (of 16) from port B of cell npu_core.$flatten\u_array.\g_row[1].g_col[1].u_pe.\u_mul.\g_bw.g_wallace.u_tree.\genblk1.g_reduce.u_next.\genblk1.g_reduce.u_next.\genblk1.g_reduce.u_next.$and$/home/danieltyukov/workspace/personal/tt-ihp-int8-npu/src/npu_csa_reduce.sv:53$1707 ($and).
Removed top 1 bits (of 16) from port Y of cell npu_core.$flatten\u_array.\g_row[1].g_col[1].u_pe.\u_mul.\g_bw.g_wallace.u_tree.\genblk1.g_reduce.u_next.$or$/home/danieltyukov/workspace/personal/tt-ihp-int8-npu/src/npu_csa_reduce.sv:53$1852 ($or).
Removed top 1 bits (of 16) from port A of cell npu_core.$flatten\u_array.\g_row[1].g_col[1].u_pe.\u_mul.\g_bw.g_wallace.u_tree.\genblk1.g_reduce.u_next.$or$/home/danieltyukov/workspace/personal/tt-ihp-int8-npu/src/npu_csa_reduce.sv:53$1852 ($or).
Removed top 1 bits (of 16) from port B of cell npu_core.$flatten\u_array.\g_row[1].g_col[1].u_pe.\u_mul.\g_bw.g_wallace.u_tree.\genblk1.g_reduce.u_next.$or$/home/danieltyukov/workspace/personal/tt-ihp-int8-npu/src/npu_csa_reduce.sv:53$1852 ($or).
Removed top 1 bits (of 16) from port Y of cell npu_core.$flatten\u_array.\g_row[1].g_col[1].u_pe.\u_mul.\g_bw.g_wallace.u_tree.\genblk1.g_reduce.u_next.$and$/home/danieltyukov/workspace/personal/tt-ihp-int8-npu/src/npu_csa_reduce.sv:53$1851 ($and).
Removed top 1 bits (of 16) from port A of cell npu_core.$flatten\u_array.\g_row[1].g_col[1].u_pe.\u_mul.\g_bw.g_wallace.u_tree.\genblk1.g_reduce.u_next.$and$/home/danieltyukov/workspace/personal/tt-ihp-int8-npu/src/npu_csa_reduce.sv:53$1851 ($and).
Removed top 1 bits (of 16) from port B of cell npu_core.$flatten\u_array.\g_row[1].g_col[1].u_pe.\u_mul.\g_bw.g_wallace.u_tree.\genblk1.g_reduce.u_next.$and$/home/danieltyukov/workspace/personal/tt-ihp-int8-npu/src/npu_csa_reduce.sv:53$1851 ($and).
Removed top 1 bits (of 16) from port Y of cell npu_core.$flatten\u_array.\g_row[1].g_col[1].u_pe.\u_mul.\g_bw.g_wallace.u_tree.\genblk1.g_reduce.u_next.$or$/home/danieltyukov/workspace/personal/tt-ihp-int8-npu/src/npu_csa_reduce.sv:53$1850 ($or).
Removed top 1 bits (of 16) from port A of cell npu_core.$flatten\u_array.\g_row[1].g_col[1].u_pe.\u_mul.\g_bw.g_wallace.u_tree.\genblk1.g_reduce.u_next.$or$/home/danieltyukov/workspace/personal/tt-ihp-int8-npu/src/npu_csa_reduce.sv:53$1850 ($or).
Removed top 1 bits (of 16) from port B of cell npu_core.$flatten\u_array.\g_row[1].g_col[1].u_pe.\u_mul.\g_bw.g_wallace.u_tree.\genblk1.g_reduce.u_next.$or$/home/danieltyukov/workspace/personal/tt-ihp-int8-npu/src/npu_csa_reduce.sv:53$1850 ($or).
Removed top 2 bits (of 16) from port A of cell npu_core.$flatten\u_array.\g_row[1].g_col[1].u_pe.\u_mul.\g_bw.g_wallace.u_tree.\genblk1.g_reduce.u_next.$and$/home/danieltyukov/workspace/personal/tt-ihp-int8-npu/src/npu_csa_reduce.sv:53$1849 ($and).
Removed top 1 bits (of 16) from port Y of cell npu_core.$flatten\u_array.\g_row[1].g_col[1].u_pe.\u_mul.\g_bw.g_wallace.u_tree.\genblk1.g_reduce.u_next.$and$/home/danieltyukov/workspace/personal/tt-ihp-int8-npu/src/npu_csa_reduce.sv:53$1849 ($and).
Removed top 1 bits (of 16) from port B of cell npu_core.$flatten\u_array.\g_row[1].g_col[1].u_pe.\u_mul.\g_bw.g_wallace.u_tree.\genblk1.g_reduce.u_next.$and$/home/danieltyukov/workspace/personal/tt-ihp-int8-npu/src/npu_csa_reduce.sv:53$1849 ($and).
Removed top 2 bits (of 16) from port A of cell npu_core.$flatten\u_array.\g_row[1].g_col[1].u_pe.\u_mul.\g_bw.g_wallace.u_tree.\genblk1.g_reduce.u_next.$and$/home/danieltyukov/workspace/personal/tt-ihp-int8-npu/src/npu_csa_reduce.sv:53$1848 ($and).
Removed top 1 bits (of 16) from port Y of cell npu_core.$flatten\u_array.\g_row[1].g_col[1].u_pe.\u_mul.\g_bw.g_wallace.u_tree.\genblk1.g_reduce.u_next.$and$/home/danieltyukov/workspace/personal/tt-ihp-int8-npu/src/npu_csa_reduce.sv:53$1848 ($and).
Removed top 1 bits (of 16) from port B of cell npu_core.$flatten\u_array.\g_row[1].g_col[1].u_pe.\u_mul.\g_bw.g_wallace.u_tree.\genblk1.g_reduce.u_next.$and$/home/danieltyukov/workspace/personal/tt-ihp-int8-npu/src/npu_csa_reduce.sv:53$1848 ($and).
Removed top 2 bits (of 16) from port A of cell npu_core.$flatten\u_array.\g_row[1].g_col[1].u_pe.\u_mul.\g_bw.g_wallace.u_tree.\genblk1.g_reduce.u_next.$xor$/home/danieltyukov/workspace/personal/tt-ihp-int8-npu/src/npu_csa_reduce.sv:49$1846 ($xor).
Removed top 1 bits (of 16) from port Y of cell npu_core.$flatten\u_array.\g_row[1].g_col[1].u_pe.\u_mul.\g_bw.g_wallace.u_tree.\genblk1.g_reduce.u_next.$or$/home/danieltyukov/workspace/personal/tt-ihp-int8-npu/src/npu_csa_reduce.sv:53$1845 ($or).
Removed top 1 bits (of 16) from port A of cell npu_core.$flatten\u_array.\g_row[1].g_col[1].u_pe.\u_mul.\g_bw.g_wallace.u_tree.\genblk1.g_reduce.u_next.$or$/home/danieltyukov/workspace/personal/tt-ihp-int8-npu/src/npu_csa_reduce.sv:53$1845 ($or).
Removed top 1 bits (of 16) from port B of cell npu_core.$flatten\u_array.\g_row[1].g_col[1].u_pe.\u_mul.\g_bw.g_wallace.u_tree.\genblk1.g_reduce.u_next.$or$/home/danieltyukov/workspace/personal/tt-ihp-int8-npu/src/npu_csa_reduce.sv:53$1845 ($or).
Removed top 5 bits (of 16) from port A of cell npu_core.$flatten\u_array.\g_row[1].g_col[1].u_pe.\u_mul.\g_bw.g_wallace.u_tree.\genblk1.g_reduce.u_next.$and$/home/danieltyukov/workspace/personal/tt-ihp-int8-npu/src/npu_csa_reduce.sv:53$1844 ($and).
Removed top 3 bits (of 16) from port B of cell npu_core.$flatten\u_array.\g_row[1].g_col[1].u_pe.\u_mul.\g_bw.g_wallace.u_tree.\genblk1.g_reduce.u_next.$and$/home/danieltyukov/workspace/personal/tt-ihp-int8-npu/src/npu_csa_reduce.sv:53$1844 ($and).
Removed top 3 bits (of 16) from port Y of cell npu_core.$flatten\u_array.\g_row[1].g_col[1].u_pe.\u_mul.\g_bw.g_wallace.u_tree.\genblk1.g_reduce.u_next.$and$/home/danieltyukov/workspace/personal/tt-ihp-int8-npu/src/npu_csa_reduce.sv:53$1844 ($and).
Removed top 1 bits (of 16) from port Y of cell npu_core.$flatten\u_array.\g_row[1].g_col[1].u_pe.\u_mul.\g_bw.g_wallace.u_tree.\genblk1.g_reduce.u_next.$or$/home/danieltyukov/workspace/personal/tt-ihp-int8-npu/src/npu_csa_reduce.sv:53$1843 ($or).
Removed top 1 bits (of 16) from port A of cell npu_core.$flatten\u_array.\g_row[1].g_col[1].u_pe.\u_mul.\g_bw.g_wallace.u_tree.\genblk1.g_reduce.u_next.$or$/home/danieltyukov/workspace/personal/tt-ihp-int8-npu/src/npu_csa_reduce.sv:53$1843 ($or).
Removed top 1 bits (of 16) from port B of cell npu_core.$flatten\u_array.\g_row[1].g_col[1].u_pe.\u_mul.\g_bw.g_wallace.u_tree.\genblk1.g_reduce.u_next.$or$/home/danieltyukov/workspace/personal/tt-ihp-int8-npu/src/npu_csa_reduce.sv:53$1843 ($or).
Removed top 3 bits (of 16) from port B of cell npu_core.$flatten\u_array.\g_row[1].g_col[1].u_pe.\u_mul.\g_bw.g_wallace.u_tree.\genblk1.g_reduce.u_next.$and$/home/danieltyukov/workspace/personal/tt-ihp-int8-npu/src/npu_csa_reduce.sv:53$1842 ($and).
Removed top 1 bits (of 16) from port Y of cell npu_core.$flatten\u_array.\g_row[1].g_col[1].u_pe.\u_mul.\g_bw.g_wallace.u_tree.\genblk1.g_reduce.u_next.$and$/home/danieltyukov/workspace/personal/tt-ihp-int8-npu/src/npu_csa_reduce.sv:53$1842 ($and).
Removed top 1 bits (of 16) from port A of cell npu_core.$flatten\u_array.\g_row[1].g_col[1].u_pe.\u_mul.\g_bw.g_wallace.u_tree.\genblk1.g_reduce.u_next.$and$/home/danieltyukov/workspace/personal/tt-ihp-int8-npu/src/npu_csa_reduce.sv:53$1842 ($and).
Removed top 5 bits (of 16) from port B of cell npu_core.$flatten\u_array.\g_row[1].g_col[1].u_pe.\u_mul.\g_bw.g_wallace.u_tree.\genblk1.g_reduce.u_next.$and$/home/danieltyukov/workspace/personal/tt-ihp-int8-npu/src/npu_csa_reduce.sv:53$1841 ($and).
Removed top 1 bits (of 16) from port Y of cell npu_core.$flatten\u_array.\g_row[1].g_col[1].u_pe.\u_mul.\g_bw.g_wallace.u_tree.\genblk1.g_reduce.u_next.$and$/home/danieltyukov/workspace/personal/tt-ihp-int8-npu/src/npu_csa_reduce.sv:53$1841 ($and).
Removed top 1 bits (of 16) from port A of cell npu_core.$flatten\u_array.\g_row[1].g_col[1].u_pe.\u_mul.\g_bw.g_wallace.u_tree.\genblk1.g_reduce.u_next.$and$/home/danieltyukov/workspace/personal/tt-ihp-int8-npu/src/npu_csa_reduce.sv:53$1841 ($and).
Removed top 3 bits (of 16) from port B of cell npu_core.$flatten\u_array.\g_row[1].g_col[1].u_pe.\u_mul.\g_bw.g_wallace.u_tree.\genblk1.g_reduce.u_next.$xor$/home/danieltyukov/workspace/personal/tt-ihp-int8-npu/src/npu_csa_reduce.sv:49$1840 ($xor).
Removed top 1 bits (of 16) from port Y of cell npu_core.$flatten\u_array.\g_row[1].g_col[1].u_pe.\u_mul.\u_cpa.$and$/home/danieltyukov/workspace/personal/tt-ihp-int8-npu/src/npu_adder.sv:60$1736 ($and).
Removed top 1 bits (of 16) from port A of cell npu_core.$flatten\u_array.\g_row[1].g_col[1].u_pe.\u_mul.\u_cpa.$and$/home/danieltyukov/workspace/personal/tt-ihp-int8-npu/src/npu_adder.sv:60$1736 ($and).
Removed top 1 bits (of 16) from port B of cell npu_core.$flatten\u_array.\g_row[1].g_col[1].u_pe.\u_mul.\u_cpa.$and$/home/danieltyukov/workspace/personal/tt-ihp-int8-npu/src/npu_adder.sv:60$1736 ($and).
Removed top 8 bits (of 16) from port A of cell npu_core.$flatten\u_array.\g_row[1].g_col[1].u_pe.\u_mul.\g_bw.g_wallace.u_tree.$xor$/home/danieltyukov/workspace/personal/tt-ihp-int8-npu/src/npu_csa_reduce.sv:49$1713 ($xor).
Removed top 7 bits (of 16) from port B of cell npu_core.$flatten\u_array.\g_row[1].g_col[1].u_pe.\u_mul.\g_bw.g_wallace.u_tree.$xor$/home/danieltyukov/workspace/personal/tt-ihp-int8-npu/src/npu_csa_reduce.sv:49$1713 ($xor).
Removed top 7 bits (of 16) from port Y of cell npu_core.$flatten\u_array.\g_row[1].g_col[1].u_pe.\u_mul.\g_bw.g_wallace.u_tree.$xor$/home/danieltyukov/workspace/personal/tt-ihp-int8-npu/src/npu_csa_reduce.sv:49$1713 ($xor).
Removed top 1 bits (of 19) from port Y of cell npu_core.$flatten\u_array.\g_row[1].g_col[1].u_pe.\u_add.$and$/home/danieltyukov/workspace/personal/tt-ihp-int8-npu/src/npu_adder.sv:60$1580 ($and).
Removed top 1 bits (of 19) from port A of cell npu_core.$flatten\u_array.\g_row[1].g_col[1].u_pe.\u_add.$and$/home/danieltyukov/workspace/personal/tt-ihp-int8-npu/src/npu_adder.sv:60$1580 ($and).
Removed top 1 bits (of 19) from port B of cell npu_core.$flatten\u_array.\g_row[1].g_col[1].u_pe.\u_add.$and$/home/danieltyukov/workspace/personal/tt-ihp-int8-npu/src/npu_adder.sv:60$1580 ($and).
Removed top 6 bits (of 16) from port B of cell npu_core.$flatten\u_array.\g_row[1].g_col[0].u_pe.\u_mul.\g_bw.g_wallace.u_tree.$xor$/home/danieltyukov/workspace/personal/tt-ihp-int8-npu/src/npu_csa_reduce.sv:49$1714 ($xor).
Removed top 8 bits (of 16) from port A of cell npu_core.$flatten\u_array.\g_row[1].g_col[0].u_pe.\u_mul.\g_bw.g_wallace.u_tree.$and$/home/danieltyukov/workspace/personal/tt-ihp-int8-npu/src/npu_csa_reduce.sv:53$1715 ($and).
Removed top 7 bits (of 16) from port B of cell npu_core.$flatten\u_array.\g_row[1].g_col[0].u_pe.\u_mul.\g_bw.g_wallace.u_tree.$and$/home/danieltyukov/workspace/personal/tt-ihp-int8-npu/src/npu_csa_reduce.sv:53$1715 ($and).
Removed top 7 bits (of 16) from port Y of cell npu_core.$flatten\u_array.\g_row[1].g_col[0].u_pe.\u_mul.\g_bw.g_wallace.u_tree.$and$/home/danieltyukov/workspace/personal/tt-ihp-int8-npu/src/npu_csa_reduce.sv:53$1715 ($and).
Removed top 8 bits (of 16) from port A of cell npu_core.$flatten\u_array.\g_row[1].g_col[0].u_pe.\u_mul.\g_bw.g_wallace.u_tree.$and$/home/danieltyukov/workspace/personal/tt-ihp-int8-npu/src/npu_csa_reduce.sv:53$1716 ($and).
Removed top 6 bits (of 16) from port B of cell npu_core.$flatten\u_array.\g_row[1].g_col[0].u_pe.\u_mul.\g_bw.g_wallace.u_tree.$and$/home/danieltyukov/workspace/personal/tt-ihp-int8-npu/src/npu_csa_reduce.sv:53$1716 ($and).
Removed top 6 bits (of 16) from port Y of cell npu_core.$flatten\u_array.\g_row[1].g_col[0].u_pe.\u_mul.\g_bw.g_wallace.u_tree.$and$/home/danieltyukov/workspace/personal/tt-ihp-int8-npu/src/npu_csa_reduce.sv:53$1716 ($and).
Removed top 7 bits (of 16) from port A of cell npu_core.$flatten\u_array.\g_row[1].g_col[0].u_pe.\u_mul.\g_bw.g_wallace.u_tree.$or$/home/danieltyukov/workspace/personal/tt-ihp-int8-npu/src/npu_csa_reduce.sv:53$1717 ($or).
Removed top 6 bits (of 16) from port B of cell npu_core.$flatten\u_array.\g_row[1].g_col[0].u_pe.\u_mul.\g_bw.g_wallace.u_tree.$or$/home/danieltyukov/workspace/personal/tt-ihp-int8-npu/src/npu_csa_reduce.sv:53$1717 ($or).
Removed top 6 bits (of 16) from port Y of cell npu_core.$flatten\u_array.\g_row[1].g_col[0].u_pe.\u_mul.\g_bw.g_wallace.u_tree.$or$/home/danieltyukov/workspace/personal/tt-ihp-int8-npu/src/npu_csa_reduce.sv:53$1717 ($or).
Removed top 7 bits (of 16) from port A of cell npu_core.$flatten\u_array.\g_row[1].g_col[0].u_pe.\u_mul.\g_bw.g_wallace.u_tree.$and$/home/danieltyukov/workspace/personal/tt-ihp-int8-npu/src/npu_csa_reduce.sv:53$1718 ($and).
Removed top 6 bits (of 16) from port B of cell npu_core.$flatten\u_array.\g_row[1].g_col[0].u_pe.\u_mul.\g_bw.g_wallace.u_tree.$and$/home/danieltyukov/workspace/personal/tt-ihp-int8-npu/src/npu_csa_reduce.sv:53$1718 ($and).
Removed top 6 bits (of 16) from port Y of cell npu_core.$flatten\u_array.\g_row[1].g_col[0].u_pe.\u_mul.\g_bw.g_wallace.u_tree.$and$/home/danieltyukov/workspace/personal/tt-ihp-int8-npu/src/npu_csa_reduce.sv:53$1718 ($and).
Removed top 6 bits (of 16) from port A of cell npu_core.$flatten\u_array.\g_row[1].g_col[0].u_pe.\u_mul.\g_bw.g_wallace.u_tree.$or$/home/danieltyukov/workspace/personal/tt-ihp-int8-npu/src/npu_csa_reduce.sv:53$1719 ($or).
Removed top 6 bits (of 16) from port B of cell npu_core.$flatten\u_array.\g_row[1].g_col[0].u_pe.\u_mul.\g_bw.g_wallace.u_tree.$or$/home/danieltyukov/workspace/personal/tt-ihp-int8-npu/src/npu_csa_reduce.sv:53$1719 ($or).
Removed top 6 bits (of 16) from port Y of cell npu_core.$flatten\u_array.\g_row[1].g_col[0].u_pe.\u_mul.\g_bw.g_wallace.u_tree.$or$/home/danieltyukov/workspace/personal/tt-ihp-int8-npu/src/npu_csa_reduce.sv:53$1719 ($or).
Removed top 5 bits (of 16) from port A of cell npu_core.$flatten\u_array.\g_row[1].g_col[0].u_pe.\u_mul.\g_bw.g_wallace.u_tree.$xor$/home/danieltyukov/workspace/personal/tt-ihp-int8-npu/src/npu_csa_reduce.sv:49$1720 ($xor).
Removed top 4 bits (of 16) from port B of cell npu_core.$flatten\u_array.\g_row[1].g_col[0].u_pe.\u_mul.\g_bw.g_wallace.u_tree.$xor$/home/danieltyukov/workspace/personal/tt-ihp-int8-npu/src/npu_csa_reduce.sv:49$1720 ($xor).
Removed top 4 bits (of 16) from port Y of cell npu_core.$flatten\u_array.\g_row[1].g_col[0].u_pe.\u_mul.\g_bw.g_wallace.u_tree.$xor$/home/danieltyukov/workspace/personal/tt-ihp-int8-npu/src/npu_csa_reduce.sv:49$1720 ($xor).
Removed top 4 bits (of 16) from port A of cell npu_core.$flatten\u_array.\g_row[1].g_col[0].u_pe.\u_mul.\g_bw.g_wallace.u_tree.$xor$/home/danieltyukov/workspace/personal/tt-ihp-int8-npu/src/npu_csa_reduce.sv:49$1721 ($xor).
Removed top 3 bits (of 16) from port B of cell npu_core.$flatten\u_array.\g_row[1].g_col[0].u_pe.\u_mul.\g_bw.g_wallace.u_tree.$xor$/home/danieltyukov/workspace/personal/tt-ihp-int8-npu/src/npu_csa_reduce.sv:49$1721 ($xor).
Removed top 3 bits (of 16) from port Y of cell npu_core.$flatten\u_array.\g_row[1].g_col[0].u_pe.\u_mul.\g_bw.g_wallace.u_tree.$xor$/home/danieltyukov/workspace/personal/tt-ihp-int8-npu/src/npu_csa_reduce.sv:49$1721 ($xor).
Removed top 5 bits (of 16) from port A of cell npu_core.$flatten\u_array.\g_row[1].g_col[0].u_pe.\u_mul.\g_bw.g_wallace.u_tree.$and$/home/danieltyukov/workspace/personal/tt-ihp-int8-npu/src/npu_csa_reduce.sv:53$1722 ($and).
Removed top 4 bits (of 16) from port B of cell npu_core.$flatten\u_array.\g_row[1].g_col[0].u_pe.\u_mul.\g_bw.g_wallace.u_tree.$and$/home/danieltyukov/workspace/personal/tt-ihp-int8-npu/src/npu_csa_reduce.sv:53$1722 ($and).
Removed top 4 bits (of 16) from port Y of cell npu_core.$flatten\u_array.\g_row[1].g_col[0].u_pe.\u_mul.\g_bw.g_wallace.u_tree.$and$/home/danieltyukov/workspace/personal/tt-ihp-int8-npu/src/npu_csa_reduce.sv:53$1722 ($and).
Removed top 5 bits (of 16) from port A of cell npu_core.$flatten\u_array.\g_row[1].g_col[0].u_pe.\u_mul.\g_bw.g_wallace.u_tree.$and$/home/danieltyukov/workspace/personal/tt-ihp-int8-npu/src/npu_csa_reduce.sv:53$1723 ($and).
Removed top 3 bits (of 16) from port B of cell npu_core.$flatten\u_array.\g_row[1].g_col[0].u_pe.\u_mul.\g_bw.g_wallace.u_tree.$and$/home/danieltyukov/workspace/personal/tt-ihp-int8-npu/src/npu_csa_reduce.sv:53$1723 ($and).
Removed top 3 bits (of 16) from port Y of cell npu_core.$flatten\u_array.\g_row[1].g_col[0].u_pe.\u_mul.\g_bw.g_wallace.u_tree.$and$/home/danieltyukov/workspace/personal/tt-ihp-int8-npu/src/npu_csa_reduce.sv:53$1723 ($and).
Removed top 4 bits (of 16) from port A of cell npu_core.$flatten\u_array.\g_row[1].g_col[0].u_pe.\u_mul.\g_bw.g_wallace.u_tree.$or$/home/danieltyukov/workspace/personal/tt-ihp-int8-npu/src/npu_csa_reduce.sv:53$1724 ($or).
Removed top 3 bits (of 16) from port B of cell npu_core.$flatten\u_array.\g_row[1].g_col[0].u_pe.\u_mul.\g_bw.g_wallace.u_tree.$or$/home/danieltyukov/workspace/personal/tt-ihp-int8-npu/src/npu_csa_reduce.sv:53$1724 ($or).
Removed top 3 bits (of 16) from port Y of cell npu_core.$flatten\u_array.\g_row[1].g_col[0].u_pe.\u_mul.\g_bw.g_wallace.u_tree.$or$/home/danieltyukov/workspace/personal/tt-ihp-int8-npu/src/npu_csa_reduce.sv:53$1724 ($or).
Removed top 4 bits (of 16) from port A of cell npu_core.$flatten\u_array.\g_row[1].g_col[0].u_pe.\u_mul.\g_bw.g_wallace.u_tree.$and$/home/danieltyukov/workspace/personal/tt-ihp-int8-npu/src/npu_csa_reduce.sv:53$1725 ($and).
Removed top 3 bits (of 16) from port B of cell npu_core.$flatten\u_array.\g_row[1].g_col[0].u_pe.\u_mul.\g_bw.g_wallace.u_tree.$and$/home/danieltyukov/workspace/personal/tt-ihp-int8-npu/src/npu_csa_reduce.sv:53$1725 ($and).
Removed top 3 bits (of 16) from port Y of cell npu_core.$flatten\u_array.\g_row[1].g_col[0].u_pe.\u_mul.\g_bw.g_wallace.u_tree.$and$/home/danieltyukov/workspace/personal/tt-ihp-int8-npu/src/npu_csa_reduce.sv:53$1725 ($and).
Removed top 3 bits (of 16) from port A of cell npu_core.$flatten\u_array.\g_row[1].g_col[0].u_pe.\u_mul.\g_bw.g_wallace.u_tree.$or$/home/danieltyukov/workspace/personal/tt-ihp-int8-npu/src/npu_csa_reduce.sv:53$1726 ($or).
Removed top 3 bits (of 16) from port B of cell npu_core.$flatten\u_array.\g_row[1].g_col[0].u_pe.\u_mul.\g_bw.g_wallace.u_tree.$or$/home/danieltyukov/workspace/personal/tt-ihp-int8-npu/src/npu_csa_reduce.sv:53$1726 ($or).
Removed top 3 bits (of 16) from port Y of cell npu_core.$flatten\u_array.\g_row[1].g_col[0].u_pe.\u_mul.\g_bw.g_wallace.u_tree.$or$/home/danieltyukov/workspace/personal/tt-ihp-int8-npu/src/npu_csa_reduce.sv:53$1726 ($or).
Removed top 2 bits (of 16) from port A of cell npu_core.$flatten\u_array.\g_row[1].g_col[0].u_pe.\u_mul.\g_bw.g_wallace.u_tree.$xor$/home/danieltyukov/workspace/personal/tt-ihp-int8-npu/src/npu_csa_reduce.sv:49$1727 ($xor).
Removed top 1 bits (of 16) from port B of cell npu_core.$flatten\u_array.\g_row[1].g_col[0].u_pe.\u_mul.\g_bw.g_wallace.u_tree.$xor$/home/danieltyukov/workspace/personal/tt-ihp-int8-npu/src/npu_csa_reduce.sv:49$1727 ($xor).
Removed top 1 bits (of 16) from port Y of cell npu_core.$flatten\u_array.\g_row[1].g_col[0].u_pe.\u_mul.\g_bw.g_wallace.u_tree.$xor$/home/danieltyukov/workspace/personal/tt-ihp-int8-npu/src/npu_csa_reduce.sv:49$1727 ($xor).
Removed top 2 bits (of 16) from port A of cell npu_core.$flatten\u_array.\g_row[1].g_col[0].u_pe.\u_mul.\g_bw.g_wallace.u_tree.$and$/home/danieltyukov/workspace/personal/tt-ihp-int8-npu/src/npu_csa_reduce.sv:53$1729 ($and).
Removed top 1 bits (of 16) from port B of cell npu_core.$flatten\u_array.\g_row[1].g_col[0].u_pe.\u_mul.\g_bw.g_wallace.u_tree.$and$/home/danieltyukov/workspace/personal/tt-ihp-int8-npu/src/npu_csa_reduce.sv:53$1729 ($and).
Removed top 1 bits (of 16) from port Y of cell npu_core.$flatten\u_array.\g_row[1].g_col[0].u_pe.\u_mul.\g_bw.g_wallace.u_tree.$and$/home/danieltyukov/workspace/personal/tt-ihp-int8-npu/src/npu_csa_reduce.sv:53$1729 ($and).
Removed top 1 bits (of 16) from port A of cell npu_core.$flatten\u_array.\g_row[1].g_col[0].u_pe.\u_mul.\g_bw.g_wallace.u_tree.$or$/home/danieltyukov/workspace/personal/tt-ihp-int8-npu/src/npu_csa_reduce.sv:53$1731 ($or).
Removed top 7 bits (of 16) from port B of cell npu_core.$flatten\u_array.\g_row[1].g_col[0].u_pe.\u_mul.\g_bw.g_wallace.u_tree.$or$/home/danieltyukov/workspace/personal/tt-ihp-int8-npu/src/npu_csa_reduce.sv:53$1731 ($or).
Removed top 1 bits (of 16) from port Y of cell npu_core.$flatten\u_array.\g_row[1].g_col[0].u_pe.\u_mul.\g_bw.g_wallace.u_tree.$or$/home/danieltyukov/workspace/personal/tt-ihp-int8-npu/src/npu_csa_reduce.sv:53$1731 ($or).
Removed top 1 bits (of 2) from port A of cell npu_core.$auto$opt_expr.cc:706:replace_const_cells$2751 ($not).
Removed top 1 bits (of 16) from port A of cell npu_core.$flatten\u_array.\g_row[1].g_col[0].u_pe.\u_mul.\g_bw.g_wallace.u_tree.$or$/home/danieltyukov/workspace/personal/tt-ihp-int8-npu/src/npu_csa_reduce.sv:53$1733 ($or).
Removed top 7 bits (of 16) from port B of cell npu_core.$flatten\u_array.\g_row[1].g_col[0].u_pe.\u_mul.\g_bw.g_wallace.u_tree.$or$/home/danieltyukov/workspace/personal/tt-ihp-int8-npu/src/npu_csa_reduce.sv:53$1733 ($or).
Removed top 1 bits (of 16) from port Y of cell npu_core.$flatten\u_array.\g_row[1].g_col[0].u_pe.\u_mul.\g_bw.g_wallace.u_tree.$or$/home/danieltyukov/workspace/personal/tt-ihp-int8-npu/src/npu_csa_reduce.sv:53$1733 ($or).
Removed top 5 bits (of 16) from port B of cell npu_core.$flatten\u_array.\g_row[1].g_col[0].u_pe.\u_mul.\g_bw.g_wallace.u_tree.\genblk1.g_reduce.u_next.$xor$/home/danieltyukov/workspace/personal/tt-ihp-int8-npu/src/npu_csa_reduce.sv:49$1839 ($xor).
Removed top 1 bits (of 16) from port Y of cell npu_core.$flatten\u_array.\g_row[1].g_col[0].u_pe.\u_mul.\g_bw.g_wallace.u_tree.\genblk1.g_reduce.u_next.\genblk1.g_reduce.u_next.$or$/home/danieltyukov/workspace/personal/tt-ihp-int8-npu/src/npu_csa_reduce.sv:53$1860 ($or).
Removed top 1 bits (of 16) from port A of cell npu_core.$flatten\u_array.\g_row[1].g_col[0].u_pe.\u_mul.\g_bw.g_wallace.u_tree.\genblk1.g_reduce.u_next.\genblk1.g_reduce.u_next.$or$/home/danieltyukov/workspace/personal/tt-ihp-int8-npu/src/npu_csa_reduce.sv:53$1860 ($or).
Removed top 1 bits (of 16) from port B of cell npu_core.$flatten\u_array.\g_row[1].g_col[0].u_pe.\u_mul.\g_bw.g_wallace.u_tree.\genblk1.g_reduce.u_next.\genblk1.g_reduce.u_next.$or$/home/danieltyukov/workspace/personal/tt-ihp-int8-npu/src/npu_csa_reduce.sv:53$1860 ($or).
Removed top 1 bits (of 16) from port Y of cell npu_core.$flatten\u_array.\g_row[1].g_col[0].u_pe.\u_mul.\g_bw.g_wallace.u_tree.\genblk1.g_reduce.u_next.\genblk1.g_reduce.u_next.\genblk1.g_reduce.u_next.$or$/home/danieltyukov/workspace/personal/tt-ihp-int8-npu/src/npu_csa_reduce.sv:53$1711 ($or).
Removed top 1 bits (of 16) from port A of cell npu_core.$flatten\u_array.\g_row[1].g_col[0].u_pe.\u_mul.\g_bw.g_wallace.u_tree.\genblk1.g_reduce.u_next.\genblk1.g_reduce.u_next.\genblk1.g_reduce.u_next.$or$/home/danieltyukov/workspace/personal/tt-ihp-int8-npu/src/npu_csa_reduce.sv:53$1711 ($or).
Removed top 1 bits (of 16) from port B of cell npu_core.$flatten\u_array.\g_row[1].g_col[0].u_pe.\u_mul.\g_bw.g_wallace.u_tree.\genblk1.g_reduce.u_next.\genblk1.g_reduce.u_next.\genblk1.g_reduce.u_next.$or$/home/danieltyukov/workspace/personal/tt-ihp-int8-npu/src/npu_csa_reduce.sv:53$1711 ($or).
Removed top 1 bits (of 16) from port Y of cell npu_core.$flatten\u_array.\g_row[1].g_col[0].u_pe.\u_mul.\g_bw.g_wallace.u_tree.\genblk1.g_reduce.u_next.\genblk1.g_reduce.u_next.\genblk1.g_reduce.u_next.$and$/home/danieltyukov/workspace/personal/tt-ihp-int8-npu/src/npu_csa_reduce.sv:53$1710 ($and).
Removed top 1 bits (of 16) from port A of cell npu_core.$flatten\u_array.\g_row[1].g_col[0].u_pe.\u_mul.\g_bw.g_wallace.u_tree.\genblk1.g_reduce.u_next.\genblk1.g_reduce.u_next.\genblk1.g_reduce.u_next.$and$/home/danieltyukov/workspace/personal/tt-ihp-int8-npu/src/npu_csa_reduce.sv:53$1710 ($and).
Removed top 1 bits (of 16) from port B of cell npu_core.$flatten\u_array.\g_row[1].g_col[0].u_pe.\u_mul.\g_bw.g_wallace.u_tree.\genblk1.g_reduce.u_next.\genblk1.g_reduce.u_next.\genblk1.g_reduce.u_next.$and$/home/danieltyukov/workspace/personal/tt-ihp-int8-npu/src/npu_csa_reduce.sv:53$1710 ($and).
Removed top 1 bits (of 16) from port Y of cell npu_core.$flatten\u_array.\g_row[1].g_col[0].u_pe.\u_mul.\g_bw.g_wallace.u_tree.\genblk1.g_reduce.u_next.\genblk1.g_reduce.u_next.\genblk1.g_reduce.u_next.$or$/home/danieltyukov/workspace/personal/tt-ihp-int8-npu/src/npu_csa_reduce.sv:53$1709 ($or).
Removed top 1 bits (of 16) from port A of cell npu_core.$flatten\u_array.\g_row[1].g_col[0].u_pe.\u_mul.\g_bw.g_wallace.u_tree.\genblk1.g_reduce.u_next.\genblk1.g_reduce.u_next.\genblk1.g_reduce.u_next.$or$/home/danieltyukov/workspace/personal/tt-ihp-int8-npu/src/npu_csa_reduce.sv:53$1709 ($or).
Removed top 1 bits (of 16) from port B of cell npu_core.$flatten\u_array.\g_row[1].g_col[0].u_pe.\u_mul.\g_bw.g_wallace.u_tree.\genblk1.g_reduce.u_next.\genblk1.g_reduce.u_next.\genblk1.g_reduce.u_next.$or$/home/danieltyukov/workspace/personal/tt-ihp-int8-npu/src/npu_csa_reduce.sv:53$1709 ($or).
Removed top 1 bits (of 16) from port Y of cell npu_core.$flatten\u_array.\g_row[1].g_col[0].u_pe.\u_mul.\g_bw.g_wallace.u_tree.\genblk1.g_reduce.u_next.\genblk1.g_reduce.u_next.\genblk1.g_reduce.u_next.$and$/home/danieltyukov/workspace/personal/tt-ihp-int8-npu/src/npu_csa_reduce.sv:53$1708 ($and).
Removed top 1 bits (of 16) from port A of cell npu_core.$flatten\u_array.\g_row[1].g_col[0].u_pe.\u_mul.\g_bw.g_wallace.u_tree.\genblk1.g_reduce.u_next.\genblk1.g_reduce.u_next.\genblk1.g_reduce.u_next.$and$/home/danieltyukov/workspace/personal/tt-ihp-int8-npu/src/npu_csa_reduce.sv:53$1708 ($and).
Removed top 1 bits (of 16) from port B of cell npu_core.$flatten\u_array.\g_row[1].g_col[0].u_pe.\u_mul.\g_bw.g_wallace.u_tree.\genblk1.g_reduce.u_next.\genblk1.g_reduce.u_next.\genblk1.g_reduce.u_next.$and$/home/danieltyukov/workspace/personal/tt-ihp-int8-npu/src/npu_csa_reduce.sv:53$1708 ($and).
Removed top 1 bits (of 16) from port Y of cell npu_core.$flatten\u_array.\g_row[1].g_col[0].u_pe.\u_mul.\g_bw.g_wallace.u_tree.\genblk1.g_reduce.u_next.\genblk1.g_reduce.u_next.\genblk1.g_reduce.u_next.$and$/home/danieltyukov/workspace/personal/tt-ihp-int8-npu/src/npu_csa_reduce.sv:53$1707 ($and).
Removed top 1 bits (of 16) from port A of cell npu_core.$flatten\u_array.\g_row[1].g_col[0].u_pe.\u_mul.\g_bw.g_wallace.u_tree.\genblk1.g_reduce.u_next.\genblk1.g_reduce.u_next.\genblk1.g_reduce.u_next.$and$/home/danieltyukov/workspace/personal/tt-ihp-int8-npu/src/npu_csa_reduce.sv:53$1707 ($and).
Removed top 1 bits (of 16) from port B of cell npu_core.$flatten\u_array.\g_row[1].g_col[0].u_pe.\u_mul.\g_bw.g_wallace.u_tree.\genblk1.g_reduce.u_next.\genblk1.g_reduce.u_next.\genblk1.g_reduce.u_next.$and$/home/danieltyukov/workspace/personal/tt-ihp-int8-npu/src/npu_csa_reduce.sv:53$1707 ($and).
Removed top 1 bits (of 16) from port Y of cell npu_core.$flatten\u_array.\g_row[1].g_col[0].u_pe.\u_mul.\g_bw.g_wallace.u_tree.\genblk1.g_reduce.u_next.$or$/home/danieltyukov/workspace/personal/tt-ihp-int8-npu/src/npu_csa_reduce.sv:53$1852 ($or).
Removed top 1 bits (of 16) from port A of cell npu_core.$flatten\u_array.\g_row[1].g_col[0].u_pe.\u_mul.\g_bw.g_wallace.u_tree.\genblk1.g_reduce.u_next.$or$/home/danieltyukov/workspace/personal/tt-ihp-int8-npu/src/npu_csa_reduce.sv:53$1852 ($or).
Removed top 1 bits (of 16) from port B of cell npu_core.$flatten\u_array.\g_row[1].g_col[0].u_pe.\u_mul.\g_bw.g_wallace.u_tree.\genblk1.g_reduce.u_next.$or$/home/danieltyukov/workspace/personal/tt-ihp-int8-npu/src/npu_csa_reduce.sv:53$1852 ($or).
Removed top 1 bits (of 16) from port Y of cell npu_core.$flatten\u_array.\g_row[1].g_col[0].u_pe.\u_mul.\g_bw.g_wallace.u_tree.\genblk1.g_reduce.u_next.$and$/home/danieltyukov/workspace/personal/tt-ihp-int8-npu/src/npu_csa_reduce.sv:53$1851 ($and).
Removed top 1 bits (of 16) from port A of cell npu_core.$flatten\u_array.\g_row[1].g_col[0].u_pe.\u_mul.\g_bw.g_wallace.u_tree.\genblk1.g_reduce.u_next.$and$/home/danieltyukov/workspace/personal/tt-ihp-int8-npu/src/npu_csa_reduce.sv:53$1851 ($and).
Removed top 1 bits (of 16) from port B of cell npu_core.$flatten\u_array.\g_row[1].g_col[0].u_pe.\u_mul.\g_bw.g_wallace.u_tree.\genblk1.g_reduce.u_next.$and$/home/danieltyukov/workspace/personal/tt-ihp-int8-npu/src/npu_csa_reduce.sv:53$1851 ($and).
Removed top 1 bits (of 16) from port Y of cell npu_core.$flatten\u_array.\g_row[1].g_col[0].u_pe.\u_mul.\g_bw.g_wallace.u_tree.\genblk1.g_reduce.u_next.$or$/home/danieltyukov/workspace/personal/tt-ihp-int8-npu/src/npu_csa_reduce.sv:53$1850 ($or).
Removed top 1 bits (of 16) from port A of cell npu_core.$flatten\u_array.\g_row[1].g_col[0].u_pe.\u_mul.\g_bw.g_wallace.u_tree.\genblk1.g_reduce.u_next.$or$/home/danieltyukov/workspace/personal/tt-ihp-int8-npu/src/npu_csa_reduce.sv:53$1850 ($or).
Removed top 1 bits (of 16) from port B of cell npu_core.$flatten\u_array.\g_row[1].g_col[0].u_pe.\u_mul.\g_bw.g_wallace.u_tree.\genblk1.g_reduce.u_next.$or$/home/danieltyukov/workspace/personal/tt-ihp-int8-npu/src/npu_csa_reduce.sv:53$1850 ($or).
Removed top 2 bits (of 16) from port A of cell npu_core.$flatten\u_array.\g_row[1].g_col[0].u_pe.\u_mul.\g_bw.g_wallace.u_tree.\genblk1.g_reduce.u_next.$and$/home/danieltyukov/workspace/personal/tt-ihp-int8-npu/src/npu_csa_reduce.sv:53$1849 ($and).
Removed top 1 bits (of 16) from port Y of cell npu_core.$flatten\u_array.\g_row[1].g_col[0].u_pe.\u_mul.\g_bw.g_wallace.u_tree.\genblk1.g_reduce.u_next.$and$/home/danieltyukov/workspace/personal/tt-ihp-int8-npu/src/npu_csa_reduce.sv:53$1849 ($and).
Removed top 1 bits (of 16) from port B of cell npu_core.$flatten\u_array.\g_row[1].g_col[0].u_pe.\u_mul.\g_bw.g_wallace.u_tree.\genblk1.g_reduce.u_next.$and$/home/danieltyukov/workspace/personal/tt-ihp-int8-npu/src/npu_csa_reduce.sv:53$1849 ($and).
Removed top 2 bits (of 16) from port A of cell npu_core.$flatten\u_array.\g_row[1].g_col[0].u_pe.\u_mul.\g_bw.g_wallace.u_tree.\genblk1.g_reduce.u_next.$and$/home/danieltyukov/workspace/personal/tt-ihp-int8-npu/src/npu_csa_reduce.sv:53$1848 ($and).
Removed top 1 bits (of 16) from port Y of cell npu_core.$flatten\u_array.\g_row[1].g_col[0].u_pe.\u_mul.\g_bw.g_wallace.u_tree.\genblk1.g_reduce.u_next.$and$/home/danieltyukov/workspace/personal/tt-ihp-int8-npu/src/npu_csa_reduce.sv:53$1848 ($and).
Removed top 1 bits (of 16) from port B of cell npu_core.$flatten\u_array.\g_row[1].g_col[0].u_pe.\u_mul.\g_bw.g_wallace.u_tree.\genblk1.g_reduce.u_next.$and$/home/danieltyukov/workspace/personal/tt-ihp-int8-npu/src/npu_csa_reduce.sv:53$1848 ($and).
Removed top 2 bits (of 16) from port A of cell npu_core.$flatten\u_array.\g_row[1].g_col[0].u_pe.\u_mul.\g_bw.g_wallace.u_tree.\genblk1.g_reduce.u_next.$xor$/home/danieltyukov/workspace/personal/tt-ihp-int8-npu/src/npu_csa_reduce.sv:49$1846 ($xor).
Removed top 1 bits (of 16) from port Y of cell npu_core.$flatten\u_array.\g_row[1].g_col[0].u_pe.\u_mul.\g_bw.g_wallace.u_tree.\genblk1.g_reduce.u_next.$or$/home/danieltyukov/workspace/personal/tt-ihp-int8-npu/src/npu_csa_reduce.sv:53$1845 ($or).
Removed top 1 bits (of 16) from port A of cell npu_core.$flatten\u_array.\g_row[1].g_col[0].u_pe.\u_mul.\g_bw.g_wallace.u_tree.\genblk1.g_reduce.u_next.$or$/home/danieltyukov/workspace/personal/tt-ihp-int8-npu/src/npu_csa_reduce.sv:53$1845 ($or).
Removed top 1 bits (of 16) from port B of cell npu_core.$flatten\u_array.\g_row[1].g_col[0].u_pe.\u_mul.\g_bw.g_wallace.u_tree.\genblk1.g_reduce.u_next.$or$/home/danieltyukov/workspace/personal/tt-ihp-int8-npu/src/npu_csa_reduce.sv:53$1845 ($or).
Removed top 5 bits (of 16) from port A of cell npu_core.$flatten\u_array.\g_row[1].g_col[0].u_pe.\u_mul.\g_bw.g_wallace.u_tree.\genblk1.g_reduce.u_next.$and$/home/danieltyukov/workspace/personal/tt-ihp-int8-npu/src/npu_csa_reduce.sv:53$1844 ($and).
Removed top 3 bits (of 16) from port B of cell npu_core.$flatten\u_array.\g_row[1].g_col[0].u_pe.\u_mul.\g_bw.g_wallace.u_tree.\genblk1.g_reduce.u_next.$and$/home/danieltyukov/workspace/personal/tt-ihp-int8-npu/src/npu_csa_reduce.sv:53$1844 ($and).
Removed top 3 bits (of 16) from port Y of cell npu_core.$flatten\u_array.\g_row[1].g_col[0].u_pe.\u_mul.\g_bw.g_wallace.u_tree.\genblk1.g_reduce.u_next.$and$/home/danieltyukov/workspace/personal/tt-ihp-int8-npu/src/npu_csa_reduce.sv:53$1844 ($and).
Removed top 1 bits (of 16) from port Y of cell npu_core.$flatten\u_array.\g_row[1].g_col[0].u_pe.\u_mul.\g_bw.g_wallace.u_tree.\genblk1.g_reduce.u_next.$or$/home/danieltyukov/workspace/personal/tt-ihp-int8-npu/src/npu_csa_reduce.sv:53$1843 ($or).
Removed top 1 bits (of 16) from port A of cell npu_core.$flatten\u_array.\g_row[1].g_col[0].u_pe.\u_mul.\g_bw.g_wallace.u_tree.\genblk1.g_reduce.u_next.$or$/home/danieltyukov/workspace/personal/tt-ihp-int8-npu/src/npu_csa_reduce.sv:53$1843 ($or).
Removed top 1 bits (of 16) from port B of cell npu_core.$flatten\u_array.\g_row[1].g_col[0].u_pe.\u_mul.\g_bw.g_wallace.u_tree.\genblk1.g_reduce.u_next.$or$/home/danieltyukov/workspace/personal/tt-ihp-int8-npu/src/npu_csa_reduce.sv:53$1843 ($or).
Removed top 3 bits (of 16) from port B of cell npu_core.$flatten\u_array.\g_row[1].g_col[0].u_pe.\u_mul.\g_bw.g_wallace.u_tree.\genblk1.g_reduce.u_next.$and$/home/danieltyukov/workspace/personal/tt-ihp-int8-npu/src/npu_csa_reduce.sv:53$1842 ($and).
Removed top 1 bits (of 16) from port Y of cell npu_core.$flatten\u_array.\g_row[1].g_col[0].u_pe.\u_mul.\g_bw.g_wallace.u_tree.\genblk1.g_reduce.u_next.$and$/home/danieltyukov/workspace/personal/tt-ihp-int8-npu/src/npu_csa_reduce.sv:53$1842 ($and).
Removed top 1 bits (of 16) from port A of cell npu_core.$flatten\u_array.\g_row[1].g_col[0].u_pe.\u_mul.\g_bw.g_wallace.u_tree.\genblk1.g_reduce.u_next.$and$/home/danieltyukov/workspace/personal/tt-ihp-int8-npu/src/npu_csa_reduce.sv:53$1842 ($and).
Removed top 5 bits (of 16) from port B of cell npu_core.$flatten\u_array.\g_row[1].g_col[0].u_pe.\u_mul.\g_bw.g_wallace.u_tree.\genblk1.g_reduce.u_next.$and$/home/danieltyukov/workspace/personal/tt-ihp-int8-npu/src/npu_csa_reduce.sv:53$1841 ($and).
Removed top 1 bits (of 16) from port Y of cell npu_core.$flatten\u_array.\g_row[1].g_col[0].u_pe.\u_mul.\g_bw.g_wallace.u_tree.\genblk1.g_reduce.u_next.$and$/home/danieltyukov/workspace/personal/tt-ihp-int8-npu/src/npu_csa_reduce.sv:53$1841 ($and).
Removed top 1 bits (of 16) from port A of cell npu_core.$flatten\u_array.\g_row[1].g_col[0].u_pe.\u_mul.\g_bw.g_wallace.u_tree.\genblk1.g_reduce.u_next.$and$/home/danieltyukov/workspace/personal/tt-ihp-int8-npu/src/npu_csa_reduce.sv:53$1841 ($and).
Removed top 3 bits (of 16) from port B of cell npu_core.$flatten\u_array.\g_row[1].g_col[0].u_pe.\u_mul.\g_bw.g_wallace.u_tree.\genblk1.g_reduce.u_next.$xor$/home/danieltyukov/workspace/personal/tt-ihp-int8-npu/src/npu_csa_reduce.sv:49$1840 ($xor).
Removed top 1 bits (of 16) from port Y of cell npu_core.$flatten\u_array.\g_row[1].g_col[0].u_pe.\u_mul.\u_cpa.$and$/home/danieltyukov/workspace/personal/tt-ihp-int8-npu/src/npu_adder.sv:60$1736 ($and).
Removed top 1 bits (of 16) from port A of cell npu_core.$flatten\u_array.\g_row[1].g_col[0].u_pe.\u_mul.\u_cpa.$and$/home/danieltyukov/workspace/personal/tt-ihp-int8-npu/src/npu_adder.sv:60$1736 ($and).
Removed top 1 bits (of 16) from port B of cell npu_core.$flatten\u_array.\g_row[1].g_col[0].u_pe.\u_mul.\u_cpa.$and$/home/danieltyukov/workspace/personal/tt-ihp-int8-npu/src/npu_adder.sv:60$1736 ($and).
Removed top 8 bits (of 16) from port A of cell npu_core.$flatten\u_array.\g_row[1].g_col[0].u_pe.\u_mul.\g_bw.g_wallace.u_tree.$xor$/home/danieltyukov/workspace/personal/tt-ihp-int8-npu/src/npu_csa_reduce.sv:49$1713 ($xor).
Removed top 7 bits (of 16) from port B of cell npu_core.$flatten\u_array.\g_row[1].g_col[0].u_pe.\u_mul.\g_bw.g_wallace.u_tree.$xor$/home/danieltyukov/workspace/personal/tt-ihp-int8-npu/src/npu_csa_reduce.sv:49$1713 ($xor).
Removed top 7 bits (of 16) from port Y of cell npu_core.$flatten\u_array.\g_row[1].g_col[0].u_pe.\u_mul.\g_bw.g_wallace.u_tree.$xor$/home/danieltyukov/workspace/personal/tt-ihp-int8-npu/src/npu_csa_reduce.sv:49$1713 ($xor).
Removed top 1 bits (of 19) from port Y of cell npu_core.$flatten\u_array.\g_row[1].g_col[0].u_pe.\u_add.$and$/home/danieltyukov/workspace/personal/tt-ihp-int8-npu/src/npu_adder.sv:60$1580 ($and).
Removed top 1 bits (of 19) from port A of cell npu_core.$flatten\u_array.\g_row[1].g_col[0].u_pe.\u_add.$and$/home/danieltyukov/workspace/personal/tt-ihp-int8-npu/src/npu_adder.sv:60$1580 ($and).
Removed top 1 bits (of 19) from port B of cell npu_core.$flatten\u_array.\g_row[1].g_col[0].u_pe.\u_add.$and$/home/danieltyukov/workspace/personal/tt-ihp-int8-npu/src/npu_adder.sv:60$1580 ($and).
Removed top 3 bits (of 19) from FF cell npu_core.$flatten\u_array.\g_row[0].g_col[1].u_pe.$procdff$2685 ($adff).
Removed top 6 bits (of 16) from port B of cell npu_core.$flatten\u_array.\g_row[0].g_col[1].u_pe.\u_mul.\g_bw.g_wallace.u_tree.$xor$/home/danieltyukov/workspace/personal/tt-ihp-int8-npu/src/npu_csa_reduce.sv:49$1714 ($xor).
Removed top 8 bits (of 16) from port A of cell npu_core.$flatten\u_array.\g_row[0].g_col[1].u_pe.\u_mul.\g_bw.g_wallace.u_tree.$and$/home/danieltyukov/workspace/personal/tt-ihp-int8-npu/src/npu_csa_reduce.sv:53$1715 ($and).
Removed top 7 bits (of 16) from port B of cell npu_core.$flatten\u_array.\g_row[0].g_col[1].u_pe.\u_mul.\g_bw.g_wallace.u_tree.$and$/home/danieltyukov/workspace/personal/tt-ihp-int8-npu/src/npu_csa_reduce.sv:53$1715 ($and).
Removed top 7 bits (of 16) from port Y of cell npu_core.$flatten\u_array.\g_row[0].g_col[1].u_pe.\u_mul.\g_bw.g_wallace.u_tree.$and$/home/danieltyukov/workspace/personal/tt-ihp-int8-npu/src/npu_csa_reduce.sv:53$1715 ($and).
Removed top 8 bits (of 16) from port A of cell npu_core.$flatten\u_array.\g_row[0].g_col[1].u_pe.\u_mul.\g_bw.g_wallace.u_tree.$and$/home/danieltyukov/workspace/personal/tt-ihp-int8-npu/src/npu_csa_reduce.sv:53$1716 ($and).
Removed top 6 bits (of 16) from port B of cell npu_core.$flatten\u_array.\g_row[0].g_col[1].u_pe.\u_mul.\g_bw.g_wallace.u_tree.$and$/home/danieltyukov/workspace/personal/tt-ihp-int8-npu/src/npu_csa_reduce.sv:53$1716 ($and).
Removed top 6 bits (of 16) from port Y of cell npu_core.$flatten\u_array.\g_row[0].g_col[1].u_pe.\u_mul.\g_bw.g_wallace.u_tree.$and$/home/danieltyukov/workspace/personal/tt-ihp-int8-npu/src/npu_csa_reduce.sv:53$1716 ($and).
Removed top 7 bits (of 16) from port A of cell npu_core.$flatten\u_array.\g_row[0].g_col[1].u_pe.\u_mul.\g_bw.g_wallace.u_tree.$or$/home/danieltyukov/workspace/personal/tt-ihp-int8-npu/src/npu_csa_reduce.sv:53$1717 ($or).
Removed top 6 bits (of 16) from port B of cell npu_core.$flatten\u_array.\g_row[0].g_col[1].u_pe.\u_mul.\g_bw.g_wallace.u_tree.$or$/home/danieltyukov/workspace/personal/tt-ihp-int8-npu/src/npu_csa_reduce.sv:53$1717 ($or).
Removed top 6 bits (of 16) from port Y of cell npu_core.$flatten\u_array.\g_row[0].g_col[1].u_pe.\u_mul.\g_bw.g_wallace.u_tree.$or$/home/danieltyukov/workspace/personal/tt-ihp-int8-npu/src/npu_csa_reduce.sv:53$1717 ($or).
Removed top 7 bits (of 16) from port A of cell npu_core.$flatten\u_array.\g_row[0].g_col[1].u_pe.\u_mul.\g_bw.g_wallace.u_tree.$and$/home/danieltyukov/workspace/personal/tt-ihp-int8-npu/src/npu_csa_reduce.sv:53$1718 ($and).
Removed top 6 bits (of 16) from port B of cell npu_core.$flatten\u_array.\g_row[0].g_col[1].u_pe.\u_mul.\g_bw.g_wallace.u_tree.$and$/home/danieltyukov/workspace/personal/tt-ihp-int8-npu/src/npu_csa_reduce.sv:53$1718 ($and).
Removed top 6 bits (of 16) from port Y of cell npu_core.$flatten\u_array.\g_row[0].g_col[1].u_pe.\u_mul.\g_bw.g_wallace.u_tree.$and$/home/danieltyukov/workspace/personal/tt-ihp-int8-npu/src/npu_csa_reduce.sv:53$1718 ($and).
Removed top 6 bits (of 16) from port A of cell npu_core.$flatten\u_array.\g_row[0].g_col[1].u_pe.\u_mul.\g_bw.g_wallace.u_tree.$or$/home/danieltyukov/workspace/personal/tt-ihp-int8-npu/src/npu_csa_reduce.sv:53$1719 ($or).
Removed top 6 bits (of 16) from port B of cell npu_core.$flatten\u_array.\g_row[0].g_col[1].u_pe.\u_mul.\g_bw.g_wallace.u_tree.$or$/home/danieltyukov/workspace/personal/tt-ihp-int8-npu/src/npu_csa_reduce.sv:53$1719 ($or).
Removed top 6 bits (of 16) from port Y of cell npu_core.$flatten\u_array.\g_row[0].g_col[1].u_pe.\u_mul.\g_bw.g_wallace.u_tree.$or$/home/danieltyukov/workspace/personal/tt-ihp-int8-npu/src/npu_csa_reduce.sv:53$1719 ($or).
Removed top 5 bits (of 16) from port A of cell npu_core.$flatten\u_array.\g_row[0].g_col[1].u_pe.\u_mul.\g_bw.g_wallace.u_tree.$xor$/home/danieltyukov/workspace/personal/tt-ihp-int8-npu/src/npu_csa_reduce.sv:49$1720 ($xor).
Removed top 4 bits (of 16) from port B of cell npu_core.$flatten\u_array.\g_row[0].g_col[1].u_pe.\u_mul.\g_bw.g_wallace.u_tree.$xor$/home/danieltyukov/workspace/personal/tt-ihp-int8-npu/src/npu_csa_reduce.sv:49$1720 ($xor).
Removed top 4 bits (of 16) from port Y of cell npu_core.$flatten\u_array.\g_row[0].g_col[1].u_pe.\u_mul.\g_bw.g_wallace.u_tree.$xor$/home/danieltyukov/workspace/personal/tt-ihp-int8-npu/src/npu_csa_reduce.sv:49$1720 ($xor).
Removed top 4 bits (of 16) from port A of cell npu_core.$flatten\u_array.\g_row[0].g_col[1].u_pe.\u_mul.\g_bw.g_wallace.u_tree.$xor$/home/danieltyukov/workspace/personal/tt-ihp-int8-npu/src/npu_csa_reduce.sv:49$1721 ($xor).
Removed top 3 bits (of 16) from port B of cell npu_core.$flatten\u_array.\g_row[0].g_col[1].u_pe.\u_mul.\g_bw.g_wallace.u_tree.$xor$/home/danieltyukov/workspace/personal/tt-ihp-int8-npu/src/npu_csa_reduce.sv:49$1721 ($xor).
Removed top 3 bits (of 16) from port Y of cell npu_core.$flatten\u_array.\g_row[0].g_col[1].u_pe.\u_mul.\g_bw.g_wallace.u_tree.$xor$/home/danieltyukov/workspace/personal/tt-ihp-int8-npu/src/npu_csa_reduce.sv:49$1721 ($xor).
Removed top 5 bits (of 16) from port A of cell npu_core.$flatten\u_array.\g_row[0].g_col[1].u_pe.\u_mul.\g_bw.g_wallace.u_tree.$and$/home/danieltyukov/workspace/personal/tt-ihp-int8-npu/src/npu_csa_reduce.sv:53$1722 ($and).
Removed top 4 bits (of 16) from port B of cell npu_core.$flatten\u_array.\g_row[0].g_col[1].u_pe.\u_mul.\g_bw.g_wallace.u_tree.$and$/home/danieltyukov/workspace/personal/tt-ihp-int8-npu/src/npu_csa_reduce.sv:53$1722 ($and).
Removed top 4 bits (of 16) from port Y of cell npu_core.$flatten\u_array.\g_row[0].g_col[1].u_pe.\u_mul.\g_bw.g_wallace.u_tree.$and$/home/danieltyukov/workspace/personal/tt-ihp-int8-npu/src/npu_csa_reduce.sv:53$1722 ($and).
Removed top 5 bits (of 16) from port A of cell npu_core.$flatten\u_array.\g_row[0].g_col[1].u_pe.\u_mul.\g_bw.g_wallace.u_tree.$and$/home/danieltyukov/workspace/personal/tt-ihp-int8-npu/src/npu_csa_reduce.sv:53$1723 ($and).
Removed top 3 bits (of 16) from port B of cell npu_core.$flatten\u_array.\g_row[0].g_col[1].u_pe.\u_mul.\g_bw.g_wallace.u_tree.$and$/home/danieltyukov/workspace/personal/tt-ihp-int8-npu/src/npu_csa_reduce.sv:53$1723 ($and).
Removed top 3 bits (of 16) from port Y of cell npu_core.$flatten\u_array.\g_row[0].g_col[1].u_pe.\u_mul.\g_bw.g_wallace.u_tree.$and$/home/danieltyukov/workspace/personal/tt-ihp-int8-npu/src/npu_csa_reduce.sv:53$1723 ($and).
Removed top 4 bits (of 16) from port A of cell npu_core.$flatten\u_array.\g_row[0].g_col[1].u_pe.\u_mul.\g_bw.g_wallace.u_tree.$or$/home/danieltyukov/workspace/personal/tt-ihp-int8-npu/src/npu_csa_reduce.sv:53$1724 ($or).
Removed top 3 bits (of 16) from port B of cell npu_core.$flatten\u_array.\g_row[0].g_col[1].u_pe.\u_mul.\g_bw.g_wallace.u_tree.$or$/home/danieltyukov/workspace/personal/tt-ihp-int8-npu/src/npu_csa_reduce.sv:53$1724 ($or).
Removed top 3 bits (of 16) from port Y of cell npu_core.$flatten\u_array.\g_row[0].g_col[1].u_pe.\u_mul.\g_bw.g_wallace.u_tree.$or$/home/danieltyukov/workspace/personal/tt-ihp-int8-npu/src/npu_csa_reduce.sv:53$1724 ($or).
Removed top 4 bits (of 16) from port A of cell npu_core.$flatten\u_array.\g_row[0].g_col[1].u_pe.\u_mul.\g_bw.g_wallace.u_tree.$and$/home/danieltyukov/workspace/personal/tt-ihp-int8-npu/src/npu_csa_reduce.sv:53$1725 ($and).
Removed top 3 bits (of 16) from port B of cell npu_core.$flatten\u_array.\g_row[0].g_col[1].u_pe.\u_mul.\g_bw.g_wallace.u_tree.$and$/home/danieltyukov/workspace/personal/tt-ihp-int8-npu/src/npu_csa_reduce.sv:53$1725 ($and).
Removed top 3 bits (of 16) from port Y of cell npu_core.$flatten\u_array.\g_row[0].g_col[1].u_pe.\u_mul.\g_bw.g_wallace.u_tree.$and$/home/danieltyukov/workspace/personal/tt-ihp-int8-npu/src/npu_csa_reduce.sv:53$1725 ($and).
Removed top 3 bits (of 16) from port A of cell npu_core.$flatten\u_array.\g_row[0].g_col[1].u_pe.\u_mul.\g_bw.g_wallace.u_tree.$or$/home/danieltyukov/workspace/personal/tt-ihp-int8-npu/src/npu_csa_reduce.sv:53$1726 ($or).
Removed top 3 bits (of 16) from port B of cell npu_core.$flatten\u_array.\g_row[0].g_col[1].u_pe.\u_mul.\g_bw.g_wallace.u_tree.$or$/home/danieltyukov/workspace/personal/tt-ihp-int8-npu/src/npu_csa_reduce.sv:53$1726 ($or).
Removed top 3 bits (of 16) from port Y of cell npu_core.$flatten\u_array.\g_row[0].g_col[1].u_pe.\u_mul.\g_bw.g_wallace.u_tree.$or$/home/danieltyukov/workspace/personal/tt-ihp-int8-npu/src/npu_csa_reduce.sv:53$1726 ($or).
Removed top 2 bits (of 16) from port A of cell npu_core.$flatten\u_array.\g_row[0].g_col[1].u_pe.\u_mul.\g_bw.g_wallace.u_tree.$xor$/home/danieltyukov/workspace/personal/tt-ihp-int8-npu/src/npu_csa_reduce.sv:49$1727 ($xor).
Removed top 1 bits (of 16) from port B of cell npu_core.$flatten\u_array.\g_row[0].g_col[1].u_pe.\u_mul.\g_bw.g_wallace.u_tree.$xor$/home/danieltyukov/workspace/personal/tt-ihp-int8-npu/src/npu_csa_reduce.sv:49$1727 ($xor).
Removed top 1 bits (of 16) from port Y of cell npu_core.$flatten\u_array.\g_row[0].g_col[1].u_pe.\u_mul.\g_bw.g_wallace.u_tree.$xor$/home/danieltyukov/workspace/personal/tt-ihp-int8-npu/src/npu_csa_reduce.sv:49$1727 ($xor).
Removed top 2 bits (of 16) from port A of cell npu_core.$flatten\u_array.\g_row[0].g_col[1].u_pe.\u_mul.\g_bw.g_wallace.u_tree.$and$/home/danieltyukov/workspace/personal/tt-ihp-int8-npu/src/npu_csa_reduce.sv:53$1729 ($and).
Removed top 1 bits (of 16) from port B of cell npu_core.$flatten\u_array.\g_row[0].g_col[1].u_pe.\u_mul.\g_bw.g_wallace.u_tree.$and$/home/danieltyukov/workspace/personal/tt-ihp-int8-npu/src/npu_csa_reduce.sv:53$1729 ($and).
Removed top 1 bits (of 16) from port Y of cell npu_core.$flatten\u_array.\g_row[0].g_col[1].u_pe.\u_mul.\g_bw.g_wallace.u_tree.$and$/home/danieltyukov/workspace/personal/tt-ihp-int8-npu/src/npu_csa_reduce.sv:53$1729 ($and).
Removed top 1 bits (of 16) from port A of cell npu_core.$flatten\u_array.\g_row[0].g_col[1].u_pe.\u_mul.\g_bw.g_wallace.u_tree.$or$/home/danieltyukov/workspace/personal/tt-ihp-int8-npu/src/npu_csa_reduce.sv:53$1731 ($or).
Removed top 7 bits (of 16) from port B of cell npu_core.$flatten\u_array.\g_row[0].g_col[1].u_pe.\u_mul.\g_bw.g_wallace.u_tree.$or$/home/danieltyukov/workspace/personal/tt-ihp-int8-npu/src/npu_csa_reduce.sv:53$1731 ($or).
Removed top 1 bits (of 16) from port Y of cell npu_core.$flatten\u_array.\g_row[0].g_col[1].u_pe.\u_mul.\g_bw.g_wallace.u_tree.$or$/home/danieltyukov/workspace/personal/tt-ihp-int8-npu/src/npu_csa_reduce.sv:53$1731 ($or).
Removed top 1 bits (of 2) from port A of cell npu_core.$auto$opt_expr.cc:706:replace_const_cells$2753 ($not).
Removed top 1 bits (of 16) from port A of cell npu_core.$flatten\u_array.\g_row[0].g_col[1].u_pe.\u_mul.\g_bw.g_wallace.u_tree.$or$/home/danieltyukov/workspace/personal/tt-ihp-int8-npu/src/npu_csa_reduce.sv:53$1733 ($or).
Removed top 7 bits (of 16) from port B of cell npu_core.$flatten\u_array.\g_row[0].g_col[1].u_pe.\u_mul.\g_bw.g_wallace.u_tree.$or$/home/danieltyukov/workspace/personal/tt-ihp-int8-npu/src/npu_csa_reduce.sv:53$1733 ($or).
Removed top 1 bits (of 16) from port Y of cell npu_core.$flatten\u_array.\g_row[0].g_col[1].u_pe.\u_mul.\g_bw.g_wallace.u_tree.$or$/home/danieltyukov/workspace/personal/tt-ihp-int8-npu/src/npu_csa_reduce.sv:53$1733 ($or).
Removed top 5 bits (of 16) from port B of cell npu_core.$flatten\u_array.\g_row[0].g_col[1].u_pe.\u_mul.\g_bw.g_wallace.u_tree.\genblk1.g_reduce.u_next.$xor$/home/danieltyukov/workspace/personal/tt-ihp-int8-npu/src/npu_csa_reduce.sv:49$1839 ($xor).
Removed top 1 bits (of 16) from port Y of cell npu_core.$flatten\u_array.\g_row[0].g_col[1].u_pe.\u_mul.\g_bw.g_wallace.u_tree.\genblk1.g_reduce.u_next.\genblk1.g_reduce.u_next.$or$/home/danieltyukov/workspace/personal/tt-ihp-int8-npu/src/npu_csa_reduce.sv:53$1860 ($or).
Removed top 1 bits (of 16) from port A of cell npu_core.$flatten\u_array.\g_row[0].g_col[1].u_pe.\u_mul.\g_bw.g_wallace.u_tree.\genblk1.g_reduce.u_next.\genblk1.g_reduce.u_next.$or$/home/danieltyukov/workspace/personal/tt-ihp-int8-npu/src/npu_csa_reduce.sv:53$1860 ($or).
Removed top 1 bits (of 16) from port B of cell npu_core.$flatten\u_array.\g_row[0].g_col[1].u_pe.\u_mul.\g_bw.g_wallace.u_tree.\genblk1.g_reduce.u_next.\genblk1.g_reduce.u_next.$or$/home/danieltyukov/workspace/personal/tt-ihp-int8-npu/src/npu_csa_reduce.sv:53$1860 ($or).
Removed top 1 bits (of 16) from port Y of cell npu_core.$flatten\u_array.\g_row[0].g_col[1].u_pe.\u_mul.\g_bw.g_wallace.u_tree.\genblk1.g_reduce.u_next.\genblk1.g_reduce.u_next.\genblk1.g_reduce.u_next.$or$/home/danieltyukov/workspace/personal/tt-ihp-int8-npu/src/npu_csa_reduce.sv:53$1711 ($or).
Removed top 1 bits (of 16) from port A of cell npu_core.$flatten\u_array.\g_row[0].g_col[1].u_pe.\u_mul.\g_bw.g_wallace.u_tree.\genblk1.g_reduce.u_next.\genblk1.g_reduce.u_next.\genblk1.g_reduce.u_next.$or$/home/danieltyukov/workspace/personal/tt-ihp-int8-npu/src/npu_csa_reduce.sv:53$1711 ($or).
Removed top 1 bits (of 16) from port B of cell npu_core.$flatten\u_array.\g_row[0].g_col[1].u_pe.\u_mul.\g_bw.g_wallace.u_tree.\genblk1.g_reduce.u_next.\genblk1.g_reduce.u_next.\genblk1.g_reduce.u_next.$or$/home/danieltyukov/workspace/personal/tt-ihp-int8-npu/src/npu_csa_reduce.sv:53$1711 ($or).
Removed top 1 bits (of 16) from port Y of cell npu_core.$flatten\u_array.\g_row[0].g_col[1].u_pe.\u_mul.\g_bw.g_wallace.u_tree.\genblk1.g_reduce.u_next.\genblk1.g_reduce.u_next.\genblk1.g_reduce.u_next.$and$/home/danieltyukov/workspace/personal/tt-ihp-int8-npu/src/npu_csa_reduce.sv:53$1710 ($and).
Removed top 1 bits (of 16) from port A of cell npu_core.$flatten\u_array.\g_row[0].g_col[1].u_pe.\u_mul.\g_bw.g_wallace.u_tree.\genblk1.g_reduce.u_next.\genblk1.g_reduce.u_next.\genblk1.g_reduce.u_next.$and$/home/danieltyukov/workspace/personal/tt-ihp-int8-npu/src/npu_csa_reduce.sv:53$1710 ($and).
Removed top 1 bits (of 16) from port B of cell npu_core.$flatten\u_array.\g_row[0].g_col[1].u_pe.\u_mul.\g_bw.g_wallace.u_tree.\genblk1.g_reduce.u_next.\genblk1.g_reduce.u_next.\genblk1.g_reduce.u_next.$and$/home/danieltyukov/workspace/personal/tt-ihp-int8-npu/src/npu_csa_reduce.sv:53$1710 ($and).
Removed top 1 bits (of 16) from port Y of cell npu_core.$flatten\u_array.\g_row[0].g_col[1].u_pe.\u_mul.\g_bw.g_wallace.u_tree.\genblk1.g_reduce.u_next.\genblk1.g_reduce.u_next.\genblk1.g_reduce.u_next.$or$/home/danieltyukov/workspace/personal/tt-ihp-int8-npu/src/npu_csa_reduce.sv:53$1709 ($or).
Removed top 1 bits (of 16) from port A of cell npu_core.$flatten\u_array.\g_row[0].g_col[1].u_pe.\u_mul.\g_bw.g_wallace.u_tree.\genblk1.g_reduce.u_next.\genblk1.g_reduce.u_next.\genblk1.g_reduce.u_next.$or$/home/danieltyukov/workspace/personal/tt-ihp-int8-npu/src/npu_csa_reduce.sv:53$1709 ($or).
Removed top 1 bits (of 16) from port B of cell npu_core.$flatten\u_array.\g_row[0].g_col[1].u_pe.\u_mul.\g_bw.g_wallace.u_tree.\genblk1.g_reduce.u_next.\genblk1.g_reduce.u_next.\genblk1.g_reduce.u_next.$or$/home/danieltyukov/workspace/personal/tt-ihp-int8-npu/src/npu_csa_reduce.sv:53$1709 ($or).
Removed top 1 bits (of 16) from port Y of cell npu_core.$flatten\u_array.\g_row[0].g_col[1].u_pe.\u_mul.\g_bw.g_wallace.u_tree.\genblk1.g_reduce.u_next.\genblk1.g_reduce.u_next.\genblk1.g_reduce.u_next.$and$/home/danieltyukov/workspace/personal/tt-ihp-int8-npu/src/npu_csa_reduce.sv:53$1708 ($and).
Removed top 1 bits (of 16) from port A of cell npu_core.$flatten\u_array.\g_row[0].g_col[1].u_pe.\u_mul.\g_bw.g_wallace.u_tree.\genblk1.g_reduce.u_next.\genblk1.g_reduce.u_next.\genblk1.g_reduce.u_next.$and$/home/danieltyukov/workspace/personal/tt-ihp-int8-npu/src/npu_csa_reduce.sv:53$1708 ($and).
Removed top 1 bits (of 16) from port B of cell npu_core.$flatten\u_array.\g_row[0].g_col[1].u_pe.\u_mul.\g_bw.g_wallace.u_tree.\genblk1.g_reduce.u_next.\genblk1.g_reduce.u_next.\genblk1.g_reduce.u_next.$and$/home/danieltyukov/workspace/personal/tt-ihp-int8-npu/src/npu_csa_reduce.sv:53$1708 ($and).
Removed top 1 bits (of 16) from port Y of cell npu_core.$flatten\u_array.\g_row[0].g_col[1].u_pe.\u_mul.\g_bw.g_wallace.u_tree.\genblk1.g_reduce.u_next.\genblk1.g_reduce.u_next.\genblk1.g_reduce.u_next.$and$/home/danieltyukov/workspace/personal/tt-ihp-int8-npu/src/npu_csa_reduce.sv:53$1707 ($and).
Removed top 1 bits (of 16) from port A of cell npu_core.$flatten\u_array.\g_row[0].g_col[1].u_pe.\u_mul.\g_bw.g_wallace.u_tree.\genblk1.g_reduce.u_next.\genblk1.g_reduce.u_next.\genblk1.g_reduce.u_next.$and$/home/danieltyukov/workspace/personal/tt-ihp-int8-npu/src/npu_csa_reduce.sv:53$1707 ($and).
Removed top 1 bits (of 16) from port B of cell npu_core.$flatten\u_array.\g_row[0].g_col[1].u_pe.\u_mul.\g_bw.g_wallace.u_tree.\genblk1.g_reduce.u_next.\genblk1.g_reduce.u_next.\genblk1.g_reduce.u_next.$and$/home/danieltyukov/workspace/personal/tt-ihp-int8-npu/src/npu_csa_reduce.sv:53$1707 ($and).
Removed top 1 bits (of 16) from port Y of cell npu_core.$flatten\u_array.\g_row[0].g_col[1].u_pe.\u_mul.\g_bw.g_wallace.u_tree.\genblk1.g_reduce.u_next.$or$/home/danieltyukov/workspace/personal/tt-ihp-int8-npu/src/npu_csa_reduce.sv:53$1852 ($or).
Removed top 1 bits (of 16) from port A of cell npu_core.$flatten\u_array.\g_row[0].g_col[1].u_pe.\u_mul.\g_bw.g_wallace.u_tree.\genblk1.g_reduce.u_next.$or$/home/danieltyukov/workspace/personal/tt-ihp-int8-npu/src/npu_csa_reduce.sv:53$1852 ($or).
Removed top 1 bits (of 16) from port B of cell npu_core.$flatten\u_array.\g_row[0].g_col[1].u_pe.\u_mul.\g_bw.g_wallace.u_tree.\genblk1.g_reduce.u_next.$or$/home/danieltyukov/workspace/personal/tt-ihp-int8-npu/src/npu_csa_reduce.sv:53$1852 ($or).
Removed top 1 bits (of 16) from port Y of cell npu_core.$flatten\u_array.\g_row[0].g_col[1].u_pe.\u_mul.\g_bw.g_wallace.u_tree.\genblk1.g_reduce.u_next.$and$/home/danieltyukov/workspace/personal/tt-ihp-int8-npu/src/npu_csa_reduce.sv:53$1851 ($and).
Removed top 1 bits (of 16) from port A of cell npu_core.$flatten\u_array.\g_row[0].g_col[1].u_pe.\u_mul.\g_bw.g_wallace.u_tree.\genblk1.g_reduce.u_next.$and$/home/danieltyukov/workspace/personal/tt-ihp-int8-npu/src/npu_csa_reduce.sv:53$1851 ($and).
Removed top 1 bits (of 16) from port B of cell npu_core.$flatten\u_array.\g_row[0].g_col[1].u_pe.\u_mul.\g_bw.g_wallace.u_tree.\genblk1.g_reduce.u_next.$and$/home/danieltyukov/workspace/personal/tt-ihp-int8-npu/src/npu_csa_reduce.sv:53$1851 ($and).
Removed top 1 bits (of 16) from port Y of cell npu_core.$flatten\u_array.\g_row[0].g_col[1].u_pe.\u_mul.\g_bw.g_wallace.u_tree.\genblk1.g_reduce.u_next.$or$/home/danieltyukov/workspace/personal/tt-ihp-int8-npu/src/npu_csa_reduce.sv:53$1850 ($or).
Removed top 1 bits (of 16) from port A of cell npu_core.$flatten\u_array.\g_row[0].g_col[1].u_pe.\u_mul.\g_bw.g_wallace.u_tree.\genblk1.g_reduce.u_next.$or$/home/danieltyukov/workspace/personal/tt-ihp-int8-npu/src/npu_csa_reduce.sv:53$1850 ($or).
Removed top 1 bits (of 16) from port B of cell npu_core.$flatten\u_array.\g_row[0].g_col[1].u_pe.\u_mul.\g_bw.g_wallace.u_tree.\genblk1.g_reduce.u_next.$or$/home/danieltyukov/workspace/personal/tt-ihp-int8-npu/src/npu_csa_reduce.sv:53$1850 ($or).
Removed top 2 bits (of 16) from port A of cell npu_core.$flatten\u_array.\g_row[0].g_col[1].u_pe.\u_mul.\g_bw.g_wallace.u_tree.\genblk1.g_reduce.u_next.$and$/home/danieltyukov/workspace/personal/tt-ihp-int8-npu/src/npu_csa_reduce.sv:53$1849 ($and).
Removed top 1 bits (of 16) from port Y of cell npu_core.$flatten\u_array.\g_row[0].g_col[1].u_pe.\u_mul.\g_bw.g_wallace.u_tree.\genblk1.g_reduce.u_next.$and$/home/danieltyukov/workspace/personal/tt-ihp-int8-npu/src/npu_csa_reduce.sv:53$1849 ($and).
Removed top 1 bits (of 16) from port B of cell npu_core.$flatten\u_array.\g_row[0].g_col[1].u_pe.\u_mul.\g_bw.g_wallace.u_tree.\genblk1.g_reduce.u_next.$and$/home/danieltyukov/workspace/personal/tt-ihp-int8-npu/src/npu_csa_reduce.sv:53$1849 ($and).
Removed top 2 bits (of 16) from port A of cell npu_core.$flatten\u_array.\g_row[0].g_col[1].u_pe.\u_mul.\g_bw.g_wallace.u_tree.\genblk1.g_reduce.u_next.$and$/home/danieltyukov/workspace/personal/tt-ihp-int8-npu/src/npu_csa_reduce.sv:53$1848 ($and).
Removed top 1 bits (of 16) from port Y of cell npu_core.$flatten\u_array.\g_row[0].g_col[1].u_pe.\u_mul.\g_bw.g_wallace.u_tree.\genblk1.g_reduce.u_next.$and$/home/danieltyukov/workspace/personal/tt-ihp-int8-npu/src/npu_csa_reduce.sv:53$1848 ($and).
Removed top 1 bits (of 16) from port B of cell npu_core.$flatten\u_array.\g_row[0].g_col[1].u_pe.\u_mul.\g_bw.g_wallace.u_tree.\genblk1.g_reduce.u_next.$and$/home/danieltyukov/workspace/personal/tt-ihp-int8-npu/src/npu_csa_reduce.sv:53$1848 ($and).
Removed top 2 bits (of 16) from port A of cell npu_core.$flatten\u_array.\g_row[0].g_col[1].u_pe.\u_mul.\g_bw.g_wallace.u_tree.\genblk1.g_reduce.u_next.$xor$/home/danieltyukov/workspace/personal/tt-ihp-int8-npu/src/npu_csa_reduce.sv:49$1846 ($xor).
Removed top 1 bits (of 16) from port Y of cell npu_core.$flatten\u_array.\g_row[0].g_col[1].u_pe.\u_mul.\g_bw.g_wallace.u_tree.\genblk1.g_reduce.u_next.$or$/home/danieltyukov/workspace/personal/tt-ihp-int8-npu/src/npu_csa_reduce.sv:53$1845 ($or).
Removed top 1 bits (of 16) from port A of cell npu_core.$flatten\u_array.\g_row[0].g_col[1].u_pe.\u_mul.\g_bw.g_wallace.u_tree.\genblk1.g_reduce.u_next.$or$/home/danieltyukov/workspace/personal/tt-ihp-int8-npu/src/npu_csa_reduce.sv:53$1845 ($or).
Removed top 1 bits (of 16) from port B of cell npu_core.$flatten\u_array.\g_row[0].g_col[1].u_pe.\u_mul.\g_bw.g_wallace.u_tree.\genblk1.g_reduce.u_next.$or$/home/danieltyukov/workspace/personal/tt-ihp-int8-npu/src/npu_csa_reduce.sv:53$1845 ($or).
Removed top 5 bits (of 16) from port A of cell npu_core.$flatten\u_array.\g_row[0].g_col[1].u_pe.\u_mul.\g_bw.g_wallace.u_tree.\genblk1.g_reduce.u_next.$and$/home/danieltyukov/workspace/personal/tt-ihp-int8-npu/src/npu_csa_reduce.sv:53$1844 ($and).
Removed top 3 bits (of 16) from port B of cell npu_core.$flatten\u_array.\g_row[0].g_col[1].u_pe.\u_mul.\g_bw.g_wallace.u_tree.\genblk1.g_reduce.u_next.$and$/home/danieltyukov/workspace/personal/tt-ihp-int8-npu/src/npu_csa_reduce.sv:53$1844 ($and).
Removed top 3 bits (of 16) from port Y of cell npu_core.$flatten\u_array.\g_row[0].g_col[1].u_pe.\u_mul.\g_bw.g_wallace.u_tree.\genblk1.g_reduce.u_next.$and$/home/danieltyukov/workspace/personal/tt-ihp-int8-npu/src/npu_csa_reduce.sv:53$1844 ($and).
Removed top 1 bits (of 16) from port Y of cell npu_core.$flatten\u_array.\g_row[0].g_col[1].u_pe.\u_mul.\g_bw.g_wallace.u_tree.\genblk1.g_reduce.u_next.$or$/home/danieltyukov/workspace/personal/tt-ihp-int8-npu/src/npu_csa_reduce.sv:53$1843 ($or).
Removed top 1 bits (of 16) from port A of cell npu_core.$flatten\u_array.\g_row[0].g_col[1].u_pe.\u_mul.\g_bw.g_wallace.u_tree.\genblk1.g_reduce.u_next.$or$/home/danieltyukov/workspace/personal/tt-ihp-int8-npu/src/npu_csa_reduce.sv:53$1843 ($or).
Removed top 1 bits (of 16) from port B of cell npu_core.$flatten\u_array.\g_row[0].g_col[1].u_pe.\u_mul.\g_bw.g_wallace.u_tree.\genblk1.g_reduce.u_next.$or$/home/danieltyukov/workspace/personal/tt-ihp-int8-npu/src/npu_csa_reduce.sv:53$1843 ($or).
Removed top 3 bits (of 16) from port B of cell npu_core.$flatten\u_array.\g_row[0].g_col[1].u_pe.\u_mul.\g_bw.g_wallace.u_tree.\genblk1.g_reduce.u_next.$and$/home/danieltyukov/workspace/personal/tt-ihp-int8-npu/src/npu_csa_reduce.sv:53$1842 ($and).
Removed top 1 bits (of 16) from port Y of cell npu_core.$flatten\u_array.\g_row[0].g_col[1].u_pe.\u_mul.\g_bw.g_wallace.u_tree.\genblk1.g_reduce.u_next.$and$/home/danieltyukov/workspace/personal/tt-ihp-int8-npu/src/npu_csa_reduce.sv:53$1842 ($and).
Removed top 1 bits (of 16) from port A of cell npu_core.$flatten\u_array.\g_row[0].g_col[1].u_pe.\u_mul.\g_bw.g_wallace.u_tree.\genblk1.g_reduce.u_next.$and$/home/danieltyukov/workspace/personal/tt-ihp-int8-npu/src/npu_csa_reduce.sv:53$1842 ($and).
Removed top 5 bits (of 16) from port B of cell npu_core.$flatten\u_array.\g_row[0].g_col[1].u_pe.\u_mul.\g_bw.g_wallace.u_tree.\genblk1.g_reduce.u_next.$and$/home/danieltyukov/workspace/personal/tt-ihp-int8-npu/src/npu_csa_reduce.sv:53$1841 ($and).
Removed top 1 bits (of 16) from port Y of cell npu_core.$flatten\u_array.\g_row[0].g_col[1].u_pe.\u_mul.\g_bw.g_wallace.u_tree.\genblk1.g_reduce.u_next.$and$/home/danieltyukov/workspace/personal/tt-ihp-int8-npu/src/npu_csa_reduce.sv:53$1841 ($and).
Removed top 1 bits (of 16) from port A of cell npu_core.$flatten\u_array.\g_row[0].g_col[1].u_pe.\u_mul.\g_bw.g_wallace.u_tree.\genblk1.g_reduce.u_next.$and$/home/danieltyukov/workspace/personal/tt-ihp-int8-npu/src/npu_csa_reduce.sv:53$1841 ($and).
Removed top 3 bits (of 16) from port B of cell npu_core.$flatten\u_array.\g_row[0].g_col[1].u_pe.\u_mul.\g_bw.g_wallace.u_tree.\genblk1.g_reduce.u_next.$xor$/home/danieltyukov/workspace/personal/tt-ihp-int8-npu/src/npu_csa_reduce.sv:49$1840 ($xor).
Removed top 1 bits (of 16) from port Y of cell npu_core.$flatten\u_array.\g_row[0].g_col[1].u_pe.\u_mul.\u_cpa.$and$/home/danieltyukov/workspace/personal/tt-ihp-int8-npu/src/npu_adder.sv:60$1736 ($and).
Removed top 1 bits (of 16) from port A of cell npu_core.$flatten\u_array.\g_row[0].g_col[1].u_pe.\u_mul.\u_cpa.$and$/home/danieltyukov/workspace/personal/tt-ihp-int8-npu/src/npu_adder.sv:60$1736 ($and).
Removed top 1 bits (of 16) from port B of cell npu_core.$flatten\u_array.\g_row[0].g_col[1].u_pe.\u_mul.\u_cpa.$and$/home/danieltyukov/workspace/personal/tt-ihp-int8-npu/src/npu_adder.sv:60$1736 ($and).
Removed top 8 bits (of 16) from port A of cell npu_core.$flatten\u_array.\g_row[0].g_col[1].u_pe.\u_mul.\g_bw.g_wallace.u_tree.$xor$/home/danieltyukov/workspace/personal/tt-ihp-int8-npu/src/npu_csa_reduce.sv:49$1713 ($xor).
Removed top 7 bits (of 16) from port B of cell npu_core.$flatten\u_array.\g_row[0].g_col[1].u_pe.\u_mul.\g_bw.g_wallace.u_tree.$xor$/home/danieltyukov/workspace/personal/tt-ihp-int8-npu/src/npu_csa_reduce.sv:49$1713 ($xor).
Removed top 7 bits (of 16) from port Y of cell npu_core.$flatten\u_array.\g_row[0].g_col[1].u_pe.\u_mul.\g_bw.g_wallace.u_tree.$xor$/home/danieltyukov/workspace/personal/tt-ihp-int8-npu/src/npu_csa_reduce.sv:49$1713 ($xor).
Removed top 3 bits (of 19) from FF cell npu_core.$flatten\u_array.\g_row[0].g_col[0].u_pe.$procdff$2685 ($adff).
Removed top 6 bits (of 16) from port B of cell npu_core.$flatten\u_array.\g_row[0].g_col[0].u_pe.\u_mul.\g_bw.g_wallace.u_tree.$xor$/home/danieltyukov/workspace/personal/tt-ihp-int8-npu/src/npu_csa_reduce.sv:49$1714 ($xor).
Removed top 8 bits (of 16) from port A of cell npu_core.$flatten\u_array.\g_row[0].g_col[0].u_pe.\u_mul.\g_bw.g_wallace.u_tree.$and$/home/danieltyukov/workspace/personal/tt-ihp-int8-npu/src/npu_csa_reduce.sv:53$1715 ($and).
Removed top 7 bits (of 16) from port B of cell npu_core.$flatten\u_array.\g_row[0].g_col[0].u_pe.\u_mul.\g_bw.g_wallace.u_tree.$and$/home/danieltyukov/workspace/personal/tt-ihp-int8-npu/src/npu_csa_reduce.sv:53$1715 ($and).
Removed top 7 bits (of 16) from port Y of cell npu_core.$flatten\u_array.\g_row[0].g_col[0].u_pe.\u_mul.\g_bw.g_wallace.u_tree.$and$/home/danieltyukov/workspace/personal/tt-ihp-int8-npu/src/npu_csa_reduce.sv:53$1715 ($and).
Removed top 8 bits (of 16) from port A of cell npu_core.$flatten\u_array.\g_row[0].g_col[0].u_pe.\u_mul.\g_bw.g_wallace.u_tree.$and$/home/danieltyukov/workspace/personal/tt-ihp-int8-npu/src/npu_csa_reduce.sv:53$1716 ($and).
Removed top 6 bits (of 16) from port B of cell npu_core.$flatten\u_array.\g_row[0].g_col[0].u_pe.\u_mul.\g_bw.g_wallace.u_tree.$and$/home/danieltyukov/workspace/personal/tt-ihp-int8-npu/src/npu_csa_reduce.sv:53$1716 ($and).
Removed top 6 bits (of 16) from port Y of cell npu_core.$flatten\u_array.\g_row[0].g_col[0].u_pe.\u_mul.\g_bw.g_wallace.u_tree.$and$/home/danieltyukov/workspace/personal/tt-ihp-int8-npu/src/npu_csa_reduce.sv:53$1716 ($and).
Removed top 7 bits (of 16) from port A of cell npu_core.$flatten\u_array.\g_row[0].g_col[0].u_pe.\u_mul.\g_bw.g_wallace.u_tree.$or$/home/danieltyukov/workspace/personal/tt-ihp-int8-npu/src/npu_csa_reduce.sv:53$1717 ($or).
Removed top 6 bits (of 16) from port B of cell npu_core.$flatten\u_array.\g_row[0].g_col[0].u_pe.\u_mul.\g_bw.g_wallace.u_tree.$or$/home/danieltyukov/workspace/personal/tt-ihp-int8-npu/src/npu_csa_reduce.sv:53$1717 ($or).
Removed top 6 bits (of 16) from port Y of cell npu_core.$flatten\u_array.\g_row[0].g_col[0].u_pe.\u_mul.\g_bw.g_wallace.u_tree.$or$/home/danieltyukov/workspace/personal/tt-ihp-int8-npu/src/npu_csa_reduce.sv:53$1717 ($or).
Removed top 7 bits (of 16) from port A of cell npu_core.$flatten\u_array.\g_row[0].g_col[0].u_pe.\u_mul.\g_bw.g_wallace.u_tree.$and$/home/danieltyukov/workspace/personal/tt-ihp-int8-npu/src/npu_csa_reduce.sv:53$1718 ($and).
Removed top 6 bits (of 16) from port B of cell npu_core.$flatten\u_array.\g_row[0].g_col[0].u_pe.\u_mul.\g_bw.g_wallace.u_tree.$and$/home/danieltyukov/workspace/personal/tt-ihp-int8-npu/src/npu_csa_reduce.sv:53$1718 ($and).
Removed top 6 bits (of 16) from port Y of cell npu_core.$flatten\u_array.\g_row[0].g_col[0].u_pe.\u_mul.\g_bw.g_wallace.u_tree.$and$/home/danieltyukov/workspace/personal/tt-ihp-int8-npu/src/npu_csa_reduce.sv:53$1718 ($and).
Removed top 6 bits (of 16) from port A of cell npu_core.$flatten\u_array.\g_row[0].g_col[0].u_pe.\u_mul.\g_bw.g_wallace.u_tree.$or$/home/danieltyukov/workspace/personal/tt-ihp-int8-npu/src/npu_csa_reduce.sv:53$1719 ($or).
Removed top 6 bits (of 16) from port B of cell npu_core.$flatten\u_array.\g_row[0].g_col[0].u_pe.\u_mul.\g_bw.g_wallace.u_tree.$or$/home/danieltyukov/workspace/personal/tt-ihp-int8-npu/src/npu_csa_reduce.sv:53$1719 ($or).
Removed top 6 bits (of 16) from port Y of cell npu_core.$flatten\u_array.\g_row[0].g_col[0].u_pe.\u_mul.\g_bw.g_wallace.u_tree.$or$/home/danieltyukov/workspace/personal/tt-ihp-int8-npu/src/npu_csa_reduce.sv:53$1719 ($or).
Removed top 5 bits (of 16) from port A of cell npu_core.$flatten\u_array.\g_row[0].g_col[0].u_pe.\u_mul.\g_bw.g_wallace.u_tree.$xor$/home/danieltyukov/workspace/personal/tt-ihp-int8-npu/src/npu_csa_reduce.sv:49$1720 ($xor).
Removed top 4 bits (of 16) from port B of cell npu_core.$flatten\u_array.\g_row[0].g_col[0].u_pe.\u_mul.\g_bw.g_wallace.u_tree.$xor$/home/danieltyukov/workspace/personal/tt-ihp-int8-npu/src/npu_csa_reduce.sv:49$1720 ($xor).
Removed top 4 bits (of 16) from port Y of cell npu_core.$flatten\u_array.\g_row[0].g_col[0].u_pe.\u_mul.\g_bw.g_wallace.u_tree.$xor$/home/danieltyukov/workspace/personal/tt-ihp-int8-npu/src/npu_csa_reduce.sv:49$1720 ($xor).
Removed top 4 bits (of 16) from port A of cell npu_core.$flatten\u_array.\g_row[0].g_col[0].u_pe.\u_mul.\g_bw.g_wallace.u_tree.$xor$/home/danieltyukov/workspace/personal/tt-ihp-int8-npu/src/npu_csa_reduce.sv:49$1721 ($xor).
Removed top 3 bits (of 16) from port B of cell npu_core.$flatten\u_array.\g_row[0].g_col[0].u_pe.\u_mul.\g_bw.g_wallace.u_tree.$xor$/home/danieltyukov/workspace/personal/tt-ihp-int8-npu/src/npu_csa_reduce.sv:49$1721 ($xor).
Removed top 3 bits (of 16) from port Y of cell npu_core.$flatten\u_array.\g_row[0].g_col[0].u_pe.\u_mul.\g_bw.g_wallace.u_tree.$xor$/home/danieltyukov/workspace/personal/tt-ihp-int8-npu/src/npu_csa_reduce.sv:49$1721 ($xor).
Removed top 5 bits (of 16) from port A of cell npu_core.$flatten\u_array.\g_row[0].g_col[0].u_pe.\u_mul.\g_bw.g_wallace.u_tree.$and$/home/danieltyukov/workspace/personal/tt-ihp-int8-npu/src/npu_csa_reduce.sv:53$1722 ($and).
Removed top 4 bits (of 16) from port B of cell npu_core.$flatten\u_array.\g_row[0].g_col[0].u_pe.\u_mul.\g_bw.g_wallace.u_tree.$and$/home/danieltyukov/workspace/personal/tt-ihp-int8-npu/src/npu_csa_reduce.sv:53$1722 ($and).
Removed top 4 bits (of 16) from port Y of cell npu_core.$flatten\u_array.\g_row[0].g_col[0].u_pe.\u_mul.\g_bw.g_wallace.u_tree.$and$/home/danieltyukov/workspace/personal/tt-ihp-int8-npu/src/npu_csa_reduce.sv:53$1722 ($and).
Removed top 5 bits (of 16) from port A of cell npu_core.$flatten\u_array.\g_row[0].g_col[0].u_pe.\u_mul.\g_bw.g_wallace.u_tree.$and$/home/danieltyukov/workspace/personal/tt-ihp-int8-npu/src/npu_csa_reduce.sv:53$1723 ($and).
Removed top 3 bits (of 16) from port B of cell npu_core.$flatten\u_array.\g_row[0].g_col[0].u_pe.\u_mul.\g_bw.g_wallace.u_tree.$and$/home/danieltyukov/workspace/personal/tt-ihp-int8-npu/src/npu_csa_reduce.sv:53$1723 ($and).
Removed top 3 bits (of 16) from port Y of cell npu_core.$flatten\u_array.\g_row[0].g_col[0].u_pe.\u_mul.\g_bw.g_wallace.u_tree.$and$/home/danieltyukov/workspace/personal/tt-ihp-int8-npu/src/npu_csa_reduce.sv:53$1723 ($and).
Removed top 4 bits (of 16) from port A of cell npu_core.$flatten\u_array.\g_row[0].g_col[0].u_pe.\u_mul.\g_bw.g_wallace.u_tree.$or$/home/danieltyukov/workspace/personal/tt-ihp-int8-npu/src/npu_csa_reduce.sv:53$1724 ($or).
Removed top 3 bits (of 16) from port B of cell npu_core.$flatten\u_array.\g_row[0].g_col[0].u_pe.\u_mul.\g_bw.g_wallace.u_tree.$or$/home/danieltyukov/workspace/personal/tt-ihp-int8-npu/src/npu_csa_reduce.sv:53$1724 ($or).
Removed top 3 bits (of 16) from port Y of cell npu_core.$flatten\u_array.\g_row[0].g_col[0].u_pe.\u_mul.\g_bw.g_wallace.u_tree.$or$/home/danieltyukov/workspace/personal/tt-ihp-int8-npu/src/npu_csa_reduce.sv:53$1724 ($or).
Removed top 4 bits (of 16) from port A of cell npu_core.$flatten\u_array.\g_row[0].g_col[0].u_pe.\u_mul.\g_bw.g_wallace.u_tree.$and$/home/danieltyukov/workspace/personal/tt-ihp-int8-npu/src/npu_csa_reduce.sv:53$1725 ($and).
Removed top 3 bits (of 16) from port B of cell npu_core.$flatten\u_array.\g_row[0].g_col[0].u_pe.\u_mul.\g_bw.g_wallace.u_tree.$and$/home/danieltyukov/workspace/personal/tt-ihp-int8-npu/src/npu_csa_reduce.sv:53$1725 ($and).
Removed top 3 bits (of 16) from port Y of cell npu_core.$flatten\u_array.\g_row[0].g_col[0].u_pe.\u_mul.\g_bw.g_wallace.u_tree.$and$/home/danieltyukov/workspace/personal/tt-ihp-int8-npu/src/npu_csa_reduce.sv:53$1725 ($and).
Removed top 3 bits (of 16) from port A of cell npu_core.$flatten\u_array.\g_row[0].g_col[0].u_pe.\u_mul.\g_bw.g_wallace.u_tree.$or$/home/danieltyukov/workspace/personal/tt-ihp-int8-npu/src/npu_csa_reduce.sv:53$1726 ($or).
Removed top 3 bits (of 16) from port B of cell npu_core.$flatten\u_array.\g_row[0].g_col[0].u_pe.\u_mul.\g_bw.g_wallace.u_tree.$or$/home/danieltyukov/workspace/personal/tt-ihp-int8-npu/src/npu_csa_reduce.sv:53$1726 ($or).
Removed top 3 bits (of 16) from port Y of cell npu_core.$flatten\u_array.\g_row[0].g_col[0].u_pe.\u_mul.\g_bw.g_wallace.u_tree.$or$/home/danieltyukov/workspace/personal/tt-ihp-int8-npu/src/npu_csa_reduce.sv:53$1726 ($or).
Removed top 2 bits (of 16) from port A of cell npu_core.$flatten\u_array.\g_row[0].g_col[0].u_pe.\u_mul.\g_bw.g_wallace.u_tree.$xor$/home/danieltyukov/workspace/personal/tt-ihp-int8-npu/src/npu_csa_reduce.sv:49$1727 ($xor).
Removed top 1 bits (of 16) from port B of cell npu_core.$flatten\u_array.\g_row[0].g_col[0].u_pe.\u_mul.\g_bw.g_wallace.u_tree.$xor$/home/danieltyukov/workspace/personal/tt-ihp-int8-npu/src/npu_csa_reduce.sv:49$1727 ($xor).
Removed top 1 bits (of 16) from port Y of cell npu_core.$flatten\u_array.\g_row[0].g_col[0].u_pe.\u_mul.\g_bw.g_wallace.u_tree.$xor$/home/danieltyukov/workspace/personal/tt-ihp-int8-npu/src/npu_csa_reduce.sv:49$1727 ($xor).
Removed top 2 bits (of 16) from port A of cell npu_core.$flatten\u_array.\g_row[0].g_col[0].u_pe.\u_mul.\g_bw.g_wallace.u_tree.$and$/home/danieltyukov/workspace/personal/tt-ihp-int8-npu/src/npu_csa_reduce.sv:53$1729 ($and).
Removed top 1 bits (of 16) from port B of cell npu_core.$flatten\u_array.\g_row[0].g_col[0].u_pe.\u_mul.\g_bw.g_wallace.u_tree.$and$/home/danieltyukov/workspace/personal/tt-ihp-int8-npu/src/npu_csa_reduce.sv:53$1729 ($and).
Removed top 1 bits (of 16) from port Y of cell npu_core.$flatten\u_array.\g_row[0].g_col[0].u_pe.\u_mul.\g_bw.g_wallace.u_tree.$and$/home/danieltyukov/workspace/personal/tt-ihp-int8-npu/src/npu_csa_reduce.sv:53$1729 ($and).
Removed top 1 bits (of 16) from port A of cell npu_core.$flatten\u_array.\g_row[0].g_col[0].u_pe.\u_mul.\g_bw.g_wallace.u_tree.$or$/home/danieltyukov/workspace/personal/tt-ihp-int8-npu/src/npu_csa_reduce.sv:53$1731 ($or).
Removed top 7 bits (of 16) from port B of cell npu_core.$flatten\u_array.\g_row[0].g_col[0].u_pe.\u_mul.\g_bw.g_wallace.u_tree.$or$/home/danieltyukov/workspace/personal/tt-ihp-int8-npu/src/npu_csa_reduce.sv:53$1731 ($or).
Removed top 1 bits (of 16) from port Y of cell npu_core.$flatten\u_array.\g_row[0].g_col[0].u_pe.\u_mul.\g_bw.g_wallace.u_tree.$or$/home/danieltyukov/workspace/personal/tt-ihp-int8-npu/src/npu_csa_reduce.sv:53$1731 ($or).
Removed top 1 bits (of 2) from port A of cell npu_core.$auto$opt_expr.cc:706:replace_const_cells$2755 ($not).
Removed top 1 bits (of 16) from port A of cell npu_core.$flatten\u_array.\g_row[0].g_col[0].u_pe.\u_mul.\g_bw.g_wallace.u_tree.$or$/home/danieltyukov/workspace/personal/tt-ihp-int8-npu/src/npu_csa_reduce.sv:53$1733 ($or).
Removed top 7 bits (of 16) from port B of cell npu_core.$flatten\u_array.\g_row[0].g_col[0].u_pe.\u_mul.\g_bw.g_wallace.u_tree.$or$/home/danieltyukov/workspace/personal/tt-ihp-int8-npu/src/npu_csa_reduce.sv:53$1733 ($or).
Removed top 1 bits (of 16) from port Y of cell npu_core.$flatten\u_array.\g_row[0].g_col[0].u_pe.\u_mul.\g_bw.g_wallace.u_tree.$or$/home/danieltyukov/workspace/personal/tt-ihp-int8-npu/src/npu_csa_reduce.sv:53$1733 ($or).
Removed top 5 bits (of 16) from port B of cell npu_core.$flatten\u_array.\g_row[0].g_col[0].u_pe.\u_mul.\g_bw.g_wallace.u_tree.\genblk1.g_reduce.u_next.$xor$/home/danieltyukov/workspace/personal/tt-ihp-int8-npu/src/npu_csa_reduce.sv:49$1839 ($xor).
Removed top 1 bits (of 16) from port Y of cell npu_core.$flatten\u_array.\g_row[0].g_col[0].u_pe.\u_mul.\g_bw.g_wallace.u_tree.\genblk1.g_reduce.u_next.\genblk1.g_reduce.u_next.$or$/home/danieltyukov/workspace/personal/tt-ihp-int8-npu/src/npu_csa_reduce.sv:53$1860 ($or).
Removed top 1 bits (of 16) from port A of cell npu_core.$flatten\u_array.\g_row[0].g_col[0].u_pe.\u_mul.\g_bw.g_wallace.u_tree.\genblk1.g_reduce.u_next.\genblk1.g_reduce.u_next.$or$/home/danieltyukov/workspace/personal/tt-ihp-int8-npu/src/npu_csa_reduce.sv:53$1860 ($or).
Removed top 1 bits (of 16) from port B of cell npu_core.$flatten\u_array.\g_row[0].g_col[0].u_pe.\u_mul.\g_bw.g_wallace.u_tree.\genblk1.g_reduce.u_next.\genblk1.g_reduce.u_next.$or$/home/danieltyukov/workspace/personal/tt-ihp-int8-npu/src/npu_csa_reduce.sv:53$1860 ($or).
Removed top 1 bits (of 16) from port Y of cell npu_core.$flatten\u_array.\g_row[0].g_col[0].u_pe.\u_mul.\g_bw.g_wallace.u_tree.\genblk1.g_reduce.u_next.\genblk1.g_reduce.u_next.\genblk1.g_reduce.u_next.$or$/home/danieltyukov/workspace/personal/tt-ihp-int8-npu/src/npu_csa_reduce.sv:53$1711 ($or).
Removed top 1 bits (of 16) from port A of cell npu_core.$flatten\u_array.\g_row[0].g_col[0].u_pe.\u_mul.\g_bw.g_wallace.u_tree.\genblk1.g_reduce.u_next.\genblk1.g_reduce.u_next.\genblk1.g_reduce.u_next.$or$/home/danieltyukov/workspace/personal/tt-ihp-int8-npu/src/npu_csa_reduce.sv:53$1711 ($or).
Removed top 1 bits (of 16) from port B of cell npu_core.$flatten\u_array.\g_row[0].g_col[0].u_pe.\u_mul.\g_bw.g_wallace.u_tree.\genblk1.g_reduce.u_next.\genblk1.g_reduce.u_next.\genblk1.g_reduce.u_next.$or$/home/danieltyukov/workspace/personal/tt-ihp-int8-npu/src/npu_csa_reduce.sv:53$1711 ($or).
Removed top 1 bits (of 16) from port Y of cell npu_core.$flatten\u_array.\g_row[0].g_col[0].u_pe.\u_mul.\g_bw.g_wallace.u_tree.\genblk1.g_reduce.u_next.\genblk1.g_reduce.u_next.\genblk1.g_reduce.u_next.$and$/home/danieltyukov/workspace/personal/tt-ihp-int8-npu/src/npu_csa_reduce.sv:53$1710 ($and).
Removed top 1 bits (of 16) from port A of cell npu_core.$flatten\u_array.\g_row[0].g_col[0].u_pe.\u_mul.\g_bw.g_wallace.u_tree.\genblk1.g_reduce.u_next.\genblk1.g_reduce.u_next.\genblk1.g_reduce.u_next.$and$/home/danieltyukov/workspace/personal/tt-ihp-int8-npu/src/npu_csa_reduce.sv:53$1710 ($and).
Removed top 1 bits (of 16) from port B of cell npu_core.$flatten\u_array.\g_row[0].g_col[0].u_pe.\u_mul.\g_bw.g_wallace.u_tree.\genblk1.g_reduce.u_next.\genblk1.g_reduce.u_next.\genblk1.g_reduce.u_next.$and$/home/danieltyukov/workspace/personal/tt-ihp-int8-npu/src/npu_csa_reduce.sv:53$1710 ($and).
Removed top 1 bits (of 16) from port Y of cell npu_core.$flatten\u_array.\g_row[0].g_col[0].u_pe.\u_mul.\g_bw.g_wallace.u_tree.\genblk1.g_reduce.u_next.\genblk1.g_reduce.u_next.\genblk1.g_reduce.u_next.$or$/home/danieltyukov/workspace/personal/tt-ihp-int8-npu/src/npu_csa_reduce.sv:53$1709 ($or).
Removed top 1 bits (of 16) from port A of cell npu_core.$flatten\u_array.\g_row[0].g_col[0].u_pe.\u_mul.\g_bw.g_wallace.u_tree.\genblk1.g_reduce.u_next.\genblk1.g_reduce.u_next.\genblk1.g_reduce.u_next.$or$/home/danieltyukov/workspace/personal/tt-ihp-int8-npu/src/npu_csa_reduce.sv:53$1709 ($or).
Removed top 1 bits (of 16) from port B of cell npu_core.$flatten\u_array.\g_row[0].g_col[0].u_pe.\u_mul.\g_bw.g_wallace.u_tree.\genblk1.g_reduce.u_next.\genblk1.g_reduce.u_next.\genblk1.g_reduce.u_next.$or$/home/danieltyukov/workspace/personal/tt-ihp-int8-npu/src/npu_csa_reduce.sv:53$1709 ($or).
Removed top 1 bits (of 16) from port Y of cell npu_core.$flatten\u_array.\g_row[0].g_col[0].u_pe.\u_mul.\g_bw.g_wallace.u_tree.\genblk1.g_reduce.u_next.\genblk1.g_reduce.u_next.\genblk1.g_reduce.u_next.$and$/home/danieltyukov/workspace/personal/tt-ihp-int8-npu/src/npu_csa_reduce.sv:53$1708 ($and).
Removed top 1 bits (of 16) from port A of cell npu_core.$flatten\u_array.\g_row[0].g_col[0].u_pe.\u_mul.\g_bw.g_wallace.u_tree.\genblk1.g_reduce.u_next.\genblk1.g_reduce.u_next.\genblk1.g_reduce.u_next.$and$/home/danieltyukov/workspace/personal/tt-ihp-int8-npu/src/npu_csa_reduce.sv:53$1708 ($and).
Removed top 1 bits (of 16) from port B of cell npu_core.$flatten\u_array.\g_row[0].g_col[0].u_pe.\u_mul.\g_bw.g_wallace.u_tree.\genblk1.g_reduce.u_next.\genblk1.g_reduce.u_next.\genblk1.g_reduce.u_next.$and$/home/danieltyukov/workspace/personal/tt-ihp-int8-npu/src/npu_csa_reduce.sv:53$1708 ($and).
Removed top 1 bits (of 16) from port Y of cell npu_core.$flatten\u_array.\g_row[0].g_col[0].u_pe.\u_mul.\g_bw.g_wallace.u_tree.\genblk1.g_reduce.u_next.\genblk1.g_reduce.u_next.\genblk1.g_reduce.u_next.$and$/home/danieltyukov/workspace/personal/tt-ihp-int8-npu/src/npu_csa_reduce.sv:53$1707 ($and).
Removed top 1 bits (of 16) from port A of cell npu_core.$flatten\u_array.\g_row[0].g_col[0].u_pe.\u_mul.\g_bw.g_wallace.u_tree.\genblk1.g_reduce.u_next.\genblk1.g_reduce.u_next.\genblk1.g_reduce.u_next.$and$/home/danieltyukov/workspace/personal/tt-ihp-int8-npu/src/npu_csa_reduce.sv:53$1707 ($and).
Removed top 1 bits (of 16) from port B of cell npu_core.$flatten\u_array.\g_row[0].g_col[0].u_pe.\u_mul.\g_bw.g_wallace.u_tree.\genblk1.g_reduce.u_next.\genblk1.g_reduce.u_next.\genblk1.g_reduce.u_next.$and$/home/danieltyukov/workspace/personal/tt-ihp-int8-npu/src/npu_csa_reduce.sv:53$1707 ($and).
Removed top 1 bits (of 16) from port Y of cell npu_core.$flatten\u_array.\g_row[0].g_col[0].u_pe.\u_mul.\g_bw.g_wallace.u_tree.\genblk1.g_reduce.u_next.$or$/home/danieltyukov/workspace/personal/tt-ihp-int8-npu/src/npu_csa_reduce.sv:53$1852 ($or).
Removed top 1 bits (of 16) from port A of cell npu_core.$flatten\u_array.\g_row[0].g_col[0].u_pe.\u_mul.\g_bw.g_wallace.u_tree.\genblk1.g_reduce.u_next.$or$/home/danieltyukov/workspace/personal/tt-ihp-int8-npu/src/npu_csa_reduce.sv:53$1852 ($or).
Removed top 1 bits (of 16) from port B of cell npu_core.$flatten\u_array.\g_row[0].g_col[0].u_pe.\u_mul.\g_bw.g_wallace.u_tree.\genblk1.g_reduce.u_next.$or$/home/danieltyukov/workspace/personal/tt-ihp-int8-npu/src/npu_csa_reduce.sv:53$1852 ($or).
Removed top 1 bits (of 16) from port Y of cell npu_core.$flatten\u_array.\g_row[0].g_col[0].u_pe.\u_mul.\g_bw.g_wallace.u_tree.\genblk1.g_reduce.u_next.$and$/home/danieltyukov/workspace/personal/tt-ihp-int8-npu/src/npu_csa_reduce.sv:53$1851 ($and).
Removed top 1 bits (of 16) from port A of cell npu_core.$flatten\u_array.\g_row[0].g_col[0].u_pe.\u_mul.\g_bw.g_wallace.u_tree.\genblk1.g_reduce.u_next.$and$/home/danieltyukov/workspace/personal/tt-ihp-int8-npu/src/npu_csa_reduce.sv:53$1851 ($and).
Removed top 1 bits (of 16) from port B of cell npu_core.$flatten\u_array.\g_row[0].g_col[0].u_pe.\u_mul.\g_bw.g_wallace.u_tree.\genblk1.g_reduce.u_next.$and$/home/danieltyukov/workspace/personal/tt-ihp-int8-npu/src/npu_csa_reduce.sv:53$1851 ($and).
Removed top 1 bits (of 16) from port Y of cell npu_core.$flatten\u_array.\g_row[0].g_col[0].u_pe.\u_mul.\g_bw.g_wallace.u_tree.\genblk1.g_reduce.u_next.$or$/home/danieltyukov/workspace/personal/tt-ihp-int8-npu/src/npu_csa_reduce.sv:53$1850 ($or).
Removed top 1 bits (of 16) from port A of cell npu_core.$flatten\u_array.\g_row[0].g_col[0].u_pe.\u_mul.\g_bw.g_wallace.u_tree.\genblk1.g_reduce.u_next.$or$/home/danieltyukov/workspace/personal/tt-ihp-int8-npu/src/npu_csa_reduce.sv:53$1850 ($or).
Removed top 1 bits (of 16) from port B of cell npu_core.$flatten\u_array.\g_row[0].g_col[0].u_pe.\u_mul.\g_bw.g_wallace.u_tree.\genblk1.g_reduce.u_next.$or$/home/danieltyukov/workspace/personal/tt-ihp-int8-npu/src/npu_csa_reduce.sv:53$1850 ($or).
Removed top 2 bits (of 16) from port A of cell npu_core.$flatten\u_array.\g_row[0].g_col[0].u_pe.\u_mul.\g_bw.g_wallace.u_tree.\genblk1.g_reduce.u_next.$and$/home/danieltyukov/workspace/personal/tt-ihp-int8-npu/src/npu_csa_reduce.sv:53$1849 ($and).
Removed top 1 bits (of 16) from port Y of cell npu_core.$flatten\u_array.\g_row[0].g_col[0].u_pe.\u_mul.\g_bw.g_wallace.u_tree.\genblk1.g_reduce.u_next.$and$/home/danieltyukov/workspace/personal/tt-ihp-int8-npu/src/npu_csa_reduce.sv:53$1849 ($and).
Removed top 1 bits (of 16) from port B of cell npu_core.$flatten\u_array.\g_row[0].g_col[0].u_pe.\u_mul.\g_bw.g_wallace.u_tree.\genblk1.g_reduce.u_next.$and$/home/danieltyukov/workspace/personal/tt-ihp-int8-npu/src/npu_csa_reduce.sv:53$1849 ($and).
Removed top 2 bits (of 16) from port A of cell npu_core.$flatten\u_array.\g_row[0].g_col[0].u_pe.\u_mul.\g_bw.g_wallace.u_tree.\genblk1.g_reduce.u_next.$and$/home/danieltyukov/workspace/personal/tt-ihp-int8-npu/src/npu_csa_reduce.sv:53$1848 ($and).
Removed top 1 bits (of 16) from port Y of cell npu_core.$flatten\u_array.\g_row[0].g_col[0].u_pe.\u_mul.\g_bw.g_wallace.u_tree.\genblk1.g_reduce.u_next.$and$/home/danieltyukov/workspace/personal/tt-ihp-int8-npu/src/npu_csa_reduce.sv:53$1848 ($and).
Removed top 1 bits (of 16) from port B of cell npu_core.$flatten\u_array.\g_row[0].g_col[0].u_pe.\u_mul.\g_bw.g_wallace.u_tree.\genblk1.g_reduce.u_next.$and$/home/danieltyukov/workspace/personal/tt-ihp-int8-npu/src/npu_csa_reduce.sv:53$1848 ($and).
Removed top 2 bits (of 16) from port A of cell npu_core.$flatten\u_array.\g_row[0].g_col[0].u_pe.\u_mul.\g_bw.g_wallace.u_tree.\genblk1.g_reduce.u_next.$xor$/home/danieltyukov/workspace/personal/tt-ihp-int8-npu/src/npu_csa_reduce.sv:49$1846 ($xor).
Removed top 1 bits (of 16) from port Y of cell npu_core.$flatten\u_array.\g_row[0].g_col[0].u_pe.\u_mul.\g_bw.g_wallace.u_tree.\genblk1.g_reduce.u_next.$or$/home/danieltyukov/workspace/personal/tt-ihp-int8-npu/src/npu_csa_reduce.sv:53$1845 ($or).
Removed top 1 bits (of 16) from port A of cell npu_core.$flatten\u_array.\g_row[0].g_col[0].u_pe.\u_mul.\g_bw.g_wallace.u_tree.\genblk1.g_reduce.u_next.$or$/home/danieltyukov/workspace/personal/tt-ihp-int8-npu/src/npu_csa_reduce.sv:53$1845 ($or).
Removed top 1 bits (of 16) from port B of cell npu_core.$flatten\u_array.\g_row[0].g_col[0].u_pe.\u_mul.\g_bw.g_wallace.u_tree.\genblk1.g_reduce.u_next.$or$/home/danieltyukov/workspace/personal/tt-ihp-int8-npu/src/npu_csa_reduce.sv:53$1845 ($or).
Removed top 5 bits (of 16) from port A of cell npu_core.$flatten\u_array.\g_row[0].g_col[0].u_pe.\u_mul.\g_bw.g_wallace.u_tree.\genblk1.g_reduce.u_next.$and$/home/danieltyukov/workspace/personal/tt-ihp-int8-npu/src/npu_csa_reduce.sv:53$1844 ($and).
Removed top 3 bits (of 16) from port B of cell npu_core.$flatten\u_array.\g_row[0].g_col[0].u_pe.\u_mul.\g_bw.g_wallace.u_tree.\genblk1.g_reduce.u_next.$and$/home/danieltyukov/workspace/personal/tt-ihp-int8-npu/src/npu_csa_reduce.sv:53$1844 ($and).
Removed top 3 bits (of 16) from port Y of cell npu_core.$flatten\u_array.\g_row[0].g_col[0].u_pe.\u_mul.\g_bw.g_wallace.u_tree.\genblk1.g_reduce.u_next.$and$/home/danieltyukov/workspace/personal/tt-ihp-int8-npu/src/npu_csa_reduce.sv:53$1844 ($and).
Removed top 1 bits (of 16) from port Y of cell npu_core.$flatten\u_array.\g_row[0].g_col[0].u_pe.\u_mul.\g_bw.g_wallace.u_tree.\genblk1.g_reduce.u_next.$or$/home/danieltyukov/workspace/personal/tt-ihp-int8-npu/src/npu_csa_reduce.sv:53$1843 ($or).
Removed top 1 bits (of 16) from port A of cell npu_core.$flatten\u_array.\g_row[0].g_col[0].u_pe.\u_mul.\g_bw.g_wallace.u_tree.\genblk1.g_reduce.u_next.$or$/home/danieltyukov/workspace/personal/tt-ihp-int8-npu/src/npu_csa_reduce.sv:53$1843 ($or).
Removed top 1 bits (of 16) from port B of cell npu_core.$flatten\u_array.\g_row[0].g_col[0].u_pe.\u_mul.\g_bw.g_wallace.u_tree.\genblk1.g_reduce.u_next.$or$/home/danieltyukov/workspace/personal/tt-ihp-int8-npu/src/npu_csa_reduce.sv:53$1843 ($or).
Removed top 3 bits (of 16) from port B of cell npu_core.$flatten\u_array.\g_row[0].g_col[0].u_pe.\u_mul.\g_bw.g_wallace.u_tree.\genblk1.g_reduce.u_next.$and$/home/danieltyukov/workspace/personal/tt-ihp-int8-npu/src/npu_csa_reduce.sv:53$1842 ($and).
Removed top 1 bits (of 16) from port Y of cell npu_core.$flatten\u_array.\g_row[0].g_col[0].u_pe.\u_mul.\g_bw.g_wallace.u_tree.\genblk1.g_reduce.u_next.$and$/home/danieltyukov/workspace/personal/tt-ihp-int8-npu/src/npu_csa_reduce.sv:53$1842 ($and).
Removed top 1 bits (of 16) from port A of cell npu_core.$flatten\u_array.\g_row[0].g_col[0].u_pe.\u_mul.\g_bw.g_wallace.u_tree.\genblk1.g_reduce.u_next.$and$/home/danieltyukov/workspace/personal/tt-ihp-int8-npu/src/npu_csa_reduce.sv:53$1842 ($and).
Removed top 5 bits (of 16) from port B of cell npu_core.$flatten\u_array.\g_row[0].g_col[0].u_pe.\u_mul.\g_bw.g_wallace.u_tree.\genblk1.g_reduce.u_next.$and$/home/danieltyukov/workspace/personal/tt-ihp-int8-npu/src/npu_csa_reduce.sv:53$1841 ($and).
Removed top 1 bits (of 16) from port Y of cell npu_core.$flatten\u_array.\g_row[0].g_col[0].u_pe.\u_mul.\g_bw.g_wallace.u_tree.\genblk1.g_reduce.u_next.$and$/home/danieltyukov/workspace/personal/tt-ihp-int8-npu/src/npu_csa_reduce.sv:53$1841 ($and).
Removed top 1 bits (of 16) from port A of cell npu_core.$flatten\u_array.\g_row[0].g_col[0].u_pe.\u_mul.\g_bw.g_wallace.u_tree.\genblk1.g_reduce.u_next.$and$/home/danieltyukov/workspace/personal/tt-ihp-int8-npu/src/npu_csa_reduce.sv:53$1841 ($and).
Removed top 3 bits (of 16) from port B of cell npu_core.$flatten\u_array.\g_row[0].g_col[0].u_pe.\u_mul.\g_bw.g_wallace.u_tree.\genblk1.g_reduce.u_next.$xor$/home/danieltyukov/workspace/personal/tt-ihp-int8-npu/src/npu_csa_reduce.sv:49$1840 ($xor).
Removed top 1 bits (of 16) from port Y of cell npu_core.$flatten\u_array.\g_row[0].g_col[0].u_pe.\u_mul.\u_cpa.$and$/home/danieltyukov/workspace/personal/tt-ihp-int8-npu/src/npu_adder.sv:60$1736 ($and).
Removed top 1 bits (of 16) from port A of cell npu_core.$flatten\u_array.\g_row[0].g_col[0].u_pe.\u_mul.\u_cpa.$and$/home/danieltyukov/workspace/personal/tt-ihp-int8-npu/src/npu_adder.sv:60$1736 ($and).
Removed top 1 bits (of 16) from port B of cell npu_core.$flatten\u_array.\g_row[0].g_col[0].u_pe.\u_mul.\u_cpa.$and$/home/danieltyukov/workspace/personal/tt-ihp-int8-npu/src/npu_adder.sv:60$1736 ($and).
Removed top 8 bits (of 16) from port A of cell npu_core.$flatten\u_array.\g_row[0].g_col[0].u_pe.\u_mul.\g_bw.g_wallace.u_tree.$xor$/home/danieltyukov/workspace/personal/tt-ihp-int8-npu/src/npu_csa_reduce.sv:49$1713 ($xor).
Removed top 7 bits (of 16) from port B of cell npu_core.$flatten\u_array.\g_row[0].g_col[0].u_pe.\u_mul.\g_bw.g_wallace.u_tree.$xor$/home/danieltyukov/workspace/personal/tt-ihp-int8-npu/src/npu_csa_reduce.sv:49$1713 ($xor).
Removed top 7 bits (of 16) from port Y of cell npu_core.$flatten\u_array.\g_row[0].g_col[0].u_pe.\u_mul.\g_bw.g_wallace.u_tree.$xor$/home/danieltyukov/workspace/personal/tt-ihp-int8-npu/src/npu_csa_reduce.sv:49$1713 ($xor).
Removed top 6 bits (of 16) from port B of cell npu_core.$flatten\u_array.\g_row[3].g_col[1].u_pe.\u_mul.\g_bw.g_wallace.u_tree.$xor$/home/danieltyukov/workspace/personal/tt-ihp-int8-npu/src/npu_csa_reduce.sv:49$1714 ($xor).
Removed top 8 bits (of 16) from port A of cell npu_core.$flatten\u_array.\g_row[3].g_col[1].u_pe.\u_mul.\g_bw.g_wallace.u_tree.$and$/home/danieltyukov/workspace/personal/tt-ihp-int8-npu/src/npu_csa_reduce.sv:53$1715 ($and).
Removed top 7 bits (of 16) from port B of cell npu_core.$flatten\u_array.\g_row[3].g_col[1].u_pe.\u_mul.\g_bw.g_wallace.u_tree.$and$/home/danieltyukov/workspace/personal/tt-ihp-int8-npu/src/npu_csa_reduce.sv:53$1715 ($and).
Removed top 7 bits (of 16) from port Y of cell npu_core.$flatten\u_array.\g_row[3].g_col[1].u_pe.\u_mul.\g_bw.g_wallace.u_tree.$and$/home/danieltyukov/workspace/personal/tt-ihp-int8-npu/src/npu_csa_reduce.sv:53$1715 ($and).
Removed top 8 bits (of 16) from port A of cell npu_core.$flatten\u_array.\g_row[3].g_col[1].u_pe.\u_mul.\g_bw.g_wallace.u_tree.$and$/home/danieltyukov/workspace/personal/tt-ihp-int8-npu/src/npu_csa_reduce.sv:53$1716 ($and).
Removed top 6 bits (of 16) from port B of cell npu_core.$flatten\u_array.\g_row[3].g_col[1].u_pe.\u_mul.\g_bw.g_wallace.u_tree.$and$/home/danieltyukov/workspace/personal/tt-ihp-int8-npu/src/npu_csa_reduce.sv:53$1716 ($and).
Removed top 6 bits (of 16) from port Y of cell npu_core.$flatten\u_array.\g_row[3].g_col[1].u_pe.\u_mul.\g_bw.g_wallace.u_tree.$and$/home/danieltyukov/workspace/personal/tt-ihp-int8-npu/src/npu_csa_reduce.sv:53$1716 ($and).
Removed top 7 bits (of 16) from port A of cell npu_core.$flatten\u_array.\g_row[3].g_col[1].u_pe.\u_mul.\g_bw.g_wallace.u_tree.$or$/home/danieltyukov/workspace/personal/tt-ihp-int8-npu/src/npu_csa_reduce.sv:53$1717 ($or).
Removed top 6 bits (of 16) from port B of cell npu_core.$flatten\u_array.\g_row[3].g_col[1].u_pe.\u_mul.\g_bw.g_wallace.u_tree.$or$/home/danieltyukov/workspace/personal/tt-ihp-int8-npu/src/npu_csa_reduce.sv:53$1717 ($or).
Removed top 6 bits (of 16) from port Y of cell npu_core.$flatten\u_array.\g_row[3].g_col[1].u_pe.\u_mul.\g_bw.g_wallace.u_tree.$or$/home/danieltyukov/workspace/personal/tt-ihp-int8-npu/src/npu_csa_reduce.sv:53$1717 ($or).
Removed top 7 bits (of 16) from port A of cell npu_core.$flatten\u_array.\g_row[3].g_col[1].u_pe.\u_mul.\g_bw.g_wallace.u_tree.$and$/home/danieltyukov/workspace/personal/tt-ihp-int8-npu/src/npu_csa_reduce.sv:53$1718 ($and).
Removed top 6 bits (of 16) from port B of cell npu_core.$flatten\u_array.\g_row[3].g_col[1].u_pe.\u_mul.\g_bw.g_wallace.u_tree.$and$/home/danieltyukov/workspace/personal/tt-ihp-int8-npu/src/npu_csa_reduce.sv:53$1718 ($and).
Removed top 6 bits (of 16) from port Y of cell npu_core.$flatten\u_array.\g_row[3].g_col[1].u_pe.\u_mul.\g_bw.g_wallace.u_tree.$and$/home/danieltyukov/workspace/personal/tt-ihp-int8-npu/src/npu_csa_reduce.sv:53$1718 ($and).
Removed top 6 bits (of 16) from port A of cell npu_core.$flatten\u_array.\g_row[3].g_col[1].u_pe.\u_mul.\g_bw.g_wallace.u_tree.$or$/home/danieltyukov/workspace/personal/tt-ihp-int8-npu/src/npu_csa_reduce.sv:53$1719 ($or).
Removed top 6 bits (of 16) from port B of cell npu_core.$flatten\u_array.\g_row[3].g_col[1].u_pe.\u_mul.\g_bw.g_wallace.u_tree.$or$/home/danieltyukov/workspace/personal/tt-ihp-int8-npu/src/npu_csa_reduce.sv:53$1719 ($or).
Removed top 6 bits (of 16) from port Y of cell npu_core.$flatten\u_array.\g_row[3].g_col[1].u_pe.\u_mul.\g_bw.g_wallace.u_tree.$or$/home/danieltyukov/workspace/personal/tt-ihp-int8-npu/src/npu_csa_reduce.sv:53$1719 ($or).
Removed top 5 bits (of 16) from port A of cell npu_core.$flatten\u_array.\g_row[3].g_col[1].u_pe.\u_mul.\g_bw.g_wallace.u_tree.$xor$/home/danieltyukov/workspace/personal/tt-ihp-int8-npu/src/npu_csa_reduce.sv:49$1720 ($xor).
Removed top 4 bits (of 16) from port B of cell npu_core.$flatten\u_array.\g_row[3].g_col[1].u_pe.\u_mul.\g_bw.g_wallace.u_tree.$xor$/home/danieltyukov/workspace/personal/tt-ihp-int8-npu/src/npu_csa_reduce.sv:49$1720 ($xor).
Removed top 4 bits (of 16) from port Y of cell npu_core.$flatten\u_array.\g_row[3].g_col[1].u_pe.\u_mul.\g_bw.g_wallace.u_tree.$xor$/home/danieltyukov/workspace/personal/tt-ihp-int8-npu/src/npu_csa_reduce.sv:49$1720 ($xor).
Removed top 4 bits (of 16) from port A of cell npu_core.$flatten\u_array.\g_row[3].g_col[1].u_pe.\u_mul.\g_bw.g_wallace.u_tree.$xor$/home/danieltyukov/workspace/personal/tt-ihp-int8-npu/src/npu_csa_reduce.sv:49$1721 ($xor).
Removed top 3 bits (of 16) from port B of cell npu_core.$flatten\u_array.\g_row[3].g_col[1].u_pe.\u_mul.\g_bw.g_wallace.u_tree.$xor$/home/danieltyukov/workspace/personal/tt-ihp-int8-npu/src/npu_csa_reduce.sv:49$1721 ($xor).
Removed top 3 bits (of 16) from port Y of cell npu_core.$flatten\u_array.\g_row[3].g_col[1].u_pe.\u_mul.\g_bw.g_wallace.u_tree.$xor$/home/danieltyukov/workspace/personal/tt-ihp-int8-npu/src/npu_csa_reduce.sv:49$1721 ($xor).
Removed top 5 bits (of 16) from port A of cell npu_core.$flatten\u_array.\g_row[3].g_col[1].u_pe.\u_mul.\g_bw.g_wallace.u_tree.$and$/home/danieltyukov/workspace/personal/tt-ihp-int8-npu/src/npu_csa_reduce.sv:53$1722 ($and).
Removed top 4 bits (of 16) from port B of cell npu_core.$flatten\u_array.\g_row[3].g_col[1].u_pe.\u_mul.\g_bw.g_wallace.u_tree.$and$/home/danieltyukov/workspace/personal/tt-ihp-int8-npu/src/npu_csa_reduce.sv:53$1722 ($and).
Removed top 4 bits (of 16) from port Y of cell npu_core.$flatten\u_array.\g_row[3].g_col[1].u_pe.\u_mul.\g_bw.g_wallace.u_tree.$and$/home/danieltyukov/workspace/personal/tt-ihp-int8-npu/src/npu_csa_reduce.sv:53$1722 ($and).
Removed top 5 bits (of 16) from port A of cell npu_core.$flatten\u_array.\g_row[3].g_col[1].u_pe.\u_mul.\g_bw.g_wallace.u_tree.$and$/home/danieltyukov/workspace/personal/tt-ihp-int8-npu/src/npu_csa_reduce.sv:53$1723 ($and).
Removed top 3 bits (of 16) from port B of cell npu_core.$flatten\u_array.\g_row[3].g_col[1].u_pe.\u_mul.\g_bw.g_wallace.u_tree.$and$/home/danieltyukov/workspace/personal/tt-ihp-int8-npu/src/npu_csa_reduce.sv:53$1723 ($and).
Removed top 3 bits (of 16) from port Y of cell npu_core.$flatten\u_array.\g_row[3].g_col[1].u_pe.\u_mul.\g_bw.g_wallace.u_tree.$and$/home/danieltyukov/workspace/personal/tt-ihp-int8-npu/src/npu_csa_reduce.sv:53$1723 ($and).
Removed top 4 bits (of 16) from port A of cell npu_core.$flatten\u_array.\g_row[3].g_col[1].u_pe.\u_mul.\g_bw.g_wallace.u_tree.$or$/home/danieltyukov/workspace/personal/tt-ihp-int8-npu/src/npu_csa_reduce.sv:53$1724 ($or).
Removed top 3 bits (of 16) from port B of cell npu_core.$flatten\u_array.\g_row[3].g_col[1].u_pe.\u_mul.\g_bw.g_wallace.u_tree.$or$/home/danieltyukov/workspace/personal/tt-ihp-int8-npu/src/npu_csa_reduce.sv:53$1724 ($or).
Removed top 3 bits (of 16) from port Y of cell npu_core.$flatten\u_array.\g_row[3].g_col[1].u_pe.\u_mul.\g_bw.g_wallace.u_tree.$or$/home/danieltyukov/workspace/personal/tt-ihp-int8-npu/src/npu_csa_reduce.sv:53$1724 ($or).
Removed top 4 bits (of 16) from port A of cell npu_core.$flatten\u_array.\g_row[3].g_col[1].u_pe.\u_mul.\g_bw.g_wallace.u_tree.$and$/home/danieltyukov/workspace/personal/tt-ihp-int8-npu/src/npu_csa_reduce.sv:53$1725 ($and).
Removed top 3 bits (of 16) from port B of cell npu_core.$flatten\u_array.\g_row[3].g_col[1].u_pe.\u_mul.\g_bw.g_wallace.u_tree.$and$/home/danieltyukov/workspace/personal/tt-ihp-int8-npu/src/npu_csa_reduce.sv:53$1725 ($and).
Removed top 3 bits (of 16) from port Y of cell npu_core.$flatten\u_array.\g_row[3].g_col[1].u_pe.\u_mul.\g_bw.g_wallace.u_tree.$and$/home/danieltyukov/workspace/personal/tt-ihp-int8-npu/src/npu_csa_reduce.sv:53$1725 ($and).
Removed top 3 bits (of 16) from port A of cell npu_core.$flatten\u_array.\g_row[3].g_col[1].u_pe.\u_mul.\g_bw.g_wallace.u_tree.$or$/home/danieltyukov/workspace/personal/tt-ihp-int8-npu/src/npu_csa_reduce.sv:53$1726 ($or).
Removed top 3 bits (of 16) from port B of cell npu_core.$flatten\u_array.\g_row[3].g_col[1].u_pe.\u_mul.\g_bw.g_wallace.u_tree.$or$/home/danieltyukov/workspace/personal/tt-ihp-int8-npu/src/npu_csa_reduce.sv:53$1726 ($or).
Removed top 3 bits (of 16) from port Y of cell npu_core.$flatten\u_array.\g_row[3].g_col[1].u_pe.\u_mul.\g_bw.g_wallace.u_tree.$or$/home/danieltyukov/workspace/personal/tt-ihp-int8-npu/src/npu_csa_reduce.sv:53$1726 ($or).
Removed top 2 bits (of 16) from port A of cell npu_core.$flatten\u_array.\g_row[3].g_col[1].u_pe.\u_mul.\g_bw.g_wallace.u_tree.$xor$/home/danieltyukov/workspace/personal/tt-ihp-int8-npu/src/npu_csa_reduce.sv:49$1727 ($xor).
Removed top 1 bits (of 16) from port B of cell npu_core.$flatten\u_array.\g_row[3].g_col[1].u_pe.\u_mul.\g_bw.g_wallace.u_tree.$xor$/home/danieltyukov/workspace/personal/tt-ihp-int8-npu/src/npu_csa_reduce.sv:49$1727 ($xor).
Removed top 1 bits (of 16) from port Y of cell npu_core.$flatten\u_array.\g_row[3].g_col[1].u_pe.\u_mul.\g_bw.g_wallace.u_tree.$xor$/home/danieltyukov/workspace/personal/tt-ihp-int8-npu/src/npu_csa_reduce.sv:49$1727 ($xor).
Removed top 2 bits (of 16) from port A of cell npu_core.$flatten\u_array.\g_row[3].g_col[1].u_pe.\u_mul.\g_bw.g_wallace.u_tree.$and$/home/danieltyukov/workspace/personal/tt-ihp-int8-npu/src/npu_csa_reduce.sv:53$1729 ($and).
Removed top 1 bits (of 16) from port B of cell npu_core.$flatten\u_array.\g_row[3].g_col[1].u_pe.\u_mul.\g_bw.g_wallace.u_tree.$and$/home/danieltyukov/workspace/personal/tt-ihp-int8-npu/src/npu_csa_reduce.sv:53$1729 ($and).
Removed top 1 bits (of 16) from port Y of cell npu_core.$flatten\u_array.\g_row[3].g_col[1].u_pe.\u_mul.\g_bw.g_wallace.u_tree.$and$/home/danieltyukov/workspace/personal/tt-ihp-int8-npu/src/npu_csa_reduce.sv:53$1729 ($and).
Removed top 1 bits (of 16) from port A of cell npu_core.$flatten\u_array.\g_row[3].g_col[1].u_pe.\u_mul.\g_bw.g_wallace.u_tree.$or$/home/danieltyukov/workspace/personal/tt-ihp-int8-npu/src/npu_csa_reduce.sv:53$1731 ($or).
Removed top 7 bits (of 16) from port B of cell npu_core.$flatten\u_array.\g_row[3].g_col[1].u_pe.\u_mul.\g_bw.g_wallace.u_tree.$or$/home/danieltyukov/workspace/personal/tt-ihp-int8-npu/src/npu_csa_reduce.sv:53$1731 ($or).
Removed top 1 bits (of 16) from port Y of cell npu_core.$flatten\u_array.\g_row[3].g_col[1].u_pe.\u_mul.\g_bw.g_wallace.u_tree.$or$/home/danieltyukov/workspace/personal/tt-ihp-int8-npu/src/npu_csa_reduce.sv:53$1731 ($or).
Removed top 1 bits (of 2) from port A of cell npu_core.$auto$opt_expr.cc:706:replace_const_cells$2757 ($not).
Removed top 1 bits (of 16) from port A of cell npu_core.$flatten\u_array.\g_row[3].g_col[1].u_pe.\u_mul.\g_bw.g_wallace.u_tree.$or$/home/danieltyukov/workspace/personal/tt-ihp-int8-npu/src/npu_csa_reduce.sv:53$1733 ($or).
Removed top 7 bits (of 16) from port B of cell npu_core.$flatten\u_array.\g_row[3].g_col[1].u_pe.\u_mul.\g_bw.g_wallace.u_tree.$or$/home/danieltyukov/workspace/personal/tt-ihp-int8-npu/src/npu_csa_reduce.sv:53$1733 ($or).
Removed top 1 bits (of 16) from port Y of cell npu_core.$flatten\u_array.\g_row[3].g_col[1].u_pe.\u_mul.\g_bw.g_wallace.u_tree.$or$/home/danieltyukov/workspace/personal/tt-ihp-int8-npu/src/npu_csa_reduce.sv:53$1733 ($or).
Removed top 5 bits (of 16) from port B of cell npu_core.$flatten\u_array.\g_row[3].g_col[1].u_pe.\u_mul.\g_bw.g_wallace.u_tree.\genblk1.g_reduce.u_next.$xor$/home/danieltyukov/workspace/personal/tt-ihp-int8-npu/src/npu_csa_reduce.sv:49$1839 ($xor).
Removed top 1 bits (of 16) from port Y of cell npu_core.$flatten\u_array.\g_row[3].g_col[1].u_pe.\u_mul.\g_bw.g_wallace.u_tree.\genblk1.g_reduce.u_next.\genblk1.g_reduce.u_next.$or$/home/danieltyukov/workspace/personal/tt-ihp-int8-npu/src/npu_csa_reduce.sv:53$1860 ($or).
Removed top 1 bits (of 16) from port A of cell npu_core.$flatten\u_array.\g_row[3].g_col[1].u_pe.\u_mul.\g_bw.g_wallace.u_tree.\genblk1.g_reduce.u_next.\genblk1.g_reduce.u_next.$or$/home/danieltyukov/workspace/personal/tt-ihp-int8-npu/src/npu_csa_reduce.sv:53$1860 ($or).
Removed top 1 bits (of 16) from port B of cell npu_core.$flatten\u_array.\g_row[3].g_col[1].u_pe.\u_mul.\g_bw.g_wallace.u_tree.\genblk1.g_reduce.u_next.\genblk1.g_reduce.u_next.$or$/home/danieltyukov/workspace/personal/tt-ihp-int8-npu/src/npu_csa_reduce.sv:53$1860 ($or).
Removed top 1 bits (of 16) from port Y of cell npu_core.$flatten\u_array.\g_row[3].g_col[1].u_pe.\u_mul.\g_bw.g_wallace.u_tree.\genblk1.g_reduce.u_next.\genblk1.g_reduce.u_next.\genblk1.g_reduce.u_next.$or$/home/danieltyukov/workspace/personal/tt-ihp-int8-npu/src/npu_csa_reduce.sv:53$1711 ($or).
Removed top 1 bits (of 16) from port A of cell npu_core.$flatten\u_array.\g_row[3].g_col[1].u_pe.\u_mul.\g_bw.g_wallace.u_tree.\genblk1.g_reduce.u_next.\genblk1.g_reduce.u_next.\genblk1.g_reduce.u_next.$or$/home/danieltyukov/workspace/personal/tt-ihp-int8-npu/src/npu_csa_reduce.sv:53$1711 ($or).
Removed top 1 bits (of 16) from port B of cell npu_core.$flatten\u_array.\g_row[3].g_col[1].u_pe.\u_mul.\g_bw.g_wallace.u_tree.\genblk1.g_reduce.u_next.\genblk1.g_reduce.u_next.\genblk1.g_reduce.u_next.$or$/home/danieltyukov/workspace/personal/tt-ihp-int8-npu/src/npu_csa_reduce.sv:53$1711 ($or).
Removed top 1 bits (of 16) from port Y of cell npu_core.$flatten\u_array.\g_row[3].g_col[1].u_pe.\u_mul.\g_bw.g_wallace.u_tree.\genblk1.g_reduce.u_next.\genblk1.g_reduce.u_next.\genblk1.g_reduce.u_next.$and$/home/danieltyukov/workspace/personal/tt-ihp-int8-npu/src/npu_csa_reduce.sv:53$1710 ($and).
Removed top 1 bits (of 16) from port A of cell npu_core.$flatten\u_array.\g_row[3].g_col[1].u_pe.\u_mul.\g_bw.g_wallace.u_tree.\genblk1.g_reduce.u_next.\genblk1.g_reduce.u_next.\genblk1.g_reduce.u_next.$and$/home/danieltyukov/workspace/personal/tt-ihp-int8-npu/src/npu_csa_reduce.sv:53$1710 ($and).
Removed top 1 bits (of 16) from port B of cell npu_core.$flatten\u_array.\g_row[3].g_col[1].u_pe.\u_mul.\g_bw.g_wallace.u_tree.\genblk1.g_reduce.u_next.\genblk1.g_reduce.u_next.\genblk1.g_reduce.u_next.$and$/home/danieltyukov/workspace/personal/tt-ihp-int8-npu/src/npu_csa_reduce.sv:53$1710 ($and).
Removed top 1 bits (of 16) from port Y of cell npu_core.$flatten\u_array.\g_row[3].g_col[1].u_pe.\u_mul.\g_bw.g_wallace.u_tree.\genblk1.g_reduce.u_next.\genblk1.g_reduce.u_next.\genblk1.g_reduce.u_next.$or$/home/danieltyukov/workspace/personal/tt-ihp-int8-npu/src/npu_csa_reduce.sv:53$1709 ($or).
Removed top 1 bits (of 16) from port A of cell npu_core.$flatten\u_array.\g_row[3].g_col[1].u_pe.\u_mul.\g_bw.g_wallace.u_tree.\genblk1.g_reduce.u_next.\genblk1.g_reduce.u_next.\genblk1.g_reduce.u_next.$or$/home/danieltyukov/workspace/personal/tt-ihp-int8-npu/src/npu_csa_reduce.sv:53$1709 ($or).
Removed top 1 bits (of 16) from port B of cell npu_core.$flatten\u_array.\g_row[3].g_col[1].u_pe.\u_mul.\g_bw.g_wallace.u_tree.\genblk1.g_reduce.u_next.\genblk1.g_reduce.u_next.\genblk1.g_reduce.u_next.$or$/home/danieltyukov/workspace/personal/tt-ihp-int8-npu/src/npu_csa_reduce.sv:53$1709 ($or).
Removed top 1 bits (of 16) from port Y of cell npu_core.$flatten\u_array.\g_row[3].g_col[1].u_pe.\u_mul.\g_bw.g_wallace.u_tree.\genblk1.g_reduce.u_next.\genblk1.g_reduce.u_next.\genblk1.g_reduce.u_next.$and$/home/danieltyukov/workspace/personal/tt-ihp-int8-npu/src/npu_csa_reduce.sv:53$1708 ($and).
Removed top 1 bits (of 16) from port A of cell npu_core.$flatten\u_array.\g_row[3].g_col[1].u_pe.\u_mul.\g_bw.g_wallace.u_tree.\genblk1.g_reduce.u_next.\genblk1.g_reduce.u_next.\genblk1.g_reduce.u_next.$and$/home/danieltyukov/workspace/personal/tt-ihp-int8-npu/src/npu_csa_reduce.sv:53$1708 ($and).
Removed top 1 bits (of 16) from port B of cell npu_core.$flatten\u_array.\g_row[3].g_col[1].u_pe.\u_mul.\g_bw.g_wallace.u_tree.\genblk1.g_reduce.u_next.\genblk1.g_reduce.u_next.\genblk1.g_reduce.u_next.$and$/home/danieltyukov/workspace/personal/tt-ihp-int8-npu/src/npu_csa_reduce.sv:53$1708 ($and).
Removed top 1 bits (of 16) from port Y of cell npu_core.$flatten\u_array.\g_row[3].g_col[1].u_pe.\u_mul.\g_bw.g_wallace.u_tree.\genblk1.g_reduce.u_next.\genblk1.g_reduce.u_next.\genblk1.g_reduce.u_next.$and$/home/danieltyukov/workspace/personal/tt-ihp-int8-npu/src/npu_csa_reduce.sv:53$1707 ($and).
Removed top 1 bits (of 16) from port A of cell npu_core.$flatten\u_array.\g_row[3].g_col[1].u_pe.\u_mul.\g_bw.g_wallace.u_tree.\genblk1.g_reduce.u_next.\genblk1.g_reduce.u_next.\genblk1.g_reduce.u_next.$and$/home/danieltyukov/workspace/personal/tt-ihp-int8-npu/src/npu_csa_reduce.sv:53$1707 ($and).
Removed top 1 bits (of 16) from port B of cell npu_core.$flatten\u_array.\g_row[3].g_col[1].u_pe.\u_mul.\g_bw.g_wallace.u_tree.\genblk1.g_reduce.u_next.\genblk1.g_reduce.u_next.\genblk1.g_reduce.u_next.$and$/home/danieltyukov/workspace/personal/tt-ihp-int8-npu/src/npu_csa_reduce.sv:53$1707 ($and).
Removed top 1 bits (of 16) from port Y of cell npu_core.$flatten\u_array.\g_row[3].g_col[1].u_pe.\u_mul.\g_bw.g_wallace.u_tree.\genblk1.g_reduce.u_next.$or$/home/danieltyukov/workspace/personal/tt-ihp-int8-npu/src/npu_csa_reduce.sv:53$1852 ($or).
Removed top 1 bits (of 16) from port A of cell npu_core.$flatten\u_array.\g_row[3].g_col[1].u_pe.\u_mul.\g_bw.g_wallace.u_tree.\genblk1.g_reduce.u_next.$or$/home/danieltyukov/workspace/personal/tt-ihp-int8-npu/src/npu_csa_reduce.sv:53$1852 ($or).
Removed top 1 bits (of 16) from port B of cell npu_core.$flatten\u_array.\g_row[3].g_col[1].u_pe.\u_mul.\g_bw.g_wallace.u_tree.\genblk1.g_reduce.u_next.$or$/home/danieltyukov/workspace/personal/tt-ihp-int8-npu/src/npu_csa_reduce.sv:53$1852 ($or).
Removed top 1 bits (of 16) from port Y of cell npu_core.$flatten\u_array.\g_row[3].g_col[1].u_pe.\u_mul.\g_bw.g_wallace.u_tree.\genblk1.g_reduce.u_next.$and$/home/danieltyukov/workspace/personal/tt-ihp-int8-npu/src/npu_csa_reduce.sv:53$1851 ($and).
Removed top 1 bits (of 16) from port A of cell npu_core.$flatten\u_array.\g_row[3].g_col[1].u_pe.\u_mul.\g_bw.g_wallace.u_tree.\genblk1.g_reduce.u_next.$and$/home/danieltyukov/workspace/personal/tt-ihp-int8-npu/src/npu_csa_reduce.sv:53$1851 ($and).
Removed top 1 bits (of 16) from port B of cell npu_core.$flatten\u_array.\g_row[3].g_col[1].u_pe.\u_mul.\g_bw.g_wallace.u_tree.\genblk1.g_reduce.u_next.$and$/home/danieltyukov/workspace/personal/tt-ihp-int8-npu/src/npu_csa_reduce.sv:53$1851 ($and).
Removed top 1 bits (of 16) from port Y of cell npu_core.$flatten\u_array.\g_row[3].g_col[1].u_pe.\u_mul.\g_bw.g_wallace.u_tree.\genblk1.g_reduce.u_next.$or$/home/danieltyukov/workspace/personal/tt-ihp-int8-npu/src/npu_csa_reduce.sv:53$1850 ($or).
Removed top 1 bits (of 16) from port A of cell npu_core.$flatten\u_array.\g_row[3].g_col[1].u_pe.\u_mul.\g_bw.g_wallace.u_tree.\genblk1.g_reduce.u_next.$or$/home/danieltyukov/workspace/personal/tt-ihp-int8-npu/src/npu_csa_reduce.sv:53$1850 ($or).
Removed top 1 bits (of 16) from port B of cell npu_core.$flatten\u_array.\g_row[3].g_col[1].u_pe.\u_mul.\g_bw.g_wallace.u_tree.\genblk1.g_reduce.u_next.$or$/home/danieltyukov/workspace/personal/tt-ihp-int8-npu/src/npu_csa_reduce.sv:53$1850 ($or).
Removed top 2 bits (of 16) from port A of cell npu_core.$flatten\u_array.\g_row[3].g_col[1].u_pe.\u_mul.\g_bw.g_wallace.u_tree.\genblk1.g_reduce.u_next.$and$/home/danieltyukov/workspace/personal/tt-ihp-int8-npu/src/npu_csa_reduce.sv:53$1849 ($and).
Removed top 1 bits (of 16) from port Y of cell npu_core.$flatten\u_array.\g_row[3].g_col[1].u_pe.\u_mul.\g_bw.g_wallace.u_tree.\genblk1.g_reduce.u_next.$and$/home/danieltyukov/workspace/personal/tt-ihp-int8-npu/src/npu_csa_reduce.sv:53$1849 ($and).
Removed top 1 bits (of 16) from port B of cell npu_core.$flatten\u_array.\g_row[3].g_col[1].u_pe.\u_mul.\g_bw.g_wallace.u_tree.\genblk1.g_reduce.u_next.$and$/home/danieltyukov/workspace/personal/tt-ihp-int8-npu/src/npu_csa_reduce.sv:53$1849 ($and).
Removed top 2 bits (of 16) from port A of cell npu_core.$flatten\u_array.\g_row[3].g_col[1].u_pe.\u_mul.\g_bw.g_wallace.u_tree.\genblk1.g_reduce.u_next.$and$/home/danieltyukov/workspace/personal/tt-ihp-int8-npu/src/npu_csa_reduce.sv:53$1848 ($and).
Removed top 1 bits (of 16) from port Y of cell npu_core.$flatten\u_array.\g_row[3].g_col[1].u_pe.\u_mul.\g_bw.g_wallace.u_tree.\genblk1.g_reduce.u_next.$and$/home/danieltyukov/workspace/personal/tt-ihp-int8-npu/src/npu_csa_reduce.sv:53$1848 ($and).
Removed top 1 bits (of 16) from port B of cell npu_core.$flatten\u_array.\g_row[3].g_col[1].u_pe.\u_mul.\g_bw.g_wallace.u_tree.\genblk1.g_reduce.u_next.$and$/home/danieltyukov/workspace/personal/tt-ihp-int8-npu/src/npu_csa_reduce.sv:53$1848 ($and).
Removed top 2 bits (of 16) from port A of cell npu_core.$flatten\u_array.\g_row[3].g_col[1].u_pe.\u_mul.\g_bw.g_wallace.u_tree.\genblk1.g_reduce.u_next.$xor$/home/danieltyukov/workspace/personal/tt-ihp-int8-npu/src/npu_csa_reduce.sv:49$1846 ($xor).
Removed top 1 bits (of 16) from port Y of cell npu_core.$flatten\u_array.\g_row[3].g_col[1].u_pe.\u_mul.\g_bw.g_wallace.u_tree.\genblk1.g_reduce.u_next.$or$/home/danieltyukov/workspace/personal/tt-ihp-int8-npu/src/npu_csa_reduce.sv:53$1845 ($or).
Removed top 1 bits (of 16) from port A of cell npu_core.$flatten\u_array.\g_row[3].g_col[1].u_pe.\u_mul.\g_bw.g_wallace.u_tree.\genblk1.g_reduce.u_next.$or$/home/danieltyukov/workspace/personal/tt-ihp-int8-npu/src/npu_csa_reduce.sv:53$1845 ($or).
Removed top 1 bits (of 16) from port B of cell npu_core.$flatten\u_array.\g_row[3].g_col[1].u_pe.\u_mul.\g_bw.g_wallace.u_tree.\genblk1.g_reduce.u_next.$or$/home/danieltyukov/workspace/personal/tt-ihp-int8-npu/src/npu_csa_reduce.sv:53$1845 ($or).
Removed top 5 bits (of 16) from port A of cell npu_core.$flatten\u_array.\g_row[3].g_col[1].u_pe.\u_mul.\g_bw.g_wallace.u_tree.\genblk1.g_reduce.u_next.$and$/home/danieltyukov/workspace/personal/tt-ihp-int8-npu/src/npu_csa_reduce.sv:53$1844 ($and).
Removed top 3 bits (of 16) from port B of cell npu_core.$flatten\u_array.\g_row[3].g_col[1].u_pe.\u_mul.\g_bw.g_wallace.u_tree.\genblk1.g_reduce.u_next.$and$/home/danieltyukov/workspace/personal/tt-ihp-int8-npu/src/npu_csa_reduce.sv:53$1844 ($and).
Removed top 3 bits (of 16) from port Y of cell npu_core.$flatten\u_array.\g_row[3].g_col[1].u_pe.\u_mul.\g_bw.g_wallace.u_tree.\genblk1.g_reduce.u_next.$and$/home/danieltyukov/workspace/personal/tt-ihp-int8-npu/src/npu_csa_reduce.sv:53$1844 ($and).
Removed top 1 bits (of 16) from port Y of cell npu_core.$flatten\u_array.\g_row[3].g_col[1].u_pe.\u_mul.\g_bw.g_wallace.u_tree.\genblk1.g_reduce.u_next.$or$/home/danieltyukov/workspace/personal/tt-ihp-int8-npu/src/npu_csa_reduce.sv:53$1843 ($or).
Removed top 1 bits (of 16) from port A of cell npu_core.$flatten\u_array.\g_row[3].g_col[1].u_pe.\u_mul.\g_bw.g_wallace.u_tree.\genblk1.g_reduce.u_next.$or$/home/danieltyukov/workspace/personal/tt-ihp-int8-npu/src/npu_csa_reduce.sv:53$1843 ($or).
Removed top 1 bits (of 16) from port B of cell npu_core.$flatten\u_array.\g_row[3].g_col[1].u_pe.\u_mul.\g_bw.g_wallace.u_tree.\genblk1.g_reduce.u_next.$or$/home/danieltyukov/workspace/personal/tt-ihp-int8-npu/src/npu_csa_reduce.sv:53$1843 ($or).
Removed top 3 bits (of 16) from port B of cell npu_core.$flatten\u_array.\g_row[3].g_col[1].u_pe.\u_mul.\g_bw.g_wallace.u_tree.\genblk1.g_reduce.u_next.$and$/home/danieltyukov/workspace/personal/tt-ihp-int8-npu/src/npu_csa_reduce.sv:53$1842 ($and).
Removed top 1 bits (of 16) from port Y of cell npu_core.$flatten\u_array.\g_row[3].g_col[1].u_pe.\u_mul.\g_bw.g_wallace.u_tree.\genblk1.g_reduce.u_next.$and$/home/danieltyukov/workspace/personal/tt-ihp-int8-npu/src/npu_csa_reduce.sv:53$1842 ($and).
Removed top 1 bits (of 16) from port A of cell npu_core.$flatten\u_array.\g_row[3].g_col[1].u_pe.\u_mul.\g_bw.g_wallace.u_tree.\genblk1.g_reduce.u_next.$and$/home/danieltyukov/workspace/personal/tt-ihp-int8-npu/src/npu_csa_reduce.sv:53$1842 ($and).
Removed top 5 bits (of 16) from port B of cell npu_core.$flatten\u_array.\g_row[3].g_col[1].u_pe.\u_mul.\g_bw.g_wallace.u_tree.\genblk1.g_reduce.u_next.$and$/home/danieltyukov/workspace/personal/tt-ihp-int8-npu/src/npu_csa_reduce.sv:53$1841 ($and).
Removed top 1 bits (of 16) from port Y of cell npu_core.$flatten\u_array.\g_row[3].g_col[1].u_pe.\u_mul.\g_bw.g_wallace.u_tree.\genblk1.g_reduce.u_next.$and$/home/danieltyukov/workspace/personal/tt-ihp-int8-npu/src/npu_csa_reduce.sv:53$1841 ($and).
Removed top 1 bits (of 16) from port A of cell npu_core.$flatten\u_array.\g_row[3].g_col[1].u_pe.\u_mul.\g_bw.g_wallace.u_tree.\genblk1.g_reduce.u_next.$and$/home/danieltyukov/workspace/personal/tt-ihp-int8-npu/src/npu_csa_reduce.sv:53$1841 ($and).
Removed top 3 bits (of 16) from port B of cell npu_core.$flatten\u_array.\g_row[3].g_col[1].u_pe.\u_mul.\g_bw.g_wallace.u_tree.\genblk1.g_reduce.u_next.$xor$/home/danieltyukov/workspace/personal/tt-ihp-int8-npu/src/npu_csa_reduce.sv:49$1840 ($xor).
Removed top 1 bits (of 16) from port Y of cell npu_core.$flatten\u_array.\g_row[3].g_col[1].u_pe.\u_mul.\u_cpa.$and$/home/danieltyukov/workspace/personal/tt-ihp-int8-npu/src/npu_adder.sv:60$1736 ($and).
Removed top 1 bits (of 16) from port A of cell npu_core.$flatten\u_array.\g_row[3].g_col[1].u_pe.\u_mul.\u_cpa.$and$/home/danieltyukov/workspace/personal/tt-ihp-int8-npu/src/npu_adder.sv:60$1736 ($and).
Removed top 1 bits (of 16) from port B of cell npu_core.$flatten\u_array.\g_row[3].g_col[1].u_pe.\u_mul.\u_cpa.$and$/home/danieltyukov/workspace/personal/tt-ihp-int8-npu/src/npu_adder.sv:60$1736 ($and).
Removed top 8 bits (of 16) from port A of cell npu_core.$flatten\u_array.\g_row[3].g_col[1].u_pe.\u_mul.\g_bw.g_wallace.u_tree.$xor$/home/danieltyukov/workspace/personal/tt-ihp-int8-npu/src/npu_csa_reduce.sv:49$1713 ($xor).
Removed top 7 bits (of 16) from port B of cell npu_core.$flatten\u_array.\g_row[3].g_col[1].u_pe.\u_mul.\g_bw.g_wallace.u_tree.$xor$/home/danieltyukov/workspace/personal/tt-ihp-int8-npu/src/npu_csa_reduce.sv:49$1713 ($xor).
Removed top 7 bits (of 16) from port Y of cell npu_core.$flatten\u_array.\g_row[3].g_col[1].u_pe.\u_mul.\g_bw.g_wallace.u_tree.$xor$/home/danieltyukov/workspace/personal/tt-ihp-int8-npu/src/npu_csa_reduce.sv:49$1713 ($xor).
Removed top 1 bits (of 19) from port Y of cell npu_core.$flatten\u_array.\g_row[3].g_col[1].u_pe.\u_add.$and$/home/danieltyukov/workspace/personal/tt-ihp-int8-npu/src/npu_adder.sv:60$1580 ($and).
Removed top 1 bits (of 19) from port A of cell npu_core.$flatten\u_array.\g_row[3].g_col[1].u_pe.\u_add.$and$/home/danieltyukov/workspace/personal/tt-ihp-int8-npu/src/npu_adder.sv:60$1580 ($and).
Removed top 1 bits (of 19) from port B of cell npu_core.$flatten\u_array.\g_row[3].g_col[1].u_pe.\u_add.$and$/home/danieltyukov/workspace/personal/tt-ihp-int8-npu/src/npu_adder.sv:60$1580 ($and).
Removed top 1 bits (of 3) from port B of cell npu_core.$auto$opt_dff.cc:195:make_patterns_logic$2884 ($ne).
Removed top 1 bits (of 4) from port B of cell npu_core.$auto$opt_dff.cc:195:make_patterns_logic$2882 ($ne).
Removed top 1 bits (of 4) from port B of cell npu_core.$flatten\u_host.$procmux$2022_CMP0 ($eq).
Removed top 1 bits (of 2) from port B of cell npu_core.$auto$opt_dff.cc:195:make_patterns_logic$2980 ($ne).
Removed top 3 bits (of 4) from port B of cell npu_core.$flatten\u_host.$procmux$1875_CMP0 ($eq).
Removed top 2 bits (of 4) from port B of cell npu_core.$flatten\u_host.$procmux$1874_CMP0 ($eq).
Removed top 2 bits (of 4) from port B of cell npu_core.$flatten\u_host.$procmux$1873_CMP0 ($eq).
Removed top 1 bits (of 4) from port B of cell npu_core.$flatten\u_host.$procmux$1872_CMP0 ($eq).
Removed top 1 bits (of 4) from port B of cell npu_core.$flatten\u_host.$procmux$1871_CMP0 ($eq).
Removed top 1 bits (of 4) from port B of cell npu_core.$flatten\u_host.$procmux$1870_CMP0 ($eq).
Removed top 3 bits (of 8) from mux cell npu_core.$flatten\u_host.$procmux$1868 ($pmux).
Removed top 5 bits (of 6) from port B of cell npu_core.$flatten\u_host.$add$/home/danieltyukov/workspace/personal/tt-ihp-int8-npu/src/npu_host_if.sv:215$1032 ($add).
Removed top 7 bits (of 8) from port B of cell npu_core.$flatten\u_host.$add$/home/danieltyukov/workspace/personal/tt-ihp-int8-npu/src/npu_host_if.sv:197$1031 ($add).
Removed top 7 bits (of 16) from port A of cell npu_core.$flatten\u_array.\g_row[3].g_col[0].u_pe.\u_mul.\g_bw.g_wallace.u_tree.$xor$/home/danieltyukov/workspace/personal/tt-ihp-int8-npu/src/npu_csa_reduce.sv:49$1714 ($xor).
Removed top 6 bits (of 16) from port Y of cell npu_core.$flatten\u_array.\g_row[3].g_col[0].u_pe.\u_mul.\g_bw.g_wallace.u_tree.$xor$/home/danieltyukov/workspace/personal/tt-ihp-int8-npu/src/npu_csa_reduce.sv:49$1714 ($xor).
Removed top 6 bits (of 16) from port A of cell npu_core.$flatten\u_array.\g_row[3].g_col[0].u_pe.\u_mul.\g_bw.g_wallace.u_tree.\genblk1.g_reduce.u_next.$xor$/home/danieltyukov/workspace/personal/tt-ihp-int8-npu/src/npu_csa_reduce.sv:49$1839 ($xor).
Removed top 5 bits (of 16) from port Y of cell npu_core.$flatten\u_array.\g_row[3].g_col[0].u_pe.\u_mul.\g_bw.g_wallace.u_tree.\genblk1.g_reduce.u_next.$xor$/home/danieltyukov/workspace/personal/tt-ihp-int8-npu/src/npu_csa_reduce.sv:49$1839 ($xor).
Removed top 1 bits (of 16) from port Y of cell npu_core.$flatten\u_array.\g_row[3].g_col[0].u_pe.\u_mul.\g_bw.g_wallace.u_tree.\genblk1.g_reduce.u_next.\genblk1.g_reduce.u_next.$or$/home/danieltyukov/workspace/personal/tt-ihp-int8-npu/src/npu_csa_reduce.sv:53$1858 ($or).
Removed top 1 bits (of 16) from port A of cell npu_core.$flatten\u_array.\g_row[3].g_col[0].u_pe.\u_mul.\g_bw.g_wallace.u_tree.\genblk1.g_reduce.u_next.\genblk1.g_reduce.u_next.$or$/home/danieltyukov/workspace/personal/tt-ihp-int8-npu/src/npu_csa_reduce.sv:53$1858 ($or).
Removed top 1 bits (of 16) from port B of cell npu_core.$flatten\u_array.\g_row[3].g_col[0].u_pe.\u_mul.\g_bw.g_wallace.u_tree.\genblk1.g_reduce.u_next.\genblk1.g_reduce.u_next.$or$/home/danieltyukov/workspace/personal/tt-ihp-int8-npu/src/npu_csa_reduce.sv:53$1858 ($or).
Removed top 1 bits (of 16) from port Y of cell npu_core.$flatten\u_array.\g_row[3].g_col[0].u_pe.\u_mul.\g_bw.g_wallace.u_tree.\genblk1.g_reduce.u_next.\genblk1.g_reduce.u_next.$and$/home/danieltyukov/workspace/personal/tt-ihp-int8-npu/src/npu_csa_reduce.sv:53$1859 ($and).
Removed top 1 bits (of 16) from port A of cell npu_core.$flatten\u_array.\g_row[3].g_col[0].u_pe.\u_mul.\g_bw.g_wallace.u_tree.\genblk1.g_reduce.u_next.\genblk1.g_reduce.u_next.$and$/home/danieltyukov/workspace/personal/tt-ihp-int8-npu/src/npu_csa_reduce.sv:53$1859 ($and).
Removed top 1 bits (of 16) from port B of cell npu_core.$flatten\u_array.\g_row[3].g_col[0].u_pe.\u_mul.\g_bw.g_wallace.u_tree.\genblk1.g_reduce.u_next.\genblk1.g_reduce.u_next.$and$/home/danieltyukov/workspace/personal/tt-ihp-int8-npu/src/npu_csa_reduce.sv:53$1859 ($and).
Removed top 7 bits (of 16) from port A of cell npu_core.$flatten\u_array.\g_row[2].g_col[1].u_pe.\u_mul.\g_bw.g_wallace.u_tree.$xor$/home/danieltyukov/workspace/personal/tt-ihp-int8-npu/src/npu_csa_reduce.sv:49$1714 ($xor).
Removed top 6 bits (of 16) from port Y of cell npu_core.$flatten\u_array.\g_row[2].g_col[1].u_pe.\u_mul.\g_bw.g_wallace.u_tree.$xor$/home/danieltyukov/workspace/personal/tt-ihp-int8-npu/src/npu_csa_reduce.sv:49$1714 ($xor).
Removed top 6 bits (of 16) from port A of cell npu_core.$flatten\u_array.\g_row[2].g_col[1].u_pe.\u_mul.\g_bw.g_wallace.u_tree.\genblk1.g_reduce.u_next.$xor$/home/danieltyukov/workspace/personal/tt-ihp-int8-npu/src/npu_csa_reduce.sv:49$1839 ($xor).
Removed top 5 bits (of 16) from port Y of cell npu_core.$flatten\u_array.\g_row[2].g_col[1].u_pe.\u_mul.\g_bw.g_wallace.u_tree.\genblk1.g_reduce.u_next.$xor$/home/danieltyukov/workspace/personal/tt-ihp-int8-npu/src/npu_csa_reduce.sv:49$1839 ($xor).
Removed top 1 bits (of 16) from port Y of cell npu_core.$flatten\u_array.\g_row[2].g_col[1].u_pe.\u_mul.\g_bw.g_wallace.u_tree.\genblk1.g_reduce.u_next.\genblk1.g_reduce.u_next.$or$/home/danieltyukov/workspace/personal/tt-ihp-int8-npu/src/npu_csa_reduce.sv:53$1858 ($or).
Removed top 1 bits (of 16) from port A of cell npu_core.$flatten\u_array.\g_row[2].g_col[1].u_pe.\u_mul.\g_bw.g_wallace.u_tree.\genblk1.g_reduce.u_next.\genblk1.g_reduce.u_next.$or$/home/danieltyukov/workspace/personal/tt-ihp-int8-npu/src/npu_csa_reduce.sv:53$1858 ($or).
Removed top 1 bits (of 16) from port B of cell npu_core.$flatten\u_array.\g_row[2].g_col[1].u_pe.\u_mul.\g_bw.g_wallace.u_tree.\genblk1.g_reduce.u_next.\genblk1.g_reduce.u_next.$or$/home/danieltyukov/workspace/personal/tt-ihp-int8-npu/src/npu_csa_reduce.sv:53$1858 ($or).
Removed top 1 bits (of 16) from port Y of cell npu_core.$flatten\u_array.\g_row[2].g_col[1].u_pe.\u_mul.\g_bw.g_wallace.u_tree.\genblk1.g_reduce.u_next.\genblk1.g_reduce.u_next.$and$/home/danieltyukov/workspace/personal/tt-ihp-int8-npu/src/npu_csa_reduce.sv:53$1859 ($and).
Removed top 1 bits (of 16) from port A of cell npu_core.$flatten\u_array.\g_row[2].g_col[1].u_pe.\u_mul.\g_bw.g_wallace.u_tree.\genblk1.g_reduce.u_next.\genblk1.g_reduce.u_next.$and$/home/danieltyukov/workspace/personal/tt-ihp-int8-npu/src/npu_csa_reduce.sv:53$1859 ($and).
Removed top 1 bits (of 16) from port B of cell npu_core.$flatten\u_array.\g_row[2].g_col[1].u_pe.\u_mul.\g_bw.g_wallace.u_tree.\genblk1.g_reduce.u_next.\genblk1.g_reduce.u_next.$and$/home/danieltyukov/workspace/personal/tt-ihp-int8-npu/src/npu_csa_reduce.sv:53$1859 ($and).
Removed top 7 bits (of 16) from port A of cell npu_core.$flatten\u_array.\g_row[2].g_col[0].u_pe.\u_mul.\g_bw.g_wallace.u_tree.$xor$/home/danieltyukov/workspace/personal/tt-ihp-int8-npu/src/npu_csa_reduce.sv:49$1714 ($xor).
Removed top 6 bits (of 16) from port Y of cell npu_core.$flatten\u_array.\g_row[2].g_col[0].u_pe.\u_mul.\g_bw.g_wallace.u_tree.$xor$/home/danieltyukov/workspace/personal/tt-ihp-int8-npu/src/npu_csa_reduce.sv:49$1714 ($xor).
Removed top 6 bits (of 16) from port A of cell npu_core.$flatten\u_array.\g_row[2].g_col[0].u_pe.\u_mul.\g_bw.g_wallace.u_tree.\genblk1.g_reduce.u_next.$xor$/home/danieltyukov/workspace/personal/tt-ihp-int8-npu/src/npu_csa_reduce.sv:49$1839 ($xor).
Removed top 5 bits (of 16) from port Y of cell npu_core.$flatten\u_array.\g_row[2].g_col[0].u_pe.\u_mul.\g_bw.g_wallace.u_tree.\genblk1.g_reduce.u_next.$xor$/home/danieltyukov/workspace/personal/tt-ihp-int8-npu/src/npu_csa_reduce.sv:49$1839 ($xor).
Removed top 1 bits (of 16) from port Y of cell npu_core.$flatten\u_array.\g_row[2].g_col[0].u_pe.\u_mul.\g_bw.g_wallace.u_tree.\genblk1.g_reduce.u_next.\genblk1.g_reduce.u_next.$or$/home/danieltyukov/workspace/personal/tt-ihp-int8-npu/src/npu_csa_reduce.sv:53$1858 ($or).
Removed top 1 bits (of 16) from port A of cell npu_core.$flatten\u_array.\g_row[2].g_col[0].u_pe.\u_mul.\g_bw.g_wallace.u_tree.\genblk1.g_reduce.u_next.\genblk1.g_reduce.u_next.$or$/home/danieltyukov/workspace/personal/tt-ihp-int8-npu/src/npu_csa_reduce.sv:53$1858 ($or).
Removed top 1 bits (of 16) from port B of cell npu_core.$flatten\u_array.\g_row[2].g_col[0].u_pe.\u_mul.\g_bw.g_wallace.u_tree.\genblk1.g_reduce.u_next.\genblk1.g_reduce.u_next.$or$/home/danieltyukov/workspace/personal/tt-ihp-int8-npu/src/npu_csa_reduce.sv:53$1858 ($or).
Removed top 1 bits (of 16) from port Y of cell npu_core.$flatten\u_array.\g_row[2].g_col[0].u_pe.\u_mul.\g_bw.g_wallace.u_tree.\genblk1.g_reduce.u_next.\genblk1.g_reduce.u_next.$and$/home/danieltyukov/workspace/personal/tt-ihp-int8-npu/src/npu_csa_reduce.sv:53$1859 ($and).
Removed top 1 bits (of 16) from port A of cell npu_core.$flatten\u_array.\g_row[2].g_col[0].u_pe.\u_mul.\g_bw.g_wallace.u_tree.\genblk1.g_reduce.u_next.\genblk1.g_reduce.u_next.$and$/home/danieltyukov/workspace/personal/tt-ihp-int8-npu/src/npu_csa_reduce.sv:53$1859 ($and).
Removed top 1 bits (of 16) from port B of cell npu_core.$flatten\u_array.\g_row[2].g_col[0].u_pe.\u_mul.\g_bw.g_wallace.u_tree.\genblk1.g_reduce.u_next.\genblk1.g_reduce.u_next.$and$/home/danieltyukov/workspace/personal/tt-ihp-int8-npu/src/npu_csa_reduce.sv:53$1859 ($and).
Removed top 7 bits (of 16) from port A of cell npu_core.$flatten\u_array.\g_row[1].g_col[1].u_pe.\u_mul.\g_bw.g_wallace.u_tree.$xor$/home/danieltyukov/workspace/personal/tt-ihp-int8-npu/src/npu_csa_reduce.sv:49$1714 ($xor).
Removed top 6 bits (of 16) from port Y of cell npu_core.$flatten\u_array.\g_row[1].g_col[1].u_pe.\u_mul.\g_bw.g_wallace.u_tree.$xor$/home/danieltyukov/workspace/personal/tt-ihp-int8-npu/src/npu_csa_reduce.sv:49$1714 ($xor).
Removed top 6 bits (of 16) from port A of cell npu_core.$flatten\u_array.\g_row[1].g_col[1].u_pe.\u_mul.\g_bw.g_wallace.u_tree.\genblk1.g_reduce.u_next.$xor$/home/danieltyukov/workspace/personal/tt-ihp-int8-npu/src/npu_csa_reduce.sv:49$1839 ($xor).
Removed top 5 bits (of 16) from port Y of cell npu_core.$flatten\u_array.\g_row[1].g_col[1].u_pe.\u_mul.\g_bw.g_wallace.u_tree.\genblk1.g_reduce.u_next.$xor$/home/danieltyukov/workspace/personal/tt-ihp-int8-npu/src/npu_csa_reduce.sv:49$1839 ($xor).
Removed top 1 bits (of 16) from port Y of cell npu_core.$flatten\u_array.\g_row[1].g_col[1].u_pe.\u_mul.\g_bw.g_wallace.u_tree.\genblk1.g_reduce.u_next.\genblk1.g_reduce.u_next.$or$/home/danieltyukov/workspace/personal/tt-ihp-int8-npu/src/npu_csa_reduce.sv:53$1858 ($or).
Removed top 1 bits (of 16) from port A of cell npu_core.$flatten\u_array.\g_row[1].g_col[1].u_pe.\u_mul.\g_bw.g_wallace.u_tree.\genblk1.g_reduce.u_next.\genblk1.g_reduce.u_next.$or$/home/danieltyukov/workspace/personal/tt-ihp-int8-npu/src/npu_csa_reduce.sv:53$1858 ($or).
Removed top 1 bits (of 16) from port B of cell npu_core.$flatten\u_array.\g_row[1].g_col[1].u_pe.\u_mul.\g_bw.g_wallace.u_tree.\genblk1.g_reduce.u_next.\genblk1.g_reduce.u_next.$or$/home/danieltyukov/workspace/personal/tt-ihp-int8-npu/src/npu_csa_reduce.sv:53$1858 ($or).
Removed top 1 bits (of 16) from port Y of cell npu_core.$flatten\u_array.\g_row[1].g_col[1].u_pe.\u_mul.\g_bw.g_wallace.u_tree.\genblk1.g_reduce.u_next.\genblk1.g_reduce.u_next.$and$/home/danieltyukov/workspace/personal/tt-ihp-int8-npu/src/npu_csa_reduce.sv:53$1859 ($and).
Removed top 1 bits (of 16) from port A of cell npu_core.$flatten\u_array.\g_row[1].g_col[1].u_pe.\u_mul.\g_bw.g_wallace.u_tree.\genblk1.g_reduce.u_next.\genblk1.g_reduce.u_next.$and$/home/danieltyukov/workspace/personal/tt-ihp-int8-npu/src/npu_csa_reduce.sv:53$1859 ($and).
Removed top 1 bits (of 16) from port B of cell npu_core.$flatten\u_array.\g_row[1].g_col[1].u_pe.\u_mul.\g_bw.g_wallace.u_tree.\genblk1.g_reduce.u_next.\genblk1.g_reduce.u_next.$and$/home/danieltyukov/workspace/personal/tt-ihp-int8-npu/src/npu_csa_reduce.sv:53$1859 ($and).
Removed top 7 bits (of 16) from port A of cell npu_core.$flatten\u_array.\g_row[1].g_col[0].u_pe.\u_mul.\g_bw.g_wallace.u_tree.$xor$/home/danieltyukov/workspace/personal/tt-ihp-int8-npu/src/npu_csa_reduce.sv:49$1714 ($xor).
Removed top 6 bits (of 16) from port Y of cell npu_core.$flatten\u_array.\g_row[1].g_col[0].u_pe.\u_mul.\g_bw.g_wallace.u_tree.$xor$/home/danieltyukov/workspace/personal/tt-ihp-int8-npu/src/npu_csa_reduce.sv:49$1714 ($xor).
Removed top 6 bits (of 16) from port A of cell npu_core.$flatten\u_array.\g_row[1].g_col[0].u_pe.\u_mul.\g_bw.g_wallace.u_tree.\genblk1.g_reduce.u_next.$xor$/home/danieltyukov/workspace/personal/tt-ihp-int8-npu/src/npu_csa_reduce.sv:49$1839 ($xor).
Removed top 5 bits (of 16) from port Y of cell npu_core.$flatten\u_array.\g_row[1].g_col[0].u_pe.\u_mul.\g_bw.g_wallace.u_tree.\genblk1.g_reduce.u_next.$xor$/home/danieltyukov/workspace/personal/tt-ihp-int8-npu/src/npu_csa_reduce.sv:49$1839 ($xor).
Removed top 1 bits (of 16) from port Y of cell npu_core.$flatten\u_array.\g_row[1].g_col[0].u_pe.\u_mul.\g_bw.g_wallace.u_tree.\genblk1.g_reduce.u_next.\genblk1.g_reduce.u_next.$or$/home/danieltyukov/workspace/personal/tt-ihp-int8-npu/src/npu_csa_reduce.sv:53$1858 ($or).
Removed top 1 bits (of 16) from port A of cell npu_core.$flatten\u_array.\g_row[1].g_col[0].u_pe.\u_mul.\g_bw.g_wallace.u_tree.\genblk1.g_reduce.u_next.\genblk1.g_reduce.u_next.$or$/home/danieltyukov/workspace/personal/tt-ihp-int8-npu/src/npu_csa_reduce.sv:53$1858 ($or).
Removed top 1 bits (of 16) from port B of cell npu_core.$flatten\u_array.\g_row[1].g_col[0].u_pe.\u_mul.\g_bw.g_wallace.u_tree.\genblk1.g_reduce.u_next.\genblk1.g_reduce.u_next.$or$/home/danieltyukov/workspace/personal/tt-ihp-int8-npu/src/npu_csa_reduce.sv:53$1858 ($or).
Removed top 1 bits (of 16) from port Y of cell npu_core.$flatten\u_array.\g_row[1].g_col[0].u_pe.\u_mul.\g_bw.g_wallace.u_tree.\genblk1.g_reduce.u_next.\genblk1.g_reduce.u_next.$and$/home/danieltyukov/workspace/personal/tt-ihp-int8-npu/src/npu_csa_reduce.sv:53$1859 ($and).
Removed top 1 bits (of 16) from port A of cell npu_core.$flatten\u_array.\g_row[1].g_col[0].u_pe.\u_mul.\g_bw.g_wallace.u_tree.\genblk1.g_reduce.u_next.\genblk1.g_reduce.u_next.$and$/home/danieltyukov/workspace/personal/tt-ihp-int8-npu/src/npu_csa_reduce.sv:53$1859 ($and).
Removed top 1 bits (of 16) from port B of cell npu_core.$flatten\u_array.\g_row[1].g_col[0].u_pe.\u_mul.\g_bw.g_wallace.u_tree.\genblk1.g_reduce.u_next.\genblk1.g_reduce.u_next.$and$/home/danieltyukov/workspace/personal/tt-ihp-int8-npu/src/npu_csa_reduce.sv:53$1859 ($and).
Removed top 7 bits (of 16) from port A of cell npu_core.$flatten\u_array.\g_row[0].g_col[1].u_pe.\u_mul.\g_bw.g_wallace.u_tree.$xor$/home/danieltyukov/workspace/personal/tt-ihp-int8-npu/src/npu_csa_reduce.sv:49$1714 ($xor).
Removed top 6 bits (of 16) from port Y of cell npu_core.$flatten\u_array.\g_row[0].g_col[1].u_pe.\u_mul.\g_bw.g_wallace.u_tree.$xor$/home/danieltyukov/workspace/personal/tt-ihp-int8-npu/src/npu_csa_reduce.sv:49$1714 ($xor).
Removed top 6 bits (of 16) from port A of cell npu_core.$flatten\u_array.\g_row[0].g_col[1].u_pe.\u_mul.\g_bw.g_wallace.u_tree.\genblk1.g_reduce.u_next.$xor$/home/danieltyukov/workspace/personal/tt-ihp-int8-npu/src/npu_csa_reduce.sv:49$1839 ($xor).
Removed top 5 bits (of 16) from port Y of cell npu_core.$flatten\u_array.\g_row[0].g_col[1].u_pe.\u_mul.\g_bw.g_wallace.u_tree.\genblk1.g_reduce.u_next.$xor$/home/danieltyukov/workspace/personal/tt-ihp-int8-npu/src/npu_csa_reduce.sv:49$1839 ($xor).
Removed top 1 bits (of 16) from port Y of cell npu_core.$flatten\u_array.\g_row[0].g_col[1].u_pe.\u_mul.\g_bw.g_wallace.u_tree.\genblk1.g_reduce.u_next.\genblk1.g_reduce.u_next.$or$/home/danieltyukov/workspace/personal/tt-ihp-int8-npu/src/npu_csa_reduce.sv:53$1858 ($or).
Removed top 1 bits (of 16) from port A of cell npu_core.$flatten\u_array.\g_row[0].g_col[1].u_pe.\u_mul.\g_bw.g_wallace.u_tree.\genblk1.g_reduce.u_next.\genblk1.g_reduce.u_next.$or$/home/danieltyukov/workspace/personal/tt-ihp-int8-npu/src/npu_csa_reduce.sv:53$1858 ($or).
Removed top 1 bits (of 16) from port B of cell npu_core.$flatten\u_array.\g_row[0].g_col[1].u_pe.\u_mul.\g_bw.g_wallace.u_tree.\genblk1.g_reduce.u_next.\genblk1.g_reduce.u_next.$or$/home/danieltyukov/workspace/personal/tt-ihp-int8-npu/src/npu_csa_reduce.sv:53$1858 ($or).
Removed top 1 bits (of 16) from port Y of cell npu_core.$flatten\u_array.\g_row[0].g_col[1].u_pe.\u_mul.\g_bw.g_wallace.u_tree.\genblk1.g_reduce.u_next.\genblk1.g_reduce.u_next.$and$/home/danieltyukov/workspace/personal/tt-ihp-int8-npu/src/npu_csa_reduce.sv:53$1859 ($and).
Removed top 1 bits (of 16) from port A of cell npu_core.$flatten\u_array.\g_row[0].g_col[1].u_pe.\u_mul.\g_bw.g_wallace.u_tree.\genblk1.g_reduce.u_next.\genblk1.g_reduce.u_next.$and$/home/danieltyukov/workspace/personal/tt-ihp-int8-npu/src/npu_csa_reduce.sv:53$1859 ($and).
Removed top 1 bits (of 16) from port B of cell npu_core.$flatten\u_array.\g_row[0].g_col[1].u_pe.\u_mul.\g_bw.g_wallace.u_tree.\genblk1.g_reduce.u_next.\genblk1.g_reduce.u_next.$and$/home/danieltyukov/workspace/personal/tt-ihp-int8-npu/src/npu_csa_reduce.sv:53$1859 ($and).
Removed top 7 bits (of 16) from port A of cell npu_core.$flatten\u_array.\g_row[0].g_col[0].u_pe.\u_mul.\g_bw.g_wallace.u_tree.$xor$/home/danieltyukov/workspace/personal/tt-ihp-int8-npu/src/npu_csa_reduce.sv:49$1714 ($xor).
Removed top 6 bits (of 16) from port Y of cell npu_core.$flatten\u_array.\g_row[0].g_col[0].u_pe.\u_mul.\g_bw.g_wallace.u_tree.$xor$/home/danieltyukov/workspace/personal/tt-ihp-int8-npu/src/npu_csa_reduce.sv:49$1714 ($xor).
Removed top 6 bits (of 16) from port A of cell npu_core.$flatten\u_array.\g_row[0].g_col[0].u_pe.\u_mul.\g_bw.g_wallace.u_tree.\genblk1.g_reduce.u_next.$xor$/home/danieltyukov/workspace/personal/tt-ihp-int8-npu/src/npu_csa_reduce.sv:49$1839 ($xor).
Removed top 5 bits (of 16) from port Y of cell npu_core.$flatten\u_array.\g_row[0].g_col[0].u_pe.\u_mul.\g_bw.g_wallace.u_tree.\genblk1.g_reduce.u_next.$xor$/home/danieltyukov/workspace/personal/tt-ihp-int8-npu/src/npu_csa_reduce.sv:49$1839 ($xor).
Removed top 1 bits (of 16) from port Y of cell npu_core.$flatten\u_array.\g_row[0].g_col[0].u_pe.\u_mul.\g_bw.g_wallace.u_tree.\genblk1.g_reduce.u_next.\genblk1.g_reduce.u_next.$or$/home/danieltyukov/workspace/personal/tt-ihp-int8-npu/src/npu_csa_reduce.sv:53$1858 ($or).
Removed top 1 bits (of 16) from port A of cell npu_core.$flatten\u_array.\g_row[0].g_col[0].u_pe.\u_mul.\g_bw.g_wallace.u_tree.\genblk1.g_reduce.u_next.\genblk1.g_reduce.u_next.$or$/home/danieltyukov/workspace/personal/tt-ihp-int8-npu/src/npu_csa_reduce.sv:53$1858 ($or).
Removed top 1 bits (of 16) from port B of cell npu_core.$flatten\u_array.\g_row[0].g_col[0].u_pe.\u_mul.\g_bw.g_wallace.u_tree.\genblk1.g_reduce.u_next.\genblk1.g_reduce.u_next.$or$/home/danieltyukov/workspace/personal/tt-ihp-int8-npu/src/npu_csa_reduce.sv:53$1858 ($or).
Removed top 1 bits (of 16) from port Y of cell npu_core.$flatten\u_array.\g_row[0].g_col[0].u_pe.\u_mul.\g_bw.g_wallace.u_tree.\genblk1.g_reduce.u_next.\genblk1.g_reduce.u_next.$and$/home/danieltyukov/workspace/personal/tt-ihp-int8-npu/src/npu_csa_reduce.sv:53$1859 ($and).
Removed top 1 bits (of 16) from port A of cell npu_core.$flatten\u_array.\g_row[0].g_col[0].u_pe.\u_mul.\g_bw.g_wallace.u_tree.\genblk1.g_reduce.u_next.\genblk1.g_reduce.u_next.$and$/home/danieltyukov/workspace/personal/tt-ihp-int8-npu/src/npu_csa_reduce.sv:53$1859 ($and).
Removed top 1 bits (of 16) from port B of cell npu_core.$flatten\u_array.\g_row[0].g_col[0].u_pe.\u_mul.\g_bw.g_wallace.u_tree.\genblk1.g_reduce.u_next.\genblk1.g_reduce.u_next.$and$/home/danieltyukov/workspace/personal/tt-ihp-int8-npu/src/npu_csa_reduce.sv:53$1859 ($and).
Removed top 7 bits (of 16) from port A of cell npu_core.$flatten\u_array.\g_row[3].g_col[1].u_pe.\u_mul.\g_bw.g_wallace.u_tree.$xor$/home/danieltyukov/workspace/personal/tt-ihp-int8-npu/src/npu_csa_reduce.sv:49$1714 ($xor).
Removed top 6 bits (of 16) from port Y of cell npu_core.$flatten\u_array.\g_row[3].g_col[1].u_pe.\u_mul.\g_bw.g_wallace.u_tree.$xor$/home/danieltyukov/workspace/personal/tt-ihp-int8-npu/src/npu_csa_reduce.sv:49$1714 ($xor).
Removed top 6 bits (of 16) from port A of cell npu_core.$flatten\u_array.\g_row[3].g_col[1].u_pe.\u_mul.\g_bw.g_wallace.u_tree.\genblk1.g_reduce.u_next.$xor$/home/danieltyukov/workspace/personal/tt-ihp-int8-npu/src/npu_csa_reduce.sv:49$1839 ($xor).
Removed top 5 bits (of 16) from port Y of cell npu_core.$flatten\u_array.\g_row[3].g_col[1].u_pe.\u_mul.\g_bw.g_wallace.u_tree.\genblk1.g_reduce.u_next.$xor$/home/danieltyukov/workspace/personal/tt-ihp-int8-npu/src/npu_csa_reduce.sv:49$1839 ($xor).
Removed top 1 bits (of 16) from port Y of cell npu_core.$flatten\u_array.\g_row[3].g_col[1].u_pe.\u_mul.\g_bw.g_wallace.u_tree.\genblk1.g_reduce.u_next.\genblk1.g_reduce.u_next.$or$/home/danieltyukov/workspace/personal/tt-ihp-int8-npu/src/npu_csa_reduce.sv:53$1858 ($or).
Removed top 1 bits (of 16) from port A of cell npu_core.$flatten\u_array.\g_row[3].g_col[1].u_pe.\u_mul.\g_bw.g_wallace.u_tree.\genblk1.g_reduce.u_next.\genblk1.g_reduce.u_next.$or$/home/danieltyukov/workspace/personal/tt-ihp-int8-npu/src/npu_csa_reduce.sv:53$1858 ($or).
Removed top 1 bits (of 16) from port B of cell npu_core.$flatten\u_array.\g_row[3].g_col[1].u_pe.\u_mul.\g_bw.g_wallace.u_tree.\genblk1.g_reduce.u_next.\genblk1.g_reduce.u_next.$or$/home/danieltyukov/workspace/personal/tt-ihp-int8-npu/src/npu_csa_reduce.sv:53$1858 ($or).
Removed top 1 bits (of 16) from port Y of cell npu_core.$flatten\u_array.\g_row[3].g_col[1].u_pe.\u_mul.\g_bw.g_wallace.u_tree.\genblk1.g_reduce.u_next.\genblk1.g_reduce.u_next.$and$/home/danieltyukov/workspace/personal/tt-ihp-int8-npu/src/npu_csa_reduce.sv:53$1859 ($and).
Removed top 1 bits (of 16) from port A of cell npu_core.$flatten\u_array.\g_row[3].g_col[1].u_pe.\u_mul.\g_bw.g_wallace.u_tree.\genblk1.g_reduce.u_next.\genblk1.g_reduce.u_next.$and$/home/danieltyukov/workspace/personal/tt-ihp-int8-npu/src/npu_csa_reduce.sv:53$1859 ($and).
Removed top 1 bits (of 16) from port B of cell npu_core.$flatten\u_array.\g_row[3].g_col[1].u_pe.\u_mul.\g_bw.g_wallace.u_tree.\genblk1.g_reduce.u_next.\genblk1.g_reduce.u_next.$and$/home/danieltyukov/workspace/personal/tt-ihp-int8-npu/src/npu_csa_reduce.sv:53$1859 ($and).
Removed top 1 bits (of 16) from port Y of cell npu_core.$flatten\u_array.\g_row[3].g_col[0].u_pe.\u_mul.\g_bw.g_wallace.u_tree.\genblk1.g_reduce.u_next.\genblk1.g_reduce.u_next.$and$/home/danieltyukov/workspace/personal/tt-ihp-int8-npu/src/npu_csa_reduce.sv:53$1856 ($and).
Removed top 1 bits (of 16) from port A of cell npu_core.$flatten\u_array.\g_row[3].g_col[0].u_pe.\u_mul.\g_bw.g_wallace.u_tree.\genblk1.g_reduce.u_next.\genblk1.g_reduce.u_next.$and$/home/danieltyukov/workspace/personal/tt-ihp-int8-npu/src/npu_csa_reduce.sv:53$1856 ($and).
Removed top 1 bits (of 16) from port B of cell npu_core.$flatten\u_array.\g_row[3].g_col[0].u_pe.\u_mul.\g_bw.g_wallace.u_tree.\genblk1.g_reduce.u_next.\genblk1.g_reduce.u_next.$and$/home/danieltyukov/workspace/personal/tt-ihp-int8-npu/src/npu_csa_reduce.sv:53$1856 ($and).
Removed top 1 bits (of 16) from port Y of cell npu_core.$flatten\u_array.\g_row[3].g_col[0].u_pe.\u_mul.\g_bw.g_wallace.u_tree.\genblk1.g_reduce.u_next.\genblk1.g_reduce.u_next.$and$/home/danieltyukov/workspace/personal/tt-ihp-int8-npu/src/npu_csa_reduce.sv:53$1857 ($and).
Removed top 1 bits (of 16) from port A of cell npu_core.$flatten\u_array.\g_row[3].g_col[0].u_pe.\u_mul.\g_bw.g_wallace.u_tree.\genblk1.g_reduce.u_next.\genblk1.g_reduce.u_next.$and$/home/danieltyukov/workspace/personal/tt-ihp-int8-npu/src/npu_csa_reduce.sv:53$1857 ($and).
Removed top 1 bits (of 16) from port B of cell npu_core.$flatten\u_array.\g_row[3].g_col[0].u_pe.\u_mul.\g_bw.g_wallace.u_tree.\genblk1.g_reduce.u_next.\genblk1.g_reduce.u_next.$and$/home/danieltyukov/workspace/personal/tt-ihp-int8-npu/src/npu_csa_reduce.sv:53$1857 ($and).
Removed top 2 bits (of 15) from port B of cell npu_core.$flatten\u_array.\g_row[3].g_col[0].u_pe.\u_mul.\g_bw.g_wallace.u_tree.\genblk1.g_reduce.u_next.$or$/home/danieltyukov/workspace/personal/tt-ihp-int8-npu/src/npu_csa_reduce.sv:53$1845 ($or).
Removed top 1 bits (of 16) from port Y of cell npu_core.$flatten\u_array.\g_row[2].g_col[1].u_pe.\u_mul.\g_bw.g_wallace.u_tree.\genblk1.g_reduce.u_next.\genblk1.g_reduce.u_next.$and$/home/danieltyukov/workspace/personal/tt-ihp-int8-npu/src/npu_csa_reduce.sv:53$1856 ($and).
Removed top 1 bits (of 16) from port A of cell npu_core.$flatten\u_array.\g_row[2].g_col[1].u_pe.\u_mul.\g_bw.g_wallace.u_tree.\genblk1.g_reduce.u_next.\genblk1.g_reduce.u_next.$and$/home/danieltyukov/workspace/personal/tt-ihp-int8-npu/src/npu_csa_reduce.sv:53$1856 ($and).
Removed top 1 bits (of 16) from port B of cell npu_core.$flatten\u_array.\g_row[2].g_col[1].u_pe.\u_mul.\g_bw.g_wallace.u_tree.\genblk1.g_reduce.u_next.\genblk1.g_reduce.u_next.$and$/home/danieltyukov/workspace/personal/tt-ihp-int8-npu/src/npu_csa_reduce.sv:53$1856 ($and).
Removed top 1 bits (of 16) from port Y of cell npu_core.$flatten\u_array.\g_row[2].g_col[1].u_pe.\u_mul.\g_bw.g_wallace.u_tree.\genblk1.g_reduce.u_next.\genblk1.g_reduce.u_next.$and$/home/danieltyukov/workspace/personal/tt-ihp-int8-npu/src/npu_csa_reduce.sv:53$1857 ($and).
Removed top 1 bits (of 16) from port A of cell npu_core.$flatten\u_array.\g_row[2].g_col[1].u_pe.\u_mul.\g_bw.g_wallace.u_tree.\genblk1.g_reduce.u_next.\genblk1.g_reduce.u_next.$and$/home/danieltyukov/workspace/personal/tt-ihp-int8-npu/src/npu_csa_reduce.sv:53$1857 ($and).
Removed top 1 bits (of 16) from port B of cell npu_core.$flatten\u_array.\g_row[2].g_col[1].u_pe.\u_mul.\g_bw.g_wallace.u_tree.\genblk1.g_reduce.u_next.\genblk1.g_reduce.u_next.$and$/home/danieltyukov/workspace/personal/tt-ihp-int8-npu/src/npu_csa_reduce.sv:53$1857 ($and).
Removed top 2 bits (of 15) from port B of cell npu_core.$flatten\u_array.\g_row[2].g_col[1].u_pe.\u_mul.\g_bw.g_wallace.u_tree.\genblk1.g_reduce.u_next.$or$/home/danieltyukov/workspace/personal/tt-ihp-int8-npu/src/npu_csa_reduce.sv:53$1845 ($or).
Removed top 1 bits (of 16) from port Y of cell npu_core.$flatten\u_array.\g_row[2].g_col[0].u_pe.\u_mul.\g_bw.g_wallace.u_tree.\genblk1.g_reduce.u_next.\genblk1.g_reduce.u_next.$and$/home/danieltyukov/workspace/personal/tt-ihp-int8-npu/src/npu_csa_reduce.sv:53$1856 ($and).
Removed top 1 bits (of 16) from port A of cell npu_core.$flatten\u_array.\g_row[2].g_col[0].u_pe.\u_mul.\g_bw.g_wallace.u_tree.\genblk1.g_reduce.u_next.\genblk1.g_reduce.u_next.$and$/home/danieltyukov/workspace/personal/tt-ihp-int8-npu/src/npu_csa_reduce.sv:53$1856 ($and).
Removed top 1 bits (of 16) from port B of cell npu_core.$flatten\u_array.\g_row[2].g_col[0].u_pe.\u_mul.\g_bw.g_wallace.u_tree.\genblk1.g_reduce.u_next.\genblk1.g_reduce.u_next.$and$/home/danieltyukov/workspace/personal/tt-ihp-int8-npu/src/npu_csa_reduce.sv:53$1856 ($and).
Removed top 1 bits (of 16) from port Y of cell npu_core.$flatten\u_array.\g_row[2].g_col[0].u_pe.\u_mul.\g_bw.g_wallace.u_tree.\genblk1.g_reduce.u_next.\genblk1.g_reduce.u_next.$and$/home/danieltyukov/workspace/personal/tt-ihp-int8-npu/src/npu_csa_reduce.sv:53$1857 ($and).
Removed top 1 bits (of 16) from port A of cell npu_core.$flatten\u_array.\g_row[2].g_col[0].u_pe.\u_mul.\g_bw.g_wallace.u_tree.\genblk1.g_reduce.u_next.\genblk1.g_reduce.u_next.$and$/home/danieltyukov/workspace/personal/tt-ihp-int8-npu/src/npu_csa_reduce.sv:53$1857 ($and).
Removed top 1 bits (of 16) from port B of cell npu_core.$flatten\u_array.\g_row[2].g_col[0].u_pe.\u_mul.\g_bw.g_wallace.u_tree.\genblk1.g_reduce.u_next.\genblk1.g_reduce.u_next.$and$/home/danieltyukov/workspace/personal/tt-ihp-int8-npu/src/npu_csa_reduce.sv:53$1857 ($and).
Removed top 2 bits (of 15) from port B of cell npu_core.$flatten\u_array.\g_row[2].g_col[0].u_pe.\u_mul.\g_bw.g_wallace.u_tree.\genblk1.g_reduce.u_next.$or$/home/danieltyukov/workspace/personal/tt-ihp-int8-npu/src/npu_csa_reduce.sv:53$1845 ($or).
Removed top 1 bits (of 16) from port Y of cell npu_core.$flatten\u_array.\g_row[1].g_col[1].u_pe.\u_mul.\g_bw.g_wallace.u_tree.\genblk1.g_reduce.u_next.\genblk1.g_reduce.u_next.$and$/home/danieltyukov/workspace/personal/tt-ihp-int8-npu/src/npu_csa_reduce.sv:53$1856 ($and).
Removed top 1 bits (of 16) from port A of cell npu_core.$flatten\u_array.\g_row[1].g_col[1].u_pe.\u_mul.\g_bw.g_wallace.u_tree.\genblk1.g_reduce.u_next.\genblk1.g_reduce.u_next.$and$/home/danieltyukov/workspace/personal/tt-ihp-int8-npu/src/npu_csa_reduce.sv:53$1856 ($and).
Removed top 1 bits (of 16) from port B of cell npu_core.$flatten\u_array.\g_row[1].g_col[1].u_pe.\u_mul.\g_bw.g_wallace.u_tree.\genblk1.g_reduce.u_next.\genblk1.g_reduce.u_next.$and$/home/danieltyukov/workspace/personal/tt-ihp-int8-npu/src/npu_csa_reduce.sv:53$1856 ($and).
Removed top 1 bits (of 16) from port Y of cell npu_core.$flatten\u_array.\g_row[1].g_col[1].u_pe.\u_mul.\g_bw.g_wallace.u_tree.\genblk1.g_reduce.u_next.\genblk1.g_reduce.u_next.$and$/home/danieltyukov/workspace/personal/tt-ihp-int8-npu/src/npu_csa_reduce.sv:53$1857 ($and).
Removed top 1 bits (of 16) from port A of cell npu_core.$flatten\u_array.\g_row[1].g_col[1].u_pe.\u_mul.\g_bw.g_wallace.u_tree.\genblk1.g_reduce.u_next.\genblk1.g_reduce.u_next.$and$/home/danieltyukov/workspace/personal/tt-ihp-int8-npu/src/npu_csa_reduce.sv:53$1857 ($and).
Removed top 1 bits (of 16) from port B of cell npu_core.$flatten\u_array.\g_row[1].g_col[1].u_pe.\u_mul.\g_bw.g_wallace.u_tree.\genblk1.g_reduce.u_next.\genblk1.g_reduce.u_next.$and$/home/danieltyukov/workspace/personal/tt-ihp-int8-npu/src/npu_csa_reduce.sv:53$1857 ($and).
Removed top 2 bits (of 15) from port B of cell npu_core.$flatten\u_array.\g_row[1].g_col[1].u_pe.\u_mul.\g_bw.g_wallace.u_tree.\genblk1.g_reduce.u_next.$or$/home/danieltyukov/workspace/personal/tt-ihp-int8-npu/src/npu_csa_reduce.sv:53$1845 ($or).
Removed top 1 bits (of 16) from port Y of cell npu_core.$flatten\u_array.\g_row[1].g_col[0].u_pe.\u_mul.\g_bw.g_wallace.u_tree.\genblk1.g_reduce.u_next.\genblk1.g_reduce.u_next.$and$/home/danieltyukov/workspace/personal/tt-ihp-int8-npu/src/npu_csa_reduce.sv:53$1856 ($and).
Removed top 1 bits (of 16) from port A of cell npu_core.$flatten\u_array.\g_row[1].g_col[0].u_pe.\u_mul.\g_bw.g_wallace.u_tree.\genblk1.g_reduce.u_next.\genblk1.g_reduce.u_next.$and$/home/danieltyukov/workspace/personal/tt-ihp-int8-npu/src/npu_csa_reduce.sv:53$1856 ($and).
Removed top 1 bits (of 16) from port B of cell npu_core.$flatten\u_array.\g_row[1].g_col[0].u_pe.\u_mul.\g_bw.g_wallace.u_tree.\genblk1.g_reduce.u_next.\genblk1.g_reduce.u_next.$and$/home/danieltyukov/workspace/personal/tt-ihp-int8-npu/src/npu_csa_reduce.sv:53$1856 ($and).
Removed top 1 bits (of 16) from port Y of cell npu_core.$flatten\u_array.\g_row[1].g_col[0].u_pe.\u_mul.\g_bw.g_wallace.u_tree.\genblk1.g_reduce.u_next.\genblk1.g_reduce.u_next.$and$/home/danieltyukov/workspace/personal/tt-ihp-int8-npu/src/npu_csa_reduce.sv:53$1857 ($and).
Removed top 1 bits (of 16) from port A of cell npu_core.$flatten\u_array.\g_row[1].g_col[0].u_pe.\u_mul.\g_bw.g_wallace.u_tree.\genblk1.g_reduce.u_next.\genblk1.g_reduce.u_next.$and$/home/danieltyukov/workspace/personal/tt-ihp-int8-npu/src/npu_csa_reduce.sv:53$1857 ($and).
Removed top 1 bits (of 16) from port B of cell npu_core.$flatten\u_array.\g_row[1].g_col[0].u_pe.\u_mul.\g_bw.g_wallace.u_tree.\genblk1.g_reduce.u_next.\genblk1.g_reduce.u_next.$and$/home/danieltyukov/workspace/personal/tt-ihp-int8-npu/src/npu_csa_reduce.sv:53$1857 ($and).
Removed top 2 bits (of 15) from port B of cell npu_core.$flatten\u_array.\g_row[1].g_col[0].u_pe.\u_mul.\g_bw.g_wallace.u_tree.\genblk1.g_reduce.u_next.$or$/home/danieltyukov/workspace/personal/tt-ihp-int8-npu/src/npu_csa_reduce.sv:53$1845 ($or).
Removed top 1 bits (of 16) from port Y of cell npu_core.$flatten\u_array.\g_row[0].g_col[1].u_pe.\u_mul.\g_bw.g_wallace.u_tree.\genblk1.g_reduce.u_next.\genblk1.g_reduce.u_next.$and$/home/danieltyukov/workspace/personal/tt-ihp-int8-npu/src/npu_csa_reduce.sv:53$1856 ($and).
Removed top 1 bits (of 16) from port A of cell npu_core.$flatten\u_array.\g_row[0].g_col[1].u_pe.\u_mul.\g_bw.g_wallace.u_tree.\genblk1.g_reduce.u_next.\genblk1.g_reduce.u_next.$and$/home/danieltyukov/workspace/personal/tt-ihp-int8-npu/src/npu_csa_reduce.sv:53$1856 ($and).
Removed top 1 bits (of 16) from port B of cell npu_core.$flatten\u_array.\g_row[0].g_col[1].u_pe.\u_mul.\g_bw.g_wallace.u_tree.\genblk1.g_reduce.u_next.\genblk1.g_reduce.u_next.$and$/home/danieltyukov/workspace/personal/tt-ihp-int8-npu/src/npu_csa_reduce.sv:53$1856 ($and).
Removed top 1 bits (of 16) from port Y of cell npu_core.$flatten\u_array.\g_row[0].g_col[1].u_pe.\u_mul.\g_bw.g_wallace.u_tree.\genblk1.g_reduce.u_next.\genblk1.g_reduce.u_next.$and$/home/danieltyukov/workspace/personal/tt-ihp-int8-npu/src/npu_csa_reduce.sv:53$1857 ($and).
Removed top 1 bits (of 16) from port A of cell npu_core.$flatten\u_array.\g_row[0].g_col[1].u_pe.\u_mul.\g_bw.g_wallace.u_tree.\genblk1.g_reduce.u_next.\genblk1.g_reduce.u_next.$and$/home/danieltyukov/workspace/personal/tt-ihp-int8-npu/src/npu_csa_reduce.sv:53$1857 ($and).
Removed top 1 bits (of 16) from port B of cell npu_core.$flatten\u_array.\g_row[0].g_col[1].u_pe.\u_mul.\g_bw.g_wallace.u_tree.\genblk1.g_reduce.u_next.\genblk1.g_reduce.u_next.$and$/home/danieltyukov/workspace/personal/tt-ihp-int8-npu/src/npu_csa_reduce.sv:53$1857 ($and).
Removed top 2 bits (of 15) from port B of cell npu_core.$flatten\u_array.\g_row[0].g_col[1].u_pe.\u_mul.\g_bw.g_wallace.u_tree.\genblk1.g_reduce.u_next.$or$/home/danieltyukov/workspace/personal/tt-ihp-int8-npu/src/npu_csa_reduce.sv:53$1845 ($or).
Removed top 1 bits (of 16) from port Y of cell npu_core.$flatten\u_array.\g_row[0].g_col[0].u_pe.\u_mul.\g_bw.g_wallace.u_tree.\genblk1.g_reduce.u_next.\genblk1.g_reduce.u_next.$and$/home/danieltyukov/workspace/personal/tt-ihp-int8-npu/src/npu_csa_reduce.sv:53$1856 ($and).
Removed top 1 bits (of 16) from port A of cell npu_core.$flatten\u_array.\g_row[0].g_col[0].u_pe.\u_mul.\g_bw.g_wallace.u_tree.\genblk1.g_reduce.u_next.\genblk1.g_reduce.u_next.$and$/home/danieltyukov/workspace/personal/tt-ihp-int8-npu/src/npu_csa_reduce.sv:53$1856 ($and).
Removed top 1 bits (of 16) from port B of cell npu_core.$flatten\u_array.\g_row[0].g_col[0].u_pe.\u_mul.\g_bw.g_wallace.u_tree.\genblk1.g_reduce.u_next.\genblk1.g_reduce.u_next.$and$/home/danieltyukov/workspace/personal/tt-ihp-int8-npu/src/npu_csa_reduce.sv:53$1856 ($and).
Removed top 1 bits (of 16) from port Y of cell npu_core.$flatten\u_array.\g_row[0].g_col[0].u_pe.\u_mul.\g_bw.g_wallace.u_tree.\genblk1.g_reduce.u_next.\genblk1.g_reduce.u_next.$and$/home/danieltyukov/workspace/personal/tt-ihp-int8-npu/src/npu_csa_reduce.sv:53$1857 ($and).
Removed top 1 bits (of 16) from port A of cell npu_core.$flatten\u_array.\g_row[0].g_col[0].u_pe.\u_mul.\g_bw.g_wallace.u_tree.\genblk1.g_reduce.u_next.\genblk1.g_reduce.u_next.$and$/home/danieltyukov/workspace/personal/tt-ihp-int8-npu/src/npu_csa_reduce.sv:53$1857 ($and).
Removed top 1 bits (of 16) from port B of cell npu_core.$flatten\u_array.\g_row[0].g_col[0].u_pe.\u_mul.\g_bw.g_wallace.u_tree.\genblk1.g_reduce.u_next.\genblk1.g_reduce.u_next.$and$/home/danieltyukov/workspace/personal/tt-ihp-int8-npu/src/npu_csa_reduce.sv:53$1857 ($and).
Removed top 2 bits (of 15) from port B of cell npu_core.$flatten\u_array.\g_row[0].g_col[0].u_pe.\u_mul.\g_bw.g_wallace.u_tree.\genblk1.g_reduce.u_next.$or$/home/danieltyukov/workspace/personal/tt-ihp-int8-npu/src/npu_csa_reduce.sv:53$1845 ($or).
Removed top 1 bits (of 16) from port Y of cell npu_core.$flatten\u_array.\g_row[3].g_col[1].u_pe.\u_mul.\g_bw.g_wallace.u_tree.\genblk1.g_reduce.u_next.\genblk1.g_reduce.u_next.$and$/home/danieltyukov/workspace/personal/tt-ihp-int8-npu/src/npu_csa_reduce.sv:53$1856 ($and).
Removed top 1 bits (of 16) from port A of cell npu_core.$flatten\u_array.\g_row[3].g_col[1].u_pe.\u_mul.\g_bw.g_wallace.u_tree.\genblk1.g_reduce.u_next.\genblk1.g_reduce.u_next.$and$/home/danieltyukov/workspace/personal/tt-ihp-int8-npu/src/npu_csa_reduce.sv:53$1856 ($and).
Removed top 1 bits (of 16) from port B of cell npu_core.$flatten\u_array.\g_row[3].g_col[1].u_pe.\u_mul.\g_bw.g_wallace.u_tree.\genblk1.g_reduce.u_next.\genblk1.g_reduce.u_next.$and$/home/danieltyukov/workspace/personal/tt-ihp-int8-npu/src/npu_csa_reduce.sv:53$1856 ($and).
Removed top 1 bits (of 16) from port Y of cell npu_core.$flatten\u_array.\g_row[3].g_col[1].u_pe.\u_mul.\g_bw.g_wallace.u_tree.\genblk1.g_reduce.u_next.\genblk1.g_reduce.u_next.$and$/home/danieltyukov/workspace/personal/tt-ihp-int8-npu/src/npu_csa_reduce.sv:53$1857 ($and).
Removed top 1 bits (of 16) from port A of cell npu_core.$flatten\u_array.\g_row[3].g_col[1].u_pe.\u_mul.\g_bw.g_wallace.u_tree.\genblk1.g_reduce.u_next.\genblk1.g_reduce.u_next.$and$/home/danieltyukov/workspace/personal/tt-ihp-int8-npu/src/npu_csa_reduce.sv:53$1857 ($and).
Removed top 1 bits (of 16) from port B of cell npu_core.$flatten\u_array.\g_row[3].g_col[1].u_pe.\u_mul.\g_bw.g_wallace.u_tree.\genblk1.g_reduce.u_next.\genblk1.g_reduce.u_next.$and$/home/danieltyukov/workspace/personal/tt-ihp-int8-npu/src/npu_csa_reduce.sv:53$1857 ($and).
Removed top 2 bits (of 15) from port B of cell npu_core.$flatten\u_array.\g_row[3].g_col[1].u_pe.\u_mul.\g_bw.g_wallace.u_tree.\genblk1.g_reduce.u_next.$or$/home/danieltyukov/workspace/personal/tt-ihp-int8-npu/src/npu_csa_reduce.sv:53$1845 ($or).
Removed top 5 bits (of 16) from port A of cell npu_core.$flatten\u_array.\g_row[3].g_col[0].u_pe.\u_mul.\g_bw.g_wallace.u_tree.\genblk1.g_reduce.u_next.$xor$/home/danieltyukov/workspace/personal/tt-ihp-int8-npu/src/npu_csa_reduce.sv:49$1840 ($xor).
Removed top 3 bits (of 16) from port Y of cell npu_core.$flatten\u_array.\g_row[3].g_col[0].u_pe.\u_mul.\g_bw.g_wallace.u_tree.\genblk1.g_reduce.u_next.$xor$/home/danieltyukov/workspace/personal/tt-ihp-int8-npu/src/npu_csa_reduce.sv:49$1840 ($xor).
Removed top 5 bits (of 16) from port A of cell npu_core.$flatten\u_array.\g_row[2].g_col[1].u_pe.\u_mul.\g_bw.g_wallace.u_tree.\genblk1.g_reduce.u_next.$xor$/home/danieltyukov/workspace/personal/tt-ihp-int8-npu/src/npu_csa_reduce.sv:49$1840 ($xor).
Removed top 3 bits (of 16) from port Y of cell npu_core.$flatten\u_array.\g_row[2].g_col[1].u_pe.\u_mul.\g_bw.g_wallace.u_tree.\genblk1.g_reduce.u_next.$xor$/home/danieltyukov/workspace/personal/tt-ihp-int8-npu/src/npu_csa_reduce.sv:49$1840 ($xor).
Removed top 5 bits (of 16) from port A of cell npu_core.$flatten\u_array.\g_row[2].g_col[0].u_pe.\u_mul.\g_bw.g_wallace.u_tree.\genblk1.g_reduce.u_next.$xor$/home/danieltyukov/workspace/personal/tt-ihp-int8-npu/src/npu_csa_reduce.sv:49$1840 ($xor).
Removed top 3 bits (of 16) from port Y of cell npu_core.$flatten\u_array.\g_row[2].g_col[0].u_pe.\u_mul.\g_bw.g_wallace.u_tree.\genblk1.g_reduce.u_next.$xor$/home/danieltyukov/workspace/personal/tt-ihp-int8-npu/src/npu_csa_reduce.sv:49$1840 ($xor).
Removed top 5 bits (of 16) from port A of cell npu_core.$flatten\u_array.\g_row[1].g_col[1].u_pe.\u_mul.\g_bw.g_wallace.u_tree.\genblk1.g_reduce.u_next.$xor$/home/danieltyukov/workspace/personal/tt-ihp-int8-npu/src/npu_csa_reduce.sv:49$1840 ($xor).
Removed top 3 bits (of 16) from port Y of cell npu_core.$flatten\u_array.\g_row[1].g_col[1].u_pe.\u_mul.\g_bw.g_wallace.u_tree.\genblk1.g_reduce.u_next.$xor$/home/danieltyukov/workspace/personal/tt-ihp-int8-npu/src/npu_csa_reduce.sv:49$1840 ($xor).
Removed top 5 bits (of 16) from port A of cell npu_core.$flatten\u_array.\g_row[1].g_col[0].u_pe.\u_mul.\g_bw.g_wallace.u_tree.\genblk1.g_reduce.u_next.$xor$/home/danieltyukov/workspace/personal/tt-ihp-int8-npu/src/npu_csa_reduce.sv:49$1840 ($xor).
Removed top 3 bits (of 16) from port Y of cell npu_core.$flatten\u_array.\g_row[1].g_col[0].u_pe.\u_mul.\g_bw.g_wallace.u_tree.\genblk1.g_reduce.u_next.$xor$/home/danieltyukov/workspace/personal/tt-ihp-int8-npu/src/npu_csa_reduce.sv:49$1840 ($xor).
Removed top 5 bits (of 16) from port A of cell npu_core.$flatten\u_array.\g_row[0].g_col[1].u_pe.\u_mul.\g_bw.g_wallace.u_tree.\genblk1.g_reduce.u_next.$xor$/home/danieltyukov/workspace/personal/tt-ihp-int8-npu/src/npu_csa_reduce.sv:49$1840 ($xor).
Removed top 3 bits (of 16) from port Y of cell npu_core.$flatten\u_array.\g_row[0].g_col[1].u_pe.\u_mul.\g_bw.g_wallace.u_tree.\genblk1.g_reduce.u_next.$xor$/home/danieltyukov/workspace/personal/tt-ihp-int8-npu/src/npu_csa_reduce.sv:49$1840 ($xor).
Removed top 5 bits (of 16) from port A of cell npu_core.$flatten\u_array.\g_row[0].g_col[0].u_pe.\u_mul.\g_bw.g_wallace.u_tree.\genblk1.g_reduce.u_next.$xor$/home/danieltyukov/workspace/personal/tt-ihp-int8-npu/src/npu_csa_reduce.sv:49$1840 ($xor).
Removed top 3 bits (of 16) from port Y of cell npu_core.$flatten\u_array.\g_row[0].g_col[0].u_pe.\u_mul.\g_bw.g_wallace.u_tree.\genblk1.g_reduce.u_next.$xor$/home/danieltyukov/workspace/personal/tt-ihp-int8-npu/src/npu_csa_reduce.sv:49$1840 ($xor).
Removed top 5 bits (of 16) from port A of cell npu_core.$flatten\u_array.\g_row[3].g_col[1].u_pe.\u_mul.\g_bw.g_wallace.u_tree.\genblk1.g_reduce.u_next.$xor$/home/danieltyukov/workspace/personal/tt-ihp-int8-npu/src/npu_csa_reduce.sv:49$1840 ($xor).
Removed top 3 bits (of 16) from port Y of cell npu_core.$flatten\u_array.\g_row[3].g_col[1].u_pe.\u_mul.\g_bw.g_wallace.u_tree.\genblk1.g_reduce.u_next.$xor$/home/danieltyukov/workspace/personal/tt-ihp-int8-npu/src/npu_csa_reduce.sv:49$1840 ($xor).
Removed top 26 bits (of 32) from wire npu_core.$add$/home/danieltyukov/workspace/personal/tt-ihp-int8-npu/src/npu_core.sv:0$594_Y.
Removed top 26 bits (of 32) from wire npu_core.$add$/home/danieltyukov/workspace/personal/tt-ihp-int8-npu/src/npu_core.sv:0$598_Y.
Removed top 24 bits (of 32) from wire npu_core.$add$/home/danieltyukov/workspace/personal/tt-ihp-int8-npu/src/npu_core.sv:0$694_Y.
Removed top 23 bits (of 32) from wire npu_core.$add$/home/danieltyukov/workspace/personal/tt-ihp-int8-npu/src/npu_core.sv:0$741_Y.
Removed top 7 bits (of 16) from wire npu_core.$flatten\u_array.\g_row[0].g_col[0].u_pe.\u_mul.\g_bw.g_wallace.u_tree.$and$/home/danieltyukov/workspace/personal/tt-ihp-int8-npu/src/npu_csa_reduce.sv:53$1715_Y.
Removed top 6 bits (of 16) from wire npu_core.$flatten\u_array.\g_row[0].g_col[0].u_pe.\u_mul.\g_bw.g_wallace.u_tree.$and$/home/danieltyukov/workspace/personal/tt-ihp-int8-npu/src/npu_csa_reduce.sv:53$1716_Y.
Removed top 6 bits (of 16) from wire npu_core.$flatten\u_array.\g_row[0].g_col[0].u_pe.\u_mul.\g_bw.g_wallace.u_tree.$and$/home/danieltyukov/workspace/personal/tt-ihp-int8-npu/src/npu_csa_reduce.sv:53$1718_Y.
Removed top 4 bits (of 16) from wire npu_core.$flatten\u_array.\g_row[0].g_col[0].u_pe.\u_mul.\g_bw.g_wallace.u_tree.$and$/home/danieltyukov/workspace/personal/tt-ihp-int8-npu/src/npu_csa_reduce.sv:53$1722_Y.
Removed top 3 bits (of 16) from wire npu_core.$flatten\u_array.\g_row[0].g_col[0].u_pe.\u_mul.\g_bw.g_wallace.u_tree.$and$/home/danieltyukov/workspace/personal/tt-ihp-int8-npu/src/npu_csa_reduce.sv:53$1723_Y.
Removed top 3 bits (of 16) from wire npu_core.$flatten\u_array.\g_row[0].g_col[0].u_pe.\u_mul.\g_bw.g_wallace.u_tree.$and$/home/danieltyukov/workspace/personal/tt-ihp-int8-npu/src/npu_csa_reduce.sv:53$1725_Y.
Removed top 1 bits (of 16) from wire npu_core.$flatten\u_array.\g_row[0].g_col[0].u_pe.\u_mul.\g_bw.g_wallace.u_tree.$and$/home/danieltyukov/workspace/personal/tt-ihp-int8-npu/src/npu_csa_reduce.sv:53$1729_Y.
Removed top 9 bits (of 16) from wire npu_core.$flatten\u_array.\g_row[0].g_col[0].u_pe.\u_mul.\g_bw.g_wallace.u_tree.$or$/home/danieltyukov/workspace/personal/tt-ihp-int8-npu/src/npu_csa_reduce.sv:53$1717_Y.
Removed top 5 bits (of 16) from wire npu_core.$flatten\u_array.\g_row[0].g_col[0].u_pe.\u_mul.\g_bw.g_wallace.u_tree.$or$/home/danieltyukov/workspace/personal/tt-ihp-int8-npu/src/npu_csa_reduce.sv:53$1724_Y.
Removed top 1 bits (of 16) from wire npu_core.$flatten\u_array.\g_row[0].g_col[0].u_pe.\u_mul.\g_bw.g_wallace.u_tree.$or$/home/danieltyukov/workspace/personal/tt-ihp-int8-npu/src/npu_csa_reduce.sv:53$1731_Y.
Removed top 13 bits (of 16) from wire npu_core.$flatten\u_array.\g_row[0].g_col[0].u_pe.\u_mul.\g_bw.g_wallace.u_tree.$xor$/home/danieltyukov/workspace/personal/tt-ihp-int8-npu/src/npu_csa_reduce.sv:49$1713_Y.
Removed top 15 bits (of 16) from wire npu_core.$flatten\u_array.\g_row[0].g_col[0].u_pe.\u_mul.\g_bw.g_wallace.u_tree.$xor$/home/danieltyukov/workspace/personal/tt-ihp-int8-npu/src/npu_csa_reduce.sv:49$1720_Y.
Removed top 1 bits (of 16) from wire npu_core.$flatten\u_array.\g_row[0].g_col[0].u_pe.\u_mul.\g_bw.g_wallace.u_tree.$xor$/home/danieltyukov/workspace/personal/tt-ihp-int8-npu/src/npu_csa_reduce.sv:49$1727_Y.
Removed top 1 bits (of 16) from wire npu_core.$flatten\u_array.\g_row[0].g_col[0].u_pe.\u_mul.\g_bw.g_wallace.u_tree.\genblk1.g_reduce.u_next.$and$/home/danieltyukov/workspace/personal/tt-ihp-int8-npu/src/npu_csa_reduce.sv:53$1841_Y.
Removed top 5 bits (of 16) from wire npu_core.$flatten\u_array.\g_row[0].g_col[0].u_pe.\u_mul.\g_bw.g_wallace.u_tree.\genblk1.g_reduce.u_next.$xor$/home/danieltyukov/workspace/personal/tt-ihp-int8-npu/src/npu_csa_reduce.sv:49$1839_Y.
Removed top 1 bits (of 16) from wire npu_core.$flatten\u_array.\g_row[0].g_col[0].u_pe.\u_mul.\g_bw.g_wallace.u_tree.\genblk1.g_reduce.u_next.\genblk1.g_reduce.u_next.$and$/home/danieltyukov/workspace/personal/tt-ihp-int8-npu/src/npu_csa_reduce.sv:53$1856_Y.
Removed top 1 bits (of 16) from wire npu_core.$flatten\u_array.\g_row[0].g_col[0].u_pe.\u_mul.\g_bw.g_wallace.u_tree.\genblk1.g_reduce.u_next.\genblk1.g_reduce.u_next.$and$/home/danieltyukov/workspace/personal/tt-ihp-int8-npu/src/npu_csa_reduce.sv:53$1857_Y.
Removed top 9 bits (of 16) from wire npu_core.$flatten\u_array.\g_row[0].g_col[0].u_pe.\u_mul.\g_bw.g_wallace.u_tree.\genblk1.g_reduce.u_next.\genblk1.g_reduce.u_next.$or$/home/danieltyukov/workspace/personal/tt-ihp-int8-npu/src/npu_csa_reduce.sv:53$1858_Y.
Removed top 7 bits (of 16) from wire npu_core.$flatten\u_array.\g_row[0].g_col[1].u_pe.\u_mul.\g_bw.g_wallace.u_tree.$and$/home/danieltyukov/workspace/personal/tt-ihp-int8-npu/src/npu_csa_reduce.sv:53$1715_Y.
Removed top 6 bits (of 16) from wire npu_core.$flatten\u_array.\g_row[0].g_col[1].u_pe.\u_mul.\g_bw.g_wallace.u_tree.$and$/home/danieltyukov/workspace/personal/tt-ihp-int8-npu/src/npu_csa_reduce.sv:53$1716_Y.
Removed top 6 bits (of 16) from wire npu_core.$flatten\u_array.\g_row[0].g_col[1].u_pe.\u_mul.\g_bw.g_wallace.u_tree.$and$/home/danieltyukov/workspace/personal/tt-ihp-int8-npu/src/npu_csa_reduce.sv:53$1718_Y.
Removed top 4 bits (of 16) from wire npu_core.$flatten\u_array.\g_row[0].g_col[1].u_pe.\u_mul.\g_bw.g_wallace.u_tree.$and$/home/danieltyukov/workspace/personal/tt-ihp-int8-npu/src/npu_csa_reduce.sv:53$1722_Y.
Removed top 3 bits (of 16) from wire npu_core.$flatten\u_array.\g_row[0].g_col[1].u_pe.\u_mul.\g_bw.g_wallace.u_tree.$and$/home/danieltyukov/workspace/personal/tt-ihp-int8-npu/src/npu_csa_reduce.sv:53$1723_Y.
Removed top 3 bits (of 16) from wire npu_core.$flatten\u_array.\g_row[0].g_col[1].u_pe.\u_mul.\g_bw.g_wallace.u_tree.$and$/home/danieltyukov/workspace/personal/tt-ihp-int8-npu/src/npu_csa_reduce.sv:53$1725_Y.
Removed top 1 bits (of 16) from wire npu_core.$flatten\u_array.\g_row[0].g_col[1].u_pe.\u_mul.\g_bw.g_wallace.u_tree.$and$/home/danieltyukov/workspace/personal/tt-ihp-int8-npu/src/npu_csa_reduce.sv:53$1729_Y.
Removed top 6 bits (of 16) from wire npu_core.$flatten\u_array.\g_row[0].g_col[1].u_pe.\u_mul.\g_bw.g_wallace.u_tree.$or$/home/danieltyukov/workspace/personal/tt-ihp-int8-npu/src/npu_csa_reduce.sv:53$1717_Y.
Removed top 1 bits (of 16) from wire npu_core.$flatten\u_array.\g_row[0].g_col[1].u_pe.\u_mul.\g_bw.g_wallace.u_tree.$or$/home/danieltyukov/workspace/personal/tt-ihp-int8-npu/src/npu_csa_reduce.sv:53$1731_Y.
Removed top 1 bits (of 16) from wire npu_core.$flatten\u_array.\g_row[0].g_col[1].u_pe.\u_mul.\g_bw.g_wallace.u_tree.$xor$/home/danieltyukov/workspace/personal/tt-ihp-int8-npu/src/npu_csa_reduce.sv:49$1727_Y.
Removed top 1 bits (of 16) from wire npu_core.$flatten\u_array.\g_row[0].g_col[1].u_pe.\u_mul.\g_bw.g_wallace.u_tree.\genblk1.g_reduce.u_next.$and$/home/danieltyukov/workspace/personal/tt-ihp-int8-npu/src/npu_csa_reduce.sv:53$1841_Y.
Removed top 1 bits (of 16) from wire npu_core.$flatten\u_array.\g_row[0].g_col[1].u_pe.\u_mul.\g_bw.g_wallace.u_tree.\genblk1.g_reduce.u_next.$and$/home/danieltyukov/workspace/personal/tt-ihp-int8-npu/src/npu_csa_reduce.sv:53$1842_Y.
Removed top 3 bits (of 16) from wire npu_core.$flatten\u_array.\g_row[0].g_col[1].u_pe.\u_mul.\g_bw.g_wallace.u_tree.\genblk1.g_reduce.u_next.$and$/home/danieltyukov/workspace/personal/tt-ihp-int8-npu/src/npu_csa_reduce.sv:53$1844_Y.
Removed top 1 bits (of 16) from wire npu_core.$flatten\u_array.\g_row[0].g_col[1].u_pe.\u_mul.\g_bw.g_wallace.u_tree.\genblk1.g_reduce.u_next.$and$/home/danieltyukov/workspace/personal/tt-ihp-int8-npu/src/npu_csa_reduce.sv:53$1848_Y.
Removed top 1 bits (of 16) from wire npu_core.$flatten\u_array.\g_row[0].g_col[1].u_pe.\u_mul.\g_bw.g_wallace.u_tree.\genblk1.g_reduce.u_next.$and$/home/danieltyukov/workspace/personal/tt-ihp-int8-npu/src/npu_csa_reduce.sv:53$1849_Y.
Removed top 1 bits (of 16) from wire npu_core.$flatten\u_array.\g_row[0].g_col[1].u_pe.\u_mul.\g_bw.g_wallace.u_tree.\genblk1.g_reduce.u_next.$and$/home/danieltyukov/workspace/personal/tt-ihp-int8-npu/src/npu_csa_reduce.sv:53$1851_Y.
Removed top 1 bits (of 16) from wire npu_core.$flatten\u_array.\g_row[0].g_col[1].u_pe.\u_mul.\g_bw.g_wallace.u_tree.\genblk1.g_reduce.u_next.$or$/home/danieltyukov/workspace/personal/tt-ihp-int8-npu/src/npu_csa_reduce.sv:53$1850_Y.
Removed top 1 bits (of 16) from wire npu_core.$flatten\u_array.\g_row[0].g_col[1].u_pe.\u_mul.\g_bw.g_wallace.u_tree.\genblk1.g_reduce.u_next.\genblk1.g_reduce.u_next.$and$/home/danieltyukov/workspace/personal/tt-ihp-int8-npu/src/npu_csa_reduce.sv:53$1856_Y.
Removed top 1 bits (of 16) from wire npu_core.$flatten\u_array.\g_row[0].g_col[1].u_pe.\u_mul.\g_bw.g_wallace.u_tree.\genblk1.g_reduce.u_next.\genblk1.g_reduce.u_next.$and$/home/danieltyukov/workspace/personal/tt-ihp-int8-npu/src/npu_csa_reduce.sv:53$1857_Y.
Removed top 1 bits (of 16) from wire npu_core.$flatten\u_array.\g_row[0].g_col[1].u_pe.\u_mul.\g_bw.g_wallace.u_tree.\genblk1.g_reduce.u_next.\genblk1.g_reduce.u_next.$and$/home/danieltyukov/workspace/personal/tt-ihp-int8-npu/src/npu_csa_reduce.sv:53$1859_Y.
Removed top 9 bits (of 16) from wire npu_core.$flatten\u_array.\g_row[0].g_col[1].u_pe.\u_mul.\g_bw.g_wallace.u_tree.\genblk1.g_reduce.u_next.\genblk1.g_reduce.u_next.\genblk1.g_reduce.u_next.$and$/home/danieltyukov/workspace/personal/tt-ihp-int8-npu/src/npu_csa_reduce.sv:53$1707_Y.
Removed top 1 bits (of 16) from wire npu_core.$flatten\u_array.\g_row[0].g_col[1].u_pe.\u_mul.\g_bw.g_wallace.u_tree.\genblk1.g_reduce.u_next.\genblk1.g_reduce.u_next.\genblk1.g_reduce.u_next.$and$/home/danieltyukov/workspace/personal/tt-ihp-int8-npu/src/npu_csa_reduce.sv:53$1708_Y.
Removed top 1 bits (of 16) from wire npu_core.$flatten\u_array.\g_row[0].g_col[1].u_pe.\u_mul.\g_bw.g_wallace.u_tree.\genblk1.g_reduce.u_next.\genblk1.g_reduce.u_next.\genblk1.g_reduce.u_next.$and$/home/danieltyukov/workspace/personal/tt-ihp-int8-npu/src/npu_csa_reduce.sv:53$1710_Y.
Removed top 1 bits (of 16) from wire npu_core.$flatten\u_array.\g_row[0].g_col[1].u_pe.\u_mul.\g_bw.g_wallace.u_tree.\genblk1.g_reduce.u_next.\genblk1.g_reduce.u_next.\genblk1.g_reduce.u_next.$or$/home/danieltyukov/workspace/personal/tt-ihp-int8-npu/src/npu_csa_reduce.sv:53$1709_Y.
Removed top 7 bits (of 16) from wire npu_core.$flatten\u_array.\g_row[1].g_col[0].u_pe.\u_mul.\g_bw.g_wallace.u_tree.$and$/home/danieltyukov/workspace/personal/tt-ihp-int8-npu/src/npu_csa_reduce.sv:53$1715_Y.
Removed top 6 bits (of 16) from wire npu_core.$flatten\u_array.\g_row[1].g_col[0].u_pe.\u_mul.\g_bw.g_wallace.u_tree.$and$/home/danieltyukov/workspace/personal/tt-ihp-int8-npu/src/npu_csa_reduce.sv:53$1716_Y.
Removed top 1 bits (of 16) from wire npu_core.$flatten\u_array.\g_row[1].g_col[0].u_pe.\u_mul.\g_bw.g_wallace.u_tree.$and$/home/danieltyukov/workspace/personal/tt-ihp-int8-npu/src/npu_csa_reduce.sv:53$1729_Y.
Removed top 1 bits (of 16) from wire npu_core.$flatten\u_array.\g_row[1].g_col[0].u_pe.\u_mul.\g_bw.g_wallace.u_tree.$or$/home/danieltyukov/workspace/personal/tt-ihp-int8-npu/src/npu_csa_reduce.sv:53$1731_Y.
Removed top 1 bits (of 16) from wire npu_core.$flatten\u_array.\g_row[1].g_col[0].u_pe.\u_mul.\g_bw.g_wallace.u_tree.$xor$/home/danieltyukov/workspace/personal/tt-ihp-int8-npu/src/npu_csa_reduce.sv:49$1727_Y.
Removed top 1 bits (of 16) from wire npu_core.$flatten\u_array.\g_row[1].g_col[0].u_pe.\u_mul.\g_bw.g_wallace.u_tree.\genblk1.g_reduce.u_next.$and$/home/danieltyukov/workspace/personal/tt-ihp-int8-npu/src/npu_csa_reduce.sv:53$1841_Y.
Removed top 8 bits (of 16) from wire npu_core.$flatten\u_array.\g_row[1].g_col[0].u_pe.\u_mul.\g_bw.g_wallace.u_tree.\genblk1.g_reduce.u_next.$and$/home/danieltyukov/workspace/personal/tt-ihp-int8-npu/src/npu_csa_reduce.sv:53$1849_Y.
Removed top 1 bits (of 16) from wire npu_core.$flatten\u_array.\g_row[1].g_col[0].u_pe.\u_mul.\g_bw.g_wallace.u_tree.\genblk1.g_reduce.u_next.$and$/home/danieltyukov/workspace/personal/tt-ihp-int8-npu/src/npu_csa_reduce.sv:53$1851_Y.
Removed top 1 bits (of 16) from wire npu_core.$flatten\u_array.\g_row[1].g_col[0].u_pe.\u_mul.\g_bw.g_wallace.u_tree.\genblk1.g_reduce.u_next.$or$/home/danieltyukov/workspace/personal/tt-ihp-int8-npu/src/npu_csa_reduce.sv:53$1850_Y.
Removed top 5 bits (of 16) from wire npu_core.$flatten\u_array.\g_row[1].g_col[0].u_pe.\u_mul.\g_bw.g_wallace.u_tree.\genblk1.g_reduce.u_next.$xor$/home/danieltyukov/workspace/personal/tt-ihp-int8-npu/src/npu_csa_reduce.sv:49$1839_Y.
Removed top 1 bits (of 16) from wire npu_core.$flatten\u_array.\g_row[1].g_col[0].u_pe.\u_mul.\g_bw.g_wallace.u_tree.\genblk1.g_reduce.u_next.\genblk1.g_reduce.u_next.$and$/home/danieltyukov/workspace/personal/tt-ihp-int8-npu/src/npu_csa_reduce.sv:53$1856_Y.
Removed top 1 bits (of 16) from wire npu_core.$flatten\u_array.\g_row[1].g_col[0].u_pe.\u_mul.\g_bw.g_wallace.u_tree.\genblk1.g_reduce.u_next.\genblk1.g_reduce.u_next.$and$/home/danieltyukov/workspace/personal/tt-ihp-int8-npu/src/npu_csa_reduce.sv:53$1857_Y.
Removed top 1 bits (of 16) from wire npu_core.$flatten\u_array.\g_row[1].g_col[0].u_pe.\u_mul.\g_bw.g_wallace.u_tree.\genblk1.g_reduce.u_next.\genblk1.g_reduce.u_next.$and$/home/danieltyukov/workspace/personal/tt-ihp-int8-npu/src/npu_csa_reduce.sv:53$1859_Y.
Removed top 1 bits (of 16) from wire npu_core.$flatten\u_array.\g_row[1].g_col[0].u_pe.\u_mul.\g_bw.g_wallace.u_tree.\genblk1.g_reduce.u_next.\genblk1.g_reduce.u_next.$or$/home/danieltyukov/workspace/personal/tt-ihp-int8-npu/src/npu_csa_reduce.sv:53$1858_Y.
Removed top 1 bits (of 16) from wire npu_core.$flatten\u_array.\g_row[1].g_col[0].u_pe.\u_mul.\g_bw.g_wallace.u_tree.\genblk1.g_reduce.u_next.\genblk1.g_reduce.u_next.\genblk1.g_reduce.u_next.$and$/home/danieltyukov/workspace/personal/tt-ihp-int8-npu/src/npu_csa_reduce.sv:53$1707_Y.
Removed top 8 bits (of 16) from wire npu_core.$flatten\u_array.\g_row[1].g_col[0].u_pe.\u_mul.\g_bw.g_wallace.u_tree.\genblk1.g_reduce.u_next.\genblk1.g_reduce.u_next.\genblk1.g_reduce.u_next.$and$/home/danieltyukov/workspace/personal/tt-ihp-int8-npu/src/npu_csa_reduce.sv:53$1710_Y.
Removed top 7 bits (of 16) from wire npu_core.$flatten\u_array.\g_row[1].g_col[1].u_pe.\u_mul.\g_bw.g_wallace.u_tree.$and$/home/danieltyukov/workspace/personal/tt-ihp-int8-npu/src/npu_csa_reduce.sv:53$1715_Y.
Removed top 6 bits (of 16) from wire npu_core.$flatten\u_array.\g_row[1].g_col[1].u_pe.\u_mul.\g_bw.g_wallace.u_tree.$and$/home/danieltyukov/workspace/personal/tt-ihp-int8-npu/src/npu_csa_reduce.sv:53$1716_Y.
Removed top 6 bits (of 16) from wire npu_core.$flatten\u_array.\g_row[1].g_col[1].u_pe.\u_mul.\g_bw.g_wallace.u_tree.$and$/home/danieltyukov/workspace/personal/tt-ihp-int8-npu/src/npu_csa_reduce.sv:53$1718_Y.
Removed top 4 bits (of 16) from wire npu_core.$flatten\u_array.\g_row[1].g_col[1].u_pe.\u_mul.\g_bw.g_wallace.u_tree.$and$/home/danieltyukov/workspace/personal/tt-ihp-int8-npu/src/npu_csa_reduce.sv:53$1722_Y.
Removed top 3 bits (of 16) from wire npu_core.$flatten\u_array.\g_row[1].g_col[1].u_pe.\u_mul.\g_bw.g_wallace.u_tree.$and$/home/danieltyukov/workspace/personal/tt-ihp-int8-npu/src/npu_csa_reduce.sv:53$1723_Y.
Removed top 3 bits (of 16) from wire npu_core.$flatten\u_array.\g_row[1].g_col[1].u_pe.\u_mul.\g_bw.g_wallace.u_tree.$and$/home/danieltyukov/workspace/personal/tt-ihp-int8-npu/src/npu_csa_reduce.sv:53$1725_Y.
Removed top 1 bits (of 16) from wire npu_core.$flatten\u_array.\g_row[1].g_col[1].u_pe.\u_mul.\g_bw.g_wallace.u_tree.$and$/home/danieltyukov/workspace/personal/tt-ihp-int8-npu/src/npu_csa_reduce.sv:53$1729_Y.
Removed top 7 bits (of 16) from wire npu_core.$flatten\u_array.\g_row[1].g_col[1].u_pe.\u_mul.\g_bw.g_wallace.u_tree.$or$/home/danieltyukov/workspace/personal/tt-ihp-int8-npu/src/npu_csa_reduce.sv:53$1717_Y.
Removed top 15 bits (of 16) from wire npu_core.$flatten\u_array.\g_row[1].g_col[1].u_pe.\u_mul.\g_bw.g_wallace.u_tree.$or$/home/danieltyukov/workspace/personal/tt-ihp-int8-npu/src/npu_csa_reduce.sv:53$1724_Y.
Removed top 1 bits (of 16) from wire npu_core.$flatten\u_array.\g_row[1].g_col[1].u_pe.\u_mul.\g_bw.g_wallace.u_tree.$or$/home/danieltyukov/workspace/personal/tt-ihp-int8-npu/src/npu_csa_reduce.sv:53$1731_Y.
Removed top 15 bits (of 16) from wire npu_core.$flatten\u_array.\g_row[1].g_col[1].u_pe.\u_mul.\g_bw.g_wallace.u_tree.$xor$/home/danieltyukov/workspace/personal/tt-ihp-int8-npu/src/npu_csa_reduce.sv:49$1720_Y.
Removed top 1 bits (of 16) from wire npu_core.$flatten\u_array.\g_row[1].g_col[1].u_pe.\u_mul.\g_bw.g_wallace.u_tree.$xor$/home/danieltyukov/workspace/personal/tt-ihp-int8-npu/src/npu_csa_reduce.sv:49$1727_Y.
Removed top 1 bits (of 16) from wire npu_core.$flatten\u_array.\g_row[1].g_col[1].u_pe.\u_mul.\g_bw.g_wallace.u_tree.\genblk1.g_reduce.u_next.$and$/home/danieltyukov/workspace/personal/tt-ihp-int8-npu/src/npu_csa_reduce.sv:53$1841_Y.
Removed top 12 bits (of 16) from wire npu_core.$flatten\u_array.\g_row[1].g_col[1].u_pe.\u_mul.\g_bw.g_wallace.u_tree.\genblk1.g_reduce.u_next.$and$/home/danieltyukov/workspace/personal/tt-ihp-int8-npu/src/npu_csa_reduce.sv:53$1842_Y.
Removed top 3 bits (of 16) from wire npu_core.$flatten\u_array.\g_row[1].g_col[1].u_pe.\u_mul.\g_bw.g_wallace.u_tree.\genblk1.g_reduce.u_next.$and$/home/danieltyukov/workspace/personal/tt-ihp-int8-npu/src/npu_csa_reduce.sv:53$1844_Y.
Removed top 12 bits (of 16) from wire npu_core.$flatten\u_array.\g_row[1].g_col[1].u_pe.\u_mul.\g_bw.g_wallace.u_tree.\genblk1.g_reduce.u_next.$and$/home/danieltyukov/workspace/personal/tt-ihp-int8-npu/src/npu_csa_reduce.sv:53$1848_Y.
Removed top 1 bits (of 16) from wire npu_core.$flatten\u_array.\g_row[1].g_col[1].u_pe.\u_mul.\g_bw.g_wallace.u_tree.\genblk1.g_reduce.u_next.$and$/home/danieltyukov/workspace/personal/tt-ihp-int8-npu/src/npu_csa_reduce.sv:53$1849_Y.
Removed top 1 bits (of 16) from wire npu_core.$flatten\u_array.\g_row[1].g_col[1].u_pe.\u_mul.\g_bw.g_wallace.u_tree.\genblk1.g_reduce.u_next.$and$/home/danieltyukov/workspace/personal/tt-ihp-int8-npu/src/npu_csa_reduce.sv:53$1851_Y.
Removed top 1 bits (of 16) from wire npu_core.$flatten\u_array.\g_row[1].g_col[1].u_pe.\u_mul.\g_bw.g_wallace.u_tree.\genblk1.g_reduce.u_next.$or$/home/danieltyukov/workspace/personal/tt-ihp-int8-npu/src/npu_csa_reduce.sv:53$1843_Y.
Removed top 5 bits (of 16) from wire npu_core.$flatten\u_array.\g_row[1].g_col[1].u_pe.\u_mul.\g_bw.g_wallace.u_tree.\genblk1.g_reduce.u_next.$xor$/home/danieltyukov/workspace/personal/tt-ihp-int8-npu/src/npu_csa_reduce.sv:49$1839_Y.
Removed top 1 bits (of 16) from wire npu_core.$flatten\u_array.\g_row[1].g_col[1].u_pe.\u_mul.\g_bw.g_wallace.u_tree.\genblk1.g_reduce.u_next.\genblk1.g_reduce.u_next.$and$/home/danieltyukov/workspace/personal/tt-ihp-int8-npu/src/npu_csa_reduce.sv:53$1856_Y.
Removed top 1 bits (of 16) from wire npu_core.$flatten\u_array.\g_row[1].g_col[1].u_pe.\u_mul.\g_bw.g_wallace.u_tree.\genblk1.g_reduce.u_next.\genblk1.g_reduce.u_next.$and$/home/danieltyukov/workspace/personal/tt-ihp-int8-npu/src/npu_csa_reduce.sv:53$1857_Y.
Removed top 1 bits (of 16) from wire npu_core.$flatten\u_array.\g_row[1].g_col[1].u_pe.\u_mul.\g_bw.g_wallace.u_tree.\genblk1.g_reduce.u_next.\genblk1.g_reduce.u_next.$and$/home/danieltyukov/workspace/personal/tt-ihp-int8-npu/src/npu_csa_reduce.sv:53$1859_Y.
Removed top 12 bits (of 16) from wire npu_core.$flatten\u_array.\g_row[1].g_col[1].u_pe.\u_mul.\g_bw.g_wallace.u_tree.\genblk1.g_reduce.u_next.\genblk1.g_reduce.u_next.$or$/home/danieltyukov/workspace/personal/tt-ihp-int8-npu/src/npu_csa_reduce.sv:53$1858_Y.
Removed top 12 bits (of 16) from wire npu_core.$flatten\u_array.\g_row[1].g_col[1].u_pe.\u_mul.\g_bw.g_wallace.u_tree.\genblk1.g_reduce.u_next.\genblk1.g_reduce.u_next.$xor$/home/danieltyukov/workspace/personal/tt-ihp-int8-npu/src/npu_csa_reduce.sv:49$1854_Y.
Removed top 12 bits (of 16) from wire npu_core.$flatten\u_array.\g_row[1].g_col[1].u_pe.\u_mul.\g_bw.g_wallace.u_tree.\genblk1.g_reduce.u_next.\genblk1.g_reduce.u_next.\genblk1.g_reduce.u_next.$and$/home/danieltyukov/workspace/personal/tt-ihp-int8-npu/src/npu_csa_reduce.sv:53$1707_Y.
Removed top 1 bits (of 16) from wire npu_core.$flatten\u_array.\g_row[1].g_col[1].u_pe.\u_mul.\g_bw.g_wallace.u_tree.\genblk1.g_reduce.u_next.\genblk1.g_reduce.u_next.\genblk1.g_reduce.u_next.$and$/home/danieltyukov/workspace/personal/tt-ihp-int8-npu/src/npu_csa_reduce.sv:53$1708_Y.
Removed top 1 bits (of 16) from wire npu_core.$flatten\u_array.\g_row[1].g_col[1].u_pe.\u_mul.\g_bw.g_wallace.u_tree.\genblk1.g_reduce.u_next.\genblk1.g_reduce.u_next.\genblk1.g_reduce.u_next.$and$/home/danieltyukov/workspace/personal/tt-ihp-int8-npu/src/npu_csa_reduce.sv:53$1710_Y.
Removed top 4 bits (of 16) from wire npu_core.$flatten\u_array.\g_row[1].g_col[1].u_pe.\u_mul.\g_bw.g_wallace.u_tree.\genblk1.g_reduce.u_next.\genblk1.g_reduce.u_next.\genblk1.g_reduce.u_next.$or$/home/danieltyukov/workspace/personal/tt-ihp-int8-npu/src/npu_csa_reduce.sv:53$1709_Y.
Removed top 7 bits (of 16) from wire npu_core.$flatten\u_array.\g_row[2].g_col[0].u_pe.\u_mul.\g_bw.g_wallace.u_tree.$and$/home/danieltyukov/workspace/personal/tt-ihp-int8-npu/src/npu_csa_reduce.sv:53$1715_Y.
Removed top 6 bits (of 16) from wire npu_core.$flatten\u_array.\g_row[2].g_col[0].u_pe.\u_mul.\g_bw.g_wallace.u_tree.$and$/home/danieltyukov/workspace/personal/tt-ihp-int8-npu/src/npu_csa_reduce.sv:53$1716_Y.
Removed top 6 bits (of 16) from wire npu_core.$flatten\u_array.\g_row[2].g_col[0].u_pe.\u_mul.\g_bw.g_wallace.u_tree.$and$/home/danieltyukov/workspace/personal/tt-ihp-int8-npu/src/npu_csa_reduce.sv:53$1718_Y.
Removed top 4 bits (of 16) from wire npu_core.$flatten\u_array.\g_row[2].g_col[0].u_pe.\u_mul.\g_bw.g_wallace.u_tree.$and$/home/danieltyukov/workspace/personal/tt-ihp-int8-npu/src/npu_csa_reduce.sv:53$1722_Y.
Removed top 3 bits (of 16) from wire npu_core.$flatten\u_array.\g_row[2].g_col[0].u_pe.\u_mul.\g_bw.g_wallace.u_tree.$and$/home/danieltyukov/workspace/personal/tt-ihp-int8-npu/src/npu_csa_reduce.sv:53$1723_Y.
Removed top 6 bits (of 16) from wire npu_core.$flatten\u_array.\g_row[2].g_col[0].u_pe.\u_mul.\g_bw.g_wallace.u_tree.$or$/home/danieltyukov/workspace/personal/tt-ihp-int8-npu/src/npu_csa_reduce.sv:53$1717_Y.
Removed top 10 bits (of 16) from wire npu_core.$flatten\u_array.\g_row[2].g_col[0].u_pe.\u_mul.\g_bw.g_wallace.u_tree.$xor$/home/danieltyukov/workspace/personal/tt-ihp-int8-npu/src/npu_csa_reduce.sv:49$1713_Y.
Removed top 7 bits (of 16) from wire npu_core.$flatten\u_array.\g_row[2].g_col[1].u_pe.\u_mul.\g_bw.g_wallace.u_tree.$and$/home/danieltyukov/workspace/personal/tt-ihp-int8-npu/src/npu_csa_reduce.sv:53$1715_Y.
Removed top 6 bits (of 16) from wire npu_core.$flatten\u_array.\g_row[2].g_col[1].u_pe.\u_mul.\g_bw.g_wallace.u_tree.$and$/home/danieltyukov/workspace/personal/tt-ihp-int8-npu/src/npu_csa_reduce.sv:53$1716_Y.
Removed top 1 bits (of 16) from wire npu_core.$flatten\u_array.\g_row[2].g_col[1].u_pe.\u_mul.\g_bw.g_wallace.u_tree.$and$/home/danieltyukov/workspace/personal/tt-ihp-int8-npu/src/npu_csa_reduce.sv:53$1729_Y.
Removed top 1 bits (of 16) from wire npu_core.$flatten\u_array.\g_row[2].g_col[1].u_pe.\u_mul.\g_bw.g_wallace.u_tree.$or$/home/danieltyukov/workspace/personal/tt-ihp-int8-npu/src/npu_csa_reduce.sv:53$1731_Y.
Removed top 7 bits (of 16) from wire npu_core.$flatten\u_array.\g_row[2].g_col[1].u_pe.\u_mul.\g_bw.g_wallace.u_tree.$xor$/home/danieltyukov/workspace/personal/tt-ihp-int8-npu/src/npu_csa_reduce.sv:49$1713_Y.
Removed top 1 bits (of 16) from wire npu_core.$flatten\u_array.\g_row[2].g_col[1].u_pe.\u_mul.\g_bw.g_wallace.u_tree.$xor$/home/danieltyukov/workspace/personal/tt-ihp-int8-npu/src/npu_csa_reduce.sv:49$1727_Y.
Removed top 7 bits (of 16) from wire npu_core.$flatten\u_array.\g_row[3].g_col[0].u_pe.\u_mul.\g_bw.g_wallace.u_tree.$and$/home/danieltyukov/workspace/personal/tt-ihp-int8-npu/src/npu_csa_reduce.sv:53$1715_Y.
Removed top 6 bits (of 16) from wire npu_core.$flatten\u_array.\g_row[3].g_col[0].u_pe.\u_mul.\g_bw.g_wallace.u_tree.$and$/home/danieltyukov/workspace/personal/tt-ihp-int8-npu/src/npu_csa_reduce.sv:53$1716_Y.
Removed top 4 bits (of 16) from wire npu_core.$flatten\u_array.\g_row[3].g_col[0].u_pe.\u_mul.\g_bw.g_wallace.u_tree.$and$/home/danieltyukov/workspace/personal/tt-ihp-int8-npu/src/npu_csa_reduce.sv:53$1722_Y.
Removed top 3 bits (of 16) from wire npu_core.$flatten\u_array.\g_row[3].g_col[0].u_pe.\u_mul.\g_bw.g_wallace.u_tree.$and$/home/danieltyukov/workspace/personal/tt-ihp-int8-npu/src/npu_csa_reduce.sv:53$1723_Y.
Removed top 3 bits (of 16) from wire npu_core.$flatten\u_array.\g_row[3].g_col[0].u_pe.\u_mul.\g_bw.g_wallace.u_tree.$and$/home/danieltyukov/workspace/personal/tt-ihp-int8-npu/src/npu_csa_reduce.sv:53$1725_Y.
Removed top 1 bits (of 16) from wire npu_core.$flatten\u_array.\g_row[3].g_col[0].u_pe.\u_mul.\g_bw.g_wallace.u_tree.$and$/home/danieltyukov/workspace/personal/tt-ihp-int8-npu/src/npu_csa_reduce.sv:53$1729_Y.
Removed top 3 bits (of 16) from wire npu_core.$flatten\u_array.\g_row[3].g_col[0].u_pe.\u_mul.\g_bw.g_wallace.u_tree.$or$/home/danieltyukov/workspace/personal/tt-ihp-int8-npu/src/npu_csa_reduce.sv:53$1724_Y.
Removed top 7 bits (of 16) from wire npu_core.$flatten\u_array.\g_row[3].g_col[0].u_pe.\u_mul.\g_bw.g_wallace.u_tree.$xor$/home/danieltyukov/workspace/personal/tt-ihp-int8-npu/src/npu_csa_reduce.sv:49$1713_Y.
Removed top 4 bits (of 16) from wire npu_core.$flatten\u_array.\g_row[3].g_col[0].u_pe.\u_mul.\g_bw.g_wallace.u_tree.$xor$/home/danieltyukov/workspace/personal/tt-ihp-int8-npu/src/npu_csa_reduce.sv:49$1720_Y.
Removed top 7 bits (of 16) from wire npu_core.$flatten\u_array.\g_row[3].g_col[1].u_pe.\u_mul.\g_bw.g_wallace.u_tree.$and$/home/danieltyukov/workspace/personal/tt-ihp-int8-npu/src/npu_csa_reduce.sv:53$1715_Y.
Removed top 6 bits (of 16) from wire npu_core.$flatten\u_array.\g_row[3].g_col[1].u_pe.\u_mul.\g_bw.g_wallace.u_tree.$and$/home/danieltyukov/workspace/personal/tt-ihp-int8-npu/src/npu_csa_reduce.sv:53$1716_Y.
Removed top 6 bits (of 16) from wire npu_core.$flatten\u_array.\g_row[3].g_col[1].u_pe.\u_mul.\g_bw.g_wallace.u_tree.$and$/home/danieltyukov/workspace/personal/tt-ihp-int8-npu/src/npu_csa_reduce.sv:53$1718_Y.
Removed top 4 bits (of 16) from wire npu_core.$flatten\u_array.\g_row[3].g_col[1].u_pe.\u_mul.\g_bw.g_wallace.u_tree.$and$/home/danieltyukov/workspace/personal/tt-ihp-int8-npu/src/npu_csa_reduce.sv:53$1722_Y.
Removed top 3 bits (of 16) from wire npu_core.$flatten\u_array.\g_row[3].g_col[1].u_pe.\u_mul.\g_bw.g_wallace.u_tree.$and$/home/danieltyukov/workspace/personal/tt-ihp-int8-npu/src/npu_csa_reduce.sv:53$1723_Y.
Removed top 3 bits (of 16) from wire npu_core.$flatten\u_array.\g_row[3].g_col[1].u_pe.\u_mul.\g_bw.g_wallace.u_tree.$and$/home/danieltyukov/workspace/personal/tt-ihp-int8-npu/src/npu_csa_reduce.sv:53$1725_Y.
Removed top 1 bits (of 16) from wire npu_core.$flatten\u_array.\g_row[3].g_col[1].u_pe.\u_mul.\g_bw.g_wallace.u_tree.$and$/home/danieltyukov/workspace/personal/tt-ihp-int8-npu/src/npu_csa_reduce.sv:53$1729_Y.
Removed top 7 bits (of 16) from wire npu_core.$flatten\u_array.\g_row[3].g_col[1].u_pe.\u_mul.\g_bw.g_wallace.u_tree.$or$/home/danieltyukov/workspace/personal/tt-ihp-int8-npu/src/npu_csa_reduce.sv:53$1717_Y.
Removed top 7 bits (of 16) from wire npu_core.$flatten\u_array.\g_row[3].g_col[1].u_pe.\u_mul.\g_bw.g_wallace.u_tree.$or$/home/danieltyukov/workspace/personal/tt-ihp-int8-npu/src/npu_csa_reduce.sv:53$1724_Y.
Removed top 1 bits (of 16) from wire npu_core.$flatten\u_array.\g_row[3].g_col[1].u_pe.\u_mul.\g_bw.g_wallace.u_tree.$or$/home/danieltyukov/workspace/personal/tt-ihp-int8-npu/src/npu_csa_reduce.sv:53$1731_Y.
Removed top 11 bits (of 16) from wire npu_core.$flatten\u_array.\g_row[3].g_col[1].u_pe.\u_mul.\g_bw.g_wallace.u_tree.$xor$/home/danieltyukov/workspace/personal/tt-ihp-int8-npu/src/npu_csa_reduce.sv:49$1713_Y.
Removed top 15 bits (of 16) from wire npu_core.$flatten\u_array.\g_row[3].g_col[1].u_pe.\u_mul.\g_bw.g_wallace.u_tree.$xor$/home/danieltyukov/workspace/personal/tt-ihp-int8-npu/src/npu_csa_reduce.sv:49$1720_Y.
Removed top 1 bits (of 16) from wire npu_core.$flatten\u_array.\g_row[3].g_col[1].u_pe.\u_mul.\g_bw.g_wallace.u_tree.$xor$/home/danieltyukov/workspace/personal/tt-ihp-int8-npu/src/npu_csa_reduce.sv:49$1727_Y.
Removed top 1 bits (of 16) from wire npu_core.$flatten\u_array.\g_row[3].g_col[1].u_pe.\u_mul.\g_bw.g_wallace.u_tree.\genblk1.g_reduce.u_next.$and$/home/danieltyukov/workspace/personal/tt-ihp-int8-npu/src/npu_csa_reduce.sv:53$1841_Y.
Removed top 1 bits (of 16) from wire npu_core.$flatten\u_array.\g_row[3].g_col[1].u_pe.\u_mul.\g_bw.g_wallace.u_tree.\genblk1.g_reduce.u_next.$and$/home/danieltyukov/workspace/personal/tt-ihp-int8-npu/src/npu_csa_reduce.sv:53$1842_Y.
Removed top 3 bits (of 16) from wire npu_core.$flatten\u_array.\g_row[3].g_col[1].u_pe.\u_mul.\g_bw.g_wallace.u_tree.\genblk1.g_reduce.u_next.$and$/home/danieltyukov/workspace/personal/tt-ihp-int8-npu/src/npu_csa_reduce.sv:53$1844_Y.
Removed top 1 bits (of 16) from wire npu_core.$flatten\u_array.\g_row[3].g_col[1].u_pe.\u_mul.\g_bw.g_wallace.u_tree.\genblk1.g_reduce.u_next.$and$/home/danieltyukov/workspace/personal/tt-ihp-int8-npu/src/npu_csa_reduce.sv:53$1848_Y.
Removed top 1 bits (of 16) from wire npu_core.$flatten\u_array.\g_row[3].g_col[1].u_pe.\u_mul.\g_bw.g_wallace.u_tree.\genblk1.g_reduce.u_next.$and$/home/danieltyukov/workspace/personal/tt-ihp-int8-npu/src/npu_csa_reduce.sv:53$1849_Y.
Removed top 1 bits (of 16) from wire npu_core.$flatten\u_array.\g_row[3].g_col[1].u_pe.\u_mul.\g_bw.g_wallace.u_tree.\genblk1.g_reduce.u_next.$and$/home/danieltyukov/workspace/personal/tt-ihp-int8-npu/src/npu_csa_reduce.sv:53$1851_Y.
Removed top 1 bits (of 16) from wire npu_core.$flatten\u_array.\g_row[3].g_col[1].u_pe.\u_mul.\g_bw.g_wallace.u_tree.\genblk1.g_reduce.u_next.\genblk1.g_reduce.u_next.$and$/home/danieltyukov/workspace/personal/tt-ihp-int8-npu/src/npu_csa_reduce.sv:53$1856_Y.
Removed top 1 bits (of 16) from wire npu_core.$flatten\u_array.\g_row[3].g_col[1].u_pe.\u_mul.\g_bw.g_wallace.u_tree.\genblk1.g_reduce.u_next.\genblk1.g_reduce.u_next.$and$/home/danieltyukov/workspace/personal/tt-ihp-int8-npu/src/npu_csa_reduce.sv:53$1859_Y.
Removed top 1 bits (of 16) from wire npu_core.$flatten\u_array.\g_row[3].g_col[1].u_pe.\u_mul.\g_bw.g_wallace.u_tree.\genblk1.g_reduce.u_next.\genblk1.g_reduce.u_next.$or$/home/danieltyukov/workspace/personal/tt-ihp-int8-npu/src/npu_csa_reduce.sv:53$1858_Y.
Removed top 3 bits (of 8) from wire npu_core.$flatten\u_host.$procmux$1868_Y.
Removed top 1 bits (of 45) from wire npu_core.$flatten\u_requant.$procmux$2624_Y.
Removed top 1 bits (of 2) from wire npu_core.$flatten\u_requant.$ternary$/home/danieltyukov/workspace/personal/tt-ihp-int8-npu/src/npu_requant.sv:168$1066_Y.
Removed top 1 bits (of 2) from wire npu_core.$procmux$2398_Y.
Removed top 27 bits (of 32) from wire npu_core.acc_rb_i.
Removed top 28 bits (of 32) from wire npu_core.g_bank[1].rd_flat.
Removed top 1 bits (of 8) from wire npu_core.id_byte.

16.11. Executing PEEPOPT pass (run peephole optimizers).

16.12. Executing OPT_CLEAN pass (remove unused cells and wires).
Finding unused cells or wires in module \npu_core..
Removed 0 unused cells and 147 unused wires.
<suppressed ~1 debug messages>

16.13. Executing ALUMACC pass (create $alu and $macc cells).
Extracting $alu and $macc cells in module npu_core:
  creating $macc model for $add$/home/danieltyukov/workspace/personal/tt-ihp-int8-npu/src/npu_core.sv:234$659 ($add).
  creating $macc model for $add$/home/danieltyukov/workspace/personal/tt-ihp-int8-npu/src/npu_core.sv:234$672 ($add).
  creating $macc model for $add$/home/danieltyukov/workspace/personal/tt-ihp-int8-npu/src/npu_core.sv:234$685 ($add).
  creating $macc model for $add$/home/danieltyukov/workspace/personal/tt-ihp-int8-npu/src/npu_core.sv:272$592 ($add).
  creating $macc model for $add$/home/danieltyukov/workspace/personal/tt-ihp-int8-npu/src/npu_core.sv:298$739 ($add).
  creating $macc model for $add$/home/danieltyukov/workspace/personal/tt-ihp-int8-npu/src/npu_core.sv:348$601 ($add).
  creating $macc model for $add$/home/danieltyukov/workspace/personal/tt-ihp-int8-npu/src/npu_core.sv:411$605 ($add).
  creating $macc model for $add$/home/danieltyukov/workspace/personal/tt-ihp-int8-npu/src/npu_core.sv:468$615 ($add).
  creating $macc model for $add$/home/danieltyukov/workspace/personal/tt-ihp-int8-npu/src/npu_core.sv:490$617 ($add).
  creating $macc model for $add$/home/danieltyukov/workspace/personal/tt-ihp-int8-npu/src/npu_core.sv:492$618 ($add).
  creating $macc model for $add$/home/danieltyukov/workspace/personal/tt-ihp-int8-npu/src/npu_core.sv:525$622 ($add).
  creating $macc model for $flatten\u_act.$add$/home/danieltyukov/workspace/personal/tt-ihp-int8-npu/src/npu_activation.sv:43$3 ($add).
  creating $macc model for $flatten\u_act.$sub$/home/danieltyukov/workspace/personal/tt-ihp-int8-npu/src/npu_activation.sv:41$1 ($sub).
  creating $macc model for $flatten\u_host.$add$/home/danieltyukov/workspace/personal/tt-ihp-int8-npu/src/npu_host_if.sv:197$1031 ($add).
  creating $macc model for $flatten\u_host.$add$/home/danieltyukov/workspace/personal/tt-ihp-int8-npu/src/npu_host_if.sv:215$1032 ($add).
  creating $macc model for $flatten\u_requant.$add$/home/danieltyukov/workspace/personal/tt-ihp-int8-npu/src/npu_requant.sv:157$1062 ($add).
  creating $macc model for $flatten\u_requant.$sub$/home/danieltyukov/workspace/personal/tt-ihp-int8-npu/src/npu_requant.sv:167$1063 ($sub).
  creating $macc model for $flatten\u_requant.$sub$/home/danieltyukov/workspace/personal/tt-ihp-int8-npu/src/npu_requant.sv:178$1072 ($sub).
  creating $macc model for $flatten\u_requant.$sub$/home/danieltyukov/workspace/personal/tt-ihp-int8-npu/src/npu_requant.sv:184$1075 ($sub).
  creating $macc model for $mul$/home/danieltyukov/workspace/personal/tt-ihp-int8-npu/src/npu_core.sv:299$693 ($mul).
  creating $macc model for $mul$/home/danieltyukov/workspace/personal/tt-ihp-int8-npu/src/npu_core.sv:299$740 ($mul).
  creating $macc model for $mul$/home/danieltyukov/workspace/personal/tt-ihp-int8-npu/src/npu_core.sv:342$593 ($mul).
  creating $macc model for $mul$/home/danieltyukov/workspace/personal/tt-ihp-int8-npu/src/npu_core.sv:347$596 ($mul).
  creating $macc model for $mul$/home/danieltyukov/workspace/personal/tt-ihp-int8-npu/src/npu_core.sv:525$621 ($mul).
  creating $macc model for $mul$/home/danieltyukov/workspace/personal/tt-ihp-int8-npu/src/npu_core.sv:527$623 ($mul).
  creating $macc model for $sub$/home/danieltyukov/workspace/personal/tt-ihp-int8-npu/src/npu_core.sv:226$651 ($sub).
  creating $macc model for $sub$/home/danieltyukov/workspace/personal/tt-ihp-int8-npu/src/npu_core.sv:226$664 ($sub).
  creating $macc model for $sub$/home/danieltyukov/workspace/personal/tt-ihp-int8-npu/src/npu_core.sv:226$677 ($sub).
  creating $alu model for $macc $sub$/home/danieltyukov/workspace/personal/tt-ihp-int8-npu/src/npu_core.sv:226$677.
  creating $alu model for $macc $sub$/home/danieltyukov/workspace/personal/tt-ihp-int8-npu/src/npu_core.sv:226$664.
  creating $alu model for $macc $sub$/home/danieltyukov/workspace/personal/tt-ihp-int8-npu/src/npu_core.sv:226$651.
  creating $alu model for $macc $flatten\u_requant.$sub$/home/danieltyukov/workspace/personal/tt-ihp-int8-npu/src/npu_requant.sv:184$1075.
  creating $alu model for $macc $flatten\u_requant.$sub$/home/danieltyukov/workspace/personal/tt-ihp-int8-npu/src/npu_requant.sv:178$1072.
  creating $alu model for $macc $flatten\u_requant.$sub$/home/danieltyukov/workspace/personal/tt-ihp-int8-npu/src/npu_requant.sv:167$1063.
  creating $alu model for $macc $flatten\u_requant.$add$/home/danieltyukov/workspace/personal/tt-ihp-int8-npu/src/npu_requant.sv:157$1062.
  creating $alu model for $macc $flatten\u_host.$add$/home/danieltyukov/workspace/personal/tt-ihp-int8-npu/src/npu_host_if.sv:215$1032.
  creating $alu model for $macc $flatten\u_host.$add$/home/danieltyukov/workspace/personal/tt-ihp-int8-npu/src/npu_host_if.sv:197$1031.
  creating $alu model for $macc $flatten\u_act.$sub$/home/danieltyukov/workspace/personal/tt-ihp-int8-npu/src/npu_activation.sv:41$1.
  creating $alu model for $macc $flatten\u_act.$add$/home/danieltyukov/workspace/personal/tt-ihp-int8-npu/src/npu_activation.sv:43$3.
  creating $alu model for $macc $add$/home/danieltyukov/workspace/personal/tt-ihp-int8-npu/src/npu_core.sv:525$622.
  creating $alu model for $macc $add$/home/danieltyukov/workspace/personal/tt-ihp-int8-npu/src/npu_core.sv:492$618.
  creating $alu model for $macc $add$/home/danieltyukov/workspace/personal/tt-ihp-int8-npu/src/npu_core.sv:490$617.
  creating $alu model for $macc $add$/home/danieltyukov/workspace/personal/tt-ihp-int8-npu/src/npu_core.sv:468$615.
  creating $alu model for $macc $add$/home/danieltyukov/workspace/personal/tt-ihp-int8-npu/src/npu_core.sv:411$605.
  creating $alu model for $macc $add$/home/danieltyukov/workspace/personal/tt-ihp-int8-npu/src/npu_core.sv:348$601.
  creating $alu model for $macc $add$/home/danieltyukov/workspace/personal/tt-ihp-int8-npu/src/npu_core.sv:298$739.
  creating $alu model for $macc $add$/home/danieltyukov/workspace/personal/tt-ihp-int8-npu/src/npu_core.sv:272$592.
  creating $alu model for $macc $add$/home/danieltyukov/workspace/personal/tt-ihp-int8-npu/src/npu_core.sv:234$685.
  creating $alu model for $macc $add$/home/danieltyukov/workspace/personal/tt-ihp-int8-npu/src/npu_core.sv:234$672.
  creating $alu model for $macc $add$/home/danieltyukov/workspace/personal/tt-ihp-int8-npu/src/npu_core.sv:234$659.
  creating $macc cell for $mul$/home/danieltyukov/workspace/personal/tt-ihp-int8-npu/src/npu_core.sv:347$596: $auto$alumacc.cc:365:replace_macc$3219
  creating $macc cell for $mul$/home/danieltyukov/workspace/personal/tt-ihp-int8-npu/src/npu_core.sv:525$621: $auto$alumacc.cc:365:replace_macc$3220
  creating $macc cell for $mul$/home/danieltyukov/workspace/personal/tt-ihp-int8-npu/src/npu_core.sv:527$623: $auto$alumacc.cc:365:replace_macc$3221
  creating $macc cell for $mul$/home/danieltyukov/workspace/personal/tt-ihp-int8-npu/src/npu_core.sv:299$693: $auto$alumacc.cc:365:replace_macc$3222
  creating $macc cell for $mul$/home/danieltyukov/workspace/personal/tt-ihp-int8-npu/src/npu_core.sv:299$740: $auto$alumacc.cc:365:replace_macc$3223
  creating $macc cell for $mul$/home/danieltyukov/workspace/personal/tt-ihp-int8-npu/src/npu_core.sv:342$593: $auto$alumacc.cc:365:replace_macc$3224
  creating $alu model for $flatten\u_act.$ge$/home/danieltyukov/workspace/personal/tt-ihp-int8-npu/src/npu_activation.sv:48$9 ($ge): new $alu
  creating $alu model for $flatten\u_act.$gt$/home/danieltyukov/workspace/personal/tt-ihp-int8-npu/src/npu_activation.sv:44$4 ($gt): new $alu
  creating $alu model for $flatten\u_act.$gt$/home/danieltyukov/workspace/personal/tt-ihp-int8-npu/src/npu_activation.sv:56$19 ($gt): new $alu
  creating $alu model for $flatten\u_act.$lt$/home/danieltyukov/workspace/personal/tt-ihp-int8-npu/src/npu_activation.sv:45$5 ($lt): new $alu
  creating $alu model for $flatten\u_act.$lt$/home/danieltyukov/workspace/personal/tt-ihp-int8-npu/src/npu_activation.sv:56$18 ($lt): new $alu
  creating $alu model for $flatten\u_host.$ge$/home/danieltyukov/workspace/personal/tt-ihp-int8-npu/src/npu_host_if.sv:193$1030 ($ge): new $alu
  creating $alu model for $flatten\u_requant.$ge$/home/danieltyukov/workspace/personal/tt-ihp-int8-npu/src/npu_requant.sv:174$1067 ($ge): new $alu
  creating $alu model for $flatten\u_requant.$gt$/home/danieltyukov/workspace/personal/tt-ihp-int8-npu/src/npu_requant.sv:130$1056 ($gt): new $alu
  creating $alu model for $flatten\u_requant.$lt$/home/danieltyukov/workspace/personal/tt-ihp-int8-npu/src/npu_requant.sv:131$1057 ($lt): new $alu
  creating $alu model for $ge$/home/danieltyukov/workspace/personal/tt-ihp-int8-npu/src/npu_core.sv:231$653 ($ge): new $alu
  creating $alu model for $ge$/home/danieltyukov/workspace/personal/tt-ihp-int8-npu/src/npu_core.sv:231$666 ($ge): new $alu
  creating $alu model for $ge$/home/danieltyukov/workspace/personal/tt-ihp-int8-npu/src/npu_core.sv:231$679 ($ge): new $alu
  creating $alu model for $gt$/home/danieltyukov/workspace/personal/tt-ihp-int8-npu/src/npu_core.sv:168$638 ($gt): new $alu
  creating $alu model for $le$/home/danieltyukov/workspace/personal/tt-ihp-int8-npu/src/npu_core.sv:229$642 ($le): new $alu
  creating $alu model for $le$/home/danieltyukov/workspace/personal/tt-ihp-int8-npu/src/npu_core.sv:231$655 ($le): new $alu
  creating $alu model for $le$/home/danieltyukov/workspace/personal/tt-ihp-int8-npu/src/npu_core.sv:231$668 ($le): new $alu
  creating $alu model for $le$/home/danieltyukov/workspace/personal/tt-ihp-int8-npu/src/npu_core.sv:231$681 ($le): new $alu
  creating $alu model for $lt$/home/danieltyukov/workspace/personal/tt-ihp-int8-npu/src/npu_core.sv:530$626 ($lt): new $alu
  creating $alu model for $flatten\u_requant.$eq$/home/danieltyukov/workspace/personal/tt-ihp-int8-npu/src/npu_requant.sv:179$1073 ($eq): merged with $flatten\u_requant.$ge$/home/danieltyukov/workspace/personal/tt-ihp-int8-npu/src/npu_requant.sv:174$1067.
  creating $alu cell for $lt$/home/danieltyukov/workspace/personal/tt-ihp-int8-npu/src/npu_core.sv:530$626: $auto$alumacc.cc:485:replace_alu$3243
  creating $alu cell for $le$/home/danieltyukov/workspace/personal/tt-ihp-int8-npu/src/npu_core.sv:231$681: $auto$alumacc.cc:485:replace_alu$3254
  creating $alu cell for $le$/home/danieltyukov/workspace/personal/tt-ihp-int8-npu/src/npu_core.sv:231$668: $auto$alumacc.cc:485:replace_alu$3267
  creating $alu cell for $le$/home/danieltyukov/workspace/personal/tt-ihp-int8-npu/src/npu_core.sv:231$655: $auto$alumacc.cc:485:replace_alu$3280
  creating $alu cell for $le$/home/danieltyukov/workspace/personal/tt-ihp-int8-npu/src/npu_core.sv:229$642: $auto$alumacc.cc:485:replace_alu$3293
  creating $alu cell for $gt$/home/danieltyukov/workspace/personal/tt-ihp-int8-npu/src/npu_core.sv:168$638: $auto$alumacc.cc:485:replace_alu$3306
  creating $alu cell for $ge$/home/danieltyukov/workspace/personal/tt-ihp-int8-npu/src/npu_core.sv:231$679: $auto$alumacc.cc:485:replace_alu$3311
  creating $alu cell for $ge$/home/danieltyukov/workspace/personal/tt-ihp-int8-npu/src/npu_core.sv:231$666: $auto$alumacc.cc:485:replace_alu$3320
  creating $alu cell for $flatten\u_requant.$lt$/home/danieltyukov/workspace/personal/tt-ihp-int8-npu/src/npu_requant.sv:131$1057: $auto$alumacc.cc:485:replace_alu$3329
  creating $alu cell for $flatten\u_requant.$gt$/home/danieltyukov/workspace/personal/tt-ihp-int8-npu/src/npu_requant.sv:130$1056: $auto$alumacc.cc:485:replace_alu$3342
  creating $alu cell for $flatten\u_requant.$ge$/home/danieltyukov/workspace/personal/tt-ihp-int8-npu/src/npu_requant.sv:174$1067, $flatten\u_requant.$eq$/home/danieltyukov/workspace/personal/tt-ihp-int8-npu/src/npu_requant.sv:179$1073: $auto$alumacc.cc:485:replace_alu$3349
  creating $alu cell for $flatten\u_host.$ge$/home/danieltyukov/workspace/personal/tt-ihp-int8-npu/src/npu_host_if.sv:193$1030: $auto$alumacc.cc:485:replace_alu$3358
  creating $alu cell for $flatten\u_act.$lt$/home/danieltyukov/workspace/personal/tt-ihp-int8-npu/src/npu_activation.sv:56$18: $auto$alumacc.cc:485:replace_alu$3371
  creating $alu cell for $flatten\u_act.$lt$/home/danieltyukov/workspace/personal/tt-ihp-int8-npu/src/npu_activation.sv:45$5: $auto$alumacc.cc:485:replace_alu$3384
  creating $alu cell for $flatten\u_act.$gt$/home/danieltyukov/workspace/personal/tt-ihp-int8-npu/src/npu_activation.sv:56$19: $auto$alumacc.cc:485:replace_alu$3397
  creating $alu cell for $flatten\u_act.$gt$/home/danieltyukov/workspace/personal/tt-ihp-int8-npu/src/npu_activation.sv:44$4: $auto$alumacc.cc:485:replace_alu$3404
  creating $alu cell for $flatten\u_act.$ge$/home/danieltyukov/workspace/personal/tt-ihp-int8-npu/src/npu_activation.sv:48$9: $auto$alumacc.cc:485:replace_alu$3411
  creating $alu cell for $add$/home/danieltyukov/workspace/personal/tt-ihp-int8-npu/src/npu_core.sv:234$659: $auto$alumacc.cc:485:replace_alu$3426
  creating $alu cell for $add$/home/danieltyukov/workspace/personal/tt-ihp-int8-npu/src/npu_core.sv:234$672: $auto$alumacc.cc:485:replace_alu$3429
  creating $alu cell for $add$/home/danieltyukov/workspace/personal/tt-ihp-int8-npu/src/npu_core.sv:234$685: $auto$alumacc.cc:485:replace_alu$3432
  creating $alu cell for $add$/home/danieltyukov/workspace/personal/tt-ihp-int8-npu/src/npu_core.sv:272$592: $auto$alumacc.cc:485:replace_alu$3435
  creating $alu cell for $add$/home/danieltyukov/workspace/personal/tt-ihp-int8-npu/src/npu_core.sv:298$739: $auto$alumacc.cc:485:replace_alu$3438
  creating $alu cell for $add$/home/danieltyukov/workspace/personal/tt-ihp-int8-npu/src/npu_core.sv:348$601: $auto$alumacc.cc:485:replace_alu$3441
  creating $alu cell for $add$/home/danieltyukov/workspace/personal/tt-ihp-int8-npu/src/npu_core.sv:411$605: $auto$alumacc.cc:485:replace_alu$3444
  creating $alu cell for $ge$/home/danieltyukov/workspace/personal/tt-ihp-int8-npu/src/npu_core.sv:231$653: $auto$alumacc.cc:485:replace_alu$3447
  creating $alu cell for $add$/home/danieltyukov/workspace/personal/tt-ihp-int8-npu/src/npu_core.sv:468$615: $auto$alumacc.cc:485:replace_alu$3456
  creating $alu cell for $add$/home/danieltyukov/workspace/personal/tt-ihp-int8-npu/src/npu_core.sv:490$617: $auto$alumacc.cc:485:replace_alu$3459
  creating $alu cell for $add$/home/danieltyukov/workspace/personal/tt-ihp-int8-npu/src/npu_core.sv:492$618: $auto$alumacc.cc:485:replace_alu$3462
  creating $alu cell for $add$/home/danieltyukov/workspace/personal/tt-ihp-int8-npu/src/npu_core.sv:525$622: $auto$alumacc.cc:485:replace_alu$3465
  creating $alu cell for $flatten\u_act.$add$/home/danieltyukov/workspace/personal/tt-ihp-int8-npu/src/npu_activation.sv:43$3: $auto$alumacc.cc:485:replace_alu$3468
  creating $alu cell for $flatten\u_act.$sub$/home/danieltyukov/workspace/personal/tt-ihp-int8-npu/src/npu_activation.sv:41$1: $auto$alumacc.cc:485:replace_alu$3471
  creating $alu cell for $flatten\u_host.$add$/home/danieltyukov/workspace/personal/tt-ihp-int8-npu/src/npu_host_if.sv:197$1031: $auto$alumacc.cc:485:replace_alu$3474
  creating $alu cell for $flatten\u_host.$add$/home/danieltyukov/workspace/personal/tt-ihp-int8-npu/src/npu_host_if.sv:215$1032: $auto$alumacc.cc:485:replace_alu$3477
  creating $alu cell for $flatten\u_requant.$add$/home/danieltyukov/workspace/personal/tt-ihp-int8-npu/src/npu_requant.sv:157$1062: $auto$alumacc.cc:485:replace_alu$3480
  creating $alu cell for $flatten\u_requant.$sub$/home/danieltyukov/workspace/personal/tt-ihp-int8-npu/src/npu_requant.sv:167$1063: $auto$alumacc.cc:485:replace_alu$3483
  creating $alu cell for $flatten\u_requant.$sub$/home/danieltyukov/workspace/personal/tt-ihp-int8-npu/src/npu_requant.sv:178$1072: $auto$alumacc.cc:485:replace_alu$3486
  creating $alu cell for $flatten\u_requant.$sub$/home/danieltyukov/workspace/personal/tt-ihp-int8-npu/src/npu_requant.sv:184$1075: $auto$alumacc.cc:485:replace_alu$3489
  creating $alu cell for $sub$/home/danieltyukov/workspace/personal/tt-ihp-int8-npu/src/npu_core.sv:226$651: $auto$alumacc.cc:485:replace_alu$3492
  creating $alu cell for $sub$/home/danieltyukov/workspace/personal/tt-ihp-int8-npu/src/npu_core.sv:226$664: $auto$alumacc.cc:485:replace_alu$3495
  creating $alu cell for $sub$/home/danieltyukov/workspace/personal/tt-ihp-int8-npu/src/npu_core.sv:226$677: $auto$alumacc.cc:485:replace_alu$3498
  created 40 $alu and 6 $macc cells.

16.14. Executing SHARE pass (SAT-based resource sharing).
Found 2 cells in module npu_core that may be considered for resource sharing.
  Analyzing resource sharing options for $flatten\u_host.$auto$mem.cc:273:emit$1864 ($memrd_v2):
    Found 1 activation_patterns using ctrl signal { $flatten\u_host.$logic_and$/home/danieltyukov/workspace/personal/tt-ihp-int8-npu/src/npu_host_if.sv:156$1005_Y $flatten\u_host.$logic_and$/home/danieltyukov/workspace/personal/tt-ihp-int8-npu/src/npu_host_if.sv:160$1012_Y }.
    No candidates found.
  Analyzing resource sharing options for $flatten\u_act.$sshr$/home/danieltyukov/workspace/personal/tt-ihp-int8-npu/src/npu_activation.sv:42$2 ($sshr):
    Found 108 activation_patterns using ctrl signal { \u_host.soft_rst $auto$rtlil.cc:2401:Not$3396 $auto$rtlil.cc:2401:Not$3383 $flatten\u_act.$eq$/home/danieltyukov/workspace/personal/tt-ihp-int8-npu/src/npu_activation.sv:48$8_Y $auto$rtlil.cc:2405:ReduceOr$3425 \g_res[11].wen \g_res[10].wen \g_res[9].wen \g_res[8].wen $auto$rtlil.cc:2433:Xor$3403 $auto$rtlil.cc:2433:Xor$3410 \g_res[7].wen \g_res[6].wen \g_res[5].wen \g_res[4].wen \g_res[3].wen \g_res[2].wen \g_res[1].wen \g_res[0].wen }.
    No candidates found.

16.15. Executing OPT pass (performing simple optimizations).

16.15.1. Executing OPT_EXPR pass (perform const folding).
Optimizing module npu_core.
<suppressed ~6 debug messages>

16.15.2. Executing OPT_MERGE pass (detect identical cells).
Finding identical cells in module `\npu_core'.
<suppressed ~3 debug messages>
Removed a total of 1 cells.

16.15.3. Executing OPT_MUXTREE pass (detect dead branches in mux trees).
Running muxtree optimizer on module \npu_core..
  Creating internal representation of mux trees.
  Evaluating internal representation of mux trees.
  Analyzing evaluation results.
Removed 0 multiplexer ports.
<suppressed ~91 debug messages>

16.15.4. Executing OPT_REDUCE pass (consolidate $*mux and $reduce_* inputs).
  Optimizing cells in module \npu_core.
Performed a total of 0 changes.

16.15.5. Executing OPT_MERGE pass (detect identical cells).
Finding identical cells in module `\npu_core'.
Removed a total of 0 cells.

16.15.6. Executing OPT_DFF pass (perform DFF optimizations).

16.15.7. Executing OPT_CLEAN pass (remove unused cells and wires).
Finding unused cells or wires in module \npu_core..
Removed 4 unused cells and 24 unused wires.
<suppressed ~6 debug messages>

16.15.8. Executing OPT_EXPR pass (perform const folding).
Optimizing module npu_core.

16.15.9. Rerunning OPT passes. (Maybe there is more to do..)

16.15.10. Executing OPT_MUXTREE pass (detect dead branches in mux trees).
Running muxtree optimizer on module \npu_core..
  Creating internal representation of mux trees.
  Evaluating internal representation of mux trees.
  Analyzing evaluation results.
Removed 0 multiplexer ports.
<suppressed ~91 debug messages>

16.15.11. Executing OPT_REDUCE pass (consolidate $*mux and $reduce_* inputs).
  Optimizing cells in module \npu_core.
Performed a total of 0 changes.

16.15.12. Executing OPT_MERGE pass (detect identical cells).
Finding identical cells in module `\npu_core'.
Removed a total of 0 cells.

16.15.13. Executing OPT_DFF pass (perform DFF optimizations).

16.15.14. Executing OPT_CLEAN pass (remove unused cells and wires).
Finding unused cells or wires in module \npu_core..

16.15.15. Executing OPT_EXPR pass (perform const folding).
Optimizing module npu_core.

16.15.16. Finished OPT passes. (There is nothing left to do.)

16.16. Executing MEMORY pass.

16.16.1. Executing OPT_MEM pass (optimize memories).
Performed a total of 0 transformations.

16.16.2. Executing OPT_MEM_PRIORITY pass (removing unnecessary memory write priority relations).
Performed a total of 0 transformations.

16.16.3. Executing OPT_MEM_FEEDBACK pass (finding memory read-to-write feedback paths).

16.16.4. Executing MEMORY_BMUX2ROM pass (converting muxes to ROMs).

16.16.5. Executing MEMORY_DFF pass (merging $dff cells to $memrd).
Checking read port `$flatten\u_host.$auto$proc_rom.cc:150:do_switch$1863'[0] in module `\npu_core': no output FF found.
Checking read port address `$flatten\u_host.$auto$proc_rom.cc:150:do_switch$1863'[0] in module `\npu_core': no address FF found.

16.16.6. Executing OPT_CLEAN pass (remove unused cells and wires).
Finding unused cells or wires in module \npu_core..

16.16.7. Executing MEMORY_SHARE pass (consolidating $memrd/$memwr cells).

16.16.8. Executing OPT_MEM_WIDEN pass (optimize memories where all ports are wide).
Performed a total of 0 transformations.

16.16.9. Executing OPT_CLEAN pass (remove unused cells and wires).
Finding unused cells or wires in module \npu_core..

16.16.10. Executing MEMORY_COLLECT pass (generating $mem cells).

16.17. Executing OPT_CLEAN pass (remove unused cells and wires).
Finding unused cells or wires in module \npu_core..

16.18. Executing OPT pass (performing simple optimizations).

16.18.1. Executing OPT_EXPR pass (perform const folding).
Optimizing module npu_core.
<suppressed ~7274 debug messages>

16.18.2. Executing OPT_MERGE pass (detect identical cells).
Finding identical cells in module `\npu_core'.
<suppressed ~69 debug messages>
Removed a total of 23 cells.

16.18.3. Executing OPT_DFF pass (perform DFF optimizations).
Adding EN signal on $auto$ff.cc:266:slice$2953 ($adffe) from module npu_core (D = $flatten\u_requant.$0\shcnt[5:0] [1:0], Q = \u_requant.shcnt [1:0]).

16.18.4. Executing OPT_CLEAN pass (remove unused cells and wires).
Finding unused cells or wires in module \npu_core..
Removed 67 unused cells and 2238 unused wires.
<suppressed ~70 debug messages>

16.18.5. Rerunning OPT passes. (Removed registers in this run.)

16.18.6. Executing OPT_EXPR pass (perform const folding).
Optimizing module npu_core.
<suppressed ~52 debug messages>

16.18.7. Executing OPT_MERGE pass (detect identical cells).
Finding identical cells in module `\npu_core'.
<suppressed ~3 debug messages>
Removed a total of 1 cells.

16.18.8. Executing OPT_DFF pass (perform DFF optimizations).

16.18.9. Executing OPT_CLEAN pass (remove unused cells and wires).
Finding unused cells or wires in module \npu_core..
Removed 0 unused cells and 1 unused wires.
<suppressed ~1 debug messages>

16.18.10. Finished fast OPT passes.

16.19. Executing MEMORY_MAP pass (converting memories to logic and flip-flops).
Mapping memory $flatten\u_host.$auto$proc_rom.cc:150:do_switch$1863 in module \npu_core:
  created 16 $dff cells and 0 static cells of width 1.
  read interface: 0 $dff and 15 $mux cells.
  write interface: 0 write mux blocks.

16.20. Executing OPT pass (performing simple optimizations).

16.20.1. Executing OPT_EXPR pass (perform const folding).
Optimizing module npu_core.
<suppressed ~9 debug messages>

16.20.2. Executing OPT_MERGE pass (detect identical cells).
Finding identical cells in module `\npu_core'.
Removed a total of 0 cells.

16.20.3. Executing OPT_MUXTREE pass (detect dead branches in mux trees).
Running muxtree optimizer on module \npu_core..
  Creating internal representation of mux trees.
  Evaluating internal representation of mux trees.
  Analyzing evaluation results.
Removed 0 multiplexer ports.
<suppressed ~70 debug messages>

16.20.4. Executing OPT_REDUCE pass (consolidate $*mux and $reduce_* inputs).
  Optimizing cells in module \npu_core.
    New input vector for $reduce_and cell $auto$opt_dff.cc:220:make_patterns_logic$7045: { $auto$opt_dff.cc:194:make_patterns_logic$2942 $auto$opt_dff.cc:194:make_patterns_logic$2940 $auto$opt_dff.cc:194:make_patterns_logic$2981 }
    Consolidated identical input bits for $mux cell $flatten\u_host.$procmux$2164:
      Old ports: A=2'01, B=2'11, Y=$flatten\u_host.$procmux$2164_Y
      New ports: A=1'0, B=1'1, Y=$flatten\u_host.$procmux$2164_Y [1]
      New connections: $flatten\u_host.$procmux$2164_Y [0] = 1'1
    Consolidated identical input bits for $mux cell $flatten\u_requant.$ternary$/home/danieltyukov/workspace/personal/tt-ihp-int8-npu/src/npu_requant.sv:98$1045:
      Old ports: A=26'00000000000000000000000000, B={ \u_requant.acc_in [23] \u_requant.acc_in [23] \u_requant.acc_in }, Y=$flatten\u_requant.$ternary$/home/danieltyukov/workspace/personal/tt-ihp-int8-npu/src/npu_requant.sv:98$1045_Y
      New ports: A=24'000000000000000000000000, B=\u_requant.acc_in, Y=$flatten\u_requant.$ternary$/home/danieltyukov/workspace/personal/tt-ihp-int8-npu/src/npu_requant.sv:98$1045_Y [23:0]
      New connections: $flatten\u_requant.$ternary$/home/danieltyukov/workspace/personal/tt-ihp-int8-npu/src/npu_requant.sv:98$1045_Y [25:24] = { $flatten\u_requant.$ternary$/home/danieltyukov/workspace/personal/tt-ihp-int8-npu/src/npu_requant.sv:98$1045_Y [23] $flatten\u_requant.$ternary$/home/danieltyukov/workspace/personal/tt-ihp-int8-npu/src/npu_requant.sv:98$1045_Y [23] }
    Consolidated identical input bits for $mux cell $ternary$/home/danieltyukov/workspace/personal/tt-ihp-int8-npu/src/npu_core.sv:322$698:
      Old ports: A=24'011111111111111111111111, B=24'100000000000000000000000, Y=$ternary$/home/danieltyukov/workspace/personal/tt-ihp-int8-npu/src/npu_core.sv:322$698_Y
      New ports: A=2'01, B=2'10, Y={ $ternary$/home/danieltyukov/workspace/personal/tt-ihp-int8-npu/src/npu_core.sv:322$698_Y [23] $ternary$/home/danieltyukov/workspace/personal/tt-ihp-int8-npu/src/npu_core.sv:322$698_Y [0] }
      New connections: $ternary$/home/danieltyukov/workspace/personal/tt-ihp-int8-npu/src/npu_core.sv:322$698_Y [22:1] = { $ternary$/home/danieltyukov/workspace/personal/tt-ihp-int8-npu/src/npu_core.sv:322$698_Y [0] $ternary$/home/danieltyukov/workspace/personal/tt-ihp-int8-npu/src/npu_core.sv:322$698_Y [0] $ternary$/home/danieltyukov/workspace/personal/tt-ihp-int8-npu/src/npu_core.sv:322$698_Y [0] $ternary$/home/danieltyukov/workspace/personal/tt-ihp-int8-npu/src/npu_core.sv:322$698_Y [0] $ternary$/home/danieltyukov/workspace/personal/tt-ihp-int8-npu/src/npu_core.sv:322$698_Y [0] $ternary$/home/danieltyukov/workspace/personal/tt-ihp-int8-npu/src/npu_core.sv:322$698_Y [0] $ternary$/home/danieltyukov/workspace/personal/tt-ihp-int8-npu/src/npu_core.sv:322$698_Y [0] $ternary$/home/danieltyukov/workspace/personal/tt-ihp-int8-npu/src/npu_core.sv:322$698_Y [0] $ternary$/home/danieltyukov/workspace/personal/tt-ihp-int8-npu/src/npu_core.sv:322$698_Y [0] $ternary$/home/danieltyukov/workspace/personal/tt-ihp-int8-npu/src/npu_core.sv:322$698_Y [0] $ternary$/home/danieltyukov/workspace/personal/tt-ihp-int8-npu/src/npu_core.sv:322$698_Y [0] $ternary$/home/danieltyukov/workspace/personal/tt-ihp-int8-npu/src/npu_core.sv:322$698_Y [0] $ternary$/home/danieltyukov/workspace/personal/tt-ihp-int8-npu/src/npu_core.sv:322$698_Y [0] $ternary$/home/danieltyukov/workspace/personal/tt-ihp-int8-npu/src/npu_core.sv:322$698_Y [0] $ternary$/home/danieltyukov/workspace/personal/tt-ihp-int8-npu/src/npu_core.sv:322$698_Y [0] $ternary$/home/danieltyukov/workspace/personal/tt-ihp-int8-npu/src/npu_core.sv:322$698_Y [0] $ternary$/home/danieltyukov/workspace/personal/tt-ihp-int8-npu/src/npu_core.sv:322$698_Y [0] $ternary$/home/danieltyukov/workspace/personal/tt-ihp-int8-npu/src/npu_core.sv:322$698_Y [0] $ternary$/home/danieltyukov/workspace/personal/tt-ihp-int8-npu/src/npu_core.sv:322$698_Y [0] $ternary$/home/danieltyukov/workspace/personal/tt-ihp-int8-npu/src/npu_core.sv:322$698_Y [0] $ternary$/home/danieltyukov/workspace/personal/tt-ihp-int8-npu/src/npu_core.sv:322$698_Y [0] $ternary$/home/danieltyukov/workspace/personal/tt-ihp-int8-npu/src/npu_core.sv:322$698_Y [0] }
    Consolidated identical input bits for $mux cell $ternary$/home/danieltyukov/workspace/personal/tt-ihp-int8-npu/src/npu_core.sv:322$745:
      Old ports: A=24'011111111111111111111111, B=24'100000000000000000000000, Y=$ternary$/home/danieltyukov/workspace/personal/tt-ihp-int8-npu/src/npu_core.sv:322$745_Y
      New ports: A=2'01, B=2'10, Y={ $ternary$/home/danieltyukov/workspace/personal/tt-ihp-int8-npu/src/npu_core.sv:322$745_Y [23] $ternary$/home/danieltyukov/workspace/personal/tt-ihp-int8-npu/src/npu_core.sv:322$745_Y [0] }
      New connections: $ternary$/home/danieltyukov/workspace/personal/tt-ihp-int8-npu/src/npu_core.sv:322$745_Y [22:1] = { $ternary$/home/danieltyukov/workspace/personal/tt-ihp-int8-npu/src/npu_core.sv:322$745_Y [0] $ternary$/home/danieltyukov/workspace/personal/tt-ihp-int8-npu/src/npu_core.sv:322$745_Y [0] $ternary$/home/danieltyukov/workspace/personal/tt-ihp-int8-npu/src/npu_core.sv:322$745_Y [0] $ternary$/home/danieltyukov/workspace/personal/tt-ihp-int8-npu/src/npu_core.sv:322$745_Y [0] $ternary$/home/danieltyukov/workspace/personal/tt-ihp-int8-npu/src/npu_core.sv:322$745_Y [0] $ternary$/home/danieltyukov/workspace/personal/tt-ihp-int8-npu/src/npu_core.sv:322$745_Y [0] $ternary$/home/danieltyukov/workspace/personal/tt-ihp-int8-npu/src/npu_core.sv:322$745_Y [0] $ternary$/home/danieltyukov/workspace/personal/tt-ihp-int8-npu/src/npu_core.sv:322$745_Y [0] $ternary$/home/danieltyukov/workspace/personal/tt-ihp-int8-npu/src/npu_core.sv:322$745_Y [0] $ternary$/home/danieltyukov/workspace/personal/tt-ihp-int8-npu/src/npu_core.sv:322$745_Y [0] $ternary$/home/danieltyukov/workspace/personal/tt-ihp-int8-npu/src/npu_core.sv:322$745_Y [0] $ternary$/home/danieltyukov/workspace/personal/tt-ihp-int8-npu/src/npu_core.sv:322$745_Y [0] $ternary$/home/danieltyukov/workspace/personal/tt-ihp-int8-npu/src/npu_core.sv:322$745_Y [0] $ternary$/home/danieltyukov/workspace/personal/tt-ihp-int8-npu/src/npu_core.sv:322$745_Y [0] $ternary$/home/danieltyukov/workspace/personal/tt-ihp-int8-npu/src/npu_core.sv:322$745_Y [0] $ternary$/home/danieltyukov/workspace/personal/tt-ihp-int8-npu/src/npu_core.sv:322$745_Y [0] $ternary$/home/danieltyukov/workspace/personal/tt-ihp-int8-npu/src/npu_core.sv:322$745_Y [0] $ternary$/home/danieltyukov/workspace/personal/tt-ihp-int8-npu/src/npu_core.sv:322$745_Y [0] $ternary$/home/danieltyukov/workspace/personal/tt-ihp-int8-npu/src/npu_core.sv:322$745_Y [0] $ternary$/home/danieltyukov/workspace/personal/tt-ihp-int8-npu/src/npu_core.sv:322$745_Y [0] $ternary$/home/danieltyukov/workspace/personal/tt-ihp-int8-npu/src/npu_core.sv:322$745_Y [0] $ternary$/home/danieltyukov/workspace/personal/tt-ihp-int8-npu/src/npu_core.sv:322$745_Y [0] }
  Optimizing cells in module \npu_core.
    Consolidated identical input bits for $mux cell $flatten\u_host.$procmux$2166:
      Old ports: A=2'11, B=$flatten\u_host.$procmux$2164_Y, Y=$flatten\u_host.$procmux$2166_Y
      New ports: A=1'1, B=$flatten\u_host.$procmux$2164_Y [1], Y=$flatten\u_host.$procmux$2166_Y [1]
      New connections: $flatten\u_host.$procmux$2166_Y [0] = 1'1
    Consolidated identical input bits for $mux cell $flatten\u_requant.$ternary$/home/danieltyukov/workspace/personal/tt-ihp-int8-npu/src/npu_requant.sv:97$1046:
      Old ports: A=$flatten\u_requant.$ternary$/home/danieltyukov/workspace/personal/tt-ihp-int8-npu/src/npu_requant.sv:98$1045_Y, B={ \u_requant.acc_in [23] \u_requant.acc_in 1'0 }, Y=\u_requant.boo_mag
      New ports: A={ $flatten\u_requant.$ternary$/home/danieltyukov/workspace/personal/tt-ihp-int8-npu/src/npu_requant.sv:98$1045_Y [23] $flatten\u_requant.$ternary$/home/danieltyukov/workspace/personal/tt-ihp-int8-npu/src/npu_requant.sv:98$1045_Y [23:0] }, B={ \u_requant.acc_in 1'0 }, Y=\u_requant.boo_mag [24:0]
      New connections: \u_requant.boo_mag [25] = \u_requant.boo_mag [24]
  Optimizing cells in module \npu_core.
Performed a total of 7 changes.

16.20.5. Executing OPT_MERGE pass (detect identical cells).
Finding identical cells in module `\npu_core'.
Removed a total of 0 cells.

16.20.6. Executing OPT_SHARE pass.

16.20.7. Executing OPT_DFF pass (perform DFF optimizations).

16.20.8. Executing OPT_CLEAN pass (remove unused cells and wires).
Finding unused cells or wires in module \npu_core..
Removed 0 unused cells and 25 unused wires.
<suppressed ~1 debug messages>

16.20.9. Executing OPT_EXPR pass (perform const folding).
Optimizing module npu_core.
<suppressed ~8 debug messages>

16.20.10. Rerunning OPT passes. (Maybe there is more to do..)

16.20.11. Executing OPT_MUXTREE pass (detect dead branches in mux trees).
Running muxtree optimizer on module \npu_core..
  Creating internal representation of mux trees.
  Evaluating internal representation of mux trees.
  Analyzing evaluation results.
Removed 0 multiplexer ports.
<suppressed ~70 debug messages>

16.20.12. Executing OPT_REDUCE pass (consolidate $*mux and $reduce_* inputs).
  Optimizing cells in module \npu_core.
    Consolidated identical input bits for $mux cell $flatten\u_requant.$ternary$/home/danieltyukov/workspace/personal/tt-ihp-int8-npu/src/npu_requant.sv:110$1053:
      Old ports: A=\u_requant.boo_addend, B={ \zp_reg [7] \zp_reg [7] \zp_reg [7] \zp_reg [7] \zp_reg [7] \zp_reg [7] \zp_reg [7] \zp_reg [7] \zp_reg [7] \zp_reg [7] \zp_reg [7] \zp_reg [7] \zp_reg [7] \zp_reg [7] \zp_reg [7] \zp_reg [7] \zp_reg [7] \zp_reg [7] \zp_reg }, Y=\u_requant.u_add.b
      New ports: A=$auto$opt_expr.cc:205:group_cell_inputs$7092, B={ \zp_reg [7] \zp_reg [7] \zp_reg [7] \zp_reg [7] \zp_reg [7] \zp_reg [7] \zp_reg [7] \zp_reg [7] \zp_reg [7] \zp_reg [7] \zp_reg [7] \zp_reg [7] \zp_reg [7] \zp_reg [7] \zp_reg [7] \zp_reg [7] \zp_reg [7] \zp_reg }, Y=\u_requant.u_add.b [24:0]
      New connections: \u_requant.u_add.b [25] = \u_requant.u_add.b [24]
  Optimizing cells in module \npu_core.
Performed a total of 1 changes.

16.20.13. Executing OPT_MERGE pass (detect identical cells).
Finding identical cells in module `\npu_core'.
Removed a total of 0 cells.

16.20.14. Executing OPT_SHARE pass.

16.20.15. Executing OPT_DFF pass (perform DFF optimizations).

16.20.16. Executing OPT_CLEAN pass (remove unused cells and wires).
Finding unused cells or wires in module \npu_core..
Removed 0 unused cells and 3 unused wires.
<suppressed ~1 debug messages>

16.20.17. Executing OPT_EXPR pass (perform const folding).
Optimizing module npu_core.

16.20.18. Rerunning OPT passes. (Maybe there is more to do..)

16.20.19. Executing OPT_MUXTREE pass (detect dead branches in mux trees).
Running muxtree optimizer on module \npu_core..
  Creating internal representation of mux trees.
  Evaluating internal representation of mux trees.
  Analyzing evaluation results.
Removed 0 multiplexer ports.
<suppressed ~70 debug messages>

16.20.20. Executing OPT_REDUCE pass (consolidate $*mux and $reduce_* inputs).
  Optimizing cells in module \npu_core.
Performed a total of 0 changes.

16.20.21. Executing OPT_MERGE pass (detect identical cells).
Finding identical cells in module `\npu_core'.
Removed a total of 0 cells.

16.20.22. Executing OPT_SHARE pass.

16.20.23. Executing OPT_DFF pass (perform DFF optimizations).

16.20.24. Executing OPT_CLEAN pass (remove unused cells and wires).
Finding unused cells or wires in module \npu_core..

16.20.25. Executing OPT_EXPR pass (perform const folding).
Optimizing module npu_core.

16.20.26. Finished OPT passes. (There is nothing left to do.)

16.21. Executing TECHMAP pass (map to technology primitives).

16.21.1. Executing Verilog-2005 frontend: /usr/bin/../share/yosys/techmap.v
Parsing Verilog input from `/usr/bin/../share/yosys/techmap.v' to AST representation.
Generating RTLIL representation for module `\_90_simplemap_bool_ops'.
Generating RTLIL representation for module `\_90_simplemap_reduce_ops'.
Generating RTLIL representation for module `\_90_simplemap_logic_ops'.
Generating RTLIL representation for module `\_90_simplemap_compare_ops'.
Generating RTLIL representation for module `\_90_simplemap_various'.
Generating RTLIL representation for module `\_90_simplemap_registers'.
Generating RTLIL representation for module `\_90_shift_ops_shr_shl_sshl_sshr'.
Generating RTLIL representation for module `\_90_shift_shiftx'.
Generating RTLIL representation for module `\_90_fa'.
Generating RTLIL representation for module `\_90_lcu'.
Generating RTLIL representation for module `\_90_alu'.
Generating RTLIL representation for module `\_90_macc'.
Generating RTLIL representation for module `\_90_alumacc'.
Generating RTLIL representation for module `\$__div_mod_u'.
Generating RTLIL representation for module `\$__div_mod_trunc'.
Generating RTLIL representation for module `\_90_div'.
Generating RTLIL representation for module `\_90_mod'.
Generating RTLIL representation for module `\$__div_mod_floor'.
Generating RTLIL representation for module `\_90_divfloor'.
Generating RTLIL representation for module `\_90_modfloor'.
Generating RTLIL representation for module `\_90_pow'.
Generating RTLIL representation for module `\_90_pmux'.
Generating RTLIL representation for module `\_90_demux'.
Generating RTLIL representation for module `\_90_lut'.
Successfully finished Verilog frontend.

16.21.2. Continuing TECHMAP pass.
Using extmapper simplemap for cells of type $and.
Using extmapper simplemap for cells of type $xor.
Using extmapper simplemap for cells of type $or.
Using extmapper simplemap for cells of type $adffe.
Using extmapper simplemap for cells of type $eq.
Using extmapper simplemap for cells of type $reduce_and.
Using extmapper simplemap for cells of type $logic_not.
Using extmapper simplemap for cells of type $reduce_or.
Using extmapper simplemap for cells of type $ne.
Using extmapper simplemap for cells of type $reduce_bool.
Using extmapper simplemap for cells of type $mux.
Using template $paramod$c5c783b17ab1d780abfad8cfe6563a0a7b47a3b0\_90_pmux for cells of type $pmux.
Using extmapper simplemap for cells of type $not.
Using template $paramod$a9f023b7f9387cc24984a8fa4722169e6d5f74aa\_90_pmux for cells of type $pmux.
Using template $paramod$97565c3687be688407d1272a293bd9d0ae6852dc\_90_pmux for cells of type $pmux.
Using template $paramod$constmap:e5d4f344d73d45eb9f3000a9c14e9cd47131718f$paramod$7ed51af0b423bf6b2d0281b99e42cefe758cac5e\_90_shift_shiftx for cells of type $shiftx.
Using template $paramod$constmap:3efe09016514a92804508649fa479f54369b05be$paramod$282e2f6c0b1116d84b8f8102ddacd7ff760b6794\_90_shift_shiftx for cells of type $shiftx.
Using template $paramod$645fe0cc96ae5edb83bff90cc2c78f4a20ca3e3c\_90_pmux for cells of type $pmux.
Using template $paramod$649fc39eef2451024566705288528c8671211199\_90_alu for cells of type $alu.
Using template $paramod$constmap:233710f92ba327195f693d6f1bea4982f3874068$paramod$c7ba517eea2671af60c24bf20a7c88b682f5b9fa\_90_shift_shiftx for cells of type $shiftx.
Using template $paramod$constmap:86e2440d332680fabe8b1e23a23b7315a77faefe$paramod$50cf5de8332cab53950d81026693c5f4163139bf\_90_shift_shiftx for cells of type $shiftx.
Using template $paramod$constmap:5963ec7398387645603a9ecdd41a96e1320cecae$paramod$ca46bf0eafdfb49a9799ca344dac4b8dba9cd368\_90_shift_shiftx for cells of type $shiftx.
Using extmapper maccmap for cells of type $macc.
  add 2'11 * \u_host.rd_ptr [2] (2x1 bits, unsigned)
Using template $paramod$constmap:139ddbcf897391ed0b28ac051e9ffb42091672c4$paramod$723cd126c850a8b7ff7a647228f2dbe47dbc0632\_90_shift_shiftx for cells of type $shiftx.
Using template $paramod$b3c20b05d9b1fc2c940ef2f6c917486aead042e8\_90_alu for cells of type $alu.
Using template $paramod$constmap:db9a784dc5b7ac547eba540847a9eaf189647a80$paramod$e2aec1a836ca3aba35c9f2d7acd506ea341ba801\_90_shift_shiftx for cells of type $shiftx.
Using template $paramod$7af24cf7f572852703f08ef7a936c59efa2c57af\_90_alu for cells of type $alu.
Using extmapper simplemap for cells of type $logic_and.
Using template $paramod$3ef7d3dd227da7627a99c5e5a6a4deb817573e39\_90_alu for cells of type $alu.
Using template $paramod$fc972a7a46956c1788f3cb5257b53c8f1df2d0cc\_90_alu for cells of type $alu.
Using template $paramod$aebc44f5eedf4f1603d7564e4920ac508059c773\_90_alu for cells of type $alu.
Using extmapper simplemap for cells of type $logic_or.
  add { \acc_rb_i [4:1] \u_host.rd_ptr [3] } * 2'11 (5x2 bits, unsigned)
Using template $paramod$d2fa05d38998afabc6d4f34471305d0af4b8b2df\_90_alu for cells of type $alu.
Using template $paramod$constmap:149243966e55990447b265bf363262ee2324aa0c$paramod$6853d0b0c182b1b1cdf760d90bf5412efbf03c5a\_90_shift_ops_shr_shl_sshl_sshr for cells of type $sshr.
Using template $paramod$484d51534650924b7ed4c69e46eed3a56904771f\_90_alu for cells of type $alu.
  add \g_bank[0].rd_i * 2'11 (3x2 bits, unsigned)
Using template $paramod$5ccf584370207a3ccc3032757a8e590623d4de56\_90_alu for cells of type $alu.
Using template $paramod$1a3a0c35c4a4896fbfd612699525c057298e72d2\_90_alu for cells of type $alu.
Using template $paramod$constmap:bec699c5962501754ca899c3599fc5d412e62b88$paramod$7f3770611668623e30460e3c2aec37d3972dc1d3\_90_shift_shiftx for cells of type $shiftx.
Using template $paramod$d1615bf4e5e328245ffd1550e5fe105901cda77b\_90_alu for cells of type $alu.
Using template $paramod$7e708ae28ab761f11d0fb59d3ffc72f6a4baf5d9\_90_alu for cells of type $alu.
Using template $paramod$constmap:d2cf58fa142a7f8a634f9cdd498110c7dd05a114$paramod$da0c8fca2a734b53c7d3a154637f35cfbd922d3a\_90_shift_shiftx for cells of type $shiftx.
Using template $paramod$b8c0a997bce700f23568a5ada79cc6781d1f5ca0\_90_alu for cells of type $alu.
Using template $paramod$32a7b7b86c07519b7537abc18e96f0331f97914d\_90_alu for cells of type $alu.
Using template $paramod$constmap:5c266000198c124acdbdb70a1aff826898d157cd$paramod$1802a884da18f9f9093671a25d800efc5a9e7f7a\_90_shift_shiftx for cells of type $shiftx.
Using template $paramod$2e1494a4b447defe52efe982567c833830ffcd42\_90_alu for cells of type $alu.
Using template $paramod$8742280fdebca84e1c87f2a86ed84f62d558f4cc\_90_alu for cells of type $alu.
Using template $paramod$constmap:594bea3c62646c5e7425fb02521b0423ffe62fae$paramod$4b8c50359b14f225dc0b3fa49340a2fed623c8b6\_90_shift_shiftx for cells of type $shiftx.
Using template $paramod$f85408ed1aa3d09e465edae8a7bf590332ae9f7b\_90_alu for cells of type $alu.
Using template $paramod$constmap:9edd85e479493764978f38134ce65efdc8321140$paramod$b02a9173941b10dfb17d1ebff9c0a4c1d56b03b5\_90_shift_shiftx for cells of type $shiftx.
  add { \g_bank[1].rd_flat [3:1] \g_bank[1].rd_i [0] } * 2'11 (4x2 bits, unsigned)
  add 2'11 * \req_c (2x1 bits, unsigned)
Using extmapper simplemap for cells of type $adff.
Using template $paramod$1a6407745a4b939fc01b3599f611fd1c90656484\_90_alu for cells of type $alu.
Using template $paramod$5404fad1a86b446f39b010a8ce9b5ebc058574c5\_90_alu for cells of type $alu.
Using template $paramod$08c2d337fba0d8fba53e35b89be96dd105931d9e\_90_alu for cells of type $alu.
Using template $paramod$c3cd1564c35d873179656addd6052d7ea8b6d991\_90_alu for cells of type $alu.
Using template $paramod$0482edde3ea394805a540f3e6a413d0dac29852d\_90_pmux for cells of type $pmux.
Using template $paramod$77db613179eb70c5e4e5c5aca72d602a7c6017b6\_90_pmux for cells of type $pmux.
Using template $paramod$a1bc51c02ce12ac21eb18988e83292af48ed7d72\_90_alu for cells of type $alu.
Using template $paramod$a04dd9d4d8b430140c4ff94b50470fb380fda2a0\_90_alu for cells of type $alu.
Using template $paramod$9d89fb639f737cac60740e160831d647469879cc\_90_alu for cells of type $alu.
Using template $paramod$4f7462fd7944a40ab328577064922bdf555975a5\_90_alu for cells of type $alu.
Using template $paramod$5bb6c3f3e4a5303115f41a182fad517280ea0b25\_90_alu for cells of type $alu.
Using template $paramod$719aadea7a94d31a13cd25a777432aacb0e462b5\_90_alu for cells of type $alu.
Using template $paramod$32efbfac1c4dc57230cf86180788fdfd12e3b511\_90_alu for cells of type $alu.
Using extmapper simplemap for cells of type $pos.
Using template $paramod\_90_lcu\WIDTH=32'00000000000000000000000000000010 for cells of type $lcu.
Using template $paramod\_90_lcu\WIDTH=32'00000000000000000000000000000110 for cells of type $lcu.
Using template $paramod\_90_lcu\WIDTH=32'00000000000000000000000000001000 for cells of type $lcu.
Using template $paramod\_90_lcu\WIDTH=32'00000000000000000000000000000100 for cells of type $lcu.
Using template $paramod\_90_lcu\WIDTH=32'00000000000000000000000000010011 for cells of type $lcu.
Using template $paramod$00298f3f8094950cb9a5ff2fda48d0d8bde8806c\_90_alu for cells of type $alu.
Using template $paramod\_90_lcu\WIDTH=32'00000000000000000000000000000011 for cells of type $lcu.
Using template $paramod\_90_lcu\WIDTH=32'00000000000000000000000000011010 for cells of type $lcu.
Using template $paramod$dbcdc7e8aa1a4080cea2deda6fdc8772064f4d90\_90_alu for cells of type $alu.
Using template $paramod\_90_lcu\WIDTH=32'00000000000000000000000000001001 for cells of type $lcu.
Using template $paramod$b18e16801adf491a64caa0542270798e5d4ac6b6\_90_alu for cells of type $alu.
Using template $paramod\_90_lcu\WIDTH=32'00000000000000000000000000000001 for cells of type $lcu.
Using template $paramod\_90_lcu\WIDTH=32'00000000000000000000000000001010 for cells of type $lcu.
Using template $paramod\_90_lcu\WIDTH=32'00000000000000000000000000000111 for cells of type $lcu.
Using template $paramod\_90_lcu\WIDTH=32'00000000000000000000000000000101 for cells of type $lcu.
No more expansions possible.
<suppressed ~8197 debug messages>

16.22. Executing OPT pass (performing simple optimizations).

16.22.1. Executing OPT_EXPR pass (perform const folding).
Optimizing module npu_core.
<suppressed ~20482 debug messages>

16.22.2. Executing OPT_MERGE pass (detect identical cells).
Finding identical cells in module `\npu_core'.
<suppressed ~1227 debug messages>
Removed a total of 409 cells.

16.22.3. Executing OPT_DFF pass (perform DFF optimizations).

16.22.4. Executing OPT_CLEAN pass (remove unused cells and wires).
Finding unused cells or wires in module \npu_core..
Removed 5410 unused cells and 2180 unused wires.
<suppressed ~5411 debug messages>

16.22.5. Finished fast OPT passes.

16.23. Executing ABC pass (technology mapping using ABC).

16.23.1. Extracting gate netlist of module `\npu_core' to `<abc-temp-dir>/input.blif'..
Extracted 9875 gates and 10996 wires to a netlist network with 1118 inputs and 418 outputs.

16.23.1.1. Executing ABC.
Running ABC command: "<yosys-exe-dir>/yosys-abc" -s -f <abc-temp-dir>/abc.script 2>&1
ABC: ABC command line: "source <abc-temp-dir>/abc.script".
ABC: 
ABC: + read_blif <abc-temp-dir>/input.blif 
ABC: + read_library <abc-temp-dir>/stdcells.genlib 
ABC: Entered genlib library with 13 gates from file "<abc-temp-dir>/stdcells.genlib".
ABC: + strash 
ABC: + dretime 
ABC: + map 
ABC: + write_blif <abc-temp-dir>/output.blif 

16.23.1.2. Re-integrating ABC results.
ABC RESULTS:               NOT cells:      779
ABC RESULTS:               AND cells:      893
ABC RESULTS:              XNOR cells:      405
ABC RESULTS:              NAND cells:      214
ABC RESULTS:               NOR cells:      594
ABC RESULTS:            ANDNOT cells:     2388
ABC RESULTS:               XOR cells:     1077
ABC RESULTS:                OR cells:      800
ABC RESULTS:               MUX cells:     2721
ABC RESULTS:             ORNOT cells:      310
ABC RESULTS:        internal signals:     9460
ABC RESULTS:           input signals:     1118
ABC RESULTS:          output signals:      418
Removing temp directory.

16.24. Executing OPT pass (performing simple optimizations).

16.24.1. Executing OPT_EXPR pass (perform const folding).
Optimizing module npu_core.
<suppressed ~409 debug messages>

16.24.2. Executing OPT_MERGE pass (detect identical cells).
Finding identical cells in module `\npu_core'.
<suppressed ~87 debug messages>
Removed a total of 29 cells.

16.24.3. Executing OPT_DFF pass (perform DFF optimizations).

16.24.4. Executing OPT_CLEAN pass (remove unused cells and wires).
Finding unused cells or wires in module \npu_core..
Removed 1 unused cells and 3290 unused wires.
<suppressed ~122 debug messages>

16.24.5. Finished fast OPT passes.

16.25. Executing HIERARCHY pass (managing design hierarchy).

16.25.1. Analyzing design hierarchy..
Top module:  \npu_core

16.25.2. Analyzing design hierarchy..
Top module:  \npu_core
Removed 0 unused modules.

16.26. Printing statistics.

=== npu_core ===

   Number of wires:              10842
   Number of wire bits:          37760
   Number of public wires:         997
   Number of public wire bits:   27808
   Number of memories:               0
   Number of memory bits:            0
   Number of processes:              0
   Number of cells:              11288
     $_ANDNOT_                    2380
     $_AND_                        890
     $_DFFE_PN0P_                  879
     $_DFFE_PN1P_                    9
     $_DFF_PN0_                    249
     $_MUX_                       2720
     $_NAND_                       214
     $_NOR_                        589
     $_NOT_                        778
     $_ORNOT_                      309
     $_OR_                         793
     $_XNOR_                       405
     $_XOR_                       1073

16.27. Executing CHECK pass (checking for obvious problems).
Checking module npu_core...
Found and reported 0 problems.

17. Executing CHECK pass (checking for obvious problems).
Checking module npu_core...
Found and reported 0 problems.

18. Executing ABC pass (technology mapping using ABC).

18.1. Extracting gate netlist of module `\npu_core' to `<abc-temp-dir>/input.blif'..
Extracted 10151 gates and 11269 wires to a netlist network with 1118 inputs and 417 outputs.

18.1.1. Executing ABC.
Running ABC command: "<yosys-exe-dir>/yosys-abc" -s -f <abc-temp-dir>/abc.script 2>&1
ABC: ABC command line: "source <abc-temp-dir>/abc.script".
ABC: 
ABC: + read_blif <abc-temp-dir>/input.blif 
ABC: + read_lib -w /home/danieltyukov/workspace/personal/tt-ihp-int8-npu/pdk/sg13g2_stdcell_typ_1p20V_25C.lib 
ABC: Parsing finished successfully.  Parsing time =     0.02 sec
ABC: Scl_LibertyReadGenlib() skipped cell "sg13g2_antennanp" due to dont_use attribute.
ABC: Scl_LibertyReadGenlib() skipped cell "sg13g2_decap_4" due to dont_use attribute.
ABC: Scl_LibertyReadGenlib() skipped cell "sg13g2_decap_8" due to dont_use attribute.
ABC: Scl_LibertyReadGenlib() skipped sequential cell "sg13g2_dfrbp_1".
ABC: Scl_LibertyReadGenlib() skipped sequential cell "sg13g2_dfrbp_2".
ABC: Scl_LibertyReadGenlib() skipped sequential cell "sg13g2_dfrbpq_1".
ABC: Scl_LibertyReadGenlib() skipped sequential cell "sg13g2_dfrbpq_2".
ABC: Scl_LibertyReadGenlib() skipped sequential cell "sg13g2_dlhq_1".
ABC: Scl_LibertyReadGenlib() skipped sequential cell "sg13g2_dlhr_1".
ABC: Scl_LibertyReadGenlib() skipped sequential cell "sg13g2_dlhrq_1".
ABC: Scl_LibertyReadGenlib() skipped sequential cell "sg13g2_dllr_1".
ABC: Scl_LibertyReadGenlib() skipped sequential cell "sg13g2_dllrq_1".
ABC: Scl_LibertyReadGenlib() skipped three-state cell "sg13g2_ebufn_2".
ABC: Scl_LibertyReadGenlib() skipped three-state cell "sg13g2_ebufn_4".
ABC: Scl_LibertyReadGenlib() skipped three-state cell "sg13g2_ebufn_8".
ABC: Scl_LibertyReadGenlib() skipped three-state cell "sg13g2_einvn_2".
ABC: Scl_LibertyReadGenlib() skipped three-state cell "sg13g2_einvn_4".
ABC: Scl_LibertyReadGenlib() skipped three-state cell "sg13g2_einvn_8".
ABC: Scl_LibertyReadGenlib() skipped cell "sg13g2_fill_1" due to dont_use attribute.
ABC: Scl_LibertyReadGenlib() skipped cell "sg13g2_fill_2" due to dont_use attribute.
ABC: Scl_LibertyReadGenlib() skipped cell "sg13g2_fill_4" due to dont_use attribute.
ABC: Scl_LibertyReadGenlib() skipped cell "sg13g2_fill_8" due to dont_use attribute.
ABC: Scl_LibertyReadGenlib() skipped cell "sg13g2_lgcp_1" due to dont_use attribute.
ABC: Scl_LibertyReadGenlib() skipped sequential cell "sg13g2_sdfbbp_1".
ABC: Scl_LibertyReadGenlib() skipped sequential cell "sg13g2_sdfrbp_1".
ABC: Scl_LibertyReadGenlib() skipped sequential cell "sg13g2_sdfrbp_2".
ABC: Scl_LibertyReadGenlib() skipped sequential cell "sg13g2_sdfrbpq_1".
ABC: Scl_LibertyReadGenlib() skipped sequential cell "sg13g2_sdfrbpq_2".
ABC: Scl_LibertyReadGenlib() skipped cell "sg13g2_sighold" due to dont_use attribute.
ABC: Scl_LibertyReadGenlib() skipped cell "sg13g2_slgcp_1" due to dont_use attribute.
ABC: Library "sg13g2_stdcell_typ_1p20V_25C" from "/home/danieltyukov/workspace/personal/tt-ihp-int8-npu/pdk/sg13g2_stdcell_typ_1p20V_25C.lib" has 54 cells (20 skipped: 14 seq; 6 tri-state; 0 no func; 10 dont_use).  Time =     0.03 sec
ABC: Memory =    2.86 MB. Time =     0.03 sec
ABC: + strash 
ABC: + &get -n 
ABC: + &fraig -x 
ABC: + &put 
ABC: + scorr 
ABC: Warning: The network is combinational (run "fraig" or "fraig_sweep").
ABC: + dc2 
ABC: + dretime 
ABC: + strash 
ABC: + &get -n 
ABC: + &dch -f 
ABC: + &nf 
ABC: + &put 
ABC: + write_blif <abc-temp-dir>/output.blif 

18.1.2. Re-integrating ABC results.
ABC RESULTS:     sg13g2_nor4_1 cells:       37
ABC RESULTS:   sg13g2_a221oi_1 cells:       31
ABC RESULTS:      sg13g2_or4_1 cells:        2
ABC RESULTS:     sg13g2_mux4_1 cells:      282
ABC RESULTS:     sg13g2_mux2_1 cells:      493
ABC RESULTS:     sg13g2_and4_1 cells:       34
ABC RESULTS:   sg13g2_nand3b_1 cells:       11
ABC RESULTS:     sg13g2_and3_1 cells:       37
ABC RESULTS:   sg13g2_nand2b_1 cells:      239
ABC RESULTS:      sg13g2_or2_1 cells:       94
ABC RESULTS:    sg13g2_nand4_1 cells:       92
ABC RESULTS:    sg13g2_a22oi_1 cells:      291
ABC RESULTS:      sg13g2_or3_1 cells:       32
ABC RESULTS:      sg13g2_inv_1 cells:      158
ABC RESULTS:     sg13g2_and2_1 cells:      164
ABC RESULTS:     sg13g2_xor2_1 cells:      276
ABC RESULTS:    sg13g2_a21oi_1 cells:      516
ABC RESULTS:    sg13g2_nand3_1 cells:      180
ABC RESULTS:    sg13g2_nor2b_1 cells:      324
ABC RESULTS:     sg13g2_a21o_1 cells:      143
ABC RESULTS:    sg13g2_xnor2_1 cells:      690
ABC RESULTS:    sg13g2_nand2_1 cells:      735
ABC RESULTS:     sg13g2_nor3_1 cells:      101
ABC RESULTS:      sg13g2_buf_1 cells:        1
ABC RESULTS:    sg13g2_o21ai_1 cells:      471
ABC RESULTS:     sg13g2_nor2_1 cells:      553
ABC RESULTS:        internal signals:     9734
ABC RESULTS:           input signals:     1118
ABC RESULTS:          output signals:      417
Removing temp directory.

19. Executing SETUNDEF pass (replace undef values with defined constants).

20. Executing OPT_CLEAN pass (remove unused cells and wires).
Finding unused cells or wires in module \npu_core..
Removed 0 unused cells and 12156 unused wires.
<suppressed ~888 debug messages>

21. Executing LTP pass (find longest path).

Longest topological path in npu_core (length=36):
    0: \state [1]
    1: $abc$56869$new_n1591_ (via $abc$56869$auto$blifparse.cc:386:parse_blif$56925)
    2: $abc$56869$new_n1868_ (via $abc$56869$auto$blifparse.cc:386:parse_blif$57202)
    3: $abc$56869$new_n1883_ (via $abc$56869$auto$blifparse.cc:386:parse_blif$57217)
    4: $abc$56869$new_n2690_ (via $abc$56869$auto$blifparse.cc:386:parse_blif$58024)
    5: $abc$56869$new_n2691_ (via $abc$56869$auto$blifparse.cc:386:parse_blif$58025)
    6: $abc$56869$new_n2694_ (via $abc$56869$auto$blifparse.cc:386:parse_blif$58028)
    7: $abc$56869$new_n2695_ (via $abc$56869$auto$blifparse.cc:386:parse_blif$58029)
    8: $abc$56869$new_n2704_ (via $abc$56869$auto$blifparse.cc:386:parse_blif$58038)
    9: $abc$56869$new_n2713_ (via $abc$56869$auto$blifparse.cc:386:parse_blif$58047)
   10: $abc$56869$new_n2714_ (via $abc$56869$auto$blifparse.cc:386:parse_blif$58048)
   11: $abc$56869$new_n2716_ (via $abc$56869$auto$blifparse.cc:386:parse_blif$58050)
   12: $abc$56869$new_n2719_ (via $abc$56869$auto$blifparse.cc:386:parse_blif$58053)
   13: $abc$56869$new_n2721_ (via $abc$56869$auto$blifparse.cc:386:parse_blif$58055)
   14: $abc$56869$new_n2722_ (via $abc$56869$auto$blifparse.cc:386:parse_blif$58056)
   15: $abc$56869$new_n2723_ (via $abc$56869$auto$blifparse.cc:386:parse_blif$58057)
   16: $abc$56869$new_n2724_ (via $abc$56869$auto$blifparse.cc:386:parse_blif$58058)
   17: $abc$56869$new_n2725_ (via $abc$56869$auto$blifparse.cc:386:parse_blif$58059)
   18: $abc$56869$new_n2726_ (via $abc$56869$auto$blifparse.cc:386:parse_blif$58060)
   19: $abc$56869$new_n2727_ (via $abc$56869$auto$blifparse.cc:386:parse_blif$58061)
   20: $abc$56869$new_n2728_ (via $abc$56869$auto$blifparse.cc:386:parse_blif$58062)
   21: $abc$56869$new_n2729_ (via $abc$56869$auto$blifparse.cc:386:parse_blif$58063)
   22: $abc$56869$new_n2730_ (via $abc$56869$auto$blifparse.cc:386:parse_blif$58064)
   23: $abc$56869$new_n2731_ (via $abc$56869$auto$blifparse.cc:386:parse_blif$58065)
   24: $abc$56869$new_n2732_ (via $abc$56869$auto$blifparse.cc:386:parse_blif$58066)
   25: $abc$56869$new_n2733_ (via $abc$56869$auto$blifparse.cc:386:parse_blif$58067)
   26: $abc$56869$new_n2734_ (via $abc$56869$auto$blifparse.cc:386:parse_blif$58068)
   27: $abc$56869$new_n2735_ (via $abc$56869$auto$blifparse.cc:386:parse_blif$58069)
   28: $abc$56869$new_n2737_ (via $abc$56869$auto$blifparse.cc:386:parse_blif$58071)
   29: $abc$56869$new_n2738_ (via $abc$56869$auto$blifparse.cc:386:parse_blif$58072)
   30: $abc$56869$new_n2774_ (via $abc$56869$auto$blifparse.cc:386:parse_blif$58108)
   31: $abc$56869$new_n2782_ (via $abc$56869$auto$blifparse.cc:386:parse_blif$58116)
   32: $abc$56869$new_n2785_ (via $abc$56869$auto$blifparse.cc:386:parse_blif$58119)
   33: $abc$56869$new_n2789_ (via $abc$56869$auto$blifparse.cc:386:parse_blif$58123)
   34: \u_requant.y_clamp [7] (via $abc$56869$auto$blifparse.cc:386:parse_blif$58124)
   35: $abc$56869$new_n3050_ (via $abc$56869$auto$blifparse.cc:386:parse_blif$58384)
   36: $flatten\u_requant.$procmux$2626.Y [43] (via $abc$56869$auto$blifparse.cc:386:parse_blif$58387)
   ff: \u_requant.a_part [24] (via $auto$ff.cc:266:slice$10705)

22. Executing DFFLIBMAP pass (mapping DFF cells to sequential cells from liberty file).
Warning: Found unsupported expression 'SCE*SCD+!SCE*D' in pin attribute of cell 'sg13g2_sdfrbp_1' - skipping.
Warning: Found unsupported expression 'SCE*SCD+!SCE*D' in pin attribute of cell 'sg13g2_sdfrbp_2' - skipping.
Warning: Found unsupported expression 'SCE*SCD+!SCE*D' in pin attribute of cell 'sg13g2_sdfrbpq_1' - skipping.
Warning: Found unsupported expression 'SCE*SCD+!SCE*D' in pin attribute of cell 'sg13g2_sdfrbpq_2' - skipping.
Warning: Found unsupported expression 'SCE*SCD+!SCE*D' in pin attribute of cell 'sg13g2_sdfrbp_1' - skipping.
Warning: Found unsupported expression 'SCE*SCD+!SCE*D' in pin attribute of cell 'sg13g2_sdfrbp_2' - skipping.
Warning: Found unsupported expression 'SCE*SCD+!SCE*D' in pin attribute of cell 'sg13g2_sdfrbpq_1' - skipping.
Warning: Found unsupported expression 'SCE*SCD+!SCE*D' in pin attribute of cell 'sg13g2_sdfrbpq_2' - skipping.
  cell sg13g2_dfrbpq_1 (noninv, pins=4, area=48.99) is a direct match for cell type $_DFF_PN0_.
Warning: Found unsupported expression 'SCE*SCD+!SCE*D' in pin attribute of cell 'sg13g2_sdfrbp_1' - skipping.
Warning: Found unsupported expression 'SCE*SCD+!SCE*D' in pin attribute of cell 'sg13g2_sdfrbp_2' - skipping.
Warning: Found unsupported expression 'SCE*SCD+!SCE*D' in pin attribute of cell 'sg13g2_sdfrbpq_1' - skipping.
Warning: Found unsupported expression 'SCE*SCD+!SCE*D' in pin attribute of cell 'sg13g2_sdfrbpq_2' - skipping.
Warning: Found unsupported expression 'SCE*SCD+!SCE*D' in pin attribute of cell 'sg13g2_sdfrbp_1' - skipping.
Warning: Found unsupported expression 'SCE*SCD+!SCE*D' in pin attribute of cell 'sg13g2_sdfrbp_2' - skipping.
Warning: Found unsupported expression 'SCE*SCD+!SCE*D' in pin attribute of cell 'sg13g2_sdfrbpq_1' - skipping.
Warning: Found unsupported expression 'SCE*SCD+!SCE*D' in pin attribute of cell 'sg13g2_sdfrbpq_2' - skipping.
Warning: Found unsupported expression 'SCE*SCD+!SCE*D' in pin attribute of cell 'sg13g2_sdfrbp_1' - skipping.
Warning: Found unsupported expression 'SCE*SCD+!SCE*D' in pin attribute of cell 'sg13g2_sdfrbp_2' - skipping.
Warning: Found unsupported expression 'SCE*SCD+!SCE*D' in pin attribute of cell 'sg13g2_sdfrbpq_1' - skipping.
Warning: Found unsupported expression 'SCE*SCD+!SCE*D' in pin attribute of cell 'sg13g2_sdfrbpq_2' - skipping.
Warning: Found unsupported expression 'SCE*SCD+!SCE*D' in pin attribute of cell 'sg13g2_sdfrbp_1' - skipping.
Warning: Found unsupported expression 'SCE*SCD+!SCE*D' in pin attribute of cell 'sg13g2_sdfrbp_2' - skipping.
Warning: Found unsupported expression 'SCE*SCD+!SCE*D' in pin attribute of cell 'sg13g2_sdfrbpq_1' - skipping.
Warning: Found unsupported expression 'SCE*SCD+!SCE*D' in pin attribute of cell 'sg13g2_sdfrbpq_2' - skipping.
Warning: Found unsupported expression 'SCE*SCD+!SCE*D' in pin attribute of cell 'sg13g2_sdfrbp_1' - skipping.
Warning: Found unsupported expression 'SCE*SCD+!SCE*D' in pin attribute of cell 'sg13g2_sdfrbp_2' - skipping.
Warning: Found unsupported expression 'SCE*SCD+!SCE*D' in pin attribute of cell 'sg13g2_sdfrbpq_1' - skipping.
Warning: Found unsupported expression 'SCE*SCD+!SCE*D' in pin attribute of cell 'sg13g2_sdfrbpq_2' - skipping.
Warning: Found unsupported expression 'SCE*SCD+!SCE*D' in pin attribute of cell 'sg13g2_sdfrbp_1' - skipping.
Warning: Found unsupported expression 'SCE*SCD+!SCE*D' in pin attribute of cell 'sg13g2_sdfrbp_2' - skipping.
Warning: Found unsupported expression 'SCE*SCD+!SCE*D' in pin attribute of cell 'sg13g2_sdfrbpq_1' - skipping.
Warning: Found unsupported expression 'SCE*SCD+!SCE*D' in pin attribute of cell 'sg13g2_sdfrbpq_2' - skipping.
Warning: Found unsupported expression 'SCE*SCD+!SCE*D' in pin attribute of cell 'sg13g2_sdfrbp_1' - skipping.
Warning: Found unsupported expression 'SCE*SCD+!SCE*D' in pin attribute of cell 'sg13g2_sdfrbp_2' - skipping.
Warning: Found unsupported expression 'SCE*SCD+!SCE*D' in pin attribute of cell 'sg13g2_sdfrbpq_1' - skipping.
Warning: Found unsupported expression 'SCE*SCD+!SCE*D' in pin attribute of cell 'sg13g2_sdfrbpq_2' - skipping.
  final dff cell mappings:
    unmapped dff cell: $_DFF_N_
    unmapped dff cell: $_DFF_P_
    unmapped dff cell: $_DFF_NN0_
    unmapped dff cell: $_DFF_NN1_
    unmapped dff cell: $_DFF_NP0_
    unmapped dff cell: $_DFF_NP1_
    \sg13g2_dfrbpq_1 _DFF_PN0_ (.CLK( C), .D( D), .Q( Q), .RESET_B( R));
    unmapped dff cell: $_DFF_PN1_
    unmapped dff cell: $_DFF_PP0_
    unmapped dff cell: $_DFF_PP1_
    unmapped dff cell: $_DFFSR_NNN_
    unmapped dff cell: $_DFFSR_NNP_
    unmapped dff cell: $_DFFSR_NPN_
    unmapped dff cell: $_DFFSR_NPP_
    unmapped dff cell: $_DFFSR_PNN_
    unmapped dff cell: $_DFFSR_PNP_
    unmapped dff cell: $_DFFSR_PPN_
    unmapped dff cell: $_DFFSR_PPP_

22.1. Executing DFFLEGALIZE pass (convert FFs to types supported by the target).
Mapping DFF cells in module `\npu_core':
  mapped 1137 $_DFF_PN0_ cells to \sg13g2_dfrbpq_1 cells.

23. Executing ABC pass (technology mapping using ABC).

23.1. Extracting gate netlist of module `\npu_core' to `<abc-temp-dir>/input.blif'..
Extracted 11057 gates and 12189 wires to a netlist network with 1132 inputs and 1091 outputs.

23.1.1. Executing ABC.
Running ABC command: "<yosys-exe-dir>/yosys-abc" -s -f <abc-temp-dir>/abc.script 2>&1
ABC: ABC command line: "source <abc-temp-dir>/abc.script".
ABC: 
ABC: + read_blif <abc-temp-dir>/input.blif 
ABC: + read_lib -w /home/danieltyukov/workspace/personal/tt-ihp-int8-npu/pdk/sg13g2_stdcell_typ_1p20V_25C.lib 
ABC: Parsing finished successfully.  Parsing time =     0.02 sec
ABC: Scl_LibertyReadGenlib() skipped cell "sg13g2_antennanp" due to dont_use attribute.
ABC: Scl_LibertyReadGenlib() skipped cell "sg13g2_decap_4" due to dont_use attribute.
ABC: Scl_LibertyReadGenlib() skipped cell "sg13g2_decap_8" due to dont_use attribute.
ABC: Scl_LibertyReadGenlib() skipped sequential cell "sg13g2_dfrbp_1".
ABC: Scl_LibertyReadGenlib() skipped sequential cell "sg13g2_dfrbp_2".
ABC: Scl_LibertyReadGenlib() skipped sequential cell "sg13g2_dfrbpq_1".
ABC: Scl_LibertyReadGenlib() skipped sequential cell "sg13g2_dfrbpq_2".
ABC: Scl_LibertyReadGenlib() skipped sequential cell "sg13g2_dlhq_1".
ABC: Scl_LibertyReadGenlib() skipped sequential cell "sg13g2_dlhr_1".
ABC: Scl_LibertyReadGenlib() skipped sequential cell "sg13g2_dlhrq_1".
ABC: Scl_LibertyReadGenlib() skipped sequential cell "sg13g2_dllr_1".
ABC: Scl_LibertyReadGenlib() skipped sequential cell "sg13g2_dllrq_1".
ABC: Scl_LibertyReadGenlib() skipped three-state cell "sg13g2_ebufn_2".
ABC: Scl_LibertyReadGenlib() skipped three-state cell "sg13g2_ebufn_4".
ABC: Scl_LibertyReadGenlib() skipped three-state cell "sg13g2_ebufn_8".
ABC: Scl_LibertyReadGenlib() skipped three-state cell "sg13g2_einvn_2".
ABC: Scl_LibertyReadGenlib() skipped three-state cell "sg13g2_einvn_4".
ABC: Scl_LibertyReadGenlib() skipped three-state cell "sg13g2_einvn_8".
ABC: Scl_LibertyReadGenlib() skipped cell "sg13g2_fill_1" due to dont_use attribute.
ABC: Scl_LibertyReadGenlib() skipped cell "sg13g2_fill_2" due to dont_use attribute.
ABC: Scl_LibertyReadGenlib() skipped cell "sg13g2_fill_4" due to dont_use attribute.
ABC: Scl_LibertyReadGenlib() skipped cell "sg13g2_fill_8" due to dont_use attribute.
ABC: Scl_LibertyReadGenlib() skipped cell "sg13g2_lgcp_1" due to dont_use attribute.
ABC: Scl_LibertyReadGenlib() skipped sequential cell "sg13g2_sdfbbp_1".
ABC: Scl_LibertyReadGenlib() skipped sequential cell "sg13g2_sdfrbp_1".
ABC: Scl_LibertyReadGenlib() skipped sequential cell "sg13g2_sdfrbp_2".
ABC: Scl_LibertyReadGenlib() skipped sequential cell "sg13g2_sdfrbpq_1".
ABC: Scl_LibertyReadGenlib() skipped sequential cell "sg13g2_sdfrbpq_2".
ABC: Scl_LibertyReadGenlib() skipped cell "sg13g2_sighold" due to dont_use attribute.
ABC: Scl_LibertyReadGenlib() skipped cell "sg13g2_slgcp_1" due to dont_use attribute.
ABC: Library "sg13g2_stdcell_typ_1p20V_25C" from "/home/danieltyukov/workspace/personal/tt-ihp-int8-npu/pdk/sg13g2_stdcell_typ_1p20V_25C.lib" has 54 cells (20 skipped: 14 seq; 6 tri-state; 0 no func; 10 dont_use).  Time =     0.03 sec
ABC: Memory =    2.86 MB. Time =     0.03 sec
ABC: + strash 
ABC: + &get -n 
ABC: + &fraig -x 
ABC: + &put 
ABC: + scorr 
ABC: Warning: The network is combinational (run "fraig" or "fraig_sweep").
ABC: + dc2 
ABC: + dretime 
ABC: + strash 
ABC: + &get -n 
ABC: + &dch -f 
ABC: + &nf 
ABC: + &put 
ABC: + write_blif <abc-temp-dir>/output.blif 

23.1.2. Re-integrating ABC results.
ABC RESULTS:      sg13g2_or4_1 cells:        2
ABC RESULTS:     sg13g2_mux4_1 cells:      269
ABC RESULTS:     sg13g2_and4_1 cells:       35
ABC RESULTS:   sg13g2_nand3b_1 cells:       10
ABC RESULTS:   sg13g2_a221oi_1 cells:       66
ABC RESULTS:      sg13g2_or3_1 cells:       40
ABC RESULTS:     sg13g2_and3_1 cells:       40
ABC RESULTS:    sg13g2_nor2b_1 cells:      308
ABC RESULTS:    sg13g2_nand4_1 cells:       83
ABC RESULTS:     sg13g2_nor4_1 cells:       33
ABC RESULTS:      sg13g2_or2_1 cells:      103
ABC RESULTS:     sg13g2_a21o_1 cells:      139
ABC RESULTS:   sg13g2_nand2b_1 cells:      247
ABC RESULTS:      sg13g2_inv_1 cells:      174
ABC RESULTS:     sg13g2_and2_1 cells:      177
ABC RESULTS:    sg13g2_xnor2_1 cells:      693
ABC RESULTS:     sg13g2_xor2_1 cells:      253
ABC RESULTS:    sg13g2_a22oi_1 cells:      308
ABC RESULTS:    sg13g2_nand3_1 cells:      189
ABC RESULTS:     sg13g2_nor3_1 cells:      102
ABC RESULTS:    sg13g2_nand2_1 cells:      756
ABC RESULTS:     sg13g2_nor2_1 cells:      590
ABC RESULTS:    sg13g2_a21oi_1 cells:      587
ABC RESULTS:     sg13g2_mux2_1 cells:     1232
ABC RESULTS:    sg13g2_o21ai_1 cells:      516
ABC RESULTS:        internal signals:     9966
ABC RESULTS:           input signals:     1132
ABC RESULTS:          output signals:     1091
Removing temp directory.

24. Executing SETUNDEF pass (replace undef values with defined constants).

25. Executing OPT_CLEAN pass (remove unused cells and wires).
Finding unused cells or wires in module \npu_core..
Removed 0 unused cells and 12952 unused wires.
<suppressed ~891 debug messages>

26. Printing statistics.

=== npu_core ===

   Number of wires:               6880
   Number of wire bits:           8167
   Number of public wires:         107
   Number of public wire bits:    1394
   Number of memories:               0
   Number of memory bits:            0
   Number of processes:              0
   Number of cells:               8089
     sg13g2_a21o_1                 139
     sg13g2_a21oi_1                587
     sg13g2_a221oi_1                66
     sg13g2_a22oi_1                308
     sg13g2_and2_1                 177
     sg13g2_and3_1                  40
     sg13g2_and4_1                  35
     sg13g2_dfrbpq_1              1137
     sg13g2_inv_1                  174
     sg13g2_mux2_1                1232
     sg13g2_mux4_1                 269
     sg13g2_nand2_1                756
     sg13g2_nand2b_1               247
     sg13g2_nand3_1                189
     sg13g2_nand3b_1                10
     sg13g2_nand4_1                 83
     sg13g2_nor2_1                 590
     sg13g2_nor2b_1                308
     sg13g2_nor3_1                 102
     sg13g2_nor4_1                  33
     sg13g2_o21ai_1                516
     sg13g2_or2_1                  103
     sg13g2_or3_1                   40
     sg13g2_or4_1                    2
     sg13g2_xnor2_1                693
     sg13g2_xor2_1                 253

   Chip area for module '\npu_core': 141979.672800

Warnings: 4 unique messages, 36 total
End of script. Logfile hash: 952e9d4783, CPU: user 24.36s system 0.15s, MEM: 165.14 MB peak
Yosys 0.33 (git sha1 2584903a060)
Time spent: 24% 70x opt_expr (7 sec), 21% 3x abc (6 sec), ...
