
 /----------------------------------------------------------------------------\
 |                                                                            |
 |  yosys -- Yosys Open SYnthesis Suite                                       |
 |                                                                            |
 |  Copyright (C) 2012 - 2020  Claire Xenia Wolf <claire@yosyshq.com>         |
 |                                                                            |
 |  Permission to use, copy, modify, and/or distribute this software for any  |
 |  purpose with or without fee is hereby granted, provided that the above    |
 |  copyright notice and this permission notice appear in all copies.         |
 |                                                                            |
 |  THE SOFTWARE IS PROVIDED "AS IS" AND THE AUTHOR DISCLAIMS ALL WARRANTIES  |
 |  WITH REGARD TO THIS SOFTWARE INCLUDING ALL IMPLIED WARRANTIES OF          |
 |  MERCHANTABILITY AND FITNESS. IN NO EVENT SHALL THE AUTHOR BE LIABLE FOR   |
 |  ANY SPECIAL, DIRECT, INDIRECT, OR CONSEQUENTIAL DAMAGES OR ANY DAMAGES    |
 |  WHATSOEVER RESULTING FROM LOSS OF USE, DATA OR PROFITS, WHETHER IN AN     |
 |  ACTION OF CONTRACT, NEGLIGENCE OR OTHER TORTIOUS ACTION, ARISING OUT OF   |
 |  OR IN CONNECTION WITH THE USE OR PERFORMANCE OF THIS SOFTWARE.            |
 |                                                                            |
 \----------------------------------------------------------------------------/

 Yosys 0.33 (git sha1 2584903a060)


-- Running command `read_liberty -lib /home/danieltyukov/workspace/personal/tt-ihp-int8-npu/pdk/sg13g2_stdcell_typ_1p20V_25C.lib; read_verilog -sv /home/danieltyukov/workspace/personal/tt-ihp-int8-npu/src/npu_activation.sv /home/danieltyukov/workspace/personal/tt-ihp-int8-npu/src/npu_adder.sv /home/danieltyukov/workspace/personal/tt-ihp-int8-npu/src/npu_array.sv /home/danieltyukov/workspace/personal/tt-ihp-int8-npu/src/npu_core.sv /home/danieltyukov/workspace/personal/tt-ihp-int8-npu/src/npu_csa_reduce.sv /home/danieltyukov/workspace/personal/tt-ihp-int8-npu/src/npu_host_if.sv /home/danieltyukov/workspace/personal/tt-ihp-int8-npu/src/npu_mult.sv /home/danieltyukov/workspace/personal/tt-ihp-int8-npu/src/npu_pe.sv /home/danieltyukov/workspace/personal/tt-ihp-int8-npu/src/npu_pp_baugh_wooley.sv /home/danieltyukov/workspace/personal/tt-ihp-int8-npu/src/npu_pp_booth4.sv /home/danieltyukov/workspace/personal/tt-ihp-int8-npu/src/npu_requant.sv /home/danieltyukov/workspace/personal/tt-ihp-int8-npu/src/tt_um_danieltyukov_int8_npu.sv; chparam -set ROWS 2 -set COLS 2 -set S_MAX 8 tt_um_danieltyukov_int8_npu; hierarchy -top tt_um_danieltyukov_int8_npu -check; synth -top tt_um_danieltyukov_int8_npu -flatten; check -assert; design -save prepped; abc -liberty /home/danieltyukov/workspace/personal/tt-ihp-int8-npu/pdk/sg13g2_stdcell_typ_1p20V_25C.lib; setundef -zero; opt_clean -purge; ltp -noff; design -load prepped; dfflibmap -liberty /home/danieltyukov/workspace/personal/tt-ihp-int8-npu/pdk/sg13g2_stdcell_typ_1p20V_25C.lib; abc -liberty /home/danieltyukov/workspace/personal/tt-ihp-int8-npu/pdk/sg13g2_stdcell_typ_1p20V_25C.lib; setundef -zero; opt_clean -purge; stat -liberty /home/danieltyukov/workspace/personal/tt-ihp-int8-npu/pdk/sg13g2_stdcell_typ_1p20V_25C.lib' --

1. Executing Liberty frontend: /home/danieltyukov/workspace/personal/tt-ihp-int8-npu/pdk/sg13g2_stdcell_typ_1p20V_25C.lib
Imported 84 cell types from liberty file.

2. Executing Verilog-2005 frontend: /home/danieltyukov/workspace/personal/tt-ihp-int8-npu/src/npu_activation.sv
Parsing SystemVerilog input from `/home/danieltyukov/workspace/personal/tt-ihp-int8-npu/src/npu_activation.sv' to AST representation.
Generating RTLIL representation for module `\npu_activation'.
Successfully finished Verilog frontend.

3. Executing Verilog-2005 frontend: /home/danieltyukov/workspace/personal/tt-ihp-int8-npu/src/npu_adder.sv
Parsing SystemVerilog input from `/home/danieltyukov/workspace/personal/tt-ihp-int8-npu/src/npu_adder.sv' to AST representation.
Generating RTLIL representation for module `\npu_adder'.
Successfully finished Verilog frontend.

4. Executing Verilog-2005 frontend: /home/danieltyukov/workspace/personal/tt-ihp-int8-npu/src/npu_array.sv
Parsing SystemVerilog input from `/home/danieltyukov/workspace/personal/tt-ihp-int8-npu/src/npu_array.sv' to AST representation.
Generating RTLIL representation for module `\npu_array'.
Successfully finished Verilog frontend.

5. Executing Verilog-2005 frontend: /home/danieltyukov/workspace/personal/tt-ihp-int8-npu/src/npu_core.sv
Parsing SystemVerilog input from `/home/danieltyukov/workspace/personal/tt-ihp-int8-npu/src/npu_core.sv' to AST representation.
Generating RTLIL representation for module `\npu_core'.
Successfully finished Verilog frontend.

6. Executing Verilog-2005 frontend: /home/danieltyukov/workspace/personal/tt-ihp-int8-npu/src/npu_csa_reduce.sv
Parsing SystemVerilog input from `/home/danieltyukov/workspace/personal/tt-ihp-int8-npu/src/npu_csa_reduce.sv' to AST representation.
Generating RTLIL representation for module `\npu_csa_reduce'.
Successfully finished Verilog frontend.

7. Executing Verilog-2005 frontend: /home/danieltyukov/workspace/personal/tt-ihp-int8-npu/src/npu_host_if.sv
Parsing SystemVerilog input from `/home/danieltyukov/workspace/personal/tt-ihp-int8-npu/src/npu_host_if.sv' to AST representation.
Generating RTLIL representation for module `\npu_host_if'.
Successfully finished Verilog frontend.

8. Executing Verilog-2005 frontend: /home/danieltyukov/workspace/personal/tt-ihp-int8-npu/src/npu_mult.sv
Parsing SystemVerilog input from `/home/danieltyukov/workspace/personal/tt-ihp-int8-npu/src/npu_mult.sv' to AST representation.
Generating RTLIL representation for module `\npu_mult'.
Successfully finished Verilog frontend.

9. Executing Verilog-2005 frontend: /home/danieltyukov/workspace/personal/tt-ihp-int8-npu/src/npu_pe.sv
Parsing SystemVerilog input from `/home/danieltyukov/workspace/personal/tt-ihp-int8-npu/src/npu_pe.sv' to AST representation.
Generating RTLIL representation for module `\npu_pe'.
Successfully finished Verilog frontend.

10. Executing Verilog-2005 frontend: /home/danieltyukov/workspace/personal/tt-ihp-int8-npu/src/npu_pp_baugh_wooley.sv
Parsing SystemVerilog input from `/home/danieltyukov/workspace/personal/tt-ihp-int8-npu/src/npu_pp_baugh_wooley.sv' to AST representation.
Generating RTLIL representation for module `\npu_pp_baugh_wooley'.
Successfully finished Verilog frontend.

11. Executing Verilog-2005 frontend: /home/danieltyukov/workspace/personal/tt-ihp-int8-npu/src/npu_pp_booth4.sv
Parsing SystemVerilog input from `/home/danieltyukov/workspace/personal/tt-ihp-int8-npu/src/npu_pp_booth4.sv' to AST representation.
Generating RTLIL representation for module `\npu_pp_booth4'.
Successfully finished Verilog frontend.

12. Executing Verilog-2005 frontend: /home/danieltyukov/workspace/personal/tt-ihp-int8-npu/src/npu_requant.sv
Parsing SystemVerilog input from `/home/danieltyukov/workspace/personal/tt-ihp-int8-npu/src/npu_requant.sv' to AST representation.
Generating RTLIL representation for module `\npu_requant'.
Successfully finished Verilog frontend.

13. Executing Verilog-2005 frontend: /home/danieltyukov/workspace/personal/tt-ihp-int8-npu/src/tt_um_danieltyukov_int8_npu.sv
Parsing SystemVerilog input from `/home/danieltyukov/workspace/personal/tt-ihp-int8-npu/src/tt_um_danieltyukov_int8_npu.sv' to AST representation.
Generating RTLIL representation for module `\tt_um_danieltyukov_int8_npu'.
Successfully finished Verilog frontend.
Parameter \ROWS = 2
Parameter \COLS = 2
Parameter \S_MAX = 8

14. Executing AST frontend in derive mode using pre-parsed AST for module `\tt_um_danieltyukov_int8_npu'.
Parameter \ROWS = 2
Parameter \COLS = 2
Parameter \S_MAX = 8
Generating RTLIL representation for module `$paramod$3c336b8d0521ce03b3fa9628f75072ecef4f407e\tt_um_danieltyukov_int8_npu'.

15. Executing HIERARCHY pass (managing design hierarchy).

15.1. Analyzing design hierarchy..
Top module:  \tt_um_danieltyukov_int8_npu
Used module:     \npu_core
Used module:         \npu_adder
Used module:         \npu_activation
Used module:         \npu_requant
Used module:         \npu_array
Used module:             \npu_pe
Used module:                 \npu_mult
Used module:                     \npu_pp_baugh_wooley
Used module:         \npu_host_if
Parameter \PSUM_W = 19
Parameter \MUL_ARCH = 0
Parameter \ADD_ARCH = 0

15.2. Executing AST frontend in derive mode using pre-parsed AST for module `\npu_pe'.
Parameter \PSUM_W = 19
Parameter \MUL_ARCH = 0
Parameter \ADD_ARCH = 0
Generating RTLIL representation for module `$paramod$ff257773bd01275f0d043df288de414e423018a5\npu_pe'.
Parameter \PSUM_W = 19
Parameter \MUL_ARCH = 0
Parameter \ADD_ARCH = 0
Found cached RTLIL representation for module `$paramod$ff257773bd01275f0d043df288de414e423018a5\npu_pe'.
Parameter \PSUM_W = 19
Parameter \MUL_ARCH = 0
Parameter \ADD_ARCH = 0
Found cached RTLIL representation for module `$paramod$ff257773bd01275f0d043df288de414e423018a5\npu_pe'.
Parameter \PSUM_W = 19
Parameter \MUL_ARCH = 0
Parameter \ADD_ARCH = 0
Found cached RTLIL representation for module `$paramod$ff257773bd01275f0d043df288de414e423018a5\npu_pe'.
Parameter \PSUM_W = 19
Parameter \MUL_ARCH = 0
Parameter \ADD_ARCH = 0
Found cached RTLIL representation for module `$paramod$ff257773bd01275f0d043df288de414e423018a5\npu_pe'.
Parameter \PSUM_W = 19
Parameter \MUL_ARCH = 0
Parameter \ADD_ARCH = 0
Found cached RTLIL representation for module `$paramod$ff257773bd01275f0d043df288de414e423018a5\npu_pe'.
Parameter \PSUM_W = 19
Parameter \MUL_ARCH = 0
Parameter \ADD_ARCH = 0
Found cached RTLIL representation for module `$paramod$ff257773bd01275f0d043df288de414e423018a5\npu_pe'.
Parameter \PSUM_W = 19
Parameter \MUL_ARCH = 0
Parameter \ADD_ARCH = 0
Found cached RTLIL representation for module `$paramod$ff257773bd01275f0d043df288de414e423018a5\npu_pe'.
Parameter \WIDTH = 19
Parameter \ARCH = 0

15.3. Executing AST frontend in derive mode using pre-parsed AST for module `\npu_adder'.
Parameter \WIDTH = 19
Parameter \ARCH = 0
Generating RTLIL representation for module `$paramod$fb8eb8dcaf3ef364e4d47beadacd83e06bae8163\npu_adder'.
Parameter \A_W = 8
Parameter \B_W = 8
Parameter \MUL_ARCH = 0
Parameter \ADD_ARCH = 0

15.4. Executing AST frontend in derive mode using pre-parsed AST for module `\npu_mult'.
Parameter \A_W = 8
Parameter \B_W = 8
Parameter \MUL_ARCH = 0
Parameter \ADD_ARCH = 0
Generating RTLIL representation for module `$paramod$a1cbd45a87523b3aa3376e3b8d05abd91c4cb6bf\npu_mult'.
Parameter \WIDTH = 25
Parameter \ARCH = 0

15.5. Executing AST frontend in derive mode using pre-parsed AST for module `\npu_adder'.
Parameter \WIDTH = 25
Parameter \ARCH = 0
Generating RTLIL representation for module `$paramod$ba7bff7ae67ca0921cf86cd97b8021e2ec0c5424\npu_adder'.
Parameter \WIDTH = 25
Parameter \ARCH = 0
Found cached RTLIL representation for module `$paramod$ba7bff7ae67ca0921cf86cd97b8021e2ec0c5424\npu_adder'.
Parameter \T_W = 24
Parameter \M_W = 16
Parameter \SH_W = 5
Parameter \ADD_ARCH = 0

15.6. Executing AST frontend in derive mode using pre-parsed AST for module `\npu_requant'.
Parameter \T_W = 24
Parameter \M_W = 16
Parameter \SH_W = 5
Parameter \ADD_ARCH = 0
Generating RTLIL representation for module `$paramod$30391a695cf76b71d765391e92da753473a83243\npu_requant'.
Parameter \ROWS = 4
Parameter \COLS = 2
Parameter \PSUM_W = 19
Parameter \MUL_ARCH = 0
Parameter \ADD_ARCH = 0

15.7. Executing AST frontend in derive mode using pre-parsed AST for module `\npu_array'.
Parameter \ROWS = 4
Parameter \COLS = 2
Parameter \PSUM_W = 19
Parameter \MUL_ARCH = 0
Parameter \ADD_ARCH = 0
Generating RTLIL representation for module `$paramod$666da260e2ee1dff8ff77b4606c64809bcab2bb0\npu_array'.
Parameter \W_LEN = 8
Parameter \ACT_LEN = 16
Parameter \BIAS_LEN = 6
Parameter \QUANT_LEN = 6
Parameter \RPTR_W = 5

15.8. Executing AST frontend in derive mode using pre-parsed AST for module `\npu_host_if'.
Parameter \W_LEN = 8
Parameter \ACT_LEN = 16
Parameter \BIAS_LEN = 6
Parameter \QUANT_LEN = 6
Parameter \RPTR_W = 5
Generating RTLIL representation for module `$paramod$529a98eedf781dfdd5b6499ee6f6fb7d2878c518\npu_host_if'.
Parameter \WIDTH = 26
Parameter \ARCH = 0

15.9. Executing AST frontend in derive mode using pre-parsed AST for module `\npu_adder'.
Parameter \WIDTH = 26
Parameter \ARCH = 0
Generating RTLIL representation for module `$paramod$d9c2f9dfb5e64c8dbdf33064c2b44a2f73ce6cb6\npu_adder'.
Parameter \A_W = 8
Parameter \B_W = 8

15.10. Executing AST frontend in derive mode using pre-parsed AST for module `\npu_pp_baugh_wooley'.
Parameter \A_W = 8
Parameter \B_W = 8
Generating RTLIL representation for module `$paramod$1ed99f1253f88f2664ca886b8b7f7f8ea7f768dd\npu_pp_baugh_wooley'.
Parameter \WIDTH = 16
Parameter \ARCH = 0

15.11. Executing AST frontend in derive mode using pre-parsed AST for module `\npu_adder'.
Parameter \WIDTH = 16
Parameter \ARCH = 0
Generating RTLIL representation for module `$paramod$60b3baad27a8ade2b24a1797a14779826394a681\npu_adder'.
Parameter \ROWS = 2
Parameter \COLS = 2
Parameter \S_MAX = 8
Parameter \ACC_W = 24
Parameter \M_W = 16
Parameter \SH_W = 5
Parameter \MUL_ARCH = 1
Parameter \ADD_ARCH = 4

15.12. Executing AST frontend in derive mode using pre-parsed AST for module `\npu_core'.
Parameter \ROWS = 2
Parameter \COLS = 2
Parameter \S_MAX = 8
Parameter \ACC_W = 24
Parameter \M_W = 16
Parameter \SH_W = 5
Parameter \MUL_ARCH = 1
Parameter \ADD_ARCH = 4
Generating RTLIL representation for module `$paramod$bc7e84ef2ddd700811955d09eb86c2d4b7d337b5\npu_core'.

15.13. Analyzing design hierarchy..
Top module:  \tt_um_danieltyukov_int8_npu
Used module:     $paramod$bc7e84ef2ddd700811955d09eb86c2d4b7d337b5\npu_core
Used module:         \npu_adder
Used module:         \npu_activation
Used module:         \npu_requant
Used module:             $paramod$d9c2f9dfb5e64c8dbdf33064c2b44a2f73ce6cb6\npu_adder
Used module:         \npu_array
Used module:             $paramod$ff257773bd01275f0d043df288de414e423018a5\npu_pe
Used module:                 \npu_mult
Used module:                     $paramod$1ed99f1253f88f2664ca886b8b7f7f8ea7f768dd\npu_pp_baugh_wooley
Used module:                     $paramod$60b3baad27a8ade2b24a1797a14779826394a681\npu_adder
Used module:         \npu_host_if
Parameter \WIDTH = 19
Parameter \ARCH = 0
Found cached RTLIL representation for module `$paramod$fb8eb8dcaf3ef364e4d47beadacd83e06bae8163\npu_adder'.
Parameter \A_W = 8
Parameter \B_W = 8
Parameter \MUL_ARCH = 0
Parameter \ADD_ARCH = 0
Found cached RTLIL representation for module `$paramod$a1cbd45a87523b3aa3376e3b8d05abd91c4cb6bf\npu_mult'.
Parameter \WIDTH = 25
Parameter \ARCH = 4

15.14. Executing AST frontend in derive mode using pre-parsed AST for module `\npu_adder'.
Parameter \WIDTH = 25
Parameter \ARCH = 4
Generating RTLIL representation for module `$paramod$2d6c54a146b5c9bc63af6521ae2fae94a8696de1\npu_adder'.
Parameter \WIDTH = 25
Parameter \ARCH = 4
Found cached RTLIL representation for module `$paramod$2d6c54a146b5c9bc63af6521ae2fae94a8696de1\npu_adder'.
Parameter \T_W = 24
Parameter \M_W = 16
Parameter \SH_W = 5
Parameter \ADD_ARCH = 4

15.15. Executing AST frontend in derive mode using pre-parsed AST for module `\npu_requant'.
Parameter \T_W = 24
Parameter \M_W = 16
Parameter \SH_W = 5
Parameter \ADD_ARCH = 4
Generating RTLIL representation for module `$paramod$9762f17314fc00bcc8483d811536c717be533d3b\npu_requant'.
Parameter \ROWS = 2
Parameter \COLS = 2
Parameter \PSUM_W = 18
Parameter \MUL_ARCH = 1
Parameter \ADD_ARCH = 4

15.16. Executing AST frontend in derive mode using pre-parsed AST for module `\npu_array'.
Parameter \ROWS = 2
Parameter \COLS = 2
Parameter \PSUM_W = 18
Parameter \MUL_ARCH = 1
Parameter \ADD_ARCH = 4
Generating RTLIL representation for module `$paramod$c0469fa5d1129ac5fdd05af07f71a3d5eb6ec8d3\npu_array'.
Parameter \W_LEN = 4
Parameter \ACT_LEN = 16
Parameter \BIAS_LEN = 6
Parameter \QUANT_LEN = 6
Parameter \RPTR_W = 6

15.17. Executing AST frontend in derive mode using pre-parsed AST for module `\npu_host_if'.
Parameter \W_LEN = 4
Parameter \ACT_LEN = 16
Parameter \BIAS_LEN = 6
Parameter \QUANT_LEN = 6
Parameter \RPTR_W = 6
Generating RTLIL representation for module `$paramod$34ddfcbca4b671933f923aa32a7a4070c9d4febc\npu_host_if'.

15.18. Analyzing design hierarchy..
Top module:  \tt_um_danieltyukov_int8_npu
Used module:     $paramod$bc7e84ef2ddd700811955d09eb86c2d4b7d337b5\npu_core
Used module:         $paramod$2d6c54a146b5c9bc63af6521ae2fae94a8696de1\npu_adder
Used module:         \npu_activation
Used module:         $paramod$9762f17314fc00bcc8483d811536c717be533d3b\npu_requant
Used module:             \npu_adder
Used module:         $paramod$c0469fa5d1129ac5fdd05af07f71a3d5eb6ec8d3\npu_array
Used module:             \npu_pe
Used module:                 $paramod$fb8eb8dcaf3ef364e4d47beadacd83e06bae8163\npu_adder
Used module:                 $paramod$a1cbd45a87523b3aa3376e3b8d05abd91c4cb6bf\npu_mult
Used module:                     \npu_pp_baugh_wooley
Used module:         $paramod$34ddfcbca4b671933f923aa32a7a4070c9d4febc\npu_host_if
Parameter \A_W = 8
Parameter \B_W = 8
Found cached RTLIL representation for module `$paramod$1ed99f1253f88f2664ca886b8b7f7f8ea7f768dd\npu_pp_baugh_wooley'.
Parameter \WIDTH = 16
Parameter \ARCH = 0
Found cached RTLIL representation for module `$paramod$60b3baad27a8ade2b24a1797a14779826394a681\npu_adder'.
Parameter \WIDTH = 26
Parameter \ARCH = 4

15.19. Executing AST frontend in derive mode using pre-parsed AST for module `\npu_adder'.
Parameter \WIDTH = 26
Parameter \ARCH = 4
Generating RTLIL representation for module `$paramod$00e50bd1d9329584e2110eb397cc8a22011310c9\npu_adder'.
Parameter \PSUM_W = 18
Parameter \MUL_ARCH = 1
Parameter \ADD_ARCH = 4

15.20. Executing AST frontend in derive mode using pre-parsed AST for module `\npu_pe'.
Parameter \PSUM_W = 18
Parameter \MUL_ARCH = 1
Parameter \ADD_ARCH = 4
Generating RTLIL representation for module `$paramod$d6b5d1bf2e6bdb39badfbf84bacf8d2f67ad228c\npu_pe'.
Parameter \PSUM_W = 18
Parameter \MUL_ARCH = 1
Parameter \ADD_ARCH = 4
Found cached RTLIL representation for module `$paramod$d6b5d1bf2e6bdb39badfbf84bacf8d2f67ad228c\npu_pe'.
Parameter \PSUM_W = 18
Parameter \MUL_ARCH = 1
Parameter \ADD_ARCH = 4
Found cached RTLIL representation for module `$paramod$d6b5d1bf2e6bdb39badfbf84bacf8d2f67ad228c\npu_pe'.
Parameter \PSUM_W = 18
Parameter \MUL_ARCH = 1
Parameter \ADD_ARCH = 4
Found cached RTLIL representation for module `$paramod$d6b5d1bf2e6bdb39badfbf84bacf8d2f67ad228c\npu_pe'.

15.21. Analyzing design hierarchy..
Top module:  \tt_um_danieltyukov_int8_npu
Used module:     $paramod$bc7e84ef2ddd700811955d09eb86c2d4b7d337b5\npu_core
Used module:         $paramod$2d6c54a146b5c9bc63af6521ae2fae94a8696de1\npu_adder
Used module:         \npu_activation
Used module:         $paramod$9762f17314fc00bcc8483d811536c717be533d3b\npu_requant
Used module:             $paramod$00e50bd1d9329584e2110eb397cc8a22011310c9\npu_adder
Used module:         $paramod$c0469fa5d1129ac5fdd05af07f71a3d5eb6ec8d3\npu_array
Used module:             $paramod$d6b5d1bf2e6bdb39badfbf84bacf8d2f67ad228c\npu_pe
Used module:                 \npu_adder
Used module:                 \npu_mult
Used module:                     $paramod$1ed99f1253f88f2664ca886b8b7f7f8ea7f768dd\npu_pp_baugh_wooley
Used module:                     $paramod$60b3baad27a8ade2b24a1797a14779826394a681\npu_adder
Used module:         $paramod$34ddfcbca4b671933f923aa32a7a4070c9d4febc\npu_host_if
Parameter \WIDTH = 18
Parameter \ARCH = 4

15.22. Executing AST frontend in derive mode using pre-parsed AST for module `\npu_adder'.
Parameter \WIDTH = 18
Parameter \ARCH = 4
Generating RTLIL representation for module `$paramod$7a1ce7bd2ba49cdd1d447cb539520de644261bfe\npu_adder'.
Parameter \A_W = 8
Parameter \B_W = 8
Parameter \MUL_ARCH = 1
Parameter \ADD_ARCH = 4

15.23. Executing AST frontend in derive mode using pre-parsed AST for module `\npu_mult'.
Parameter \A_W = 8
Parameter \B_W = 8
Parameter \MUL_ARCH = 1
Parameter \ADD_ARCH = 4
Generating RTLIL representation for module `$paramod$67e98feaf73b54d35f9441170982b8d89b9a2316\npu_mult'.

15.24. Analyzing design hierarchy..
Top module:  \tt_um_danieltyukov_int8_npu
Used module:     $paramod$bc7e84ef2ddd700811955d09eb86c2d4b7d337b5\npu_core
Used module:         $paramod$2d6c54a146b5c9bc63af6521ae2fae94a8696de1\npu_adder
Used module:         \npu_activation
Used module:         $paramod$9762f17314fc00bcc8483d811536c717be533d3b\npu_requant
Used module:             $paramod$00e50bd1d9329584e2110eb397cc8a22011310c9\npu_adder
Used module:         $paramod$c0469fa5d1129ac5fdd05af07f71a3d5eb6ec8d3\npu_array
Used module:             $paramod$d6b5d1bf2e6bdb39badfbf84bacf8d2f67ad228c\npu_pe
Used module:                 $paramod$7a1ce7bd2ba49cdd1d447cb539520de644261bfe\npu_adder
Used module:                 $paramod$67e98feaf73b54d35f9441170982b8d89b9a2316\npu_mult
Used module:                     \npu_csa_reduce
Used module:                     \npu_pp_baugh_wooley
Used module:                     \npu_adder
Used module:         $paramod$34ddfcbca4b671933f923aa32a7a4070c9d4febc\npu_host_if
Parameter \WIDTH = 16
Parameter \N = 3

15.25. Executing AST frontend in derive mode using pre-parsed AST for module `\npu_csa_reduce'.
Parameter \WIDTH = 16
Parameter \N = 3
Generating RTLIL representation for module `$paramod$17604f602797e3202e357decf915a5bc29aa0ca3\npu_csa_reduce'.
Parameter \WIDTH = 16
Parameter \N = 9

15.26. Executing AST frontend in derive mode using pre-parsed AST for module `\npu_csa_reduce'.
Parameter \WIDTH = 16
Parameter \N = 9
Generating RTLIL representation for module `$paramod$27a8bd94657cc90e38f275422f31847ddfd4487e\npu_csa_reduce'.
Parameter \A_W = 8
Parameter \B_W = 8
Found cached RTLIL representation for module `$paramod$1ed99f1253f88f2664ca886b8b7f7f8ea7f768dd\npu_pp_baugh_wooley'.
Parameter \WIDTH = 16
Parameter \ARCH = 4

15.27. Executing AST frontend in derive mode using pre-parsed AST for module `\npu_adder'.
Parameter \WIDTH = 16
Parameter \ARCH = 4
Generating RTLIL representation for module `$paramod$29b69393125ca7ee80b32022bd2decdec691949f\npu_adder'.

15.28. Analyzing design hierarchy..
Top module:  \tt_um_danieltyukov_int8_npu
Used module:     $paramod$bc7e84ef2ddd700811955d09eb86c2d4b7d337b5\npu_core
Used module:         $paramod$2d6c54a146b5c9bc63af6521ae2fae94a8696de1\npu_adder
Used module:         \npu_activation
Used module:         $paramod$9762f17314fc00bcc8483d811536c717be533d3b\npu_requant
Used module:             $paramod$00e50bd1d9329584e2110eb397cc8a22011310c9\npu_adder
Used module:         $paramod$c0469fa5d1129ac5fdd05af07f71a3d5eb6ec8d3\npu_array
Used module:             $paramod$d6b5d1bf2e6bdb39badfbf84bacf8d2f67ad228c\npu_pe
Used module:                 $paramod$7a1ce7bd2ba49cdd1d447cb539520de644261bfe\npu_adder
Used module:                 $paramod$67e98feaf73b54d35f9441170982b8d89b9a2316\npu_mult
Used module:                     $paramod$27a8bd94657cc90e38f275422f31847ddfd4487e\npu_csa_reduce
Used module:                         \npu_csa_reduce
Used module:                             $paramod$17604f602797e3202e357decf915a5bc29aa0ca3\npu_csa_reduce
Used module:                     $paramod$1ed99f1253f88f2664ca886b8b7f7f8ea7f768dd\npu_pp_baugh_wooley
Used module:                     $paramod$29b69393125ca7ee80b32022bd2decdec691949f\npu_adder
Used module:         $paramod$34ddfcbca4b671933f923aa32a7a4070c9d4febc\npu_host_if
Parameter \WIDTH = 16
Parameter \N = 2

15.29. Executing AST frontend in derive mode using pre-parsed AST for module `\npu_csa_reduce'.
Parameter \WIDTH = 16
Parameter \N = 2
Generating RTLIL representation for module `$paramod$1eb2e9d021a26f5457ad6970e0ac2d330aaa366a\npu_csa_reduce'.
Parameter \WIDTH = 16
Parameter \N = 6

15.30. Executing AST frontend in derive mode using pre-parsed AST for module `\npu_csa_reduce'.
Parameter \WIDTH = 16
Parameter \N = 6
Generating RTLIL representation for module `$paramod$2b1d745c338a0a6e50bcd9a4dc82bdf12badc2b0\npu_csa_reduce'.

15.31. Analyzing design hierarchy..
Top module:  \tt_um_danieltyukov_int8_npu
Used module:     $paramod$bc7e84ef2ddd700811955d09eb86c2d4b7d337b5\npu_core
Used module:         $paramod$2d6c54a146b5c9bc63af6521ae2fae94a8696de1\npu_adder
Used module:         \npu_activation
Used module:         $paramod$9762f17314fc00bcc8483d811536c717be533d3b\npu_requant
Used module:             $paramod$00e50bd1d9329584e2110eb397cc8a22011310c9\npu_adder
Used module:         $paramod$c0469fa5d1129ac5fdd05af07f71a3d5eb6ec8d3\npu_array
Used module:             $paramod$d6b5d1bf2e6bdb39badfbf84bacf8d2f67ad228c\npu_pe
Used module:                 $paramod$7a1ce7bd2ba49cdd1d447cb539520de644261bfe\npu_adder
Used module:                 $paramod$67e98feaf73b54d35f9441170982b8d89b9a2316\npu_mult
Used module:                     $paramod$27a8bd94657cc90e38f275422f31847ddfd4487e\npu_csa_reduce
Used module:                         $paramod$2b1d745c338a0a6e50bcd9a4dc82bdf12badc2b0\npu_csa_reduce
Used module:                             \npu_csa_reduce
Used module:                                 $paramod$17604f602797e3202e357decf915a5bc29aa0ca3\npu_csa_reduce
Used module:                                     $paramod$1eb2e9d021a26f5457ad6970e0ac2d330aaa366a\npu_csa_reduce
Used module:                     $paramod$1ed99f1253f88f2664ca886b8b7f7f8ea7f768dd\npu_pp_baugh_wooley
Used module:                     $paramod$29b69393125ca7ee80b32022bd2decdec691949f\npu_adder
Used module:         $paramod$34ddfcbca4b671933f923aa32a7a4070c9d4febc\npu_host_if
Parameter \WIDTH = 16
Parameter \N = 4

15.32. Executing AST frontend in derive mode using pre-parsed AST for module `\npu_csa_reduce'.
Parameter \WIDTH = 16
Parameter \N = 4
Generating RTLIL representation for module `$paramod$c023b5faa9c785d07331b76839e06bd1ab774764\npu_csa_reduce'.

15.33. Analyzing design hierarchy..
Top module:  \tt_um_danieltyukov_int8_npu
Used module:     $paramod$bc7e84ef2ddd700811955d09eb86c2d4b7d337b5\npu_core
Used module:         $paramod$2d6c54a146b5c9bc63af6521ae2fae94a8696de1\npu_adder
Used module:         \npu_activation
Used module:         $paramod$9762f17314fc00bcc8483d811536c717be533d3b\npu_requant
Used module:             $paramod$00e50bd1d9329584e2110eb397cc8a22011310c9\npu_adder
Used module:         $paramod$c0469fa5d1129ac5fdd05af07f71a3d5eb6ec8d3\npu_array
Used module:             $paramod$d6b5d1bf2e6bdb39badfbf84bacf8d2f67ad228c\npu_pe
Used module:                 $paramod$7a1ce7bd2ba49cdd1d447cb539520de644261bfe\npu_adder
Used module:                 $paramod$67e98feaf73b54d35f9441170982b8d89b9a2316\npu_mult
Used module:                     $paramod$27a8bd94657cc90e38f275422f31847ddfd4487e\npu_csa_reduce
Used module:                         $paramod$2b1d745c338a0a6e50bcd9a4dc82bdf12badc2b0\npu_csa_reduce
Used module:                             $paramod$c023b5faa9c785d07331b76839e06bd1ab774764\npu_csa_reduce
Used module:                                 \npu_csa_reduce
Used module:                                     $paramod$17604f602797e3202e357decf915a5bc29aa0ca3\npu_csa_reduce
Used module:                                         $paramod$1eb2e9d021a26f5457ad6970e0ac2d330aaa366a\npu_csa_reduce
Used module:                     $paramod$1ed99f1253f88f2664ca886b8b7f7f8ea7f768dd\npu_pp_baugh_wooley
Used module:                     $paramod$29b69393125ca7ee80b32022bd2decdec691949f\npu_adder
Used module:         $paramod$34ddfcbca4b671933f923aa32a7a4070c9d4febc\npu_host_if
Parameter \WIDTH = 16
Parameter \N = 3
Found cached RTLIL representation for module `$paramod$17604f602797e3202e357decf915a5bc29aa0ca3\npu_csa_reduce'.

15.34. Analyzing design hierarchy..
Top module:  \tt_um_danieltyukov_int8_npu
Used module:     $paramod$bc7e84ef2ddd700811955d09eb86c2d4b7d337b5\npu_core
Used module:         $paramod$2d6c54a146b5c9bc63af6521ae2fae94a8696de1\npu_adder
Used module:         \npu_activation
Used module:         $paramod$9762f17314fc00bcc8483d811536c717be533d3b\npu_requant
Used module:             $paramod$00e50bd1d9329584e2110eb397cc8a22011310c9\npu_adder
Used module:         $paramod$c0469fa5d1129ac5fdd05af07f71a3d5eb6ec8d3\npu_array
Used module:             $paramod$d6b5d1bf2e6bdb39badfbf84bacf8d2f67ad228c\npu_pe
Used module:                 $paramod$7a1ce7bd2ba49cdd1d447cb539520de644261bfe\npu_adder
Used module:                 $paramod$67e98feaf73b54d35f9441170982b8d89b9a2316\npu_mult
Used module:                     $paramod$27a8bd94657cc90e38f275422f31847ddfd4487e\npu_csa_reduce
Used module:                         $paramod$2b1d745c338a0a6e50bcd9a4dc82bdf12badc2b0\npu_csa_reduce
Used module:                             $paramod$c023b5faa9c785d07331b76839e06bd1ab774764\npu_csa_reduce
Used module:                                 $paramod$17604f602797e3202e357decf915a5bc29aa0ca3\npu_csa_reduce
Used module:                                     $paramod$1eb2e9d021a26f5457ad6970e0ac2d330aaa366a\npu_csa_reduce
Used module:                     $paramod$1ed99f1253f88f2664ca886b8b7f7f8ea7f768dd\npu_pp_baugh_wooley
Used module:                     $paramod$29b69393125ca7ee80b32022bd2decdec691949f\npu_adder
Used module:         $paramod$34ddfcbca4b671933f923aa32a7a4070c9d4febc\npu_host_if

15.35. Analyzing design hierarchy..
Top module:  \tt_um_danieltyukov_int8_npu
Used module:     $paramod$bc7e84ef2ddd700811955d09eb86c2d4b7d337b5\npu_core
Used module:         $paramod$2d6c54a146b5c9bc63af6521ae2fae94a8696de1\npu_adder
Used module:         \npu_activation
Used module:         $paramod$9762f17314fc00bcc8483d811536c717be533d3b\npu_requant
Used module:             $paramod$00e50bd1d9329584e2110eb397cc8a22011310c9\npu_adder
Used module:         $paramod$c0469fa5d1129ac5fdd05af07f71a3d5eb6ec8d3\npu_array
Used module:             $paramod$d6b5d1bf2e6bdb39badfbf84bacf8d2f67ad228c\npu_pe
Used module:                 $paramod$7a1ce7bd2ba49cdd1d447cb539520de644261bfe\npu_adder
Used module:                 $paramod$67e98feaf73b54d35f9441170982b8d89b9a2316\npu_mult
Used module:                     $paramod$27a8bd94657cc90e38f275422f31847ddfd4487e\npu_csa_reduce
Used module:                         $paramod$2b1d745c338a0a6e50bcd9a4dc82bdf12badc2b0\npu_csa_reduce
Used module:                             $paramod$c023b5faa9c785d07331b76839e06bd1ab774764\npu_csa_reduce
Used module:                                 $paramod$17604f602797e3202e357decf915a5bc29aa0ca3\npu_csa_reduce
Used module:                                     $paramod$1eb2e9d021a26f5457ad6970e0ac2d330aaa366a\npu_csa_reduce
Used module:                     $paramod$1ed99f1253f88f2664ca886b8b7f7f8ea7f768dd\npu_pp_baugh_wooley
Used module:                     $paramod$29b69393125ca7ee80b32022bd2decdec691949f\npu_adder
Used module:         $paramod$34ddfcbca4b671933f923aa32a7a4070c9d4febc\npu_host_if
Removing unused module `$paramod$60b3baad27a8ade2b24a1797a14779826394a681\npu_adder'.
Removing unused module `$paramod$d9c2f9dfb5e64c8dbdf33064c2b44a2f73ce6cb6\npu_adder'.
Removing unused module `$paramod$529a98eedf781dfdd5b6499ee6f6fb7d2878c518\npu_host_if'.
Removing unused module `$paramod$666da260e2ee1dff8ff77b4606c64809bcab2bb0\npu_array'.
Removing unused module `$paramod$30391a695cf76b71d765391e92da753473a83243\npu_requant'.
Removing unused module `$paramod$ba7bff7ae67ca0921cf86cd97b8021e2ec0c5424\npu_adder'.
Removing unused module `$paramod$a1cbd45a87523b3aa3376e3b8d05abd91c4cb6bf\npu_mult'.
Removing unused module `$paramod$fb8eb8dcaf3ef364e4d47beadacd83e06bae8163\npu_adder'.
Removing unused module `$paramod$ff257773bd01275f0d043df288de414e423018a5\npu_pe'.
Removing unused module `\npu_requant'.
Removing unused module `\npu_pp_booth4'.
Removing unused module `\npu_pp_baugh_wooley'.
Removing unused module `\npu_pe'.
Removing unused module `\npu_mult'.
Removing unused module `\npu_host_if'.
Removing unused module `\npu_csa_reduce'.
Removing unused module `\npu_core'.
Removing unused module `\npu_array'.
Removing unused module `\npu_adder'.
Removed 19 unused modules.

16. Executing SYNTH pass.

16.1. Executing HIERARCHY pass (managing design hierarchy).

16.1.1. Analyzing design hierarchy..
Top module:  \tt_um_danieltyukov_int8_npu
Used module:     $paramod$bc7e84ef2ddd700811955d09eb86c2d4b7d337b5\npu_core
Used module:         $paramod$2d6c54a146b5c9bc63af6521ae2fae94a8696de1\npu_adder
Used module:         \npu_activation
Used module:         $paramod$9762f17314fc00bcc8483d811536c717be533d3b\npu_requant
Used module:             $paramod$00e50bd1d9329584e2110eb397cc8a22011310c9\npu_adder
Used module:         $paramod$c0469fa5d1129ac5fdd05af07f71a3d5eb6ec8d3\npu_array
Used module:             $paramod$d6b5d1bf2e6bdb39badfbf84bacf8d2f67ad228c\npu_pe
Used module:                 $paramod$7a1ce7bd2ba49cdd1d447cb539520de644261bfe\npu_adder
Used module:                 $paramod$67e98feaf73b54d35f9441170982b8d89b9a2316\npu_mult
Used module:                     $paramod$27a8bd94657cc90e38f275422f31847ddfd4487e\npu_csa_reduce
Used module:                         $paramod$2b1d745c338a0a6e50bcd9a4dc82bdf12badc2b0\npu_csa_reduce
Used module:                             $paramod$c023b5faa9c785d07331b76839e06bd1ab774764\npu_csa_reduce
Used module:                                 $paramod$17604f602797e3202e357decf915a5bc29aa0ca3\npu_csa_reduce
Used module:                                     $paramod$1eb2e9d021a26f5457ad6970e0ac2d330aaa366a\npu_csa_reduce
Used module:                     $paramod$1ed99f1253f88f2664ca886b8b7f7f8ea7f768dd\npu_pp_baugh_wooley
Used module:                     $paramod$29b69393125ca7ee80b32022bd2decdec691949f\npu_adder
Used module:         $paramod$34ddfcbca4b671933f923aa32a7a4070c9d4febc\npu_host_if

16.1.2. Analyzing design hierarchy..
Top module:  \tt_um_danieltyukov_int8_npu
Used module:     $paramod$bc7e84ef2ddd700811955d09eb86c2d4b7d337b5\npu_core
Used module:         $paramod$2d6c54a146b5c9bc63af6521ae2fae94a8696de1\npu_adder
Used module:         \npu_activation
Used module:         $paramod$9762f17314fc00bcc8483d811536c717be533d3b\npu_requant
Used module:             $paramod$00e50bd1d9329584e2110eb397cc8a22011310c9\npu_adder
Used module:         $paramod$c0469fa5d1129ac5fdd05af07f71a3d5eb6ec8d3\npu_array
Used module:             $paramod$d6b5d1bf2e6bdb39badfbf84bacf8d2f67ad228c\npu_pe
Used module:                 $paramod$7a1ce7bd2ba49cdd1d447cb539520de644261bfe\npu_adder
Used module:                 $paramod$67e98feaf73b54d35f9441170982b8d89b9a2316\npu_mult
Used module:                     $paramod$27a8bd94657cc90e38f275422f31847ddfd4487e\npu_csa_reduce
Used module:                         $paramod$2b1d745c338a0a6e50bcd9a4dc82bdf12badc2b0\npu_csa_reduce
Used module:                             $paramod$c023b5faa9c785d07331b76839e06bd1ab774764\npu_csa_reduce
Used module:                                 $paramod$17604f602797e3202e357decf915a5bc29aa0ca3\npu_csa_reduce
Used module:                                     $paramod$1eb2e9d021a26f5457ad6970e0ac2d330aaa366a\npu_csa_reduce
Used module:                     $paramod$1ed99f1253f88f2664ca886b8b7f7f8ea7f768dd\npu_pp_baugh_wooley
Used module:                     $paramod$29b69393125ca7ee80b32022bd2decdec691949f\npu_adder
Used module:         $paramod$34ddfcbca4b671933f923aa32a7a4070c9d4febc\npu_host_if
Removed 0 unused modules.

16.2. Executing PROC pass (convert processes to netlists).

16.2.1. Executing PROC_CLEAN pass (remove empty switches from decision trees).
Found and cleaned up 2 empty switches in `$paramod$29b69393125ca7ee80b32022bd2decdec691949f\npu_adder.$proc$/home/danieltyukov/workspace/personal/tt-ihp-int8-npu/src/npu_adder.sv:0$2013'.
Removing empty process `$paramod$29b69393125ca7ee80b32022bd2decdec691949f\npu_adder.$proc$/home/danieltyukov/workspace/personal/tt-ihp-int8-npu/src/npu_adder.sv:0$2013'.
Found and cleaned up 1 empty switch in `$paramod$27a8bd94657cc90e38f275422f31847ddfd4487e\npu_csa_reduce.$proc$/home/danieltyukov/workspace/personal/tt-ihp-int8-npu/src/npu_csa_reduce.sv:0$1910'.
Removing empty process `$paramod$27a8bd94657cc90e38f275422f31847ddfd4487e\npu_csa_reduce.$proc$/home/danieltyukov/workspace/personal/tt-ihp-int8-npu/src/npu_csa_reduce.sv:0$1910'.
Found and cleaned up 1 empty switch in `$paramod$17604f602797e3202e357decf915a5bc29aa0ca3\npu_csa_reduce.$proc$/home/danieltyukov/workspace/personal/tt-ihp-int8-npu/src/npu_csa_reduce.sv:0$1888'.
Removing empty process `$paramod$17604f602797e3202e357decf915a5bc29aa0ca3\npu_csa_reduce.$proc$/home/danieltyukov/workspace/personal/tt-ihp-int8-npu/src/npu_csa_reduce.sv:0$1888'.
Found and cleaned up 1 empty switch in `$paramod$67e98feaf73b54d35f9441170982b8d89b9a2316\npu_mult.$proc$/home/danieltyukov/workspace/personal/tt-ihp-int8-npu/src/npu_mult.sv:0$1880'.
Removing empty process `$paramod$67e98feaf73b54d35f9441170982b8d89b9a2316\npu_mult.$proc$/home/danieltyukov/workspace/personal/tt-ihp-int8-npu/src/npu_mult.sv:0$1880'.
Found and cleaned up 2 empty switches in `$paramod$7a1ce7bd2ba49cdd1d447cb539520de644261bfe\npu_adder.$proc$/home/danieltyukov/workspace/personal/tt-ihp-int8-npu/src/npu_adder.sv:0$1878'.
Removing empty process `$paramod$7a1ce7bd2ba49cdd1d447cb539520de644261bfe\npu_adder.$proc$/home/danieltyukov/workspace/personal/tt-ihp-int8-npu/src/npu_adder.sv:0$1878'.
Found and cleaned up 1 empty switch in `$paramod$d6b5d1bf2e6bdb39badfbf84bacf8d2f67ad228c\npu_pe.$proc$/home/danieltyukov/workspace/personal/tt-ihp-int8-npu/src/npu_pe.sv:0$1757'.
Removing empty process `$paramod$d6b5d1bf2e6bdb39badfbf84bacf8d2f67ad228c\npu_pe.$proc$/home/danieltyukov/workspace/personal/tt-ihp-int8-npu/src/npu_pe.sv:0$1757'.
Found and cleaned up 2 empty switches in `$paramod$00e50bd1d9329584e2110eb397cc8a22011310c9\npu_adder.$proc$/home/danieltyukov/workspace/personal/tt-ihp-int8-npu/src/npu_adder.sv:0$1753'.
Removing empty process `$paramod$00e50bd1d9329584e2110eb397cc8a22011310c9\npu_adder.$proc$/home/danieltyukov/workspace/personal/tt-ihp-int8-npu/src/npu_adder.sv:0$1753'.
Found and cleaned up 3 empty switches in `$paramod$c0469fa5d1129ac5fdd05af07f71a3d5eb6ec8d3\npu_array.$proc$/home/danieltyukov/workspace/personal/tt-ihp-int8-npu/src/npu_array.sv:0$1514'.
Removing empty process `$paramod$c0469fa5d1129ac5fdd05af07f71a3d5eb6ec8d3\npu_array.$proc$/home/danieltyukov/workspace/personal/tt-ihp-int8-npu/src/npu_array.sv:0$1514'.
Found and cleaned up 4 empty switches in `$paramod$9762f17314fc00bcc8483d811536c717be533d3b\npu_requant.$proc$/home/danieltyukov/workspace/personal/tt-ihp-int8-npu/src/npu_requant.sv:0$1512'.
Removing empty process `$paramod$9762f17314fc00bcc8483d811536c717be533d3b\npu_requant.$proc$/home/danieltyukov/workspace/personal/tt-ihp-int8-npu/src/npu_requant.sv:0$1512'.
Found and cleaned up 2 empty switches in `$paramod$2d6c54a146b5c9bc63af6521ae2fae94a8696de1\npu_adder.$proc$/home/danieltyukov/workspace/personal/tt-ihp-int8-npu/src/npu_adder.sv:0$1467'.
Removing empty process `$paramod$2d6c54a146b5c9bc63af6521ae2fae94a8696de1\npu_adder.$proc$/home/danieltyukov/workspace/personal/tt-ihp-int8-npu/src/npu_adder.sv:0$1467'.
Found and cleaned up 8 empty switches in `$paramod$bc7e84ef2ddd700811955d09eb86c2d4b7d337b5\npu_core.$proc$/home/danieltyukov/workspace/personal/tt-ihp-int8-npu/src/npu_core.sv:0$1289'.
Removing empty process `$paramod$bc7e84ef2ddd700811955d09eb86c2d4b7d337b5\npu_core.$proc$/home/danieltyukov/workspace/personal/tt-ihp-int8-npu/src/npu_core.sv:0$1289'.
Found and cleaned up 1 empty switch in `$paramod$c023b5faa9c785d07331b76839e06bd1ab774764\npu_csa_reduce.$proc$/home/danieltyukov/workspace/personal/tt-ihp-int8-npu/src/npu_csa_reduce.sv:0$2037'.
Removing empty process `$paramod$c023b5faa9c785d07331b76839e06bd1ab774764\npu_csa_reduce.$proc$/home/danieltyukov/workspace/personal/tt-ihp-int8-npu/src/npu_csa_reduce.sv:0$2037'.
Found and cleaned up 1 empty switch in `$paramod$1ed99f1253f88f2664ca886b8b7f7f8ea7f768dd\npu_pp_baugh_wooley.$proc$/home/danieltyukov/workspace/personal/tt-ihp-int8-npu/src/npu_pp_baugh_wooley.sv:0$926'.
Removing empty process `$paramod$1ed99f1253f88f2664ca886b8b7f7f8ea7f768dd\npu_pp_baugh_wooley.$proc$/home/danieltyukov/workspace/personal/tt-ihp-int8-npu/src/npu_pp_baugh_wooley.sv:0$926'.
Found and cleaned up 1 empty switch in `$paramod$2b1d745c338a0a6e50bcd9a4dc82bdf12badc2b0\npu_csa_reduce.$proc$/home/danieltyukov/workspace/personal/tt-ihp-int8-npu/src/npu_csa_reduce.sv:0$2029'.
Removing empty process `$paramod$2b1d745c338a0a6e50bcd9a4dc82bdf12badc2b0\npu_csa_reduce.$proc$/home/danieltyukov/workspace/personal/tt-ihp-int8-npu/src/npu_csa_reduce.sv:0$2029'.
Found and cleaned up 1 empty switch in `$paramod$1eb2e9d021a26f5457ad6970e0ac2d330aaa366a\npu_csa_reduce.$proc$/home/danieltyukov/workspace/personal/tt-ihp-int8-npu/src/npu_csa_reduce.sv:0$2014'.
Removing empty process `$paramod$1eb2e9d021a26f5457ad6970e0ac2d330aaa366a\npu_csa_reduce.$proc$/home/danieltyukov/workspace/personal/tt-ihp-int8-npu/src/npu_csa_reduce.sv:0$2014'.
Cleaned up 31 empty switches.

16.2.2. Executing PROC_RMDEAD pass (remove dead branches from decision trees).
Marked 1 switch rules as full_case in process $proc$/home/danieltyukov/workspace/personal/tt-ihp-int8-npu/src/npu_pe.sv:84$1754 in module $paramod$d6b5d1bf2e6bdb39badfbf84bacf8d2f67ad228c\npu_pe.
Marked 9 switch rules as full_case in process $proc$/home/danieltyukov/workspace/personal/tt-ihp-int8-npu/src/npu_host_if.sv:123$1518 in module $paramod$34ddfcbca4b671933f923aa32a7a4070c9d4febc\npu_host_if.
Marked 3 switch rules as full_case in process $proc$/home/danieltyukov/workspace/personal/tt-ihp-int8-npu/src/npu_requant.sv:137$1492 in module $paramod$9762f17314fc00bcc8483d811536c717be533d3b\npu_requant.
Marked 2 switch rules as full_case in process $proc$/home/danieltyukov/workspace/personal/tt-ihp-int8-npu/src/npu_core.sv:396$1287 in module $paramod$bc7e84ef2ddd700811955d09eb86c2d4b7d337b5\npu_core.
Marked 2 switch rules as full_case in process $proc$/home/danieltyukov/workspace/personal/tt-ihp-int8-npu/src/npu_core.sv:396$1279 in module $paramod$bc7e84ef2ddd700811955d09eb86c2d4b7d337b5\npu_core.
Marked 2 switch rules as full_case in process $proc$/home/danieltyukov/workspace/personal/tt-ihp-int8-npu/src/npu_core.sv:396$1271 in module $paramod$bc7e84ef2ddd700811955d09eb86c2d4b7d337b5\npu_core.
Marked 2 switch rules as full_case in process $proc$/home/danieltyukov/workspace/personal/tt-ihp-int8-npu/src/npu_core.sv:396$1263 in module $paramod$bc7e84ef2ddd700811955d09eb86c2d4b7d337b5\npu_core.
Marked 2 switch rules as full_case in process $proc$/home/danieltyukov/workspace/personal/tt-ihp-int8-npu/src/npu_core.sv:396$1255 in module $paramod$bc7e84ef2ddd700811955d09eb86c2d4b7d337b5\npu_core.
Marked 2 switch rules as full_case in process $proc$/home/danieltyukov/workspace/personal/tt-ihp-int8-npu/src/npu_core.sv:396$1247 in module $paramod$bc7e84ef2ddd700811955d09eb86c2d4b7d337b5\npu_core.
Marked 2 switch rules as full_case in process $proc$/home/danieltyukov/workspace/personal/tt-ihp-int8-npu/src/npu_core.sv:396$1239 in module $paramod$bc7e84ef2ddd700811955d09eb86c2d4b7d337b5\npu_core.
Marked 2 switch rules as full_case in process $proc$/home/danieltyukov/workspace/personal/tt-ihp-int8-npu/src/npu_core.sv:396$1231 in module $paramod$bc7e84ef2ddd700811955d09eb86c2d4b7d337b5\npu_core.
Marked 2 switch rules as full_case in process $proc$/home/danieltyukov/workspace/personal/tt-ihp-int8-npu/src/npu_core.sv:396$1223 in module $paramod$bc7e84ef2ddd700811955d09eb86c2d4b7d337b5\npu_core.
Marked 2 switch rules as full_case in process $proc$/home/danieltyukov/workspace/personal/tt-ihp-int8-npu/src/npu_core.sv:396$1215 in module $paramod$bc7e84ef2ddd700811955d09eb86c2d4b7d337b5\npu_core.
Marked 2 switch rules as full_case in process $proc$/home/danieltyukov/workspace/personal/tt-ihp-int8-npu/src/npu_core.sv:396$1207 in module $paramod$bc7e84ef2ddd700811955d09eb86c2d4b7d337b5\npu_core.
Marked 2 switch rules as full_case in process $proc$/home/danieltyukov/workspace/personal/tt-ihp-int8-npu/src/npu_core.sv:396$1199 in module $paramod$bc7e84ef2ddd700811955d09eb86c2d4b7d337b5\npu_core.
Marked 2 switch rules as full_case in process $proc$/home/danieltyukov/workspace/personal/tt-ihp-int8-npu/src/npu_core.sv:396$1191 in module $paramod$bc7e84ef2ddd700811955d09eb86c2d4b7d337b5\npu_core.
Marked 2 switch rules as full_case in process $proc$/home/danieltyukov/workspace/personal/tt-ihp-int8-npu/src/npu_core.sv:396$1183 in module $paramod$bc7e84ef2ddd700811955d09eb86c2d4b7d337b5\npu_core.
Marked 2 switch rules as full_case in process $proc$/home/danieltyukov/workspace/personal/tt-ihp-int8-npu/src/npu_core.sv:396$1175 in module $paramod$bc7e84ef2ddd700811955d09eb86c2d4b7d337b5\npu_core.
Marked 2 switch rules as full_case in process $proc$/home/danieltyukov/workspace/personal/tt-ihp-int8-npu/src/npu_core.sv:396$1167 in module $paramod$bc7e84ef2ddd700811955d09eb86c2d4b7d337b5\npu_core.
Marked 2 switch rules as full_case in process $proc$/home/danieltyukov/workspace/personal/tt-ihp-int8-npu/src/npu_core.sv:330$1158 in module $paramod$bc7e84ef2ddd700811955d09eb86c2d4b7d337b5\npu_core.
Marked 2 switch rules as full_case in process $proc$/home/danieltyukov/workspace/personal/tt-ihp-int8-npu/src/npu_core.sv:330$1152 in module $paramod$bc7e84ef2ddd700811955d09eb86c2d4b7d337b5\npu_core.
Marked 2 switch rules as full_case in process $proc$/home/danieltyukov/workspace/personal/tt-ihp-int8-npu/src/npu_core.sv:330$1146 in module $paramod$bc7e84ef2ddd700811955d09eb86c2d4b7d337b5\npu_core.
Marked 2 switch rules as full_case in process $proc$/home/danieltyukov/workspace/personal/tt-ihp-int8-npu/src/npu_core.sv:330$1140 in module $paramod$bc7e84ef2ddd700811955d09eb86c2d4b7d337b5\npu_core.
Marked 2 switch rules as full_case in process $proc$/home/danieltyukov/workspace/personal/tt-ihp-int8-npu/src/npu_core.sv:330$1134 in module $paramod$bc7e84ef2ddd700811955d09eb86c2d4b7d337b5\npu_core.
Marked 2 switch rules as full_case in process $proc$/home/danieltyukov/workspace/personal/tt-ihp-int8-npu/src/npu_core.sv:330$1128 in module $paramod$bc7e84ef2ddd700811955d09eb86c2d4b7d337b5\npu_core.
Marked 2 switch rules as full_case in process $proc$/home/danieltyukov/workspace/personal/tt-ihp-int8-npu/src/npu_core.sv:330$1122 in module $paramod$bc7e84ef2ddd700811955d09eb86c2d4b7d337b5\npu_core.
Marked 2 switch rules as full_case in process $proc$/home/danieltyukov/workspace/personal/tt-ihp-int8-npu/src/npu_core.sv:330$1116 in module $paramod$bc7e84ef2ddd700811955d09eb86c2d4b7d337b5\npu_core.
Marked 2 switch rules as full_case in process $proc$/home/danieltyukov/workspace/personal/tt-ihp-int8-npu/src/npu_core.sv:330$1099 in module $paramod$bc7e84ef2ddd700811955d09eb86c2d4b7d337b5\npu_core.
Marked 2 switch rules as full_case in process $proc$/home/danieltyukov/workspace/personal/tt-ihp-int8-npu/src/npu_core.sv:330$1093 in module $paramod$bc7e84ef2ddd700811955d09eb86c2d4b7d337b5\npu_core.
Marked 2 switch rules as full_case in process $proc$/home/danieltyukov/workspace/personal/tt-ihp-int8-npu/src/npu_core.sv:330$1087 in module $paramod$bc7e84ef2ddd700811955d09eb86c2d4b7d337b5\npu_core.
Marked 2 switch rules as full_case in process $proc$/home/danieltyukov/workspace/personal/tt-ihp-int8-npu/src/npu_core.sv:330$1081 in module $paramod$bc7e84ef2ddd700811955d09eb86c2d4b7d337b5\npu_core.
Marked 2 switch rules as full_case in process $proc$/home/danieltyukov/workspace/personal/tt-ihp-int8-npu/src/npu_core.sv:330$1075 in module $paramod$bc7e84ef2ddd700811955d09eb86c2d4b7d337b5\npu_core.
Marked 2 switch rules as full_case in process $proc$/home/danieltyukov/workspace/personal/tt-ihp-int8-npu/src/npu_core.sv:330$1069 in module $paramod$bc7e84ef2ddd700811955d09eb86c2d4b7d337b5\npu_core.
Marked 2 switch rules as full_case in process $proc$/home/danieltyukov/workspace/personal/tt-ihp-int8-npu/src/npu_core.sv:330$1063 in module $paramod$bc7e84ef2ddd700811955d09eb86c2d4b7d337b5\npu_core.
Marked 2 switch rules as full_case in process $proc$/home/danieltyukov/workspace/personal/tt-ihp-int8-npu/src/npu_core.sv:330$1057 in module $paramod$bc7e84ef2ddd700811955d09eb86c2d4b7d337b5\npu_core.
Marked 1 switch rules as full_case in process $proc$/home/danieltyukov/workspace/personal/tt-ihp-int8-npu/src/npu_core.sv:0$1010 in module $paramod$bc7e84ef2ddd700811955d09eb86c2d4b7d337b5\npu_core.
Marked 1 switch rules as full_case in process $proc$/home/danieltyukov/workspace/personal/tt-ihp-int8-npu/src/npu_core.sv:0$1009 in module $paramod$bc7e84ef2ddd700811955d09eb86c2d4b7d337b5\npu_core.
Marked 6 switch rules as full_case in process $proc$/home/danieltyukov/workspace/personal/tt-ihp-int8-npu/src/npu_core.sv:415$993 in module $paramod$bc7e84ef2ddd700811955d09eb86c2d4b7d337b5\npu_core.
Marked 2 switch rules as full_case in process $proc$/home/danieltyukov/workspace/personal/tt-ihp-int8-npu/src/npu_core.sv:263$971 in module $paramod$bc7e84ef2ddd700811955d09eb86c2d4b7d337b5\npu_core.
Marked 2 switch rules as full_case in process $proc$/home/danieltyukov/workspace/personal/tt-ihp-int8-npu/src/npu_core.sv:173$966 in module $paramod$bc7e84ef2ddd700811955d09eb86c2d4b7d337b5\npu_core.
Removed a total of 0 dead cases.

16.2.3. Executing PROC_PRUNE pass (remove redundant assignments in processes).
Removed 16 redundant assignments.
Promoted 8 assignments to connections.

16.2.4. Executing PROC_INIT pass (extract init attributes).

16.2.5. Executing PROC_ARST pass (detect async resets in processes).
Found async reset \rst_n in `$paramod$d6b5d1bf2e6bdb39badfbf84bacf8d2f67ad228c\npu_pe.$proc$/home/danieltyukov/workspace/personal/tt-ihp-int8-npu/src/npu_pe.sv:84$1754'.
Found async reset \rst_n in `$paramod$34ddfcbca4b671933f923aa32a7a4070c9d4febc\npu_host_if.$proc$/home/danieltyukov/workspace/personal/tt-ihp-int8-npu/src/npu_host_if.sv:123$1518'.
Found async reset \rst_n in `$paramod$9762f17314fc00bcc8483d811536c717be533d3b\npu_requant.$proc$/home/danieltyukov/workspace/personal/tt-ihp-int8-npu/src/npu_requant.sv:137$1492'.
Found async reset \rst_n in `$paramod$bc7e84ef2ddd700811955d09eb86c2d4b7d337b5\npu_core.$proc$/home/danieltyukov/workspace/personal/tt-ihp-int8-npu/src/npu_core.sv:396$1287'.
Found async reset \rst_n in `$paramod$bc7e84ef2ddd700811955d09eb86c2d4b7d337b5\npu_core.$proc$/home/danieltyukov/workspace/personal/tt-ihp-int8-npu/src/npu_core.sv:396$1279'.
Found async reset \rst_n in `$paramod$bc7e84ef2ddd700811955d09eb86c2d4b7d337b5\npu_core.$proc$/home/danieltyukov/workspace/personal/tt-ihp-int8-npu/src/npu_core.sv:396$1271'.
Found async reset \rst_n in `$paramod$bc7e84ef2ddd700811955d09eb86c2d4b7d337b5\npu_core.$proc$/home/danieltyukov/workspace/personal/tt-ihp-int8-npu/src/npu_core.sv:396$1263'.
Found async reset \rst_n in `$paramod$bc7e84ef2ddd700811955d09eb86c2d4b7d337b5\npu_core.$proc$/home/danieltyukov/workspace/personal/tt-ihp-int8-npu/src/npu_core.sv:396$1255'.
Found async reset \rst_n in `$paramod$bc7e84ef2ddd700811955d09eb86c2d4b7d337b5\npu_core.$proc$/home/danieltyukov/workspace/personal/tt-ihp-int8-npu/src/npu_core.sv:396$1247'.
Found async reset \rst_n in `$paramod$bc7e84ef2ddd700811955d09eb86c2d4b7d337b5\npu_core.$proc$/home/danieltyukov/workspace/personal/tt-ihp-int8-npu/src/npu_core.sv:396$1239'.
Found async reset \rst_n in `$paramod$bc7e84ef2ddd700811955d09eb86c2d4b7d337b5\npu_core.$proc$/home/danieltyukov/workspace/personal/tt-ihp-int8-npu/src/npu_core.sv:396$1231'.
Found async reset \rst_n in `$paramod$bc7e84ef2ddd700811955d09eb86c2d4b7d337b5\npu_core.$proc$/home/danieltyukov/workspace/personal/tt-ihp-int8-npu/src/npu_core.sv:396$1223'.
Found async reset \rst_n in `$paramod$bc7e84ef2ddd700811955d09eb86c2d4b7d337b5\npu_core.$proc$/home/danieltyukov/workspace/personal/tt-ihp-int8-npu/src/npu_core.sv:396$1215'.
Found async reset \rst_n in `$paramod$bc7e84ef2ddd700811955d09eb86c2d4b7d337b5\npu_core.$proc$/home/danieltyukov/workspace/personal/tt-ihp-int8-npu/src/npu_core.sv:396$1207'.
Found async reset \rst_n in `$paramod$bc7e84ef2ddd700811955d09eb86c2d4b7d337b5\npu_core.$proc$/home/danieltyukov/workspace/personal/tt-ihp-int8-npu/src/npu_core.sv:396$1199'.
Found async reset \rst_n in `$paramod$bc7e84ef2ddd700811955d09eb86c2d4b7d337b5\npu_core.$proc$/home/danieltyukov/workspace/personal/tt-ihp-int8-npu/src/npu_core.sv:396$1191'.
Found async reset \rst_n in `$paramod$bc7e84ef2ddd700811955d09eb86c2d4b7d337b5\npu_core.$proc$/home/danieltyukov/workspace/personal/tt-ihp-int8-npu/src/npu_core.sv:396$1183'.
Found async reset \rst_n in `$paramod$bc7e84ef2ddd700811955d09eb86c2d4b7d337b5\npu_core.$proc$/home/danieltyukov/workspace/personal/tt-ihp-int8-npu/src/npu_core.sv:396$1175'.
Found async reset \rst_n in `$paramod$bc7e84ef2ddd700811955d09eb86c2d4b7d337b5\npu_core.$proc$/home/danieltyukov/workspace/personal/tt-ihp-int8-npu/src/npu_core.sv:396$1167'.
Found async reset \rst_n in `$paramod$bc7e84ef2ddd700811955d09eb86c2d4b7d337b5\npu_core.$proc$/home/danieltyukov/workspace/personal/tt-ihp-int8-npu/src/npu_core.sv:330$1158'.
Found async reset \rst_n in `$paramod$bc7e84ef2ddd700811955d09eb86c2d4b7d337b5\npu_core.$proc$/home/danieltyukov/workspace/personal/tt-ihp-int8-npu/src/npu_core.sv:330$1152'.
Found async reset \rst_n in `$paramod$bc7e84ef2ddd700811955d09eb86c2d4b7d337b5\npu_core.$proc$/home/danieltyukov/workspace/personal/tt-ihp-int8-npu/src/npu_core.sv:330$1146'.
Found async reset \rst_n in `$paramod$bc7e84ef2ddd700811955d09eb86c2d4b7d337b5\npu_core.$proc$/home/danieltyukov/workspace/personal/tt-ihp-int8-npu/src/npu_core.sv:330$1140'.
Found async reset \rst_n in `$paramod$bc7e84ef2ddd700811955d09eb86c2d4b7d337b5\npu_core.$proc$/home/danieltyukov/workspace/personal/tt-ihp-int8-npu/src/npu_core.sv:330$1134'.
Found async reset \rst_n in `$paramod$bc7e84ef2ddd700811955d09eb86c2d4b7d337b5\npu_core.$proc$/home/danieltyukov/workspace/personal/tt-ihp-int8-npu/src/npu_core.sv:330$1128'.
Found async reset \rst_n in `$paramod$bc7e84ef2ddd700811955d09eb86c2d4b7d337b5\npu_core.$proc$/home/danieltyukov/workspace/personal/tt-ihp-int8-npu/src/npu_core.sv:330$1122'.
Found async reset \rst_n in `$paramod$bc7e84ef2ddd700811955d09eb86c2d4b7d337b5\npu_core.$proc$/home/danieltyukov/workspace/personal/tt-ihp-int8-npu/src/npu_core.sv:330$1116'.
Found async reset \rst_n in `$paramod$bc7e84ef2ddd700811955d09eb86c2d4b7d337b5\npu_core.$proc$/home/danieltyukov/workspace/personal/tt-ihp-int8-npu/src/npu_core.sv:330$1099'.
Found async reset \rst_n in `$paramod$bc7e84ef2ddd700811955d09eb86c2d4b7d337b5\npu_core.$proc$/home/danieltyukov/workspace/personal/tt-ihp-int8-npu/src/npu_core.sv:330$1093'.
Found async reset \rst_n in `$paramod$bc7e84ef2ddd700811955d09eb86c2d4b7d337b5\npu_core.$proc$/home/danieltyukov/workspace/personal/tt-ihp-int8-npu/src/npu_core.sv:330$1087'.
Found async reset \rst_n in `$paramod$bc7e84ef2ddd700811955d09eb86c2d4b7d337b5\npu_core.$proc$/home/danieltyukov/workspace/personal/tt-ihp-int8-npu/src/npu_core.sv:330$1081'.
Found async reset \rst_n in `$paramod$bc7e84ef2ddd700811955d09eb86c2d4b7d337b5\npu_core.$proc$/home/danieltyukov/workspace/personal/tt-ihp-int8-npu/src/npu_core.sv:330$1075'.
Found async reset \rst_n in `$paramod$bc7e84ef2ddd700811955d09eb86c2d4b7d337b5\npu_core.$proc$/home/danieltyukov/workspace/personal/tt-ihp-int8-npu/src/npu_core.sv:330$1069'.
Found async reset \rst_n in `$paramod$bc7e84ef2ddd700811955d09eb86c2d4b7d337b5\npu_core.$proc$/home/danieltyukov/workspace/personal/tt-ihp-int8-npu/src/npu_core.sv:330$1063'.
Found async reset \rst_n in `$paramod$bc7e84ef2ddd700811955d09eb86c2d4b7d337b5\npu_core.$proc$/home/danieltyukov/workspace/personal/tt-ihp-int8-npu/src/npu_core.sv:330$1057'.
Found async reset \rst_n in `$paramod$bc7e84ef2ddd700811955d09eb86c2d4b7d337b5\npu_core.$proc$/home/danieltyukov/workspace/personal/tt-ihp-int8-npu/src/npu_core.sv:415$993'.
Found async reset \rst_n in `$paramod$bc7e84ef2ddd700811955d09eb86c2d4b7d337b5\npu_core.$proc$/home/danieltyukov/workspace/personal/tt-ihp-int8-npu/src/npu_core.sv:263$971'.
Found async reset \rst_n in `$paramod$bc7e84ef2ddd700811955d09eb86c2d4b7d337b5\npu_core.$proc$/home/danieltyukov/workspace/personal/tt-ihp-int8-npu/src/npu_core.sv:173$966'.

16.2.6. Executing PROC_ROM pass (convert switches to ROMs).
Converted 1 switch.
<suppressed ~104 debug messages>

16.2.7. Executing PROC_MUX pass (convert decision trees to multiplexers).
Creating decoders for process `$paramod$d6b5d1bf2e6bdb39badfbf84bacf8d2f67ad228c\npu_pe.$proc$/home/danieltyukov/workspace/personal/tt-ihp-int8-npu/src/npu_pe.sv:84$1754'.
     1/3: $0\psum_reg[17:0]
     2/3: $0\a_reg[7:0]
     3/3: $0\w_reg[7:0]
Creating decoders for process `$paramod$34ddfcbca4b671933f923aa32a7a4070c9d4febc\npu_host_if.$proc$/home/danieltyukov/workspace/personal/tt-ihp-int8-npu/src/npu_host_if.sv:123$1518'.
     1/42: $5\payload_len$func$/home/danieltyukov/workspace/personal/tt-ihp-int8-npu/src/npu_host_if.sv:193$1517.$result[7:0]$1556
     2/42: $4\payload_len$func$/home/danieltyukov/workspace/personal/tt-ihp-int8-npu/src/npu_host_if.sv:193$1517.$result[7:0]$1554
     3/42: $4\payload_len$func$/home/danieltyukov/workspace/personal/tt-ihp-int8-npu/src/npu_host_if.sv:193$1517.o[3:0]$1555
     4/42: $4\known_op$func$/home/danieltyukov/workspace/personal/tt-ihp-int8-npu/src/npu_host_if.sv:167$1516.$result[0:0]$1550
     5/42: $4\payload_len$func$/home/danieltyukov/workspace/personal/tt-ihp-int8-npu/src/npu_host_if.sv:163$1515.$result[7:0]$1546
     6/42: $3\known_op$func$/home/danieltyukov/workspace/personal/tt-ihp-int8-npu/src/npu_host_if.sv:167$1516.$result[0:0]$1542
     7/42: $3\known_op$func$/home/danieltyukov/workspace/personal/tt-ihp-int8-npu/src/npu_host_if.sv:167$1516.o[3:0]$1543
     8/42: $3\payload_len$func$/home/danieltyukov/workspace/personal/tt-ihp-int8-npu/src/npu_host_if.sv:163$1515.$result[7:0]$1540
     9/42: $3\payload_len$func$/home/danieltyukov/workspace/personal/tt-ihp-int8-npu/src/npu_host_if.sv:163$1515.o[3:0]$1541
    10/42: $3\payload_len$func$/home/danieltyukov/workspace/personal/tt-ihp-int8-npu/src/npu_host_if.sv:193$1517.o[3:0]$1545
    11/42: $3\payload_len$func$/home/danieltyukov/workspace/personal/tt-ihp-int8-npu/src/npu_host_if.sv:193$1517.$result[7:0]$1544
    12/42: $2\payload_len$func$/home/danieltyukov/workspace/personal/tt-ihp-int8-npu/src/npu_host_if.sv:193$1517.o[3:0]$1538
    13/42: $2\payload_len$func$/home/danieltyukov/workspace/personal/tt-ihp-int8-npu/src/npu_host_if.sv:193$1517.$result[7:0]$1537
    14/42: $2\known_op$func$/home/danieltyukov/workspace/personal/tt-ihp-int8-npu/src/npu_host_if.sv:167$1516.o[3:0]$1536
    15/42: $2\known_op$func$/home/danieltyukov/workspace/personal/tt-ihp-int8-npu/src/npu_host_if.sv:167$1516.$result[0:0]$1535
    16/42: $2\payload_len$func$/home/danieltyukov/workspace/personal/tt-ihp-int8-npu/src/npu_host_if.sv:163$1515.o[3:0]$1534
    17/42: $2\payload_len$func$/home/danieltyukov/workspace/personal/tt-ihp-int8-npu/src/npu_host_if.sv:163$1515.$result[7:0]$1533
    18/42: $1\payload_len$func$/home/danieltyukov/workspace/personal/tt-ihp-int8-npu/src/npu_host_if.sv:193$1517.o[3:0]$1531
    19/42: $1\payload_len$func$/home/danieltyukov/workspace/personal/tt-ihp-int8-npu/src/npu_host_if.sv:193$1517.$result[7:0]$1530
    20/42: $1\known_op$func$/home/danieltyukov/workspace/personal/tt-ihp-int8-npu/src/npu_host_if.sv:167$1516.o[3:0]$1529
    21/42: $1\known_op$func$/home/danieltyukov/workspace/personal/tt-ihp-int8-npu/src/npu_host_if.sv:167$1516.$result[0:0]$1528
    22/42: $1\payload_len$func$/home/danieltyukov/workspace/personal/tt-ihp-int8-npu/src/npu_host_if.sv:163$1515.o[3:0]$1527
    23/42: $1\payload_len$func$/home/danieltyukov/workspace/personal/tt-ihp-int8-npu/src/npu_host_if.sv:163$1515.$result[7:0]$1526
    24/42: $0\err_set[0:0]
    25/42: $0\soft_rst[0:0]
    26/42: $0\clr_flags[0:0]
    27/42: $0\run[0:0]
    28/42: $0\wr_cfg[0:0]
    29/42: $0\wr_post[0:0]
    30/42: $0\wr_quant[0:0]
    31/42: $0\wr_bias[0:0]
    32/42: $0\wr_act[0:0]
    33/42: $0\wr_w[0:0]
    34/42: $0\pcount[7:0]
    35/42: $0\op[3:0]
    36/42: $0\err_code[1:0]
    37/42: $0\run_req[0:0]
    38/42: $0\run_acc[0:0]
    39/42: $0\byte_out[7:0]
    40/42: $0\rd_ptr[5:0]
    41/42: $0\rd_src[1:0]
    42/42: $0\post_idx[1:0]
Creating decoders for process `$paramod$9762f17314fc00bcc8483d811536c717be533d3b\npu_requant.$proc$/home/danieltyukov/workspace/personal/tt-ihp-int8-npu/src/npu_requant.sv:137$1492'.
     1/9: $0\done[0:0]
     2/9: $0\sbit[0:0]
     3/9: $0\rbit[0:0]
     4/9: $0\shcnt[5:0]
     5/9: $0\digcnt[3:0]
     6/9: $0\pr[44:0]
     7/9: $0\sat_out[0:0]
     8/9: $0\q_out[7:0]
     9/9: $0\state[1:0]
Creating decoders for process `$paramod$bc7e84ef2ddd700811955d09eb86c2d4b7d337b5\npu_core.$proc$/home/danieltyukov/workspace/personal/tt-ihp-int8-npu/src/npu_core.sv:396$1287'.
     1/1: $0\g_res[15].q[7:0]
Creating decoders for process `$paramod$bc7e84ef2ddd700811955d09eb86c2d4b7d337b5\npu_core.$proc$/home/danieltyukov/workspace/personal/tt-ihp-int8-npu/src/npu_core.sv:396$1279'.
     1/1: $0\g_res[14].q[7:0]
Creating decoders for process `$paramod$bc7e84ef2ddd700811955d09eb86c2d4b7d337b5\npu_core.$proc$/home/danieltyukov/workspace/personal/tt-ihp-int8-npu/src/npu_core.sv:396$1271'.
     1/1: $0\g_res[13].q[7:0]
Creating decoders for process `$paramod$bc7e84ef2ddd700811955d09eb86c2d4b7d337b5\npu_core.$proc$/home/danieltyukov/workspace/personal/tt-ihp-int8-npu/src/npu_core.sv:396$1263'.
     1/1: $0\g_res[12].q[7:0]
Creating decoders for process `$paramod$bc7e84ef2ddd700811955d09eb86c2d4b7d337b5\npu_core.$proc$/home/danieltyukov/workspace/personal/tt-ihp-int8-npu/src/npu_core.sv:396$1255'.
     1/1: $0\g_res[11].q[7:0]
Creating decoders for process `$paramod$bc7e84ef2ddd700811955d09eb86c2d4b7d337b5\npu_core.$proc$/home/danieltyukov/workspace/personal/tt-ihp-int8-npu/src/npu_core.sv:396$1247'.
     1/1: $0\g_res[10].q[7:0]
Creating decoders for process `$paramod$bc7e84ef2ddd700811955d09eb86c2d4b7d337b5\npu_core.$proc$/home/danieltyukov/workspace/personal/tt-ihp-int8-npu/src/npu_core.sv:396$1239'.
     1/1: $0\g_res[9].q[7:0]
Creating decoders for process `$paramod$bc7e84ef2ddd700811955d09eb86c2d4b7d337b5\npu_core.$proc$/home/danieltyukov/workspace/personal/tt-ihp-int8-npu/src/npu_core.sv:396$1231'.
     1/1: $0\g_res[8].q[7:0]
Creating decoders for process `$paramod$bc7e84ef2ddd700811955d09eb86c2d4b7d337b5\npu_core.$proc$/home/danieltyukov/workspace/personal/tt-ihp-int8-npu/src/npu_core.sv:396$1223'.
     1/1: $0\g_res[7].q[7:0]
Creating decoders for process `$paramod$bc7e84ef2ddd700811955d09eb86c2d4b7d337b5\npu_core.$proc$/home/danieltyukov/workspace/personal/tt-ihp-int8-npu/src/npu_core.sv:396$1215'.
     1/1: $0\g_res[6].q[7:0]
Creating decoders for process `$paramod$bc7e84ef2ddd700811955d09eb86c2d4b7d337b5\npu_core.$proc$/home/danieltyukov/workspace/personal/tt-ihp-int8-npu/src/npu_core.sv:396$1207'.
     1/1: $0\g_res[5].q[7:0]
Creating decoders for process `$paramod$bc7e84ef2ddd700811955d09eb86c2d4b7d337b5\npu_core.$proc$/home/danieltyukov/workspace/personal/tt-ihp-int8-npu/src/npu_core.sv:396$1199'.
     1/1: $0\g_res[4].q[7:0]
Creating decoders for process `$paramod$bc7e84ef2ddd700811955d09eb86c2d4b7d337b5\npu_core.$proc$/home/danieltyukov/workspace/personal/tt-ihp-int8-npu/src/npu_core.sv:396$1191'.
     1/1: $0\g_res[3].q[7:0]
Creating decoders for process `$paramod$bc7e84ef2ddd700811955d09eb86c2d4b7d337b5\npu_core.$proc$/home/danieltyukov/workspace/personal/tt-ihp-int8-npu/src/npu_core.sv:396$1183'.
     1/1: $0\g_res[2].q[7:0]
Creating decoders for process `$paramod$bc7e84ef2ddd700811955d09eb86c2d4b7d337b5\npu_core.$proc$/home/danieltyukov/workspace/personal/tt-ihp-int8-npu/src/npu_core.sv:396$1175'.
     1/1: $0\g_res[1].q[7:0]
Creating decoders for process `$paramod$bc7e84ef2ddd700811955d09eb86c2d4b7d337b5\npu_core.$proc$/home/danieltyukov/workspace/personal/tt-ihp-int8-npu/src/npu_core.sv:396$1167'.
     1/1: $0\g_res[0].q[7:0]
Creating decoders for process `$paramod$bc7e84ef2ddd700811955d09eb86c2d4b7d337b5\npu_core.$proc$/home/danieltyukov/workspace/personal/tt-ihp-int8-npu/src/npu_core.sv:330$1158'.
     1/1: $0\g_bank[1].g_ent[7].q[23:0]
Creating decoders for process `$paramod$bc7e84ef2ddd700811955d09eb86c2d4b7d337b5\npu_core.$proc$/home/danieltyukov/workspace/personal/tt-ihp-int8-npu/src/npu_core.sv:330$1152'.
     1/1: $0\g_bank[1].g_ent[6].q[23:0]
Creating decoders for process `$paramod$bc7e84ef2ddd700811955d09eb86c2d4b7d337b5\npu_core.$proc$/home/danieltyukov/workspace/personal/tt-ihp-int8-npu/src/npu_core.sv:330$1146'.
     1/1: $0\g_bank[1].g_ent[5].q[23:0]
Creating decoders for process `$paramod$bc7e84ef2ddd700811955d09eb86c2d4b7d337b5\npu_core.$proc$/home/danieltyukov/workspace/personal/tt-ihp-int8-npu/src/npu_core.sv:330$1140'.
     1/1: $0\g_bank[1].g_ent[4].q[23:0]
Creating decoders for process `$paramod$bc7e84ef2ddd700811955d09eb86c2d4b7d337b5\npu_core.$proc$/home/danieltyukov/workspace/personal/tt-ihp-int8-npu/src/npu_core.sv:330$1134'.
     1/1: $0\g_bank[1].g_ent[3].q[23:0]
Creating decoders for process `$paramod$bc7e84ef2ddd700811955d09eb86c2d4b7d337b5\npu_core.$proc$/home/danieltyukov/workspace/personal/tt-ihp-int8-npu/src/npu_core.sv:330$1128'.
     1/1: $0\g_bank[1].g_ent[2].q[23:0]
Creating decoders for process `$paramod$bc7e84ef2ddd700811955d09eb86c2d4b7d337b5\npu_core.$proc$/home/danieltyukov/workspace/personal/tt-ihp-int8-npu/src/npu_core.sv:330$1122'.
     1/1: $0\g_bank[1].g_ent[1].q[23:0]
Creating decoders for process `$paramod$bc7e84ef2ddd700811955d09eb86c2d4b7d337b5\npu_core.$proc$/home/danieltyukov/workspace/personal/tt-ihp-int8-npu/src/npu_core.sv:330$1116'.
     1/1: $0\g_bank[1].g_ent[0].q[23:0]
Creating decoders for process `$paramod$bc7e84ef2ddd700811955d09eb86c2d4b7d337b5\npu_core.$proc$/home/danieltyukov/workspace/personal/tt-ihp-int8-npu/src/npu_core.sv:330$1099'.
     1/1: $0\g_bank[0].g_ent[7].q[23:0]
Creating decoders for process `$paramod$bc7e84ef2ddd700811955d09eb86c2d4b7d337b5\npu_core.$proc$/home/danieltyukov/workspace/personal/tt-ihp-int8-npu/src/npu_core.sv:330$1093'.
     1/1: $0\g_bank[0].g_ent[6].q[23:0]
Creating decoders for process `$paramod$bc7e84ef2ddd700811955d09eb86c2d4b7d337b5\npu_core.$proc$/home/danieltyukov/workspace/personal/tt-ihp-int8-npu/src/npu_core.sv:330$1087'.
     1/1: $0\g_bank[0].g_ent[5].q[23:0]
Creating decoders for process `$paramod$bc7e84ef2ddd700811955d09eb86c2d4b7d337b5\npu_core.$proc$/home/danieltyukov/workspace/personal/tt-ihp-int8-npu/src/npu_core.sv:330$1081'.
     1/1: $0\g_bank[0].g_ent[4].q[23:0]
Creating decoders for process `$paramod$bc7e84ef2ddd700811955d09eb86c2d4b7d337b5\npu_core.$proc$/home/danieltyukov/workspace/personal/tt-ihp-int8-npu/src/npu_core.sv:330$1075'.
     1/1: $0\g_bank[0].g_ent[3].q[23:0]
Creating decoders for process `$paramod$bc7e84ef2ddd700811955d09eb86c2d4b7d337b5\npu_core.$proc$/home/danieltyukov/workspace/personal/tt-ihp-int8-npu/src/npu_core.sv:330$1069'.
     1/1: $0\g_bank[0].g_ent[2].q[23:0]
Creating decoders for process `$paramod$bc7e84ef2ddd700811955d09eb86c2d4b7d337b5\npu_core.$proc$/home/danieltyukov/workspace/personal/tt-ihp-int8-npu/src/npu_core.sv:330$1063'.
     1/1: $0\g_bank[0].g_ent[1].q[23:0]
Creating decoders for process `$paramod$bc7e84ef2ddd700811955d09eb86c2d4b7d337b5\npu_core.$proc$/home/danieltyukov/workspace/personal/tt-ihp-int8-npu/src/npu_core.sv:330$1057'.
     1/1: $0\g_bank[0].g_ent[0].q[23:0]
Creating decoders for process `$paramod$bc7e84ef2ddd700811955d09eb86c2d4b7d337b5\npu_core.$proc$/home/danieltyukov/workspace/personal/tt-ihp-int8-npu/src/npu_core.sv:0$1010'.
     1/1: $1\rb[7:0]
Creating decoders for process `$paramod$bc7e84ef2ddd700811955d09eb86c2d4b7d337b5\npu_core.$proc$/home/danieltyukov/workspace/personal/tt-ihp-int8-npu/src/npu_core.sv:0$1009'.
     1/1: $1\id_byte[7:0]
Creating decoders for process `$paramod$bc7e84ef2ddd700811955d09eb86c2d4b7d337b5\npu_core.$proc$/home/danieltyukov/workspace/personal/tt-ihp-int8-npu/src/npu_core.sv:415$993'.
     1/12: $0\req_start[0:0]
     2/12: $0\err_code_reg[1:0]
     3/12: $0\ovf_reg[0:0]
     4/12: $0\sat_reg[0:0]
     5/12: $0\err_reg[0:0]
     6/12: $0\done_reg[0:0]
     7/12: $0\req_c[0:0]
     8/12: $0\req_s[2:0]
     9/12: $0\do_req[0:0]
    10/12: $0\acc_first[0:0]
    11/12: $0\cyc[3:0]
    12/12: $0\state[1:0]
Creating decoders for process `$paramod$bc7e84ef2ddd700811955d09eb86c2d4b7d337b5\npu_core.$proc$/home/danieltyukov/workspace/personal/tt-ihp-int8-npu/src/npu_core.sv:263$971'.
     1/3: $0\ipipe[11:0]
     2/3: $0\vpipe[3:0]
     3/3: $0\inj_idx[2:0]
Creating decoders for process `$paramod$bc7e84ef2ddd700811955d09eb86c2d4b7d337b5\npu_core.$proc$/home/danieltyukov/workspace/personal/tt-ihp-int8-npu/src/npu_core.sv:173$966'.
     1/9: $0\s_cnt_m1[2:0]
     2/9: $0\leaky_k_reg[2:0]
     3/9: $0\act_sel_reg[1:0]
     4/9: $0\clamp_hi_reg[7:0]
     5/9: $0\clamp_lo_reg[7:0]
     6/9: $0\zp_reg[7:0]
     7/9: $0\quant_buf[47:0]
     8/9: $0\bias_buf[47:0]
     9/9: $0\act_buf[127:0]

16.2.8. Executing PROC_DLATCH pass (convert process syncs to latches).
No latch inferred for signal `$paramod$bc7e84ef2ddd700811955d09eb86c2d4b7d337b5\npu_core.\rb' from process `$paramod$bc7e84ef2ddd700811955d09eb86c2d4b7d337b5\npu_core.$proc$/home/danieltyukov/workspace/personal/tt-ihp-int8-npu/src/npu_core.sv:0$1010'.
No latch inferred for signal `$paramod$bc7e84ef2ddd700811955d09eb86c2d4b7d337b5\npu_core.\id_byte' from process `$paramod$bc7e84ef2ddd700811955d09eb86c2d4b7d337b5\npu_core.$proc$/home/danieltyukov/workspace/personal/tt-ihp-int8-npu/src/npu_core.sv:0$1009'.

16.2.9. Executing PROC_DFF pass (convert process syncs to FFs).
Creating register for signal `$paramod$d6b5d1bf2e6bdb39badfbf84bacf8d2f67ad228c\npu_pe.\w_reg' using process `$paramod$d6b5d1bf2e6bdb39badfbf84bacf8d2f67ad228c\npu_pe.$proc$/home/danieltyukov/workspace/personal/tt-ihp-int8-npu/src/npu_pe.sv:84$1754'.
  created $adff cell `$procdff$2874' with positive edge clock and negative level reset.
Creating register for signal `$paramod$d6b5d1bf2e6bdb39badfbf84bacf8d2f67ad228c\npu_pe.\a_reg' using process `$paramod$d6b5d1bf2e6bdb39badfbf84bacf8d2f67ad228c\npu_pe.$proc$/home/danieltyukov/workspace/personal/tt-ihp-int8-npu/src/npu_pe.sv:84$1754'.
  created $adff cell `$procdff$2875' with positive edge clock and negative level reset.
Creating register for signal `$paramod$d6b5d1bf2e6bdb39badfbf84bacf8d2f67ad228c\npu_pe.\psum_reg' using process `$paramod$d6b5d1bf2e6bdb39badfbf84bacf8d2f67ad228c\npu_pe.$proc$/home/danieltyukov/workspace/personal/tt-ihp-int8-npu/src/npu_pe.sv:84$1754'.
  created $adff cell `$procdff$2876' with positive edge clock and negative level reset.
Creating register for signal `$paramod$34ddfcbca4b671933f923aa32a7a4070c9d4febc\npu_host_if.\wr_w' using process `$paramod$34ddfcbca4b671933f923aa32a7a4070c9d4febc\npu_host_if.$proc$/home/danieltyukov/workspace/personal/tt-ihp-int8-npu/src/npu_host_if.sv:123$1518'.
  created $adff cell `$procdff$2877' with positive edge clock and negative level reset.
Creating register for signal `$paramod$34ddfcbca4b671933f923aa32a7a4070c9d4febc\npu_host_if.\wr_act' using process `$paramod$34ddfcbca4b671933f923aa32a7a4070c9d4febc\npu_host_if.$proc$/home/danieltyukov/workspace/personal/tt-ihp-int8-npu/src/npu_host_if.sv:123$1518'.
  created $adff cell `$procdff$2878' with positive edge clock and negative level reset.
Creating register for signal `$paramod$34ddfcbca4b671933f923aa32a7a4070c9d4febc\npu_host_if.\wr_bias' using process `$paramod$34ddfcbca4b671933f923aa32a7a4070c9d4febc\npu_host_if.$proc$/home/danieltyukov/workspace/personal/tt-ihp-int8-npu/src/npu_host_if.sv:123$1518'.
  created $adff cell `$procdff$2879' with positive edge clock and negative level reset.
Creating register for signal `$paramod$34ddfcbca4b671933f923aa32a7a4070c9d4febc\npu_host_if.\wr_quant' using process `$paramod$34ddfcbca4b671933f923aa32a7a4070c9d4febc\npu_host_if.$proc$/home/danieltyukov/workspace/personal/tt-ihp-int8-npu/src/npu_host_if.sv:123$1518'.
  created $adff cell `$procdff$2880' with positive edge clock and negative level reset.
Creating register for signal `$paramod$34ddfcbca4b671933f923aa32a7a4070c9d4febc\npu_host_if.\wr_post' using process `$paramod$34ddfcbca4b671933f923aa32a7a4070c9d4febc\npu_host_if.$proc$/home/danieltyukov/workspace/personal/tt-ihp-int8-npu/src/npu_host_if.sv:123$1518'.
  created $adff cell `$procdff$2881' with positive edge clock and negative level reset.
Creating register for signal `$paramod$34ddfcbca4b671933f923aa32a7a4070c9d4febc\npu_host_if.\wr_cfg' using process `$paramod$34ddfcbca4b671933f923aa32a7a4070c9d4febc\npu_host_if.$proc$/home/danieltyukov/workspace/personal/tt-ihp-int8-npu/src/npu_host_if.sv:123$1518'.
  created $adff cell `$procdff$2882' with positive edge clock and negative level reset.
Creating register for signal `$paramod$34ddfcbca4b671933f923aa32a7a4070c9d4febc\npu_host_if.\post_idx' using process `$paramod$34ddfcbca4b671933f923aa32a7a4070c9d4febc\npu_host_if.$proc$/home/danieltyukov/workspace/personal/tt-ihp-int8-npu/src/npu_host_if.sv:123$1518'.
  created $adff cell `$procdff$2883' with positive edge clock and negative level reset.
Creating register for signal `$paramod$34ddfcbca4b671933f923aa32a7a4070c9d4febc\npu_host_if.\clr_flags' using process `$paramod$34ddfcbca4b671933f923aa32a7a4070c9d4febc\npu_host_if.$proc$/home/danieltyukov/workspace/personal/tt-ihp-int8-npu/src/npu_host_if.sv:123$1518'.
  created $adff cell `$procdff$2884' with positive edge clock and negative level reset.
Creating register for signal `$paramod$34ddfcbca4b671933f923aa32a7a4070c9d4febc\npu_host_if.\soft_rst' using process `$paramod$34ddfcbca4b671933f923aa32a7a4070c9d4febc\npu_host_if.$proc$/home/danieltyukov/workspace/personal/tt-ihp-int8-npu/src/npu_host_if.sv:123$1518'.
  created $adff cell `$procdff$2885' with positive edge clock and negative level reset.
Creating register for signal `$paramod$34ddfcbca4b671933f923aa32a7a4070c9d4febc\npu_host_if.\rd_src' using process `$paramod$34ddfcbca4b671933f923aa32a7a4070c9d4febc\npu_host_if.$proc$/home/danieltyukov/workspace/personal/tt-ihp-int8-npu/src/npu_host_if.sv:123$1518'.
  created $adff cell `$procdff$2886' with positive edge clock and negative level reset.
Creating register for signal `$paramod$34ddfcbca4b671933f923aa32a7a4070c9d4febc\npu_host_if.\rd_ptr' using process `$paramod$34ddfcbca4b671933f923aa32a7a4070c9d4febc\npu_host_if.$proc$/home/danieltyukov/workspace/personal/tt-ihp-int8-npu/src/npu_host_if.sv:123$1518'.
  created $adff cell `$procdff$2887' with positive edge clock and negative level reset.
Creating register for signal `$paramod$34ddfcbca4b671933f923aa32a7a4070c9d4febc\npu_host_if.\err_set' using process `$paramod$34ddfcbca4b671933f923aa32a7a4070c9d4febc\npu_host_if.$proc$/home/danieltyukov/workspace/personal/tt-ihp-int8-npu/src/npu_host_if.sv:123$1518'.
  created $adff cell `$procdff$2888' with positive edge clock and negative level reset.
Creating register for signal `$paramod$34ddfcbca4b671933f923aa32a7a4070c9d4febc\npu_host_if.\byte_out' using process `$paramod$34ddfcbca4b671933f923aa32a7a4070c9d4febc\npu_host_if.$proc$/home/danieltyukov/workspace/personal/tt-ihp-int8-npu/src/npu_host_if.sv:123$1518'.
  created $adff cell `$procdff$2889' with positive edge clock and negative level reset.
Creating register for signal `$paramod$34ddfcbca4b671933f923aa32a7a4070c9d4febc\npu_host_if.\run' using process `$paramod$34ddfcbca4b671933f923aa32a7a4070c9d4febc\npu_host_if.$proc$/home/danieltyukov/workspace/personal/tt-ihp-int8-npu/src/npu_host_if.sv:123$1518'.
  created $adff cell `$procdff$2890' with positive edge clock and negative level reset.
Creating register for signal `$paramod$34ddfcbca4b671933f923aa32a7a4070c9d4febc\npu_host_if.\run_acc' using process `$paramod$34ddfcbca4b671933f923aa32a7a4070c9d4febc\npu_host_if.$proc$/home/danieltyukov/workspace/personal/tt-ihp-int8-npu/src/npu_host_if.sv:123$1518'.
  created $adff cell `$procdff$2891' with positive edge clock and negative level reset.
Creating register for signal `$paramod$34ddfcbca4b671933f923aa32a7a4070c9d4febc\npu_host_if.\run_req' using process `$paramod$34ddfcbca4b671933f923aa32a7a4070c9d4febc\npu_host_if.$proc$/home/danieltyukov/workspace/personal/tt-ihp-int8-npu/src/npu_host_if.sv:123$1518'.
  created $adff cell `$procdff$2892' with positive edge clock and negative level reset.
Creating register for signal `$paramod$34ddfcbca4b671933f923aa32a7a4070c9d4febc\npu_host_if.\err_code' using process `$paramod$34ddfcbca4b671933f923aa32a7a4070c9d4febc\npu_host_if.$proc$/home/danieltyukov/workspace/personal/tt-ihp-int8-npu/src/npu_host_if.sv:123$1518'.
  created $adff cell `$procdff$2893' with positive edge clock and negative level reset.
Creating register for signal `$paramod$34ddfcbca4b671933f923aa32a7a4070c9d4febc\npu_host_if.\op' using process `$paramod$34ddfcbca4b671933f923aa32a7a4070c9d4febc\npu_host_if.$proc$/home/danieltyukov/workspace/personal/tt-ihp-int8-npu/src/npu_host_if.sv:123$1518'.
  created $adff cell `$procdff$2894' with positive edge clock and negative level reset.
Creating register for signal `$paramod$34ddfcbca4b671933f923aa32a7a4070c9d4febc\npu_host_if.\pcount' using process `$paramod$34ddfcbca4b671933f923aa32a7a4070c9d4febc\npu_host_if.$proc$/home/danieltyukov/workspace/personal/tt-ihp-int8-npu/src/npu_host_if.sv:123$1518'.
  created $adff cell `$procdff$2895' with positive edge clock and negative level reset.
Creating register for signal `$paramod$34ddfcbca4b671933f923aa32a7a4070c9d4febc\npu_host_if.\payload_len$func$/home/danieltyukov/workspace/personal/tt-ihp-int8-npu/src/npu_host_if.sv:163$1515.$result' using process `$paramod$34ddfcbca4b671933f923aa32a7a4070c9d4febc\npu_host_if.$proc$/home/danieltyukov/workspace/personal/tt-ihp-int8-npu/src/npu_host_if.sv:123$1518'.
  created $adff cell `$procdff$2896' with positive edge clock and negative level reset.
Creating register for signal `$paramod$34ddfcbca4b671933f923aa32a7a4070c9d4febc\npu_host_if.\payload_len$func$/home/danieltyukov/workspace/personal/tt-ihp-int8-npu/src/npu_host_if.sv:163$1515.o' using process `$paramod$34ddfcbca4b671933f923aa32a7a4070c9d4febc\npu_host_if.$proc$/home/danieltyukov/workspace/personal/tt-ihp-int8-npu/src/npu_host_if.sv:123$1518'.
  created $adff cell `$procdff$2897' with positive edge clock and negative level reset.
Creating register for signal `$paramod$34ddfcbca4b671933f923aa32a7a4070c9d4febc\npu_host_if.\known_op$func$/home/danieltyukov/workspace/personal/tt-ihp-int8-npu/src/npu_host_if.sv:167$1516.$result' using process `$paramod$34ddfcbca4b671933f923aa32a7a4070c9d4febc\npu_host_if.$proc$/home/danieltyukov/workspace/personal/tt-ihp-int8-npu/src/npu_host_if.sv:123$1518'.
  created $adff cell `$procdff$2898' with positive edge clock and negative level reset.
Creating register for signal `$paramod$34ddfcbca4b671933f923aa32a7a4070c9d4febc\npu_host_if.\known_op$func$/home/danieltyukov/workspace/personal/tt-ihp-int8-npu/src/npu_host_if.sv:167$1516.o' using process `$paramod$34ddfcbca4b671933f923aa32a7a4070c9d4febc\npu_host_if.$proc$/home/danieltyukov/workspace/personal/tt-ihp-int8-npu/src/npu_host_if.sv:123$1518'.
  created $adff cell `$procdff$2899' with positive edge clock and negative level reset.
Creating register for signal `$paramod$34ddfcbca4b671933f923aa32a7a4070c9d4febc\npu_host_if.\payload_len$func$/home/danieltyukov/workspace/personal/tt-ihp-int8-npu/src/npu_host_if.sv:193$1517.$result' using process `$paramod$34ddfcbca4b671933f923aa32a7a4070c9d4febc\npu_host_if.$proc$/home/danieltyukov/workspace/personal/tt-ihp-int8-npu/src/npu_host_if.sv:123$1518'.
  created $adff cell `$procdff$2900' with positive edge clock and negative level reset.
Creating register for signal `$paramod$34ddfcbca4b671933f923aa32a7a4070c9d4febc\npu_host_if.\payload_len$func$/home/danieltyukov/workspace/personal/tt-ihp-int8-npu/src/npu_host_if.sv:193$1517.o' using process `$paramod$34ddfcbca4b671933f923aa32a7a4070c9d4febc\npu_host_if.$proc$/home/danieltyukov/workspace/personal/tt-ihp-int8-npu/src/npu_host_if.sv:123$1518'.
  created $adff cell `$procdff$2901' with positive edge clock and negative level reset.
Creating register for signal `$paramod$9762f17314fc00bcc8483d811536c717be533d3b\npu_requant.\done' using process `$paramod$9762f17314fc00bcc8483d811536c717be533d3b\npu_requant.$proc$/home/danieltyukov/workspace/personal/tt-ihp-int8-npu/src/npu_requant.sv:137$1492'.
  created $adff cell `$procdff$2902' with positive edge clock and negative level reset.
Creating register for signal `$paramod$9762f17314fc00bcc8483d811536c717be533d3b\npu_requant.\state' using process `$paramod$9762f17314fc00bcc8483d811536c717be533d3b\npu_requant.$proc$/home/danieltyukov/workspace/personal/tt-ihp-int8-npu/src/npu_requant.sv:137$1492'.
  created $adff cell `$procdff$2903' with positive edge clock and negative level reset.
Creating register for signal `$paramod$9762f17314fc00bcc8483d811536c717be533d3b\npu_requant.\q_out' using process `$paramod$9762f17314fc00bcc8483d811536c717be533d3b\npu_requant.$proc$/home/danieltyukov/workspace/personal/tt-ihp-int8-npu/src/npu_requant.sv:137$1492'.
  created $adff cell `$procdff$2904' with positive edge clock and negative level reset.
Creating register for signal `$paramod$9762f17314fc00bcc8483d811536c717be533d3b\npu_requant.\sat_out' using process `$paramod$9762f17314fc00bcc8483d811536c717be533d3b\npu_requant.$proc$/home/danieltyukov/workspace/personal/tt-ihp-int8-npu/src/npu_requant.sv:137$1492'.
  created $adff cell `$procdff$2905' with positive edge clock and negative level reset.
Creating register for signal `$paramod$9762f17314fc00bcc8483d811536c717be533d3b\npu_requant.\pr' using process `$paramod$9762f17314fc00bcc8483d811536c717be533d3b\npu_requant.$proc$/home/danieltyukov/workspace/personal/tt-ihp-int8-npu/src/npu_requant.sv:137$1492'.
  created $adff cell `$procdff$2906' with positive edge clock and negative level reset.
Creating register for signal `$paramod$9762f17314fc00bcc8483d811536c717be533d3b\npu_requant.\digcnt' using process `$paramod$9762f17314fc00bcc8483d811536c717be533d3b\npu_requant.$proc$/home/danieltyukov/workspace/personal/tt-ihp-int8-npu/src/npu_requant.sv:137$1492'.
  created $adff cell `$procdff$2907' with positive edge clock and negative level reset.
Creating register for signal `$paramod$9762f17314fc00bcc8483d811536c717be533d3b\npu_requant.\shcnt' using process `$paramod$9762f17314fc00bcc8483d811536c717be533d3b\npu_requant.$proc$/home/danieltyukov/workspace/personal/tt-ihp-int8-npu/src/npu_requant.sv:137$1492'.
  created $adff cell `$procdff$2908' with positive edge clock and negative level reset.
Creating register for signal `$paramod$9762f17314fc00bcc8483d811536c717be533d3b\npu_requant.\rbit' using process `$paramod$9762f17314fc00bcc8483d811536c717be533d3b\npu_requant.$proc$/home/danieltyukov/workspace/personal/tt-ihp-int8-npu/src/npu_requant.sv:137$1492'.
  created $adff cell `$procdff$2909' with positive edge clock and negative level reset.
Creating register for signal `$paramod$9762f17314fc00bcc8483d811536c717be533d3b\npu_requant.\sbit' using process `$paramod$9762f17314fc00bcc8483d811536c717be533d3b\npu_requant.$proc$/home/danieltyukov/workspace/personal/tt-ihp-int8-npu/src/npu_requant.sv:137$1492'.
  created $adff cell `$procdff$2910' with positive edge clock and negative level reset.
Creating register for signal `$paramod$bc7e84ef2ddd700811955d09eb86c2d4b7d337b5\npu_core.\g_res[15].q' using process `$paramod$bc7e84ef2ddd700811955d09eb86c2d4b7d337b5\npu_core.$proc$/home/danieltyukov/workspace/personal/tt-ihp-int8-npu/src/npu_core.sv:396$1287'.
  created $adff cell `$procdff$2911' with positive edge clock and negative level reset.
Creating register for signal `$paramod$bc7e84ef2ddd700811955d09eb86c2d4b7d337b5\npu_core.\g_res[14].q' using process `$paramod$bc7e84ef2ddd700811955d09eb86c2d4b7d337b5\npu_core.$proc$/home/danieltyukov/workspace/personal/tt-ihp-int8-npu/src/npu_core.sv:396$1279'.
  created $adff cell `$procdff$2912' with positive edge clock and negative level reset.
Creating register for signal `$paramod$bc7e84ef2ddd700811955d09eb86c2d4b7d337b5\npu_core.\g_res[13].q' using process `$paramod$bc7e84ef2ddd700811955d09eb86c2d4b7d337b5\npu_core.$proc$/home/danieltyukov/workspace/personal/tt-ihp-int8-npu/src/npu_core.sv:396$1271'.
  created $adff cell `$procdff$2913' with positive edge clock and negative level reset.
Creating register for signal `$paramod$bc7e84ef2ddd700811955d09eb86c2d4b7d337b5\npu_core.\g_res[12].q' using process `$paramod$bc7e84ef2ddd700811955d09eb86c2d4b7d337b5\npu_core.$proc$/home/danieltyukov/workspace/personal/tt-ihp-int8-npu/src/npu_core.sv:396$1263'.
  created $adff cell `$procdff$2914' with positive edge clock and negative level reset.
Creating register for signal `$paramod$bc7e84ef2ddd700811955d09eb86c2d4b7d337b5\npu_core.\g_res[11].q' using process `$paramod$bc7e84ef2ddd700811955d09eb86c2d4b7d337b5\npu_core.$proc$/home/danieltyukov/workspace/personal/tt-ihp-int8-npu/src/npu_core.sv:396$1255'.
  created $adff cell `$procdff$2915' with positive edge clock and negative level reset.
Creating register for signal `$paramod$bc7e84ef2ddd700811955d09eb86c2d4b7d337b5\npu_core.\g_res[10].q' using process `$paramod$bc7e84ef2ddd700811955d09eb86c2d4b7d337b5\npu_core.$proc$/home/danieltyukov/workspace/personal/tt-ihp-int8-npu/src/npu_core.sv:396$1247'.
  created $adff cell `$procdff$2916' with positive edge clock and negative level reset.
Creating register for signal `$paramod$bc7e84ef2ddd700811955d09eb86c2d4b7d337b5\npu_core.\g_res[9].q' using process `$paramod$bc7e84ef2ddd700811955d09eb86c2d4b7d337b5\npu_core.$proc$/home/danieltyukov/workspace/personal/tt-ihp-int8-npu/src/npu_core.sv:396$1239'.
  created $adff cell `$procdff$2917' with positive edge clock and negative level reset.
Creating register for signal `$paramod$bc7e84ef2ddd700811955d09eb86c2d4b7d337b5\npu_core.\g_res[8].q' using process `$paramod$bc7e84ef2ddd700811955d09eb86c2d4b7d337b5\npu_core.$proc$/home/danieltyukov/workspace/personal/tt-ihp-int8-npu/src/npu_core.sv:396$1231'.
  created $adff cell `$procdff$2918' with positive edge clock and negative level reset.
Creating register for signal `$paramod$bc7e84ef2ddd700811955d09eb86c2d4b7d337b5\npu_core.\g_res[7].q' using process `$paramod$bc7e84ef2ddd700811955d09eb86c2d4b7d337b5\npu_core.$proc$/home/danieltyukov/workspace/personal/tt-ihp-int8-npu/src/npu_core.sv:396$1223'.
  created $adff cell `$procdff$2919' with positive edge clock and negative level reset.
Creating register for signal `$paramod$bc7e84ef2ddd700811955d09eb86c2d4b7d337b5\npu_core.\g_res[6].q' using process `$paramod$bc7e84ef2ddd700811955d09eb86c2d4b7d337b5\npu_core.$proc$/home/danieltyukov/workspace/personal/tt-ihp-int8-npu/src/npu_core.sv:396$1215'.
  created $adff cell `$procdff$2920' with positive edge clock and negative level reset.
Creating register for signal `$paramod$bc7e84ef2ddd700811955d09eb86c2d4b7d337b5\npu_core.\g_res[5].q' using process `$paramod$bc7e84ef2ddd700811955d09eb86c2d4b7d337b5\npu_core.$proc$/home/danieltyukov/workspace/personal/tt-ihp-int8-npu/src/npu_core.sv:396$1207'.
  created $adff cell `$procdff$2921' with positive edge clock and negative level reset.
Creating register for signal `$paramod$bc7e84ef2ddd700811955d09eb86c2d4b7d337b5\npu_core.\g_res[4].q' using process `$paramod$bc7e84ef2ddd700811955d09eb86c2d4b7d337b5\npu_core.$proc$/home/danieltyukov/workspace/personal/tt-ihp-int8-npu/src/npu_core.sv:396$1199'.
  created $adff cell `$procdff$2922' with positive edge clock and negative level reset.
Creating register for signal `$paramod$bc7e84ef2ddd700811955d09eb86c2d4b7d337b5\npu_core.\g_res[3].q' using process `$paramod$bc7e84ef2ddd700811955d09eb86c2d4b7d337b5\npu_core.$proc$/home/danieltyukov/workspace/personal/tt-ihp-int8-npu/src/npu_core.sv:396$1191'.
  created $adff cell `$procdff$2923' with positive edge clock and negative level reset.
Creating register for signal `$paramod$bc7e84ef2ddd700811955d09eb86c2d4b7d337b5\npu_core.\g_res[2].q' using process `$paramod$bc7e84ef2ddd700811955d09eb86c2d4b7d337b5\npu_core.$proc$/home/danieltyukov/workspace/personal/tt-ihp-int8-npu/src/npu_core.sv:396$1183'.
  created $adff cell `$procdff$2924' with positive edge clock and negative level reset.
Creating register for signal `$paramod$bc7e84ef2ddd700811955d09eb86c2d4b7d337b5\npu_core.\g_res[1].q' using process `$paramod$bc7e84ef2ddd700811955d09eb86c2d4b7d337b5\npu_core.$proc$/home/danieltyukov/workspace/personal/tt-ihp-int8-npu/src/npu_core.sv:396$1175'.
  created $adff cell `$procdff$2925' with positive edge clock and negative level reset.
Creating register for signal `$paramod$bc7e84ef2ddd700811955d09eb86c2d4b7d337b5\npu_core.\g_res[0].q' using process `$paramod$bc7e84ef2ddd700811955d09eb86c2d4b7d337b5\npu_core.$proc$/home/danieltyukov/workspace/personal/tt-ihp-int8-npu/src/npu_core.sv:396$1167'.
  created $adff cell `$procdff$2926' with positive edge clock and negative level reset.
Creating register for signal `$paramod$bc7e84ef2ddd700811955d09eb86c2d4b7d337b5\npu_core.\g_bank[1].g_ent[7].q' using process `$paramod$bc7e84ef2ddd700811955d09eb86c2d4b7d337b5\npu_core.$proc$/home/danieltyukov/workspace/personal/tt-ihp-int8-npu/src/npu_core.sv:330$1158'.
  created $adff cell `$procdff$2927' with positive edge clock and negative level reset.
Creating register for signal `$paramod$bc7e84ef2ddd700811955d09eb86c2d4b7d337b5\npu_core.\g_bank[1].g_ent[6].q' using process `$paramod$bc7e84ef2ddd700811955d09eb86c2d4b7d337b5\npu_core.$proc$/home/danieltyukov/workspace/personal/tt-ihp-int8-npu/src/npu_core.sv:330$1152'.
  created $adff cell `$procdff$2928' with positive edge clock and negative level reset.
Creating register for signal `$paramod$bc7e84ef2ddd700811955d09eb86c2d4b7d337b5\npu_core.\g_bank[1].g_ent[5].q' using process `$paramod$bc7e84ef2ddd700811955d09eb86c2d4b7d337b5\npu_core.$proc$/home/danieltyukov/workspace/personal/tt-ihp-int8-npu/src/npu_core.sv:330$1146'.
  created $adff cell `$procdff$2929' with positive edge clock and negative level reset.
Creating register for signal `$paramod$bc7e84ef2ddd700811955d09eb86c2d4b7d337b5\npu_core.\g_bank[1].g_ent[4].q' using process `$paramod$bc7e84ef2ddd700811955d09eb86c2d4b7d337b5\npu_core.$proc$/home/danieltyukov/workspace/personal/tt-ihp-int8-npu/src/npu_core.sv:330$1140'.
  created $adff cell `$procdff$2930' with positive edge clock and negative level reset.
Creating register for signal `$paramod$bc7e84ef2ddd700811955d09eb86c2d4b7d337b5\npu_core.\g_bank[1].g_ent[3].q' using process `$paramod$bc7e84ef2ddd700811955d09eb86c2d4b7d337b5\npu_core.$proc$/home/danieltyukov/workspace/personal/tt-ihp-int8-npu/src/npu_core.sv:330$1134'.
  created $adff cell `$procdff$2931' with positive edge clock and negative level reset.
Creating register for signal `$paramod$bc7e84ef2ddd700811955d09eb86c2d4b7d337b5\npu_core.\g_bank[1].g_ent[2].q' using process `$paramod$bc7e84ef2ddd700811955d09eb86c2d4b7d337b5\npu_core.$proc$/home/danieltyukov/workspace/personal/tt-ihp-int8-npu/src/npu_core.sv:330$1128'.
  created $adff cell `$procdff$2932' with positive edge clock and negative level reset.
Creating register for signal `$paramod$bc7e84ef2ddd700811955d09eb86c2d4b7d337b5\npu_core.\g_bank[1].g_ent[1].q' using process `$paramod$bc7e84ef2ddd700811955d09eb86c2d4b7d337b5\npu_core.$proc$/home/danieltyukov/workspace/personal/tt-ihp-int8-npu/src/npu_core.sv:330$1122'.
  created $adff cell `$procdff$2933' with positive edge clock and negative level reset.
Creating register for signal `$paramod$bc7e84ef2ddd700811955d09eb86c2d4b7d337b5\npu_core.\g_bank[1].g_ent[0].q' using process `$paramod$bc7e84ef2ddd700811955d09eb86c2d4b7d337b5\npu_core.$proc$/home/danieltyukov/workspace/personal/tt-ihp-int8-npu/src/npu_core.sv:330$1116'.
  created $adff cell `$procdff$2934' with positive edge clock and negative level reset.
Creating register for signal `$paramod$bc7e84ef2ddd700811955d09eb86c2d4b7d337b5\npu_core.\g_bank[0].g_ent[7].q' using process `$paramod$bc7e84ef2ddd700811955d09eb86c2d4b7d337b5\npu_core.$proc$/home/danieltyukov/workspace/personal/tt-ihp-int8-npu/src/npu_core.sv:330$1099'.
  created $adff cell `$procdff$2935' with positive edge clock and negative level reset.
Creating register for signal `$paramod$bc7e84ef2ddd700811955d09eb86c2d4b7d337b5\npu_core.\g_bank[0].g_ent[6].q' using process `$paramod$bc7e84ef2ddd700811955d09eb86c2d4b7d337b5\npu_core.$proc$/home/danieltyukov/workspace/personal/tt-ihp-int8-npu/src/npu_core.sv:330$1093'.
  created $adff cell `$procdff$2936' with positive edge clock and negative level reset.
Creating register for signal `$paramod$bc7e84ef2ddd700811955d09eb86c2d4b7d337b5\npu_core.\g_bank[0].g_ent[5].q' using process `$paramod$bc7e84ef2ddd700811955d09eb86c2d4b7d337b5\npu_core.$proc$/home/danieltyukov/workspace/personal/tt-ihp-int8-npu/src/npu_core.sv:330$1087'.
  created $adff cell `$procdff$2937' with positive edge clock and negative level reset.
Creating register for signal `$paramod$bc7e84ef2ddd700811955d09eb86c2d4b7d337b5\npu_core.\g_bank[0].g_ent[4].q' using process `$paramod$bc7e84ef2ddd700811955d09eb86c2d4b7d337b5\npu_core.$proc$/home/danieltyukov/workspace/personal/tt-ihp-int8-npu/src/npu_core.sv:330$1081'.
  created $adff cell `$procdff$2938' with positive edge clock and negative level reset.
Creating register for signal `$paramod$bc7e84ef2ddd700811955d09eb86c2d4b7d337b5\npu_core.\g_bank[0].g_ent[3].q' using process `$paramod$bc7e84ef2ddd700811955d09eb86c2d4b7d337b5\npu_core.$proc$/home/danieltyukov/workspace/personal/tt-ihp-int8-npu/src/npu_core.sv:330$1075'.
  created $adff cell `$procdff$2939' with positive edge clock and negative level reset.
Creating register for signal `$paramod$bc7e84ef2ddd700811955d09eb86c2d4b7d337b5\npu_core.\g_bank[0].g_ent[2].q' using process `$paramod$bc7e84ef2ddd700811955d09eb86c2d4b7d337b5\npu_core.$proc$/home/danieltyukov/workspace/personal/tt-ihp-int8-npu/src/npu_core.sv:330$1069'.
  created $adff cell `$procdff$2940' with positive edge clock and negative level reset.
Creating register for signal `$paramod$bc7e84ef2ddd700811955d09eb86c2d4b7d337b5\npu_core.\g_bank[0].g_ent[1].q' using process `$paramod$bc7e84ef2ddd700811955d09eb86c2d4b7d337b5\npu_core.$proc$/home/danieltyukov/workspace/personal/tt-ihp-int8-npu/src/npu_core.sv:330$1063'.
  created $adff cell `$procdff$2941' with positive edge clock and negative level reset.
Creating register for signal `$paramod$bc7e84ef2ddd700811955d09eb86c2d4b7d337b5\npu_core.\g_bank[0].g_ent[0].q' using process `$paramod$bc7e84ef2ddd700811955d09eb86c2d4b7d337b5\npu_core.$proc$/home/danieltyukov/workspace/personal/tt-ihp-int8-npu/src/npu_core.sv:330$1057'.
  created $adff cell `$procdff$2942' with positive edge clock and negative level reset.
Creating register for signal `$paramod$bc7e84ef2ddd700811955d09eb86c2d4b7d337b5\npu_core.\state' using process `$paramod$bc7e84ef2ddd700811955d09eb86c2d4b7d337b5\npu_core.$proc$/home/danieltyukov/workspace/personal/tt-ihp-int8-npu/src/npu_core.sv:415$993'.
  created $adff cell `$procdff$2943' with positive edge clock and negative level reset.
Creating register for signal `$paramod$bc7e84ef2ddd700811955d09eb86c2d4b7d337b5\npu_core.\cyc' using process `$paramod$bc7e84ef2ddd700811955d09eb86c2d4b7d337b5\npu_core.$proc$/home/danieltyukov/workspace/personal/tt-ihp-int8-npu/src/npu_core.sv:415$993'.
  created $adff cell `$procdff$2944' with positive edge clock and negative level reset.
Creating register for signal `$paramod$bc7e84ef2ddd700811955d09eb86c2d4b7d337b5\npu_core.\acc_first' using process `$paramod$bc7e84ef2ddd700811955d09eb86c2d4b7d337b5\npu_core.$proc$/home/danieltyukov/workspace/personal/tt-ihp-int8-npu/src/npu_core.sv:415$993'.
  created $adff cell `$procdff$2945' with positive edge clock and negative level reset.
Creating register for signal `$paramod$bc7e84ef2ddd700811955d09eb86c2d4b7d337b5\npu_core.\do_req' using process `$paramod$bc7e84ef2ddd700811955d09eb86c2d4b7d337b5\npu_core.$proc$/home/danieltyukov/workspace/personal/tt-ihp-int8-npu/src/npu_core.sv:415$993'.
  created $adff cell `$procdff$2946' with positive edge clock and negative level reset.
Creating register for signal `$paramod$bc7e84ef2ddd700811955d09eb86c2d4b7d337b5\npu_core.\req_s' using process `$paramod$bc7e84ef2ddd700811955d09eb86c2d4b7d337b5\npu_core.$proc$/home/danieltyukov/workspace/personal/tt-ihp-int8-npu/src/npu_core.sv:415$993'.
  created $adff cell `$procdff$2947' with positive edge clock and negative level reset.
Creating register for signal `$paramod$bc7e84ef2ddd700811955d09eb86c2d4b7d337b5\npu_core.\req_c' using process `$paramod$bc7e84ef2ddd700811955d09eb86c2d4b7d337b5\npu_core.$proc$/home/danieltyukov/workspace/personal/tt-ihp-int8-npu/src/npu_core.sv:415$993'.
  created $adff cell `$procdff$2948' with positive edge clock and negative level reset.
Creating register for signal `$paramod$bc7e84ef2ddd700811955d09eb86c2d4b7d337b5\npu_core.\req_start' using process `$paramod$bc7e84ef2ddd700811955d09eb86c2d4b7d337b5\npu_core.$proc$/home/danieltyukov/workspace/personal/tt-ihp-int8-npu/src/npu_core.sv:415$993'.
  created $adff cell `$procdff$2949' with positive edge clock and negative level reset.
Creating register for signal `$paramod$bc7e84ef2ddd700811955d09eb86c2d4b7d337b5\npu_core.\done_reg' using process `$paramod$bc7e84ef2ddd700811955d09eb86c2d4b7d337b5\npu_core.$proc$/home/danieltyukov/workspace/personal/tt-ihp-int8-npu/src/npu_core.sv:415$993'.
  created $adff cell `$procdff$2950' with positive edge clock and negative level reset.
Creating register for signal `$paramod$bc7e84ef2ddd700811955d09eb86c2d4b7d337b5\npu_core.\err_reg' using process `$paramod$bc7e84ef2ddd700811955d09eb86c2d4b7d337b5\npu_core.$proc$/home/danieltyukov/workspace/personal/tt-ihp-int8-npu/src/npu_core.sv:415$993'.
  created $adff cell `$procdff$2951' with positive edge clock and negative level reset.
Creating register for signal `$paramod$bc7e84ef2ddd700811955d09eb86c2d4b7d337b5\npu_core.\sat_reg' using process `$paramod$bc7e84ef2ddd700811955d09eb86c2d4b7d337b5\npu_core.$proc$/home/danieltyukov/workspace/personal/tt-ihp-int8-npu/src/npu_core.sv:415$993'.
  created $adff cell `$procdff$2952' with positive edge clock and negative level reset.
Creating register for signal `$paramod$bc7e84ef2ddd700811955d09eb86c2d4b7d337b5\npu_core.\ovf_reg' using process `$paramod$bc7e84ef2ddd700811955d09eb86c2d4b7d337b5\npu_core.$proc$/home/danieltyukov/workspace/personal/tt-ihp-int8-npu/src/npu_core.sv:415$993'.
  created $adff cell `$procdff$2953' with positive edge clock and negative level reset.
Creating register for signal `$paramod$bc7e84ef2ddd700811955d09eb86c2d4b7d337b5\npu_core.\err_code_reg' using process `$paramod$bc7e84ef2ddd700811955d09eb86c2d4b7d337b5\npu_core.$proc$/home/danieltyukov/workspace/personal/tt-ihp-int8-npu/src/npu_core.sv:415$993'.
  created $adff cell `$procdff$2954' with positive edge clock and negative level reset.
Creating register for signal `$paramod$bc7e84ef2ddd700811955d09eb86c2d4b7d337b5\npu_core.\vpipe' using process `$paramod$bc7e84ef2ddd700811955d09eb86c2d4b7d337b5\npu_core.$proc$/home/danieltyukov/workspace/personal/tt-ihp-int8-npu/src/npu_core.sv:263$971'.
  created $adff cell `$procdff$2955' with positive edge clock and negative level reset.
Creating register for signal `$paramod$bc7e84ef2ddd700811955d09eb86c2d4b7d337b5\npu_core.\ipipe' using process `$paramod$bc7e84ef2ddd700811955d09eb86c2d4b7d337b5\npu_core.$proc$/home/danieltyukov/workspace/personal/tt-ihp-int8-npu/src/npu_core.sv:263$971'.
  created $adff cell `$procdff$2956' with positive edge clock and negative level reset.
Creating register for signal `$paramod$bc7e84ef2ddd700811955d09eb86c2d4b7d337b5\npu_core.\inj_idx' using process `$paramod$bc7e84ef2ddd700811955d09eb86c2d4b7d337b5\npu_core.$proc$/home/danieltyukov/workspace/personal/tt-ihp-int8-npu/src/npu_core.sv:263$971'.
  created $adff cell `$procdff$2957' with positive edge clock and negative level reset.
Creating register for signal `$paramod$bc7e84ef2ddd700811955d09eb86c2d4b7d337b5\npu_core.\act_buf' using process `$paramod$bc7e84ef2ddd700811955d09eb86c2d4b7d337b5\npu_core.$proc$/home/danieltyukov/workspace/personal/tt-ihp-int8-npu/src/npu_core.sv:173$966'.
  created $adff cell `$procdff$2958' with positive edge clock and negative level reset.
Creating register for signal `$paramod$bc7e84ef2ddd700811955d09eb86c2d4b7d337b5\npu_core.\bias_buf' using process `$paramod$bc7e84ef2ddd700811955d09eb86c2d4b7d337b5\npu_core.$proc$/home/danieltyukov/workspace/personal/tt-ihp-int8-npu/src/npu_core.sv:173$966'.
  created $adff cell `$procdff$2959' with positive edge clock and negative level reset.
Creating register for signal `$paramod$bc7e84ef2ddd700811955d09eb86c2d4b7d337b5\npu_core.\quant_buf' using process `$paramod$bc7e84ef2ddd700811955d09eb86c2d4b7d337b5\npu_core.$proc$/home/danieltyukov/workspace/personal/tt-ihp-int8-npu/src/npu_core.sv:173$966'.
  created $adff cell `$procdff$2960' with positive edge clock and negative level reset.
Creating register for signal `$paramod$bc7e84ef2ddd700811955d09eb86c2d4b7d337b5\npu_core.\zp_reg' using process `$paramod$bc7e84ef2ddd700811955d09eb86c2d4b7d337b5\npu_core.$proc$/home/danieltyukov/workspace/personal/tt-ihp-int8-npu/src/npu_core.sv:173$966'.
  created $adff cell `$procdff$2961' with positive edge clock and negative level reset.
Creating register for signal `$paramod$bc7e84ef2ddd700811955d09eb86c2d4b7d337b5\npu_core.\clamp_lo_reg' using process `$paramod$bc7e84ef2ddd700811955d09eb86c2d4b7d337b5\npu_core.$proc$/home/danieltyukov/workspace/personal/tt-ihp-int8-npu/src/npu_core.sv:173$966'.
  created $adff cell `$procdff$2962' with positive edge clock and negative level reset.
Creating register for signal `$paramod$bc7e84ef2ddd700811955d09eb86c2d4b7d337b5\npu_core.\clamp_hi_reg' using process `$paramod$bc7e84ef2ddd700811955d09eb86c2d4b7d337b5\npu_core.$proc$/home/danieltyukov/workspace/personal/tt-ihp-int8-npu/src/npu_core.sv:173$966'.
  created $adff cell `$procdff$2963' with positive edge clock and negative level reset.
Creating register for signal `$paramod$bc7e84ef2ddd700811955d09eb86c2d4b7d337b5\npu_core.\act_sel_reg' using process `$paramod$bc7e84ef2ddd700811955d09eb86c2d4b7d337b5\npu_core.$proc$/home/danieltyukov/workspace/personal/tt-ihp-int8-npu/src/npu_core.sv:173$966'.
  created $adff cell `$procdff$2964' with positive edge clock and negative level reset.
Creating register for signal `$paramod$bc7e84ef2ddd700811955d09eb86c2d4b7d337b5\npu_core.\leaky_k_reg' using process `$paramod$bc7e84ef2ddd700811955d09eb86c2d4b7d337b5\npu_core.$proc$/home/danieltyukov/workspace/personal/tt-ihp-int8-npu/src/npu_core.sv:173$966'.
  created $adff cell `$procdff$2965' with positive edge clock and negative level reset.
Creating register for signal `$paramod$bc7e84ef2ddd700811955d09eb86c2d4b7d337b5\npu_core.\s_cnt_m1' using process `$paramod$bc7e84ef2ddd700811955d09eb86c2d4b7d337b5\npu_core.$proc$/home/danieltyukov/workspace/personal/tt-ihp-int8-npu/src/npu_core.sv:173$966'.
  created $adff cell `$procdff$2966' with positive edge clock and negative level reset.

16.2.10. Executing PROC_MEMWR pass (convert process memory writes to cells).

16.2.11. Executing PROC_CLEAN pass (remove empty switches from decision trees).
Found and cleaned up 1 empty switch in `$paramod$d6b5d1bf2e6bdb39badfbf84bacf8d2f67ad228c\npu_pe.$proc$/home/danieltyukov/workspace/personal/tt-ihp-int8-npu/src/npu_pe.sv:84$1754'.
Removing empty process `$paramod$d6b5d1bf2e6bdb39badfbf84bacf8d2f67ad228c\npu_pe.$proc$/home/danieltyukov/workspace/personal/tt-ihp-int8-npu/src/npu_pe.sv:84$1754'.
Found and cleaned up 12 empty switches in `$paramod$34ddfcbca4b671933f923aa32a7a4070c9d4febc\npu_host_if.$proc$/home/danieltyukov/workspace/personal/tt-ihp-int8-npu/src/npu_host_if.sv:123$1518'.
Removing empty process `$paramod$34ddfcbca4b671933f923aa32a7a4070c9d4febc\npu_host_if.$proc$/home/danieltyukov/workspace/personal/tt-ihp-int8-npu/src/npu_host_if.sv:123$1518'.
Found and cleaned up 6 empty switches in `$paramod$9762f17314fc00bcc8483d811536c717be533d3b\npu_requant.$proc$/home/danieltyukov/workspace/personal/tt-ihp-int8-npu/src/npu_requant.sv:137$1492'.
Removing empty process `$paramod$9762f17314fc00bcc8483d811536c717be533d3b\npu_requant.$proc$/home/danieltyukov/workspace/personal/tt-ihp-int8-npu/src/npu_requant.sv:137$1492'.
Found and cleaned up 2 empty switches in `$paramod$bc7e84ef2ddd700811955d09eb86c2d4b7d337b5\npu_core.$proc$/home/danieltyukov/workspace/personal/tt-ihp-int8-npu/src/npu_core.sv:396$1287'.
Removing empty process `$paramod$bc7e84ef2ddd700811955d09eb86c2d4b7d337b5\npu_core.$proc$/home/danieltyukov/workspace/personal/tt-ihp-int8-npu/src/npu_core.sv:396$1287'.
Found and cleaned up 2 empty switches in `$paramod$bc7e84ef2ddd700811955d09eb86c2d4b7d337b5\npu_core.$proc$/home/danieltyukov/workspace/personal/tt-ihp-int8-npu/src/npu_core.sv:396$1279'.
Removing empty process `$paramod$bc7e84ef2ddd700811955d09eb86c2d4b7d337b5\npu_core.$proc$/home/danieltyukov/workspace/personal/tt-ihp-int8-npu/src/npu_core.sv:396$1279'.
Found and cleaned up 2 empty switches in `$paramod$bc7e84ef2ddd700811955d09eb86c2d4b7d337b5\npu_core.$proc$/home/danieltyukov/workspace/personal/tt-ihp-int8-npu/src/npu_core.sv:396$1271'.
Removing empty process `$paramod$bc7e84ef2ddd700811955d09eb86c2d4b7d337b5\npu_core.$proc$/home/danieltyukov/workspace/personal/tt-ihp-int8-npu/src/npu_core.sv:396$1271'.
Found and cleaned up 2 empty switches in `$paramod$bc7e84ef2ddd700811955d09eb86c2d4b7d337b5\npu_core.$proc$/home/danieltyukov/workspace/personal/tt-ihp-int8-npu/src/npu_core.sv:396$1263'.
Removing empty process `$paramod$bc7e84ef2ddd700811955d09eb86c2d4b7d337b5\npu_core.$proc$/home/danieltyukov/workspace/personal/tt-ihp-int8-npu/src/npu_core.sv:396$1263'.
Found and cleaned up 2 empty switches in `$paramod$bc7e84ef2ddd700811955d09eb86c2d4b7d337b5\npu_core.$proc$/home/danieltyukov/workspace/personal/tt-ihp-int8-npu/src/npu_core.sv:396$1255'.
Removing empty process `$paramod$bc7e84ef2ddd700811955d09eb86c2d4b7d337b5\npu_core.$proc$/home/danieltyukov/workspace/personal/tt-ihp-int8-npu/src/npu_core.sv:396$1255'.
Found and cleaned up 2 empty switches in `$paramod$bc7e84ef2ddd700811955d09eb86c2d4b7d337b5\npu_core.$proc$/home/danieltyukov/workspace/personal/tt-ihp-int8-npu/src/npu_core.sv:396$1247'.
Removing empty process `$paramod$bc7e84ef2ddd700811955d09eb86c2d4b7d337b5\npu_core.$proc$/home/danieltyukov/workspace/personal/tt-ihp-int8-npu/src/npu_core.sv:396$1247'.
Found and cleaned up 2 empty switches in `$paramod$bc7e84ef2ddd700811955d09eb86c2d4b7d337b5\npu_core.$proc$/home/danieltyukov/workspace/personal/tt-ihp-int8-npu/src/npu_core.sv:396$1239'.
Removing empty process `$paramod$bc7e84ef2ddd700811955d09eb86c2d4b7d337b5\npu_core.$proc$/home/danieltyukov/workspace/personal/tt-ihp-int8-npu/src/npu_core.sv:396$1239'.
Found and cleaned up 2 empty switches in `$paramod$bc7e84ef2ddd700811955d09eb86c2d4b7d337b5\npu_core.$proc$/home/danieltyukov/workspace/personal/tt-ihp-int8-npu/src/npu_core.sv:396$1231'.
Removing empty process `$paramod$bc7e84ef2ddd700811955d09eb86c2d4b7d337b5\npu_core.$proc$/home/danieltyukov/workspace/personal/tt-ihp-int8-npu/src/npu_core.sv:396$1231'.
Found and cleaned up 2 empty switches in `$paramod$bc7e84ef2ddd700811955d09eb86c2d4b7d337b5\npu_core.$proc$/home/danieltyukov/workspace/personal/tt-ihp-int8-npu/src/npu_core.sv:396$1223'.
Removing empty process `$paramod$bc7e84ef2ddd700811955d09eb86c2d4b7d337b5\npu_core.$proc$/home/danieltyukov/workspace/personal/tt-ihp-int8-npu/src/npu_core.sv:396$1223'.
Found and cleaned up 2 empty switches in `$paramod$bc7e84ef2ddd700811955d09eb86c2d4b7d337b5\npu_core.$proc$/home/danieltyukov/workspace/personal/tt-ihp-int8-npu/src/npu_core.sv:396$1215'.
Removing empty process `$paramod$bc7e84ef2ddd700811955d09eb86c2d4b7d337b5\npu_core.$proc$/home/danieltyukov/workspace/personal/tt-ihp-int8-npu/src/npu_core.sv:396$1215'.
Found and cleaned up 2 empty switches in `$paramod$bc7e84ef2ddd700811955d09eb86c2d4b7d337b5\npu_core.$proc$/home/danieltyukov/workspace/personal/tt-ihp-int8-npu/src/npu_core.sv:396$1207'.
Removing empty process `$paramod$bc7e84ef2ddd700811955d09eb86c2d4b7d337b5\npu_core.$proc$/home/danieltyukov/workspace/personal/tt-ihp-int8-npu/src/npu_core.sv:396$1207'.
Found and cleaned up 2 empty switches in `$paramod$bc7e84ef2ddd700811955d09eb86c2d4b7d337b5\npu_core.$proc$/home/danieltyukov/workspace/personal/tt-ihp-int8-npu/src/npu_core.sv:396$1199'.
Removing empty process `$paramod$bc7e84ef2ddd700811955d09eb86c2d4b7d337b5\npu_core.$proc$/home/danieltyukov/workspace/personal/tt-ihp-int8-npu/src/npu_core.sv:396$1199'.
Found and cleaned up 2 empty switches in `$paramod$bc7e84ef2ddd700811955d09eb86c2d4b7d337b5\npu_core.$proc$/home/danieltyukov/workspace/personal/tt-ihp-int8-npu/src/npu_core.sv:396$1191'.
Removing empty process `$paramod$bc7e84ef2ddd700811955d09eb86c2d4b7d337b5\npu_core.$proc$/home/danieltyukov/workspace/personal/tt-ihp-int8-npu/src/npu_core.sv:396$1191'.
Found and cleaned up 2 empty switches in `$paramod$bc7e84ef2ddd700811955d09eb86c2d4b7d337b5\npu_core.$proc$/home/danieltyukov/workspace/personal/tt-ihp-int8-npu/src/npu_core.sv:396$1183'.
Removing empty process `$paramod$bc7e84ef2ddd700811955d09eb86c2d4b7d337b5\npu_core.$proc$/home/danieltyukov/workspace/personal/tt-ihp-int8-npu/src/npu_core.sv:396$1183'.
Found and cleaned up 2 empty switches in `$paramod$bc7e84ef2ddd700811955d09eb86c2d4b7d337b5\npu_core.$proc$/home/danieltyukov/workspace/personal/tt-ihp-int8-npu/src/npu_core.sv:396$1175'.
Removing empty process `$paramod$bc7e84ef2ddd700811955d09eb86c2d4b7d337b5\npu_core.$proc$/home/danieltyukov/workspace/personal/tt-ihp-int8-npu/src/npu_core.sv:396$1175'.
Found and cleaned up 2 empty switches in `$paramod$bc7e84ef2ddd700811955d09eb86c2d4b7d337b5\npu_core.$proc$/home/danieltyukov/workspace/personal/tt-ihp-int8-npu/src/npu_core.sv:396$1167'.
Removing empty process `$paramod$bc7e84ef2ddd700811955d09eb86c2d4b7d337b5\npu_core.$proc$/home/danieltyukov/workspace/personal/tt-ihp-int8-npu/src/npu_core.sv:396$1167'.
Found and cleaned up 2 empty switches in `$paramod$bc7e84ef2ddd700811955d09eb86c2d4b7d337b5\npu_core.$proc$/home/danieltyukov/workspace/personal/tt-ihp-int8-npu/src/npu_core.sv:330$1158'.
Removing empty process `$paramod$bc7e84ef2ddd700811955d09eb86c2d4b7d337b5\npu_core.$proc$/home/danieltyukov/workspace/personal/tt-ihp-int8-npu/src/npu_core.sv:330$1158'.
Found and cleaned up 2 empty switches in `$paramod$bc7e84ef2ddd700811955d09eb86c2d4b7d337b5\npu_core.$proc$/home/danieltyukov/workspace/personal/tt-ihp-int8-npu/src/npu_core.sv:330$1152'.
Removing empty process `$paramod$bc7e84ef2ddd700811955d09eb86c2d4b7d337b5\npu_core.$proc$/home/danieltyukov/workspace/personal/tt-ihp-int8-npu/src/npu_core.sv:330$1152'.
Found and cleaned up 2 empty switches in `$paramod$bc7e84ef2ddd700811955d09eb86c2d4b7d337b5\npu_core.$proc$/home/danieltyukov/workspace/personal/tt-ihp-int8-npu/src/npu_core.sv:330$1146'.
Removing empty process `$paramod$bc7e84ef2ddd700811955d09eb86c2d4b7d337b5\npu_core.$proc$/home/danieltyukov/workspace/personal/tt-ihp-int8-npu/src/npu_core.sv:330$1146'.
Found and cleaned up 2 empty switches in `$paramod$bc7e84ef2ddd700811955d09eb86c2d4b7d337b5\npu_core.$proc$/home/danieltyukov/workspace/personal/tt-ihp-int8-npu/src/npu_core.sv:330$1140'.
Removing empty process `$paramod$bc7e84ef2ddd700811955d09eb86c2d4b7d337b5\npu_core.$proc$/home/danieltyukov/workspace/personal/tt-ihp-int8-npu/src/npu_core.sv:330$1140'.
Found and cleaned up 2 empty switches in `$paramod$bc7e84ef2ddd700811955d09eb86c2d4b7d337b5\npu_core.$proc$/home/danieltyukov/workspace/personal/tt-ihp-int8-npu/src/npu_core.sv:330$1134'.
Removing empty process `$paramod$bc7e84ef2ddd700811955d09eb86c2d4b7d337b5\npu_core.$proc$/home/danieltyukov/workspace/personal/tt-ihp-int8-npu/src/npu_core.sv:330$1134'.
Found and cleaned up 2 empty switches in `$paramod$bc7e84ef2ddd700811955d09eb86c2d4b7d337b5\npu_core.$proc$/home/danieltyukov/workspace/personal/tt-ihp-int8-npu/src/npu_core.sv:330$1128'.
Removing empty process `$paramod$bc7e84ef2ddd700811955d09eb86c2d4b7d337b5\npu_core.$proc$/home/danieltyukov/workspace/personal/tt-ihp-int8-npu/src/npu_core.sv:330$1128'.
Found and cleaned up 2 empty switches in `$paramod$bc7e84ef2ddd700811955d09eb86c2d4b7d337b5\npu_core.$proc$/home/danieltyukov/workspace/personal/tt-ihp-int8-npu/src/npu_core.sv:330$1122'.
Removing empty process `$paramod$bc7e84ef2ddd700811955d09eb86c2d4b7d337b5\npu_core.$proc$/home/danieltyukov/workspace/personal/tt-ihp-int8-npu/src/npu_core.sv:330$1122'.
Found and cleaned up 2 empty switches in `$paramod$bc7e84ef2ddd700811955d09eb86c2d4b7d337b5\npu_core.$proc$/home/danieltyukov/workspace/personal/tt-ihp-int8-npu/src/npu_core.sv:330$1116'.
Removing empty process `$paramod$bc7e84ef2ddd700811955d09eb86c2d4b7d337b5\npu_core.$proc$/home/danieltyukov/workspace/personal/tt-ihp-int8-npu/src/npu_core.sv:330$1116'.
Found and cleaned up 2 empty switches in `$paramod$bc7e84ef2ddd700811955d09eb86c2d4b7d337b5\npu_core.$proc$/home/danieltyukov/workspace/personal/tt-ihp-int8-npu/src/npu_core.sv:330$1099'.
Removing empty process `$paramod$bc7e84ef2ddd700811955d09eb86c2d4b7d337b5\npu_core.$proc$/home/danieltyukov/workspace/personal/tt-ihp-int8-npu/src/npu_core.sv:330$1099'.
Found and cleaned up 2 empty switches in `$paramod$bc7e84ef2ddd700811955d09eb86c2d4b7d337b5\npu_core.$proc$/home/danieltyukov/workspace/personal/tt-ihp-int8-npu/src/npu_core.sv:330$1093'.
Removing empty process `$paramod$bc7e84ef2ddd700811955d09eb86c2d4b7d337b5\npu_core.$proc$/home/danieltyukov/workspace/personal/tt-ihp-int8-npu/src/npu_core.sv:330$1093'.
Found and cleaned up 2 empty switches in `$paramod$bc7e84ef2ddd700811955d09eb86c2d4b7d337b5\npu_core.$proc$/home/danieltyukov/workspace/personal/tt-ihp-int8-npu/src/npu_core.sv:330$1087'.
Removing empty process `$paramod$bc7e84ef2ddd700811955d09eb86c2d4b7d337b5\npu_core.$proc$/home/danieltyukov/workspace/personal/tt-ihp-int8-npu/src/npu_core.sv:330$1087'.
Found and cleaned up 2 empty switches in `$paramod$bc7e84ef2ddd700811955d09eb86c2d4b7d337b5\npu_core.$proc$/home/danieltyukov/workspace/personal/tt-ihp-int8-npu/src/npu_core.sv:330$1081'.
Removing empty process `$paramod$bc7e84ef2ddd700811955d09eb86c2d4b7d337b5\npu_core.$proc$/home/danieltyukov/workspace/personal/tt-ihp-int8-npu/src/npu_core.sv:330$1081'.
Found and cleaned up 2 empty switches in `$paramod$bc7e84ef2ddd700811955d09eb86c2d4b7d337b5\npu_core.$proc$/home/danieltyukov/workspace/personal/tt-ihp-int8-npu/src/npu_core.sv:330$1075'.
Removing empty process `$paramod$bc7e84ef2ddd700811955d09eb86c2d4b7d337b5\npu_core.$proc$/home/danieltyukov/workspace/personal/tt-ihp-int8-npu/src/npu_core.sv:330$1075'.
Found and cleaned up 2 empty switches in `$paramod$bc7e84ef2ddd700811955d09eb86c2d4b7d337b5\npu_core.$proc$/home/danieltyukov/workspace/personal/tt-ihp-int8-npu/src/npu_core.sv:330$1069'.
Removing empty process `$paramod$bc7e84ef2ddd700811955d09eb86c2d4b7d337b5\npu_core.$proc$/home/danieltyukov/workspace/personal/tt-ihp-int8-npu/src/npu_core.sv:330$1069'.
Found and cleaned up 2 empty switches in `$paramod$bc7e84ef2ddd700811955d09eb86c2d4b7d337b5\npu_core.$proc$/home/danieltyukov/workspace/personal/tt-ihp-int8-npu/src/npu_core.sv:330$1063'.
Removing empty process `$paramod$bc7e84ef2ddd700811955d09eb86c2d4b7d337b5\npu_core.$proc$/home/danieltyukov/workspace/personal/tt-ihp-int8-npu/src/npu_core.sv:330$1063'.
Found and cleaned up 2 empty switches in `$paramod$bc7e84ef2ddd700811955d09eb86c2d4b7d337b5\npu_core.$proc$/home/danieltyukov/workspace/personal/tt-ihp-int8-npu/src/npu_core.sv:330$1057'.
Removing empty process `$paramod$bc7e84ef2ddd700811955d09eb86c2d4b7d337b5\npu_core.$proc$/home/danieltyukov/workspace/personal/tt-ihp-int8-npu/src/npu_core.sv:330$1057'.
Found and cleaned up 1 empty switch in `$paramod$bc7e84ef2ddd700811955d09eb86c2d4b7d337b5\npu_core.$proc$/home/danieltyukov/workspace/personal/tt-ihp-int8-npu/src/npu_core.sv:0$1010'.
Removing empty process `$paramod$bc7e84ef2ddd700811955d09eb86c2d4b7d337b5\npu_core.$proc$/home/danieltyukov/workspace/personal/tt-ihp-int8-npu/src/npu_core.sv:0$1010'.
Found and cleaned up 1 empty switch in `$paramod$bc7e84ef2ddd700811955d09eb86c2d4b7d337b5\npu_core.$proc$/home/danieltyukov/workspace/personal/tt-ihp-int8-npu/src/npu_core.sv:0$1009'.
Removing empty process `$paramod$bc7e84ef2ddd700811955d09eb86c2d4b7d337b5\npu_core.$proc$/home/danieltyukov/workspace/personal/tt-ihp-int8-npu/src/npu_core.sv:0$1009'.
Found and cleaned up 12 empty switches in `$paramod$bc7e84ef2ddd700811955d09eb86c2d4b7d337b5\npu_core.$proc$/home/danieltyukov/workspace/personal/tt-ihp-int8-npu/src/npu_core.sv:415$993'.
Removing empty process `$paramod$bc7e84ef2ddd700811955d09eb86c2d4b7d337b5\npu_core.$proc$/home/danieltyukov/workspace/personal/tt-ihp-int8-npu/src/npu_core.sv:415$993'.
Found and cleaned up 2 empty switches in `$paramod$bc7e84ef2ddd700811955d09eb86c2d4b7d337b5\npu_core.$proc$/home/danieltyukov/workspace/personal/tt-ihp-int8-npu/src/npu_core.sv:263$971'.
Removing empty process `$paramod$bc7e84ef2ddd700811955d09eb86c2d4b7d337b5\npu_core.$proc$/home/danieltyukov/workspace/personal/tt-ihp-int8-npu/src/npu_core.sv:263$971'.
Found and cleaned up 6 empty switches in `$paramod$bc7e84ef2ddd700811955d09eb86c2d4b7d337b5\npu_core.$proc$/home/danieltyukov/workspace/personal/tt-ihp-int8-npu/src/npu_core.sv:173$966'.
Removing empty process `$paramod$bc7e84ef2ddd700811955d09eb86c2d4b7d337b5\npu_core.$proc$/home/danieltyukov/workspace/personal/tt-ihp-int8-npu/src/npu_core.sv:173$966'.
Cleaned up 105 empty switches.

16.2.12. Executing OPT_EXPR pass (perform const folding).
Optimizing module $paramod$29b69393125ca7ee80b32022bd2decdec691949f\npu_adder.
<suppressed ~1 debug messages>
Optimizing module $paramod$27a8bd94657cc90e38f275422f31847ddfd4487e\npu_csa_reduce.
Optimizing module $paramod$17604f602797e3202e357decf915a5bc29aa0ca3\npu_csa_reduce.
Optimizing module $paramod$67e98feaf73b54d35f9441170982b8d89b9a2316\npu_mult.
<suppressed ~1 debug messages>
Optimizing module $paramod$7a1ce7bd2ba49cdd1d447cb539520de644261bfe\npu_adder.
<suppressed ~1 debug messages>
Optimizing module $paramod$d6b5d1bf2e6bdb39badfbf84bacf8d2f67ad228c\npu_pe.
<suppressed ~1 debug messages>
Optimizing module tt_um_danieltyukov_int8_npu.
<suppressed ~1 debug messages>
Optimizing module $paramod$00e50bd1d9329584e2110eb397cc8a22011310c9\npu_adder.
<suppressed ~1 debug messages>
Optimizing module $paramod$34ddfcbca4b671933f923aa32a7a4070c9d4febc\npu_host_if.
<suppressed ~5 debug messages>
Optimizing module $paramod$c0469fa5d1129ac5fdd05af07f71a3d5eb6ec8d3\npu_array.
<suppressed ~1 debug messages>
Optimizing module $paramod$9762f17314fc00bcc8483d811536c717be533d3b\npu_requant.
<suppressed ~12 debug messages>
Optimizing module $paramod$2d6c54a146b5c9bc63af6521ae2fae94a8696de1\npu_adder.
<suppressed ~1 debug messages>
Optimizing module $paramod$bc7e84ef2ddd700811955d09eb86c2d4b7d337b5\npu_core.
<suppressed ~36 debug messages>
Optimizing module $paramod$c023b5faa9c785d07331b76839e06bd1ab774764\npu_csa_reduce.
Optimizing module $paramod$1ed99f1253f88f2664ca886b8b7f7f8ea7f768dd\npu_pp_baugh_wooley.
Optimizing module $paramod$2b1d745c338a0a6e50bcd9a4dc82bdf12badc2b0\npu_csa_reduce.
Optimizing module $paramod$1eb2e9d021a26f5457ad6970e0ac2d330aaa366a\npu_csa_reduce.
Optimizing module npu_activation.

16.3. Executing FLATTEN pass (flatten design).
Deleting now unused module $paramod$29b69393125ca7ee80b32022bd2decdec691949f\npu_adder.
Deleting now unused module $paramod$27a8bd94657cc90e38f275422f31847ddfd4487e\npu_csa_reduce.
Deleting now unused module $paramod$17604f602797e3202e357decf915a5bc29aa0ca3\npu_csa_reduce.
Deleting now unused module $paramod$67e98feaf73b54d35f9441170982b8d89b9a2316\npu_mult.
Deleting now unused module $paramod$7a1ce7bd2ba49cdd1d447cb539520de644261bfe\npu_adder.
Deleting now unused module $paramod$d6b5d1bf2e6bdb39badfbf84bacf8d2f67ad228c\npu_pe.
Deleting now unused module $paramod$00e50bd1d9329584e2110eb397cc8a22011310c9\npu_adder.
Deleting now unused module $paramod$34ddfcbca4b671933f923aa32a7a4070c9d4febc\npu_host_if.
Deleting now unused module $paramod$c0469fa5d1129ac5fdd05af07f71a3d5eb6ec8d3\npu_array.
Deleting now unused module $paramod$9762f17314fc00bcc8483d811536c717be533d3b\npu_requant.
Deleting now unused module $paramod$2d6c54a146b5c9bc63af6521ae2fae94a8696de1\npu_adder.
Deleting now unused module $paramod$bc7e84ef2ddd700811955d09eb86c2d4b7d337b5\npu_core.
Deleting now unused module $paramod$c023b5faa9c785d07331b76839e06bd1ab774764\npu_csa_reduce.
Deleting now unused module $paramod$1ed99f1253f88f2664ca886b8b7f7f8ea7f768dd\npu_pp_baugh_wooley.
Deleting now unused module $paramod$2b1d745c338a0a6e50bcd9a4dc82bdf12badc2b0\npu_csa_reduce.
Deleting now unused module $paramod$1eb2e9d021a26f5457ad6970e0ac2d330aaa366a\npu_csa_reduce.
Deleting now unused module npu_activation.
<suppressed ~21 debug messages>

16.4. Executing OPT_EXPR pass (perform const folding).
Optimizing module tt_um_danieltyukov_int8_npu.
<suppressed ~227 debug messages>

16.5. Executing OPT_CLEAN pass (remove unused cells and wires).
Finding unused cells or wires in module \tt_um_danieltyukov_int8_npu..
Removed 403 unused cells and 1800 unused wires.
<suppressed ~436 debug messages>

16.6. Executing CHECK pass (checking for obvious problems).
Checking module tt_um_danieltyukov_int8_npu...
Found and reported 0 problems.

16.7. Executing OPT pass (performing simple optimizations).

16.7.1. Executing OPT_EXPR pass (perform const folding).
Optimizing module tt_um_danieltyukov_int8_npu.

16.7.2. Executing OPT_MERGE pass (detect identical cells).
Finding identical cells in module `\tt_um_danieltyukov_int8_npu'.
<suppressed ~462 debug messages>
Removed a total of 154 cells.

16.7.3. Executing OPT_MUXTREE pass (detect dead branches in mux trees).
Running muxtree optimizer on module \tt_um_danieltyukov_int8_npu..
  Creating internal representation of mux trees.
  Evaluating internal representation of mux trees.
  Analyzing evaluation results.
Removed 0 multiplexer ports.
<suppressed ~112 debug messages>

16.7.4. Executing OPT_REDUCE pass (consolidate $*mux and $reduce_* inputs).
  Optimizing cells in module \tt_um_danieltyukov_int8_npu.
    New ctrl vector for $pmux cell $flatten\u_core.$procmux$2730: { $flatten\u_core.$procmux$2735_CMP $auto$opt_reduce.cc:134:opt_pmux$2976 }
    New ctrl vector for $pmux cell $flatten\u_core.$procmux$2837: $auto$opt_reduce.cc:134:opt_pmux$2978
    New ctrl vector for $pmux cell $flatten\u_core.$procmux$2844: $auto$opt_reduce.cc:134:opt_pmux$2980
    New ctrl vector for $pmux cell $flatten\u_core.\u_host.$procmux$2046: { $flatten\u_core.\u_host.$procmux$2051_CMP $auto$opt_reduce.cc:134:opt_pmux$2986 $auto$opt_reduce.cc:134:opt_pmux$2984 $auto$opt_reduce.cc:134:opt_pmux$2982 }
    New ctrl vector for $pmux cell $flatten\u_core.\u_host.$procmux$2089: { $flatten\u_core.\u_host.$procmux$2051_CMP $auto$opt_reduce.cc:134:opt_pmux$2992 $auto$opt_reduce.cc:134:opt_pmux$2990 $auto$opt_reduce.cc:134:opt_pmux$2988 }
    New ctrl vector for $pmux cell $flatten\u_core.\u_requant.$procmux$2425: $auto$opt_reduce.cc:134:opt_pmux$2994
    New ctrl vector for $pmux cell $flatten\u_core.\u_requant.$procmux$2474: $auto$opt_reduce.cc:134:opt_pmux$2996
    New ctrl vector for $pmux cell $flatten\u_core.\u_requant.$procmux$2479: $auto$opt_reduce.cc:134:opt_pmux$2998
  Optimizing cells in module \tt_um_danieltyukov_int8_npu.
Performed a total of 8 changes.

16.7.5. Executing OPT_MERGE pass (detect identical cells).
Finding identical cells in module `\tt_um_danieltyukov_int8_npu'.
<suppressed ~21 debug messages>
Removed a total of 7 cells.

16.7.6. Executing OPT_DFF pass (perform DFF optimizations).

16.7.7. Executing OPT_CLEAN pass (remove unused cells and wires).
Finding unused cells or wires in module \tt_um_danieltyukov_int8_npu..
Removed 0 unused cells and 162 unused wires.
<suppressed ~3 debug messages>

16.7.8. Executing OPT_EXPR pass (perform const folding).
Optimizing module tt_um_danieltyukov_int8_npu.

16.7.9. Rerunning OPT passes. (Maybe there is more to do..)

16.7.10. Executing OPT_MUXTREE pass (detect dead branches in mux trees).
Running muxtree optimizer on module \tt_um_danieltyukov_int8_npu..
  Creating internal representation of mux trees.
  Evaluating internal representation of mux trees.
  Analyzing evaluation results.
Removed 0 multiplexer ports.
<suppressed ~113 debug messages>

16.7.11. Executing OPT_REDUCE pass (consolidate $*mux and $reduce_* inputs).
  Optimizing cells in module \tt_um_danieltyukov_int8_npu.
Performed a total of 0 changes.

16.7.12. Executing OPT_MERGE pass (detect identical cells).
Finding identical cells in module `\tt_um_danieltyukov_int8_npu'.
Removed a total of 0 cells.

16.7.13. Executing OPT_DFF pass (perform DFF optimizations).

16.7.14. Executing OPT_CLEAN pass (remove unused cells and wires).
Finding unused cells or wires in module \tt_um_danieltyukov_int8_npu..

16.7.15. Executing OPT_EXPR pass (perform const folding).
Optimizing module tt_um_danieltyukov_int8_npu.

16.7.16. Finished OPT passes. (There is nothing left to do.)

16.8. Executing FSM pass (extract and optimize FSM).

16.8.1. Executing FSM_DETECT pass (finding FSMs in design).
Not marking tt_um_danieltyukov_int8_npu.u_core.state as FSM state register:
    Users of register don't seem to benefit from recoding.
Not marking tt_um_danieltyukov_int8_npu.u_core.u_host.err_code as FSM state register:
    Users of register don't seem to benefit from recoding.
Not marking tt_um_danieltyukov_int8_npu.u_core.u_requant.state as FSM state register:
    Users of register don't seem to benefit from recoding.
    Circuit seems to be self-resetting.

16.8.2. Executing FSM_EXTRACT pass (extracting FSM from design).

16.8.3. Executing FSM_OPT pass (simple optimizations of FSMs).

16.8.4. Executing OPT_CLEAN pass (remove unused cells and wires).
Finding unused cells or wires in module \tt_um_danieltyukov_int8_npu..

16.8.5. Executing FSM_OPT pass (simple optimizations of FSMs).

16.8.6. Executing FSM_RECODE pass (re-assigning FSM state encoding).

16.8.7. Executing FSM_INFO pass (dumping all available information on FSM cells).

16.8.8. Executing FSM_MAP pass (mapping FSMs to basic logic).

16.9. Executing OPT pass (performing simple optimizations).

16.9.1. Executing OPT_EXPR pass (perform const folding).
Optimizing module tt_um_danieltyukov_int8_npu.

16.9.2. Executing OPT_MERGE pass (detect identical cells).
Finding identical cells in module `\tt_um_danieltyukov_int8_npu'.
Removed a total of 0 cells.

16.9.3. Executing OPT_MUXTREE pass (detect dead branches in mux trees).
Running muxtree optimizer on module \tt_um_danieltyukov_int8_npu..
  Creating internal representation of mux trees.
  Evaluating internal representation of mux trees.
  Analyzing evaluation results.
Removed 0 multiplexer ports.
<suppressed ~113 debug messages>

16.9.4. Executing OPT_REDUCE pass (consolidate $*mux and $reduce_* inputs).
  Optimizing cells in module \tt_um_danieltyukov_int8_npu.
Performed a total of 0 changes.

16.9.5. Executing OPT_MERGE pass (detect identical cells).
Finding identical cells in module `\tt_um_danieltyukov_int8_npu'.
Removed a total of 0 cells.

16.9.6. Executing OPT_DFF pass (perform DFF optimizations).
Adding EN signal on $flatten\u_core.\u_requant.$procdff$2910 ($adff) from module tt_um_danieltyukov_int8_npu (D = $flatten\u_core.\u_requant.$0\sbit[0:0], Q = \u_core.u_requant.sbit).
Adding EN signal on $flatten\u_core.\u_requant.$procdff$2909 ($adff) from module tt_um_danieltyukov_int8_npu (D = $flatten\u_core.\u_requant.$0\rbit[0:0], Q = \u_core.u_requant.rbit).
Adding EN signal on $flatten\u_core.\u_requant.$procdff$2908 ($adff) from module tt_um_danieltyukov_int8_npu (D = $flatten\u_core.\u_requant.$0\shcnt[5:0], Q = \u_core.u_requant.shcnt).
Adding EN signal on $flatten\u_core.\u_requant.$procdff$2907 ($adff) from module tt_um_danieltyukov_int8_npu (D = $flatten\u_core.\u_requant.$0\digcnt[3:0], Q = \u_core.u_requant.digcnt).
Adding EN signal on $flatten\u_core.\u_requant.$procdff$2906 ($adff) from module tt_um_danieltyukov_int8_npu (D = $flatten\u_core.\u_requant.$0\pr[44:0] [44], Q = \u_core.u_requant.pr [44]).
Adding EN signal on $flatten\u_core.\u_requant.$procdff$2906 ($adff) from module tt_um_danieltyukov_int8_npu (D = $flatten\u_core.\u_requant.$0\pr[44:0] [43:0], Q = \u_core.u_requant.pr [43:0]).
Adding EN signal on $flatten\u_core.\u_requant.$procdff$2905 ($adff) from module tt_um_danieltyukov_int8_npu (D = $flatten\u_core.\u_requant.$or$/home/danieltyukov/workspace/personal/tt-ihp-int8-npu/src/npu_requant.sv:191$1509_Y, Q = \u_core.u_requant.sat_out).
Adding EN signal on $flatten\u_core.\u_requant.$procdff$2904 ($adff) from module tt_um_danieltyukov_int8_npu (D = \u_core.u_requant.y_clamp, Q = \u_core.u_requant.q_out).
Adding EN signal on $flatten\u_core.\u_requant.$procdff$2903 ($adff) from module tt_um_danieltyukov_int8_npu (D = $flatten\u_core.\u_requant.$0\state[1:0], Q = \u_core.u_requant.state).
Adding EN signal on $flatten\u_core.\u_host.$procdff$2895 ($adff) from module tt_um_danieltyukov_int8_npu (D = $flatten\u_core.\u_host.$procmux$2318_Y, Q = \u_core.u_host.pcount).
Adding EN signal on $flatten\u_core.\u_host.$procdff$2894 ($adff) from module tt_um_danieltyukov_int8_npu (D = $flatten\u_core.\u_host.$procmux$2325_Y, Q = \u_core.u_host.op).
Adding EN signal on $flatten\u_core.\u_host.$procdff$2893 ($adff) from module tt_um_danieltyukov_int8_npu (D = $flatten\u_core.\u_host.$0\err_code[1:0], Q = \u_core.u_host.err_code).
Adding EN signal on $flatten\u_core.\u_host.$procdff$2892 ($adff) from module tt_um_danieltyukov_int8_npu (D = \ui_in [1], Q = \u_core.u_host.run_req).
Adding EN signal on $flatten\u_core.\u_host.$procdff$2891 ($adff) from module tt_um_danieltyukov_int8_npu (D = \ui_in [0], Q = \u_core.u_host.run_acc).
Adding EN signal on $flatten\u_core.\u_host.$procdff$2889 ($adff) from module tt_um_danieltyukov_int8_npu (D = \ui_in, Q = \u_core.u_host.byte_out).
Adding EN signal on $flatten\u_core.\u_host.$procdff$2887 ($adff) from module tt_um_danieltyukov_int8_npu (D = $flatten\u_core.\u_host.$procmux$2398_Y, Q = \u_core.u_host.rd_ptr).
Adding EN signal on $flatten\u_core.\u_host.$procdff$2886 ($adff) from module tt_um_danieltyukov_int8_npu (D = $flatten\u_core.\u_host.$procmux$2404_Y, Q = \u_core.u_host.rd_src).
Adding EN signal on $flatten\u_core.\u_host.$procdff$2883 ($adff) from module tt_um_danieltyukov_int8_npu (D = \u_core.u_host.pcount [1:0], Q = \u_core.u_host.post_idx).
Adding EN signal on $flatten\u_core.\u_array.\g_row[1].g_col[1].u_pe.$procdff$2874 ($adff) from module tt_um_danieltyukov_int8_npu (D = \u_core.u_host.byte_out, Q = \u_core.u_array.g_row[1].g_col[1].u_pe.w_reg).
Adding EN signal on $flatten\u_core.\u_array.\g_row[1].g_col[0].u_pe.$procdff$2874 ($adff) from module tt_um_danieltyukov_int8_npu (D = \u_core.u_array.g_row[1].g_col[1].u_pe.w_reg, Q = \u_core.u_array.g_row[1].g_col[0].u_pe.w_reg).
Adding EN signal on $flatten\u_core.\u_array.\g_row[0].g_col[1].u_pe.$procdff$2874 ($adff) from module tt_um_danieltyukov_int8_npu (D = \u_core.u_array.g_row[1].g_col[0].u_pe.w_reg, Q = \u_core.u_array.g_row[0].g_col[1].u_pe.w_reg).
Adding EN signal on $flatten\u_core.\u_array.\g_row[0].g_col[0].u_pe.$procdff$2874 ($adff) from module tt_um_danieltyukov_int8_npu (D = \u_core.u_array.g_row[0].g_col[1].u_pe.w_reg, Q = \u_core.u_array.g_row[0].g_col[0].u_pe.w_reg).
Adding EN signal on $flatten\u_core.$procdff$2966 ($adff) from module tt_um_danieltyukov_int8_npu (D = \u_core.u_host.byte_out [2:0], Q = \u_core.s_cnt_m1).
Adding EN signal on $flatten\u_core.$procdff$2965 ($adff) from module tt_um_danieltyukov_int8_npu (D = \u_core.u_host.byte_out [4:2], Q = \u_core.leaky_k_reg).
Adding EN signal on $flatten\u_core.$procdff$2964 ($adff) from module tt_um_danieltyukov_int8_npu (D = \u_core.u_host.byte_out [1:0], Q = \u_core.act_sel_reg).
Adding EN signal on $flatten\u_core.$procdff$2963 ($adff) from module tt_um_danieltyukov_int8_npu (D = \u_core.u_host.byte_out, Q = \u_core.clamp_hi_reg).
Adding EN signal on $flatten\u_core.$procdff$2962 ($adff) from module tt_um_danieltyukov_int8_npu (D = \u_core.u_host.byte_out, Q = \u_core.clamp_lo_reg).
Adding EN signal on $flatten\u_core.$procdff$2961 ($adff) from module tt_um_danieltyukov_int8_npu (D = \u_core.u_host.byte_out, Q = \u_core.zp_reg).
Adding EN signal on $flatten\u_core.$procdff$2960 ($adff) from module tt_um_danieltyukov_int8_npu (D = { \u_core.u_host.byte_out \u_core.quant_buf [47:8] }, Q = \u_core.quant_buf).
Adding EN signal on $flatten\u_core.$procdff$2959 ($adff) from module tt_um_danieltyukov_int8_npu (D = { \u_core.u_host.byte_out \u_core.bias_buf [47:8] }, Q = \u_core.bias_buf).
Adding EN signal on $flatten\u_core.$procdff$2958 ($adff) from module tt_um_danieltyukov_int8_npu (D = { \u_core.u_host.byte_out \u_core.act_buf [127:8] }, Q = \u_core.act_buf).
Adding EN signal on $flatten\u_core.$procdff$2957 ($adff) from module tt_um_danieltyukov_int8_npu (D = $flatten\u_core.$0\inj_idx[2:0], Q = \u_core.inj_idx).
Adding EN signal on $flatten\u_core.$procdff$2954 ($adff) from module tt_um_danieltyukov_int8_npu (D = $flatten\u_core.$0\err_code_reg[1:0], Q = \u_core.err_code_reg).
Adding EN signal on $flatten\u_core.$procdff$2951 ($adff) from module tt_um_danieltyukov_int8_npu (D = $flatten\u_core.$0\err_reg[0:0], Q = \u_core.err_reg).
Adding EN signal on $flatten\u_core.$procdff$2948 ($adff) from module tt_um_danieltyukov_int8_npu (D = $flatten\u_core.$0\req_c[0:0], Q = \u_core.req_c).
Adding EN signal on $flatten\u_core.$procdff$2947 ($adff) from module tt_um_danieltyukov_int8_npu (D = $flatten\u_core.$0\req_s[2:0], Q = \u_core.req_s).
Adding EN signal on $flatten\u_core.$procdff$2946 ($adff) from module tt_um_danieltyukov_int8_npu (D = \u_core.u_host.run_req, Q = \u_core.do_req).
Adding EN signal on $flatten\u_core.$procdff$2945 ($adff) from module tt_um_danieltyukov_int8_npu (D = $flatten\u_core.$logic_not$/home/danieltyukov/workspace/personal/tt-ihp-int8-npu/src/npu_core.sv:461$995_Y, Q = \u_core.acc_first).
Adding EN signal on $flatten\u_core.$procdff$2944 ($adff) from module tt_um_danieltyukov_int8_npu (D = $flatten\u_core.$0\cyc[3:0], Q = \u_core.cyc).
Adding EN signal on $flatten\u_core.$procdff$2943 ($adff) from module tt_um_danieltyukov_int8_npu (D = $flatten\u_core.$0\state[1:0], Q = \u_core.state).
Adding EN signal on $flatten\u_core.$procdff$2942 ($adff) from module tt_um_danieltyukov_int8_npu (D = $flatten\u_core.$0\g_bank[0].g_ent[0].q[23:0], Q = \u_core.g_bank[0].g_ent[0].q).
Adding EN signal on $flatten\u_core.$procdff$2941 ($adff) from module tt_um_danieltyukov_int8_npu (D = $flatten\u_core.$0\g_bank[0].g_ent[1].q[23:0], Q = \u_core.g_bank[0].g_ent[1].q).
Adding EN signal on $flatten\u_core.$procdff$2940 ($adff) from module tt_um_danieltyukov_int8_npu (D = $flatten\u_core.$0\g_bank[0].g_ent[2].q[23:0], Q = \u_core.g_bank[0].g_ent[2].q).
Adding EN signal on $flatten\u_core.$procdff$2939 ($adff) from module tt_um_danieltyukov_int8_npu (D = $flatten\u_core.$0\g_bank[0].g_ent[3].q[23:0], Q = \u_core.g_bank[0].g_ent[3].q).
Adding EN signal on $flatten\u_core.$procdff$2938 ($adff) from module tt_um_danieltyukov_int8_npu (D = $flatten\u_core.$0\g_bank[0].g_ent[4].q[23:0], Q = \u_core.g_bank[0].g_ent[4].q).
Adding EN signal on $flatten\u_core.$procdff$2937 ($adff) from module tt_um_danieltyukov_int8_npu (D = $flatten\u_core.$0\g_bank[0].g_ent[5].q[23:0], Q = \u_core.g_bank[0].g_ent[5].q).
Adding EN signal on $flatten\u_core.$procdff$2936 ($adff) from module tt_um_danieltyukov_int8_npu (D = $flatten\u_core.$0\g_bank[0].g_ent[6].q[23:0], Q = \u_core.g_bank[0].g_ent[6].q).
Adding EN signal on $flatten\u_core.$procdff$2935 ($adff) from module tt_um_danieltyukov_int8_npu (D = $flatten\u_core.$0\g_bank[0].g_ent[7].q[23:0], Q = \u_core.g_bank[0].g_ent[7].q).
Adding EN signal on $flatten\u_core.$procdff$2934 ($adff) from module tt_um_danieltyukov_int8_npu (D = $flatten\u_core.$0\g_bank[1].g_ent[0].q[23:0], Q = \u_core.g_bank[1].g_ent[0].q).
Adding EN signal on $flatten\u_core.$procdff$2933 ($adff) from module tt_um_danieltyukov_int8_npu (D = $flatten\u_core.$0\g_bank[1].g_ent[1].q[23:0], Q = \u_core.g_bank[1].g_ent[1].q).
Adding EN signal on $flatten\u_core.$procdff$2932 ($adff) from module tt_um_danieltyukov_int8_npu (D = $flatten\u_core.$0\g_bank[1].g_ent[2].q[23:0], Q = \u_core.g_bank[1].g_ent[2].q).
Adding EN signal on $flatten\u_core.$procdff$2931 ($adff) from module tt_um_danieltyukov_int8_npu (D = $flatten\u_core.$0\g_bank[1].g_ent[3].q[23:0], Q = \u_core.g_bank[1].g_ent[3].q).
Adding EN signal on $flatten\u_core.$procdff$2930 ($adff) from module tt_um_danieltyukov_int8_npu (D = $flatten\u_core.$0\g_bank[1].g_ent[4].q[23:0], Q = \u_core.g_bank[1].g_ent[4].q).
Adding EN signal on $flatten\u_core.$procdff$2929 ($adff) from module tt_um_danieltyukov_int8_npu (D = $flatten\u_core.$0\g_bank[1].g_ent[5].q[23:0], Q = \u_core.g_bank[1].g_ent[5].q).
Adding EN signal on $flatten\u_core.$procdff$2928 ($adff) from module tt_um_danieltyukov_int8_npu (D = $flatten\u_core.$0\g_bank[1].g_ent[6].q[23:0], Q = \u_core.g_bank[1].g_ent[6].q).
Adding EN signal on $flatten\u_core.$procdff$2927 ($adff) from module tt_um_danieltyukov_int8_npu (D = $flatten\u_core.$0\g_bank[1].g_ent[7].q[23:0], Q = \u_core.g_bank[1].g_ent[7].q).
Adding EN signal on $flatten\u_core.$procdff$2926 ($adff) from module tt_um_danieltyukov_int8_npu (D = $flatten\u_core.$0\g_res[0].q[7:0], Q = \u_core.g_res[0].q).
Adding EN signal on $flatten\u_core.$procdff$2925 ($adff) from module tt_um_danieltyukov_int8_npu (D = $flatten\u_core.$0\g_res[1].q[7:0], Q = \u_core.g_res[1].q).
Adding EN signal on $flatten\u_core.$procdff$2924 ($adff) from module tt_um_danieltyukov_int8_npu (D = $flatten\u_core.$0\g_res[2].q[7:0], Q = \u_core.g_res[2].q).
Adding EN signal on $flatten\u_core.$procdff$2923 ($adff) from module tt_um_danieltyukov_int8_npu (D = $flatten\u_core.$0\g_res[3].q[7:0], Q = \u_core.g_res[3].q).
Adding EN signal on $flatten\u_core.$procdff$2922 ($adff) from module tt_um_danieltyukov_int8_npu (D = $flatten\u_core.$0\g_res[4].q[7:0], Q = \u_core.g_res[4].q).
Adding EN signal on $flatten\u_core.$procdff$2921 ($adff) from module tt_um_danieltyukov_int8_npu (D = $flatten\u_core.$0\g_res[5].q[7:0], Q = \u_core.g_res[5].q).
Adding EN signal on $flatten\u_core.$procdff$2920 ($adff) from module tt_um_danieltyukov_int8_npu (D = $flatten\u_core.$0\g_res[6].q[7:0], Q = \u_core.g_res[6].q).
Adding EN signal on $flatten\u_core.$procdff$2919 ($adff) from module tt_um_danieltyukov_int8_npu (D = $flatten\u_core.$0\g_res[7].q[7:0], Q = \u_core.g_res[7].q).
Adding EN signal on $flatten\u_core.$procdff$2918 ($adff) from module tt_um_danieltyukov_int8_npu (D = $flatten\u_core.$0\g_res[8].q[7:0], Q = \u_core.g_res[8].q).
Adding EN signal on $flatten\u_core.$procdff$2917 ($adff) from module tt_um_danieltyukov_int8_npu (D = $flatten\u_core.$0\g_res[9].q[7:0], Q = \u_core.g_res[9].q).
Adding EN signal on $flatten\u_core.$procdff$2916 ($adff) from module tt_um_danieltyukov_int8_npu (D = $flatten\u_core.$0\g_res[10].q[7:0], Q = \u_core.g_res[10].q).
Adding EN signal on $flatten\u_core.$procdff$2915 ($adff) from module tt_um_danieltyukov_int8_npu (D = $flatten\u_core.$0\g_res[11].q[7:0], Q = \u_core.g_res[11].q).
Adding EN signal on $flatten\u_core.$procdff$2914 ($adff) from module tt_um_danieltyukov_int8_npu (D = $flatten\u_core.$0\g_res[12].q[7:0], Q = \u_core.g_res[12].q).
Adding EN signal on $flatten\u_core.$procdff$2913 ($adff) from module tt_um_danieltyukov_int8_npu (D = $flatten\u_core.$0\g_res[13].q[7:0], Q = \u_core.g_res[13].q).
Adding EN signal on $flatten\u_core.$procdff$2912 ($adff) from module tt_um_danieltyukov_int8_npu (D = $flatten\u_core.$0\g_res[14].q[7:0], Q = \u_core.g_res[14].q).
Adding EN signal on $flatten\u_core.$procdff$2911 ($adff) from module tt_um_danieltyukov_int8_npu (D = $flatten\u_core.$0\g_res[15].q[7:0], Q = \u_core.g_res[15].q).

16.9.7. Executing OPT_CLEAN pass (remove unused cells and wires).
Finding unused cells or wires in module \tt_um_danieltyukov_int8_npu..
Removed 46 unused cells and 46 unused wires.
<suppressed ~47 debug messages>

16.9.8. Executing OPT_EXPR pass (perform const folding).
Optimizing module tt_um_danieltyukov_int8_npu.
<suppressed ~48 debug messages>

16.9.9. Rerunning OPT passes. (Maybe there is more to do..)

16.9.10. Executing OPT_MUXTREE pass (detect dead branches in mux trees).
Running muxtree optimizer on module \tt_um_danieltyukov_int8_npu..
  Creating internal representation of mux trees.
  Evaluating internal representation of mux trees.
  Analyzing evaluation results.
Removed 0 multiplexer ports.
<suppressed ~93 debug messages>

16.9.11. Executing OPT_REDUCE pass (consolidate $*mux and $reduce_* inputs).
  Optimizing cells in module \tt_um_danieltyukov_int8_npu.
Performed a total of 0 changes.

16.9.12. Executing OPT_MERGE pass (detect identical cells).
Finding identical cells in module `\tt_um_danieltyukov_int8_npu'.
<suppressed ~111 debug messages>
Removed a total of 37 cells.

16.9.13. Executing OPT_DFF pass (perform DFF optimizations).

16.9.14. Executing OPT_CLEAN pass (remove unused cells and wires).
Finding unused cells or wires in module \tt_um_danieltyukov_int8_npu..
Removed 0 unused cells and 37 unused wires.
<suppressed ~1 debug messages>

16.9.15. Executing OPT_EXPR pass (perform const folding).
Optimizing module tt_um_danieltyukov_int8_npu.

16.9.16. Rerunning OPT passes. (Maybe there is more to do..)

16.9.17. Executing OPT_MUXTREE pass (detect dead branches in mux trees).
Running muxtree optimizer on module \tt_um_danieltyukov_int8_npu..
  Creating internal representation of mux trees.
  Evaluating internal representation of mux trees.
  Analyzing evaluation results.
Removed 0 multiplexer ports.
<suppressed ~94 debug messages>

16.9.18. Executing OPT_REDUCE pass (consolidate $*mux and $reduce_* inputs).
  Optimizing cells in module \tt_um_danieltyukov_int8_npu.
Performed a total of 0 changes.

16.9.19. Executing OPT_MERGE pass (detect identical cells).
Finding identical cells in module `\tt_um_danieltyukov_int8_npu'.
Removed a total of 0 cells.

16.9.20. Executing OPT_DFF pass (perform DFF optimizations).

16.9.21. Executing OPT_CLEAN pass (remove unused cells and wires).
Finding unused cells or wires in module \tt_um_danieltyukov_int8_npu..

16.9.22. Executing OPT_EXPR pass (perform const folding).
Optimizing module tt_um_danieltyukov_int8_npu.

16.9.23. Finished OPT passes. (There is nothing left to do.)

16.10. Executing WREDUCE pass (reducing word size of cells).
Removed top 28 address bits (of 32) from memory init port tt_um_danieltyukov_int8_npu.$flatten\u_core.\u_host.$auto$mem.cc:319:emit$2041 ($flatten\u_core.\u_host.$auto$proc_rom.cc:150:do_switch$2039).
Removed top 1 bits (of 3) from port B of cell tt_um_danieltyukov_int8_npu.$auto$opt_dff.cc:195:make_patterns_logic$3173 ($ne).
Removed top 1 bits (of 4) from port B of cell tt_um_danieltyukov_int8_npu.$auto$opt_dff.cc:195:make_patterns_logic$3175 ($ne).
Removed top 2 bits (of 5) from port B of cell tt_um_danieltyukov_int8_npu.$auto$opt_dff.cc:195:make_patterns_logic$3182 ($ne).
Removed top 2 bits (of 4) from port B of cell tt_um_danieltyukov_int8_npu.$auto$opt_dff.cc:195:make_patterns_logic$3104 ($ne).
Removed top 1 bits (of 4) from port B of cell tt_um_danieltyukov_int8_npu.$auto$opt_dff.cc:195:make_patterns_logic$3076 ($ne).
Removed top 1 bits (of 2) from port B of cell tt_um_danieltyukov_int8_npu.$auto$opt_dff.cc:195:make_patterns_logic$3108 ($ne).
Removed top 1 bits (of 25) from port Y of cell tt_um_danieltyukov_int8_npu.$flatten\u_core.\g_bank[1].u_acc_add.$and$/home/danieltyukov/workspace/personal/tt-ihp-int8-npu/src/npu_adder.sv:60$1291 ($and).
Removed top 1 bits (of 25) from port A of cell tt_um_danieltyukov_int8_npu.$flatten\u_core.\g_bank[1].u_acc_add.$and$/home/danieltyukov/workspace/personal/tt-ihp-int8-npu/src/npu_adder.sv:60$1291 ($and).
Removed top 1 bits (of 25) from port B of cell tt_um_danieltyukov_int8_npu.$flatten\u_core.\g_bank[1].u_acc_add.$and$/home/danieltyukov/workspace/personal/tt-ihp-int8-npu/src/npu_adder.sv:60$1291 ($and).
Removed top 1 bits (of 25) from port Y of cell tt_um_danieltyukov_int8_npu.$flatten\u_core.\g_bank[0].u_acc_add.$and$/home/danieltyukov/workspace/personal/tt-ihp-int8-npu/src/npu_adder.sv:60$1291 ($and).
Removed top 1 bits (of 25) from port A of cell tt_um_danieltyukov_int8_npu.$flatten\u_core.\g_bank[0].u_acc_add.$and$/home/danieltyukov/workspace/personal/tt-ihp-int8-npu/src/npu_adder.sv:60$1291 ($and).
Removed top 1 bits (of 25) from port B of cell tt_um_danieltyukov_int8_npu.$flatten\u_core.\g_bank[0].u_acc_add.$and$/home/danieltyukov/workspace/personal/tt-ihp-int8-npu/src/npu_adder.sv:60$1291 ($and).
Removed top 2 bits (of 10) from port B of cell tt_um_danieltyukov_int8_npu.$flatten\u_core.\u_act.$gt$/home/danieltyukov/workspace/personal/tt-ihp-int8-npu/src/npu_activation.sv:44$4 ($gt).
Removed top 2 bits (of 10) from port B of cell tt_um_danieltyukov_int8_npu.$flatten\u_core.\u_act.$lt$/home/danieltyukov/workspace/personal/tt-ihp-int8-npu/src/npu_activation.sv:45$5 ($lt).
Removed top 1 bits (of 2) from port B of cell tt_um_danieltyukov_int8_npu.$flatten\u_core.\u_act.$eq$/home/danieltyukov/workspace/personal/tt-ihp-int8-npu/src/npu_activation.sv:51$12 ($eq).
Removed top 18 bits (of 26) from port B of cell tt_um_danieltyukov_int8_npu.$flatten\u_core.\u_requant.$gt$/home/danieltyukov/workspace/personal/tt-ihp-int8-npu/src/npu_requant.sv:130$1488 ($gt).
Removed top 18 bits (of 26) from port B of cell tt_um_danieltyukov_int8_npu.$flatten\u_core.\u_requant.$lt$/home/danieltyukov/workspace/personal/tt-ihp-int8-npu/src/npu_requant.sv:131$1489 ($lt).
Removed top 1 bits (of 6) from port A of cell tt_um_danieltyukov_int8_npu.$flatten\u_core.\u_requant.$add$/home/danieltyukov/workspace/personal/tt-ihp-int8-npu/src/npu_requant.sv:157$1494 ($add).
Removed top 1 bits (of 6) from port B of cell tt_um_danieltyukov_int8_npu.$flatten\u_core.\u_requant.$add$/home/danieltyukov/workspace/personal/tt-ihp-int8-npu/src/npu_requant.sv:157$1494 ($add).
Removed top 3 bits (of 4) from port B of cell tt_um_danieltyukov_int8_npu.$flatten\u_core.\u_requant.$eq$/home/danieltyukov/workspace/personal/tt-ihp-int8-npu/src/npu_requant.sv:168$1496 ($eq).
Removed top 1 bits (of 2) from mux cell tt_um_danieltyukov_int8_npu.$flatten\u_core.\u_requant.$ternary$/home/danieltyukov/workspace/personal/tt-ihp-int8-npu/src/npu_requant.sv:168$1498 ($mux).
Removed top 3 bits (of 6) from port B of cell tt_um_danieltyukov_int8_npu.$flatten\u_core.\u_requant.$ge$/home/danieltyukov/workspace/personal/tt-ihp-int8-npu/src/npu_requant.sv:174$1499 ($ge).
Removed top 3 bits (of 6) from port B of cell tt_um_danieltyukov_int8_npu.$flatten\u_core.\u_requant.$sub$/home/danieltyukov/workspace/personal/tt-ihp-int8-npu/src/npu_requant.sv:178$1504 ($sub).
Removed top 3 bits (of 6) from port B of cell tt_um_danieltyukov_int8_npu.$flatten\u_core.\u_requant.$eq$/home/danieltyukov/workspace/personal/tt-ihp-int8-npu/src/npu_requant.sv:179$1505 ($eq).
Removed top 5 bits (of 6) from port B of cell tt_um_danieltyukov_int8_npu.$flatten\u_core.\u_requant.$sub$/home/danieltyukov/workspace/personal/tt-ihp-int8-npu/src/npu_requant.sv:184$1507 ($sub).
Removed top 5 bits (of 6) from port B of cell tt_um_danieltyukov_int8_npu.$flatten\u_core.\u_requant.$eq$/home/danieltyukov/workspace/personal/tt-ihp-int8-npu/src/npu_requant.sv:185$1508 ($eq).
Removed top 1 bits (of 2) from port B of cell tt_um_danieltyukov_int8_npu.$flatten\u_core.\u_requant.$procmux$2427_CMP0 ($eq).
Removed top 1 bits (of 2) from port B of cell tt_um_danieltyukov_int8_npu.$auto$opt_dff.cc:195:make_patterns_logic$3003 ($ne).
Removed top 2 bits (of 45) from mux cell tt_um_danieltyukov_int8_npu.$flatten\u_core.\u_requant.$procmux$2465 ($mux).
Removed top 1 bits (of 26) from port Y of cell tt_um_danieltyukov_int8_npu.$flatten\u_core.\u_requant.\u_add.$and$/home/danieltyukov/workspace/personal/tt-ihp-int8-npu/src/npu_adder.sv:60$1562 ($and).
Removed top 1 bits (of 26) from port A of cell tt_um_danieltyukov_int8_npu.$flatten\u_core.\u_requant.\u_add.$and$/home/danieltyukov/workspace/personal/tt-ihp-int8-npu/src/npu_adder.sv:60$1562 ($and).
Removed top 1 bits (of 26) from port B of cell tt_um_danieltyukov_int8_npu.$flatten\u_core.\u_requant.\u_add.$and$/home/danieltyukov/workspace/personal/tt-ihp-int8-npu/src/npu_adder.sv:60$1562 ($and).
Removed top 1 bits (of 18) from port Y of cell tt_um_danieltyukov_int8_npu.$flatten\u_core.\u_array.\g_row[1].g_col[1].u_pe.\u_add.$and$/home/danieltyukov/workspace/personal/tt-ihp-int8-npu/src/npu_adder.sv:60$1759 ($and).
Removed top 1 bits (of 18) from port A of cell tt_um_danieltyukov_int8_npu.$flatten\u_core.\u_array.\g_row[1].g_col[1].u_pe.\u_add.$and$/home/danieltyukov/workspace/personal/tt-ihp-int8-npu/src/npu_adder.sv:60$1759 ($and).
Removed top 1 bits (of 18) from port B of cell tt_um_danieltyukov_int8_npu.$flatten\u_core.\u_array.\g_row[1].g_col[1].u_pe.\u_add.$and$/home/danieltyukov/workspace/personal/tt-ihp-int8-npu/src/npu_adder.sv:60$1759 ($and).
Removed top 8 bits (of 16) from port A of cell tt_um_danieltyukov_int8_npu.$flatten\u_core.\u_array.\g_row[1].g_col[1].u_pe.\u_mul.\g_bw.g_wallace.u_tree.$xor$/home/danieltyukov/workspace/personal/tt-ihp-int8-npu/src/npu_csa_reduce.sv:49$1889 ($xor).
Removed top 7 bits (of 16) from port B of cell tt_um_danieltyukov_int8_npu.$flatten\u_core.\u_array.\g_row[1].g_col[1].u_pe.\u_mul.\g_bw.g_wallace.u_tree.$xor$/home/danieltyukov/workspace/personal/tt-ihp-int8-npu/src/npu_csa_reduce.sv:49$1889 ($xor).
Removed top 7 bits (of 16) from port Y of cell tt_um_danieltyukov_int8_npu.$flatten\u_core.\u_array.\g_row[1].g_col[1].u_pe.\u_mul.\g_bw.g_wallace.u_tree.$xor$/home/danieltyukov/workspace/personal/tt-ihp-int8-npu/src/npu_csa_reduce.sv:49$1889 ($xor).
Removed top 1 bits (of 16) from port Y of cell tt_um_danieltyukov_int8_npu.$flatten\u_core.\u_array.\g_row[1].g_col[1].u_pe.\u_mul.\u_cpa.$and$/home/danieltyukov/workspace/personal/tt-ihp-int8-npu/src/npu_adder.sv:60$1912 ($and).
Removed top 1 bits (of 16) from port A of cell tt_um_danieltyukov_int8_npu.$flatten\u_core.\u_array.\g_row[1].g_col[1].u_pe.\u_mul.\u_cpa.$and$/home/danieltyukov/workspace/personal/tt-ihp-int8-npu/src/npu_adder.sv:60$1912 ($and).
Removed top 1 bits (of 16) from port B of cell tt_um_danieltyukov_int8_npu.$flatten\u_core.\u_array.\g_row[1].g_col[1].u_pe.\u_mul.\u_cpa.$and$/home/danieltyukov/workspace/personal/tt-ihp-int8-npu/src/npu_adder.sv:60$1912 ($and).
Removed top 1 bits (of 16) from port Y of cell tt_um_danieltyukov_int8_npu.$flatten\u_core.\u_array.\g_row[1].g_col[1].u_pe.\u_mul.\g_bw.g_wallace.u_tree.\genblk1.g_reduce.u_next.$or$/home/danieltyukov/workspace/personal/tt-ihp-int8-npu/src/npu_csa_reduce.sv:53$2021 ($or).
Removed top 1 bits (of 16) from port A of cell tt_um_danieltyukov_int8_npu.$flatten\u_core.\u_array.\g_row[1].g_col[1].u_pe.\u_mul.\g_bw.g_wallace.u_tree.\genblk1.g_reduce.u_next.$or$/home/danieltyukov/workspace/personal/tt-ihp-int8-npu/src/npu_csa_reduce.sv:53$2021 ($or).
Removed top 1 bits (of 16) from port B of cell tt_um_danieltyukov_int8_npu.$flatten\u_core.\u_array.\g_row[1].g_col[1].u_pe.\u_mul.\g_bw.g_wallace.u_tree.\genblk1.g_reduce.u_next.$or$/home/danieltyukov/workspace/personal/tt-ihp-int8-npu/src/npu_csa_reduce.sv:53$2021 ($or).
Removed top 1 bits (of 16) from port Y of cell tt_um_danieltyukov_int8_npu.$flatten\u_core.\u_array.\g_row[1].g_col[1].u_pe.\u_mul.\g_bw.g_wallace.u_tree.\genblk1.g_reduce.u_next.$or$/home/danieltyukov/workspace/personal/tt-ihp-int8-npu/src/npu_csa_reduce.sv:53$2028 ($or).
Removed top 1 bits (of 16) from port A of cell tt_um_danieltyukov_int8_npu.$flatten\u_core.\u_array.\g_row[1].g_col[1].u_pe.\u_mul.\g_bw.g_wallace.u_tree.\genblk1.g_reduce.u_next.$or$/home/danieltyukov/workspace/personal/tt-ihp-int8-npu/src/npu_csa_reduce.sv:53$2028 ($or).
Removed top 1 bits (of 16) from port B of cell tt_um_danieltyukov_int8_npu.$flatten\u_core.\u_array.\g_row[1].g_col[1].u_pe.\u_mul.\g_bw.g_wallace.u_tree.\genblk1.g_reduce.u_next.$or$/home/danieltyukov/workspace/personal/tt-ihp-int8-npu/src/npu_csa_reduce.sv:53$2028 ($or).
Removed top 1 bits (of 16) from port Y of cell tt_um_danieltyukov_int8_npu.$flatten\u_core.\u_array.\g_row[1].g_col[1].u_pe.\u_mul.\g_bw.g_wallace.u_tree.\genblk1.g_reduce.u_next.\genblk1.g_reduce.u_next.\genblk1.g_reduce.u_next.$or$/home/danieltyukov/workspace/personal/tt-ihp-int8-npu/src/npu_csa_reduce.sv:53$1887 ($or).
Removed top 1 bits (of 16) from port A of cell tt_um_danieltyukov_int8_npu.$flatten\u_core.\u_array.\g_row[1].g_col[1].u_pe.\u_mul.\g_bw.g_wallace.u_tree.\genblk1.g_reduce.u_next.\genblk1.g_reduce.u_next.\genblk1.g_reduce.u_next.$or$/home/danieltyukov/workspace/personal/tt-ihp-int8-npu/src/npu_csa_reduce.sv:53$1887 ($or).
Removed top 1 bits (of 16) from port B of cell tt_um_danieltyukov_int8_npu.$flatten\u_core.\u_array.\g_row[1].g_col[1].u_pe.\u_mul.\g_bw.g_wallace.u_tree.\genblk1.g_reduce.u_next.\genblk1.g_reduce.u_next.\genblk1.g_reduce.u_next.$or$/home/danieltyukov/workspace/personal/tt-ihp-int8-npu/src/npu_csa_reduce.sv:53$1887 ($or).
Removed top 1 bits (of 16) from port Y of cell tt_um_danieltyukov_int8_npu.$flatten\u_core.\u_array.\g_row[1].g_col[1].u_pe.\u_mul.\g_bw.g_wallace.u_tree.\genblk1.g_reduce.u_next.\genblk1.g_reduce.u_next.$or$/home/danieltyukov/workspace/personal/tt-ihp-int8-npu/src/npu_csa_reduce.sv:53$2036 ($or).
Removed top 1 bits (of 16) from port A of cell tt_um_danieltyukov_int8_npu.$flatten\u_core.\u_array.\g_row[1].g_col[1].u_pe.\u_mul.\g_bw.g_wallace.u_tree.\genblk1.g_reduce.u_next.\genblk1.g_reduce.u_next.$or$/home/danieltyukov/workspace/personal/tt-ihp-int8-npu/src/npu_csa_reduce.sv:53$2036 ($or).
Removed top 1 bits (of 16) from port B of cell tt_um_danieltyukov_int8_npu.$flatten\u_core.\u_array.\g_row[1].g_col[1].u_pe.\u_mul.\g_bw.g_wallace.u_tree.\genblk1.g_reduce.u_next.\genblk1.g_reduce.u_next.$or$/home/danieltyukov/workspace/personal/tt-ihp-int8-npu/src/npu_csa_reduce.sv:53$2036 ($or).
Removed top 1 bits (of 16) from port Y of cell tt_um_danieltyukov_int8_npu.$flatten\u_core.\u_array.\g_row[1].g_col[1].u_pe.\u_mul.\g_bw.g_wallace.u_tree.\genblk1.g_reduce.u_next.\genblk1.g_reduce.u_next.$and$/home/danieltyukov/workspace/personal/tt-ihp-int8-npu/src/npu_csa_reduce.sv:53$2035 ($and).
Removed top 1 bits (of 16) from port A of cell tt_um_danieltyukov_int8_npu.$flatten\u_core.\u_array.\g_row[1].g_col[1].u_pe.\u_mul.\g_bw.g_wallace.u_tree.\genblk1.g_reduce.u_next.\genblk1.g_reduce.u_next.$and$/home/danieltyukov/workspace/personal/tt-ihp-int8-npu/src/npu_csa_reduce.sv:53$2035 ($and).
Removed top 1 bits (of 16) from port B of cell tt_um_danieltyukov_int8_npu.$flatten\u_core.\u_array.\g_row[1].g_col[1].u_pe.\u_mul.\g_bw.g_wallace.u_tree.\genblk1.g_reduce.u_next.\genblk1.g_reduce.u_next.$and$/home/danieltyukov/workspace/personal/tt-ihp-int8-npu/src/npu_csa_reduce.sv:53$2035 ($and).
Removed top 1 bits (of 16) from port Y of cell tt_um_danieltyukov_int8_npu.$flatten\u_core.\u_array.\g_row[1].g_col[1].u_pe.\u_mul.\g_bw.g_wallace.u_tree.\genblk1.g_reduce.u_next.\genblk1.g_reduce.u_next.$or$/home/danieltyukov/workspace/personal/tt-ihp-int8-npu/src/npu_csa_reduce.sv:53$2034 ($or).
Removed top 1 bits (of 16) from port A of cell tt_um_danieltyukov_int8_npu.$flatten\u_core.\u_array.\g_row[1].g_col[1].u_pe.\u_mul.\g_bw.g_wallace.u_tree.\genblk1.g_reduce.u_next.\genblk1.g_reduce.u_next.$or$/home/danieltyukov/workspace/personal/tt-ihp-int8-npu/src/npu_csa_reduce.sv:53$2034 ($or).
Removed top 1 bits (of 16) from port B of cell tt_um_danieltyukov_int8_npu.$flatten\u_core.\u_array.\g_row[1].g_col[1].u_pe.\u_mul.\g_bw.g_wallace.u_tree.\genblk1.g_reduce.u_next.\genblk1.g_reduce.u_next.$or$/home/danieltyukov/workspace/personal/tt-ihp-int8-npu/src/npu_csa_reduce.sv:53$2034 ($or).
Removed top 1 bits (of 16) from port Y of cell tt_um_danieltyukov_int8_npu.$flatten\u_core.\u_array.\g_row[1].g_col[1].u_pe.\u_mul.\g_bw.g_wallace.u_tree.\genblk1.g_reduce.u_next.\genblk1.g_reduce.u_next.$and$/home/danieltyukov/workspace/personal/tt-ihp-int8-npu/src/npu_csa_reduce.sv:53$2033 ($and).
Removed top 1 bits (of 16) from port A of cell tt_um_danieltyukov_int8_npu.$flatten\u_core.\u_array.\g_row[1].g_col[1].u_pe.\u_mul.\g_bw.g_wallace.u_tree.\genblk1.g_reduce.u_next.\genblk1.g_reduce.u_next.$and$/home/danieltyukov/workspace/personal/tt-ihp-int8-npu/src/npu_csa_reduce.sv:53$2033 ($and).
Removed top 1 bits (of 16) from port B of cell tt_um_danieltyukov_int8_npu.$flatten\u_core.\u_array.\g_row[1].g_col[1].u_pe.\u_mul.\g_bw.g_wallace.u_tree.\genblk1.g_reduce.u_next.\genblk1.g_reduce.u_next.$and$/home/danieltyukov/workspace/personal/tt-ihp-int8-npu/src/npu_csa_reduce.sv:53$2033 ($and).
Removed top 1 bits (of 16) from port Y of cell tt_um_danieltyukov_int8_npu.$flatten\u_core.\u_array.\g_row[1].g_col[1].u_pe.\u_mul.\g_bw.g_wallace.u_tree.\genblk1.g_reduce.u_next.\genblk1.g_reduce.u_next.$and$/home/danieltyukov/workspace/personal/tt-ihp-int8-npu/src/npu_csa_reduce.sv:53$2032 ($and).
Removed top 1 bits (of 16) from port A of cell tt_um_danieltyukov_int8_npu.$flatten\u_core.\u_array.\g_row[1].g_col[1].u_pe.\u_mul.\g_bw.g_wallace.u_tree.\genblk1.g_reduce.u_next.\genblk1.g_reduce.u_next.$and$/home/danieltyukov/workspace/personal/tt-ihp-int8-npu/src/npu_csa_reduce.sv:53$2032 ($and).
Removed top 1 bits (of 16) from port B of cell tt_um_danieltyukov_int8_npu.$flatten\u_core.\u_array.\g_row[1].g_col[1].u_pe.\u_mul.\g_bw.g_wallace.u_tree.\genblk1.g_reduce.u_next.\genblk1.g_reduce.u_next.$and$/home/danieltyukov/workspace/personal/tt-ihp-int8-npu/src/npu_csa_reduce.sv:53$2032 ($and).
Removed top 7 bits (of 16) from port B of cell tt_um_danieltyukov_int8_npu.$flatten\u_core.\u_array.\g_row[1].g_col[1].u_pe.\u_mul.\g_bw.g_wallace.u_tree.$or$/home/danieltyukov/workspace/personal/tt-ihp-int8-npu/src/npu_csa_reduce.sv:53$1909 ($or).
Removed top 1 bits (of 16) from port Y of cell tt_um_danieltyukov_int8_npu.$flatten\u_core.\u_array.\g_row[1].g_col[1].u_pe.\u_mul.\g_bw.g_wallace.u_tree.$or$/home/danieltyukov/workspace/personal/tt-ihp-int8-npu/src/npu_csa_reduce.sv:53$1909 ($or).
Removed top 1 bits (of 16) from port A of cell tt_um_danieltyukov_int8_npu.$flatten\u_core.\u_array.\g_row[1].g_col[1].u_pe.\u_mul.\g_bw.g_wallace.u_tree.$or$/home/danieltyukov/workspace/personal/tt-ihp-int8-npu/src/npu_csa_reduce.sv:53$1909 ($or).
Removed top 7 bits (of 16) from port B of cell tt_um_danieltyukov_int8_npu.$flatten\u_core.\u_array.\g_row[1].g_col[1].u_pe.\u_mul.\g_bw.g_wallace.u_tree.$or$/home/danieltyukov/workspace/personal/tt-ihp-int8-npu/src/npu_csa_reduce.sv:53$1907 ($or).
Removed top 1 bits (of 16) from port Y of cell tt_um_danieltyukov_int8_npu.$flatten\u_core.\u_array.\g_row[1].g_col[1].u_pe.\u_mul.\g_bw.g_wallace.u_tree.$or$/home/danieltyukov/workspace/personal/tt-ihp-int8-npu/src/npu_csa_reduce.sv:53$1907 ($or).
Removed top 1 bits (of 16) from port A of cell tt_um_danieltyukov_int8_npu.$flatten\u_core.\u_array.\g_row[1].g_col[1].u_pe.\u_mul.\g_bw.g_wallace.u_tree.$or$/home/danieltyukov/workspace/personal/tt-ihp-int8-npu/src/npu_csa_reduce.sv:53$1907 ($or).
Removed top 2 bits (of 16) from port A of cell tt_um_danieltyukov_int8_npu.$flatten\u_core.\u_array.\g_row[1].g_col[1].u_pe.\u_mul.\g_bw.g_wallace.u_tree.$and$/home/danieltyukov/workspace/personal/tt-ihp-int8-npu/src/npu_csa_reduce.sv:53$1905 ($and).
Removed top 1 bits (of 16) from port B of cell tt_um_danieltyukov_int8_npu.$flatten\u_core.\u_array.\g_row[1].g_col[1].u_pe.\u_mul.\g_bw.g_wallace.u_tree.$and$/home/danieltyukov/workspace/personal/tt-ihp-int8-npu/src/npu_csa_reduce.sv:53$1905 ($and).
Removed top 1 bits (of 16) from port Y of cell tt_um_danieltyukov_int8_npu.$flatten\u_core.\u_array.\g_row[1].g_col[1].u_pe.\u_mul.\g_bw.g_wallace.u_tree.$and$/home/danieltyukov/workspace/personal/tt-ihp-int8-npu/src/npu_csa_reduce.sv:53$1905 ($and).
Removed top 2 bits (of 16) from port A of cell tt_um_danieltyukov_int8_npu.$flatten\u_core.\u_array.\g_row[1].g_col[1].u_pe.\u_mul.\g_bw.g_wallace.u_tree.$xor$/home/danieltyukov/workspace/personal/tt-ihp-int8-npu/src/npu_csa_reduce.sv:49$1903 ($xor).
Removed top 1 bits (of 16) from port B of cell tt_um_danieltyukov_int8_npu.$flatten\u_core.\u_array.\g_row[1].g_col[1].u_pe.\u_mul.\g_bw.g_wallace.u_tree.$xor$/home/danieltyukov/workspace/personal/tt-ihp-int8-npu/src/npu_csa_reduce.sv:49$1903 ($xor).
Removed top 1 bits (of 16) from port Y of cell tt_um_danieltyukov_int8_npu.$flatten\u_core.\u_array.\g_row[1].g_col[1].u_pe.\u_mul.\g_bw.g_wallace.u_tree.$xor$/home/danieltyukov/workspace/personal/tt-ihp-int8-npu/src/npu_csa_reduce.sv:49$1903 ($xor).
Removed top 1 bits (of 16) from port Y of cell tt_um_danieltyukov_int8_npu.$flatten\u_core.\u_array.\g_row[1].g_col[1].u_pe.\u_mul.\g_bw.g_wallace.u_tree.$or$/home/danieltyukov/workspace/personal/tt-ihp-int8-npu/src/npu_csa_reduce.sv:53$1902 ($or).
Removed top 1 bits (of 16) from port A of cell tt_um_danieltyukov_int8_npu.$flatten\u_core.\u_array.\g_row[1].g_col[1].u_pe.\u_mul.\g_bw.g_wallace.u_tree.$or$/home/danieltyukov/workspace/personal/tt-ihp-int8-npu/src/npu_csa_reduce.sv:53$1902 ($or).
Removed top 1 bits (of 16) from port B of cell tt_um_danieltyukov_int8_npu.$flatten\u_core.\u_array.\g_row[1].g_col[1].u_pe.\u_mul.\g_bw.g_wallace.u_tree.$or$/home/danieltyukov/workspace/personal/tt-ihp-int8-npu/src/npu_csa_reduce.sv:53$1902 ($or).
Removed top 4 bits (of 16) from port A of cell tt_um_danieltyukov_int8_npu.$flatten\u_core.\u_array.\g_row[1].g_col[1].u_pe.\u_mul.\g_bw.g_wallace.u_tree.$and$/home/danieltyukov/workspace/personal/tt-ihp-int8-npu/src/npu_csa_reduce.sv:53$1901 ($and).
Removed top 3 bits (of 16) from port B of cell tt_um_danieltyukov_int8_npu.$flatten\u_core.\u_array.\g_row[1].g_col[1].u_pe.\u_mul.\g_bw.g_wallace.u_tree.$and$/home/danieltyukov/workspace/personal/tt-ihp-int8-npu/src/npu_csa_reduce.sv:53$1901 ($and).
Removed top 3 bits (of 16) from port Y of cell tt_um_danieltyukov_int8_npu.$flatten\u_core.\u_array.\g_row[1].g_col[1].u_pe.\u_mul.\g_bw.g_wallace.u_tree.$and$/home/danieltyukov/workspace/personal/tt-ihp-int8-npu/src/npu_csa_reduce.sv:53$1901 ($and).
Removed top 1 bits (of 16) from port Y of cell tt_um_danieltyukov_int8_npu.$flatten\u_core.\u_array.\g_row[1].g_col[1].u_pe.\u_mul.\g_bw.g_wallace.u_tree.$or$/home/danieltyukov/workspace/personal/tt-ihp-int8-npu/src/npu_csa_reduce.sv:53$1900 ($or).
Removed top 1 bits (of 16) from port A of cell tt_um_danieltyukov_int8_npu.$flatten\u_core.\u_array.\g_row[1].g_col[1].u_pe.\u_mul.\g_bw.g_wallace.u_tree.$or$/home/danieltyukov/workspace/personal/tt-ihp-int8-npu/src/npu_csa_reduce.sv:53$1900 ($or).
Removed top 1 bits (of 16) from port B of cell tt_um_danieltyukov_int8_npu.$flatten\u_core.\u_array.\g_row[1].g_col[1].u_pe.\u_mul.\g_bw.g_wallace.u_tree.$or$/home/danieltyukov/workspace/personal/tt-ihp-int8-npu/src/npu_csa_reduce.sv:53$1900 ($or).
Removed top 5 bits (of 16) from port A of cell tt_um_danieltyukov_int8_npu.$flatten\u_core.\u_array.\g_row[1].g_col[1].u_pe.\u_mul.\g_bw.g_wallace.u_tree.$and$/home/danieltyukov/workspace/personal/tt-ihp-int8-npu/src/npu_csa_reduce.sv:53$1899 ($and).
Removed top 3 bits (of 16) from port B of cell tt_um_danieltyukov_int8_npu.$flatten\u_core.\u_array.\g_row[1].g_col[1].u_pe.\u_mul.\g_bw.g_wallace.u_tree.$and$/home/danieltyukov/workspace/personal/tt-ihp-int8-npu/src/npu_csa_reduce.sv:53$1899 ($and).
Removed top 3 bits (of 16) from port Y of cell tt_um_danieltyukov_int8_npu.$flatten\u_core.\u_array.\g_row[1].g_col[1].u_pe.\u_mul.\g_bw.g_wallace.u_tree.$and$/home/danieltyukov/workspace/personal/tt-ihp-int8-npu/src/npu_csa_reduce.sv:53$1899 ($and).
Removed top 5 bits (of 16) from port A of cell tt_um_danieltyukov_int8_npu.$flatten\u_core.\u_array.\g_row[1].g_col[1].u_pe.\u_mul.\g_bw.g_wallace.u_tree.$and$/home/danieltyukov/workspace/personal/tt-ihp-int8-npu/src/npu_csa_reduce.sv:53$1898 ($and).
Removed top 4 bits (of 16) from port B of cell tt_um_danieltyukov_int8_npu.$flatten\u_core.\u_array.\g_row[1].g_col[1].u_pe.\u_mul.\g_bw.g_wallace.u_tree.$and$/home/danieltyukov/workspace/personal/tt-ihp-int8-npu/src/npu_csa_reduce.sv:53$1898 ($and).
Removed top 4 bits (of 16) from port Y of cell tt_um_danieltyukov_int8_npu.$flatten\u_core.\u_array.\g_row[1].g_col[1].u_pe.\u_mul.\g_bw.g_wallace.u_tree.$and$/home/danieltyukov/workspace/personal/tt-ihp-int8-npu/src/npu_csa_reduce.sv:53$1898 ($and).
Removed top 3 bits (of 16) from port B of cell tt_um_danieltyukov_int8_npu.$flatten\u_core.\u_array.\g_row[1].g_col[1].u_pe.\u_mul.\g_bw.g_wallace.u_tree.$xor$/home/danieltyukov/workspace/personal/tt-ihp-int8-npu/src/npu_csa_reduce.sv:49$1897 ($xor).
Removed top 5 bits (of 16) from port A of cell tt_um_danieltyukov_int8_npu.$flatten\u_core.\u_array.\g_row[1].g_col[1].u_pe.\u_mul.\g_bw.g_wallace.u_tree.$xor$/home/danieltyukov/workspace/personal/tt-ihp-int8-npu/src/npu_csa_reduce.sv:49$1896 ($xor).
Removed top 4 bits (of 16) from port B of cell tt_um_danieltyukov_int8_npu.$flatten\u_core.\u_array.\g_row[1].g_col[1].u_pe.\u_mul.\g_bw.g_wallace.u_tree.$xor$/home/danieltyukov/workspace/personal/tt-ihp-int8-npu/src/npu_csa_reduce.sv:49$1896 ($xor).
Removed top 4 bits (of 16) from port Y of cell tt_um_danieltyukov_int8_npu.$flatten\u_core.\u_array.\g_row[1].g_col[1].u_pe.\u_mul.\g_bw.g_wallace.u_tree.$xor$/home/danieltyukov/workspace/personal/tt-ihp-int8-npu/src/npu_csa_reduce.sv:49$1896 ($xor).
Removed top 1 bits (of 16) from port Y of cell tt_um_danieltyukov_int8_npu.$flatten\u_core.\u_array.\g_row[1].g_col[1].u_pe.\u_mul.\g_bw.g_wallace.u_tree.$or$/home/danieltyukov/workspace/personal/tt-ihp-int8-npu/src/npu_csa_reduce.sv:53$1895 ($or).
Removed top 1 bits (of 16) from port A of cell tt_um_danieltyukov_int8_npu.$flatten\u_core.\u_array.\g_row[1].g_col[1].u_pe.\u_mul.\g_bw.g_wallace.u_tree.$or$/home/danieltyukov/workspace/personal/tt-ihp-int8-npu/src/npu_csa_reduce.sv:53$1895 ($or).
Removed top 1 bits (of 16) from port B of cell tt_um_danieltyukov_int8_npu.$flatten\u_core.\u_array.\g_row[1].g_col[1].u_pe.\u_mul.\g_bw.g_wallace.u_tree.$or$/home/danieltyukov/workspace/personal/tt-ihp-int8-npu/src/npu_csa_reduce.sv:53$1895 ($or).
Removed top 7 bits (of 16) from port A of cell tt_um_danieltyukov_int8_npu.$flatten\u_core.\u_array.\g_row[1].g_col[1].u_pe.\u_mul.\g_bw.g_wallace.u_tree.$and$/home/danieltyukov/workspace/personal/tt-ihp-int8-npu/src/npu_csa_reduce.sv:53$1894 ($and).
Removed top 6 bits (of 16) from port B of cell tt_um_danieltyukov_int8_npu.$flatten\u_core.\u_array.\g_row[1].g_col[1].u_pe.\u_mul.\g_bw.g_wallace.u_tree.$and$/home/danieltyukov/workspace/personal/tt-ihp-int8-npu/src/npu_csa_reduce.sv:53$1894 ($and).
Removed top 6 bits (of 16) from port Y of cell tt_um_danieltyukov_int8_npu.$flatten\u_core.\u_array.\g_row[1].g_col[1].u_pe.\u_mul.\g_bw.g_wallace.u_tree.$and$/home/danieltyukov/workspace/personal/tt-ihp-int8-npu/src/npu_csa_reduce.sv:53$1894 ($and).
Removed top 1 bits (of 16) from port Y of cell tt_um_danieltyukov_int8_npu.$flatten\u_core.\u_array.\g_row[1].g_col[1].u_pe.\u_mul.\g_bw.g_wallace.u_tree.$or$/home/danieltyukov/workspace/personal/tt-ihp-int8-npu/src/npu_csa_reduce.sv:53$1893 ($or).
Removed top 1 bits (of 16) from port A of cell tt_um_danieltyukov_int8_npu.$flatten\u_core.\u_array.\g_row[1].g_col[1].u_pe.\u_mul.\g_bw.g_wallace.u_tree.$or$/home/danieltyukov/workspace/personal/tt-ihp-int8-npu/src/npu_csa_reduce.sv:53$1893 ($or).
Removed top 1 bits (of 16) from port B of cell tt_um_danieltyukov_int8_npu.$flatten\u_core.\u_array.\g_row[1].g_col[1].u_pe.\u_mul.\g_bw.g_wallace.u_tree.$or$/home/danieltyukov/workspace/personal/tt-ihp-int8-npu/src/npu_csa_reduce.sv:53$1893 ($or).
Removed top 8 bits (of 16) from port A of cell tt_um_danieltyukov_int8_npu.$flatten\u_core.\u_array.\g_row[1].g_col[1].u_pe.\u_mul.\g_bw.g_wallace.u_tree.$and$/home/danieltyukov/workspace/personal/tt-ihp-int8-npu/src/npu_csa_reduce.sv:53$1892 ($and).
Removed top 6 bits (of 16) from port B of cell tt_um_danieltyukov_int8_npu.$flatten\u_core.\u_array.\g_row[1].g_col[1].u_pe.\u_mul.\g_bw.g_wallace.u_tree.$and$/home/danieltyukov/workspace/personal/tt-ihp-int8-npu/src/npu_csa_reduce.sv:53$1892 ($and).
Removed top 6 bits (of 16) from port Y of cell tt_um_danieltyukov_int8_npu.$flatten\u_core.\u_array.\g_row[1].g_col[1].u_pe.\u_mul.\g_bw.g_wallace.u_tree.$and$/home/danieltyukov/workspace/personal/tt-ihp-int8-npu/src/npu_csa_reduce.sv:53$1892 ($and).
Removed top 8 bits (of 16) from port A of cell tt_um_danieltyukov_int8_npu.$flatten\u_core.\u_array.\g_row[1].g_col[1].u_pe.\u_mul.\g_bw.g_wallace.u_tree.$and$/home/danieltyukov/workspace/personal/tt-ihp-int8-npu/src/npu_csa_reduce.sv:53$1891 ($and).
Removed top 7 bits (of 16) from port B of cell tt_um_danieltyukov_int8_npu.$flatten\u_core.\u_array.\g_row[1].g_col[1].u_pe.\u_mul.\g_bw.g_wallace.u_tree.$and$/home/danieltyukov/workspace/personal/tt-ihp-int8-npu/src/npu_csa_reduce.sv:53$1891 ($and).
Removed top 7 bits (of 16) from port Y of cell tt_um_danieltyukov_int8_npu.$flatten\u_core.\u_array.\g_row[1].g_col[1].u_pe.\u_mul.\g_bw.g_wallace.u_tree.$and$/home/danieltyukov/workspace/personal/tt-ihp-int8-npu/src/npu_csa_reduce.sv:53$1891 ($and).
Removed top 7 bits (of 16) from port A of cell tt_um_danieltyukov_int8_npu.$flatten\u_core.\u_array.\g_row[1].g_col[1].u_pe.\u_mul.\g_bw.g_wallace.u_tree.$xor$/home/danieltyukov/workspace/personal/tt-ihp-int8-npu/src/npu_csa_reduce.sv:49$1890 ($xor).
Removed top 6 bits (of 16) from port B of cell tt_um_danieltyukov_int8_npu.$flatten\u_core.\u_array.\g_row[1].g_col[1].u_pe.\u_mul.\g_bw.g_wallace.u_tree.$xor$/home/danieltyukov/workspace/personal/tt-ihp-int8-npu/src/npu_csa_reduce.sv:49$1890 ($xor).
Removed top 6 bits (of 16) from port Y of cell tt_um_danieltyukov_int8_npu.$flatten\u_core.\u_array.\g_row[1].g_col[1].u_pe.\u_mul.\g_bw.g_wallace.u_tree.$xor$/home/danieltyukov/workspace/personal/tt-ihp-int8-npu/src/npu_csa_reduce.sv:49$1890 ($xor).
Removed top 8 bits (of 16) from port A of cell tt_um_danieltyukov_int8_npu.$flatten\u_core.\u_array.\g_row[0].g_col[0].u_pe.\u_mul.\g_bw.g_wallace.u_tree.$xor$/home/danieltyukov/workspace/personal/tt-ihp-int8-npu/src/npu_csa_reduce.sv:49$1889 ($xor).
Removed top 7 bits (of 16) from port B of cell tt_um_danieltyukov_int8_npu.$flatten\u_core.\u_array.\g_row[0].g_col[0].u_pe.\u_mul.\g_bw.g_wallace.u_tree.$xor$/home/danieltyukov/workspace/personal/tt-ihp-int8-npu/src/npu_csa_reduce.sv:49$1889 ($xor).
Removed top 7 bits (of 16) from port Y of cell tt_um_danieltyukov_int8_npu.$flatten\u_core.\u_array.\g_row[0].g_col[0].u_pe.\u_mul.\g_bw.g_wallace.u_tree.$xor$/home/danieltyukov/workspace/personal/tt-ihp-int8-npu/src/npu_csa_reduce.sv:49$1889 ($xor).
Removed top 1 bits (of 16) from port Y of cell tt_um_danieltyukov_int8_npu.$flatten\u_core.\u_array.\g_row[0].g_col[0].u_pe.\u_mul.\u_cpa.$and$/home/danieltyukov/workspace/personal/tt-ihp-int8-npu/src/npu_adder.sv:60$1912 ($and).
Removed top 1 bits (of 16) from port A of cell tt_um_danieltyukov_int8_npu.$flatten\u_core.\u_array.\g_row[0].g_col[0].u_pe.\u_mul.\u_cpa.$and$/home/danieltyukov/workspace/personal/tt-ihp-int8-npu/src/npu_adder.sv:60$1912 ($and).
Removed top 1 bits (of 16) from port B of cell tt_um_danieltyukov_int8_npu.$flatten\u_core.\u_array.\g_row[0].g_col[0].u_pe.\u_mul.\u_cpa.$and$/home/danieltyukov/workspace/personal/tt-ihp-int8-npu/src/npu_adder.sv:60$1912 ($and).
Removed top 1 bits (of 16) from port Y of cell tt_um_danieltyukov_int8_npu.$flatten\u_core.\u_array.\g_row[0].g_col[0].u_pe.\u_mul.\g_bw.g_wallace.u_tree.\genblk1.g_reduce.u_next.$or$/home/danieltyukov/workspace/personal/tt-ihp-int8-npu/src/npu_csa_reduce.sv:53$2021 ($or).
Removed top 1 bits (of 16) from port A of cell tt_um_danieltyukov_int8_npu.$flatten\u_core.\u_array.\g_row[0].g_col[0].u_pe.\u_mul.\g_bw.g_wallace.u_tree.\genblk1.g_reduce.u_next.$or$/home/danieltyukov/workspace/personal/tt-ihp-int8-npu/src/npu_csa_reduce.sv:53$2021 ($or).
Removed top 1 bits (of 16) from port B of cell tt_um_danieltyukov_int8_npu.$flatten\u_core.\u_array.\g_row[0].g_col[0].u_pe.\u_mul.\g_bw.g_wallace.u_tree.\genblk1.g_reduce.u_next.$or$/home/danieltyukov/workspace/personal/tt-ihp-int8-npu/src/npu_csa_reduce.sv:53$2021 ($or).
Removed top 1 bits (of 16) from port Y of cell tt_um_danieltyukov_int8_npu.$flatten\u_core.\u_array.\g_row[0].g_col[0].u_pe.\u_mul.\g_bw.g_wallace.u_tree.\genblk1.g_reduce.u_next.$or$/home/danieltyukov/workspace/personal/tt-ihp-int8-npu/src/npu_csa_reduce.sv:53$2028 ($or).
Removed top 1 bits (of 16) from port A of cell tt_um_danieltyukov_int8_npu.$flatten\u_core.\u_array.\g_row[0].g_col[0].u_pe.\u_mul.\g_bw.g_wallace.u_tree.\genblk1.g_reduce.u_next.$or$/home/danieltyukov/workspace/personal/tt-ihp-int8-npu/src/npu_csa_reduce.sv:53$2028 ($or).
Removed top 1 bits (of 16) from port B of cell tt_um_danieltyukov_int8_npu.$flatten\u_core.\u_array.\g_row[0].g_col[0].u_pe.\u_mul.\g_bw.g_wallace.u_tree.\genblk1.g_reduce.u_next.$or$/home/danieltyukov/workspace/personal/tt-ihp-int8-npu/src/npu_csa_reduce.sv:53$2028 ($or).
Removed top 1 bits (of 16) from port Y of cell tt_um_danieltyukov_int8_npu.$flatten\u_core.\u_array.\g_row[0].g_col[0].u_pe.\u_mul.\g_bw.g_wallace.u_tree.\genblk1.g_reduce.u_next.\genblk1.g_reduce.u_next.\genblk1.g_reduce.u_next.$or$/home/danieltyukov/workspace/personal/tt-ihp-int8-npu/src/npu_csa_reduce.sv:53$1887 ($or).
Removed top 1 bits (of 16) from port A of cell tt_um_danieltyukov_int8_npu.$flatten\u_core.\u_array.\g_row[0].g_col[0].u_pe.\u_mul.\g_bw.g_wallace.u_tree.\genblk1.g_reduce.u_next.\genblk1.g_reduce.u_next.\genblk1.g_reduce.u_next.$or$/home/danieltyukov/workspace/personal/tt-ihp-int8-npu/src/npu_csa_reduce.sv:53$1887 ($or).
Removed top 1 bits (of 16) from port B of cell tt_um_danieltyukov_int8_npu.$flatten\u_core.\u_array.\g_row[0].g_col[0].u_pe.\u_mul.\g_bw.g_wallace.u_tree.\genblk1.g_reduce.u_next.\genblk1.g_reduce.u_next.\genblk1.g_reduce.u_next.$or$/home/danieltyukov/workspace/personal/tt-ihp-int8-npu/src/npu_csa_reduce.sv:53$1887 ($or).
Removed top 1 bits (of 16) from port Y of cell tt_um_danieltyukov_int8_npu.$flatten\u_core.\u_array.\g_row[0].g_col[0].u_pe.\u_mul.\g_bw.g_wallace.u_tree.\genblk1.g_reduce.u_next.\genblk1.g_reduce.u_next.$or$/home/danieltyukov/workspace/personal/tt-ihp-int8-npu/src/npu_csa_reduce.sv:53$2036 ($or).
Removed top 1 bits (of 16) from port A of cell tt_um_danieltyukov_int8_npu.$flatten\u_core.\u_array.\g_row[0].g_col[0].u_pe.\u_mul.\g_bw.g_wallace.u_tree.\genblk1.g_reduce.u_next.\genblk1.g_reduce.u_next.$or$/home/danieltyukov/workspace/personal/tt-ihp-int8-npu/src/npu_csa_reduce.sv:53$2036 ($or).
Removed top 1 bits (of 16) from port B of cell tt_um_danieltyukov_int8_npu.$flatten\u_core.\u_array.\g_row[0].g_col[0].u_pe.\u_mul.\g_bw.g_wallace.u_tree.\genblk1.g_reduce.u_next.\genblk1.g_reduce.u_next.$or$/home/danieltyukov/workspace/personal/tt-ihp-int8-npu/src/npu_csa_reduce.sv:53$2036 ($or).
Removed top 1 bits (of 16) from port Y of cell tt_um_danieltyukov_int8_npu.$flatten\u_core.\u_array.\g_row[0].g_col[0].u_pe.\u_mul.\g_bw.g_wallace.u_tree.\genblk1.g_reduce.u_next.\genblk1.g_reduce.u_next.$and$/home/danieltyukov/workspace/personal/tt-ihp-int8-npu/src/npu_csa_reduce.sv:53$2035 ($and).
Removed top 1 bits (of 16) from port A of cell tt_um_danieltyukov_int8_npu.$flatten\u_core.\u_array.\g_row[0].g_col[0].u_pe.\u_mul.\g_bw.g_wallace.u_tree.\genblk1.g_reduce.u_next.\genblk1.g_reduce.u_next.$and$/home/danieltyukov/workspace/personal/tt-ihp-int8-npu/src/npu_csa_reduce.sv:53$2035 ($and).
Removed top 1 bits (of 16) from port B of cell tt_um_danieltyukov_int8_npu.$flatten\u_core.\u_array.\g_row[0].g_col[0].u_pe.\u_mul.\g_bw.g_wallace.u_tree.\genblk1.g_reduce.u_next.\genblk1.g_reduce.u_next.$and$/home/danieltyukov/workspace/personal/tt-ihp-int8-npu/src/npu_csa_reduce.sv:53$2035 ($and).
Removed top 1 bits (of 16) from port Y of cell tt_um_danieltyukov_int8_npu.$flatten\u_core.\u_array.\g_row[0].g_col[0].u_pe.\u_mul.\g_bw.g_wallace.u_tree.\genblk1.g_reduce.u_next.\genblk1.g_reduce.u_next.$or$/home/danieltyukov/workspace/personal/tt-ihp-int8-npu/src/npu_csa_reduce.sv:53$2034 ($or).
Removed top 1 bits (of 16) from port A of cell tt_um_danieltyukov_int8_npu.$flatten\u_core.\u_array.\g_row[0].g_col[0].u_pe.\u_mul.\g_bw.g_wallace.u_tree.\genblk1.g_reduce.u_next.\genblk1.g_reduce.u_next.$or$/home/danieltyukov/workspace/personal/tt-ihp-int8-npu/src/npu_csa_reduce.sv:53$2034 ($or).
Removed top 1 bits (of 16) from port B of cell tt_um_danieltyukov_int8_npu.$flatten\u_core.\u_array.\g_row[0].g_col[0].u_pe.\u_mul.\g_bw.g_wallace.u_tree.\genblk1.g_reduce.u_next.\genblk1.g_reduce.u_next.$or$/home/danieltyukov/workspace/personal/tt-ihp-int8-npu/src/npu_csa_reduce.sv:53$2034 ($or).
Removed top 1 bits (of 16) from port Y of cell tt_um_danieltyukov_int8_npu.$flatten\u_core.\u_array.\g_row[0].g_col[0].u_pe.\u_mul.\g_bw.g_wallace.u_tree.\genblk1.g_reduce.u_next.\genblk1.g_reduce.u_next.$and$/home/danieltyukov/workspace/personal/tt-ihp-int8-npu/src/npu_csa_reduce.sv:53$2033 ($and).
Removed top 1 bits (of 16) from port A of cell tt_um_danieltyukov_int8_npu.$flatten\u_core.\u_array.\g_row[0].g_col[0].u_pe.\u_mul.\g_bw.g_wallace.u_tree.\genblk1.g_reduce.u_next.\genblk1.g_reduce.u_next.$and$/home/danieltyukov/workspace/personal/tt-ihp-int8-npu/src/npu_csa_reduce.sv:53$2033 ($and).
Removed top 1 bits (of 16) from port B of cell tt_um_danieltyukov_int8_npu.$flatten\u_core.\u_array.\g_row[0].g_col[0].u_pe.\u_mul.\g_bw.g_wallace.u_tree.\genblk1.g_reduce.u_next.\genblk1.g_reduce.u_next.$and$/home/danieltyukov/workspace/personal/tt-ihp-int8-npu/src/npu_csa_reduce.sv:53$2033 ($and).
Removed top 1 bits (of 16) from port Y of cell tt_um_danieltyukov_int8_npu.$flatten\u_core.\u_array.\g_row[0].g_col[0].u_pe.\u_mul.\g_bw.g_wallace.u_tree.\genblk1.g_reduce.u_next.\genblk1.g_reduce.u_next.$and$/home/danieltyukov/workspace/personal/tt-ihp-int8-npu/src/npu_csa_reduce.sv:53$2032 ($and).
Removed top 1 bits (of 16) from port A of cell tt_um_danieltyukov_int8_npu.$flatten\u_core.\u_array.\g_row[0].g_col[0].u_pe.\u_mul.\g_bw.g_wallace.u_tree.\genblk1.g_reduce.u_next.\genblk1.g_reduce.u_next.$and$/home/danieltyukov/workspace/personal/tt-ihp-int8-npu/src/npu_csa_reduce.sv:53$2032 ($and).
Removed top 1 bits (of 16) from port B of cell tt_um_danieltyukov_int8_npu.$flatten\u_core.\u_array.\g_row[0].g_col[0].u_pe.\u_mul.\g_bw.g_wallace.u_tree.\genblk1.g_reduce.u_next.\genblk1.g_reduce.u_next.$and$/home/danieltyukov/workspace/personal/tt-ihp-int8-npu/src/npu_csa_reduce.sv:53$2032 ($and).
Removed top 7 bits (of 16) from port B of cell tt_um_danieltyukov_int8_npu.$flatten\u_core.\u_array.\g_row[0].g_col[0].u_pe.\u_mul.\g_bw.g_wallace.u_tree.$or$/home/danieltyukov/workspace/personal/tt-ihp-int8-npu/src/npu_csa_reduce.sv:53$1909 ($or).
Removed top 1 bits (of 16) from port Y of cell tt_um_danieltyukov_int8_npu.$flatten\u_core.\u_array.\g_row[0].g_col[0].u_pe.\u_mul.\g_bw.g_wallace.u_tree.$or$/home/danieltyukov/workspace/personal/tt-ihp-int8-npu/src/npu_csa_reduce.sv:53$1909 ($or).
Removed top 1 bits (of 16) from port A of cell tt_um_danieltyukov_int8_npu.$flatten\u_core.\u_array.\g_row[0].g_col[0].u_pe.\u_mul.\g_bw.g_wallace.u_tree.$or$/home/danieltyukov/workspace/personal/tt-ihp-int8-npu/src/npu_csa_reduce.sv:53$1909 ($or).
Removed top 7 bits (of 16) from port B of cell tt_um_danieltyukov_int8_npu.$flatten\u_core.\u_array.\g_row[0].g_col[0].u_pe.\u_mul.\g_bw.g_wallace.u_tree.$or$/home/danieltyukov/workspace/personal/tt-ihp-int8-npu/src/npu_csa_reduce.sv:53$1907 ($or).
Removed top 1 bits (of 16) from port Y of cell tt_um_danieltyukov_int8_npu.$flatten\u_core.\u_array.\g_row[0].g_col[0].u_pe.\u_mul.\g_bw.g_wallace.u_tree.$or$/home/danieltyukov/workspace/personal/tt-ihp-int8-npu/src/npu_csa_reduce.sv:53$1907 ($or).
Removed top 1 bits (of 16) from port A of cell tt_um_danieltyukov_int8_npu.$flatten\u_core.\u_array.\g_row[0].g_col[0].u_pe.\u_mul.\g_bw.g_wallace.u_tree.$or$/home/danieltyukov/workspace/personal/tt-ihp-int8-npu/src/npu_csa_reduce.sv:53$1907 ($or).
Removed top 2 bits (of 16) from port A of cell tt_um_danieltyukov_int8_npu.$flatten\u_core.\u_array.\g_row[0].g_col[0].u_pe.\u_mul.\g_bw.g_wallace.u_tree.$and$/home/danieltyukov/workspace/personal/tt-ihp-int8-npu/src/npu_csa_reduce.sv:53$1905 ($and).
Removed top 1 bits (of 16) from port B of cell tt_um_danieltyukov_int8_npu.$flatten\u_core.\u_array.\g_row[0].g_col[0].u_pe.\u_mul.\g_bw.g_wallace.u_tree.$and$/home/danieltyukov/workspace/personal/tt-ihp-int8-npu/src/npu_csa_reduce.sv:53$1905 ($and).
Removed top 1 bits (of 16) from port Y of cell tt_um_danieltyukov_int8_npu.$flatten\u_core.\u_array.\g_row[0].g_col[0].u_pe.\u_mul.\g_bw.g_wallace.u_tree.$and$/home/danieltyukov/workspace/personal/tt-ihp-int8-npu/src/npu_csa_reduce.sv:53$1905 ($and).
Removed top 2 bits (of 16) from port A of cell tt_um_danieltyukov_int8_npu.$flatten\u_core.\u_array.\g_row[0].g_col[0].u_pe.\u_mul.\g_bw.g_wallace.u_tree.$xor$/home/danieltyukov/workspace/personal/tt-ihp-int8-npu/src/npu_csa_reduce.sv:49$1903 ($xor).
Removed top 1 bits (of 16) from port B of cell tt_um_danieltyukov_int8_npu.$flatten\u_core.\u_array.\g_row[0].g_col[0].u_pe.\u_mul.\g_bw.g_wallace.u_tree.$xor$/home/danieltyukov/workspace/personal/tt-ihp-int8-npu/src/npu_csa_reduce.sv:49$1903 ($xor).
Removed top 1 bits (of 16) from port Y of cell tt_um_danieltyukov_int8_npu.$flatten\u_core.\u_array.\g_row[0].g_col[0].u_pe.\u_mul.\g_bw.g_wallace.u_tree.$xor$/home/danieltyukov/workspace/personal/tt-ihp-int8-npu/src/npu_csa_reduce.sv:49$1903 ($xor).
Removed top 1 bits (of 16) from port Y of cell tt_um_danieltyukov_int8_npu.$flatten\u_core.\u_array.\g_row[0].g_col[0].u_pe.\u_mul.\g_bw.g_wallace.u_tree.$or$/home/danieltyukov/workspace/personal/tt-ihp-int8-npu/src/npu_csa_reduce.sv:53$1902 ($or).
Removed top 1 bits (of 16) from port A of cell tt_um_danieltyukov_int8_npu.$flatten\u_core.\u_array.\g_row[0].g_col[0].u_pe.\u_mul.\g_bw.g_wallace.u_tree.$or$/home/danieltyukov/workspace/personal/tt-ihp-int8-npu/src/npu_csa_reduce.sv:53$1902 ($or).
Removed top 1 bits (of 16) from port B of cell tt_um_danieltyukov_int8_npu.$flatten\u_core.\u_array.\g_row[0].g_col[0].u_pe.\u_mul.\g_bw.g_wallace.u_tree.$or$/home/danieltyukov/workspace/personal/tt-ihp-int8-npu/src/npu_csa_reduce.sv:53$1902 ($or).
Removed top 4 bits (of 16) from port A of cell tt_um_danieltyukov_int8_npu.$flatten\u_core.\u_array.\g_row[0].g_col[0].u_pe.\u_mul.\g_bw.g_wallace.u_tree.$and$/home/danieltyukov/workspace/personal/tt-ihp-int8-npu/src/npu_csa_reduce.sv:53$1901 ($and).
Removed top 3 bits (of 16) from port B of cell tt_um_danieltyukov_int8_npu.$flatten\u_core.\u_array.\g_row[0].g_col[0].u_pe.\u_mul.\g_bw.g_wallace.u_tree.$and$/home/danieltyukov/workspace/personal/tt-ihp-int8-npu/src/npu_csa_reduce.sv:53$1901 ($and).
Removed top 3 bits (of 16) from port Y of cell tt_um_danieltyukov_int8_npu.$flatten\u_core.\u_array.\g_row[0].g_col[0].u_pe.\u_mul.\g_bw.g_wallace.u_tree.$and$/home/danieltyukov/workspace/personal/tt-ihp-int8-npu/src/npu_csa_reduce.sv:53$1901 ($and).
Removed top 1 bits (of 16) from port Y of cell tt_um_danieltyukov_int8_npu.$flatten\u_core.\u_array.\g_row[0].g_col[0].u_pe.\u_mul.\g_bw.g_wallace.u_tree.$or$/home/danieltyukov/workspace/personal/tt-ihp-int8-npu/src/npu_csa_reduce.sv:53$1900 ($or).
Removed top 1 bits (of 16) from port A of cell tt_um_danieltyukov_int8_npu.$flatten\u_core.\u_array.\g_row[0].g_col[0].u_pe.\u_mul.\g_bw.g_wallace.u_tree.$or$/home/danieltyukov/workspace/personal/tt-ihp-int8-npu/src/npu_csa_reduce.sv:53$1900 ($or).
Removed top 1 bits (of 16) from port B of cell tt_um_danieltyukov_int8_npu.$flatten\u_core.\u_array.\g_row[0].g_col[0].u_pe.\u_mul.\g_bw.g_wallace.u_tree.$or$/home/danieltyukov/workspace/personal/tt-ihp-int8-npu/src/npu_csa_reduce.sv:53$1900 ($or).
Removed top 5 bits (of 16) from port A of cell tt_um_danieltyukov_int8_npu.$flatten\u_core.\u_array.\g_row[0].g_col[0].u_pe.\u_mul.\g_bw.g_wallace.u_tree.$and$/home/danieltyukov/workspace/personal/tt-ihp-int8-npu/src/npu_csa_reduce.sv:53$1899 ($and).
Removed top 3 bits (of 16) from port B of cell tt_um_danieltyukov_int8_npu.$flatten\u_core.\u_array.\g_row[0].g_col[0].u_pe.\u_mul.\g_bw.g_wallace.u_tree.$and$/home/danieltyukov/workspace/personal/tt-ihp-int8-npu/src/npu_csa_reduce.sv:53$1899 ($and).
Removed top 3 bits (of 16) from port Y of cell tt_um_danieltyukov_int8_npu.$flatten\u_core.\u_array.\g_row[0].g_col[0].u_pe.\u_mul.\g_bw.g_wallace.u_tree.$and$/home/danieltyukov/workspace/personal/tt-ihp-int8-npu/src/npu_csa_reduce.sv:53$1899 ($and).
Removed top 5 bits (of 16) from port A of cell tt_um_danieltyukov_int8_npu.$flatten\u_core.\u_array.\g_row[0].g_col[0].u_pe.\u_mul.\g_bw.g_wallace.u_tree.$and$/home/danieltyukov/workspace/personal/tt-ihp-int8-npu/src/npu_csa_reduce.sv:53$1898 ($and).
Removed top 4 bits (of 16) from port B of cell tt_um_danieltyukov_int8_npu.$flatten\u_core.\u_array.\g_row[0].g_col[0].u_pe.\u_mul.\g_bw.g_wallace.u_tree.$and$/home/danieltyukov/workspace/personal/tt-ihp-int8-npu/src/npu_csa_reduce.sv:53$1898 ($and).
Removed top 4 bits (of 16) from port Y of cell tt_um_danieltyukov_int8_npu.$flatten\u_core.\u_array.\g_row[0].g_col[0].u_pe.\u_mul.\g_bw.g_wallace.u_tree.$and$/home/danieltyukov/workspace/personal/tt-ihp-int8-npu/src/npu_csa_reduce.sv:53$1898 ($and).
Removed top 3 bits (of 16) from port B of cell tt_um_danieltyukov_int8_npu.$flatten\u_core.\u_array.\g_row[0].g_col[0].u_pe.\u_mul.\g_bw.g_wallace.u_tree.$xor$/home/danieltyukov/workspace/personal/tt-ihp-int8-npu/src/npu_csa_reduce.sv:49$1897 ($xor).
Removed top 5 bits (of 16) from port A of cell tt_um_danieltyukov_int8_npu.$flatten\u_core.\u_array.\g_row[0].g_col[0].u_pe.\u_mul.\g_bw.g_wallace.u_tree.$xor$/home/danieltyukov/workspace/personal/tt-ihp-int8-npu/src/npu_csa_reduce.sv:49$1896 ($xor).
Removed top 4 bits (of 16) from port B of cell tt_um_danieltyukov_int8_npu.$flatten\u_core.\u_array.\g_row[0].g_col[0].u_pe.\u_mul.\g_bw.g_wallace.u_tree.$xor$/home/danieltyukov/workspace/personal/tt-ihp-int8-npu/src/npu_csa_reduce.sv:49$1896 ($xor).
Removed top 4 bits (of 16) from port Y of cell tt_um_danieltyukov_int8_npu.$flatten\u_core.\u_array.\g_row[0].g_col[0].u_pe.\u_mul.\g_bw.g_wallace.u_tree.$xor$/home/danieltyukov/workspace/personal/tt-ihp-int8-npu/src/npu_csa_reduce.sv:49$1896 ($xor).
Removed top 1 bits (of 16) from port Y of cell tt_um_danieltyukov_int8_npu.$flatten\u_core.\u_array.\g_row[0].g_col[0].u_pe.\u_mul.\g_bw.g_wallace.u_tree.$or$/home/danieltyukov/workspace/personal/tt-ihp-int8-npu/src/npu_csa_reduce.sv:53$1895 ($or).
Removed top 1 bits (of 16) from port A of cell tt_um_danieltyukov_int8_npu.$flatten\u_core.\u_array.\g_row[0].g_col[0].u_pe.\u_mul.\g_bw.g_wallace.u_tree.$or$/home/danieltyukov/workspace/personal/tt-ihp-int8-npu/src/npu_csa_reduce.sv:53$1895 ($or).
Removed top 1 bits (of 16) from port B of cell tt_um_danieltyukov_int8_npu.$flatten\u_core.\u_array.\g_row[0].g_col[0].u_pe.\u_mul.\g_bw.g_wallace.u_tree.$or$/home/danieltyukov/workspace/personal/tt-ihp-int8-npu/src/npu_csa_reduce.sv:53$1895 ($or).
Removed top 7 bits (of 16) from port A of cell tt_um_danieltyukov_int8_npu.$flatten\u_core.\u_array.\g_row[0].g_col[0].u_pe.\u_mul.\g_bw.g_wallace.u_tree.$and$/home/danieltyukov/workspace/personal/tt-ihp-int8-npu/src/npu_csa_reduce.sv:53$1894 ($and).
Removed top 6 bits (of 16) from port B of cell tt_um_danieltyukov_int8_npu.$flatten\u_core.\u_array.\g_row[0].g_col[0].u_pe.\u_mul.\g_bw.g_wallace.u_tree.$and$/home/danieltyukov/workspace/personal/tt-ihp-int8-npu/src/npu_csa_reduce.sv:53$1894 ($and).
Removed top 6 bits (of 16) from port Y of cell tt_um_danieltyukov_int8_npu.$flatten\u_core.\u_array.\g_row[0].g_col[0].u_pe.\u_mul.\g_bw.g_wallace.u_tree.$and$/home/danieltyukov/workspace/personal/tt-ihp-int8-npu/src/npu_csa_reduce.sv:53$1894 ($and).
Removed top 1 bits (of 16) from port Y of cell tt_um_danieltyukov_int8_npu.$flatten\u_core.\u_array.\g_row[0].g_col[0].u_pe.\u_mul.\g_bw.g_wallace.u_tree.$or$/home/danieltyukov/workspace/personal/tt-ihp-int8-npu/src/npu_csa_reduce.sv:53$1893 ($or).
Removed top 1 bits (of 16) from port A of cell tt_um_danieltyukov_int8_npu.$flatten\u_core.\u_array.\g_row[0].g_col[0].u_pe.\u_mul.\g_bw.g_wallace.u_tree.$or$/home/danieltyukov/workspace/personal/tt-ihp-int8-npu/src/npu_csa_reduce.sv:53$1893 ($or).
Removed top 1 bits (of 16) from port B of cell tt_um_danieltyukov_int8_npu.$flatten\u_core.\u_array.\g_row[0].g_col[0].u_pe.\u_mul.\g_bw.g_wallace.u_tree.$or$/home/danieltyukov/workspace/personal/tt-ihp-int8-npu/src/npu_csa_reduce.sv:53$1893 ($or).
Removed top 8 bits (of 16) from port A of cell tt_um_danieltyukov_int8_npu.$flatten\u_core.\u_array.\g_row[0].g_col[0].u_pe.\u_mul.\g_bw.g_wallace.u_tree.$and$/home/danieltyukov/workspace/personal/tt-ihp-int8-npu/src/npu_csa_reduce.sv:53$1892 ($and).
Removed top 6 bits (of 16) from port B of cell tt_um_danieltyukov_int8_npu.$flatten\u_core.\u_array.\g_row[0].g_col[0].u_pe.\u_mul.\g_bw.g_wallace.u_tree.$and$/home/danieltyukov/workspace/personal/tt-ihp-int8-npu/src/npu_csa_reduce.sv:53$1892 ($and).
Removed top 6 bits (of 16) from port Y of cell tt_um_danieltyukov_int8_npu.$flatten\u_core.\u_array.\g_row[0].g_col[0].u_pe.\u_mul.\g_bw.g_wallace.u_tree.$and$/home/danieltyukov/workspace/personal/tt-ihp-int8-npu/src/npu_csa_reduce.sv:53$1892 ($and).
Removed top 8 bits (of 16) from port A of cell tt_um_danieltyukov_int8_npu.$flatten\u_core.\u_array.\g_row[0].g_col[0].u_pe.\u_mul.\g_bw.g_wallace.u_tree.$and$/home/danieltyukov/workspace/personal/tt-ihp-int8-npu/src/npu_csa_reduce.sv:53$1891 ($and).
Removed top 7 bits (of 16) from port B of cell tt_um_danieltyukov_int8_npu.$flatten\u_core.\u_array.\g_row[0].g_col[0].u_pe.\u_mul.\g_bw.g_wallace.u_tree.$and$/home/danieltyukov/workspace/personal/tt-ihp-int8-npu/src/npu_csa_reduce.sv:53$1891 ($and).
Removed top 7 bits (of 16) from port Y of cell tt_um_danieltyukov_int8_npu.$flatten\u_core.\u_array.\g_row[0].g_col[0].u_pe.\u_mul.\g_bw.g_wallace.u_tree.$and$/home/danieltyukov/workspace/personal/tt-ihp-int8-npu/src/npu_csa_reduce.sv:53$1891 ($and).
Removed top 7 bits (of 16) from port A of cell tt_um_danieltyukov_int8_npu.$flatten\u_core.\u_array.\g_row[0].g_col[0].u_pe.\u_mul.\g_bw.g_wallace.u_tree.$xor$/home/danieltyukov/workspace/personal/tt-ihp-int8-npu/src/npu_csa_reduce.sv:49$1890 ($xor).
Removed top 6 bits (of 16) from port B of cell tt_um_danieltyukov_int8_npu.$flatten\u_core.\u_array.\g_row[0].g_col[0].u_pe.\u_mul.\g_bw.g_wallace.u_tree.$xor$/home/danieltyukov/workspace/personal/tt-ihp-int8-npu/src/npu_csa_reduce.sv:49$1890 ($xor).
Removed top 6 bits (of 16) from port Y of cell tt_um_danieltyukov_int8_npu.$flatten\u_core.\u_array.\g_row[0].g_col[0].u_pe.\u_mul.\g_bw.g_wallace.u_tree.$xor$/home/danieltyukov/workspace/personal/tt-ihp-int8-npu/src/npu_csa_reduce.sv:49$1890 ($xor).
Removed top 2 bits (of 18) from FF cell tt_um_danieltyukov_int8_npu.$flatten\u_core.\u_array.\g_row[0].g_col[0].u_pe.$procdff$2876 ($adff).
Removed top 8 bits (of 16) from port A of cell tt_um_danieltyukov_int8_npu.$flatten\u_core.\u_array.\g_row[0].g_col[1].u_pe.\u_mul.\g_bw.g_wallace.u_tree.$xor$/home/danieltyukov/workspace/personal/tt-ihp-int8-npu/src/npu_csa_reduce.sv:49$1889 ($xor).
Removed top 7 bits (of 16) from port B of cell tt_um_danieltyukov_int8_npu.$flatten\u_core.\u_array.\g_row[0].g_col[1].u_pe.\u_mul.\g_bw.g_wallace.u_tree.$xor$/home/danieltyukov/workspace/personal/tt-ihp-int8-npu/src/npu_csa_reduce.sv:49$1889 ($xor).
Removed top 7 bits (of 16) from port Y of cell tt_um_danieltyukov_int8_npu.$flatten\u_core.\u_array.\g_row[0].g_col[1].u_pe.\u_mul.\g_bw.g_wallace.u_tree.$xor$/home/danieltyukov/workspace/personal/tt-ihp-int8-npu/src/npu_csa_reduce.sv:49$1889 ($xor).
Removed top 1 bits (of 16) from port Y of cell tt_um_danieltyukov_int8_npu.$flatten\u_core.\u_array.\g_row[0].g_col[1].u_pe.\u_mul.\u_cpa.$and$/home/danieltyukov/workspace/personal/tt-ihp-int8-npu/src/npu_adder.sv:60$1912 ($and).
Removed top 1 bits (of 16) from port A of cell tt_um_danieltyukov_int8_npu.$flatten\u_core.\u_array.\g_row[0].g_col[1].u_pe.\u_mul.\u_cpa.$and$/home/danieltyukov/workspace/personal/tt-ihp-int8-npu/src/npu_adder.sv:60$1912 ($and).
Removed top 1 bits (of 16) from port B of cell tt_um_danieltyukov_int8_npu.$flatten\u_core.\u_array.\g_row[0].g_col[1].u_pe.\u_mul.\u_cpa.$and$/home/danieltyukov/workspace/personal/tt-ihp-int8-npu/src/npu_adder.sv:60$1912 ($and).
Removed top 1 bits (of 16) from port Y of cell tt_um_danieltyukov_int8_npu.$flatten\u_core.\u_array.\g_row[0].g_col[1].u_pe.\u_mul.\g_bw.g_wallace.u_tree.\genblk1.g_reduce.u_next.$or$/home/danieltyukov/workspace/personal/tt-ihp-int8-npu/src/npu_csa_reduce.sv:53$2021 ($or).
Removed top 1 bits (of 16) from port A of cell tt_um_danieltyukov_int8_npu.$flatten\u_core.\u_array.\g_row[0].g_col[1].u_pe.\u_mul.\g_bw.g_wallace.u_tree.\genblk1.g_reduce.u_next.$or$/home/danieltyukov/workspace/personal/tt-ihp-int8-npu/src/npu_csa_reduce.sv:53$2021 ($or).
Removed top 1 bits (of 16) from port B of cell tt_um_danieltyukov_int8_npu.$flatten\u_core.\u_array.\g_row[0].g_col[1].u_pe.\u_mul.\g_bw.g_wallace.u_tree.\genblk1.g_reduce.u_next.$or$/home/danieltyukov/workspace/personal/tt-ihp-int8-npu/src/npu_csa_reduce.sv:53$2021 ($or).
Removed top 1 bits (of 16) from port Y of cell tt_um_danieltyukov_int8_npu.$flatten\u_core.\u_array.\g_row[0].g_col[1].u_pe.\u_mul.\g_bw.g_wallace.u_tree.\genblk1.g_reduce.u_next.$or$/home/danieltyukov/workspace/personal/tt-ihp-int8-npu/src/npu_csa_reduce.sv:53$2028 ($or).
Removed top 1 bits (of 16) from port A of cell tt_um_danieltyukov_int8_npu.$flatten\u_core.\u_array.\g_row[0].g_col[1].u_pe.\u_mul.\g_bw.g_wallace.u_tree.\genblk1.g_reduce.u_next.$or$/home/danieltyukov/workspace/personal/tt-ihp-int8-npu/src/npu_csa_reduce.sv:53$2028 ($or).
Removed top 1 bits (of 16) from port B of cell tt_um_danieltyukov_int8_npu.$flatten\u_core.\u_array.\g_row[0].g_col[1].u_pe.\u_mul.\g_bw.g_wallace.u_tree.\genblk1.g_reduce.u_next.$or$/home/danieltyukov/workspace/personal/tt-ihp-int8-npu/src/npu_csa_reduce.sv:53$2028 ($or).
Removed top 1 bits (of 16) from port Y of cell tt_um_danieltyukov_int8_npu.$flatten\u_core.\u_array.\g_row[0].g_col[1].u_pe.\u_mul.\g_bw.g_wallace.u_tree.\genblk1.g_reduce.u_next.\genblk1.g_reduce.u_next.\genblk1.g_reduce.u_next.$or$/home/danieltyukov/workspace/personal/tt-ihp-int8-npu/src/npu_csa_reduce.sv:53$1887 ($or).
Removed top 1 bits (of 16) from port A of cell tt_um_danieltyukov_int8_npu.$flatten\u_core.\u_array.\g_row[0].g_col[1].u_pe.\u_mul.\g_bw.g_wallace.u_tree.\genblk1.g_reduce.u_next.\genblk1.g_reduce.u_next.\genblk1.g_reduce.u_next.$or$/home/danieltyukov/workspace/personal/tt-ihp-int8-npu/src/npu_csa_reduce.sv:53$1887 ($or).
Removed top 1 bits (of 16) from port B of cell tt_um_danieltyukov_int8_npu.$flatten\u_core.\u_array.\g_row[0].g_col[1].u_pe.\u_mul.\g_bw.g_wallace.u_tree.\genblk1.g_reduce.u_next.\genblk1.g_reduce.u_next.\genblk1.g_reduce.u_next.$or$/home/danieltyukov/workspace/personal/tt-ihp-int8-npu/src/npu_csa_reduce.sv:53$1887 ($or).
Removed top 1 bits (of 16) from port Y of cell tt_um_danieltyukov_int8_npu.$flatten\u_core.\u_array.\g_row[0].g_col[1].u_pe.\u_mul.\g_bw.g_wallace.u_tree.\genblk1.g_reduce.u_next.\genblk1.g_reduce.u_next.$or$/home/danieltyukov/workspace/personal/tt-ihp-int8-npu/src/npu_csa_reduce.sv:53$2036 ($or).
Removed top 1 bits (of 16) from port A of cell tt_um_danieltyukov_int8_npu.$flatten\u_core.\u_array.\g_row[0].g_col[1].u_pe.\u_mul.\g_bw.g_wallace.u_tree.\genblk1.g_reduce.u_next.\genblk1.g_reduce.u_next.$or$/home/danieltyukov/workspace/personal/tt-ihp-int8-npu/src/npu_csa_reduce.sv:53$2036 ($or).
Removed top 1 bits (of 16) from port B of cell tt_um_danieltyukov_int8_npu.$flatten\u_core.\u_array.\g_row[0].g_col[1].u_pe.\u_mul.\g_bw.g_wallace.u_tree.\genblk1.g_reduce.u_next.\genblk1.g_reduce.u_next.$or$/home/danieltyukov/workspace/personal/tt-ihp-int8-npu/src/npu_csa_reduce.sv:53$2036 ($or).
Removed top 1 bits (of 16) from port Y of cell tt_um_danieltyukov_int8_npu.$flatten\u_core.\u_array.\g_row[0].g_col[1].u_pe.\u_mul.\g_bw.g_wallace.u_tree.\genblk1.g_reduce.u_next.\genblk1.g_reduce.u_next.$and$/home/danieltyukov/workspace/personal/tt-ihp-int8-npu/src/npu_csa_reduce.sv:53$2035 ($and).
Removed top 1 bits (of 16) from port A of cell tt_um_danieltyukov_int8_npu.$flatten\u_core.\u_array.\g_row[0].g_col[1].u_pe.\u_mul.\g_bw.g_wallace.u_tree.\genblk1.g_reduce.u_next.\genblk1.g_reduce.u_next.$and$/home/danieltyukov/workspace/personal/tt-ihp-int8-npu/src/npu_csa_reduce.sv:53$2035 ($and).
Removed top 1 bits (of 16) from port B of cell tt_um_danieltyukov_int8_npu.$flatten\u_core.\u_array.\g_row[0].g_col[1].u_pe.\u_mul.\g_bw.g_wallace.u_tree.\genblk1.g_reduce.u_next.\genblk1.g_reduce.u_next.$and$/home/danieltyukov/workspace/personal/tt-ihp-int8-npu/src/npu_csa_reduce.sv:53$2035 ($and).
Removed top 1 bits (of 16) from port Y of cell tt_um_danieltyukov_int8_npu.$flatten\u_core.\u_array.\g_row[0].g_col[1].u_pe.\u_mul.\g_bw.g_wallace.u_tree.\genblk1.g_reduce.u_next.\genblk1.g_reduce.u_next.$or$/home/danieltyukov/workspace/personal/tt-ihp-int8-npu/src/npu_csa_reduce.sv:53$2034 ($or).
Removed top 1 bits (of 16) from port A of cell tt_um_danieltyukov_int8_npu.$flatten\u_core.\u_array.\g_row[0].g_col[1].u_pe.\u_mul.\g_bw.g_wallace.u_tree.\genblk1.g_reduce.u_next.\genblk1.g_reduce.u_next.$or$/home/danieltyukov/workspace/personal/tt-ihp-int8-npu/src/npu_csa_reduce.sv:53$2034 ($or).
Removed top 1 bits (of 16) from port B of cell tt_um_danieltyukov_int8_npu.$flatten\u_core.\u_array.\g_row[0].g_col[1].u_pe.\u_mul.\g_bw.g_wallace.u_tree.\genblk1.g_reduce.u_next.\genblk1.g_reduce.u_next.$or$/home/danieltyukov/workspace/personal/tt-ihp-int8-npu/src/npu_csa_reduce.sv:53$2034 ($or).
Removed top 1 bits (of 16) from port Y of cell tt_um_danieltyukov_int8_npu.$flatten\u_core.\u_array.\g_row[0].g_col[1].u_pe.\u_mul.\g_bw.g_wallace.u_tree.\genblk1.g_reduce.u_next.\genblk1.g_reduce.u_next.$and$/home/danieltyukov/workspace/personal/tt-ihp-int8-npu/src/npu_csa_reduce.sv:53$2033 ($and).
Removed top 1 bits (of 16) from port A of cell tt_um_danieltyukov_int8_npu.$flatten\u_core.\u_array.\g_row[0].g_col[1].u_pe.\u_mul.\g_bw.g_wallace.u_tree.\genblk1.g_reduce.u_next.\genblk1.g_reduce.u_next.$and$/home/danieltyukov/workspace/personal/tt-ihp-int8-npu/src/npu_csa_reduce.sv:53$2033 ($and).
Removed top 1 bits (of 16) from port B of cell tt_um_danieltyukov_int8_npu.$flatten\u_core.\u_array.\g_row[0].g_col[1].u_pe.\u_mul.\g_bw.g_wallace.u_tree.\genblk1.g_reduce.u_next.\genblk1.g_reduce.u_next.$and$/home/danieltyukov/workspace/personal/tt-ihp-int8-npu/src/npu_csa_reduce.sv:53$2033 ($and).
Removed top 1 bits (of 16) from port Y of cell tt_um_danieltyukov_int8_npu.$flatten\u_core.\u_array.\g_row[0].g_col[1].u_pe.\u_mul.\g_bw.g_wallace.u_tree.\genblk1.g_reduce.u_next.\genblk1.g_reduce.u_next.$and$/home/danieltyukov/workspace/personal/tt-ihp-int8-npu/src/npu_csa_reduce.sv:53$2032 ($and).
Removed top 1 bits (of 16) from port A of cell tt_um_danieltyukov_int8_npu.$flatten\u_core.\u_array.\g_row[0].g_col[1].u_pe.\u_mul.\g_bw.g_wallace.u_tree.\genblk1.g_reduce.u_next.\genblk1.g_reduce.u_next.$and$/home/danieltyukov/workspace/personal/tt-ihp-int8-npu/src/npu_csa_reduce.sv:53$2032 ($and).
Removed top 1 bits (of 16) from port B of cell tt_um_danieltyukov_int8_npu.$flatten\u_core.\u_array.\g_row[0].g_col[1].u_pe.\u_mul.\g_bw.g_wallace.u_tree.\genblk1.g_reduce.u_next.\genblk1.g_reduce.u_next.$and$/home/danieltyukov/workspace/personal/tt-ihp-int8-npu/src/npu_csa_reduce.sv:53$2032 ($and).
Removed top 7 bits (of 16) from port B of cell tt_um_danieltyukov_int8_npu.$flatten\u_core.\u_array.\g_row[0].g_col[1].u_pe.\u_mul.\g_bw.g_wallace.u_tree.$or$/home/danieltyukov/workspace/personal/tt-ihp-int8-npu/src/npu_csa_reduce.sv:53$1909 ($or).
Removed top 1 bits (of 16) from port Y of cell tt_um_danieltyukov_int8_npu.$flatten\u_core.\u_array.\g_row[0].g_col[1].u_pe.\u_mul.\g_bw.g_wallace.u_tree.$or$/home/danieltyukov/workspace/personal/tt-ihp-int8-npu/src/npu_csa_reduce.sv:53$1909 ($or).
Removed top 1 bits (of 16) from port A of cell tt_um_danieltyukov_int8_npu.$flatten\u_core.\u_array.\g_row[0].g_col[1].u_pe.\u_mul.\g_bw.g_wallace.u_tree.$or$/home/danieltyukov/workspace/personal/tt-ihp-int8-npu/src/npu_csa_reduce.sv:53$1909 ($or).
Removed top 7 bits (of 16) from port B of cell tt_um_danieltyukov_int8_npu.$flatten\u_core.\u_array.\g_row[0].g_col[1].u_pe.\u_mul.\g_bw.g_wallace.u_tree.$or$/home/danieltyukov/workspace/personal/tt-ihp-int8-npu/src/npu_csa_reduce.sv:53$1907 ($or).
Removed top 1 bits (of 16) from port Y of cell tt_um_danieltyukov_int8_npu.$flatten\u_core.\u_array.\g_row[0].g_col[1].u_pe.\u_mul.\g_bw.g_wallace.u_tree.$or$/home/danieltyukov/workspace/personal/tt-ihp-int8-npu/src/npu_csa_reduce.sv:53$1907 ($or).
Removed top 1 bits (of 16) from port A of cell tt_um_danieltyukov_int8_npu.$flatten\u_core.\u_array.\g_row[0].g_col[1].u_pe.\u_mul.\g_bw.g_wallace.u_tree.$or$/home/danieltyukov/workspace/personal/tt-ihp-int8-npu/src/npu_csa_reduce.sv:53$1907 ($or).
Removed top 2 bits (of 16) from port A of cell tt_um_danieltyukov_int8_npu.$flatten\u_core.\u_array.\g_row[0].g_col[1].u_pe.\u_mul.\g_bw.g_wallace.u_tree.$and$/home/danieltyukov/workspace/personal/tt-ihp-int8-npu/src/npu_csa_reduce.sv:53$1905 ($and).
Removed top 1 bits (of 16) from port B of cell tt_um_danieltyukov_int8_npu.$flatten\u_core.\u_array.\g_row[0].g_col[1].u_pe.\u_mul.\g_bw.g_wallace.u_tree.$and$/home/danieltyukov/workspace/personal/tt-ihp-int8-npu/src/npu_csa_reduce.sv:53$1905 ($and).
Removed top 1 bits (of 16) from port Y of cell tt_um_danieltyukov_int8_npu.$flatten\u_core.\u_array.\g_row[0].g_col[1].u_pe.\u_mul.\g_bw.g_wallace.u_tree.$and$/home/danieltyukov/workspace/personal/tt-ihp-int8-npu/src/npu_csa_reduce.sv:53$1905 ($and).
Removed top 2 bits (of 16) from port A of cell tt_um_danieltyukov_int8_npu.$flatten\u_core.\u_array.\g_row[0].g_col[1].u_pe.\u_mul.\g_bw.g_wallace.u_tree.$xor$/home/danieltyukov/workspace/personal/tt-ihp-int8-npu/src/npu_csa_reduce.sv:49$1903 ($xor).
Removed top 1 bits (of 16) from port B of cell tt_um_danieltyukov_int8_npu.$flatten\u_core.\u_array.\g_row[0].g_col[1].u_pe.\u_mul.\g_bw.g_wallace.u_tree.$xor$/home/danieltyukov/workspace/personal/tt-ihp-int8-npu/src/npu_csa_reduce.sv:49$1903 ($xor).
Removed top 1 bits (of 16) from port Y of cell tt_um_danieltyukov_int8_npu.$flatten\u_core.\u_array.\g_row[0].g_col[1].u_pe.\u_mul.\g_bw.g_wallace.u_tree.$xor$/home/danieltyukov/workspace/personal/tt-ihp-int8-npu/src/npu_csa_reduce.sv:49$1903 ($xor).
Removed top 1 bits (of 16) from port Y of cell tt_um_danieltyukov_int8_npu.$flatten\u_core.\u_array.\g_row[0].g_col[1].u_pe.\u_mul.\g_bw.g_wallace.u_tree.$or$/home/danieltyukov/workspace/personal/tt-ihp-int8-npu/src/npu_csa_reduce.sv:53$1902 ($or).
Removed top 1 bits (of 16) from port A of cell tt_um_danieltyukov_int8_npu.$flatten\u_core.\u_array.\g_row[0].g_col[1].u_pe.\u_mul.\g_bw.g_wallace.u_tree.$or$/home/danieltyukov/workspace/personal/tt-ihp-int8-npu/src/npu_csa_reduce.sv:53$1902 ($or).
Removed top 1 bits (of 16) from port B of cell tt_um_danieltyukov_int8_npu.$flatten\u_core.\u_array.\g_row[0].g_col[1].u_pe.\u_mul.\g_bw.g_wallace.u_tree.$or$/home/danieltyukov/workspace/personal/tt-ihp-int8-npu/src/npu_csa_reduce.sv:53$1902 ($or).
Removed top 4 bits (of 16) from port A of cell tt_um_danieltyukov_int8_npu.$flatten\u_core.\u_array.\g_row[0].g_col[1].u_pe.\u_mul.\g_bw.g_wallace.u_tree.$and$/home/danieltyukov/workspace/personal/tt-ihp-int8-npu/src/npu_csa_reduce.sv:53$1901 ($and).
Removed top 3 bits (of 16) from port B of cell tt_um_danieltyukov_int8_npu.$flatten\u_core.\u_array.\g_row[0].g_col[1].u_pe.\u_mul.\g_bw.g_wallace.u_tree.$and$/home/danieltyukov/workspace/personal/tt-ihp-int8-npu/src/npu_csa_reduce.sv:53$1901 ($and).
Removed top 3 bits (of 16) from port Y of cell tt_um_danieltyukov_int8_npu.$flatten\u_core.\u_array.\g_row[0].g_col[1].u_pe.\u_mul.\g_bw.g_wallace.u_tree.$and$/home/danieltyukov/workspace/personal/tt-ihp-int8-npu/src/npu_csa_reduce.sv:53$1901 ($and).
Removed top 1 bits (of 16) from port Y of cell tt_um_danieltyukov_int8_npu.$flatten\u_core.\u_array.\g_row[0].g_col[1].u_pe.\u_mul.\g_bw.g_wallace.u_tree.$or$/home/danieltyukov/workspace/personal/tt-ihp-int8-npu/src/npu_csa_reduce.sv:53$1900 ($or).
Removed top 1 bits (of 16) from port A of cell tt_um_danieltyukov_int8_npu.$flatten\u_core.\u_array.\g_row[0].g_col[1].u_pe.\u_mul.\g_bw.g_wallace.u_tree.$or$/home/danieltyukov/workspace/personal/tt-ihp-int8-npu/src/npu_csa_reduce.sv:53$1900 ($or).
Removed top 1 bits (of 16) from port B of cell tt_um_danieltyukov_int8_npu.$flatten\u_core.\u_array.\g_row[0].g_col[1].u_pe.\u_mul.\g_bw.g_wallace.u_tree.$or$/home/danieltyukov/workspace/personal/tt-ihp-int8-npu/src/npu_csa_reduce.sv:53$1900 ($or).
Removed top 5 bits (of 16) from port A of cell tt_um_danieltyukov_int8_npu.$flatten\u_core.\u_array.\g_row[0].g_col[1].u_pe.\u_mul.\g_bw.g_wallace.u_tree.$and$/home/danieltyukov/workspace/personal/tt-ihp-int8-npu/src/npu_csa_reduce.sv:53$1899 ($and).
Removed top 3 bits (of 16) from port B of cell tt_um_danieltyukov_int8_npu.$flatten\u_core.\u_array.\g_row[0].g_col[1].u_pe.\u_mul.\g_bw.g_wallace.u_tree.$and$/home/danieltyukov/workspace/personal/tt-ihp-int8-npu/src/npu_csa_reduce.sv:53$1899 ($and).
Removed top 3 bits (of 16) from port Y of cell tt_um_danieltyukov_int8_npu.$flatten\u_core.\u_array.\g_row[0].g_col[1].u_pe.\u_mul.\g_bw.g_wallace.u_tree.$and$/home/danieltyukov/workspace/personal/tt-ihp-int8-npu/src/npu_csa_reduce.sv:53$1899 ($and).
Removed top 5 bits (of 16) from port A of cell tt_um_danieltyukov_int8_npu.$flatten\u_core.\u_array.\g_row[0].g_col[1].u_pe.\u_mul.\g_bw.g_wallace.u_tree.$and$/home/danieltyukov/workspace/personal/tt-ihp-int8-npu/src/npu_csa_reduce.sv:53$1898 ($and).
Removed top 4 bits (of 16) from port B of cell tt_um_danieltyukov_int8_npu.$flatten\u_core.\u_array.\g_row[0].g_col[1].u_pe.\u_mul.\g_bw.g_wallace.u_tree.$and$/home/danieltyukov/workspace/personal/tt-ihp-int8-npu/src/npu_csa_reduce.sv:53$1898 ($and).
Removed top 4 bits (of 16) from port Y of cell tt_um_danieltyukov_int8_npu.$flatten\u_core.\u_array.\g_row[0].g_col[1].u_pe.\u_mul.\g_bw.g_wallace.u_tree.$and$/home/danieltyukov/workspace/personal/tt-ihp-int8-npu/src/npu_csa_reduce.sv:53$1898 ($and).
Removed top 3 bits (of 16) from port B of cell tt_um_danieltyukov_int8_npu.$flatten\u_core.\u_array.\g_row[0].g_col[1].u_pe.\u_mul.\g_bw.g_wallace.u_tree.$xor$/home/danieltyukov/workspace/personal/tt-ihp-int8-npu/src/npu_csa_reduce.sv:49$1897 ($xor).
Removed top 5 bits (of 16) from port A of cell tt_um_danieltyukov_int8_npu.$flatten\u_core.\u_array.\g_row[0].g_col[1].u_pe.\u_mul.\g_bw.g_wallace.u_tree.$xor$/home/danieltyukov/workspace/personal/tt-ihp-int8-npu/src/npu_csa_reduce.sv:49$1896 ($xor).
Removed top 4 bits (of 16) from port B of cell tt_um_danieltyukov_int8_npu.$flatten\u_core.\u_array.\g_row[0].g_col[1].u_pe.\u_mul.\g_bw.g_wallace.u_tree.$xor$/home/danieltyukov/workspace/personal/tt-ihp-int8-npu/src/npu_csa_reduce.sv:49$1896 ($xor).
Removed top 4 bits (of 16) from port Y of cell tt_um_danieltyukov_int8_npu.$flatten\u_core.\u_array.\g_row[0].g_col[1].u_pe.\u_mul.\g_bw.g_wallace.u_tree.$xor$/home/danieltyukov/workspace/personal/tt-ihp-int8-npu/src/npu_csa_reduce.sv:49$1896 ($xor).
Removed top 1 bits (of 16) from port Y of cell tt_um_danieltyukov_int8_npu.$flatten\u_core.\u_array.\g_row[0].g_col[1].u_pe.\u_mul.\g_bw.g_wallace.u_tree.$or$/home/danieltyukov/workspace/personal/tt-ihp-int8-npu/src/npu_csa_reduce.sv:53$1895 ($or).
Removed top 1 bits (of 16) from port A of cell tt_um_danieltyukov_int8_npu.$flatten\u_core.\u_array.\g_row[0].g_col[1].u_pe.\u_mul.\g_bw.g_wallace.u_tree.$or$/home/danieltyukov/workspace/personal/tt-ihp-int8-npu/src/npu_csa_reduce.sv:53$1895 ($or).
Removed top 1 bits (of 16) from port B of cell tt_um_danieltyukov_int8_npu.$flatten\u_core.\u_array.\g_row[0].g_col[1].u_pe.\u_mul.\g_bw.g_wallace.u_tree.$or$/home/danieltyukov/workspace/personal/tt-ihp-int8-npu/src/npu_csa_reduce.sv:53$1895 ($or).
Removed top 7 bits (of 16) from port A of cell tt_um_danieltyukov_int8_npu.$flatten\u_core.\u_array.\g_row[0].g_col[1].u_pe.\u_mul.\g_bw.g_wallace.u_tree.$and$/home/danieltyukov/workspace/personal/tt-ihp-int8-npu/src/npu_csa_reduce.sv:53$1894 ($and).
Removed top 6 bits (of 16) from port B of cell tt_um_danieltyukov_int8_npu.$flatten\u_core.\u_array.\g_row[0].g_col[1].u_pe.\u_mul.\g_bw.g_wallace.u_tree.$and$/home/danieltyukov/workspace/personal/tt-ihp-int8-npu/src/npu_csa_reduce.sv:53$1894 ($and).
Removed top 6 bits (of 16) from port Y of cell tt_um_danieltyukov_int8_npu.$flatten\u_core.\u_array.\g_row[0].g_col[1].u_pe.\u_mul.\g_bw.g_wallace.u_tree.$and$/home/danieltyukov/workspace/personal/tt-ihp-int8-npu/src/npu_csa_reduce.sv:53$1894 ($and).
Removed top 1 bits (of 16) from port Y of cell tt_um_danieltyukov_int8_npu.$flatten\u_core.\u_array.\g_row[0].g_col[1].u_pe.\u_mul.\g_bw.g_wallace.u_tree.$or$/home/danieltyukov/workspace/personal/tt-ihp-int8-npu/src/npu_csa_reduce.sv:53$1893 ($or).
Removed top 1 bits (of 16) from port A of cell tt_um_danieltyukov_int8_npu.$flatten\u_core.\u_array.\g_row[0].g_col[1].u_pe.\u_mul.\g_bw.g_wallace.u_tree.$or$/home/danieltyukov/workspace/personal/tt-ihp-int8-npu/src/npu_csa_reduce.sv:53$1893 ($or).
Removed top 1 bits (of 16) from port B of cell tt_um_danieltyukov_int8_npu.$flatten\u_core.\u_array.\g_row[0].g_col[1].u_pe.\u_mul.\g_bw.g_wallace.u_tree.$or$/home/danieltyukov/workspace/personal/tt-ihp-int8-npu/src/npu_csa_reduce.sv:53$1893 ($or).
Removed top 8 bits (of 16) from port A of cell tt_um_danieltyukov_int8_npu.$flatten\u_core.\u_array.\g_row[0].g_col[1].u_pe.\u_mul.\g_bw.g_wallace.u_tree.$and$/home/danieltyukov/workspace/personal/tt-ihp-int8-npu/src/npu_csa_reduce.sv:53$1892 ($and).
Removed top 6 bits (of 16) from port B of cell tt_um_danieltyukov_int8_npu.$flatten\u_core.\u_array.\g_row[0].g_col[1].u_pe.\u_mul.\g_bw.g_wallace.u_tree.$and$/home/danieltyukov/workspace/personal/tt-ihp-int8-npu/src/npu_csa_reduce.sv:53$1892 ($and).
Removed top 6 bits (of 16) from port Y of cell tt_um_danieltyukov_int8_npu.$flatten\u_core.\u_array.\g_row[0].g_col[1].u_pe.\u_mul.\g_bw.g_wallace.u_tree.$and$/home/danieltyukov/workspace/personal/tt-ihp-int8-npu/src/npu_csa_reduce.sv:53$1892 ($and).
Removed top 8 bits (of 16) from port A of cell tt_um_danieltyukov_int8_npu.$flatten\u_core.\u_array.\g_row[0].g_col[1].u_pe.\u_mul.\g_bw.g_wallace.u_tree.$and$/home/danieltyukov/workspace/personal/tt-ihp-int8-npu/src/npu_csa_reduce.sv:53$1891 ($and).
Removed top 7 bits (of 16) from port B of cell tt_um_danieltyukov_int8_npu.$flatten\u_core.\u_array.\g_row[0].g_col[1].u_pe.\u_mul.\g_bw.g_wallace.u_tree.$and$/home/danieltyukov/workspace/personal/tt-ihp-int8-npu/src/npu_csa_reduce.sv:53$1891 ($and).
Removed top 7 bits (of 16) from port Y of cell tt_um_danieltyukov_int8_npu.$flatten\u_core.\u_array.\g_row[0].g_col[1].u_pe.\u_mul.\g_bw.g_wallace.u_tree.$and$/home/danieltyukov/workspace/personal/tt-ihp-int8-npu/src/npu_csa_reduce.sv:53$1891 ($and).
Removed top 7 bits (of 16) from port A of cell tt_um_danieltyukov_int8_npu.$flatten\u_core.\u_array.\g_row[0].g_col[1].u_pe.\u_mul.\g_bw.g_wallace.u_tree.$xor$/home/danieltyukov/workspace/personal/tt-ihp-int8-npu/src/npu_csa_reduce.sv:49$1890 ($xor).
Removed top 6 bits (of 16) from port B of cell tt_um_danieltyukov_int8_npu.$flatten\u_core.\u_array.\g_row[0].g_col[1].u_pe.\u_mul.\g_bw.g_wallace.u_tree.$xor$/home/danieltyukov/workspace/personal/tt-ihp-int8-npu/src/npu_csa_reduce.sv:49$1890 ($xor).
Removed top 6 bits (of 16) from port Y of cell tt_um_danieltyukov_int8_npu.$flatten\u_core.\u_array.\g_row[0].g_col[1].u_pe.\u_mul.\g_bw.g_wallace.u_tree.$xor$/home/danieltyukov/workspace/personal/tt-ihp-int8-npu/src/npu_csa_reduce.sv:49$1890 ($xor).
Removed top 2 bits (of 18) from FF cell tt_um_danieltyukov_int8_npu.$flatten\u_core.\u_array.\g_row[0].g_col[1].u_pe.$procdff$2876 ($adff).
Removed top 1 bits (of 18) from port Y of cell tt_um_danieltyukov_int8_npu.$flatten\u_core.\u_array.\g_row[1].g_col[0].u_pe.\u_add.$and$/home/danieltyukov/workspace/personal/tt-ihp-int8-npu/src/npu_adder.sv:60$1759 ($and).
Removed top 1 bits (of 18) from port A of cell tt_um_danieltyukov_int8_npu.$flatten\u_core.\u_array.\g_row[1].g_col[0].u_pe.\u_add.$and$/home/danieltyukov/workspace/personal/tt-ihp-int8-npu/src/npu_adder.sv:60$1759 ($and).
Removed top 1 bits (of 18) from port B of cell tt_um_danieltyukov_int8_npu.$flatten\u_core.\u_array.\g_row[1].g_col[0].u_pe.\u_add.$and$/home/danieltyukov/workspace/personal/tt-ihp-int8-npu/src/npu_adder.sv:60$1759 ($and).
Removed top 8 bits (of 16) from port A of cell tt_um_danieltyukov_int8_npu.$flatten\u_core.\u_array.\g_row[1].g_col[0].u_pe.\u_mul.\g_bw.g_wallace.u_tree.$xor$/home/danieltyukov/workspace/personal/tt-ihp-int8-npu/src/npu_csa_reduce.sv:49$1889 ($xor).
Removed top 7 bits (of 16) from port B of cell tt_um_danieltyukov_int8_npu.$flatten\u_core.\u_array.\g_row[1].g_col[0].u_pe.\u_mul.\g_bw.g_wallace.u_tree.$xor$/home/danieltyukov/workspace/personal/tt-ihp-int8-npu/src/npu_csa_reduce.sv:49$1889 ($xor).
Removed top 7 bits (of 16) from port Y of cell tt_um_danieltyukov_int8_npu.$flatten\u_core.\u_array.\g_row[1].g_col[0].u_pe.\u_mul.\g_bw.g_wallace.u_tree.$xor$/home/danieltyukov/workspace/personal/tt-ihp-int8-npu/src/npu_csa_reduce.sv:49$1889 ($xor).
Removed top 1 bits (of 16) from port Y of cell tt_um_danieltyukov_int8_npu.$flatten\u_core.\u_array.\g_row[1].g_col[0].u_pe.\u_mul.\u_cpa.$and$/home/danieltyukov/workspace/personal/tt-ihp-int8-npu/src/npu_adder.sv:60$1912 ($and).
Removed top 1 bits (of 16) from port A of cell tt_um_danieltyukov_int8_npu.$flatten\u_core.\u_array.\g_row[1].g_col[0].u_pe.\u_mul.\u_cpa.$and$/home/danieltyukov/workspace/personal/tt-ihp-int8-npu/src/npu_adder.sv:60$1912 ($and).
Removed top 1 bits (of 16) from port B of cell tt_um_danieltyukov_int8_npu.$flatten\u_core.\u_array.\g_row[1].g_col[0].u_pe.\u_mul.\u_cpa.$and$/home/danieltyukov/workspace/personal/tt-ihp-int8-npu/src/npu_adder.sv:60$1912 ($and).
Removed top 1 bits (of 16) from port Y of cell tt_um_danieltyukov_int8_npu.$flatten\u_core.\u_array.\g_row[1].g_col[0].u_pe.\u_mul.\g_bw.g_wallace.u_tree.\genblk1.g_reduce.u_next.$or$/home/danieltyukov/workspace/personal/tt-ihp-int8-npu/src/npu_csa_reduce.sv:53$2021 ($or).
Removed top 1 bits (of 16) from port A of cell tt_um_danieltyukov_int8_npu.$flatten\u_core.\u_array.\g_row[1].g_col[0].u_pe.\u_mul.\g_bw.g_wallace.u_tree.\genblk1.g_reduce.u_next.$or$/home/danieltyukov/workspace/personal/tt-ihp-int8-npu/src/npu_csa_reduce.sv:53$2021 ($or).
Removed top 1 bits (of 16) from port B of cell tt_um_danieltyukov_int8_npu.$flatten\u_core.\u_array.\g_row[1].g_col[0].u_pe.\u_mul.\g_bw.g_wallace.u_tree.\genblk1.g_reduce.u_next.$or$/home/danieltyukov/workspace/personal/tt-ihp-int8-npu/src/npu_csa_reduce.sv:53$2021 ($or).
Removed top 1 bits (of 16) from port Y of cell tt_um_danieltyukov_int8_npu.$flatten\u_core.\u_array.\g_row[1].g_col[0].u_pe.\u_mul.\g_bw.g_wallace.u_tree.\genblk1.g_reduce.u_next.$or$/home/danieltyukov/workspace/personal/tt-ihp-int8-npu/src/npu_csa_reduce.sv:53$2028 ($or).
Removed top 1 bits (of 16) from port A of cell tt_um_danieltyukov_int8_npu.$flatten\u_core.\u_array.\g_row[1].g_col[0].u_pe.\u_mul.\g_bw.g_wallace.u_tree.\genblk1.g_reduce.u_next.$or$/home/danieltyukov/workspace/personal/tt-ihp-int8-npu/src/npu_csa_reduce.sv:53$2028 ($or).
Removed top 1 bits (of 16) from port B of cell tt_um_danieltyukov_int8_npu.$flatten\u_core.\u_array.\g_row[1].g_col[0].u_pe.\u_mul.\g_bw.g_wallace.u_tree.\genblk1.g_reduce.u_next.$or$/home/danieltyukov/workspace/personal/tt-ihp-int8-npu/src/npu_csa_reduce.sv:53$2028 ($or).
Removed top 1 bits (of 16) from port Y of cell tt_um_danieltyukov_int8_npu.$flatten\u_core.\u_array.\g_row[1].g_col[0].u_pe.\u_mul.\g_bw.g_wallace.u_tree.\genblk1.g_reduce.u_next.\genblk1.g_reduce.u_next.\genblk1.g_reduce.u_next.$or$/home/danieltyukov/workspace/personal/tt-ihp-int8-npu/src/npu_csa_reduce.sv:53$1887 ($or).
Removed top 1 bits (of 16) from port A of cell tt_um_danieltyukov_int8_npu.$flatten\u_core.\u_array.\g_row[1].g_col[0].u_pe.\u_mul.\g_bw.g_wallace.u_tree.\genblk1.g_reduce.u_next.\genblk1.g_reduce.u_next.\genblk1.g_reduce.u_next.$or$/home/danieltyukov/workspace/personal/tt-ihp-int8-npu/src/npu_csa_reduce.sv:53$1887 ($or).
Removed top 1 bits (of 16) from port B of cell tt_um_danieltyukov_int8_npu.$flatten\u_core.\u_array.\g_row[1].g_col[0].u_pe.\u_mul.\g_bw.g_wallace.u_tree.\genblk1.g_reduce.u_next.\genblk1.g_reduce.u_next.\genblk1.g_reduce.u_next.$or$/home/danieltyukov/workspace/personal/tt-ihp-int8-npu/src/npu_csa_reduce.sv:53$1887 ($or).
Removed top 1 bits (of 16) from port Y of cell tt_um_danieltyukov_int8_npu.$flatten\u_core.\u_array.\g_row[1].g_col[0].u_pe.\u_mul.\g_bw.g_wallace.u_tree.\genblk1.g_reduce.u_next.\genblk1.g_reduce.u_next.$or$/home/danieltyukov/workspace/personal/tt-ihp-int8-npu/src/npu_csa_reduce.sv:53$2036 ($or).
Removed top 1 bits (of 16) from port A of cell tt_um_danieltyukov_int8_npu.$flatten\u_core.\u_array.\g_row[1].g_col[0].u_pe.\u_mul.\g_bw.g_wallace.u_tree.\genblk1.g_reduce.u_next.\genblk1.g_reduce.u_next.$or$/home/danieltyukov/workspace/personal/tt-ihp-int8-npu/src/npu_csa_reduce.sv:53$2036 ($or).
Removed top 1 bits (of 16) from port B of cell tt_um_danieltyukov_int8_npu.$flatten\u_core.\u_array.\g_row[1].g_col[0].u_pe.\u_mul.\g_bw.g_wallace.u_tree.\genblk1.g_reduce.u_next.\genblk1.g_reduce.u_next.$or$/home/danieltyukov/workspace/personal/tt-ihp-int8-npu/src/npu_csa_reduce.sv:53$2036 ($or).
Removed top 1 bits (of 16) from port Y of cell tt_um_danieltyukov_int8_npu.$flatten\u_core.\u_array.\g_row[1].g_col[0].u_pe.\u_mul.\g_bw.g_wallace.u_tree.\genblk1.g_reduce.u_next.\genblk1.g_reduce.u_next.$and$/home/danieltyukov/workspace/personal/tt-ihp-int8-npu/src/npu_csa_reduce.sv:53$2035 ($and).
Removed top 1 bits (of 16) from port A of cell tt_um_danieltyukov_int8_npu.$flatten\u_core.\u_array.\g_row[1].g_col[0].u_pe.\u_mul.\g_bw.g_wallace.u_tree.\genblk1.g_reduce.u_next.\genblk1.g_reduce.u_next.$and$/home/danieltyukov/workspace/personal/tt-ihp-int8-npu/src/npu_csa_reduce.sv:53$2035 ($and).
Removed top 1 bits (of 16) from port B of cell tt_um_danieltyukov_int8_npu.$flatten\u_core.\u_array.\g_row[1].g_col[0].u_pe.\u_mul.\g_bw.g_wallace.u_tree.\genblk1.g_reduce.u_next.\genblk1.g_reduce.u_next.$and$/home/danieltyukov/workspace/personal/tt-ihp-int8-npu/src/npu_csa_reduce.sv:53$2035 ($and).
Removed top 1 bits (of 16) from port Y of cell tt_um_danieltyukov_int8_npu.$flatten\u_core.\u_array.\g_row[1].g_col[0].u_pe.\u_mul.\g_bw.g_wallace.u_tree.\genblk1.g_reduce.u_next.\genblk1.g_reduce.u_next.$or$/home/danieltyukov/workspace/personal/tt-ihp-int8-npu/src/npu_csa_reduce.sv:53$2034 ($or).
Removed top 1 bits (of 16) from port A of cell tt_um_danieltyukov_int8_npu.$flatten\u_core.\u_array.\g_row[1].g_col[0].u_pe.\u_mul.\g_bw.g_wallace.u_tree.\genblk1.g_reduce.u_next.\genblk1.g_reduce.u_next.$or$/home/danieltyukov/workspace/personal/tt-ihp-int8-npu/src/npu_csa_reduce.sv:53$2034 ($or).
Removed top 1 bits (of 16) from port B of cell tt_um_danieltyukov_int8_npu.$flatten\u_core.\u_array.\g_row[1].g_col[0].u_pe.\u_mul.\g_bw.g_wallace.u_tree.\genblk1.g_reduce.u_next.\genblk1.g_reduce.u_next.$or$/home/danieltyukov/workspace/personal/tt-ihp-int8-npu/src/npu_csa_reduce.sv:53$2034 ($or).
Removed top 1 bits (of 16) from port Y of cell tt_um_danieltyukov_int8_npu.$flatten\u_core.\u_array.\g_row[1].g_col[0].u_pe.\u_mul.\g_bw.g_wallace.u_tree.\genblk1.g_reduce.u_next.\genblk1.g_reduce.u_next.$and$/home/danieltyukov/workspace/personal/tt-ihp-int8-npu/src/npu_csa_reduce.sv:53$2033 ($and).
Removed top 1 bits (of 16) from port A of cell tt_um_danieltyukov_int8_npu.$flatten\u_core.\u_array.\g_row[1].g_col[0].u_pe.\u_mul.\g_bw.g_wallace.u_tree.\genblk1.g_reduce.u_next.\genblk1.g_reduce.u_next.$and$/home/danieltyukov/workspace/personal/tt-ihp-int8-npu/src/npu_csa_reduce.sv:53$2033 ($and).
Removed top 1 bits (of 16) from port B of cell tt_um_danieltyukov_int8_npu.$flatten\u_core.\u_array.\g_row[1].g_col[0].u_pe.\u_mul.\g_bw.g_wallace.u_tree.\genblk1.g_reduce.u_next.\genblk1.g_reduce.u_next.$and$/home/danieltyukov/workspace/personal/tt-ihp-int8-npu/src/npu_csa_reduce.sv:53$2033 ($and).
Removed top 1 bits (of 16) from port Y of cell tt_um_danieltyukov_int8_npu.$flatten\u_core.\u_array.\g_row[1].g_col[0].u_pe.\u_mul.\g_bw.g_wallace.u_tree.\genblk1.g_reduce.u_next.\genblk1.g_reduce.u_next.$and$/home/danieltyukov/workspace/personal/tt-ihp-int8-npu/src/npu_csa_reduce.sv:53$2032 ($and).
Removed top 1 bits (of 16) from port A of cell tt_um_danieltyukov_int8_npu.$flatten\u_core.\u_array.\g_row[1].g_col[0].u_pe.\u_mul.\g_bw.g_wallace.u_tree.\genblk1.g_reduce.u_next.\genblk1.g_reduce.u_next.$and$/home/danieltyukov/workspace/personal/tt-ihp-int8-npu/src/npu_csa_reduce.sv:53$2032 ($and).
Removed top 1 bits (of 16) from port B of cell tt_um_danieltyukov_int8_npu.$flatten\u_core.\u_array.\g_row[1].g_col[0].u_pe.\u_mul.\g_bw.g_wallace.u_tree.\genblk1.g_reduce.u_next.\genblk1.g_reduce.u_next.$and$/home/danieltyukov/workspace/personal/tt-ihp-int8-npu/src/npu_csa_reduce.sv:53$2032 ($and).
Removed top 7 bits (of 16) from port B of cell tt_um_danieltyukov_int8_npu.$flatten\u_core.\u_array.\g_row[1].g_col[0].u_pe.\u_mul.\g_bw.g_wallace.u_tree.$or$/home/danieltyukov/workspace/personal/tt-ihp-int8-npu/src/npu_csa_reduce.sv:53$1909 ($or).
Removed top 1 bits (of 16) from port Y of cell tt_um_danieltyukov_int8_npu.$flatten\u_core.\u_array.\g_row[1].g_col[0].u_pe.\u_mul.\g_bw.g_wallace.u_tree.$or$/home/danieltyukov/workspace/personal/tt-ihp-int8-npu/src/npu_csa_reduce.sv:53$1909 ($or).
Removed top 1 bits (of 16) from port A of cell tt_um_danieltyukov_int8_npu.$flatten\u_core.\u_array.\g_row[1].g_col[0].u_pe.\u_mul.\g_bw.g_wallace.u_tree.$or$/home/danieltyukov/workspace/personal/tt-ihp-int8-npu/src/npu_csa_reduce.sv:53$1909 ($or).
Removed top 7 bits (of 16) from port B of cell tt_um_danieltyukov_int8_npu.$flatten\u_core.\u_array.\g_row[1].g_col[0].u_pe.\u_mul.\g_bw.g_wallace.u_tree.$or$/home/danieltyukov/workspace/personal/tt-ihp-int8-npu/src/npu_csa_reduce.sv:53$1907 ($or).
Removed top 1 bits (of 16) from port Y of cell tt_um_danieltyukov_int8_npu.$flatten\u_core.\u_array.\g_row[1].g_col[0].u_pe.\u_mul.\g_bw.g_wallace.u_tree.$or$/home/danieltyukov/workspace/personal/tt-ihp-int8-npu/src/npu_csa_reduce.sv:53$1907 ($or).
Removed top 1 bits (of 16) from port A of cell tt_um_danieltyukov_int8_npu.$flatten\u_core.\u_array.\g_row[1].g_col[0].u_pe.\u_mul.\g_bw.g_wallace.u_tree.$or$/home/danieltyukov/workspace/personal/tt-ihp-int8-npu/src/npu_csa_reduce.sv:53$1907 ($or).
Removed top 1 bits (of 2) from port A of cell tt_um_danieltyukov_int8_npu.$auto$opt_expr.cc:706:replace_const_cells$2973 ($not).
Removed top 2 bits (of 16) from port A of cell tt_um_danieltyukov_int8_npu.$flatten\u_core.\u_array.\g_row[1].g_col[0].u_pe.\u_mul.\g_bw.g_wallace.u_tree.$and$/home/danieltyukov/workspace/personal/tt-ihp-int8-npu/src/npu_csa_reduce.sv:53$1905 ($and).
Removed top 1 bits (of 16) from port B of cell tt_um_danieltyukov_int8_npu.$flatten\u_core.\u_array.\g_row[1].g_col[0].u_pe.\u_mul.\g_bw.g_wallace.u_tree.$and$/home/danieltyukov/workspace/personal/tt-ihp-int8-npu/src/npu_csa_reduce.sv:53$1905 ($and).
Removed top 1 bits (of 16) from port Y of cell tt_um_danieltyukov_int8_npu.$flatten\u_core.\u_array.\g_row[1].g_col[0].u_pe.\u_mul.\g_bw.g_wallace.u_tree.$and$/home/danieltyukov/workspace/personal/tt-ihp-int8-npu/src/npu_csa_reduce.sv:53$1905 ($and).
Removed top 2 bits (of 16) from port A of cell tt_um_danieltyukov_int8_npu.$flatten\u_core.\u_array.\g_row[1].g_col[0].u_pe.\u_mul.\g_bw.g_wallace.u_tree.$xor$/home/danieltyukov/workspace/personal/tt-ihp-int8-npu/src/npu_csa_reduce.sv:49$1903 ($xor).
Removed top 1 bits (of 16) from port B of cell tt_um_danieltyukov_int8_npu.$flatten\u_core.\u_array.\g_row[1].g_col[0].u_pe.\u_mul.\g_bw.g_wallace.u_tree.$xor$/home/danieltyukov/workspace/personal/tt-ihp-int8-npu/src/npu_csa_reduce.sv:49$1903 ($xor).
Removed top 1 bits (of 16) from port Y of cell tt_um_danieltyukov_int8_npu.$flatten\u_core.\u_array.\g_row[1].g_col[0].u_pe.\u_mul.\g_bw.g_wallace.u_tree.$xor$/home/danieltyukov/workspace/personal/tt-ihp-int8-npu/src/npu_csa_reduce.sv:49$1903 ($xor).
Removed top 1 bits (of 16) from port Y of cell tt_um_danieltyukov_int8_npu.$flatten\u_core.\u_array.\g_row[1].g_col[0].u_pe.\u_mul.\g_bw.g_wallace.u_tree.$or$/home/danieltyukov/workspace/personal/tt-ihp-int8-npu/src/npu_csa_reduce.sv:53$1902 ($or).
Removed top 1 bits (of 16) from port A of cell tt_um_danieltyukov_int8_npu.$flatten\u_core.\u_array.\g_row[1].g_col[0].u_pe.\u_mul.\g_bw.g_wallace.u_tree.$or$/home/danieltyukov/workspace/personal/tt-ihp-int8-npu/src/npu_csa_reduce.sv:53$1902 ($or).
Removed top 1 bits (of 16) from port B of cell tt_um_danieltyukov_int8_npu.$flatten\u_core.\u_array.\g_row[1].g_col[0].u_pe.\u_mul.\g_bw.g_wallace.u_tree.$or$/home/danieltyukov/workspace/personal/tt-ihp-int8-npu/src/npu_csa_reduce.sv:53$1902 ($or).
Removed top 4 bits (of 16) from port A of cell tt_um_danieltyukov_int8_npu.$flatten\u_core.\u_array.\g_row[1].g_col[0].u_pe.\u_mul.\g_bw.g_wallace.u_tree.$and$/home/danieltyukov/workspace/personal/tt-ihp-int8-npu/src/npu_csa_reduce.sv:53$1901 ($and).
Removed top 3 bits (of 16) from port B of cell tt_um_danieltyukov_int8_npu.$flatten\u_core.\u_array.\g_row[1].g_col[0].u_pe.\u_mul.\g_bw.g_wallace.u_tree.$and$/home/danieltyukov/workspace/personal/tt-ihp-int8-npu/src/npu_csa_reduce.sv:53$1901 ($and).
Removed top 3 bits (of 16) from port Y of cell tt_um_danieltyukov_int8_npu.$flatten\u_core.\u_array.\g_row[1].g_col[0].u_pe.\u_mul.\g_bw.g_wallace.u_tree.$and$/home/danieltyukov/workspace/personal/tt-ihp-int8-npu/src/npu_csa_reduce.sv:53$1901 ($and).
Removed top 1 bits (of 16) from port Y of cell tt_um_danieltyukov_int8_npu.$flatten\u_core.\u_array.\g_row[1].g_col[0].u_pe.\u_mul.\g_bw.g_wallace.u_tree.$or$/home/danieltyukov/workspace/personal/tt-ihp-int8-npu/src/npu_csa_reduce.sv:53$1900 ($or).
Removed top 1 bits (of 16) from port A of cell tt_um_danieltyukov_int8_npu.$flatten\u_core.\u_array.\g_row[1].g_col[0].u_pe.\u_mul.\g_bw.g_wallace.u_tree.$or$/home/danieltyukov/workspace/personal/tt-ihp-int8-npu/src/npu_csa_reduce.sv:53$1900 ($or).
Removed top 1 bits (of 16) from port B of cell tt_um_danieltyukov_int8_npu.$flatten\u_core.\u_array.\g_row[1].g_col[0].u_pe.\u_mul.\g_bw.g_wallace.u_tree.$or$/home/danieltyukov/workspace/personal/tt-ihp-int8-npu/src/npu_csa_reduce.sv:53$1900 ($or).
Removed top 5 bits (of 16) from port A of cell tt_um_danieltyukov_int8_npu.$flatten\u_core.\u_array.\g_row[1].g_col[0].u_pe.\u_mul.\g_bw.g_wallace.u_tree.$and$/home/danieltyukov/workspace/personal/tt-ihp-int8-npu/src/npu_csa_reduce.sv:53$1899 ($and).
Removed top 3 bits (of 16) from port B of cell tt_um_danieltyukov_int8_npu.$flatten\u_core.\u_array.\g_row[1].g_col[0].u_pe.\u_mul.\g_bw.g_wallace.u_tree.$and$/home/danieltyukov/workspace/personal/tt-ihp-int8-npu/src/npu_csa_reduce.sv:53$1899 ($and).
Removed top 3 bits (of 16) from port Y of cell tt_um_danieltyukov_int8_npu.$flatten\u_core.\u_array.\g_row[1].g_col[0].u_pe.\u_mul.\g_bw.g_wallace.u_tree.$and$/home/danieltyukov/workspace/personal/tt-ihp-int8-npu/src/npu_csa_reduce.sv:53$1899 ($and).
Removed top 5 bits (of 16) from port A of cell tt_um_danieltyukov_int8_npu.$flatten\u_core.\u_array.\g_row[1].g_col[0].u_pe.\u_mul.\g_bw.g_wallace.u_tree.$and$/home/danieltyukov/workspace/personal/tt-ihp-int8-npu/src/npu_csa_reduce.sv:53$1898 ($and).
Removed top 4 bits (of 16) from port B of cell tt_um_danieltyukov_int8_npu.$flatten\u_core.\u_array.\g_row[1].g_col[0].u_pe.\u_mul.\g_bw.g_wallace.u_tree.$and$/home/danieltyukov/workspace/personal/tt-ihp-int8-npu/src/npu_csa_reduce.sv:53$1898 ($and).
Removed top 4 bits (of 16) from port Y of cell tt_um_danieltyukov_int8_npu.$flatten\u_core.\u_array.\g_row[1].g_col[0].u_pe.\u_mul.\g_bw.g_wallace.u_tree.$and$/home/danieltyukov/workspace/personal/tt-ihp-int8-npu/src/npu_csa_reduce.sv:53$1898 ($and).
Removed top 3 bits (of 16) from port B of cell tt_um_danieltyukov_int8_npu.$flatten\u_core.\u_array.\g_row[1].g_col[0].u_pe.\u_mul.\g_bw.g_wallace.u_tree.$xor$/home/danieltyukov/workspace/personal/tt-ihp-int8-npu/src/npu_csa_reduce.sv:49$1897 ($xor).
Removed top 5 bits (of 16) from port A of cell tt_um_danieltyukov_int8_npu.$flatten\u_core.\u_array.\g_row[1].g_col[0].u_pe.\u_mul.\g_bw.g_wallace.u_tree.$xor$/home/danieltyukov/workspace/personal/tt-ihp-int8-npu/src/npu_csa_reduce.sv:49$1896 ($xor).
Removed top 4 bits (of 16) from port B of cell tt_um_danieltyukov_int8_npu.$flatten\u_core.\u_array.\g_row[1].g_col[0].u_pe.\u_mul.\g_bw.g_wallace.u_tree.$xor$/home/danieltyukov/workspace/personal/tt-ihp-int8-npu/src/npu_csa_reduce.sv:49$1896 ($xor).
Removed top 4 bits (of 16) from port Y of cell tt_um_danieltyukov_int8_npu.$flatten\u_core.\u_array.\g_row[1].g_col[0].u_pe.\u_mul.\g_bw.g_wallace.u_tree.$xor$/home/danieltyukov/workspace/personal/tt-ihp-int8-npu/src/npu_csa_reduce.sv:49$1896 ($xor).
Removed top 1 bits (of 16) from port Y of cell tt_um_danieltyukov_int8_npu.$flatten\u_core.\u_array.\g_row[1].g_col[0].u_pe.\u_mul.\g_bw.g_wallace.u_tree.$or$/home/danieltyukov/workspace/personal/tt-ihp-int8-npu/src/npu_csa_reduce.sv:53$1895 ($or).
Removed top 1 bits (of 16) from port A of cell tt_um_danieltyukov_int8_npu.$flatten\u_core.\u_array.\g_row[1].g_col[0].u_pe.\u_mul.\g_bw.g_wallace.u_tree.$or$/home/danieltyukov/workspace/personal/tt-ihp-int8-npu/src/npu_csa_reduce.sv:53$1895 ($or).
Removed top 1 bits (of 16) from port B of cell tt_um_danieltyukov_int8_npu.$flatten\u_core.\u_array.\g_row[1].g_col[0].u_pe.\u_mul.\g_bw.g_wallace.u_tree.$or$/home/danieltyukov/workspace/personal/tt-ihp-int8-npu/src/npu_csa_reduce.sv:53$1895 ($or).
Removed top 7 bits (of 16) from port A of cell tt_um_danieltyukov_int8_npu.$flatten\u_core.\u_array.\g_row[1].g_col[0].u_pe.\u_mul.\g_bw.g_wallace.u_tree.$and$/home/danieltyukov/workspace/personal/tt-ihp-int8-npu/src/npu_csa_reduce.sv:53$1894 ($and).
Removed top 6 bits (of 16) from port B of cell tt_um_danieltyukov_int8_npu.$flatten\u_core.\u_array.\g_row[1].g_col[0].u_pe.\u_mul.\g_bw.g_wallace.u_tree.$and$/home/danieltyukov/workspace/personal/tt-ihp-int8-npu/src/npu_csa_reduce.sv:53$1894 ($and).
Removed top 6 bits (of 16) from port Y of cell tt_um_danieltyukov_int8_npu.$flatten\u_core.\u_array.\g_row[1].g_col[0].u_pe.\u_mul.\g_bw.g_wallace.u_tree.$and$/home/danieltyukov/workspace/personal/tt-ihp-int8-npu/src/npu_csa_reduce.sv:53$1894 ($and).
Removed top 1 bits (of 16) from port Y of cell tt_um_danieltyukov_int8_npu.$flatten\u_core.\u_array.\g_row[1].g_col[0].u_pe.\u_mul.\g_bw.g_wallace.u_tree.$or$/home/danieltyukov/workspace/personal/tt-ihp-int8-npu/src/npu_csa_reduce.sv:53$1893 ($or).
Removed top 1 bits (of 16) from port A of cell tt_um_danieltyukov_int8_npu.$flatten\u_core.\u_array.\g_row[1].g_col[0].u_pe.\u_mul.\g_bw.g_wallace.u_tree.$or$/home/danieltyukov/workspace/personal/tt-ihp-int8-npu/src/npu_csa_reduce.sv:53$1893 ($or).
Removed top 1 bits (of 16) from port B of cell tt_um_danieltyukov_int8_npu.$flatten\u_core.\u_array.\g_row[1].g_col[0].u_pe.\u_mul.\g_bw.g_wallace.u_tree.$or$/home/danieltyukov/workspace/personal/tt-ihp-int8-npu/src/npu_csa_reduce.sv:53$1893 ($or).
Removed top 8 bits (of 16) from port A of cell tt_um_danieltyukov_int8_npu.$flatten\u_core.\u_array.\g_row[1].g_col[0].u_pe.\u_mul.\g_bw.g_wallace.u_tree.$and$/home/danieltyukov/workspace/personal/tt-ihp-int8-npu/src/npu_csa_reduce.sv:53$1892 ($and).
Removed top 6 bits (of 16) from port B of cell tt_um_danieltyukov_int8_npu.$flatten\u_core.\u_array.\g_row[1].g_col[0].u_pe.\u_mul.\g_bw.g_wallace.u_tree.$and$/home/danieltyukov/workspace/personal/tt-ihp-int8-npu/src/npu_csa_reduce.sv:53$1892 ($and).
Removed top 6 bits (of 16) from port Y of cell tt_um_danieltyukov_int8_npu.$flatten\u_core.\u_array.\g_row[1].g_col[0].u_pe.\u_mul.\g_bw.g_wallace.u_tree.$and$/home/danieltyukov/workspace/personal/tt-ihp-int8-npu/src/npu_csa_reduce.sv:53$1892 ($and).
Removed top 8 bits (of 16) from port A of cell tt_um_danieltyukov_int8_npu.$flatten\u_core.\u_array.\g_row[1].g_col[0].u_pe.\u_mul.\g_bw.g_wallace.u_tree.$and$/home/danieltyukov/workspace/personal/tt-ihp-int8-npu/src/npu_csa_reduce.sv:53$1891 ($and).
Removed top 7 bits (of 16) from port B of cell tt_um_danieltyukov_int8_npu.$flatten\u_core.\u_array.\g_row[1].g_col[0].u_pe.\u_mul.\g_bw.g_wallace.u_tree.$and$/home/danieltyukov/workspace/personal/tt-ihp-int8-npu/src/npu_csa_reduce.sv:53$1891 ($and).
Removed top 7 bits (of 16) from port Y of cell tt_um_danieltyukov_int8_npu.$flatten\u_core.\u_array.\g_row[1].g_col[0].u_pe.\u_mul.\g_bw.g_wallace.u_tree.$and$/home/danieltyukov/workspace/personal/tt-ihp-int8-npu/src/npu_csa_reduce.sv:53$1891 ($and).
Removed top 7 bits (of 16) from port A of cell tt_um_danieltyukov_int8_npu.$flatten\u_core.\u_array.\g_row[1].g_col[0].u_pe.\u_mul.\g_bw.g_wallace.u_tree.$xor$/home/danieltyukov/workspace/personal/tt-ihp-int8-npu/src/npu_csa_reduce.sv:49$1890 ($xor).
Removed top 6 bits (of 16) from port B of cell tt_um_danieltyukov_int8_npu.$flatten\u_core.\u_array.\g_row[1].g_col[0].u_pe.\u_mul.\g_bw.g_wallace.u_tree.$xor$/home/danieltyukov/workspace/personal/tt-ihp-int8-npu/src/npu_csa_reduce.sv:49$1890 ($xor).
Removed top 6 bits (of 16) from port Y of cell tt_um_danieltyukov_int8_npu.$flatten\u_core.\u_array.\g_row[1].g_col[0].u_pe.\u_mul.\g_bw.g_wallace.u_tree.$xor$/home/danieltyukov/workspace/personal/tt-ihp-int8-npu/src/npu_csa_reduce.sv:49$1890 ($xor).
Removed top 7 bits (of 8) from port B of cell tt_um_danieltyukov_int8_npu.$flatten\u_core.\u_host.$add$/home/danieltyukov/workspace/personal/tt-ihp-int8-npu/src/npu_host_if.sv:197$1558 ($add).
Removed top 5 bits (of 6) from port B of cell tt_um_danieltyukov_int8_npu.$flatten\u_core.\u_host.$add$/home/danieltyukov/workspace/personal/tt-ihp-int8-npu/src/npu_host_if.sv:215$1559 ($add).
Removed top 3 bits (of 8) from mux cell tt_um_danieltyukov_int8_npu.$flatten\u_core.\u_host.$procmux$2046 ($pmux).
Removed top 1 bits (of 4) from port B of cell tt_um_danieltyukov_int8_npu.$flatten\u_core.\u_host.$procmux$2048_CMP0 ($eq).
Removed top 1 bits (of 4) from port B of cell tt_um_danieltyukov_int8_npu.$flatten\u_core.\u_host.$procmux$2049_CMP0 ($eq).
Removed top 1 bits (of 4) from port B of cell tt_um_danieltyukov_int8_npu.$flatten\u_core.\u_host.$procmux$2050_CMP0 ($eq).
Removed top 2 bits (of 4) from port B of cell tt_um_danieltyukov_int8_npu.$flatten\u_core.\u_host.$procmux$2051_CMP0 ($eq).
Removed top 2 bits (of 4) from port B of cell tt_um_danieltyukov_int8_npu.$flatten\u_core.\u_host.$procmux$2052_CMP0 ($eq).
Removed top 3 bits (of 4) from port B of cell tt_um_danieltyukov_int8_npu.$flatten\u_core.\u_host.$procmux$2053_CMP0 ($eq).
Removed top 1 bits (of 4) from port B of cell tt_um_danieltyukov_int8_npu.$flatten\u_core.\u_host.$procmux$2200_CMP0 ($eq).
Removed top 1 bits (of 4) from port B of cell tt_um_danieltyukov_int8_npu.$auto$opt_dff.cc:195:make_patterns_logic$3214 ($ne).
Removed top 1 bits (of 2) from port B of cell tt_um_danieltyukov_int8_npu.$flatten\u_core.$procmux$2839_CMP0 ($eq).
Removed top 1 bits (of 2) from mux cell tt_um_danieltyukov_int8_npu.$flatten\u_core.$procmux$2818 ($mux).
Removed top 2 bits (of 3) from port B of cell tt_um_danieltyukov_int8_npu.$flatten\u_core.$procmux$2671_CMP0 ($eq).
Removed top 1 bits (of 3) from port B of cell tt_um_danieltyukov_int8_npu.$flatten\u_core.$procmux$2670_CMP0 ($eq).
Removed top 1 bits (of 3) from port B of cell tt_um_danieltyukov_int8_npu.$flatten\u_core.$procmux$2669_CMP0 ($eq).
Removed top 1 bits (of 2) from port B of cell tt_um_danieltyukov_int8_npu.$flatten\u_core.$procmux$2662_CMP0 ($eq).
Removed top 1 bits (of 3) from port B of cell tt_um_danieltyukov_int8_npu.$flatten\u_core.$eq$/home/danieltyukov/workspace/personal/tt-ihp-int8-npu/src/npu_core.sv:395$1211 ($eq).
Removed top 1 bits (of 3) from port B of cell tt_um_danieltyukov_int8_npu.$flatten\u_core.$eq$/home/danieltyukov/workspace/personal/tt-ihp-int8-npu/src/npu_core.sv:395$1195 ($eq).
Removed top 2 bits (of 3) from port B of cell tt_um_danieltyukov_int8_npu.$flatten\u_core.$eq$/home/danieltyukov/workspace/personal/tt-ihp-int8-npu/src/npu_core.sv:395$1179 ($eq).
Removed top 1 bits (of 3) from port B of cell tt_um_danieltyukov_int8_npu.$flatten\u_core.$eq$/home/danieltyukov/workspace/personal/tt-ihp-int8-npu/src/npu_core.sv:329$1132 ($eq).
Removed top 1 bits (of 3) from port B of cell tt_um_danieltyukov_int8_npu.$flatten\u_core.$eq$/home/danieltyukov/workspace/personal/tt-ihp-int8-npu/src/npu_core.sv:329$1126 ($eq).
Removed top 2 bits (of 3) from port B of cell tt_um_danieltyukov_int8_npu.$flatten\u_core.$eq$/home/danieltyukov/workspace/personal/tt-ihp-int8-npu/src/npu_core.sv:329$1120 ($eq).
Removed top 27 bits (of 29) from port B of cell tt_um_danieltyukov_int8_npu.$flatten\u_core.$mul$/home/danieltyukov/workspace/personal/tt-ihp-int8-npu/src/npu_core.sv:299$1105 ($mul).
Removed top 28 bits (of 32) from port A of cell tt_um_danieltyukov_int8_npu.$flatten\u_core.$add$/home/danieltyukov/workspace/personal/tt-ihp-int8-npu/src/npu_core.sv:298$1104 ($add).
Removed top 29 bits (of 32) from port B of cell tt_um_danieltyukov_int8_npu.$flatten\u_core.$add$/home/danieltyukov/workspace/personal/tt-ihp-int8-npu/src/npu_core.sv:298$1104 ($add).
Removed top 27 bits (of 32) from port Y of cell tt_um_danieltyukov_int8_npu.$flatten\u_core.$add$/home/danieltyukov/workspace/personal/tt-ihp-int8-npu/src/npu_core.sv:298$1104 ($add).
Removed top 1 bits (of 3) from port B of cell tt_um_danieltyukov_int8_npu.$flatten\u_core.$eq$/home/danieltyukov/workspace/personal/tt-ihp-int8-npu/src/npu_core.sv:329$1073 ($eq).
Removed top 1 bits (of 3) from port B of cell tt_um_danieltyukov_int8_npu.$flatten\u_core.$eq$/home/danieltyukov/workspace/personal/tt-ihp-int8-npu/src/npu_core.sv:329$1067 ($eq).
Removed top 2 bits (of 3) from port B of cell tt_um_danieltyukov_int8_npu.$flatten\u_core.$eq$/home/danieltyukov/workspace/personal/tt-ihp-int8-npu/src/npu_core.sv:329$1061 ($eq).
Removed top 29 bits (of 32) from port A of cell tt_um_danieltyukov_int8_npu.$flatten\u_core.$mul$/home/danieltyukov/workspace/personal/tt-ihp-int8-npu/src/npu_core.sv:299$1046 ($mul).
Removed top 27 bits (of 29) from port B of cell tt_um_danieltyukov_int8_npu.$flatten\u_core.$mul$/home/danieltyukov/workspace/personal/tt-ihp-int8-npu/src/npu_core.sv:299$1046 ($mul).
Removed top 24 bits (of 29) from port Y of cell tt_um_danieltyukov_int8_npu.$flatten\u_core.$mul$/home/danieltyukov/workspace/personal/tt-ihp-int8-npu/src/npu_core.sv:299$1046 ($mul).
Removed top 28 bits (of 32) from port A of cell tt_um_danieltyukov_int8_npu.$flatten\u_core.$add$/home/danieltyukov/workspace/personal/tt-ihp-int8-npu/src/npu_core.sv:234$1038 ($add).
Removed top 31 bits (of 32) from port B of cell tt_um_danieltyukov_int8_npu.$flatten\u_core.$add$/home/danieltyukov/workspace/personal/tt-ihp-int8-npu/src/npu_core.sv:234$1038 ($add).
Removed top 27 bits (of 32) from port Y of cell tt_um_danieltyukov_int8_npu.$flatten\u_core.$add$/home/danieltyukov/workspace/personal/tt-ihp-int8-npu/src/npu_core.sv:234$1038 ($add).
Removed top 1 bits (of 4) from port B of cell tt_um_danieltyukov_int8_npu.$flatten\u_core.$le$/home/danieltyukov/workspace/personal/tt-ihp-int8-npu/src/npu_core.sv:231$1034 ($le).
Removed top 3 bits (of 4) from port B of cell tt_um_danieltyukov_int8_npu.$flatten\u_core.$ge$/home/danieltyukov/workspace/personal/tt-ihp-int8-npu/src/npu_core.sv:231$1032 ($ge).
Removed top 3 bits (of 4) from port B of cell tt_um_danieltyukov_int8_npu.$flatten\u_core.$sub$/home/danieltyukov/workspace/personal/tt-ihp-int8-npu/src/npu_core.sv:226$1030 ($sub).
Removed top 24 bits (of 32) from port B of cell tt_um_danieltyukov_int8_npu.$flatten\u_core.$shiftx$/home/danieltyukov/workspace/personal/tt-ihp-int8-npu/src/npu_core.sv:0$1028 ($shiftx).
Removed top 1 bits (of 4) from port B of cell tt_um_danieltyukov_int8_npu.$flatten\u_core.$le$/home/danieltyukov/workspace/personal/tt-ihp-int8-npu/src/npu_core.sv:229$1021 ($le).
Removed top 1 bits (of 2) from port B of cell tt_um_danieltyukov_int8_npu.$flatten\u_core.$eq$/home/danieltyukov/workspace/personal/tt-ihp-int8-npu/src/npu_core.sv:229$1020 ($eq).
Removed top 26 bits (of 32) from port B of cell tt_um_danieltyukov_int8_npu.$flatten\u_core.$shiftx$/home/danieltyukov/workspace/personal/tt-ihp-int8-npu/src/npu_core.sv:0$1017 ($shiftx).
Removed top 24 bits (of 32) from port B of cell tt_um_danieltyukov_int8_npu.$flatten\u_core.$shiftx$/home/danieltyukov/workspace/personal/tt-ihp-int8-npu/src/npu_core.sv:0$1013 ($shiftx).
Removed top 1 bits (of 6) from port B of cell tt_um_danieltyukov_int8_npu.$flatten\u_core.$lt$/home/danieltyukov/workspace/personal/tt-ihp-int8-npu/src/npu_core.sv:530$1007 ($lt).
Removed top 27 bits (of 29) from port B of cell tt_um_danieltyukov_int8_npu.$flatten\u_core.$mul$/home/danieltyukov/workspace/personal/tt-ihp-int8-npu/src/npu_core.sv:527$1004 ($mul).
Removed top 28 bits (of 32) from port A of cell tt_um_danieltyukov_int8_npu.$flatten\u_core.$add$/home/danieltyukov/workspace/personal/tt-ihp-int8-npu/src/npu_core.sv:525$1003 ($add).
Removed top 29 bits (of 32) from port B of cell tt_um_danieltyukov_int8_npu.$flatten\u_core.$add$/home/danieltyukov/workspace/personal/tt-ihp-int8-npu/src/npu_core.sv:525$1003 ($add).
Removed top 27 bits (of 32) from port Y of cell tt_um_danieltyukov_int8_npu.$flatten\u_core.$add$/home/danieltyukov/workspace/personal/tt-ihp-int8-npu/src/npu_core.sv:525$1003 ($add).
Removed top 2 bits (of 3) from port B of cell tt_um_danieltyukov_int8_npu.$flatten\u_core.$add$/home/danieltyukov/workspace/personal/tt-ihp-int8-npu/src/npu_core.sv:490$998 ($add).
Removed top 3 bits (of 4) from port B of cell tt_um_danieltyukov_int8_npu.$flatten\u_core.$add$/home/danieltyukov/workspace/personal/tt-ihp-int8-npu/src/npu_core.sv:468$996 ($add).
Removed top 1 bits (of 4) from port A of cell tt_um_danieltyukov_int8_npu.$flatten\u_core.$add$/home/danieltyukov/workspace/personal/tt-ihp-int8-npu/src/npu_core.sv:411$986 ($add).
Removed top 1 bits (of 4) from port B of cell tt_um_danieltyukov_int8_npu.$flatten\u_core.$add$/home/danieltyukov/workspace/personal/tt-ihp-int8-npu/src/npu_core.sv:411$986 ($add).
Removed top 30 bits (of 32) from port B of cell tt_um_danieltyukov_int8_npu.$flatten\u_core.$add$/home/danieltyukov/workspace/personal/tt-ihp-int8-npu/src/npu_core.sv:348$982 ($add).
Removed top 3 bits (of 32) from port Y of cell tt_um_danieltyukov_int8_npu.$flatten\u_core.$add$/home/danieltyukov/workspace/personal/tt-ihp-int8-npu/src/npu_core.sv:348$982 ($add).
Removed top 3 bits (of 32) from port A of cell tt_um_danieltyukov_int8_npu.$flatten\u_core.$add$/home/danieltyukov/workspace/personal/tt-ihp-int8-npu/src/npu_core.sv:348$982 ($add).
Removed top 30 bits (of 32) from port B of cell tt_um_danieltyukov_int8_npu.$flatten\u_core.$mul$/home/danieltyukov/workspace/personal/tt-ihp-int8-npu/src/npu_core.sv:347$977 ($mul).
Removed top 29 bits (of 32) from port Y of cell tt_um_danieltyukov_int8_npu.$flatten\u_core.$mul$/home/danieltyukov/workspace/personal/tt-ihp-int8-npu/src/npu_core.sv:347$977 ($mul).
Removed top 27 bits (of 29) from port B of cell tt_um_danieltyukov_int8_npu.$flatten\u_core.$mul$/home/danieltyukov/workspace/personal/tt-ihp-int8-npu/src/npu_core.sv:342$974 ($mul).
Removed top 26 bits (of 29) from port Y of cell tt_um_danieltyukov_int8_npu.$flatten\u_core.$mul$/home/danieltyukov/workspace/personal/tt-ihp-int8-npu/src/npu_core.sv:342$974 ($mul).
Removed top 2 bits (of 3) from port B of cell tt_um_danieltyukov_int8_npu.$flatten\u_core.$add$/home/danieltyukov/workspace/personal/tt-ihp-int8-npu/src/npu_core.sv:272$973 ($add).
Removed top 1 bits (of 16) from port Y of cell tt_um_danieltyukov_int8_npu.$flatten\u_core.\u_array.\g_row[1].g_col[1].u_pe.\u_mul.\g_bw.g_wallace.u_tree.\genblk1.g_reduce.u_next.$or$/home/danieltyukov/workspace/personal/tt-ihp-int8-npu/src/npu_csa_reduce.sv:53$2019 ($or).
Removed top 1 bits (of 16) from port A of cell tt_um_danieltyukov_int8_npu.$flatten\u_core.\u_array.\g_row[1].g_col[1].u_pe.\u_mul.\g_bw.g_wallace.u_tree.\genblk1.g_reduce.u_next.$or$/home/danieltyukov/workspace/personal/tt-ihp-int8-npu/src/npu_csa_reduce.sv:53$2019 ($or).
Removed top 1 bits (of 16) from port B of cell tt_um_danieltyukov_int8_npu.$flatten\u_core.\u_array.\g_row[1].g_col[1].u_pe.\u_mul.\g_bw.g_wallace.u_tree.\genblk1.g_reduce.u_next.$or$/home/danieltyukov/workspace/personal/tt-ihp-int8-npu/src/npu_csa_reduce.sv:53$2019 ($or).
Removed top 1 bits (of 16) from port Y of cell tt_um_danieltyukov_int8_npu.$flatten\u_core.\u_array.\g_row[1].g_col[1].u_pe.\u_mul.\g_bw.g_wallace.u_tree.\genblk1.g_reduce.u_next.$and$/home/danieltyukov/workspace/personal/tt-ihp-int8-npu/src/npu_csa_reduce.sv:53$2020 ($and).
Removed top 1 bits (of 16) from port A of cell tt_um_danieltyukov_int8_npu.$flatten\u_core.\u_array.\g_row[1].g_col[1].u_pe.\u_mul.\g_bw.g_wallace.u_tree.\genblk1.g_reduce.u_next.$and$/home/danieltyukov/workspace/personal/tt-ihp-int8-npu/src/npu_csa_reduce.sv:53$2020 ($and).
Removed top 1 bits (of 16) from port B of cell tt_um_danieltyukov_int8_npu.$flatten\u_core.\u_array.\g_row[1].g_col[1].u_pe.\u_mul.\g_bw.g_wallace.u_tree.\genblk1.g_reduce.u_next.$and$/home/danieltyukov/workspace/personal/tt-ihp-int8-npu/src/npu_csa_reduce.sv:53$2020 ($and).
Removed top 1 bits (of 16) from port Y of cell tt_um_danieltyukov_int8_npu.$flatten\u_core.\u_array.\g_row[1].g_col[1].u_pe.\u_mul.\g_bw.g_wallace.u_tree.\genblk1.g_reduce.u_next.$or$/home/danieltyukov/workspace/personal/tt-ihp-int8-npu/src/npu_csa_reduce.sv:53$2026 ($or).
Removed top 1 bits (of 16) from port A of cell tt_um_danieltyukov_int8_npu.$flatten\u_core.\u_array.\g_row[1].g_col[1].u_pe.\u_mul.\g_bw.g_wallace.u_tree.\genblk1.g_reduce.u_next.$or$/home/danieltyukov/workspace/personal/tt-ihp-int8-npu/src/npu_csa_reduce.sv:53$2026 ($or).
Removed top 1 bits (of 16) from port B of cell tt_um_danieltyukov_int8_npu.$flatten\u_core.\u_array.\g_row[1].g_col[1].u_pe.\u_mul.\g_bw.g_wallace.u_tree.\genblk1.g_reduce.u_next.$or$/home/danieltyukov/workspace/personal/tt-ihp-int8-npu/src/npu_csa_reduce.sv:53$2026 ($or).
Removed top 1 bits (of 16) from port Y of cell tt_um_danieltyukov_int8_npu.$flatten\u_core.\u_array.\g_row[1].g_col[1].u_pe.\u_mul.\g_bw.g_wallace.u_tree.\genblk1.g_reduce.u_next.$and$/home/danieltyukov/workspace/personal/tt-ihp-int8-npu/src/npu_csa_reduce.sv:53$2027 ($and).
Removed top 1 bits (of 16) from port A of cell tt_um_danieltyukov_int8_npu.$flatten\u_core.\u_array.\g_row[1].g_col[1].u_pe.\u_mul.\g_bw.g_wallace.u_tree.\genblk1.g_reduce.u_next.$and$/home/danieltyukov/workspace/personal/tt-ihp-int8-npu/src/npu_csa_reduce.sv:53$2027 ($and).
Removed top 1 bits (of 16) from port B of cell tt_um_danieltyukov_int8_npu.$flatten\u_core.\u_array.\g_row[1].g_col[1].u_pe.\u_mul.\g_bw.g_wallace.u_tree.\genblk1.g_reduce.u_next.$and$/home/danieltyukov/workspace/personal/tt-ihp-int8-npu/src/npu_csa_reduce.sv:53$2027 ($and).
Removed top 1 bits (of 16) from port Y of cell tt_um_danieltyukov_int8_npu.$flatten\u_core.\u_array.\g_row[1].g_col[1].u_pe.\u_mul.\g_bw.g_wallace.u_tree.\genblk1.g_reduce.u_next.\genblk1.g_reduce.u_next.\genblk1.g_reduce.u_next.$or$/home/danieltyukov/workspace/personal/tt-ihp-int8-npu/src/npu_csa_reduce.sv:53$1885 ($or).
Removed top 1 bits (of 16) from port A of cell tt_um_danieltyukov_int8_npu.$flatten\u_core.\u_array.\g_row[1].g_col[1].u_pe.\u_mul.\g_bw.g_wallace.u_tree.\genblk1.g_reduce.u_next.\genblk1.g_reduce.u_next.\genblk1.g_reduce.u_next.$or$/home/danieltyukov/workspace/personal/tt-ihp-int8-npu/src/npu_csa_reduce.sv:53$1885 ($or).
Removed top 1 bits (of 16) from port B of cell tt_um_danieltyukov_int8_npu.$flatten\u_core.\u_array.\g_row[1].g_col[1].u_pe.\u_mul.\g_bw.g_wallace.u_tree.\genblk1.g_reduce.u_next.\genblk1.g_reduce.u_next.\genblk1.g_reduce.u_next.$or$/home/danieltyukov/workspace/personal/tt-ihp-int8-npu/src/npu_csa_reduce.sv:53$1885 ($or).
Removed top 1 bits (of 16) from port Y of cell tt_um_danieltyukov_int8_npu.$flatten\u_core.\u_array.\g_row[1].g_col[1].u_pe.\u_mul.\g_bw.g_wallace.u_tree.\genblk1.g_reduce.u_next.\genblk1.g_reduce.u_next.\genblk1.g_reduce.u_next.$and$/home/danieltyukov/workspace/personal/tt-ihp-int8-npu/src/npu_csa_reduce.sv:53$1886 ($and).
Removed top 1 bits (of 16) from port A of cell tt_um_danieltyukov_int8_npu.$flatten\u_core.\u_array.\g_row[1].g_col[1].u_pe.\u_mul.\g_bw.g_wallace.u_tree.\genblk1.g_reduce.u_next.\genblk1.g_reduce.u_next.\genblk1.g_reduce.u_next.$and$/home/danieltyukov/workspace/personal/tt-ihp-int8-npu/src/npu_csa_reduce.sv:53$1886 ($and).
Removed top 1 bits (of 16) from port B of cell tt_um_danieltyukov_int8_npu.$flatten\u_core.\u_array.\g_row[1].g_col[1].u_pe.\u_mul.\g_bw.g_wallace.u_tree.\genblk1.g_reduce.u_next.\genblk1.g_reduce.u_next.\genblk1.g_reduce.u_next.$and$/home/danieltyukov/workspace/personal/tt-ihp-int8-npu/src/npu_csa_reduce.sv:53$1886 ($and).
Removed top 1 bits (of 16) from port Y of cell tt_um_danieltyukov_int8_npu.$flatten\u_core.\u_array.\g_row[0].g_col[0].u_pe.\u_mul.\g_bw.g_wallace.u_tree.\genblk1.g_reduce.u_next.$or$/home/danieltyukov/workspace/personal/tt-ihp-int8-npu/src/npu_csa_reduce.sv:53$2019 ($or).
Removed top 1 bits (of 16) from port A of cell tt_um_danieltyukov_int8_npu.$flatten\u_core.\u_array.\g_row[0].g_col[0].u_pe.\u_mul.\g_bw.g_wallace.u_tree.\genblk1.g_reduce.u_next.$or$/home/danieltyukov/workspace/personal/tt-ihp-int8-npu/src/npu_csa_reduce.sv:53$2019 ($or).
Removed top 1 bits (of 16) from port B of cell tt_um_danieltyukov_int8_npu.$flatten\u_core.\u_array.\g_row[0].g_col[0].u_pe.\u_mul.\g_bw.g_wallace.u_tree.\genblk1.g_reduce.u_next.$or$/home/danieltyukov/workspace/personal/tt-ihp-int8-npu/src/npu_csa_reduce.sv:53$2019 ($or).
Removed top 1 bits (of 16) from port Y of cell tt_um_danieltyukov_int8_npu.$flatten\u_core.\u_array.\g_row[0].g_col[0].u_pe.\u_mul.\g_bw.g_wallace.u_tree.\genblk1.g_reduce.u_next.$and$/home/danieltyukov/workspace/personal/tt-ihp-int8-npu/src/npu_csa_reduce.sv:53$2020 ($and).
Removed top 1 bits (of 16) from port A of cell tt_um_danieltyukov_int8_npu.$flatten\u_core.\u_array.\g_row[0].g_col[0].u_pe.\u_mul.\g_bw.g_wallace.u_tree.\genblk1.g_reduce.u_next.$and$/home/danieltyukov/workspace/personal/tt-ihp-int8-npu/src/npu_csa_reduce.sv:53$2020 ($and).
Removed top 1 bits (of 16) from port B of cell tt_um_danieltyukov_int8_npu.$flatten\u_core.\u_array.\g_row[0].g_col[0].u_pe.\u_mul.\g_bw.g_wallace.u_tree.\genblk1.g_reduce.u_next.$and$/home/danieltyukov/workspace/personal/tt-ihp-int8-npu/src/npu_csa_reduce.sv:53$2020 ($and).
Removed top 1 bits (of 16) from port Y of cell tt_um_danieltyukov_int8_npu.$flatten\u_core.\u_array.\g_row[0].g_col[0].u_pe.\u_mul.\g_bw.g_wallace.u_tree.\genblk1.g_reduce.u_next.$or$/home/danieltyukov/workspace/personal/tt-ihp-int8-npu/src/npu_csa_reduce.sv:53$2026 ($or).
Removed top 1 bits (of 16) from port A of cell tt_um_danieltyukov_int8_npu.$flatten\u_core.\u_array.\g_row[0].g_col[0].u_pe.\u_mul.\g_bw.g_wallace.u_tree.\genblk1.g_reduce.u_next.$or$/home/danieltyukov/workspace/personal/tt-ihp-int8-npu/src/npu_csa_reduce.sv:53$2026 ($or).
Removed top 1 bits (of 16) from port B of cell tt_um_danieltyukov_int8_npu.$flatten\u_core.\u_array.\g_row[0].g_col[0].u_pe.\u_mul.\g_bw.g_wallace.u_tree.\genblk1.g_reduce.u_next.$or$/home/danieltyukov/workspace/personal/tt-ihp-int8-npu/src/npu_csa_reduce.sv:53$2026 ($or).
Removed top 1 bits (of 16) from port Y of cell tt_um_danieltyukov_int8_npu.$flatten\u_core.\u_array.\g_row[0].g_col[0].u_pe.\u_mul.\g_bw.g_wallace.u_tree.\genblk1.g_reduce.u_next.$and$/home/danieltyukov/workspace/personal/tt-ihp-int8-npu/src/npu_csa_reduce.sv:53$2027 ($and).
Removed top 1 bits (of 16) from port A of cell tt_um_danieltyukov_int8_npu.$flatten\u_core.\u_array.\g_row[0].g_col[0].u_pe.\u_mul.\g_bw.g_wallace.u_tree.\genblk1.g_reduce.u_next.$and$/home/danieltyukov/workspace/personal/tt-ihp-int8-npu/src/npu_csa_reduce.sv:53$2027 ($and).
Removed top 1 bits (of 16) from port B of cell tt_um_danieltyukov_int8_npu.$flatten\u_core.\u_array.\g_row[0].g_col[0].u_pe.\u_mul.\g_bw.g_wallace.u_tree.\genblk1.g_reduce.u_next.$and$/home/danieltyukov/workspace/personal/tt-ihp-int8-npu/src/npu_csa_reduce.sv:53$2027 ($and).
Removed top 1 bits (of 16) from port Y of cell tt_um_danieltyukov_int8_npu.$flatten\u_core.\u_array.\g_row[0].g_col[0].u_pe.\u_mul.\g_bw.g_wallace.u_tree.\genblk1.g_reduce.u_next.\genblk1.g_reduce.u_next.\genblk1.g_reduce.u_next.$or$/home/danieltyukov/workspace/personal/tt-ihp-int8-npu/src/npu_csa_reduce.sv:53$1885 ($or).
Removed top 1 bits (of 16) from port A of cell tt_um_danieltyukov_int8_npu.$flatten\u_core.\u_array.\g_row[0].g_col[0].u_pe.\u_mul.\g_bw.g_wallace.u_tree.\genblk1.g_reduce.u_next.\genblk1.g_reduce.u_next.\genblk1.g_reduce.u_next.$or$/home/danieltyukov/workspace/personal/tt-ihp-int8-npu/src/npu_csa_reduce.sv:53$1885 ($or).
Removed top 1 bits (of 16) from port B of cell tt_um_danieltyukov_int8_npu.$flatten\u_core.\u_array.\g_row[0].g_col[0].u_pe.\u_mul.\g_bw.g_wallace.u_tree.\genblk1.g_reduce.u_next.\genblk1.g_reduce.u_next.\genblk1.g_reduce.u_next.$or$/home/danieltyukov/workspace/personal/tt-ihp-int8-npu/src/npu_csa_reduce.sv:53$1885 ($or).
Removed top 1 bits (of 16) from port Y of cell tt_um_danieltyukov_int8_npu.$flatten\u_core.\u_array.\g_row[0].g_col[0].u_pe.\u_mul.\g_bw.g_wallace.u_tree.\genblk1.g_reduce.u_next.\genblk1.g_reduce.u_next.\genblk1.g_reduce.u_next.$and$/home/danieltyukov/workspace/personal/tt-ihp-int8-npu/src/npu_csa_reduce.sv:53$1886 ($and).
Removed top 1 bits (of 16) from port A of cell tt_um_danieltyukov_int8_npu.$flatten\u_core.\u_array.\g_row[0].g_col[0].u_pe.\u_mul.\g_bw.g_wallace.u_tree.\genblk1.g_reduce.u_next.\genblk1.g_reduce.u_next.\genblk1.g_reduce.u_next.$and$/home/danieltyukov/workspace/personal/tt-ihp-int8-npu/src/npu_csa_reduce.sv:53$1886 ($and).
Removed top 1 bits (of 16) from port B of cell tt_um_danieltyukov_int8_npu.$flatten\u_core.\u_array.\g_row[0].g_col[0].u_pe.\u_mul.\g_bw.g_wallace.u_tree.\genblk1.g_reduce.u_next.\genblk1.g_reduce.u_next.\genblk1.g_reduce.u_next.$and$/home/danieltyukov/workspace/personal/tt-ihp-int8-npu/src/npu_csa_reduce.sv:53$1886 ($and).
Removed top 1 bits (of 16) from port Y of cell tt_um_danieltyukov_int8_npu.$flatten\u_core.\u_array.\g_row[0].g_col[1].u_pe.\u_mul.\g_bw.g_wallace.u_tree.\genblk1.g_reduce.u_next.$or$/home/danieltyukov/workspace/personal/tt-ihp-int8-npu/src/npu_csa_reduce.sv:53$2019 ($or).
Removed top 1 bits (of 16) from port A of cell tt_um_danieltyukov_int8_npu.$flatten\u_core.\u_array.\g_row[0].g_col[1].u_pe.\u_mul.\g_bw.g_wallace.u_tree.\genblk1.g_reduce.u_next.$or$/home/danieltyukov/workspace/personal/tt-ihp-int8-npu/src/npu_csa_reduce.sv:53$2019 ($or).
Removed top 1 bits (of 16) from port B of cell tt_um_danieltyukov_int8_npu.$flatten\u_core.\u_array.\g_row[0].g_col[1].u_pe.\u_mul.\g_bw.g_wallace.u_tree.\genblk1.g_reduce.u_next.$or$/home/danieltyukov/workspace/personal/tt-ihp-int8-npu/src/npu_csa_reduce.sv:53$2019 ($or).
Removed top 1 bits (of 16) from port Y of cell tt_um_danieltyukov_int8_npu.$flatten\u_core.\u_array.\g_row[0].g_col[1].u_pe.\u_mul.\g_bw.g_wallace.u_tree.\genblk1.g_reduce.u_next.$and$/home/danieltyukov/workspace/personal/tt-ihp-int8-npu/src/npu_csa_reduce.sv:53$2020 ($and).
Removed top 1 bits (of 16) from port A of cell tt_um_danieltyukov_int8_npu.$flatten\u_core.\u_array.\g_row[0].g_col[1].u_pe.\u_mul.\g_bw.g_wallace.u_tree.\genblk1.g_reduce.u_next.$and$/home/danieltyukov/workspace/personal/tt-ihp-int8-npu/src/npu_csa_reduce.sv:53$2020 ($and).
Removed top 1 bits (of 16) from port B of cell tt_um_danieltyukov_int8_npu.$flatten\u_core.\u_array.\g_row[0].g_col[1].u_pe.\u_mul.\g_bw.g_wallace.u_tree.\genblk1.g_reduce.u_next.$and$/home/danieltyukov/workspace/personal/tt-ihp-int8-npu/src/npu_csa_reduce.sv:53$2020 ($and).
Removed top 1 bits (of 16) from port Y of cell tt_um_danieltyukov_int8_npu.$flatten\u_core.\u_array.\g_row[0].g_col[1].u_pe.\u_mul.\g_bw.g_wallace.u_tree.\genblk1.g_reduce.u_next.$or$/home/danieltyukov/workspace/personal/tt-ihp-int8-npu/src/npu_csa_reduce.sv:53$2026 ($or).
Removed top 1 bits (of 16) from port A of cell tt_um_danieltyukov_int8_npu.$flatten\u_core.\u_array.\g_row[0].g_col[1].u_pe.\u_mul.\g_bw.g_wallace.u_tree.\genblk1.g_reduce.u_next.$or$/home/danieltyukov/workspace/personal/tt-ihp-int8-npu/src/npu_csa_reduce.sv:53$2026 ($or).
Removed top 1 bits (of 16) from port B of cell tt_um_danieltyukov_int8_npu.$flatten\u_core.\u_array.\g_row[0].g_col[1].u_pe.\u_mul.\g_bw.g_wallace.u_tree.\genblk1.g_reduce.u_next.$or$/home/danieltyukov/workspace/personal/tt-ihp-int8-npu/src/npu_csa_reduce.sv:53$2026 ($or).
Removed top 1 bits (of 16) from port Y of cell tt_um_danieltyukov_int8_npu.$flatten\u_core.\u_array.\g_row[0].g_col[1].u_pe.\u_mul.\g_bw.g_wallace.u_tree.\genblk1.g_reduce.u_next.$and$/home/danieltyukov/workspace/personal/tt-ihp-int8-npu/src/npu_csa_reduce.sv:53$2027 ($and).
Removed top 1 bits (of 16) from port A of cell tt_um_danieltyukov_int8_npu.$flatten\u_core.\u_array.\g_row[0].g_col[1].u_pe.\u_mul.\g_bw.g_wallace.u_tree.\genblk1.g_reduce.u_next.$and$/home/danieltyukov/workspace/personal/tt-ihp-int8-npu/src/npu_csa_reduce.sv:53$2027 ($and).
Removed top 1 bits (of 16) from port B of cell tt_um_danieltyukov_int8_npu.$flatten\u_core.\u_array.\g_row[0].g_col[1].u_pe.\u_mul.\g_bw.g_wallace.u_tree.\genblk1.g_reduce.u_next.$and$/home/danieltyukov/workspace/personal/tt-ihp-int8-npu/src/npu_csa_reduce.sv:53$2027 ($and).
Removed top 1 bits (of 16) from port Y of cell tt_um_danieltyukov_int8_npu.$flatten\u_core.\u_array.\g_row[0].g_col[1].u_pe.\u_mul.\g_bw.g_wallace.u_tree.\genblk1.g_reduce.u_next.\genblk1.g_reduce.u_next.\genblk1.g_reduce.u_next.$or$/home/danieltyukov/workspace/personal/tt-ihp-int8-npu/src/npu_csa_reduce.sv:53$1885 ($or).
Removed top 1 bits (of 16) from port A of cell tt_um_danieltyukov_int8_npu.$flatten\u_core.\u_array.\g_row[0].g_col[1].u_pe.\u_mul.\g_bw.g_wallace.u_tree.\genblk1.g_reduce.u_next.\genblk1.g_reduce.u_next.\genblk1.g_reduce.u_next.$or$/home/danieltyukov/workspace/personal/tt-ihp-int8-npu/src/npu_csa_reduce.sv:53$1885 ($or).
Removed top 1 bits (of 16) from port B of cell tt_um_danieltyukov_int8_npu.$flatten\u_core.\u_array.\g_row[0].g_col[1].u_pe.\u_mul.\g_bw.g_wallace.u_tree.\genblk1.g_reduce.u_next.\genblk1.g_reduce.u_next.\genblk1.g_reduce.u_next.$or$/home/danieltyukov/workspace/personal/tt-ihp-int8-npu/src/npu_csa_reduce.sv:53$1885 ($or).
Removed top 1 bits (of 16) from port Y of cell tt_um_danieltyukov_int8_npu.$flatten\u_core.\u_array.\g_row[0].g_col[1].u_pe.\u_mul.\g_bw.g_wallace.u_tree.\genblk1.g_reduce.u_next.\genblk1.g_reduce.u_next.\genblk1.g_reduce.u_next.$and$/home/danieltyukov/workspace/personal/tt-ihp-int8-npu/src/npu_csa_reduce.sv:53$1886 ($and).
Removed top 1 bits (of 16) from port A of cell tt_um_danieltyukov_int8_npu.$flatten\u_core.\u_array.\g_row[0].g_col[1].u_pe.\u_mul.\g_bw.g_wallace.u_tree.\genblk1.g_reduce.u_next.\genblk1.g_reduce.u_next.\genblk1.g_reduce.u_next.$and$/home/danieltyukov/workspace/personal/tt-ihp-int8-npu/src/npu_csa_reduce.sv:53$1886 ($and).
Removed top 1 bits (of 16) from port B of cell tt_um_danieltyukov_int8_npu.$flatten\u_core.\u_array.\g_row[0].g_col[1].u_pe.\u_mul.\g_bw.g_wallace.u_tree.\genblk1.g_reduce.u_next.\genblk1.g_reduce.u_next.\genblk1.g_reduce.u_next.$and$/home/danieltyukov/workspace/personal/tt-ihp-int8-npu/src/npu_csa_reduce.sv:53$1886 ($and).
Removed top 1 bits (of 16) from port Y of cell tt_um_danieltyukov_int8_npu.$flatten\u_core.\u_array.\g_row[1].g_col[0].u_pe.\u_mul.\g_bw.g_wallace.u_tree.\genblk1.g_reduce.u_next.$or$/home/danieltyukov/workspace/personal/tt-ihp-int8-npu/src/npu_csa_reduce.sv:53$2019 ($or).
Removed top 1 bits (of 16) from port A of cell tt_um_danieltyukov_int8_npu.$flatten\u_core.\u_array.\g_row[1].g_col[0].u_pe.\u_mul.\g_bw.g_wallace.u_tree.\genblk1.g_reduce.u_next.$or$/home/danieltyukov/workspace/personal/tt-ihp-int8-npu/src/npu_csa_reduce.sv:53$2019 ($or).
Removed top 1 bits (of 16) from port B of cell tt_um_danieltyukov_int8_npu.$flatten\u_core.\u_array.\g_row[1].g_col[0].u_pe.\u_mul.\g_bw.g_wallace.u_tree.\genblk1.g_reduce.u_next.$or$/home/danieltyukov/workspace/personal/tt-ihp-int8-npu/src/npu_csa_reduce.sv:53$2019 ($or).
Removed top 1 bits (of 16) from port Y of cell tt_um_danieltyukov_int8_npu.$flatten\u_core.\u_array.\g_row[1].g_col[0].u_pe.\u_mul.\g_bw.g_wallace.u_tree.\genblk1.g_reduce.u_next.$and$/home/danieltyukov/workspace/personal/tt-ihp-int8-npu/src/npu_csa_reduce.sv:53$2020 ($and).
Removed top 1 bits (of 16) from port A of cell tt_um_danieltyukov_int8_npu.$flatten\u_core.\u_array.\g_row[1].g_col[0].u_pe.\u_mul.\g_bw.g_wallace.u_tree.\genblk1.g_reduce.u_next.$and$/home/danieltyukov/workspace/personal/tt-ihp-int8-npu/src/npu_csa_reduce.sv:53$2020 ($and).
Removed top 1 bits (of 16) from port B of cell tt_um_danieltyukov_int8_npu.$flatten\u_core.\u_array.\g_row[1].g_col[0].u_pe.\u_mul.\g_bw.g_wallace.u_tree.\genblk1.g_reduce.u_next.$and$/home/danieltyukov/workspace/personal/tt-ihp-int8-npu/src/npu_csa_reduce.sv:53$2020 ($and).
Removed top 1 bits (of 16) from port Y of cell tt_um_danieltyukov_int8_npu.$flatten\u_core.\u_array.\g_row[1].g_col[0].u_pe.\u_mul.\g_bw.g_wallace.u_tree.\genblk1.g_reduce.u_next.$or$/home/danieltyukov/workspace/personal/tt-ihp-int8-npu/src/npu_csa_reduce.sv:53$2026 ($or).
Removed top 1 bits (of 16) from port A of cell tt_um_danieltyukov_int8_npu.$flatten\u_core.\u_array.\g_row[1].g_col[0].u_pe.\u_mul.\g_bw.g_wallace.u_tree.\genblk1.g_reduce.u_next.$or$/home/danieltyukov/workspace/personal/tt-ihp-int8-npu/src/npu_csa_reduce.sv:53$2026 ($or).
Removed top 1 bits (of 16) from port B of cell tt_um_danieltyukov_int8_npu.$flatten\u_core.\u_array.\g_row[1].g_col[0].u_pe.\u_mul.\g_bw.g_wallace.u_tree.\genblk1.g_reduce.u_next.$or$/home/danieltyukov/workspace/personal/tt-ihp-int8-npu/src/npu_csa_reduce.sv:53$2026 ($or).
Removed top 1 bits (of 16) from port Y of cell tt_um_danieltyukov_int8_npu.$flatten\u_core.\u_array.\g_row[1].g_col[0].u_pe.\u_mul.\g_bw.g_wallace.u_tree.\genblk1.g_reduce.u_next.$and$/home/danieltyukov/workspace/personal/tt-ihp-int8-npu/src/npu_csa_reduce.sv:53$2027 ($and).
Removed top 1 bits (of 16) from port A of cell tt_um_danieltyukov_int8_npu.$flatten\u_core.\u_array.\g_row[1].g_col[0].u_pe.\u_mul.\g_bw.g_wallace.u_tree.\genblk1.g_reduce.u_next.$and$/home/danieltyukov/workspace/personal/tt-ihp-int8-npu/src/npu_csa_reduce.sv:53$2027 ($and).
Removed top 1 bits (of 16) from port B of cell tt_um_danieltyukov_int8_npu.$flatten\u_core.\u_array.\g_row[1].g_col[0].u_pe.\u_mul.\g_bw.g_wallace.u_tree.\genblk1.g_reduce.u_next.$and$/home/danieltyukov/workspace/personal/tt-ihp-int8-npu/src/npu_csa_reduce.sv:53$2027 ($and).
Removed top 1 bits (of 16) from port Y of cell tt_um_danieltyukov_int8_npu.$flatten\u_core.\u_array.\g_row[1].g_col[0].u_pe.\u_mul.\g_bw.g_wallace.u_tree.\genblk1.g_reduce.u_next.\genblk1.g_reduce.u_next.\genblk1.g_reduce.u_next.$or$/home/danieltyukov/workspace/personal/tt-ihp-int8-npu/src/npu_csa_reduce.sv:53$1885 ($or).
Removed top 1 bits (of 16) from port A of cell tt_um_danieltyukov_int8_npu.$flatten\u_core.\u_array.\g_row[1].g_col[0].u_pe.\u_mul.\g_bw.g_wallace.u_tree.\genblk1.g_reduce.u_next.\genblk1.g_reduce.u_next.\genblk1.g_reduce.u_next.$or$/home/danieltyukov/workspace/personal/tt-ihp-int8-npu/src/npu_csa_reduce.sv:53$1885 ($or).
Removed top 1 bits (of 16) from port B of cell tt_um_danieltyukov_int8_npu.$flatten\u_core.\u_array.\g_row[1].g_col[0].u_pe.\u_mul.\g_bw.g_wallace.u_tree.\genblk1.g_reduce.u_next.\genblk1.g_reduce.u_next.\genblk1.g_reduce.u_next.$or$/home/danieltyukov/workspace/personal/tt-ihp-int8-npu/src/npu_csa_reduce.sv:53$1885 ($or).
Removed top 1 bits (of 16) from port Y of cell tt_um_danieltyukov_int8_npu.$flatten\u_core.\u_array.\g_row[1].g_col[0].u_pe.\u_mul.\g_bw.g_wallace.u_tree.\genblk1.g_reduce.u_next.\genblk1.g_reduce.u_next.\genblk1.g_reduce.u_next.$and$/home/danieltyukov/workspace/personal/tt-ihp-int8-npu/src/npu_csa_reduce.sv:53$1886 ($and).
Removed top 1 bits (of 16) from port A of cell tt_um_danieltyukov_int8_npu.$flatten\u_core.\u_array.\g_row[1].g_col[0].u_pe.\u_mul.\g_bw.g_wallace.u_tree.\genblk1.g_reduce.u_next.\genblk1.g_reduce.u_next.\genblk1.g_reduce.u_next.$and$/home/danieltyukov/workspace/personal/tt-ihp-int8-npu/src/npu_csa_reduce.sv:53$1886 ($and).
Removed top 1 bits (of 16) from port B of cell tt_um_danieltyukov_int8_npu.$flatten\u_core.\u_array.\g_row[1].g_col[0].u_pe.\u_mul.\g_bw.g_wallace.u_tree.\genblk1.g_reduce.u_next.\genblk1.g_reduce.u_next.\genblk1.g_reduce.u_next.$and$/home/danieltyukov/workspace/personal/tt-ihp-int8-npu/src/npu_csa_reduce.sv:53$1886 ($and).
Removed top 1 bits (of 2) from port A of cell tt_um_danieltyukov_int8_npu.$auto$opt_expr.cc:706:replace_const_cells$2967 ($not).
Removed top 6 bits (of 16) from port A of cell tt_um_danieltyukov_int8_npu.$flatten\u_core.\u_array.\g_row[1].g_col[1].u_pe.\u_mul.\g_bw.g_wallace.u_tree.\genblk1.g_reduce.u_next.$and$/home/danieltyukov/workspace/personal/tt-ihp-int8-npu/src/npu_csa_reduce.sv:53$2017 ($and).
Removed top 1 bits (of 16) from port Y of cell tt_um_danieltyukov_int8_npu.$flatten\u_core.\u_array.\g_row[1].g_col[1].u_pe.\u_mul.\g_bw.g_wallace.u_tree.\genblk1.g_reduce.u_next.$and$/home/danieltyukov/workspace/personal/tt-ihp-int8-npu/src/npu_csa_reduce.sv:53$2017 ($and).
Removed top 1 bits (of 16) from port B of cell tt_um_danieltyukov_int8_npu.$flatten\u_core.\u_array.\g_row[1].g_col[1].u_pe.\u_mul.\g_bw.g_wallace.u_tree.\genblk1.g_reduce.u_next.$and$/home/danieltyukov/workspace/personal/tt-ihp-int8-npu/src/npu_csa_reduce.sv:53$2017 ($and).
Removed top 6 bits (of 16) from port A of cell tt_um_danieltyukov_int8_npu.$flatten\u_core.\u_array.\g_row[1].g_col[1].u_pe.\u_mul.\g_bw.g_wallace.u_tree.\genblk1.g_reduce.u_next.$and$/home/danieltyukov/workspace/personal/tt-ihp-int8-npu/src/npu_csa_reduce.sv:53$2018 ($and).
Removed top 1 bits (of 16) from port Y of cell tt_um_danieltyukov_int8_npu.$flatten\u_core.\u_array.\g_row[1].g_col[1].u_pe.\u_mul.\g_bw.g_wallace.u_tree.\genblk1.g_reduce.u_next.$and$/home/danieltyukov/workspace/personal/tt-ihp-int8-npu/src/npu_csa_reduce.sv:53$2018 ($and).
Removed top 1 bits (of 16) from port B of cell tt_um_danieltyukov_int8_npu.$flatten\u_core.\u_array.\g_row[1].g_col[1].u_pe.\u_mul.\g_bw.g_wallace.u_tree.\genblk1.g_reduce.u_next.$and$/home/danieltyukov/workspace/personal/tt-ihp-int8-npu/src/npu_csa_reduce.sv:53$2018 ($and).
Removed top 1 bits (of 16) from port Y of cell tt_um_danieltyukov_int8_npu.$flatten\u_core.\u_array.\g_row[1].g_col[1].u_pe.\u_mul.\g_bw.g_wallace.u_tree.\genblk1.g_reduce.u_next.$and$/home/danieltyukov/workspace/personal/tt-ihp-int8-npu/src/npu_csa_reduce.sv:53$2024 ($and).
Removed top 1 bits (of 16) from port A of cell tt_um_danieltyukov_int8_npu.$flatten\u_core.\u_array.\g_row[1].g_col[1].u_pe.\u_mul.\g_bw.g_wallace.u_tree.\genblk1.g_reduce.u_next.$and$/home/danieltyukov/workspace/personal/tt-ihp-int8-npu/src/npu_csa_reduce.sv:53$2024 ($and).
Removed top 1 bits (of 16) from port B of cell tt_um_danieltyukov_int8_npu.$flatten\u_core.\u_array.\g_row[1].g_col[1].u_pe.\u_mul.\g_bw.g_wallace.u_tree.\genblk1.g_reduce.u_next.$and$/home/danieltyukov/workspace/personal/tt-ihp-int8-npu/src/npu_csa_reduce.sv:53$2024 ($and).
Removed top 1 bits (of 16) from port Y of cell tt_um_danieltyukov_int8_npu.$flatten\u_core.\u_array.\g_row[1].g_col[1].u_pe.\u_mul.\g_bw.g_wallace.u_tree.\genblk1.g_reduce.u_next.$and$/home/danieltyukov/workspace/personal/tt-ihp-int8-npu/src/npu_csa_reduce.sv:53$2025 ($and).
Removed top 1 bits (of 16) from port A of cell tt_um_danieltyukov_int8_npu.$flatten\u_core.\u_array.\g_row[1].g_col[1].u_pe.\u_mul.\g_bw.g_wallace.u_tree.\genblk1.g_reduce.u_next.$and$/home/danieltyukov/workspace/personal/tt-ihp-int8-npu/src/npu_csa_reduce.sv:53$2025 ($and).
Removed top 1 bits (of 16) from port B of cell tt_um_danieltyukov_int8_npu.$flatten\u_core.\u_array.\g_row[1].g_col[1].u_pe.\u_mul.\g_bw.g_wallace.u_tree.\genblk1.g_reduce.u_next.$and$/home/danieltyukov/workspace/personal/tt-ihp-int8-npu/src/npu_csa_reduce.sv:53$2025 ($and).
Removed top 1 bits (of 16) from port Y of cell tt_um_danieltyukov_int8_npu.$flatten\u_core.\u_array.\g_row[1].g_col[1].u_pe.\u_mul.\g_bw.g_wallace.u_tree.\genblk1.g_reduce.u_next.\genblk1.g_reduce.u_next.\genblk1.g_reduce.u_next.$and$/home/danieltyukov/workspace/personal/tt-ihp-int8-npu/src/npu_csa_reduce.sv:53$1883 ($and).
Removed top 1 bits (of 16) from port A of cell tt_um_danieltyukov_int8_npu.$flatten\u_core.\u_array.\g_row[1].g_col[1].u_pe.\u_mul.\g_bw.g_wallace.u_tree.\genblk1.g_reduce.u_next.\genblk1.g_reduce.u_next.\genblk1.g_reduce.u_next.$and$/home/danieltyukov/workspace/personal/tt-ihp-int8-npu/src/npu_csa_reduce.sv:53$1883 ($and).
Removed top 1 bits (of 16) from port B of cell tt_um_danieltyukov_int8_npu.$flatten\u_core.\u_array.\g_row[1].g_col[1].u_pe.\u_mul.\g_bw.g_wallace.u_tree.\genblk1.g_reduce.u_next.\genblk1.g_reduce.u_next.\genblk1.g_reduce.u_next.$and$/home/danieltyukov/workspace/personal/tt-ihp-int8-npu/src/npu_csa_reduce.sv:53$1883 ($and).
Removed top 1 bits (of 16) from port Y of cell tt_um_danieltyukov_int8_npu.$flatten\u_core.\u_array.\g_row[1].g_col[1].u_pe.\u_mul.\g_bw.g_wallace.u_tree.\genblk1.g_reduce.u_next.\genblk1.g_reduce.u_next.\genblk1.g_reduce.u_next.$and$/home/danieltyukov/workspace/personal/tt-ihp-int8-npu/src/npu_csa_reduce.sv:53$1884 ($and).
Removed top 1 bits (of 16) from port A of cell tt_um_danieltyukov_int8_npu.$flatten\u_core.\u_array.\g_row[1].g_col[1].u_pe.\u_mul.\g_bw.g_wallace.u_tree.\genblk1.g_reduce.u_next.\genblk1.g_reduce.u_next.\genblk1.g_reduce.u_next.$and$/home/danieltyukov/workspace/personal/tt-ihp-int8-npu/src/npu_csa_reduce.sv:53$1884 ($and).
Removed top 1 bits (of 16) from port B of cell tt_um_danieltyukov_int8_npu.$flatten\u_core.\u_array.\g_row[1].g_col[1].u_pe.\u_mul.\g_bw.g_wallace.u_tree.\genblk1.g_reduce.u_next.\genblk1.g_reduce.u_next.\genblk1.g_reduce.u_next.$and$/home/danieltyukov/workspace/personal/tt-ihp-int8-npu/src/npu_csa_reduce.sv:53$1884 ($and).
Removed top 6 bits (of 16) from port A of cell tt_um_danieltyukov_int8_npu.$flatten\u_core.\u_array.\g_row[1].g_col[1].u_pe.\u_mul.\g_bw.g_wallace.u_tree.\genblk1.g_reduce.u_next.$xor$/home/danieltyukov/workspace/personal/tt-ihp-int8-npu/src/npu_csa_reduce.sv:49$2015 ($xor).
Removed top 4 bits (of 16) from port A of cell tt_um_danieltyukov_int8_npu.$flatten\u_core.\u_array.\g_row[1].g_col[1].u_pe.\u_mul.\g_bw.g_wallace.u_tree.$xor$/home/danieltyukov/workspace/personal/tt-ihp-int8-npu/src/npu_csa_reduce.sv:49$1897 ($xor).
Removed top 3 bits (of 16) from port Y of cell tt_um_danieltyukov_int8_npu.$flatten\u_core.\u_array.\g_row[1].g_col[1].u_pe.\u_mul.\g_bw.g_wallace.u_tree.$xor$/home/danieltyukov/workspace/personal/tt-ihp-int8-npu/src/npu_csa_reduce.sv:49$1897 ($xor).
Removed top 5 bits (of 15) from port B of cell tt_um_danieltyukov_int8_npu.$flatten\u_core.\u_array.\g_row[1].g_col[1].u_pe.\u_mul.\g_bw.g_wallace.u_tree.$or$/home/danieltyukov/workspace/personal/tt-ihp-int8-npu/src/npu_csa_reduce.sv:53$1895 ($or).
Removed top 6 bits (of 16) from port A of cell tt_um_danieltyukov_int8_npu.$flatten\u_core.\u_array.\g_row[0].g_col[0].u_pe.\u_mul.\g_bw.g_wallace.u_tree.\genblk1.g_reduce.u_next.$and$/home/danieltyukov/workspace/personal/tt-ihp-int8-npu/src/npu_csa_reduce.sv:53$2017 ($and).
Removed top 1 bits (of 16) from port Y of cell tt_um_danieltyukov_int8_npu.$flatten\u_core.\u_array.\g_row[0].g_col[0].u_pe.\u_mul.\g_bw.g_wallace.u_tree.\genblk1.g_reduce.u_next.$and$/home/danieltyukov/workspace/personal/tt-ihp-int8-npu/src/npu_csa_reduce.sv:53$2017 ($and).
Removed top 1 bits (of 16) from port B of cell tt_um_danieltyukov_int8_npu.$flatten\u_core.\u_array.\g_row[0].g_col[0].u_pe.\u_mul.\g_bw.g_wallace.u_tree.\genblk1.g_reduce.u_next.$and$/home/danieltyukov/workspace/personal/tt-ihp-int8-npu/src/npu_csa_reduce.sv:53$2017 ($and).
Removed top 6 bits (of 16) from port A of cell tt_um_danieltyukov_int8_npu.$flatten\u_core.\u_array.\g_row[0].g_col[0].u_pe.\u_mul.\g_bw.g_wallace.u_tree.\genblk1.g_reduce.u_next.$and$/home/danieltyukov/workspace/personal/tt-ihp-int8-npu/src/npu_csa_reduce.sv:53$2018 ($and).
Removed top 1 bits (of 16) from port Y of cell tt_um_danieltyukov_int8_npu.$flatten\u_core.\u_array.\g_row[0].g_col[0].u_pe.\u_mul.\g_bw.g_wallace.u_tree.\genblk1.g_reduce.u_next.$and$/home/danieltyukov/workspace/personal/tt-ihp-int8-npu/src/npu_csa_reduce.sv:53$2018 ($and).
Removed top 1 bits (of 16) from port B of cell tt_um_danieltyukov_int8_npu.$flatten\u_core.\u_array.\g_row[0].g_col[0].u_pe.\u_mul.\g_bw.g_wallace.u_tree.\genblk1.g_reduce.u_next.$and$/home/danieltyukov/workspace/personal/tt-ihp-int8-npu/src/npu_csa_reduce.sv:53$2018 ($and).
Removed top 1 bits (of 16) from port Y of cell tt_um_danieltyukov_int8_npu.$flatten\u_core.\u_array.\g_row[0].g_col[0].u_pe.\u_mul.\g_bw.g_wallace.u_tree.\genblk1.g_reduce.u_next.$and$/home/danieltyukov/workspace/personal/tt-ihp-int8-npu/src/npu_csa_reduce.sv:53$2024 ($and).
Removed top 1 bits (of 16) from port A of cell tt_um_danieltyukov_int8_npu.$flatten\u_core.\u_array.\g_row[0].g_col[0].u_pe.\u_mul.\g_bw.g_wallace.u_tree.\genblk1.g_reduce.u_next.$and$/home/danieltyukov/workspace/personal/tt-ihp-int8-npu/src/npu_csa_reduce.sv:53$2024 ($and).
Removed top 1 bits (of 16) from port B of cell tt_um_danieltyukov_int8_npu.$flatten\u_core.\u_array.\g_row[0].g_col[0].u_pe.\u_mul.\g_bw.g_wallace.u_tree.\genblk1.g_reduce.u_next.$and$/home/danieltyukov/workspace/personal/tt-ihp-int8-npu/src/npu_csa_reduce.sv:53$2024 ($and).
Removed top 1 bits (of 16) from port Y of cell tt_um_danieltyukov_int8_npu.$flatten\u_core.\u_array.\g_row[0].g_col[0].u_pe.\u_mul.\g_bw.g_wallace.u_tree.\genblk1.g_reduce.u_next.$and$/home/danieltyukov/workspace/personal/tt-ihp-int8-npu/src/npu_csa_reduce.sv:53$2025 ($and).
Removed top 1 bits (of 16) from port A of cell tt_um_danieltyukov_int8_npu.$flatten\u_core.\u_array.\g_row[0].g_col[0].u_pe.\u_mul.\g_bw.g_wallace.u_tree.\genblk1.g_reduce.u_next.$and$/home/danieltyukov/workspace/personal/tt-ihp-int8-npu/src/npu_csa_reduce.sv:53$2025 ($and).
Removed top 1 bits (of 16) from port B of cell tt_um_danieltyukov_int8_npu.$flatten\u_core.\u_array.\g_row[0].g_col[0].u_pe.\u_mul.\g_bw.g_wallace.u_tree.\genblk1.g_reduce.u_next.$and$/home/danieltyukov/workspace/personal/tt-ihp-int8-npu/src/npu_csa_reduce.sv:53$2025 ($and).
Removed top 1 bits (of 16) from port Y of cell tt_um_danieltyukov_int8_npu.$flatten\u_core.\u_array.\g_row[0].g_col[0].u_pe.\u_mul.\g_bw.g_wallace.u_tree.\genblk1.g_reduce.u_next.\genblk1.g_reduce.u_next.\genblk1.g_reduce.u_next.$and$/home/danieltyukov/workspace/personal/tt-ihp-int8-npu/src/npu_csa_reduce.sv:53$1883 ($and).
Removed top 1 bits (of 16) from port A of cell tt_um_danieltyukov_int8_npu.$flatten\u_core.\u_array.\g_row[0].g_col[0].u_pe.\u_mul.\g_bw.g_wallace.u_tree.\genblk1.g_reduce.u_next.\genblk1.g_reduce.u_next.\genblk1.g_reduce.u_next.$and$/home/danieltyukov/workspace/personal/tt-ihp-int8-npu/src/npu_csa_reduce.sv:53$1883 ($and).
Removed top 1 bits (of 16) from port B of cell tt_um_danieltyukov_int8_npu.$flatten\u_core.\u_array.\g_row[0].g_col[0].u_pe.\u_mul.\g_bw.g_wallace.u_tree.\genblk1.g_reduce.u_next.\genblk1.g_reduce.u_next.\genblk1.g_reduce.u_next.$and$/home/danieltyukov/workspace/personal/tt-ihp-int8-npu/src/npu_csa_reduce.sv:53$1883 ($and).
Removed top 1 bits (of 16) from port Y of cell tt_um_danieltyukov_int8_npu.$flatten\u_core.\u_array.\g_row[0].g_col[0].u_pe.\u_mul.\g_bw.g_wallace.u_tree.\genblk1.g_reduce.u_next.\genblk1.g_reduce.u_next.\genblk1.g_reduce.u_next.$and$/home/danieltyukov/workspace/personal/tt-ihp-int8-npu/src/npu_csa_reduce.sv:53$1884 ($and).
Removed top 1 bits (of 16) from port A of cell tt_um_danieltyukov_int8_npu.$flatten\u_core.\u_array.\g_row[0].g_col[0].u_pe.\u_mul.\g_bw.g_wallace.u_tree.\genblk1.g_reduce.u_next.\genblk1.g_reduce.u_next.\genblk1.g_reduce.u_next.$and$/home/danieltyukov/workspace/personal/tt-ihp-int8-npu/src/npu_csa_reduce.sv:53$1884 ($and).
Removed top 1 bits (of 16) from port B of cell tt_um_danieltyukov_int8_npu.$flatten\u_core.\u_array.\g_row[0].g_col[0].u_pe.\u_mul.\g_bw.g_wallace.u_tree.\genblk1.g_reduce.u_next.\genblk1.g_reduce.u_next.\genblk1.g_reduce.u_next.$and$/home/danieltyukov/workspace/personal/tt-ihp-int8-npu/src/npu_csa_reduce.sv:53$1884 ($and).
Removed top 6 bits (of 16) from port A of cell tt_um_danieltyukov_int8_npu.$flatten\u_core.\u_array.\g_row[0].g_col[0].u_pe.\u_mul.\g_bw.g_wallace.u_tree.\genblk1.g_reduce.u_next.$xor$/home/danieltyukov/workspace/personal/tt-ihp-int8-npu/src/npu_csa_reduce.sv:49$2015 ($xor).
Removed top 1 bits (of 2) from port A of cell tt_um_danieltyukov_int8_npu.$auto$opt_expr.cc:706:replace_const_cells$2969 ($not).
Removed top 4 bits (of 16) from port A of cell tt_um_danieltyukov_int8_npu.$flatten\u_core.\u_array.\g_row[0].g_col[0].u_pe.\u_mul.\g_bw.g_wallace.u_tree.$xor$/home/danieltyukov/workspace/personal/tt-ihp-int8-npu/src/npu_csa_reduce.sv:49$1897 ($xor).
Removed top 3 bits (of 16) from port Y of cell tt_um_danieltyukov_int8_npu.$flatten\u_core.\u_array.\g_row[0].g_col[0].u_pe.\u_mul.\g_bw.g_wallace.u_tree.$xor$/home/danieltyukov/workspace/personal/tt-ihp-int8-npu/src/npu_csa_reduce.sv:49$1897 ($xor).
Removed top 5 bits (of 15) from port B of cell tt_um_danieltyukov_int8_npu.$flatten\u_core.\u_array.\g_row[0].g_col[0].u_pe.\u_mul.\g_bw.g_wallace.u_tree.$or$/home/danieltyukov/workspace/personal/tt-ihp-int8-npu/src/npu_csa_reduce.sv:53$1895 ($or).
Removed top 6 bits (of 16) from port A of cell tt_um_danieltyukov_int8_npu.$flatten\u_core.\u_array.\g_row[0].g_col[1].u_pe.\u_mul.\g_bw.g_wallace.u_tree.\genblk1.g_reduce.u_next.$and$/home/danieltyukov/workspace/personal/tt-ihp-int8-npu/src/npu_csa_reduce.sv:53$2017 ($and).
Removed top 1 bits (of 16) from port Y of cell tt_um_danieltyukov_int8_npu.$flatten\u_core.\u_array.\g_row[0].g_col[1].u_pe.\u_mul.\g_bw.g_wallace.u_tree.\genblk1.g_reduce.u_next.$and$/home/danieltyukov/workspace/personal/tt-ihp-int8-npu/src/npu_csa_reduce.sv:53$2017 ($and).
Removed top 1 bits (of 16) from port B of cell tt_um_danieltyukov_int8_npu.$flatten\u_core.\u_array.\g_row[0].g_col[1].u_pe.\u_mul.\g_bw.g_wallace.u_tree.\genblk1.g_reduce.u_next.$and$/home/danieltyukov/workspace/personal/tt-ihp-int8-npu/src/npu_csa_reduce.sv:53$2017 ($and).
Removed top 6 bits (of 16) from port A of cell tt_um_danieltyukov_int8_npu.$flatten\u_core.\u_array.\g_row[0].g_col[1].u_pe.\u_mul.\g_bw.g_wallace.u_tree.\genblk1.g_reduce.u_next.$and$/home/danieltyukov/workspace/personal/tt-ihp-int8-npu/src/npu_csa_reduce.sv:53$2018 ($and).
Removed top 1 bits (of 16) from port Y of cell tt_um_danieltyukov_int8_npu.$flatten\u_core.\u_array.\g_row[0].g_col[1].u_pe.\u_mul.\g_bw.g_wallace.u_tree.\genblk1.g_reduce.u_next.$and$/home/danieltyukov/workspace/personal/tt-ihp-int8-npu/src/npu_csa_reduce.sv:53$2018 ($and).
Removed top 1 bits (of 16) from port B of cell tt_um_danieltyukov_int8_npu.$flatten\u_core.\u_array.\g_row[0].g_col[1].u_pe.\u_mul.\g_bw.g_wallace.u_tree.\genblk1.g_reduce.u_next.$and$/home/danieltyukov/workspace/personal/tt-ihp-int8-npu/src/npu_csa_reduce.sv:53$2018 ($and).
Removed top 1 bits (of 16) from port Y of cell tt_um_danieltyukov_int8_npu.$flatten\u_core.\u_array.\g_row[0].g_col[1].u_pe.\u_mul.\g_bw.g_wallace.u_tree.\genblk1.g_reduce.u_next.$and$/home/danieltyukov/workspace/personal/tt-ihp-int8-npu/src/npu_csa_reduce.sv:53$2024 ($and).
Removed top 1 bits (of 16) from port A of cell tt_um_danieltyukov_int8_npu.$flatten\u_core.\u_array.\g_row[0].g_col[1].u_pe.\u_mul.\g_bw.g_wallace.u_tree.\genblk1.g_reduce.u_next.$and$/home/danieltyukov/workspace/personal/tt-ihp-int8-npu/src/npu_csa_reduce.sv:53$2024 ($and).
Removed top 1 bits (of 16) from port B of cell tt_um_danieltyukov_int8_npu.$flatten\u_core.\u_array.\g_row[0].g_col[1].u_pe.\u_mul.\g_bw.g_wallace.u_tree.\genblk1.g_reduce.u_next.$and$/home/danieltyukov/workspace/personal/tt-ihp-int8-npu/src/npu_csa_reduce.sv:53$2024 ($and).
Removed top 1 bits (of 16) from port Y of cell tt_um_danieltyukov_int8_npu.$flatten\u_core.\u_array.\g_row[0].g_col[1].u_pe.\u_mul.\g_bw.g_wallace.u_tree.\genblk1.g_reduce.u_next.$and$/home/danieltyukov/workspace/personal/tt-ihp-int8-npu/src/npu_csa_reduce.sv:53$2025 ($and).
Removed top 1 bits (of 16) from port A of cell tt_um_danieltyukov_int8_npu.$flatten\u_core.\u_array.\g_row[0].g_col[1].u_pe.\u_mul.\g_bw.g_wallace.u_tree.\genblk1.g_reduce.u_next.$and$/home/danieltyukov/workspace/personal/tt-ihp-int8-npu/src/npu_csa_reduce.sv:53$2025 ($and).
Removed top 1 bits (of 16) from port B of cell tt_um_danieltyukov_int8_npu.$flatten\u_core.\u_array.\g_row[0].g_col[1].u_pe.\u_mul.\g_bw.g_wallace.u_tree.\genblk1.g_reduce.u_next.$and$/home/danieltyukov/workspace/personal/tt-ihp-int8-npu/src/npu_csa_reduce.sv:53$2025 ($and).
Removed top 1 bits (of 16) from port Y of cell tt_um_danieltyukov_int8_npu.$flatten\u_core.\u_array.\g_row[0].g_col[1].u_pe.\u_mul.\g_bw.g_wallace.u_tree.\genblk1.g_reduce.u_next.\genblk1.g_reduce.u_next.\genblk1.g_reduce.u_next.$and$/home/danieltyukov/workspace/personal/tt-ihp-int8-npu/src/npu_csa_reduce.sv:53$1883 ($and).
Removed top 1 bits (of 16) from port A of cell tt_um_danieltyukov_int8_npu.$flatten\u_core.\u_array.\g_row[0].g_col[1].u_pe.\u_mul.\g_bw.g_wallace.u_tree.\genblk1.g_reduce.u_next.\genblk1.g_reduce.u_next.\genblk1.g_reduce.u_next.$and$/home/danieltyukov/workspace/personal/tt-ihp-int8-npu/src/npu_csa_reduce.sv:53$1883 ($and).
Removed top 1 bits (of 16) from port B of cell tt_um_danieltyukov_int8_npu.$flatten\u_core.\u_array.\g_row[0].g_col[1].u_pe.\u_mul.\g_bw.g_wallace.u_tree.\genblk1.g_reduce.u_next.\genblk1.g_reduce.u_next.\genblk1.g_reduce.u_next.$and$/home/danieltyukov/workspace/personal/tt-ihp-int8-npu/src/npu_csa_reduce.sv:53$1883 ($and).
Removed top 1 bits (of 16) from port Y of cell tt_um_danieltyukov_int8_npu.$flatten\u_core.\u_array.\g_row[0].g_col[1].u_pe.\u_mul.\g_bw.g_wallace.u_tree.\genblk1.g_reduce.u_next.\genblk1.g_reduce.u_next.\genblk1.g_reduce.u_next.$and$/home/danieltyukov/workspace/personal/tt-ihp-int8-npu/src/npu_csa_reduce.sv:53$1884 ($and).
Removed top 1 bits (of 16) from port A of cell tt_um_danieltyukov_int8_npu.$flatten\u_core.\u_array.\g_row[0].g_col[1].u_pe.\u_mul.\g_bw.g_wallace.u_tree.\genblk1.g_reduce.u_next.\genblk1.g_reduce.u_next.\genblk1.g_reduce.u_next.$and$/home/danieltyukov/workspace/personal/tt-ihp-int8-npu/src/npu_csa_reduce.sv:53$1884 ($and).
Removed top 1 bits (of 16) from port B of cell tt_um_danieltyukov_int8_npu.$flatten\u_core.\u_array.\g_row[0].g_col[1].u_pe.\u_mul.\g_bw.g_wallace.u_tree.\genblk1.g_reduce.u_next.\genblk1.g_reduce.u_next.\genblk1.g_reduce.u_next.$and$/home/danieltyukov/workspace/personal/tt-ihp-int8-npu/src/npu_csa_reduce.sv:53$1884 ($and).
Removed top 6 bits (of 16) from port A of cell tt_um_danieltyukov_int8_npu.$flatten\u_core.\u_array.\g_row[0].g_col[1].u_pe.\u_mul.\g_bw.g_wallace.u_tree.\genblk1.g_reduce.u_next.$xor$/home/danieltyukov/workspace/personal/tt-ihp-int8-npu/src/npu_csa_reduce.sv:49$2015 ($xor).
Removed top 1 bits (of 2) from port A of cell tt_um_danieltyukov_int8_npu.$auto$opt_expr.cc:706:replace_const_cells$2971 ($not).
Removed top 4 bits (of 16) from port A of cell tt_um_danieltyukov_int8_npu.$flatten\u_core.\u_array.\g_row[0].g_col[1].u_pe.\u_mul.\g_bw.g_wallace.u_tree.$xor$/home/danieltyukov/workspace/personal/tt-ihp-int8-npu/src/npu_csa_reduce.sv:49$1897 ($xor).
Removed top 3 bits (of 16) from port Y of cell tt_um_danieltyukov_int8_npu.$flatten\u_core.\u_array.\g_row[0].g_col[1].u_pe.\u_mul.\g_bw.g_wallace.u_tree.$xor$/home/danieltyukov/workspace/personal/tt-ihp-int8-npu/src/npu_csa_reduce.sv:49$1897 ($xor).
Removed top 5 bits (of 15) from port B of cell tt_um_danieltyukov_int8_npu.$flatten\u_core.\u_array.\g_row[0].g_col[1].u_pe.\u_mul.\g_bw.g_wallace.u_tree.$or$/home/danieltyukov/workspace/personal/tt-ihp-int8-npu/src/npu_csa_reduce.sv:53$1895 ($or).
Removed top 6 bits (of 16) from port A of cell tt_um_danieltyukov_int8_npu.$flatten\u_core.\u_array.\g_row[1].g_col[0].u_pe.\u_mul.\g_bw.g_wallace.u_tree.\genblk1.g_reduce.u_next.$and$/home/danieltyukov/workspace/personal/tt-ihp-int8-npu/src/npu_csa_reduce.sv:53$2017 ($and).
Removed top 1 bits (of 16) from port Y of cell tt_um_danieltyukov_int8_npu.$flatten\u_core.\u_array.\g_row[1].g_col[0].u_pe.\u_mul.\g_bw.g_wallace.u_tree.\genblk1.g_reduce.u_next.$and$/home/danieltyukov/workspace/personal/tt-ihp-int8-npu/src/npu_csa_reduce.sv:53$2017 ($and).
Removed top 1 bits (of 16) from port B of cell tt_um_danieltyukov_int8_npu.$flatten\u_core.\u_array.\g_row[1].g_col[0].u_pe.\u_mul.\g_bw.g_wallace.u_tree.\genblk1.g_reduce.u_next.$and$/home/danieltyukov/workspace/personal/tt-ihp-int8-npu/src/npu_csa_reduce.sv:53$2017 ($and).
Removed top 6 bits (of 16) from port A of cell tt_um_danieltyukov_int8_npu.$flatten\u_core.\u_array.\g_row[1].g_col[0].u_pe.\u_mul.\g_bw.g_wallace.u_tree.\genblk1.g_reduce.u_next.$and$/home/danieltyukov/workspace/personal/tt-ihp-int8-npu/src/npu_csa_reduce.sv:53$2018 ($and).
Removed top 1 bits (of 16) from port Y of cell tt_um_danieltyukov_int8_npu.$flatten\u_core.\u_array.\g_row[1].g_col[0].u_pe.\u_mul.\g_bw.g_wallace.u_tree.\genblk1.g_reduce.u_next.$and$/home/danieltyukov/workspace/personal/tt-ihp-int8-npu/src/npu_csa_reduce.sv:53$2018 ($and).
Removed top 1 bits (of 16) from port B of cell tt_um_danieltyukov_int8_npu.$flatten\u_core.\u_array.\g_row[1].g_col[0].u_pe.\u_mul.\g_bw.g_wallace.u_tree.\genblk1.g_reduce.u_next.$and$/home/danieltyukov/workspace/personal/tt-ihp-int8-npu/src/npu_csa_reduce.sv:53$2018 ($and).
Removed top 1 bits (of 16) from port Y of cell tt_um_danieltyukov_int8_npu.$flatten\u_core.\u_array.\g_row[1].g_col[0].u_pe.\u_mul.\g_bw.g_wallace.u_tree.\genblk1.g_reduce.u_next.$and$/home/danieltyukov/workspace/personal/tt-ihp-int8-npu/src/npu_csa_reduce.sv:53$2024 ($and).
Removed top 1 bits (of 16) from port A of cell tt_um_danieltyukov_int8_npu.$flatten\u_core.\u_array.\g_row[1].g_col[0].u_pe.\u_mul.\g_bw.g_wallace.u_tree.\genblk1.g_reduce.u_next.$and$/home/danieltyukov/workspace/personal/tt-ihp-int8-npu/src/npu_csa_reduce.sv:53$2024 ($and).
Removed top 1 bits (of 16) from port B of cell tt_um_danieltyukov_int8_npu.$flatten\u_core.\u_array.\g_row[1].g_col[0].u_pe.\u_mul.\g_bw.g_wallace.u_tree.\genblk1.g_reduce.u_next.$and$/home/danieltyukov/workspace/personal/tt-ihp-int8-npu/src/npu_csa_reduce.sv:53$2024 ($and).
Removed top 1 bits (of 16) from port Y of cell tt_um_danieltyukov_int8_npu.$flatten\u_core.\u_array.\g_row[1].g_col[0].u_pe.\u_mul.\g_bw.g_wallace.u_tree.\genblk1.g_reduce.u_next.$and$/home/danieltyukov/workspace/personal/tt-ihp-int8-npu/src/npu_csa_reduce.sv:53$2025 ($and).
Removed top 1 bits (of 16) from port A of cell tt_um_danieltyukov_int8_npu.$flatten\u_core.\u_array.\g_row[1].g_col[0].u_pe.\u_mul.\g_bw.g_wallace.u_tree.\genblk1.g_reduce.u_next.$and$/home/danieltyukov/workspace/personal/tt-ihp-int8-npu/src/npu_csa_reduce.sv:53$2025 ($and).
Removed top 1 bits (of 16) from port B of cell tt_um_danieltyukov_int8_npu.$flatten\u_core.\u_array.\g_row[1].g_col[0].u_pe.\u_mul.\g_bw.g_wallace.u_tree.\genblk1.g_reduce.u_next.$and$/home/danieltyukov/workspace/personal/tt-ihp-int8-npu/src/npu_csa_reduce.sv:53$2025 ($and).
Removed top 1 bits (of 16) from port Y of cell tt_um_danieltyukov_int8_npu.$flatten\u_core.\u_array.\g_row[1].g_col[0].u_pe.\u_mul.\g_bw.g_wallace.u_tree.\genblk1.g_reduce.u_next.\genblk1.g_reduce.u_next.\genblk1.g_reduce.u_next.$and$/home/danieltyukov/workspace/personal/tt-ihp-int8-npu/src/npu_csa_reduce.sv:53$1883 ($and).
Removed top 1 bits (of 16) from port A of cell tt_um_danieltyukov_int8_npu.$flatten\u_core.\u_array.\g_row[1].g_col[0].u_pe.\u_mul.\g_bw.g_wallace.u_tree.\genblk1.g_reduce.u_next.\genblk1.g_reduce.u_next.\genblk1.g_reduce.u_next.$and$/home/danieltyukov/workspace/personal/tt-ihp-int8-npu/src/npu_csa_reduce.sv:53$1883 ($and).
Removed top 1 bits (of 16) from port B of cell tt_um_danieltyukov_int8_npu.$flatten\u_core.\u_array.\g_row[1].g_col[0].u_pe.\u_mul.\g_bw.g_wallace.u_tree.\genblk1.g_reduce.u_next.\genblk1.g_reduce.u_next.\genblk1.g_reduce.u_next.$and$/home/danieltyukov/workspace/personal/tt-ihp-int8-npu/src/npu_csa_reduce.sv:53$1883 ($and).
Removed top 1 bits (of 16) from port Y of cell tt_um_danieltyukov_int8_npu.$flatten\u_core.\u_array.\g_row[1].g_col[0].u_pe.\u_mul.\g_bw.g_wallace.u_tree.\genblk1.g_reduce.u_next.\genblk1.g_reduce.u_next.\genblk1.g_reduce.u_next.$and$/home/danieltyukov/workspace/personal/tt-ihp-int8-npu/src/npu_csa_reduce.sv:53$1884 ($and).
Removed top 1 bits (of 16) from port A of cell tt_um_danieltyukov_int8_npu.$flatten\u_core.\u_array.\g_row[1].g_col[0].u_pe.\u_mul.\g_bw.g_wallace.u_tree.\genblk1.g_reduce.u_next.\genblk1.g_reduce.u_next.\genblk1.g_reduce.u_next.$and$/home/danieltyukov/workspace/personal/tt-ihp-int8-npu/src/npu_csa_reduce.sv:53$1884 ($and).
Removed top 1 bits (of 16) from port B of cell tt_um_danieltyukov_int8_npu.$flatten\u_core.\u_array.\g_row[1].g_col[0].u_pe.\u_mul.\g_bw.g_wallace.u_tree.\genblk1.g_reduce.u_next.\genblk1.g_reduce.u_next.\genblk1.g_reduce.u_next.$and$/home/danieltyukov/workspace/personal/tt-ihp-int8-npu/src/npu_csa_reduce.sv:53$1884 ($and).
Removed top 6 bits (of 16) from port A of cell tt_um_danieltyukov_int8_npu.$flatten\u_core.\u_array.\g_row[1].g_col[0].u_pe.\u_mul.\g_bw.g_wallace.u_tree.\genblk1.g_reduce.u_next.$xor$/home/danieltyukov/workspace/personal/tt-ihp-int8-npu/src/npu_csa_reduce.sv:49$2015 ($xor).
Removed top 4 bits (of 16) from port A of cell tt_um_danieltyukov_int8_npu.$flatten\u_core.\u_array.\g_row[1].g_col[0].u_pe.\u_mul.\g_bw.g_wallace.u_tree.$xor$/home/danieltyukov/workspace/personal/tt-ihp-int8-npu/src/npu_csa_reduce.sv:49$1897 ($xor).
Removed top 3 bits (of 16) from port Y of cell tt_um_danieltyukov_int8_npu.$flatten\u_core.\u_array.\g_row[1].g_col[0].u_pe.\u_mul.\g_bw.g_wallace.u_tree.$xor$/home/danieltyukov/workspace/personal/tt-ihp-int8-npu/src/npu_csa_reduce.sv:49$1897 ($xor).
Removed top 5 bits (of 15) from port B of cell tt_um_danieltyukov_int8_npu.$flatten\u_core.\u_array.\g_row[1].g_col[0].u_pe.\u_mul.\g_bw.g_wallace.u_tree.$or$/home/danieltyukov/workspace/personal/tt-ihp-int8-npu/src/npu_csa_reduce.sv:53$1895 ($or).
Removed top 2 bits (of 15) from port B of cell tt_um_danieltyukov_int8_npu.$flatten\u_core.\u_array.\g_row[1].g_col[1].u_pe.\u_mul.\g_bw.g_wallace.u_tree.$or$/home/danieltyukov/workspace/personal/tt-ihp-int8-npu/src/npu_csa_reduce.sv:53$1902 ($or).
Removed top 2 bits (of 15) from port B of cell tt_um_danieltyukov_int8_npu.$flatten\u_core.\u_array.\g_row[0].g_col[0].u_pe.\u_mul.\g_bw.g_wallace.u_tree.$or$/home/danieltyukov/workspace/personal/tt-ihp-int8-npu/src/npu_csa_reduce.sv:53$1902 ($or).
Removed top 2 bits (of 15) from port B of cell tt_um_danieltyukov_int8_npu.$flatten\u_core.\u_array.\g_row[0].g_col[1].u_pe.\u_mul.\g_bw.g_wallace.u_tree.$or$/home/danieltyukov/workspace/personal/tt-ihp-int8-npu/src/npu_csa_reduce.sv:53$1902 ($or).
Removed top 2 bits (of 15) from port B of cell tt_um_danieltyukov_int8_npu.$flatten\u_core.\u_array.\g_row[1].g_col[0].u_pe.\u_mul.\g_bw.g_wallace.u_tree.$or$/home/danieltyukov/workspace/personal/tt-ihp-int8-npu/src/npu_csa_reduce.sv:53$1902 ($or).
Removed top 24 bits (of 32) from wire tt_um_danieltyukov_int8_npu.$flatten\u_core.$add$/home/danieltyukov/workspace/personal/tt-ihp-int8-npu/src/npu_core.sv:0$1040_Y.
Removed top 24 bits (of 32) from wire tt_um_danieltyukov_int8_npu.$flatten\u_core.$add$/home/danieltyukov/workspace/personal/tt-ihp-int8-npu/src/npu_core.sv:0$1047_Y.
Removed top 26 bits (of 32) from wire tt_um_danieltyukov_int8_npu.$flatten\u_core.$add$/home/danieltyukov/workspace/personal/tt-ihp-int8-npu/src/npu_core.sv:0$975_Y.
Removed top 26 bits (of 32) from wire tt_um_danieltyukov_int8_npu.$flatten\u_core.$add$/home/danieltyukov/workspace/personal/tt-ihp-int8-npu/src/npu_core.sv:0$979_Y.
Removed top 3 bits (of 32) from wire tt_um_danieltyukov_int8_npu.$flatten\u_core.$add$/home/danieltyukov/workspace/personal/tt-ihp-int8-npu/src/npu_core.sv:348$982_Y.
Removed top 1 bits (of 2) from wire tt_um_danieltyukov_int8_npu.$flatten\u_core.$procmux$2818_Y.
Removed top 3 bits (of 24) from wire tt_um_danieltyukov_int8_npu.$flatten\u_core.$ternary$/home/danieltyukov/workspace/personal/tt-ihp-int8-npu/src/npu_core.sv:322$1051_Y.
Removed top 7 bits (of 16) from wire tt_um_danieltyukov_int8_npu.$flatten\u_core.\u_array.\g_row[0].g_col[0].u_pe.\u_mul.\g_bw.g_wallace.u_tree.$and$/home/danieltyukov/workspace/personal/tt-ihp-int8-npu/src/npu_csa_reduce.sv:53$1891_Y.
Removed top 6 bits (of 16) from wire tt_um_danieltyukov_int8_npu.$flatten\u_core.\u_array.\g_row[0].g_col[0].u_pe.\u_mul.\g_bw.g_wallace.u_tree.$and$/home/danieltyukov/workspace/personal/tt-ihp-int8-npu/src/npu_csa_reduce.sv:53$1892_Y.
Removed top 6 bits (of 16) from wire tt_um_danieltyukov_int8_npu.$flatten\u_core.\u_array.\g_row[0].g_col[0].u_pe.\u_mul.\g_bw.g_wallace.u_tree.$and$/home/danieltyukov/workspace/personal/tt-ihp-int8-npu/src/npu_csa_reduce.sv:53$1894_Y.
Removed top 4 bits (of 16) from wire tt_um_danieltyukov_int8_npu.$flatten\u_core.\u_array.\g_row[0].g_col[0].u_pe.\u_mul.\g_bw.g_wallace.u_tree.$and$/home/danieltyukov/workspace/personal/tt-ihp-int8-npu/src/npu_csa_reduce.sv:53$1898_Y.
Removed top 3 bits (of 16) from wire tt_um_danieltyukov_int8_npu.$flatten\u_core.\u_array.\g_row[0].g_col[0].u_pe.\u_mul.\g_bw.g_wallace.u_tree.$and$/home/danieltyukov/workspace/personal/tt-ihp-int8-npu/src/npu_csa_reduce.sv:53$1899_Y.
Removed top 14 bits (of 16) from wire tt_um_danieltyukov_int8_npu.$flatten\u_core.\u_array.\g_row[0].g_col[0].u_pe.\u_mul.\g_bw.g_wallace.u_tree.$and$/home/danieltyukov/workspace/personal/tt-ihp-int8-npu/src/npu_csa_reduce.sv:53$1901_Y.
Removed top 1 bits (of 16) from wire tt_um_danieltyukov_int8_npu.$flatten\u_core.\u_array.\g_row[0].g_col[0].u_pe.\u_mul.\g_bw.g_wallace.u_tree.$and$/home/danieltyukov/workspace/personal/tt-ihp-int8-npu/src/npu_csa_reduce.sv:53$1905_Y.
Removed top 6 bits (of 16) from wire tt_um_danieltyukov_int8_npu.$flatten\u_core.\u_array.\g_row[0].g_col[0].u_pe.\u_mul.\g_bw.g_wallace.u_tree.$or$/home/danieltyukov/workspace/personal/tt-ihp-int8-npu/src/npu_csa_reduce.sv:53$1907_Y.
Removed top 1 bits (of 16) from wire tt_um_danieltyukov_int8_npu.$flatten\u_core.\u_array.\g_row[0].g_col[0].u_pe.\u_mul.\g_bw.g_wallace.u_tree.$xor$/home/danieltyukov/workspace/personal/tt-ihp-int8-npu/src/npu_csa_reduce.sv:49$1903_Y.
Removed top 1 bits (of 16) from wire tt_um_danieltyukov_int8_npu.$flatten\u_core.\u_array.\g_row[0].g_col[0].u_pe.\u_mul.\g_bw.g_wallace.u_tree.\genblk1.g_reduce.u_next.$and$/home/danieltyukov/workspace/personal/tt-ihp-int8-npu/src/npu_csa_reduce.sv:53$2017_Y.
Removed top 1 bits (of 16) from wire tt_um_danieltyukov_int8_npu.$flatten\u_core.\u_array.\g_row[0].g_col[0].u_pe.\u_mul.\g_bw.g_wallace.u_tree.\genblk1.g_reduce.u_next.$and$/home/danieltyukov/workspace/personal/tt-ihp-int8-npu/src/npu_csa_reduce.sv:53$2018_Y.
Removed top 1 bits (of 16) from wire tt_um_danieltyukov_int8_npu.$flatten\u_core.\u_array.\g_row[0].g_col[0].u_pe.\u_mul.\g_bw.g_wallace.u_tree.\genblk1.g_reduce.u_next.$and$/home/danieltyukov/workspace/personal/tt-ihp-int8-npu/src/npu_csa_reduce.sv:53$2024_Y.
Removed top 7 bits (of 16) from wire tt_um_danieltyukov_int8_npu.$flatten\u_core.\u_array.\g_row[0].g_col[1].u_pe.\u_mul.\g_bw.g_wallace.u_tree.$and$/home/danieltyukov/workspace/personal/tt-ihp-int8-npu/src/npu_csa_reduce.sv:53$1891_Y.
Removed top 6 bits (of 16) from wire tt_um_danieltyukov_int8_npu.$flatten\u_core.\u_array.\g_row[0].g_col[1].u_pe.\u_mul.\g_bw.g_wallace.u_tree.$and$/home/danieltyukov/workspace/personal/tt-ihp-int8-npu/src/npu_csa_reduce.sv:53$1892_Y.
Removed top 6 bits (of 16) from wire tt_um_danieltyukov_int8_npu.$flatten\u_core.\u_array.\g_row[0].g_col[1].u_pe.\u_mul.\g_bw.g_wallace.u_tree.$and$/home/danieltyukov/workspace/personal/tt-ihp-int8-npu/src/npu_csa_reduce.sv:53$1894_Y.
Removed top 4 bits (of 16) from wire tt_um_danieltyukov_int8_npu.$flatten\u_core.\u_array.\g_row[0].g_col[1].u_pe.\u_mul.\g_bw.g_wallace.u_tree.$and$/home/danieltyukov/workspace/personal/tt-ihp-int8-npu/src/npu_csa_reduce.sv:53$1898_Y.
Removed top 3 bits (of 16) from wire tt_um_danieltyukov_int8_npu.$flatten\u_core.\u_array.\g_row[0].g_col[1].u_pe.\u_mul.\g_bw.g_wallace.u_tree.$and$/home/danieltyukov/workspace/personal/tt-ihp-int8-npu/src/npu_csa_reduce.sv:53$1899_Y.
Removed top 3 bits (of 16) from wire tt_um_danieltyukov_int8_npu.$flatten\u_core.\u_array.\g_row[0].g_col[1].u_pe.\u_mul.\g_bw.g_wallace.u_tree.$and$/home/danieltyukov/workspace/personal/tt-ihp-int8-npu/src/npu_csa_reduce.sv:53$1901_Y.
Removed top 1 bits (of 16) from wire tt_um_danieltyukov_int8_npu.$flatten\u_core.\u_array.\g_row[0].g_col[1].u_pe.\u_mul.\g_bw.g_wallace.u_tree.$and$/home/danieltyukov/workspace/personal/tt-ihp-int8-npu/src/npu_csa_reduce.sv:53$1905_Y.
Removed top 1 bits (of 16) from wire tt_um_danieltyukov_int8_npu.$flatten\u_core.\u_array.\g_row[0].g_col[1].u_pe.\u_mul.\g_bw.g_wallace.u_tree.$or$/home/danieltyukov/workspace/personal/tt-ihp-int8-npu/src/npu_csa_reduce.sv:53$1907_Y.
Removed top 1 bits (of 16) from wire tt_um_danieltyukov_int8_npu.$flatten\u_core.\u_array.\g_row[0].g_col[1].u_pe.\u_mul.\g_bw.g_wallace.u_tree.$xor$/home/danieltyukov/workspace/personal/tt-ihp-int8-npu/src/npu_csa_reduce.sv:49$1903_Y.
Removed top 1 bits (of 16) from wire tt_um_danieltyukov_int8_npu.$flatten\u_core.\u_array.\g_row[0].g_col[1].u_pe.\u_mul.\g_bw.g_wallace.u_tree.\genblk1.g_reduce.u_next.$and$/home/danieltyukov/workspace/personal/tt-ihp-int8-npu/src/npu_csa_reduce.sv:53$2017_Y.
Removed top 1 bits (of 16) from wire tt_um_danieltyukov_int8_npu.$flatten\u_core.\u_array.\g_row[0].g_col[1].u_pe.\u_mul.\g_bw.g_wallace.u_tree.\genblk1.g_reduce.u_next.$and$/home/danieltyukov/workspace/personal/tt-ihp-int8-npu/src/npu_csa_reduce.sv:53$2025_Y.
Removed top 7 bits (of 16) from wire tt_um_danieltyukov_int8_npu.$flatten\u_core.\u_array.\g_row[1].g_col[0].u_pe.\u_mul.\g_bw.g_wallace.u_tree.$and$/home/danieltyukov/workspace/personal/tt-ihp-int8-npu/src/npu_csa_reduce.sv:53$1891_Y.
Removed top 6 bits (of 16) from wire tt_um_danieltyukov_int8_npu.$flatten\u_core.\u_array.\g_row[1].g_col[0].u_pe.\u_mul.\g_bw.g_wallace.u_tree.$and$/home/danieltyukov/workspace/personal/tt-ihp-int8-npu/src/npu_csa_reduce.sv:53$1892_Y.
Removed top 6 bits (of 16) from wire tt_um_danieltyukov_int8_npu.$flatten\u_core.\u_array.\g_row[1].g_col[0].u_pe.\u_mul.\g_bw.g_wallace.u_tree.$and$/home/danieltyukov/workspace/personal/tt-ihp-int8-npu/src/npu_csa_reduce.sv:53$1894_Y.
Removed top 4 bits (of 16) from wire tt_um_danieltyukov_int8_npu.$flatten\u_core.\u_array.\g_row[1].g_col[0].u_pe.\u_mul.\g_bw.g_wallace.u_tree.$and$/home/danieltyukov/workspace/personal/tt-ihp-int8-npu/src/npu_csa_reduce.sv:53$1898_Y.
Removed top 3 bits (of 16) from wire tt_um_danieltyukov_int8_npu.$flatten\u_core.\u_array.\g_row[1].g_col[0].u_pe.\u_mul.\g_bw.g_wallace.u_tree.$and$/home/danieltyukov/workspace/personal/tt-ihp-int8-npu/src/npu_csa_reduce.sv:53$1899_Y.
Removed top 1 bits (of 16) from wire tt_um_danieltyukov_int8_npu.$flatten\u_core.\u_array.\g_row[1].g_col[0].u_pe.\u_mul.\g_bw.g_wallace.u_tree.$xor$/home/danieltyukov/workspace/personal/tt-ihp-int8-npu/src/npu_csa_reduce.sv:49$1903_Y.
Removed top 1 bits (of 16) from wire tt_um_danieltyukov_int8_npu.$flatten\u_core.\u_array.\g_row[1].g_col[0].u_pe.\u_mul.\g_bw.g_wallace.u_tree.\genblk1.g_reduce.u_next.$and$/home/danieltyukov/workspace/personal/tt-ihp-int8-npu/src/npu_csa_reduce.sv:53$2017_Y.
Removed top 1 bits (of 16) from wire tt_um_danieltyukov_int8_npu.$flatten\u_core.\u_array.\g_row[1].g_col[0].u_pe.\u_mul.\g_bw.g_wallace.u_tree.\genblk1.g_reduce.u_next.$and$/home/danieltyukov/workspace/personal/tt-ihp-int8-npu/src/npu_csa_reduce.sv:53$2018_Y.
Removed top 1 bits (of 16) from wire tt_um_danieltyukov_int8_npu.$flatten\u_core.\u_array.\g_row[1].g_col[0].u_pe.\u_mul.\g_bw.g_wallace.u_tree.\genblk1.g_reduce.u_next.$and$/home/danieltyukov/workspace/personal/tt-ihp-int8-npu/src/npu_csa_reduce.sv:53$2020_Y.
Removed top 7 bits (of 16) from wire tt_um_danieltyukov_int8_npu.$flatten\u_core.\u_array.\g_row[1].g_col[1].u_pe.\u_mul.\g_bw.g_wallace.u_tree.$and$/home/danieltyukov/workspace/personal/tt-ihp-int8-npu/src/npu_csa_reduce.sv:53$1891_Y.
Removed top 6 bits (of 16) from wire tt_um_danieltyukov_int8_npu.$flatten\u_core.\u_array.\g_row[1].g_col[1].u_pe.\u_mul.\g_bw.g_wallace.u_tree.$and$/home/danieltyukov/workspace/personal/tt-ihp-int8-npu/src/npu_csa_reduce.sv:53$1892_Y.
Removed top 6 bits (of 16) from wire tt_um_danieltyukov_int8_npu.$flatten\u_core.\u_array.\g_row[1].g_col[1].u_pe.\u_mul.\g_bw.g_wallace.u_tree.$and$/home/danieltyukov/workspace/personal/tt-ihp-int8-npu/src/npu_csa_reduce.sv:53$1894_Y.
Removed top 4 bits (of 16) from wire tt_um_danieltyukov_int8_npu.$flatten\u_core.\u_array.\g_row[1].g_col[1].u_pe.\u_mul.\g_bw.g_wallace.u_tree.$and$/home/danieltyukov/workspace/personal/tt-ihp-int8-npu/src/npu_csa_reduce.sv:53$1898_Y.
Removed top 3 bits (of 16) from wire tt_um_danieltyukov_int8_npu.$flatten\u_core.\u_array.\g_row[1].g_col[1].u_pe.\u_mul.\g_bw.g_wallace.u_tree.$and$/home/danieltyukov/workspace/personal/tt-ihp-int8-npu/src/npu_csa_reduce.sv:53$1899_Y.
Removed top 3 bits (of 16) from wire tt_um_danieltyukov_int8_npu.$flatten\u_core.\u_array.\g_row[1].g_col[1].u_pe.\u_mul.\g_bw.g_wallace.u_tree.$and$/home/danieltyukov/workspace/personal/tt-ihp-int8-npu/src/npu_csa_reduce.sv:53$1901_Y.
Removed top 1 bits (of 16) from wire tt_um_danieltyukov_int8_npu.$flatten\u_core.\u_array.\g_row[1].g_col[1].u_pe.\u_mul.\g_bw.g_wallace.u_tree.$and$/home/danieltyukov/workspace/personal/tt-ihp-int8-npu/src/npu_csa_reduce.sv:53$1905_Y.
Removed top 1 bits (of 16) from wire tt_um_danieltyukov_int8_npu.$flatten\u_core.\u_array.\g_row[1].g_col[1].u_pe.\u_mul.\g_bw.g_wallace.u_tree.$or$/home/danieltyukov/workspace/personal/tt-ihp-int8-npu/src/npu_csa_reduce.sv:53$1907_Y.
Removed top 1 bits (of 16) from wire tt_um_danieltyukov_int8_npu.$flatten\u_core.\u_array.\g_row[1].g_col[1].u_pe.\u_mul.\g_bw.g_wallace.u_tree.$xor$/home/danieltyukov/workspace/personal/tt-ihp-int8-npu/src/npu_csa_reduce.sv:49$1903_Y.
Removed top 1 bits (of 16) from wire tt_um_danieltyukov_int8_npu.$flatten\u_core.\u_array.\g_row[1].g_col[1].u_pe.\u_mul.\g_bw.g_wallace.u_tree.\genblk1.g_reduce.u_next.$and$/home/danieltyukov/workspace/personal/tt-ihp-int8-npu/src/npu_csa_reduce.sv:53$2017_Y.
Removed top 1 bits (of 16) from wire tt_um_danieltyukov_int8_npu.$flatten\u_core.\u_array.\g_row[1].g_col[1].u_pe.\u_mul.\g_bw.g_wallace.u_tree.\genblk1.g_reduce.u_next.$and$/home/danieltyukov/workspace/personal/tt-ihp-int8-npu/src/npu_csa_reduce.sv:53$2020_Y.
Removed top 1 bits (of 16) from wire tt_um_danieltyukov_int8_npu.$flatten\u_core.\u_array.\g_row[1].g_col[1].u_pe.\u_mul.\g_bw.g_wallace.u_tree.\genblk1.g_reduce.u_next.$and$/home/danieltyukov/workspace/personal/tt-ihp-int8-npu/src/npu_csa_reduce.sv:53$2025_Y.
Removed top 1 bits (of 16) from wire tt_um_danieltyukov_int8_npu.$flatten\u_core.\u_array.\g_row[1].g_col[1].u_pe.\u_mul.\g_bw.g_wallace.u_tree.\genblk1.g_reduce.u_next.$and$/home/danieltyukov/workspace/personal/tt-ihp-int8-npu/src/npu_csa_reduce.sv:53$2027_Y.
Removed top 1 bits (of 16) from wire tt_um_danieltyukov_int8_npu.$flatten\u_core.\u_array.\g_row[1].g_col[1].u_pe.\u_mul.\g_bw.g_wallace.u_tree.\genblk1.g_reduce.u_next.$or$/home/danieltyukov/workspace/personal/tt-ihp-int8-npu/src/npu_csa_reduce.sv:53$2019_Y.
Removed top 3 bits (of 8) from wire tt_um_danieltyukov_int8_npu.$flatten\u_core.\u_host.$procmux$2046_Y.
Removed top 1 bits (of 45) from wire tt_um_danieltyukov_int8_npu.$flatten\u_core.\u_requant.$procmux$2465_Y.
Removed top 1 bits (of 2) from wire tt_um_danieltyukov_int8_npu.$flatten\u_core.\u_requant.$ternary$/home/danieltyukov/workspace/personal/tt-ihp-int8-npu/src/npu_requant.sv:168$1498_Y.

16.11. Executing PEEPOPT pass (run peephole optimizers).

16.12. Executing OPT_CLEAN pass (remove unused cells and wires).
Finding unused cells or wires in module \tt_um_danieltyukov_int8_npu..
Removed 0 unused cells and 59 unused wires.
<suppressed ~1 debug messages>

16.13. Executing ALUMACC pass (create $alu and $macc cells).
Extracting $alu and $macc cells in module tt_um_danieltyukov_int8_npu:
  creating $macc model for $flatten\u_core.$add$/home/danieltyukov/workspace/personal/tt-ihp-int8-npu/src/npu_core.sv:234$1038 ($add).
  creating $macc model for $flatten\u_core.$add$/home/danieltyukov/workspace/personal/tt-ihp-int8-npu/src/npu_core.sv:272$973 ($add).
  creating $macc model for $flatten\u_core.$add$/home/danieltyukov/workspace/personal/tt-ihp-int8-npu/src/npu_core.sv:298$1104 ($add).
  creating $macc model for $flatten\u_core.$add$/home/danieltyukov/workspace/personal/tt-ihp-int8-npu/src/npu_core.sv:348$982 ($add).
  creating $macc model for $flatten\u_core.$add$/home/danieltyukov/workspace/personal/tt-ihp-int8-npu/src/npu_core.sv:411$986 ($add).
  creating $macc model for $flatten\u_core.$add$/home/danieltyukov/workspace/personal/tt-ihp-int8-npu/src/npu_core.sv:468$996 ($add).
  creating $macc model for $flatten\u_core.$add$/home/danieltyukov/workspace/personal/tt-ihp-int8-npu/src/npu_core.sv:490$998 ($add).
  creating $macc model for $flatten\u_core.$add$/home/danieltyukov/workspace/personal/tt-ihp-int8-npu/src/npu_core.sv:492$999 ($add).
  creating $macc model for $flatten\u_core.$add$/home/danieltyukov/workspace/personal/tt-ihp-int8-npu/src/npu_core.sv:525$1003 ($add).
  creating $macc model for $flatten\u_core.$mul$/home/danieltyukov/workspace/personal/tt-ihp-int8-npu/src/npu_core.sv:299$1046 ($mul).
  creating $macc model for $flatten\u_core.$mul$/home/danieltyukov/workspace/personal/tt-ihp-int8-npu/src/npu_core.sv:299$1105 ($mul).
  creating $macc model for $flatten\u_core.$mul$/home/danieltyukov/workspace/personal/tt-ihp-int8-npu/src/npu_core.sv:342$974 ($mul).
  creating $macc model for $flatten\u_core.$mul$/home/danieltyukov/workspace/personal/tt-ihp-int8-npu/src/npu_core.sv:347$977 ($mul).
  creating $macc model for $flatten\u_core.$mul$/home/danieltyukov/workspace/personal/tt-ihp-int8-npu/src/npu_core.sv:527$1004 ($mul).
  creating $macc model for $flatten\u_core.$sub$/home/danieltyukov/workspace/personal/tt-ihp-int8-npu/src/npu_core.sv:226$1030 ($sub).
  creating $macc model for $flatten\u_core.\u_act.$add$/home/danieltyukov/workspace/personal/tt-ihp-int8-npu/src/npu_activation.sv:43$3 ($add).
  creating $macc model for $flatten\u_core.\u_act.$sub$/home/danieltyukov/workspace/personal/tt-ihp-int8-npu/src/npu_activation.sv:41$1 ($sub).
  creating $macc model for $flatten\u_core.\u_host.$add$/home/danieltyukov/workspace/personal/tt-ihp-int8-npu/src/npu_host_if.sv:197$1558 ($add).
  creating $macc model for $flatten\u_core.\u_host.$add$/home/danieltyukov/workspace/personal/tt-ihp-int8-npu/src/npu_host_if.sv:215$1559 ($add).
  creating $macc model for $flatten\u_core.\u_requant.$add$/home/danieltyukov/workspace/personal/tt-ihp-int8-npu/src/npu_requant.sv:157$1494 ($add).
  creating $macc model for $flatten\u_core.\u_requant.$sub$/home/danieltyukov/workspace/personal/tt-ihp-int8-npu/src/npu_requant.sv:167$1495 ($sub).
  creating $macc model for $flatten\u_core.\u_requant.$sub$/home/danieltyukov/workspace/personal/tt-ihp-int8-npu/src/npu_requant.sv:178$1504 ($sub).
  creating $macc model for $flatten\u_core.\u_requant.$sub$/home/danieltyukov/workspace/personal/tt-ihp-int8-npu/src/npu_requant.sv:184$1507 ($sub).
  creating $alu model for $macc $flatten\u_core.\u_requant.$sub$/home/danieltyukov/workspace/personal/tt-ihp-int8-npu/src/npu_requant.sv:184$1507.
  creating $alu model for $macc $flatten\u_core.\u_requant.$sub$/home/danieltyukov/workspace/personal/tt-ihp-int8-npu/src/npu_requant.sv:178$1504.
  creating $alu model for $macc $flatten\u_core.\u_requant.$sub$/home/danieltyukov/workspace/personal/tt-ihp-int8-npu/src/npu_requant.sv:167$1495.
  creating $alu model for $macc $flatten\u_core.\u_requant.$add$/home/danieltyukov/workspace/personal/tt-ihp-int8-npu/src/npu_requant.sv:157$1494.
  creating $alu model for $macc $flatten\u_core.\u_host.$add$/home/danieltyukov/workspace/personal/tt-ihp-int8-npu/src/npu_host_if.sv:215$1559.
  creating $alu model for $macc $flatten\u_core.\u_host.$add$/home/danieltyukov/workspace/personal/tt-ihp-int8-npu/src/npu_host_if.sv:197$1558.
  creating $alu model for $macc $flatten\u_core.\u_act.$sub$/home/danieltyukov/workspace/personal/tt-ihp-int8-npu/src/npu_activation.sv:41$1.
  creating $alu model for $macc $flatten\u_core.\u_act.$add$/home/danieltyukov/workspace/personal/tt-ihp-int8-npu/src/npu_activation.sv:43$3.
  creating $alu model for $macc $flatten\u_core.$sub$/home/danieltyukov/workspace/personal/tt-ihp-int8-npu/src/npu_core.sv:226$1030.
  creating $alu model for $macc $flatten\u_core.$add$/home/danieltyukov/workspace/personal/tt-ihp-int8-npu/src/npu_core.sv:525$1003.
  creating $alu model for $macc $flatten\u_core.$add$/home/danieltyukov/workspace/personal/tt-ihp-int8-npu/src/npu_core.sv:492$999.
  creating $alu model for $macc $flatten\u_core.$add$/home/danieltyukov/workspace/personal/tt-ihp-int8-npu/src/npu_core.sv:490$998.
  creating $alu model for $macc $flatten\u_core.$add$/home/danieltyukov/workspace/personal/tt-ihp-int8-npu/src/npu_core.sv:468$996.
  creating $alu model for $macc $flatten\u_core.$add$/home/danieltyukov/workspace/personal/tt-ihp-int8-npu/src/npu_core.sv:411$986.
  creating $alu model for $macc $flatten\u_core.$add$/home/danieltyukov/workspace/personal/tt-ihp-int8-npu/src/npu_core.sv:348$982.
  creating $alu model for $macc $flatten\u_core.$add$/home/danieltyukov/workspace/personal/tt-ihp-int8-npu/src/npu_core.sv:298$1104.
  creating $alu model for $macc $flatten\u_core.$add$/home/danieltyukov/workspace/personal/tt-ihp-int8-npu/src/npu_core.sv:272$973.
  creating $alu model for $macc $flatten\u_core.$add$/home/danieltyukov/workspace/personal/tt-ihp-int8-npu/src/npu_core.sv:234$1038.
  creating $macc cell for $flatten\u_core.$mul$/home/danieltyukov/workspace/personal/tt-ihp-int8-npu/src/npu_core.sv:299$1046: $auto$alumacc.cc:365:replace_macc$3373
  creating $macc cell for $flatten\u_core.$mul$/home/danieltyukov/workspace/personal/tt-ihp-int8-npu/src/npu_core.sv:527$1004: $auto$alumacc.cc:365:replace_macc$3374
  creating $macc cell for $flatten\u_core.$mul$/home/danieltyukov/workspace/personal/tt-ihp-int8-npu/src/npu_core.sv:347$977: $auto$alumacc.cc:365:replace_macc$3375
  creating $macc cell for $flatten\u_core.$mul$/home/danieltyukov/workspace/personal/tt-ihp-int8-npu/src/npu_core.sv:342$974: $auto$alumacc.cc:365:replace_macc$3376
  creating $macc cell for $flatten\u_core.$mul$/home/danieltyukov/workspace/personal/tt-ihp-int8-npu/src/npu_core.sv:299$1105: $auto$alumacc.cc:365:replace_macc$3377
  creating $alu model for $flatten\u_core.$ge$/home/danieltyukov/workspace/personal/tt-ihp-int8-npu/src/npu_core.sv:231$1032 ($ge): new $alu
  creating $alu model for $flatten\u_core.$le$/home/danieltyukov/workspace/personal/tt-ihp-int8-npu/src/npu_core.sv:229$1021 ($le): new $alu
  creating $alu model for $flatten\u_core.$le$/home/danieltyukov/workspace/personal/tt-ihp-int8-npu/src/npu_core.sv:231$1034 ($le): new $alu
  creating $alu model for $flatten\u_core.$lt$/home/danieltyukov/workspace/personal/tt-ihp-int8-npu/src/npu_core.sv:530$1007 ($lt): new $alu
  creating $alu model for $flatten\u_core.\u_act.$ge$/home/danieltyukov/workspace/personal/tt-ihp-int8-npu/src/npu_activation.sv:48$9 ($ge): new $alu
  creating $alu model for $flatten\u_core.\u_act.$gt$/home/danieltyukov/workspace/personal/tt-ihp-int8-npu/src/npu_activation.sv:44$4 ($gt): new $alu
  creating $alu model for $flatten\u_core.\u_act.$gt$/home/danieltyukov/workspace/personal/tt-ihp-int8-npu/src/npu_activation.sv:56$19 ($gt): new $alu
  creating $alu model for $flatten\u_core.\u_act.$lt$/home/danieltyukov/workspace/personal/tt-ihp-int8-npu/src/npu_activation.sv:45$5 ($lt): new $alu
  creating $alu model for $flatten\u_core.\u_act.$lt$/home/danieltyukov/workspace/personal/tt-ihp-int8-npu/src/npu_activation.sv:56$18 ($lt): new $alu
  creating $alu model for $flatten\u_core.\u_host.$ge$/home/danieltyukov/workspace/personal/tt-ihp-int8-npu/src/npu_host_if.sv:193$1557 ($ge): new $alu
  creating $alu model for $flatten\u_core.\u_requant.$ge$/home/danieltyukov/workspace/personal/tt-ihp-int8-npu/src/npu_requant.sv:174$1499 ($ge): new $alu
  creating $alu model for $flatten\u_core.\u_requant.$gt$/home/danieltyukov/workspace/personal/tt-ihp-int8-npu/src/npu_requant.sv:130$1488 ($gt): new $alu
  creating $alu model for $flatten\u_core.\u_requant.$lt$/home/danieltyukov/workspace/personal/tt-ihp-int8-npu/src/npu_requant.sv:131$1489 ($lt): new $alu
  creating $alu model for $flatten\u_core.\u_requant.$eq$/home/danieltyukov/workspace/personal/tt-ihp-int8-npu/src/npu_requant.sv:179$1505 ($eq): merged with $flatten\u_core.\u_requant.$ge$/home/danieltyukov/workspace/personal/tt-ihp-int8-npu/src/npu_requant.sv:174$1499.
  creating $alu cell for $flatten\u_core.\u_requant.$lt$/home/danieltyukov/workspace/personal/tt-ihp-int8-npu/src/npu_requant.sv:131$1489: $auto$alumacc.cc:485:replace_alu$3391
  creating $alu cell for $flatten\u_core.\u_requant.$gt$/home/danieltyukov/workspace/personal/tt-ihp-int8-npu/src/npu_requant.sv:130$1488: $auto$alumacc.cc:485:replace_alu$3404
  creating $alu cell for $flatten\u_core.\u_requant.$ge$/home/danieltyukov/workspace/personal/tt-ihp-int8-npu/src/npu_requant.sv:174$1499, $flatten\u_core.\u_requant.$eq$/home/danieltyukov/workspace/personal/tt-ihp-int8-npu/src/npu_requant.sv:179$1505: $auto$alumacc.cc:485:replace_alu$3411
  creating $alu cell for $flatten\u_core.\u_host.$ge$/home/danieltyukov/workspace/personal/tt-ihp-int8-npu/src/npu_host_if.sv:193$1557: $auto$alumacc.cc:485:replace_alu$3420
  creating $alu cell for $flatten\u_core.\u_act.$lt$/home/danieltyukov/workspace/personal/tt-ihp-int8-npu/src/npu_activation.sv:56$18: $auto$alumacc.cc:485:replace_alu$3433
  creating $alu cell for $flatten\u_core.\u_act.$lt$/home/danieltyukov/workspace/personal/tt-ihp-int8-npu/src/npu_activation.sv:45$5: $auto$alumacc.cc:485:replace_alu$3440
  creating $alu cell for $flatten\u_core.\u_act.$gt$/home/danieltyukov/workspace/personal/tt-ihp-int8-npu/src/npu_activation.sv:56$19: $auto$alumacc.cc:485:replace_alu$3453
  creating $alu cell for $flatten\u_core.\u_act.$gt$/home/danieltyukov/workspace/personal/tt-ihp-int8-npu/src/npu_activation.sv:44$4: $auto$alumacc.cc:485:replace_alu$3466
  creating $alu cell for $flatten\u_core.\u_act.$ge$/home/danieltyukov/workspace/personal/tt-ihp-int8-npu/src/npu_activation.sv:48$9: $auto$alumacc.cc:485:replace_alu$3473
  creating $alu cell for $flatten\u_core.$lt$/home/danieltyukov/workspace/personal/tt-ihp-int8-npu/src/npu_core.sv:530$1007: $auto$alumacc.cc:485:replace_alu$3488
  creating $alu cell for $flatten\u_core.$le$/home/danieltyukov/workspace/personal/tt-ihp-int8-npu/src/npu_core.sv:231$1034: $auto$alumacc.cc:485:replace_alu$3499
  creating $alu cell for $flatten\u_core.$le$/home/danieltyukov/workspace/personal/tt-ihp-int8-npu/src/npu_core.sv:229$1021: $auto$alumacc.cc:485:replace_alu$3512
  creating $alu cell for $flatten\u_core.$add$/home/danieltyukov/workspace/personal/tt-ihp-int8-npu/src/npu_core.sv:234$1038: $auto$alumacc.cc:485:replace_alu$3525
  creating $alu cell for $flatten\u_core.$add$/home/danieltyukov/workspace/personal/tt-ihp-int8-npu/src/npu_core.sv:272$973: $auto$alumacc.cc:485:replace_alu$3528
  creating $alu cell for $flatten\u_core.$add$/home/danieltyukov/workspace/personal/tt-ihp-int8-npu/src/npu_core.sv:298$1104: $auto$alumacc.cc:485:replace_alu$3531
  creating $alu cell for $flatten\u_core.$add$/home/danieltyukov/workspace/personal/tt-ihp-int8-npu/src/npu_core.sv:348$982: $auto$alumacc.cc:485:replace_alu$3534
  creating $alu cell for $flatten\u_core.$add$/home/danieltyukov/workspace/personal/tt-ihp-int8-npu/src/npu_core.sv:411$986: $auto$alumacc.cc:485:replace_alu$3537
  creating $alu cell for $flatten\u_core.$ge$/home/danieltyukov/workspace/personal/tt-ihp-int8-npu/src/npu_core.sv:231$1032: $auto$alumacc.cc:485:replace_alu$3540
  creating $alu cell for $flatten\u_core.$add$/home/danieltyukov/workspace/personal/tt-ihp-int8-npu/src/npu_core.sv:468$996: $auto$alumacc.cc:485:replace_alu$3549
  creating $alu cell for $flatten\u_core.$add$/home/danieltyukov/workspace/personal/tt-ihp-int8-npu/src/npu_core.sv:490$998: $auto$alumacc.cc:485:replace_alu$3552
  creating $alu cell for $flatten\u_core.$add$/home/danieltyukov/workspace/personal/tt-ihp-int8-npu/src/npu_core.sv:492$999: $auto$alumacc.cc:485:replace_alu$3555
  creating $alu cell for $flatten\u_core.$add$/home/danieltyukov/workspace/personal/tt-ihp-int8-npu/src/npu_core.sv:525$1003: $auto$alumacc.cc:485:replace_alu$3558
  creating $alu cell for $flatten\u_core.$sub$/home/danieltyukov/workspace/personal/tt-ihp-int8-npu/src/npu_core.sv:226$1030: $auto$alumacc.cc:485:replace_alu$3561
  creating $alu cell for $flatten\u_core.\u_act.$add$/home/danieltyukov/workspace/personal/tt-ihp-int8-npu/src/npu_activation.sv:43$3: $auto$alumacc.cc:485:replace_alu$3564
  creating $alu cell for $flatten\u_core.\u_act.$sub$/home/danieltyukov/workspace/personal/tt-ihp-int8-npu/src/npu_activation.sv:41$1: $auto$alumacc.cc:485:replace_alu$3567
  creating $alu cell for $flatten\u_core.\u_host.$add$/home/danieltyukov/workspace/personal/tt-ihp-int8-npu/src/npu_host_if.sv:197$1558: $auto$alumacc.cc:485:replace_alu$3570
  creating $alu cell for $flatten\u_core.\u_host.$add$/home/danieltyukov/workspace/personal/tt-ihp-int8-npu/src/npu_host_if.sv:215$1559: $auto$alumacc.cc:485:replace_alu$3573
  creating $alu cell for $flatten\u_core.\u_requant.$add$/home/danieltyukov/workspace/personal/tt-ihp-int8-npu/src/npu_requant.sv:157$1494: $auto$alumacc.cc:485:replace_alu$3576
  creating $alu cell for $flatten\u_core.\u_requant.$sub$/home/danieltyukov/workspace/personal/tt-ihp-int8-npu/src/npu_requant.sv:167$1495: $auto$alumacc.cc:485:replace_alu$3579
  creating $alu cell for $flatten\u_core.\u_requant.$sub$/home/danieltyukov/workspace/personal/tt-ihp-int8-npu/src/npu_requant.sv:178$1504: $auto$alumacc.cc:485:replace_alu$3582
  creating $alu cell for $flatten\u_core.\u_requant.$sub$/home/danieltyukov/workspace/personal/tt-ihp-int8-npu/src/npu_requant.sv:184$1507: $auto$alumacc.cc:485:replace_alu$3585
  created 31 $alu and 5 $macc cells.

16.14. Executing SHARE pass (SAT-based resource sharing).
Found 2 cells in module tt_um_danieltyukov_int8_npu that may be considered for resource sharing.
  Analyzing resource sharing options for $flatten\u_core.\u_host.$auto$mem.cc:273:emit$2040 ($memrd_v2):
    Found 1 activation_patterns using ctrl signal { $flatten\u_core.\u_host.$logic_and$/home/danieltyukov/workspace/personal/tt-ihp-int8-npu/src/npu_host_if.sv:160$1539_Y $flatten\u_core.\u_host.$logic_and$/home/danieltyukov/workspace/personal/tt-ihp-int8-npu/src/npu_host_if.sv:156$1532_Y }.
    No candidates found.
  Analyzing resource sharing options for $flatten\u_core.\u_act.$sshr$/home/danieltyukov/workspace/personal/tt-ihp-int8-npu/src/npu_activation.sv:42$2 ($sshr):
    Found 144 activation_patterns using ctrl signal { \u_core.g_res[0].wen \u_core.g_res[1].wen \u_core.g_res[2].wen \u_core.g_res[3].wen \u_core.g_res[4].wen \u_core.g_res[5].wen \u_core.g_res[6].wen \u_core.g_res[7].wen \u_core.g_res[8].wen \u_core.g_res[9].wen \u_core.g_res[10].wen \u_core.g_res[11].wen \u_core.g_res[12].wen \u_core.g_res[13].wen \u_core.g_res[14].wen \u_core.g_res[15].wen $auto$rtlil.cc:2401:Not$3465 $auto$rtlil.cc:2433:Xor$3472 $auto$rtlil.cc:2401:Not$3452 \u_core.u_host.soft_rst $auto$rtlil.cc:2405:ReduceOr$3487 $auto$rtlil.cc:2433:Xor$3439 $flatten\u_core.\u_act.$eq$/home/danieltyukov/workspace/personal/tt-ihp-int8-npu/src/npu_activation.sv:48$8_Y }.
    No candidates found.

16.15. Executing OPT pass (performing simple optimizations).

16.15.1. Executing OPT_EXPR pass (perform const folding).
Optimizing module tt_um_danieltyukov_int8_npu.
<suppressed ~5 debug messages>

16.15.2. Executing OPT_MERGE pass (detect identical cells).
Finding identical cells in module `\tt_um_danieltyukov_int8_npu'.
<suppressed ~3 debug messages>
Removed a total of 1 cells.

16.15.3. Executing OPT_MUXTREE pass (detect dead branches in mux trees).
Running muxtree optimizer on module \tt_um_danieltyukov_int8_npu..
  Creating internal representation of mux trees.
  Evaluating internal representation of mux trees.
  Analyzing evaluation results.
Removed 0 multiplexer ports.
<suppressed ~94 debug messages>

16.15.4. Executing OPT_REDUCE pass (consolidate $*mux and $reduce_* inputs).
  Optimizing cells in module \tt_um_danieltyukov_int8_npu.
Performed a total of 0 changes.

16.15.5. Executing OPT_MERGE pass (detect identical cells).
Finding identical cells in module `\tt_um_danieltyukov_int8_npu'.
Removed a total of 0 cells.

16.15.6. Executing OPT_DFF pass (perform DFF optimizations).

16.15.7. Executing OPT_CLEAN pass (remove unused cells and wires).
Finding unused cells or wires in module \tt_um_danieltyukov_int8_npu..
Removed 3 unused cells and 18 unused wires.
<suppressed ~5 debug messages>

16.15.8. Executing OPT_EXPR pass (perform const folding).
Optimizing module tt_um_danieltyukov_int8_npu.

16.15.9. Rerunning OPT passes. (Maybe there is more to do..)

16.15.10. Executing OPT_MUXTREE pass (detect dead branches in mux trees).
Running muxtree optimizer on module \tt_um_danieltyukov_int8_npu..
  Creating internal representation of mux trees.
  Evaluating internal representation of mux trees.
  Analyzing evaluation results.
Removed 0 multiplexer ports.
<suppressed ~94 debug messages>

16.15.11. Executing OPT_REDUCE pass (consolidate $*mux and $reduce_* inputs).
  Optimizing cells in module \tt_um_danieltyukov_int8_npu.
Performed a total of 0 changes.

16.15.12. Executing OPT_MERGE pass (detect identical cells).
Finding identical cells in module `\tt_um_danieltyukov_int8_npu'.
Removed a total of 0 cells.

16.15.13. Executing OPT_DFF pass (perform DFF optimizations).

16.15.14. Executing OPT_CLEAN pass (remove unused cells and wires).
Finding unused cells or wires in module \tt_um_danieltyukov_int8_npu..

16.15.15. Executing OPT_EXPR pass (perform const folding).
Optimizing module tt_um_danieltyukov_int8_npu.

16.15.16. Finished OPT passes. (There is nothing left to do.)

16.16. Executing MEMORY pass.

16.16.1. Executing OPT_MEM pass (optimize memories).
Performed a total of 0 transformations.

16.16.2. Executing OPT_MEM_PRIORITY pass (removing unnecessary memory write priority relations).
Performed a total of 0 transformations.

16.16.3. Executing OPT_MEM_FEEDBACK pass (finding memory read-to-write feedback paths).

16.16.4. Executing MEMORY_BMUX2ROM pass (converting muxes to ROMs).

16.16.5. Executing MEMORY_DFF pass (merging $dff cells to $memrd).
Checking read port `$flatten\u_core.\u_host.$auto$proc_rom.cc:150:do_switch$2039'[0] in module `\tt_um_danieltyukov_int8_npu': no output FF found.
Checking read port address `$flatten\u_core.\u_host.$auto$proc_rom.cc:150:do_switch$2039'[0] in module `\tt_um_danieltyukov_int8_npu': no address FF found.

16.16.6. Executing OPT_CLEAN pass (remove unused cells and wires).
Finding unused cells or wires in module \tt_um_danieltyukov_int8_npu..

16.16.7. Executing MEMORY_SHARE pass (consolidating $memrd/$memwr cells).

16.16.8. Executing OPT_MEM_WIDEN pass (optimize memories where all ports are wide).
Performed a total of 0 transformations.

16.16.9. Executing OPT_CLEAN pass (remove unused cells and wires).
Finding unused cells or wires in module \tt_um_danieltyukov_int8_npu..

16.16.10. Executing MEMORY_COLLECT pass (generating $mem cells).

16.17. Executing OPT_CLEAN pass (remove unused cells and wires).
Finding unused cells or wires in module \tt_um_danieltyukov_int8_npu..

16.18. Executing OPT pass (performing simple optimizations).

16.18.1. Executing OPT_EXPR pass (perform const folding).
Optimizing module tt_um_danieltyukov_int8_npu.
<suppressed ~4071 debug messages>

16.18.2. Executing OPT_MERGE pass (detect identical cells).
Finding identical cells in module `\tt_um_danieltyukov_int8_npu'.
<suppressed ~87 debug messages>
Removed a total of 29 cells.

16.18.3. Executing OPT_DFF pass (perform DFF optimizations).
Adding EN signal on $auto$ff.cc:266:slice$3013 ($adffe) from module tt_um_danieltyukov_int8_npu (D = $flatten\u_core.\u_requant.$0\shcnt[5:0] [1:0], Q = \u_core.u_requant.shcnt [1:0]).

16.18.4. Executing OPT_CLEAN pass (remove unused cells and wires).
Finding unused cells or wires in module \tt_um_danieltyukov_int8_npu..
Removed 41 unused cells and 1279 unused wires.
<suppressed ~44 debug messages>

16.18.5. Rerunning OPT passes. (Removed registers in this run.)

16.18.6. Executing OPT_EXPR pass (perform const folding).
Optimizing module tt_um_danieltyukov_int8_npu.
<suppressed ~28 debug messages>

16.18.7. Executing OPT_MERGE pass (detect identical cells).
Finding identical cells in module `\tt_um_danieltyukov_int8_npu'.
Removed a total of 0 cells.

16.18.8. Executing OPT_DFF pass (perform DFF optimizations).

16.18.9. Executing OPT_CLEAN pass (remove unused cells and wires).
Finding unused cells or wires in module \tt_um_danieltyukov_int8_npu..

16.18.10. Finished fast OPT passes.

16.19. Executing MEMORY_MAP pass (converting memories to logic and flip-flops).
Mapping memory $flatten\u_core.\u_host.$auto$proc_rom.cc:150:do_switch$2039 in module \tt_um_danieltyukov_int8_npu:
  created 16 $dff cells and 0 static cells of width 1.
  read interface: 0 $dff and 15 $mux cells.
  write interface: 0 write mux blocks.

16.20. Executing OPT pass (performing simple optimizations).

16.20.1. Executing OPT_EXPR pass (perform const folding).
Optimizing module tt_um_danieltyukov_int8_npu.
<suppressed ~9 debug messages>

16.20.2. Executing OPT_MERGE pass (detect identical cells).
Finding identical cells in module `\tt_um_danieltyukov_int8_npu'.
Removed a total of 0 cells.

16.20.3. Executing OPT_MUXTREE pass (detect dead branches in mux trees).
Running muxtree optimizer on module \tt_um_danieltyukov_int8_npu..
  Creating internal representation of mux trees.
  Evaluating internal representation of mux trees.
  Analyzing evaluation results.
Removed 0 multiplexer ports.
<suppressed ~65 debug messages>

16.20.4. Executing OPT_REDUCE pass (consolidate $*mux and $reduce_* inputs).
  Optimizing cells in module \tt_um_danieltyukov_int8_npu.
    New input vector for $reduce_and cell $auto$opt_dff.cc:220:make_patterns_logic$5528: { $auto$opt_dff.cc:194:make_patterns_logic$5525 $auto$opt_dff.cc:194:make_patterns_logic$3000 $auto$opt_dff.cc:194:make_patterns_logic$3002 }
    Consolidated identical input bits for $mux cell $flatten\u_core.$ternary$/home/danieltyukov/workspace/personal/tt-ihp-int8-npu/src/npu_core.sv:322$1051:
      Old ports: A=24'011111111111111111111111, B=24'100000000000000000000000, Y=$auto$wreduce.cc:461:run$3323
      New ports: A=2'01, B=2'10, Y={ $auto$wreduce.cc:461:run$3323 [23] $auto$wreduce.cc:461:run$3323 [0] }
      New connections: $auto$wreduce.cc:461:run$3323 [22:1] = { $auto$wreduce.cc:461:run$3323 [0] $auto$wreduce.cc:461:run$3323 [0] $auto$wreduce.cc:461:run$3323 [0] $auto$wreduce.cc:461:run$3323 [0] $auto$wreduce.cc:461:run$3323 [0] $auto$wreduce.cc:461:run$3323 [0] $auto$wreduce.cc:461:run$3323 [0] $auto$wreduce.cc:461:run$3323 [0] $auto$wreduce.cc:461:run$3323 [0] $auto$wreduce.cc:461:run$3323 [0] $auto$wreduce.cc:461:run$3323 [0] $auto$wreduce.cc:461:run$3323 [0] $auto$wreduce.cc:461:run$3323 [0] $auto$wreduce.cc:461:run$3323 [0] $auto$wreduce.cc:461:run$3323 [0] $auto$wreduce.cc:461:run$3323 [0] $auto$wreduce.cc:461:run$3323 [0] $auto$wreduce.cc:461:run$3323 [0] $auto$wreduce.cc:461:run$3323 [0] $auto$wreduce.cc:461:run$3323 [0] $auto$wreduce.cc:461:run$3323 [0] $auto$wreduce.cc:461:run$3323 [0] }
    Consolidated identical input bits for $mux cell $flatten\u_core.$ternary$/home/danieltyukov/workspace/personal/tt-ihp-int8-npu/src/npu_core.sv:322$1110:
      Old ports: A=24'011111111111111111111111, B=24'100000000000000000000000, Y=$flatten\u_core.$ternary$/home/danieltyukov/workspace/personal/tt-ihp-int8-npu/src/npu_core.sv:322$1110_Y
      New ports: A=2'01, B=2'10, Y={ $flatten\u_core.$ternary$/home/danieltyukov/workspace/personal/tt-ihp-int8-npu/src/npu_core.sv:322$1110_Y [23] $flatten\u_core.$ternary$/home/danieltyukov/workspace/personal/tt-ihp-int8-npu/src/npu_core.sv:322$1110_Y [0] }
      New connections: $flatten\u_core.$ternary$/home/danieltyukov/workspace/personal/tt-ihp-int8-npu/src/npu_core.sv:322$1110_Y [22:1] = { $flatten\u_core.$ternary$/home/danieltyukov/workspace/personal/tt-ihp-int8-npu/src/npu_core.sv:322$1110_Y [0] $flatten\u_core.$ternary$/home/danieltyukov/workspace/personal/tt-ihp-int8-npu/src/npu_core.sv:322$1110_Y [0] $flatten\u_core.$ternary$/home/danieltyukov/workspace/personal/tt-ihp-int8-npu/src/npu_core.sv:322$1110_Y [0] $flatten\u_core.$ternary$/home/danieltyukov/workspace/personal/tt-ihp-int8-npu/src/npu_core.sv:322$1110_Y [0] $flatten\u_core.$ternary$/home/danieltyukov/workspace/personal/tt-ihp-int8-npu/src/npu_core.sv:322$1110_Y [0] $flatten\u_core.$ternary$/home/danieltyukov/workspace/personal/tt-ihp-int8-npu/src/npu_core.sv:322$1110_Y [0] $flatten\u_core.$ternary$/home/danieltyukov/workspace/personal/tt-ihp-int8-npu/src/npu_core.sv:322$1110_Y [0] $flatten\u_core.$ternary$/home/danieltyukov/workspace/personal/tt-ihp-int8-npu/src/npu_core.sv:322$1110_Y [0] $flatten\u_core.$ternary$/home/danieltyukov/workspace/personal/tt-ihp-int8-npu/src/npu_core.sv:322$1110_Y [0] $flatten\u_core.$ternary$/home/danieltyukov/workspace/personal/tt-ihp-int8-npu/src/npu_core.sv:322$1110_Y [0] $flatten\u_core.$ternary$/home/danieltyukov/workspace/personal/tt-ihp-int8-npu/src/npu_core.sv:322$1110_Y [0] $flatten\u_core.$ternary$/home/danieltyukov/workspace/personal/tt-ihp-int8-npu/src/npu_core.sv:322$1110_Y [0] $flatten\u_core.$ternary$/home/danieltyukov/workspace/personal/tt-ihp-int8-npu/src/npu_core.sv:322$1110_Y [0] $flatten\u_core.$ternary$/home/danieltyukov/workspace/personal/tt-ihp-int8-npu/src/npu_core.sv:322$1110_Y [0] $flatten\u_core.$ternary$/home/danieltyukov/workspace/personal/tt-ihp-int8-npu/src/npu_core.sv:322$1110_Y [0] $flatten\u_core.$ternary$/home/danieltyukov/workspace/personal/tt-ihp-int8-npu/src/npu_core.sv:322$1110_Y [0] $flatten\u_core.$ternary$/home/danieltyukov/workspace/personal/tt-ihp-int8-npu/src/npu_core.sv:322$1110_Y [0] $flatten\u_core.$ternary$/home/danieltyukov/workspace/personal/tt-ihp-int8-npu/src/npu_core.sv:322$1110_Y [0] $flatten\u_core.$ternary$/home/danieltyukov/workspace/personal/tt-ihp-int8-npu/src/npu_core.sv:322$1110_Y [0] $flatten\u_core.$ternary$/home/danieltyukov/workspace/personal/tt-ihp-int8-npu/src/npu_core.sv:322$1110_Y [0] $flatten\u_core.$ternary$/home/danieltyukov/workspace/personal/tt-ihp-int8-npu/src/npu_core.sv:322$1110_Y [0] $flatten\u_core.$ternary$/home/danieltyukov/workspace/personal/tt-ihp-int8-npu/src/npu_core.sv:322$1110_Y [0] }
    Consolidated identical input bits for $pmux cell $flatten\u_core.\u_host.$procmux$2046:
      Old ports: A=5'00000, B=20'10000001100010000001, Y=$auto$wreduce.cc:461:run$3370 [4:0]
      New ports: A=4'0000, B=16'1000011001000001, Y={ $auto$wreduce.cc:461:run$3370 [4] $auto$wreduce.cc:461:run$3370 [2:0] }
      New connections: $auto$wreduce.cc:461:run$3370 [3] = 1'0
    Consolidated identical input bits for $mux cell $flatten\u_core.\u_host.$procmux$2342:
      Old ports: A=2'01, B=2'11, Y=$flatten\u_core.\u_host.$procmux$2342_Y
      New ports: A=1'0, B=1'1, Y=$flatten\u_core.\u_host.$procmux$2342_Y [1]
      New connections: $flatten\u_core.\u_host.$procmux$2342_Y [0] = 1'1
    Consolidated identical input bits for $mux cell $flatten\u_core.\u_requant.$ternary$/home/danieltyukov/workspace/personal/tt-ihp-int8-npu/src/npu_requant.sv:98$1477:
      Old ports: A=26'00000000000000000000000000, B={ \u_core.acc_req_val [23] \u_core.acc_req_val [23] \u_core.acc_req_val }, Y=$flatten\u_core.\u_requant.$ternary$/home/danieltyukov/workspace/personal/tt-ihp-int8-npu/src/npu_requant.sv:98$1477_Y
      New ports: A=24'000000000000000000000000, B=\u_core.acc_req_val, Y=$flatten\u_core.\u_requant.$ternary$/home/danieltyukov/workspace/personal/tt-ihp-int8-npu/src/npu_requant.sv:98$1477_Y [23:0]
      New connections: $flatten\u_core.\u_requant.$ternary$/home/danieltyukov/workspace/personal/tt-ihp-int8-npu/src/npu_requant.sv:98$1477_Y [25:24] = { $flatten\u_core.\u_requant.$ternary$/home/danieltyukov/workspace/personal/tt-ihp-int8-npu/src/npu_requant.sv:98$1477_Y [23] $flatten\u_core.\u_requant.$ternary$/home/danieltyukov/workspace/personal/tt-ihp-int8-npu/src/npu_requant.sv:98$1477_Y [23] }
  Optimizing cells in module \tt_um_danieltyukov_int8_npu.
    Consolidated identical input bits for $mux cell $flatten\u_core.\u_host.$procmux$2344:
      Old ports: A=2'11, B=$flatten\u_core.\u_host.$procmux$2342_Y, Y=$flatten\u_core.\u_host.$procmux$2344_Y
      New ports: A=1'1, B=$flatten\u_core.\u_host.$procmux$2342_Y [1], Y=$flatten\u_core.\u_host.$procmux$2344_Y [1]
      New connections: $flatten\u_core.\u_host.$procmux$2344_Y [0] = 1'1
    Consolidated identical input bits for $mux cell $flatten\u_core.\u_requant.$ternary$/home/danieltyukov/workspace/personal/tt-ihp-int8-npu/src/npu_requant.sv:97$1478:
      Old ports: A=$flatten\u_core.\u_requant.$ternary$/home/danieltyukov/workspace/personal/tt-ihp-int8-npu/src/npu_requant.sv:98$1477_Y, B={ \u_core.acc_req_val [23] \u_core.acc_req_val 1'0 }, Y=\u_core.u_requant.boo_mag
      New ports: A={ $flatten\u_core.\u_requant.$ternary$/home/danieltyukov/workspace/personal/tt-ihp-int8-npu/src/npu_requant.sv:98$1477_Y [23] $flatten\u_core.\u_requant.$ternary$/home/danieltyukov/workspace/personal/tt-ihp-int8-npu/src/npu_requant.sv:98$1477_Y [23:0] }, B={ \u_core.acc_req_val 1'0 }, Y=\u_core.u_requant.boo_mag [24:0]
      New connections: \u_core.u_requant.boo_mag [25] = \u_core.u_requant.boo_mag [24]
  Optimizing cells in module \tt_um_danieltyukov_int8_npu.
Performed a total of 8 changes.

16.20.5. Executing OPT_MERGE pass (detect identical cells).
Finding identical cells in module `\tt_um_danieltyukov_int8_npu'.
Removed a total of 0 cells.

16.20.6. Executing OPT_SHARE pass.

16.20.7. Executing OPT_DFF pass (perform DFF optimizations).

16.20.8. Executing OPT_CLEAN pass (remove unused cells and wires).
Finding unused cells or wires in module \tt_um_danieltyukov_int8_npu..
Removed 0 unused cells and 25 unused wires.
<suppressed ~1 debug messages>

16.20.9. Executing OPT_EXPR pass (perform const folding).
Optimizing module tt_um_danieltyukov_int8_npu.
<suppressed ~8 debug messages>

16.20.10. Rerunning OPT passes. (Maybe there is more to do..)

16.20.11. Executing OPT_MUXTREE pass (detect dead branches in mux trees).
Running muxtree optimizer on module \tt_um_danieltyukov_int8_npu..
  Creating internal representation of mux trees.
  Evaluating internal representation of mux trees.
  Analyzing evaluation results.
Removed 0 multiplexer ports.
<suppressed ~65 debug messages>

16.20.12. Executing OPT_REDUCE pass (consolidate $*mux and $reduce_* inputs).
  Optimizing cells in module \tt_um_danieltyukov_int8_npu.
    Consolidated identical input bits for $mux cell $flatten\u_core.\u_requant.$ternary$/home/danieltyukov/workspace/personal/tt-ihp-int8-npu/src/npu_requant.sv:110$1485:
      Old ports: A=\u_core.u_requant.boo_addend, B={ \u_core.zp_reg [7] \u_core.zp_reg [7] \u_core.zp_reg [7] \u_core.zp_reg [7] \u_core.zp_reg [7] \u_core.zp_reg [7] \u_core.zp_reg [7] \u_core.zp_reg [7] \u_core.zp_reg [7] \u_core.zp_reg [7] \u_core.zp_reg [7] \u_core.zp_reg [7] \u_core.zp_reg [7] \u_core.zp_reg [7] \u_core.zp_reg [7] \u_core.zp_reg [7] \u_core.zp_reg [7] \u_core.zp_reg [7] \u_core.zp_reg }, Y=\u_core.u_requant.u_add.b
      New ports: A=$auto$opt_expr.cc:205:group_cell_inputs$5575, B={ \u_core.zp_reg [7] \u_core.zp_reg [7] \u_core.zp_reg [7] \u_core.zp_reg [7] \u_core.zp_reg [7] \u_core.zp_reg [7] \u_core.zp_reg [7] \u_core.zp_reg [7] \u_core.zp_reg [7] \u_core.zp_reg [7] \u_core.zp_reg [7] \u_core.zp_reg [7] \u_core.zp_reg [7] \u_core.zp_reg [7] \u_core.zp_reg [7] \u_core.zp_reg [7] \u_core.zp_reg [7] \u_core.zp_reg }, Y=\u_core.u_requant.u_add.b [24:0]
      New connections: \u_core.u_requant.u_add.b [25] = \u_core.u_requant.u_add.b [24]
  Optimizing cells in module \tt_um_danieltyukov_int8_npu.
Performed a total of 1 changes.

16.20.13. Executing OPT_MERGE pass (detect identical cells).
Finding identical cells in module `\tt_um_danieltyukov_int8_npu'.
Removed a total of 0 cells.

16.20.14. Executing OPT_SHARE pass.

16.20.15. Executing OPT_DFF pass (perform DFF optimizations).

16.20.16. Executing OPT_CLEAN pass (remove unused cells and wires).
Finding unused cells or wires in module \tt_um_danieltyukov_int8_npu..
Removed 0 unused cells and 3 unused wires.
<suppressed ~1 debug messages>

16.20.17. Executing OPT_EXPR pass (perform const folding).
Optimizing module tt_um_danieltyukov_int8_npu.

16.20.18. Rerunning OPT passes. (Maybe there is more to do..)

16.20.19. Executing OPT_MUXTREE pass (detect dead branches in mux trees).
Running muxtree optimizer on module \tt_um_danieltyukov_int8_npu..
  Creating internal representation of mux trees.
  Evaluating internal representation of mux trees.
  Analyzing evaluation results.
Removed 0 multiplexer ports.
<suppressed ~65 debug messages>

16.20.20. Executing OPT_REDUCE pass (consolidate $*mux and $reduce_* inputs).
  Optimizing cells in module \tt_um_danieltyukov_int8_npu.
Performed a total of 0 changes.

16.20.21. Executing OPT_MERGE pass (detect identical cells).
Finding identical cells in module `\tt_um_danieltyukov_int8_npu'.
Removed a total of 0 cells.

16.20.22. Executing OPT_SHARE pass.

16.20.23. Executing OPT_DFF pass (perform DFF optimizations).

16.20.24. Executing OPT_CLEAN pass (remove unused cells and wires).
Finding unused cells or wires in module \tt_um_danieltyukov_int8_npu..

16.20.25. Executing OPT_EXPR pass (perform const folding).
Optimizing module tt_um_danieltyukov_int8_npu.

16.20.26. Finished OPT passes. (There is nothing left to do.)

16.21. Executing TECHMAP pass (map to technology primitives).

16.21.1. Executing Verilog-2005 frontend: /usr/bin/../share/yosys/techmap.v
Parsing Verilog input from `/usr/bin/../share/yosys/techmap.v' to AST representation.
Generating RTLIL representation for module `\_90_simplemap_bool_ops'.
Generating RTLIL representation for module `\_90_simplemap_reduce_ops'.
Generating RTLIL representation for module `\_90_simplemap_logic_ops'.
Generating RTLIL representation for module `\_90_simplemap_compare_ops'.
Generating RTLIL representation for module `\_90_simplemap_various'.
Generating RTLIL representation for module `\_90_simplemap_registers'.
Generating RTLIL representation for module `\_90_shift_ops_shr_shl_sshl_sshr'.
Generating RTLIL representation for module `\_90_shift_shiftx'.
Generating RTLIL representation for module `\_90_fa'.
Generating RTLIL representation for module `\_90_lcu'.
Generating RTLIL representation for module `\_90_alu'.
Generating RTLIL representation for module `\_90_macc'.
Generating RTLIL representation for module `\_90_alumacc'.
Generating RTLIL representation for module `\$__div_mod_u'.
Generating RTLIL representation for module `\$__div_mod_trunc'.
Generating RTLIL representation for module `\_90_div'.
Generating RTLIL representation for module `\_90_mod'.
Generating RTLIL representation for module `\$__div_mod_floor'.
Generating RTLIL representation for module `\_90_divfloor'.
Generating RTLIL representation for module `\_90_modfloor'.
Generating RTLIL representation for module `\_90_pow'.
Generating RTLIL representation for module `\_90_pmux'.
Generating RTLIL representation for module `\_90_demux'.
Generating RTLIL representation for module `\_90_lut'.
Successfully finished Verilog frontend.

16.21.2. Continuing TECHMAP pass.
Using extmapper simplemap for cells of type $reduce_bool.
Using extmapper simplemap for cells of type $reduce_or.
Using extmapper maccmap for cells of type $macc.
  add \u_core.g_bank[0].rd_i * 2'11 (3x2 bits, unsigned)
Using extmapper simplemap for cells of type $ne.
Using extmapper simplemap for cells of type $reduce_and.
Using extmapper simplemap for cells of type $or.
Using extmapper simplemap for cells of type $xor.
Using extmapper simplemap for cells of type $not.
Using extmapper simplemap for cells of type $adffe.
Using template $paramod$2e1494a4b447defe52efe982567c833830ffcd42\_90_alu for cells of type $alu.
Using extmapper simplemap for cells of type $and.
Using template $paramod$d2fa05d38998afabc6d4f34471305d0af4b8b2df\_90_alu for cells of type $alu.
Using template $paramod$constmap:149243966e55990447b265bf363262ee2324aa0c$paramod$6853d0b0c182b1b1cdf760d90bf5412efbf03c5a\_90_shift_ops_shr_shl_sshl_sshr for cells of type $sshr.
Using template $paramod$08c2d337fba0d8fba53e35b89be96dd105931d9e\_90_alu for cells of type $alu.
Using extmapper simplemap for cells of type $eq.
Using template $paramod$e04283ca12514baf3d204c6994bec8f178dd89f8\_90_alu for cells of type $alu.
Using extmapper simplemap for cells of type $logic_or.
Using template $paramod$484d51534650924b7ed4c69e46eed3a56904771f\_90_alu for cells of type $alu.
Using template $paramod$5404fad1a86b446f39b010a8ce9b5ebc058574c5\_90_alu for cells of type $alu.
Using template $paramod$1a6407745a4b939fc01b3599f611fd1c90656484\_90_alu for cells of type $alu.
Using template $paramod$4f7462fd7944a40ab328577064922bdf555975a5\_90_alu for cells of type $alu.
Using template $paramod$9d89fb639f737cac60740e160831d647469879cc\_90_alu for cells of type $alu.
Using template $paramod$8742280fdebca84e1c87f2a86ed84f62d558f4cc\_90_alu for cells of type $alu.
Using extmapper simplemap for cells of type $logic_not.
Using template $paramod$a04dd9d4d8b430140c4ff94b50470fb380fda2a0\_90_alu for cells of type $alu.
Using template $paramod$20d3ee62d72123142eb855d7ddafd835e31ba009\_90_pmux for cells of type $pmux.
Using template $paramod$a1bc51c02ce12ac21eb18988e83292af48ed7d72\_90_alu for cells of type $alu.
Using template $paramod$78e969f2586efcf3a5b0b0440bcca0db83d5cca2\_90_alu for cells of type $alu.
Using template $paramod$constmap:2a793917b9f686a526e11156b3ee8cdca37b19fc$paramod$ce954fbe2c15b86a6e205fb8a0d1c4b76af02b0f\_90_shift_shiftx for cells of type $shiftx.
Using template $paramod$0482edde3ea394805a540f3e6a413d0dac29852d\_90_pmux for cells of type $pmux.
Using template $paramod$97565c3687be688407d1272a293bd9d0ae6852dc\_90_pmux for cells of type $pmux.
Using extmapper simplemap for cells of type $adff.
Using extmapper simplemap for cells of type $logic_and.
Using template $paramod$32efbfac1c4dc57230cf86180788fdfd12e3b511\_90_alu for cells of type $alu.
Using template $paramod$constmap:f32d4b8cc9a04ccfec3a439f9a3a884993e69ad8$paramod$5ae48997fffa6fae09144e0e7cf4c0ae9f0ca227\_90_shift_shiftx for cells of type $shiftx.
Using template $paramod$719aadea7a94d31a13cd25a777432aacb0e462b5\_90_alu for cells of type $alu.
Using template $paramod$c5c783b17ab1d780abfad8cfe6563a0a7b47a3b0\_90_pmux for cells of type $pmux.
Using template $paramod$d7387fdb214042e5ef2d69a3f74948694b4bb65e\_90_pmux for cells of type $pmux.
Using template $paramod$constmap:e691f0b00a505b4bd3a1b23b00ebc98f387bdbff$paramod$9f7c5bca55434690baea9ec969022108da4e1f77\_90_shift_shiftx for cells of type $shiftx.
Using template $paramod$constmap:3efe09016514a92804508649fa479f54369b05be$paramod$282e2f6c0b1116d84b8f8102ddacd7ff760b6794\_90_shift_shiftx for cells of type $shiftx.
Using template $paramod$645fe0cc96ae5edb83bff90cc2c78f4a20ca3e3c\_90_pmux for cells of type $pmux.
Using template $paramod$constmap:235c6cc1df7f400aceb59421e0aac93a770b8d03$paramod$938813bcf6ccbc307d2d10496360114446edfff9\_90_shift_shiftx for cells of type $shiftx.
  add { 1'0 \u_core.u_host.rd_ptr [2] \u_core.u_host.rd_ptr [5:3] } * 2'11 (5x2 bits, unsigned)
Using template $paramod$constmap:2a838203fab2ac718e2c7bc06e6cf80129c9e55f$paramod$b2292f7cda30688e5755860d52f70bdccf8250d4\_90_shift_shiftx for cells of type $shiftx.
Using template $paramod$3ef7d3dd227da7627a99c5e5a6a4deb817573e39\_90_alu for cells of type $alu.
Using template $paramod$1a3a0c35c4a4896fbfd612699525c057298e72d2\_90_alu for cells of type $alu.
Using template $paramod$32a7b7b86c07519b7537abc18e96f0331f97914d\_90_alu for cells of type $alu.
Using template $paramod$constmap:b2e084af6bc20c2a5a1f66ac74b4a19c03021bfa$paramod$8cd1d7e9878eb5e2a1e01e3cb2289cec51b27805\_90_shift_shiftx for cells of type $shiftx.
Using template $paramod$constmap:b932cf6f5b744e7a22fe56014111479eed600561$paramod$6b401fce98938c3da90dba3992a2381126d14c86\_90_shift_shiftx for cells of type $shiftx.
Using template $paramod$fc972a7a46956c1788f3cb5257b53c8f1df2d0cc\_90_alu for cells of type $alu.
Using template $paramod$7af24cf7f572852703f08ef7a936c59efa2c57af\_90_alu for cells of type $alu.
Using template $paramod$c3cd1564c35d873179656addd6052d7ea8b6d991\_90_alu for cells of type $alu.
Using template $paramod$1d1e68f77481583066c6d429218f48ea9d5739b3\_90_alu for cells of type $alu.
  add 2'11 * \u_core.req_c (2x1 bits, unsigned)
Using template $paramod$constmap:562000711883bff0e4fac7a2f1ccdca03abff836$paramod$99e34ee3dc4c7544956a79d3df2372e8af99cd57\_90_shift_shiftx for cells of type $shiftx.
  add { 2'01 \u_core.g_bank[1].rd_i } * 2'11 (5x2 bits, unsigned)
Using extmapper simplemap for cells of type $pos.
Using template $paramod\_90_lcu\WIDTH=32'00000000000000000000000000000010 for cells of type $lcu.
Using template $paramod\_90_lcu\WIDTH=32'00000000000000000000000000000011 for cells of type $lcu.
Using template $paramod\_90_lcu\WIDTH=32'00000000000000000000000000000100 for cells of type $lcu.
Using template $paramod$88ebedc0964674c5b2e447c66b33a42fc7e7abe0\_90_alu for cells of type $alu.
Using template $paramod\_90_lcu\WIDTH=32'00000000000000000000000000001000 for cells of type $lcu.
Using template $paramod\_90_lcu\WIDTH=32'00000000000000000000000000000001 for cells of type $lcu.
Using template $paramod\_90_lcu\WIDTH=32'00000000000000000000000000000110 for cells of type $lcu.
Using template $paramod\_90_lcu\WIDTH=32'00000000000000000000000000001010 for cells of type $lcu.
Using template $paramod\_90_lcu\WIDTH=32'00000000000000000000000000001001 for cells of type $lcu.
Using template $paramod\_90_lcu\WIDTH=32'00000000000000000000000000011010 for cells of type $lcu.
Using template $paramod$b18e16801adf491a64caa0542270798e5d4ac6b6\_90_alu for cells of type $alu.
Using template $paramod\_90_lcu\WIDTH=32'00000000000000000000000000010011 for cells of type $lcu.
Using template $paramod\_90_lcu\WIDTH=32'00000000000000000000000000011101 for cells of type $lcu.
Using template $paramod\_90_lcu\WIDTH=32'00000000000000000000000000000101 for cells of type $lcu.
No more expansions possible.
<suppressed ~7349 debug messages>

16.22. Executing OPT pass (performing simple optimizations).

16.22.1. Executing OPT_EXPR pass (perform const folding).
Optimizing module tt_um_danieltyukov_int8_npu.
<suppressed ~28534 debug messages>

16.22.2. Executing OPT_MERGE pass (detect identical cells).
Finding identical cells in module `\tt_um_danieltyukov_int8_npu'.
<suppressed ~1188 debug messages>
Removed a total of 396 cells.

16.22.3. Executing OPT_DFF pass (perform DFF optimizations).

16.22.4. Executing OPT_CLEAN pass (remove unused cells and wires).
Finding unused cells or wires in module \tt_um_danieltyukov_int8_npu..
Removed 5402 unused cells and 2091 unused wires.
<suppressed ~5403 debug messages>

16.22.5. Finished fast OPT passes.

16.23. Executing ABC pass (technology mapping using ABC).

16.23.1. Extracting gate netlist of module `\tt_um_danieltyukov_int8_npu' to `<abc-temp-dir>/input.blif'..
Extracted 7638 gates and 8678 wires to a netlist network with 1037 inputs and 329 outputs.

16.23.1.1. Executing ABC.
Running ABC command: "<yosys-exe-dir>/yosys-abc" -s -f <abc-temp-dir>/abc.script 2>&1
ABC: ABC command line: "source <abc-temp-dir>/abc.script".
ABC: 
ABC: + read_blif <abc-temp-dir>/input.blif 
ABC: + read_library <abc-temp-dir>/stdcells.genlib 
ABC: Entered genlib library with 13 gates from file "<abc-temp-dir>/stdcells.genlib".
ABC: + strash 
ABC: + dretime 
ABC: + map 
ABC: + write_blif <abc-temp-dir>/output.blif 

16.23.1.2. Re-integrating ABC results.
ABC RESULTS:               MUX cells:     3175
ABC RESULTS:              NAND cells:       92
ABC RESULTS:              XNOR cells:      223
ABC RESULTS:                OR cells:      565
ABC RESULTS:             ORNOT cells:      265
ABC RESULTS:               NOT cells:      889
ABC RESULTS:               NOR cells:      343
ABC RESULTS:               XOR cells:      619
ABC RESULTS:               AND cells:      428
ABC RESULTS:            ANDNOT cells:     1509
ABC RESULTS:        internal signals:     7312
ABC RESULTS:           input signals:     1037
ABC RESULTS:          output signals:      329
Removing temp directory.

16.24. Executing OPT pass (performing simple optimizations).

16.24.1. Executing OPT_EXPR pass (perform const folding).
Optimizing module tt_um_danieltyukov_int8_npu.
<suppressed ~463 debug messages>

16.24.2. Executing OPT_MERGE pass (detect identical cells).
Finding identical cells in module `\tt_um_danieltyukov_int8_npu'.
<suppressed ~69 debug messages>
Removed a total of 23 cells.

16.24.3. Executing OPT_DFF pass (perform DFF optimizations).

16.24.4. Executing OPT_CLEAN pass (remove unused cells and wires).
Finding unused cells or wires in module \tt_um_danieltyukov_int8_npu..
Removed 1 unused cells and 2588 unused wires.
<suppressed ~106 debug messages>

16.24.5. Finished fast OPT passes.

16.25. Executing HIERARCHY pass (managing design hierarchy).

16.25.1. Analyzing design hierarchy..
Top module:  \tt_um_danieltyukov_int8_npu

16.25.2. Analyzing design hierarchy..
Top module:  \tt_um_danieltyukov_int8_npu
Removed 0 unused modules.

16.26. Printing statistics.

=== tt_um_danieltyukov_int8_npu ===

   Number of wires:               8562
   Number of wire bits:          24007
   Number of public wires:         625
   Number of public wire bits:   16025
   Number of memories:               0
   Number of memory bits:            0
   Number of processes:              0
   Number of cells:               9135
     $_ANDNOT_                    1499
     $_AND_                        427
     $_DFFE_PN0P_                  911
     $_DFFE_PN1P_                    9
     $_DFF_PN0_                    131
     $_MUX_                       3174
     $_NAND_                        92
     $_NOR_                        340
     $_NOT_                        888
     $_ORNOT_                      264
     $_OR_                         562
     $_XNOR_                       223
     $_XOR_                        615

16.27. Executing CHECK pass (checking for obvious problems).
Checking module tt_um_danieltyukov_int8_npu...
Found and reported 0 problems.

17. Executing CHECK pass (checking for obvious problems).
Checking module tt_um_danieltyukov_int8_npu...
Found and reported 0 problems.

18. Executing ABC pass (technology mapping using ABC).

18.1. Extracting gate netlist of module `\tt_um_danieltyukov_int8_npu' to `<abc-temp-dir>/input.blif'..
Extracted 8084 gates and 9121 wires to a netlist network with 1037 inputs and 327 outputs.

18.1.1. Executing ABC.
Running ABC command: "<yosys-exe-dir>/yosys-abc" -s -f <abc-temp-dir>/abc.script 2>&1
ABC: ABC command line: "source <abc-temp-dir>/abc.script".
ABC: 
ABC: + read_blif <abc-temp-dir>/input.blif 
ABC: + read_lib -w /home/danieltyukov/workspace/personal/tt-ihp-int8-npu/pdk/sg13g2_stdcell_typ_1p20V_25C.lib 
ABC: Parsing finished successfully.  Parsing time =     0.01 sec
ABC: Scl_LibertyReadGenlib() skipped cell "sg13g2_antennanp" due to dont_use attribute.
ABC: Scl_LibertyReadGenlib() skipped cell "sg13g2_decap_4" due to dont_use attribute.
ABC: Scl_LibertyReadGenlib() skipped cell "sg13g2_decap_8" due to dont_use attribute.
ABC: Scl_LibertyReadGenlib() skipped sequential cell "sg13g2_dfrbp_1".
ABC: Scl_LibertyReadGenlib() skipped sequential cell "sg13g2_dfrbp_2".
ABC: Scl_LibertyReadGenlib() skipped sequential cell "sg13g2_dfrbpq_1".
ABC: Scl_LibertyReadGenlib() skipped sequential cell "sg13g2_dfrbpq_2".
ABC: Scl_LibertyReadGenlib() skipped sequential cell "sg13g2_dlhq_1".
ABC: Scl_LibertyReadGenlib() skipped sequential cell "sg13g2_dlhr_1".
ABC: Scl_LibertyReadGenlib() skipped sequential cell "sg13g2_dlhrq_1".
ABC: Scl_LibertyReadGenlib() skipped sequential cell "sg13g2_dllr_1".
ABC: Scl_LibertyReadGenlib() skipped sequential cell "sg13g2_dllrq_1".
ABC: Scl_LibertyReadGenlib() skipped three-state cell "sg13g2_ebufn_2".
ABC: Scl_LibertyReadGenlib() skipped three-state cell "sg13g2_ebufn_4".
ABC: Scl_LibertyReadGenlib() skipped three-state cell "sg13g2_ebufn_8".
ABC: Scl_LibertyReadGenlib() skipped three-state cell "sg13g2_einvn_2".
ABC: Scl_LibertyReadGenlib() skipped three-state cell "sg13g2_einvn_4".
ABC: Scl_LibertyReadGenlib() skipped three-state cell "sg13g2_einvn_8".
ABC: Scl_LibertyReadGenlib() skipped cell "sg13g2_fill_1" due to dont_use attribute.
ABC: Scl_LibertyReadGenlib() skipped cell "sg13g2_fill_2" due to dont_use attribute.
ABC: Scl_LibertyReadGenlib() skipped cell "sg13g2_fill_4" due to dont_use attribute.
ABC: Scl_LibertyReadGenlib() skipped cell "sg13g2_fill_8" due to dont_use attribute.
ABC: Scl_LibertyReadGenlib() skipped cell "sg13g2_lgcp_1" due to dont_use attribute.
ABC: Scl_LibertyReadGenlib() skipped sequential cell "sg13g2_sdfbbp_1".
ABC: Scl_LibertyReadGenlib() skipped sequential cell "sg13g2_sdfrbp_1".
ABC: Scl_LibertyReadGenlib() skipped sequential cell "sg13g2_sdfrbp_2".
ABC: Scl_LibertyReadGenlib() skipped sequential cell "sg13g2_sdfrbpq_1".
ABC: Scl_LibertyReadGenlib() skipped sequential cell "sg13g2_sdfrbpq_2".
ABC: Scl_LibertyReadGenlib() skipped cell "sg13g2_sighold" due to dont_use attribute.
ABC: Scl_LibertyReadGenlib() skipped cell "sg13g2_slgcp_1" due to dont_use attribute.
ABC: Library "sg13g2_stdcell_typ_1p20V_25C" from "/home/danieltyukov/workspace/personal/tt-ihp-int8-npu/pdk/sg13g2_stdcell_typ_1p20V_25C.lib" has 54 cells (20 skipped: 14 seq; 6 tri-state; 0 no func; 10 dont_use).  Time =     0.02 sec
ABC: Memory =    2.86 MB. Time =     0.02 sec
ABC: + strash 
ABC: + &get -n 
ABC: + &fraig -x 
ABC: + &put 
ABC: + scorr 
ABC: Warning: The network is combinational (run "fraig" or "fraig_sweep").
ABC: + dc2 
ABC: + dretime 
ABC: + strash 
ABC: + &get -n 
ABC: + &dch -f 
ABC: + &nf 
ABC: + &put 
ABC: + write_blif <abc-temp-dir>/output.blif 

18.1.2. Re-integrating ABC results.
ABC RESULTS:      sg13g2_or4_1 cells:        3
ABC RESULTS:     sg13g2_mux4_1 cells:      355
ABC RESULTS:     sg13g2_nor4_1 cells:       27
ABC RESULTS:     sg13g2_mux2_1 cells:      592
ABC RESULTS:   sg13g2_nand3b_1 cells:        6
ABC RESULTS:     sg13g2_and3_1 cells:       19
ABC RESULTS:    sg13g2_nand4_1 cells:       44
ABC RESULTS:      sg13g2_or2_1 cells:       70
ABC RESULTS:     sg13g2_and4_1 cells:       22
ABC RESULTS:    sg13g2_a22oi_1 cells:      188
ABC RESULTS:    sg13g2_nand2_1 cells:      538
ABC RESULTS:   sg13g2_nand2b_1 cells:      194
ABC RESULTS:     sg13g2_a21o_1 cells:       83
ABC RESULTS:      sg13g2_inv_1 cells:      118
ABC RESULTS:    sg13g2_a21oi_1 cells:      435
ABC RESULTS:   sg13g2_a221oi_1 cells:       28
ABC RESULTS:     sg13g2_xor2_1 cells:      163
ABC RESULTS:    sg13g2_xnor2_1 cells:      371
ABC RESULTS:    sg13g2_nand3_1 cells:      117
ABC RESULTS:    sg13g2_nor2b_1 cells:      169
ABC RESULTS:      sg13g2_or3_1 cells:       21
ABC RESULTS:     sg13g2_and2_1 cells:      131
ABC RESULTS:     sg13g2_nor2_1 cells:      387
ABC RESULTS:     sg13g2_nor3_1 cells:       91
ABC RESULTS:    sg13g2_o21ai_1 cells:      437
ABC RESULTS:        internal signals:     7757
ABC RESULTS:           input signals:     1037
ABC RESULTS:          output signals:      327
Removing temp directory.

19. Executing SETUNDEF pass (replace undef values with defined constants).

20. Executing OPT_CLEAN pass (remove unused cells and wires).
Finding unused cells or wires in module \tt_um_danieltyukov_int8_npu..
Removed 0 unused cells and 9642 unused wires.
<suppressed ~522 debug messages>

21. Executing LTP pass (find longest path).

Longest topological path in tt_um_danieltyukov_int8_npu (length=38):
    0: \u_core.u_act.zp [2]
    1: $abc$59124$new_n1395_ (via $abc$59124$auto$blifparse.cc:386:parse_blif$59155)
    2: $abc$59124$new_n2851_ (via $abc$59124$auto$blifparse.cc:386:parse_blif$60611)
    3: $abc$59124$new_n2853_ (via $abc$59124$auto$blifparse.cc:386:parse_blif$60613)
    4: $abc$59124$new_n2855_ (via $abc$59124$auto$blifparse.cc:386:parse_blif$60615)
    5: $abc$59124$new_n2857_ (via $abc$59124$auto$blifparse.cc:386:parse_blif$60617)
    6: $abc$59124$new_n2858_ (via $abc$59124$auto$blifparse.cc:386:parse_blif$60618)
    7: $abc$59124$new_n2860_ (via $abc$59124$auto$blifparse.cc:386:parse_blif$60620)
    8: $abc$59124$new_n2862_ (via $abc$59124$auto$blifparse.cc:386:parse_blif$60622)
    9: $abc$59124$new_n2864_ (via $abc$59124$auto$blifparse.cc:386:parse_blif$60624)
   10: $abc$59124$new_n2865_ (via $abc$59124$auto$blifparse.cc:386:parse_blif$60625)
   11: $abc$59124$new_n2879_ (via $abc$59124$auto$blifparse.cc:386:parse_blif$60639)
   12: $abc$59124$new_n2880_ (via $abc$59124$auto$blifparse.cc:386:parse_blif$60640)
   13: $abc$59124$new_n2881_ (via $abc$59124$auto$blifparse.cc:386:parse_blif$60641)
   14: $abc$59124$new_n2914_ (via $abc$59124$auto$blifparse.cc:386:parse_blif$60674)
   15: $abc$59124$new_n2922_ (via $abc$59124$auto$blifparse.cc:386:parse_blif$60682)
   16: $abc$59124$new_n2923_ (via $abc$59124$auto$blifparse.cc:386:parse_blif$60683)
   17: $abc$59124$new_n2924_ (via $abc$59124$auto$blifparse.cc:386:parse_blif$60684)
   18: $abc$59124$new_n2925_ (via $abc$59124$auto$blifparse.cc:386:parse_blif$60685)
   19: $abc$59124$new_n2926_ (via $abc$59124$auto$blifparse.cc:386:parse_blif$60686)
   20: $abc$59124$new_n2928_ (via $abc$59124$auto$blifparse.cc:386:parse_blif$60688)
   21: $abc$59124$new_n2929_ (via $abc$59124$auto$blifparse.cc:386:parse_blif$60689)
   22: $abc$59124$new_n2930_ (via $abc$59124$auto$blifparse.cc:386:parse_blif$60690)
   23: $abc$59124$new_n2931_ (via $abc$59124$auto$blifparse.cc:386:parse_blif$60691)
   24: $abc$59124$new_n2932_ (via $abc$59124$auto$blifparse.cc:386:parse_blif$60692)
   25: $abc$59124$new_n2934_ (via $abc$59124$auto$blifparse.cc:386:parse_blif$60694)
   26: $abc$59124$new_n2935_ (via $abc$59124$auto$blifparse.cc:386:parse_blif$60695)
   27: $abc$59124$new_n2938_ (via $abc$59124$auto$blifparse.cc:386:parse_blif$60698)
   28: $abc$59124$new_n2939_ (via $abc$59124$auto$blifparse.cc:386:parse_blif$60699)
   29: $abc$59124$new_n2941_ (via $abc$59124$auto$blifparse.cc:386:parse_blif$60701)
   30: $abc$59124$new_n2942_ (via $abc$59124$auto$blifparse.cc:386:parse_blif$60702)
   31: $abc$59124$new_n3004_ (via $abc$59124$auto$blifparse.cc:386:parse_blif$60764)
   32: $abc$59124$new_n3027_ (via $abc$59124$auto$blifparse.cc:386:parse_blif$60787)
   33: $abc$59124$new_n3028_ (via $abc$59124$auto$blifparse.cc:386:parse_blif$60788)
   34: $abc$59124$new_n3042_ (via $abc$59124$auto$blifparse.cc:386:parse_blif$60802)
   35: $abc$59124$new_n3043_ (via $abc$59124$auto$blifparse.cc:386:parse_blif$60803)
   36: $abc$59124$new_n3044_ (via $abc$59124$auto$blifparse.cc:386:parse_blif$60804)
   37: $abc$59124$new_n3045_ (via $abc$59124$auto$blifparse.cc:386:parse_blif$60805)
   38: $abc$51015$flatten\u_core.$0\g_res[0].q[7:0][3] (via $abc$59124$auto$blifparse.cc:386:parse_blif$60806)
   ff: \u_core.g_res[15].q [3] (via $auto$ff.cc:266:slice$10808)

22. Executing DFFLIBMAP pass (mapping DFF cells to sequential cells from liberty file).
Warning: Found unsupported expression 'SCE*SCD+!SCE*D' in pin attribute of cell 'sg13g2_sdfrbp_1' - skipping.
Warning: Found unsupported expression 'SCE*SCD+!SCE*D' in pin attribute of cell 'sg13g2_sdfrbp_2' - skipping.
Warning: Found unsupported expression 'SCE*SCD+!SCE*D' in pin attribute of cell 'sg13g2_sdfrbpq_1' - skipping.
Warning: Found unsupported expression 'SCE*SCD+!SCE*D' in pin attribute of cell 'sg13g2_sdfrbpq_2' - skipping.
Warning: Found unsupported expression 'SCE*SCD+!SCE*D' in pin attribute of cell 'sg13g2_sdfrbp_1' - skipping.
Warning: Found unsupported expression 'SCE*SCD+!SCE*D' in pin attribute of cell 'sg13g2_sdfrbp_2' - skipping.
Warning: Found unsupported expression 'SCE*SCD+!SCE*D' in pin attribute of cell 'sg13g2_sdfrbpq_1' - skipping.
Warning: Found unsupported expression 'SCE*SCD+!SCE*D' in pin attribute of cell 'sg13g2_sdfrbpq_2' - skipping.
  cell sg13g2_dfrbpq_1 (noninv, pins=4, area=48.99) is a direct match for cell type $_DFF_PN0_.
Warning: Found unsupported expression 'SCE*SCD+!SCE*D' in pin attribute of cell 'sg13g2_sdfrbp_1' - skipping.
Warning: Found unsupported expression 'SCE*SCD+!SCE*D' in pin attribute of cell 'sg13g2_sdfrbp_2' - skipping.
Warning: Found unsupported expression 'SCE*SCD+!SCE*D' in pin attribute of cell 'sg13g2_sdfrbpq_1' - skipping.
Warning: Found unsupported expression 'SCE*SCD+!SCE*D' in pin attribute of cell 'sg13g2_sdfrbpq_2' - skipping.
Warning: Found unsupported expression 'SCE*SCD+!SCE*D' in pin attribute of cell 'sg13g2_sdfrbp_1' - skipping.
Warning: Found unsupported expression 'SCE*SCD+!SCE*D' in pin attribute of cell 'sg13g2_sdfrbp_2' - skipping.
Warning: Found unsupported expression 'SCE*SCD+!SCE*D' in pin attribute of cell 'sg13g2_sdfrbpq_1' - skipping.
Warning: Found unsupported expression 'SCE*SCD+!SCE*D' in pin attribute of cell 'sg13g2_sdfrbpq_2' - skipping.
Warning: Found unsupported expression 'SCE*SCD+!SCE*D' in pin attribute of cell 'sg13g2_sdfrbp_1' - skipping.
Warning: Found unsupported expression 'SCE*SCD+!SCE*D' in pin attribute of cell 'sg13g2_sdfrbp_2' - skipping.
Warning: Found unsupported expression 'SCE*SCD+!SCE*D' in pin attribute of cell 'sg13g2_sdfrbpq_1' - skipping.
Warning: Found unsupported expression 'SCE*SCD+!SCE*D' in pin attribute of cell 'sg13g2_sdfrbpq_2' - skipping.
Warning: Found unsupported expression 'SCE*SCD+!SCE*D' in pin attribute of cell 'sg13g2_sdfrbp_1' - skipping.
Warning: Found unsupported expression 'SCE*SCD+!SCE*D' in pin attribute of cell 'sg13g2_sdfrbp_2' - skipping.
Warning: Found unsupported expression 'SCE*SCD+!SCE*D' in pin attribute of cell 'sg13g2_sdfrbpq_1' - skipping.
Warning: Found unsupported expression 'SCE*SCD+!SCE*D' in pin attribute of cell 'sg13g2_sdfrbpq_2' - skipping.
Warning: Found unsupported expression 'SCE*SCD+!SCE*D' in pin attribute of cell 'sg13g2_sdfrbp_1' - skipping.
Warning: Found unsupported expression 'SCE*SCD+!SCE*D' in pin attribute of cell 'sg13g2_sdfrbp_2' - skipping.
Warning: Found unsupported expression 'SCE*SCD+!SCE*D' in pin attribute of cell 'sg13g2_sdfrbpq_1' - skipping.
Warning: Found unsupported expression 'SCE*SCD+!SCE*D' in pin attribute of cell 'sg13g2_sdfrbpq_2' - skipping.
Warning: Found unsupported expression 'SCE*SCD+!SCE*D' in pin attribute of cell 'sg13g2_sdfrbp_1' - skipping.
Warning: Found unsupported expression 'SCE*SCD+!SCE*D' in pin attribute of cell 'sg13g2_sdfrbp_2' - skipping.
Warning: Found unsupported expression 'SCE*SCD+!SCE*D' in pin attribute of cell 'sg13g2_sdfrbpq_1' - skipping.
Warning: Found unsupported expression 'SCE*SCD+!SCE*D' in pin attribute of cell 'sg13g2_sdfrbpq_2' - skipping.
Warning: Found unsupported expression 'SCE*SCD+!SCE*D' in pin attribute of cell 'sg13g2_sdfrbp_1' - skipping.
Warning: Found unsupported expression 'SCE*SCD+!SCE*D' in pin attribute of cell 'sg13g2_sdfrbp_2' - skipping.
Warning: Found unsupported expression 'SCE*SCD+!SCE*D' in pin attribute of cell 'sg13g2_sdfrbpq_1' - skipping.
Warning: Found unsupported expression 'SCE*SCD+!SCE*D' in pin attribute of cell 'sg13g2_sdfrbpq_2' - skipping.
  final dff cell mappings:
    unmapped dff cell: $_DFF_N_
    unmapped dff cell: $_DFF_P_
    unmapped dff cell: $_DFF_NN0_
    unmapped dff cell: $_DFF_NN1_
    unmapped dff cell: $_DFF_NP0_
    unmapped dff cell: $_DFF_NP1_
    \sg13g2_dfrbpq_1 _DFF_PN0_ (.CLK( C), .D( D), .Q( Q), .RESET_B( R));
    unmapped dff cell: $_DFF_PN1_
    unmapped dff cell: $_DFF_PP0_
    unmapped dff cell: $_DFF_PP1_
    unmapped dff cell: $_DFFSR_NNN_
    unmapped dff cell: $_DFFSR_NNP_
    unmapped dff cell: $_DFFSR_NPN_
    unmapped dff cell: $_DFFSR_NPP_
    unmapped dff cell: $_DFFSR_PNN_
    unmapped dff cell: $_DFFSR_PNP_
    unmapped dff cell: $_DFFSR_PPN_
    unmapped dff cell: $_DFFSR_PPP_

22.1. Executing DFFLEGALIZE pass (convert FFs to types supported by the target).
Mapping DFF cells in module `\tt_um_danieltyukov_int8_npu':
  mapped 1051 $_DFF_PN0_ cells to \sg13g2_dfrbpq_1 cells.

23. Executing ABC pass (technology mapping using ABC).

23.1. Extracting gate netlist of module `\tt_um_danieltyukov_int8_npu' to `<abc-temp-dir>/input.blif'..
Extracted 9022 gates and 10076 wires to a netlist network with 1054 inputs and 1029 outputs.

23.1.1. Executing ABC.
Running ABC command: "<yosys-exe-dir>/yosys-abc" -s -f <abc-temp-dir>/abc.script 2>&1
ABC: ABC command line: "source <abc-temp-dir>/abc.script".
ABC: 
ABC: + read_blif <abc-temp-dir>/input.blif 
ABC: + read_lib -w /home/danieltyukov/workspace/personal/tt-ihp-int8-npu/pdk/sg13g2_stdcell_typ_1p20V_25C.lib 
ABC: Parsing finished successfully.  Parsing time =     0.01 sec
ABC: Scl_LibertyReadGenlib() skipped cell "sg13g2_antennanp" due to dont_use attribute.
ABC: Scl_LibertyReadGenlib() skipped cell "sg13g2_decap_4" due to dont_use attribute.
ABC: Scl_LibertyReadGenlib() skipped cell "sg13g2_decap_8" due to dont_use attribute.
ABC: Scl_LibertyReadGenlib() skipped sequential cell "sg13g2_dfrbp_1".
ABC: Scl_LibertyReadGenlib() skipped sequential cell "sg13g2_dfrbp_2".
ABC: Scl_LibertyReadGenlib() skipped sequential cell "sg13g2_dfrbpq_1".
ABC: Scl_LibertyReadGenlib() skipped sequential cell "sg13g2_dfrbpq_2".
ABC: Scl_LibertyReadGenlib() skipped sequential cell "sg13g2_dlhq_1".
ABC: Scl_LibertyReadGenlib() skipped sequential cell "sg13g2_dlhr_1".
ABC: Scl_LibertyReadGenlib() skipped sequential cell "sg13g2_dlhrq_1".
ABC: Scl_LibertyReadGenlib() skipped sequential cell "sg13g2_dllr_1".
ABC: Scl_LibertyReadGenlib() skipped sequential cell "sg13g2_dllrq_1".
ABC: Scl_LibertyReadGenlib() skipped three-state cell "sg13g2_ebufn_2".
ABC: Scl_LibertyReadGenlib() skipped three-state cell "sg13g2_ebufn_4".
ABC: Scl_LibertyReadGenlib() skipped three-state cell "sg13g2_ebufn_8".
ABC: Scl_LibertyReadGenlib() skipped three-state cell "sg13g2_einvn_2".
ABC: Scl_LibertyReadGenlib() skipped three-state cell "sg13g2_einvn_4".
ABC: Scl_LibertyReadGenlib() skipped three-state cell "sg13g2_einvn_8".
ABC: Scl_LibertyReadGenlib() skipped cell "sg13g2_fill_1" due to dont_use attribute.
ABC: Scl_LibertyReadGenlib() skipped cell "sg13g2_fill_2" due to dont_use attribute.
ABC: Scl_LibertyReadGenlib() skipped cell "sg13g2_fill_4" due to dont_use attribute.
ABC: Scl_LibertyReadGenlib() skipped cell "sg13g2_fill_8" due to dont_use attribute.
ABC: Scl_LibertyReadGenlib() skipped cell "sg13g2_lgcp_1" due to dont_use attribute.
ABC: Scl_LibertyReadGenlib() skipped sequential cell "sg13g2_sdfbbp_1".
ABC: Scl_LibertyReadGenlib() skipped sequential cell "sg13g2_sdfrbp_1".
ABC: Scl_LibertyReadGenlib() skipped sequential cell "sg13g2_sdfrbp_2".
ABC: Scl_LibertyReadGenlib() skipped sequential cell "sg13g2_sdfrbpq_1".
ABC: Scl_LibertyReadGenlib() skipped sequential cell "sg13g2_sdfrbpq_2".
ABC: Scl_LibertyReadGenlib() skipped cell "sg13g2_sighold" due to dont_use attribute.
ABC: Scl_LibertyReadGenlib() skipped cell "sg13g2_slgcp_1" due to dont_use attribute.
ABC: Library "sg13g2_stdcell_typ_1p20V_25C" from "/home/danieltyukov/workspace/personal/tt-ihp-int8-npu/pdk/sg13g2_stdcell_typ_1p20V_25C.lib" has 54 cells (20 skipped: 14 seq; 6 tri-state; 0 no func; 10 dont_use).  Time =     0.02 sec
ABC: Memory =    2.86 MB. Time =     0.02 sec
ABC: + strash 
ABC: + &get -n 
ABC: + &fraig -x 
ABC: + &put 
ABC: + scorr 
ABC: Warning: The network is combinational (run "fraig" or "fraig_sweep").
ABC: + dc2 
ABC: + dretime 
ABC: + strash 
ABC: + &get -n 
ABC: + &dch -f 
ABC: + &nf 
ABC: + &put 
ABC: + write_blif <abc-temp-dir>/output.blif 

23.1.2. Re-integrating ABC results.
ABC RESULTS:     sg13g2_mux4_1 cells:      361
ABC RESULTS:     sg13g2_and4_1 cells:       21
ABC RESULTS:   sg13g2_nand3b_1 cells:        9
ABC RESULTS:      sg13g2_or3_1 cells:       15
ABC RESULTS:   sg13g2_a221oi_1 cells:       52
ABC RESULTS:    sg13g2_xnor2_1 cells:      386
ABC RESULTS:    sg13g2_a22oi_1 cells:      177
ABC RESULTS:      sg13g2_inv_1 cells:      143
ABC RESULTS:     sg13g2_and3_1 cells:       17
ABC RESULTS:     sg13g2_xor2_1 cells:      163
ABC RESULTS:      sg13g2_or4_1 cells:        4
ABC RESULTS:     sg13g2_nor4_1 cells:       21
ABC RESULTS:     sg13g2_nor2_1 cells:      381
ABC RESULTS:    sg13g2_nand4_1 cells:       47
ABC RESULTS:      sg13g2_or2_1 cells:       84
ABC RESULTS:     sg13g2_and2_1 cells:      125
ABC RESULTS:     sg13g2_nor3_1 cells:       80
ABC RESULTS:   sg13g2_nand2b_1 cells:      197
ABC RESULTS:    sg13g2_nand3_1 cells:      103
ABC RESULTS:     sg13g2_a21o_1 cells:       81
ABC RESULTS:    sg13g2_nor2b_1 cells:      150
ABC RESULTS:    sg13g2_a21oi_1 cells:      523
ABC RESULTS:    sg13g2_nand2_1 cells:      564
ABC RESULTS:     sg13g2_mux2_1 cells:     1356
ABC RESULTS:    sg13g2_o21ai_1 cells:      493
ABC RESULTS:        internal signals:     7993
ABC RESULTS:           input signals:     1054
ABC RESULTS:          output signals:     1029
Removing temp directory.

24. Executing SETUNDEF pass (replace undef values with defined constants).

25. Executing OPT_CLEAN pass (remove unused cells and wires).
Finding unused cells or wires in module \tt_um_danieltyukov_int8_npu..
Removed 0 unused cells and 10537 unused wires.
<suppressed ~524 debug messages>

26. Printing statistics.

=== tt_um_danieltyukov_int8_npu ===

   Number of wires:               5570
   Number of wire bits:           6696
   Number of public wires:         102
   Number of public wire bits:    1228
   Number of memories:               0
   Number of memory bits:            0
   Number of processes:              0
   Number of cells:               6604
     sg13g2_a21o_1                  81
     sg13g2_a21oi_1                523
     sg13g2_a221oi_1                52
     sg13g2_a22oi_1                177
     sg13g2_and2_1                 125
     sg13g2_and3_1                  17
     sg13g2_and4_1                  21
     sg13g2_dfrbpq_1              1051
     sg13g2_inv_1                  143
     sg13g2_mux2_1                1356
     sg13g2_mux4_1                 361
     sg13g2_nand2_1                564
     sg13g2_nand2b_1               197
     sg13g2_nand3_1                103
     sg13g2_nand3b_1                 9
     sg13g2_nand4_1                 47
     sg13g2_nor2_1                 381
     sg13g2_nor2b_1                150
     sg13g2_nor3_1                  80
     sg13g2_nor4_1                  21
     sg13g2_o21ai_1                493
     sg13g2_or2_1                   84
     sg13g2_or3_1                   15
     sg13g2_or4_1                    4
     sg13g2_xnor2_1                386
     sg13g2_xor2_1                 163

   Chip area for module '\tt_um_danieltyukov_int8_npu': 126700.119000

Warnings: 4 unique messages, 36 total
End of script. Logfile hash: 0c51166f0b, CPU: user 14.50s system 0.11s, MEM: 199.67 MB peak
Yosys 0.33 (git sha1 2584903a060)
Time spent: 25% 3x abc (4 sec), 21% 64x opt_expr (4 sec), ...
