
 /----------------------------------------------------------------------------\
 |                                                                            |
 |  yosys -- Yosys Open SYnthesis Suite                                       |
 |                                                                            |
 |  Copyright (C) 2012 - 2020  Claire Xenia Wolf <claire@yosyshq.com>         |
 |                                                                            |
 |  Permission to use, copy, modify, and/or distribute this software for any  |
 |  purpose with or without fee is hereby granted, provided that the above    |
 |  copyright notice and this permission notice appear in all copies.         |
 |                                                                            |
 |  THE SOFTWARE IS PROVIDED "AS IS" AND THE AUTHOR DISCLAIMS ALL WARRANTIES  |
 |  WITH REGARD TO THIS SOFTWARE INCLUDING ALL IMPLIED WARRANTIES OF          |
 |  MERCHANTABILITY AND FITNESS. IN NO EVENT SHALL THE AUTHOR BE LIABLE FOR   |
 |  ANY SPECIAL, DIRECT, INDIRECT, OR CONSEQUENTIAL DAMAGES OR ANY DAMAGES    |
 |  WHATSOEVER RESULTING FROM LOSS OF USE, DATA OR PROFITS, WHETHER IN AN     |
 |  ACTION OF CONTRACT, NEGLIGENCE OR OTHER TORTIOUS ACTION, ARISING OUT OF   |
 |  OR IN CONNECTION WITH THE USE OR PERFORMANCE OF THIS SOFTWARE.            |
 |                                                                            |
 \----------------------------------------------------------------------------/

 Yosys 0.33 (git sha1 2584903a060)


-- Running command `read_liberty -lib /home/danieltyukov/workspace/personal/tt-ihp-int8-npu/pdk/sg13g2_stdcell_typ_1p20V_25C.lib; read_verilog -sv /home/danieltyukov/workspace/personal/tt-ihp-int8-npu/src/npu_activation.sv /home/danieltyukov/workspace/personal/tt-ihp-int8-npu/src/npu_adder.sv /home/danieltyukov/workspace/personal/tt-ihp-int8-npu/src/npu_array.sv /home/danieltyukov/workspace/personal/tt-ihp-int8-npu/src/npu_core.sv /home/danieltyukov/workspace/personal/tt-ihp-int8-npu/src/npu_csa_reduce.sv /home/danieltyukov/workspace/personal/tt-ihp-int8-npu/src/npu_host_if.sv /home/danieltyukov/workspace/personal/tt-ihp-int8-npu/src/npu_mult.sv /home/danieltyukov/workspace/personal/tt-ihp-int8-npu/src/npu_pe.sv /home/danieltyukov/workspace/personal/tt-ihp-int8-npu/src/npu_pp_baugh_wooley.sv /home/danieltyukov/workspace/personal/tt-ihp-int8-npu/src/npu_pp_booth4.sv /home/danieltyukov/workspace/personal/tt-ihp-int8-npu/src/npu_requant.sv /home/danieltyukov/workspace/personal/tt-ihp-int8-npu/src/tt_um_danieltyukov_int8_npu.sv; chparam -set ROWS 4 -set COLS 4 -set S_MAX 4 tt_um_danieltyukov_int8_npu; hierarchy -top tt_um_danieltyukov_int8_npu -check; synth -top tt_um_danieltyukov_int8_npu -flatten; check -assert; design -save prepped; abc -liberty /home/danieltyukov/workspace/personal/tt-ihp-int8-npu/pdk/sg13g2_stdcell_typ_1p20V_25C.lib; setundef -zero; opt_clean -purge; ltp -noff; design -load prepped; dfflibmap -liberty /home/danieltyukov/workspace/personal/tt-ihp-int8-npu/pdk/sg13g2_stdcell_typ_1p20V_25C.lib; abc -liberty /home/danieltyukov/workspace/personal/tt-ihp-int8-npu/pdk/sg13g2_stdcell_typ_1p20V_25C.lib; setundef -zero; opt_clean -purge; stat -liberty /home/danieltyukov/workspace/personal/tt-ihp-int8-npu/pdk/sg13g2_stdcell_typ_1p20V_25C.lib' --

1. Executing Liberty frontend: /home/danieltyukov/workspace/personal/tt-ihp-int8-npu/pdk/sg13g2_stdcell_typ_1p20V_25C.lib
Imported 84 cell types from liberty file.

2. Executing Verilog-2005 frontend: /home/danieltyukov/workspace/personal/tt-ihp-int8-npu/src/npu_activation.sv
Parsing SystemVerilog input from `/home/danieltyukov/workspace/personal/tt-ihp-int8-npu/src/npu_activation.sv' to AST representation.
Generating RTLIL representation for module `\npu_activation'.
Successfully finished Verilog frontend.

3. Executing Verilog-2005 frontend: /home/danieltyukov/workspace/personal/tt-ihp-int8-npu/src/npu_adder.sv
Parsing SystemVerilog input from `/home/danieltyukov/workspace/personal/tt-ihp-int8-npu/src/npu_adder.sv' to AST representation.
Generating RTLIL representation for module `\npu_adder'.
Successfully finished Verilog frontend.

4. Executing Verilog-2005 frontend: /home/danieltyukov/workspace/personal/tt-ihp-int8-npu/src/npu_array.sv
Parsing SystemVerilog input from `/home/danieltyukov/workspace/personal/tt-ihp-int8-npu/src/npu_array.sv' to AST representation.
Generating RTLIL representation for module `\npu_array'.
Successfully finished Verilog frontend.

5. Executing Verilog-2005 frontend: /home/danieltyukov/workspace/personal/tt-ihp-int8-npu/src/npu_core.sv
Parsing SystemVerilog input from `/home/danieltyukov/workspace/personal/tt-ihp-int8-npu/src/npu_core.sv' to AST representation.
Generating RTLIL representation for module `\npu_core'.
Successfully finished Verilog frontend.

6. Executing Verilog-2005 frontend: /home/danieltyukov/workspace/personal/tt-ihp-int8-npu/src/npu_csa_reduce.sv
Parsing SystemVerilog input from `/home/danieltyukov/workspace/personal/tt-ihp-int8-npu/src/npu_csa_reduce.sv' to AST representation.
Generating RTLIL representation for module `\npu_csa_reduce'.
Successfully finished Verilog frontend.

7. Executing Verilog-2005 frontend: /home/danieltyukov/workspace/personal/tt-ihp-int8-npu/src/npu_host_if.sv
Parsing SystemVerilog input from `/home/danieltyukov/workspace/personal/tt-ihp-int8-npu/src/npu_host_if.sv' to AST representation.
Generating RTLIL representation for module `\npu_host_if'.
Successfully finished Verilog frontend.

8. Executing Verilog-2005 frontend: /home/danieltyukov/workspace/personal/tt-ihp-int8-npu/src/npu_mult.sv
Parsing SystemVerilog input from `/home/danieltyukov/workspace/personal/tt-ihp-int8-npu/src/npu_mult.sv' to AST representation.
Generating RTLIL representation for module `\npu_mult'.
Successfully finished Verilog frontend.

9. Executing Verilog-2005 frontend: /home/danieltyukov/workspace/personal/tt-ihp-int8-npu/src/npu_pe.sv
Parsing SystemVerilog input from `/home/danieltyukov/workspace/personal/tt-ihp-int8-npu/src/npu_pe.sv' to AST representation.
Generating RTLIL representation for module `\npu_pe'.
Successfully finished Verilog frontend.

10. Executing Verilog-2005 frontend: /home/danieltyukov/workspace/personal/tt-ihp-int8-npu/src/npu_pp_baugh_wooley.sv
Parsing SystemVerilog input from `/home/danieltyukov/workspace/personal/tt-ihp-int8-npu/src/npu_pp_baugh_wooley.sv' to AST representation.
Generating RTLIL representation for module `\npu_pp_baugh_wooley'.
Successfully finished Verilog frontend.

11. Executing Verilog-2005 frontend: /home/danieltyukov/workspace/personal/tt-ihp-int8-npu/src/npu_pp_booth4.sv
Parsing SystemVerilog input from `/home/danieltyukov/workspace/personal/tt-ihp-int8-npu/src/npu_pp_booth4.sv' to AST representation.
Generating RTLIL representation for module `\npu_pp_booth4'.
Successfully finished Verilog frontend.

12. Executing Verilog-2005 frontend: /home/danieltyukov/workspace/personal/tt-ihp-int8-npu/src/npu_requant.sv
Parsing SystemVerilog input from `/home/danieltyukov/workspace/personal/tt-ihp-int8-npu/src/npu_requant.sv' to AST representation.
Generating RTLIL representation for module `\npu_requant'.
Successfully finished Verilog frontend.

13. Executing Verilog-2005 frontend: /home/danieltyukov/workspace/personal/tt-ihp-int8-npu/src/tt_um_danieltyukov_int8_npu.sv
Parsing SystemVerilog input from `/home/danieltyukov/workspace/personal/tt-ihp-int8-npu/src/tt_um_danieltyukov_int8_npu.sv' to AST representation.
Generating RTLIL representation for module `\tt_um_danieltyukov_int8_npu'.
Successfully finished Verilog frontend.
Parameter \ROWS = 4
Parameter \COLS = 4
Parameter \S_MAX = 4

14. Executing AST frontend in derive mode using pre-parsed AST for module `\tt_um_danieltyukov_int8_npu'.
Parameter \ROWS = 4
Parameter \COLS = 4
Parameter \S_MAX = 4
Generating RTLIL representation for module `$paramod$99b091d8472e680ac436f8499259b898682aa143\tt_um_danieltyukov_int8_npu'.

15. Executing HIERARCHY pass (managing design hierarchy).

15.1. Analyzing design hierarchy..
Top module:  \tt_um_danieltyukov_int8_npu
Used module:     \npu_core
Used module:         \npu_adder
Used module:         \npu_activation
Used module:         \npu_requant
Used module:         \npu_array
Used module:             \npu_pe
Used module:                 \npu_mult
Used module:                     \npu_pp_baugh_wooley
Used module:         \npu_host_if
Parameter \PSUM_W = 19
Parameter \MUL_ARCH = 0
Parameter \ADD_ARCH = 0

15.2. Executing AST frontend in derive mode using pre-parsed AST for module `\npu_pe'.
Parameter \PSUM_W = 19
Parameter \MUL_ARCH = 0
Parameter \ADD_ARCH = 0
Generating RTLIL representation for module `$paramod$ff257773bd01275f0d043df288de414e423018a5\npu_pe'.
Parameter \PSUM_W = 19
Parameter \MUL_ARCH = 0
Parameter \ADD_ARCH = 0
Found cached RTLIL representation for module `$paramod$ff257773bd01275f0d043df288de414e423018a5\npu_pe'.
Parameter \PSUM_W = 19
Parameter \MUL_ARCH = 0
Parameter \ADD_ARCH = 0
Found cached RTLIL representation for module `$paramod$ff257773bd01275f0d043df288de414e423018a5\npu_pe'.
Parameter \PSUM_W = 19
Parameter \MUL_ARCH = 0
Parameter \ADD_ARCH = 0
Found cached RTLIL representation for module `$paramod$ff257773bd01275f0d043df288de414e423018a5\npu_pe'.
Parameter \PSUM_W = 19
Parameter \MUL_ARCH = 0
Parameter \ADD_ARCH = 0
Found cached RTLIL representation for module `$paramod$ff257773bd01275f0d043df288de414e423018a5\npu_pe'.
Parameter \PSUM_W = 19
Parameter \MUL_ARCH = 0
Parameter \ADD_ARCH = 0
Found cached RTLIL representation for module `$paramod$ff257773bd01275f0d043df288de414e423018a5\npu_pe'.
Parameter \PSUM_W = 19
Parameter \MUL_ARCH = 0
Parameter \ADD_ARCH = 0
Found cached RTLIL representation for module `$paramod$ff257773bd01275f0d043df288de414e423018a5\npu_pe'.
Parameter \PSUM_W = 19
Parameter \MUL_ARCH = 0
Parameter \ADD_ARCH = 0
Found cached RTLIL representation for module `$paramod$ff257773bd01275f0d043df288de414e423018a5\npu_pe'.
Parameter \WIDTH = 19
Parameter \ARCH = 0

15.3. Executing AST frontend in derive mode using pre-parsed AST for module `\npu_adder'.
Parameter \WIDTH = 19
Parameter \ARCH = 0
Generating RTLIL representation for module `$paramod$fb8eb8dcaf3ef364e4d47beadacd83e06bae8163\npu_adder'.
Parameter \A_W = 8
Parameter \B_W = 8
Parameter \MUL_ARCH = 0
Parameter \ADD_ARCH = 0

15.4. Executing AST frontend in derive mode using pre-parsed AST for module `\npu_mult'.
Parameter \A_W = 8
Parameter \B_W = 8
Parameter \MUL_ARCH = 0
Parameter \ADD_ARCH = 0
Generating RTLIL representation for module `$paramod$a1cbd45a87523b3aa3376e3b8d05abd91c4cb6bf\npu_mult'.
Parameter \WIDTH = 25
Parameter \ARCH = 0

15.5. Executing AST frontend in derive mode using pre-parsed AST for module `\npu_adder'.
Parameter \WIDTH = 25
Parameter \ARCH = 0
Generating RTLIL representation for module `$paramod$ba7bff7ae67ca0921cf86cd97b8021e2ec0c5424\npu_adder'.
Parameter \WIDTH = 25
Parameter \ARCH = 0
Found cached RTLIL representation for module `$paramod$ba7bff7ae67ca0921cf86cd97b8021e2ec0c5424\npu_adder'.
Parameter \T_W = 24
Parameter \M_W = 16
Parameter \SH_W = 5
Parameter \ADD_ARCH = 0

15.6. Executing AST frontend in derive mode using pre-parsed AST for module `\npu_requant'.
Parameter \T_W = 24
Parameter \M_W = 16
Parameter \SH_W = 5
Parameter \ADD_ARCH = 0
Generating RTLIL representation for module `$paramod$30391a695cf76b71d765391e92da753473a83243\npu_requant'.
Parameter \ROWS = 4
Parameter \COLS = 2
Parameter \PSUM_W = 19
Parameter \MUL_ARCH = 0
Parameter \ADD_ARCH = 0

15.7. Executing AST frontend in derive mode using pre-parsed AST for module `\npu_array'.
Parameter \ROWS = 4
Parameter \COLS = 2
Parameter \PSUM_W = 19
Parameter \MUL_ARCH = 0
Parameter \ADD_ARCH = 0
Generating RTLIL representation for module `$paramod$666da260e2ee1dff8ff77b4606c64809bcab2bb0\npu_array'.
Parameter \W_LEN = 8
Parameter \ACT_LEN = 16
Parameter \BIAS_LEN = 6
Parameter \QUANT_LEN = 6
Parameter \RPTR_W = 5

15.8. Executing AST frontend in derive mode using pre-parsed AST for module `\npu_host_if'.
Parameter \W_LEN = 8
Parameter \ACT_LEN = 16
Parameter \BIAS_LEN = 6
Parameter \QUANT_LEN = 6
Parameter \RPTR_W = 5
Generating RTLIL representation for module `$paramod$529a98eedf781dfdd5b6499ee6f6fb7d2878c518\npu_host_if'.
Parameter \WIDTH = 26
Parameter \ARCH = 0

15.9. Executing AST frontend in derive mode using pre-parsed AST for module `\npu_adder'.
Parameter \WIDTH = 26
Parameter \ARCH = 0
Generating RTLIL representation for module `$paramod$d9c2f9dfb5e64c8dbdf33064c2b44a2f73ce6cb6\npu_adder'.
Parameter \A_W = 8
Parameter \B_W = 8

15.10. Executing AST frontend in derive mode using pre-parsed AST for module `\npu_pp_baugh_wooley'.
Parameter \A_W = 8
Parameter \B_W = 8
Generating RTLIL representation for module `$paramod$1ed99f1253f88f2664ca886b8b7f7f8ea7f768dd\npu_pp_baugh_wooley'.
Parameter \WIDTH = 16
Parameter \ARCH = 0

15.11. Executing AST frontend in derive mode using pre-parsed AST for module `\npu_adder'.
Parameter \WIDTH = 16
Parameter \ARCH = 0
Generating RTLIL representation for module `$paramod$60b3baad27a8ade2b24a1797a14779826394a681\npu_adder'.
Parameter \ROWS = 4
Parameter \COLS = 4
Parameter \S_MAX = 4
Parameter \ACC_W = 24
Parameter \M_W = 16
Parameter \SH_W = 5
Parameter \MUL_ARCH = 1
Parameter \ADD_ARCH = 4

15.12. Executing AST frontend in derive mode using pre-parsed AST for module `\npu_core'.
Parameter \ROWS = 4
Parameter \COLS = 4
Parameter \S_MAX = 4
Parameter \ACC_W = 24
Parameter \M_W = 16
Parameter \SH_W = 5
Parameter \MUL_ARCH = 1
Parameter \ADD_ARCH = 4
Generating RTLIL representation for module `$paramod$fe8226299f5a41f1e0116e576e090f9c40bfb9e0\npu_core'.

15.13. Analyzing design hierarchy..
Top module:  \tt_um_danieltyukov_int8_npu
Used module:     $paramod$fe8226299f5a41f1e0116e576e090f9c40bfb9e0\npu_core
Used module:         \npu_adder
Used module:         \npu_activation
Used module:         \npu_requant
Used module:             $paramod$d9c2f9dfb5e64c8dbdf33064c2b44a2f73ce6cb6\npu_adder
Used module:         \npu_array
Used module:             $paramod$ff257773bd01275f0d043df288de414e423018a5\npu_pe
Used module:                 \npu_mult
Used module:                     $paramod$1ed99f1253f88f2664ca886b8b7f7f8ea7f768dd\npu_pp_baugh_wooley
Used module:                     $paramod$60b3baad27a8ade2b24a1797a14779826394a681\npu_adder
Used module:         \npu_host_if
Parameter \WIDTH = 19
Parameter \ARCH = 0
Found cached RTLIL representation for module `$paramod$fb8eb8dcaf3ef364e4d47beadacd83e06bae8163\npu_adder'.
Parameter \A_W = 8
Parameter \B_W = 8
Parameter \MUL_ARCH = 0
Parameter \ADD_ARCH = 0
Found cached RTLIL representation for module `$paramod$a1cbd45a87523b3aa3376e3b8d05abd91c4cb6bf\npu_mult'.
Parameter \WIDTH = 25
Parameter \ARCH = 4

15.14. Executing AST frontend in derive mode using pre-parsed AST for module `\npu_adder'.
Parameter \WIDTH = 25
Parameter \ARCH = 4
Generating RTLIL representation for module `$paramod$2d6c54a146b5c9bc63af6521ae2fae94a8696de1\npu_adder'.
Parameter \WIDTH = 25
Parameter \ARCH = 4
Found cached RTLIL representation for module `$paramod$2d6c54a146b5c9bc63af6521ae2fae94a8696de1\npu_adder'.
Parameter \WIDTH = 25
Parameter \ARCH = 4
Found cached RTLIL representation for module `$paramod$2d6c54a146b5c9bc63af6521ae2fae94a8696de1\npu_adder'.
Parameter \WIDTH = 25
Parameter \ARCH = 4
Found cached RTLIL representation for module `$paramod$2d6c54a146b5c9bc63af6521ae2fae94a8696de1\npu_adder'.
Parameter \T_W = 24
Parameter \M_W = 16
Parameter \SH_W = 5
Parameter \ADD_ARCH = 4

15.15. Executing AST frontend in derive mode using pre-parsed AST for module `\npu_requant'.
Parameter \T_W = 24
Parameter \M_W = 16
Parameter \SH_W = 5
Parameter \ADD_ARCH = 4
Generating RTLIL representation for module `$paramod$9762f17314fc00bcc8483d811536c717be533d3b\npu_requant'.
Parameter \ROWS = 4
Parameter \COLS = 4
Parameter \PSUM_W = 19
Parameter \MUL_ARCH = 1
Parameter \ADD_ARCH = 4

15.16. Executing AST frontend in derive mode using pre-parsed AST for module `\npu_array'.
Parameter \ROWS = 4
Parameter \COLS = 4
Parameter \PSUM_W = 19
Parameter \MUL_ARCH = 1
Parameter \ADD_ARCH = 4
Generating RTLIL representation for module `$paramod$beb27242e03ff50b3749666273e3caba2bd72bca\npu_array'.
Parameter \W_LEN = 16
Parameter \ACT_LEN = 16
Parameter \BIAS_LEN = 12
Parameter \QUANT_LEN = 12
Parameter \RPTR_W = 6

15.17. Executing AST frontend in derive mode using pre-parsed AST for module `\npu_host_if'.
Parameter \W_LEN = 16
Parameter \ACT_LEN = 16
Parameter \BIAS_LEN = 12
Parameter \QUANT_LEN = 12
Parameter \RPTR_W = 6
Generating RTLIL representation for module `$paramod$f223a146899e681a4c1a812a009d945bcec8667b\npu_host_if'.

15.18. Analyzing design hierarchy..
Top module:  \tt_um_danieltyukov_int8_npu
Used module:     $paramod$fe8226299f5a41f1e0116e576e090f9c40bfb9e0\npu_core
Used module:         $paramod$2d6c54a146b5c9bc63af6521ae2fae94a8696de1\npu_adder
Used module:         \npu_activation
Used module:         $paramod$9762f17314fc00bcc8483d811536c717be533d3b\npu_requant
Used module:             \npu_adder
Used module:         $paramod$beb27242e03ff50b3749666273e3caba2bd72bca\npu_array
Used module:             \npu_pe
Used module:                 $paramod$fb8eb8dcaf3ef364e4d47beadacd83e06bae8163\npu_adder
Used module:                 $paramod$a1cbd45a87523b3aa3376e3b8d05abd91c4cb6bf\npu_mult
Used module:                     \npu_pp_baugh_wooley
Used module:         $paramod$f223a146899e681a4c1a812a009d945bcec8667b\npu_host_if
Parameter \A_W = 8
Parameter \B_W = 8
Found cached RTLIL representation for module `$paramod$1ed99f1253f88f2664ca886b8b7f7f8ea7f768dd\npu_pp_baugh_wooley'.
Parameter \WIDTH = 16
Parameter \ARCH = 0
Found cached RTLIL representation for module `$paramod$60b3baad27a8ade2b24a1797a14779826394a681\npu_adder'.
Parameter \WIDTH = 26
Parameter \ARCH = 4

15.19. Executing AST frontend in derive mode using pre-parsed AST for module `\npu_adder'.
Parameter \WIDTH = 26
Parameter \ARCH = 4
Generating RTLIL representation for module `$paramod$00e50bd1d9329584e2110eb397cc8a22011310c9\npu_adder'.
Parameter \PSUM_W = 19
Parameter \MUL_ARCH = 1
Parameter \ADD_ARCH = 4

15.20. Executing AST frontend in derive mode using pre-parsed AST for module `\npu_pe'.
Parameter \PSUM_W = 19
Parameter \MUL_ARCH = 1
Parameter \ADD_ARCH = 4
Generating RTLIL representation for module `$paramod$67ba8969b455a9921a0ce9d05bfcb7563f4a488b\npu_pe'.
Parameter \PSUM_W = 19
Parameter \MUL_ARCH = 1
Parameter \ADD_ARCH = 4
Found cached RTLIL representation for module `$paramod$67ba8969b455a9921a0ce9d05bfcb7563f4a488b\npu_pe'.
Parameter \PSUM_W = 19
Parameter \MUL_ARCH = 1
Parameter \ADD_ARCH = 4
Found cached RTLIL representation for module `$paramod$67ba8969b455a9921a0ce9d05bfcb7563f4a488b\npu_pe'.
Parameter \PSUM_W = 19
Parameter \MUL_ARCH = 1
Parameter \ADD_ARCH = 4
Found cached RTLIL representation for module `$paramod$67ba8969b455a9921a0ce9d05bfcb7563f4a488b\npu_pe'.
Parameter \PSUM_W = 19
Parameter \MUL_ARCH = 1
Parameter \ADD_ARCH = 4
Found cached RTLIL representation for module `$paramod$67ba8969b455a9921a0ce9d05bfcb7563f4a488b\npu_pe'.
Parameter \PSUM_W = 19
Parameter \MUL_ARCH = 1
Parameter \ADD_ARCH = 4
Found cached RTLIL representation for module `$paramod$67ba8969b455a9921a0ce9d05bfcb7563f4a488b\npu_pe'.
Parameter \PSUM_W = 19
Parameter \MUL_ARCH = 1
Parameter \ADD_ARCH = 4
Found cached RTLIL representation for module `$paramod$67ba8969b455a9921a0ce9d05bfcb7563f4a488b\npu_pe'.
Parameter \PSUM_W = 19
Parameter \MUL_ARCH = 1
Parameter \ADD_ARCH = 4
Found cached RTLIL representation for module `$paramod$67ba8969b455a9921a0ce9d05bfcb7563f4a488b\npu_pe'.
Parameter \PSUM_W = 19
Parameter \MUL_ARCH = 1
Parameter \ADD_ARCH = 4
Found cached RTLIL representation for module `$paramod$67ba8969b455a9921a0ce9d05bfcb7563f4a488b\npu_pe'.
Parameter \PSUM_W = 19
Parameter \MUL_ARCH = 1
Parameter \ADD_ARCH = 4
Found cached RTLIL representation for module `$paramod$67ba8969b455a9921a0ce9d05bfcb7563f4a488b\npu_pe'.
Parameter \PSUM_W = 19
Parameter \MUL_ARCH = 1
Parameter \ADD_ARCH = 4
Found cached RTLIL representation for module `$paramod$67ba8969b455a9921a0ce9d05bfcb7563f4a488b\npu_pe'.
Parameter \PSUM_W = 19
Parameter \MUL_ARCH = 1
Parameter \ADD_ARCH = 4
Found cached RTLIL representation for module `$paramod$67ba8969b455a9921a0ce9d05bfcb7563f4a488b\npu_pe'.
Parameter \PSUM_W = 19
Parameter \MUL_ARCH = 1
Parameter \ADD_ARCH = 4
Found cached RTLIL representation for module `$paramod$67ba8969b455a9921a0ce9d05bfcb7563f4a488b\npu_pe'.
Parameter \PSUM_W = 19
Parameter \MUL_ARCH = 1
Parameter \ADD_ARCH = 4
Found cached RTLIL representation for module `$paramod$67ba8969b455a9921a0ce9d05bfcb7563f4a488b\npu_pe'.
Parameter \PSUM_W = 19
Parameter \MUL_ARCH = 1
Parameter \ADD_ARCH = 4
Found cached RTLIL representation for module `$paramod$67ba8969b455a9921a0ce9d05bfcb7563f4a488b\npu_pe'.
Parameter \PSUM_W = 19
Parameter \MUL_ARCH = 1
Parameter \ADD_ARCH = 4
Found cached RTLIL representation for module `$paramod$67ba8969b455a9921a0ce9d05bfcb7563f4a488b\npu_pe'.

15.21. Analyzing design hierarchy..
Top module:  \tt_um_danieltyukov_int8_npu
Used module:     $paramod$fe8226299f5a41f1e0116e576e090f9c40bfb9e0\npu_core
Used module:         $paramod$2d6c54a146b5c9bc63af6521ae2fae94a8696de1\npu_adder
Used module:         \npu_activation
Used module:         $paramod$9762f17314fc00bcc8483d811536c717be533d3b\npu_requant
Used module:             $paramod$00e50bd1d9329584e2110eb397cc8a22011310c9\npu_adder
Used module:         $paramod$beb27242e03ff50b3749666273e3caba2bd72bca\npu_array
Used module:             $paramod$67ba8969b455a9921a0ce9d05bfcb7563f4a488b\npu_pe
Used module:                 \npu_adder
Used module:                 \npu_mult
Used module:                     $paramod$1ed99f1253f88f2664ca886b8b7f7f8ea7f768dd\npu_pp_baugh_wooley
Used module:                     $paramod$60b3baad27a8ade2b24a1797a14779826394a681\npu_adder
Used module:         $paramod$f223a146899e681a4c1a812a009d945bcec8667b\npu_host_if
Parameter \WIDTH = 19
Parameter \ARCH = 4

15.22. Executing AST frontend in derive mode using pre-parsed AST for module `\npu_adder'.
Parameter \WIDTH = 19
Parameter \ARCH = 4
Generating RTLIL representation for module `$paramod$249e2fefde2cea6485f1861c172b2e75dba89233\npu_adder'.
Parameter \A_W = 8
Parameter \B_W = 8
Parameter \MUL_ARCH = 1
Parameter \ADD_ARCH = 4

15.23. Executing AST frontend in derive mode using pre-parsed AST for module `\npu_mult'.
Parameter \A_W = 8
Parameter \B_W = 8
Parameter \MUL_ARCH = 1
Parameter \ADD_ARCH = 4
Generating RTLIL representation for module `$paramod$67e98feaf73b54d35f9441170982b8d89b9a2316\npu_mult'.

15.24. Analyzing design hierarchy..
Top module:  \tt_um_danieltyukov_int8_npu
Used module:     $paramod$fe8226299f5a41f1e0116e576e090f9c40bfb9e0\npu_core
Used module:         $paramod$2d6c54a146b5c9bc63af6521ae2fae94a8696de1\npu_adder
Used module:         \npu_activation
Used module:         $paramod$9762f17314fc00bcc8483d811536c717be533d3b\npu_requant
Used module:             $paramod$00e50bd1d9329584e2110eb397cc8a22011310c9\npu_adder
Used module:         $paramod$beb27242e03ff50b3749666273e3caba2bd72bca\npu_array
Used module:             $paramod$67ba8969b455a9921a0ce9d05bfcb7563f4a488b\npu_pe
Used module:                 $paramod$249e2fefde2cea6485f1861c172b2e75dba89233\npu_adder
Used module:                 $paramod$67e98feaf73b54d35f9441170982b8d89b9a2316\npu_mult
Used module:                     \npu_csa_reduce
Used module:                     \npu_pp_baugh_wooley
Used module:                     \npu_adder
Used module:         $paramod$f223a146899e681a4c1a812a009d945bcec8667b\npu_host_if
Parameter \WIDTH = 16
Parameter \N = 3

15.25. Executing AST frontend in derive mode using pre-parsed AST for module `\npu_csa_reduce'.
Parameter \WIDTH = 16
Parameter \N = 3
Generating RTLIL representation for module `$paramod$17604f602797e3202e357decf915a5bc29aa0ca3\npu_csa_reduce'.
Parameter \WIDTH = 16
Parameter \N = 9

15.26. Executing AST frontend in derive mode using pre-parsed AST for module `\npu_csa_reduce'.
Parameter \WIDTH = 16
Parameter \N = 9
Generating RTLIL representation for module `$paramod$27a8bd94657cc90e38f275422f31847ddfd4487e\npu_csa_reduce'.
Parameter \A_W = 8
Parameter \B_W = 8
Found cached RTLIL representation for module `$paramod$1ed99f1253f88f2664ca886b8b7f7f8ea7f768dd\npu_pp_baugh_wooley'.
Parameter \WIDTH = 16
Parameter \ARCH = 4

15.27. Executing AST frontend in derive mode using pre-parsed AST for module `\npu_adder'.
Parameter \WIDTH = 16
Parameter \ARCH = 4
Generating RTLIL representation for module `$paramod$29b69393125ca7ee80b32022bd2decdec691949f\npu_adder'.

15.28. Analyzing design hierarchy..
Top module:  \tt_um_danieltyukov_int8_npu
Used module:     $paramod$fe8226299f5a41f1e0116e576e090f9c40bfb9e0\npu_core
Used module:         $paramod$2d6c54a146b5c9bc63af6521ae2fae94a8696de1\npu_adder
Used module:         \npu_activation
Used module:         $paramod$9762f17314fc00bcc8483d811536c717be533d3b\npu_requant
Used module:             $paramod$00e50bd1d9329584e2110eb397cc8a22011310c9\npu_adder
Used module:         $paramod$beb27242e03ff50b3749666273e3caba2bd72bca\npu_array
Used module:             $paramod$67ba8969b455a9921a0ce9d05bfcb7563f4a488b\npu_pe
Used module:                 $paramod$249e2fefde2cea6485f1861c172b2e75dba89233\npu_adder
Used module:                 $paramod$67e98feaf73b54d35f9441170982b8d89b9a2316\npu_mult
Used module:                     $paramod$27a8bd94657cc90e38f275422f31847ddfd4487e\npu_csa_reduce
Used module:                         \npu_csa_reduce
Used module:                             $paramod$17604f602797e3202e357decf915a5bc29aa0ca3\npu_csa_reduce
Used module:                     $paramod$1ed99f1253f88f2664ca886b8b7f7f8ea7f768dd\npu_pp_baugh_wooley
Used module:                     $paramod$29b69393125ca7ee80b32022bd2decdec691949f\npu_adder
Used module:         $paramod$f223a146899e681a4c1a812a009d945bcec8667b\npu_host_if
Parameter \WIDTH = 16
Parameter \N = 2

15.29. Executing AST frontend in derive mode using pre-parsed AST for module `\npu_csa_reduce'.
Parameter \WIDTH = 16
Parameter \N = 2
Generating RTLIL representation for module `$paramod$1eb2e9d021a26f5457ad6970e0ac2d330aaa366a\npu_csa_reduce'.
Parameter \WIDTH = 16
Parameter \N = 6

15.30. Executing AST frontend in derive mode using pre-parsed AST for module `\npu_csa_reduce'.
Parameter \WIDTH = 16
Parameter \N = 6
Generating RTLIL representation for module `$paramod$2b1d745c338a0a6e50bcd9a4dc82bdf12badc2b0\npu_csa_reduce'.

15.31. Analyzing design hierarchy..
Top module:  \tt_um_danieltyukov_int8_npu
Used module:     $paramod$fe8226299f5a41f1e0116e576e090f9c40bfb9e0\npu_core
Used module:         $paramod$2d6c54a146b5c9bc63af6521ae2fae94a8696de1\npu_adder
Used module:         \npu_activation
Used module:         $paramod$9762f17314fc00bcc8483d811536c717be533d3b\npu_requant
Used module:             $paramod$00e50bd1d9329584e2110eb397cc8a22011310c9\npu_adder
Used module:         $paramod$beb27242e03ff50b3749666273e3caba2bd72bca\npu_array
Used module:             $paramod$67ba8969b455a9921a0ce9d05bfcb7563f4a488b\npu_pe
Used module:                 $paramod$249e2fefde2cea6485f1861c172b2e75dba89233\npu_adder
Used module:                 $paramod$67e98feaf73b54d35f9441170982b8d89b9a2316\npu_mult
Used module:                     $paramod$27a8bd94657cc90e38f275422f31847ddfd4487e\npu_csa_reduce
Used module:                         $paramod$2b1d745c338a0a6e50bcd9a4dc82bdf12badc2b0\npu_csa_reduce
Used module:                             \npu_csa_reduce
Used module:                                 $paramod$17604f602797e3202e357decf915a5bc29aa0ca3\npu_csa_reduce
Used module:                                     $paramod$1eb2e9d021a26f5457ad6970e0ac2d330aaa366a\npu_csa_reduce
Used module:                     $paramod$1ed99f1253f88f2664ca886b8b7f7f8ea7f768dd\npu_pp_baugh_wooley
Used module:                     $paramod$29b69393125ca7ee80b32022bd2decdec691949f\npu_adder
Used module:         $paramod$f223a146899e681a4c1a812a009d945bcec8667b\npu_host_if
Parameter \WIDTH = 16
Parameter \N = 4

15.32. Executing AST frontend in derive mode using pre-parsed AST for module `\npu_csa_reduce'.
Parameter \WIDTH = 16
Parameter \N = 4
Generating RTLIL representation for module `$paramod$c023b5faa9c785d07331b76839e06bd1ab774764\npu_csa_reduce'.

15.33. Analyzing design hierarchy..
Top module:  \tt_um_danieltyukov_int8_npu
Used module:     $paramod$fe8226299f5a41f1e0116e576e090f9c40bfb9e0\npu_core
Used module:         $paramod$2d6c54a146b5c9bc63af6521ae2fae94a8696de1\npu_adder
Used module:         \npu_activation
Used module:         $paramod$9762f17314fc00bcc8483d811536c717be533d3b\npu_requant
Used module:             $paramod$00e50bd1d9329584e2110eb397cc8a22011310c9\npu_adder
Used module:         $paramod$beb27242e03ff50b3749666273e3caba2bd72bca\npu_array
Used module:             $paramod$67ba8969b455a9921a0ce9d05bfcb7563f4a488b\npu_pe
Used module:                 $paramod$249e2fefde2cea6485f1861c172b2e75dba89233\npu_adder
Used module:                 $paramod$67e98feaf73b54d35f9441170982b8d89b9a2316\npu_mult
Used module:                     $paramod$27a8bd94657cc90e38f275422f31847ddfd4487e\npu_csa_reduce
Used module:                         $paramod$2b1d745c338a0a6e50bcd9a4dc82bdf12badc2b0\npu_csa_reduce
Used module:                             $paramod$c023b5faa9c785d07331b76839e06bd1ab774764\npu_csa_reduce
Used module:                                 \npu_csa_reduce
Used module:                                     $paramod$17604f602797e3202e357decf915a5bc29aa0ca3\npu_csa_reduce
Used module:                                         $paramod$1eb2e9d021a26f5457ad6970e0ac2d330aaa366a\npu_csa_reduce
Used module:                     $paramod$1ed99f1253f88f2664ca886b8b7f7f8ea7f768dd\npu_pp_baugh_wooley
Used module:                     $paramod$29b69393125ca7ee80b32022bd2decdec691949f\npu_adder
Used module:         $paramod$f223a146899e681a4c1a812a009d945bcec8667b\npu_host_if
Parameter \WIDTH = 16
Parameter \N = 3
Found cached RTLIL representation for module `$paramod$17604f602797e3202e357decf915a5bc29aa0ca3\npu_csa_reduce'.

15.34. Analyzing design hierarchy..
Top module:  \tt_um_danieltyukov_int8_npu
Used module:     $paramod$fe8226299f5a41f1e0116e576e090f9c40bfb9e0\npu_core
Used module:         $paramod$2d6c54a146b5c9bc63af6521ae2fae94a8696de1\npu_adder
Used module:         \npu_activation
Used module:         $paramod$9762f17314fc00bcc8483d811536c717be533d3b\npu_requant
Used module:             $paramod$00e50bd1d9329584e2110eb397cc8a22011310c9\npu_adder
Used module:         $paramod$beb27242e03ff50b3749666273e3caba2bd72bca\npu_array
Used module:             $paramod$67ba8969b455a9921a0ce9d05bfcb7563f4a488b\npu_pe
Used module:                 $paramod$249e2fefde2cea6485f1861c172b2e75dba89233\npu_adder
Used module:                 $paramod$67e98feaf73b54d35f9441170982b8d89b9a2316\npu_mult
Used module:                     $paramod$27a8bd94657cc90e38f275422f31847ddfd4487e\npu_csa_reduce
Used module:                         $paramod$2b1d745c338a0a6e50bcd9a4dc82bdf12badc2b0\npu_csa_reduce
Used module:                             $paramod$c023b5faa9c785d07331b76839e06bd1ab774764\npu_csa_reduce
Used module:                                 $paramod$17604f602797e3202e357decf915a5bc29aa0ca3\npu_csa_reduce
Used module:                                     $paramod$1eb2e9d021a26f5457ad6970e0ac2d330aaa366a\npu_csa_reduce
Used module:                     $paramod$1ed99f1253f88f2664ca886b8b7f7f8ea7f768dd\npu_pp_baugh_wooley
Used module:                     $paramod$29b69393125ca7ee80b32022bd2decdec691949f\npu_adder
Used module:         $paramod$f223a146899e681a4c1a812a009d945bcec8667b\npu_host_if

15.35. Analyzing design hierarchy..
Top module:  \tt_um_danieltyukov_int8_npu
Used module:     $paramod$fe8226299f5a41f1e0116e576e090f9c40bfb9e0\npu_core
Used module:         $paramod$2d6c54a146b5c9bc63af6521ae2fae94a8696de1\npu_adder
Used module:         \npu_activation
Used module:         $paramod$9762f17314fc00bcc8483d811536c717be533d3b\npu_requant
Used module:             $paramod$00e50bd1d9329584e2110eb397cc8a22011310c9\npu_adder
Used module:         $paramod$beb27242e03ff50b3749666273e3caba2bd72bca\npu_array
Used module:             $paramod$67ba8969b455a9921a0ce9d05bfcb7563f4a488b\npu_pe
Used module:                 $paramod$249e2fefde2cea6485f1861c172b2e75dba89233\npu_adder
Used module:                 $paramod$67e98feaf73b54d35f9441170982b8d89b9a2316\npu_mult
Used module:                     $paramod$27a8bd94657cc90e38f275422f31847ddfd4487e\npu_csa_reduce
Used module:                         $paramod$2b1d745c338a0a6e50bcd9a4dc82bdf12badc2b0\npu_csa_reduce
Used module:                             $paramod$c023b5faa9c785d07331b76839e06bd1ab774764\npu_csa_reduce
Used module:                                 $paramod$17604f602797e3202e357decf915a5bc29aa0ca3\npu_csa_reduce
Used module:                                     $paramod$1eb2e9d021a26f5457ad6970e0ac2d330aaa366a\npu_csa_reduce
Used module:                     $paramod$1ed99f1253f88f2664ca886b8b7f7f8ea7f768dd\npu_pp_baugh_wooley
Used module:                     $paramod$29b69393125ca7ee80b32022bd2decdec691949f\npu_adder
Used module:         $paramod$f223a146899e681a4c1a812a009d945bcec8667b\npu_host_if
Removing unused module `$paramod$60b3baad27a8ade2b24a1797a14779826394a681\npu_adder'.
Removing unused module `$paramod$d9c2f9dfb5e64c8dbdf33064c2b44a2f73ce6cb6\npu_adder'.
Removing unused module `$paramod$529a98eedf781dfdd5b6499ee6f6fb7d2878c518\npu_host_if'.
Removing unused module `$paramod$666da260e2ee1dff8ff77b4606c64809bcab2bb0\npu_array'.
Removing unused module `$paramod$30391a695cf76b71d765391e92da753473a83243\npu_requant'.
Removing unused module `$paramod$ba7bff7ae67ca0921cf86cd97b8021e2ec0c5424\npu_adder'.
Removing unused module `$paramod$a1cbd45a87523b3aa3376e3b8d05abd91c4cb6bf\npu_mult'.
Removing unused module `$paramod$fb8eb8dcaf3ef364e4d47beadacd83e06bae8163\npu_adder'.
Removing unused module `$paramod$ff257773bd01275f0d043df288de414e423018a5\npu_pe'.
Removing unused module `\npu_requant'.
Removing unused module `\npu_pp_booth4'.
Removing unused module `\npu_pp_baugh_wooley'.
Removing unused module `\npu_pe'.
Removing unused module `\npu_mult'.
Removing unused module `\npu_host_if'.
Removing unused module `\npu_csa_reduce'.
Removing unused module `\npu_core'.
Removing unused module `\npu_array'.
Removing unused module `\npu_adder'.
Removed 19 unused modules.

16. Executing SYNTH pass.

16.1. Executing HIERARCHY pass (managing design hierarchy).

16.1.1. Analyzing design hierarchy..
Top module:  \tt_um_danieltyukov_int8_npu
Used module:     $paramod$fe8226299f5a41f1e0116e576e090f9c40bfb9e0\npu_core
Used module:         $paramod$2d6c54a146b5c9bc63af6521ae2fae94a8696de1\npu_adder
Used module:         \npu_activation
Used module:         $paramod$9762f17314fc00bcc8483d811536c717be533d3b\npu_requant
Used module:             $paramod$00e50bd1d9329584e2110eb397cc8a22011310c9\npu_adder
Used module:         $paramod$beb27242e03ff50b3749666273e3caba2bd72bca\npu_array
Used module:             $paramod$67ba8969b455a9921a0ce9d05bfcb7563f4a488b\npu_pe
Used module:                 $paramod$249e2fefde2cea6485f1861c172b2e75dba89233\npu_adder
Used module:                 $paramod$67e98feaf73b54d35f9441170982b8d89b9a2316\npu_mult
Used module:                     $paramod$27a8bd94657cc90e38f275422f31847ddfd4487e\npu_csa_reduce
Used module:                         $paramod$2b1d745c338a0a6e50bcd9a4dc82bdf12badc2b0\npu_csa_reduce
Used module:                             $paramod$c023b5faa9c785d07331b76839e06bd1ab774764\npu_csa_reduce
Used module:                                 $paramod$17604f602797e3202e357decf915a5bc29aa0ca3\npu_csa_reduce
Used module:                                     $paramod$1eb2e9d021a26f5457ad6970e0ac2d330aaa366a\npu_csa_reduce
Used module:                     $paramod$1ed99f1253f88f2664ca886b8b7f7f8ea7f768dd\npu_pp_baugh_wooley
Used module:                     $paramod$29b69393125ca7ee80b32022bd2decdec691949f\npu_adder
Used module:         $paramod$f223a146899e681a4c1a812a009d945bcec8667b\npu_host_if

16.1.2. Analyzing design hierarchy..
Top module:  \tt_um_danieltyukov_int8_npu
Used module:     $paramod$fe8226299f5a41f1e0116e576e090f9c40bfb9e0\npu_core
Used module:         $paramod$2d6c54a146b5c9bc63af6521ae2fae94a8696de1\npu_adder
Used module:         \npu_activation
Used module:         $paramod$9762f17314fc00bcc8483d811536c717be533d3b\npu_requant
Used module:             $paramod$00e50bd1d9329584e2110eb397cc8a22011310c9\npu_adder
Used module:         $paramod$beb27242e03ff50b3749666273e3caba2bd72bca\npu_array
Used module:             $paramod$67ba8969b455a9921a0ce9d05bfcb7563f4a488b\npu_pe
Used module:                 $paramod$249e2fefde2cea6485f1861c172b2e75dba89233\npu_adder
Used module:                 $paramod$67e98feaf73b54d35f9441170982b8d89b9a2316\npu_mult
Used module:                     $paramod$27a8bd94657cc90e38f275422f31847ddfd4487e\npu_csa_reduce
Used module:                         $paramod$2b1d745c338a0a6e50bcd9a4dc82bdf12badc2b0\npu_csa_reduce
Used module:                             $paramod$c023b5faa9c785d07331b76839e06bd1ab774764\npu_csa_reduce
Used module:                                 $paramod$17604f602797e3202e357decf915a5bc29aa0ca3\npu_csa_reduce
Used module:                                     $paramod$1eb2e9d021a26f5457ad6970e0ac2d330aaa366a\npu_csa_reduce
Used module:                     $paramod$1ed99f1253f88f2664ca886b8b7f7f8ea7f768dd\npu_pp_baugh_wooley
Used module:                     $paramod$29b69393125ca7ee80b32022bd2decdec691949f\npu_adder
Used module:         $paramod$f223a146899e681a4c1a812a009d945bcec8667b\npu_host_if
Removed 0 unused modules.

16.2. Executing PROC pass (convert processes to netlists).

16.2.1. Executing PROC_CLEAN pass (remove empty switches from decision trees).
Found and cleaned up 2 empty switches in `$paramod$29b69393125ca7ee80b32022bd2decdec691949f\npu_adder.$proc$/home/danieltyukov/workspace/personal/tt-ihp-int8-npu/src/npu_adder.sv:0$2064'.
Removing empty process `$paramod$29b69393125ca7ee80b32022bd2decdec691949f\npu_adder.$proc$/home/danieltyukov/workspace/personal/tt-ihp-int8-npu/src/npu_adder.sv:0$2064'.
Found and cleaned up 1 empty switch in `$paramod$27a8bd94657cc90e38f275422f31847ddfd4487e\npu_csa_reduce.$proc$/home/danieltyukov/workspace/personal/tt-ihp-int8-npu/src/npu_csa_reduce.sv:0$1961'.
Removing empty process `$paramod$27a8bd94657cc90e38f275422f31847ddfd4487e\npu_csa_reduce.$proc$/home/danieltyukov/workspace/personal/tt-ihp-int8-npu/src/npu_csa_reduce.sv:0$1961'.
Found and cleaned up 1 empty switch in `$paramod$17604f602797e3202e357decf915a5bc29aa0ca3\npu_csa_reduce.$proc$/home/danieltyukov/workspace/personal/tt-ihp-int8-npu/src/npu_csa_reduce.sv:0$1939'.
Removing empty process `$paramod$17604f602797e3202e357decf915a5bc29aa0ca3\npu_csa_reduce.$proc$/home/danieltyukov/workspace/personal/tt-ihp-int8-npu/src/npu_csa_reduce.sv:0$1939'.
Found and cleaned up 1 empty switch in `$paramod$67e98feaf73b54d35f9441170982b8d89b9a2316\npu_mult.$proc$/home/danieltyukov/workspace/personal/tt-ihp-int8-npu/src/npu_mult.sv:0$1931'.
Removing empty process `$paramod$67e98feaf73b54d35f9441170982b8d89b9a2316\npu_mult.$proc$/home/danieltyukov/workspace/personal/tt-ihp-int8-npu/src/npu_mult.sv:0$1931'.
Found and cleaned up 2 empty switches in `$paramod$249e2fefde2cea6485f1861c172b2e75dba89233\npu_adder.$proc$/home/danieltyukov/workspace/personal/tt-ihp-int8-npu/src/npu_adder.sv:0$1929'.
Removing empty process `$paramod$249e2fefde2cea6485f1861c172b2e75dba89233\npu_adder.$proc$/home/danieltyukov/workspace/personal/tt-ihp-int8-npu/src/npu_adder.sv:0$1929'.
Found and cleaned up 1 empty switch in `$paramod$67ba8969b455a9921a0ce9d05bfcb7563f4a488b\npu_pe.$proc$/home/danieltyukov/workspace/personal/tt-ihp-int8-npu/src/npu_pe.sv:0$1805'.
Removing empty process `$paramod$67ba8969b455a9921a0ce9d05bfcb7563f4a488b\npu_pe.$proc$/home/danieltyukov/workspace/personal/tt-ihp-int8-npu/src/npu_pe.sv:0$1805'.
Found and cleaned up 2 empty switches in `$paramod$00e50bd1d9329584e2110eb397cc8a22011310c9\npu_adder.$proc$/home/danieltyukov/workspace/personal/tt-ihp-int8-npu/src/npu_adder.sv:0$1801'.
Removing empty process `$paramod$00e50bd1d9329584e2110eb397cc8a22011310c9\npu_adder.$proc$/home/danieltyukov/workspace/personal/tt-ihp-int8-npu/src/npu_adder.sv:0$1801'.
Found and cleaned up 3 empty switches in `$paramod$beb27242e03ff50b3749666273e3caba2bd72bca\npu_array.$proc$/home/danieltyukov/workspace/personal/tt-ihp-int8-npu/src/npu_array.sv:0$1562'.
Removing empty process `$paramod$beb27242e03ff50b3749666273e3caba2bd72bca\npu_array.$proc$/home/danieltyukov/workspace/personal/tt-ihp-int8-npu/src/npu_array.sv:0$1562'.
Found and cleaned up 4 empty switches in `$paramod$9762f17314fc00bcc8483d811536c717be533d3b\npu_requant.$proc$/home/danieltyukov/workspace/personal/tt-ihp-int8-npu/src/npu_requant.sv:0$1560'.
Removing empty process `$paramod$9762f17314fc00bcc8483d811536c717be533d3b\npu_requant.$proc$/home/danieltyukov/workspace/personal/tt-ihp-int8-npu/src/npu_requant.sv:0$1560'.
Found and cleaned up 2 empty switches in `$paramod$2d6c54a146b5c9bc63af6521ae2fae94a8696de1\npu_adder.$proc$/home/danieltyukov/workspace/personal/tt-ihp-int8-npu/src/npu_adder.sv:0$1515'.
Removing empty process `$paramod$2d6c54a146b5c9bc63af6521ae2fae94a8696de1\npu_adder.$proc$/home/danieltyukov/workspace/personal/tt-ihp-int8-npu/src/npu_adder.sv:0$1515'.
Found and cleaned up 8 empty switches in `$paramod$fe8226299f5a41f1e0116e576e090f9c40bfb9e0\npu_core.$proc$/home/danieltyukov/workspace/personal/tt-ihp-int8-npu/src/npu_core.sv:0$1337'.
Removing empty process `$paramod$fe8226299f5a41f1e0116e576e090f9c40bfb9e0\npu_core.$proc$/home/danieltyukov/workspace/personal/tt-ihp-int8-npu/src/npu_core.sv:0$1337'.
Found and cleaned up 1 empty switch in `$paramod$c023b5faa9c785d07331b76839e06bd1ab774764\npu_csa_reduce.$proc$/home/danieltyukov/workspace/personal/tt-ihp-int8-npu/src/npu_csa_reduce.sv:0$2088'.
Removing empty process `$paramod$c023b5faa9c785d07331b76839e06bd1ab774764\npu_csa_reduce.$proc$/home/danieltyukov/workspace/personal/tt-ihp-int8-npu/src/npu_csa_reduce.sv:0$2088'.
Found and cleaned up 1 empty switch in `$paramod$1ed99f1253f88f2664ca886b8b7f7f8ea7f768dd\npu_pp_baugh_wooley.$proc$/home/danieltyukov/workspace/personal/tt-ihp-int8-npu/src/npu_pp_baugh_wooley.sv:0$926'.
Removing empty process `$paramod$1ed99f1253f88f2664ca886b8b7f7f8ea7f768dd\npu_pp_baugh_wooley.$proc$/home/danieltyukov/workspace/personal/tt-ihp-int8-npu/src/npu_pp_baugh_wooley.sv:0$926'.
Found and cleaned up 1 empty switch in `$paramod$2b1d745c338a0a6e50bcd9a4dc82bdf12badc2b0\npu_csa_reduce.$proc$/home/danieltyukov/workspace/personal/tt-ihp-int8-npu/src/npu_csa_reduce.sv:0$2080'.
Removing empty process `$paramod$2b1d745c338a0a6e50bcd9a4dc82bdf12badc2b0\npu_csa_reduce.$proc$/home/danieltyukov/workspace/personal/tt-ihp-int8-npu/src/npu_csa_reduce.sv:0$2080'.
Found and cleaned up 1 empty switch in `$paramod$1eb2e9d021a26f5457ad6970e0ac2d330aaa366a\npu_csa_reduce.$proc$/home/danieltyukov/workspace/personal/tt-ihp-int8-npu/src/npu_csa_reduce.sv:0$2065'.
Removing empty process `$paramod$1eb2e9d021a26f5457ad6970e0ac2d330aaa366a\npu_csa_reduce.$proc$/home/danieltyukov/workspace/personal/tt-ihp-int8-npu/src/npu_csa_reduce.sv:0$2065'.
Cleaned up 31 empty switches.

16.2.2. Executing PROC_RMDEAD pass (remove dead branches from decision trees).
Marked 1 switch rules as full_case in process $proc$/home/danieltyukov/workspace/personal/tt-ihp-int8-npu/src/npu_pe.sv:84$1802 in module $paramod$67ba8969b455a9921a0ce9d05bfcb7563f4a488b\npu_pe.
Marked 9 switch rules as full_case in process $proc$/home/danieltyukov/workspace/personal/tt-ihp-int8-npu/src/npu_host_if.sv:123$1566 in module $paramod$f223a146899e681a4c1a812a009d945bcec8667b\npu_host_if.
Marked 3 switch rules as full_case in process $proc$/home/danieltyukov/workspace/personal/tt-ihp-int8-npu/src/npu_requant.sv:137$1540 in module $paramod$9762f17314fc00bcc8483d811536c717be533d3b\npu_requant.
Marked 2 switch rules as full_case in process $proc$/home/danieltyukov/workspace/personal/tt-ihp-int8-npu/src/npu_core.sv:396$1335 in module $paramod$fe8226299f5a41f1e0116e576e090f9c40bfb9e0\npu_core.
Marked 2 switch rules as full_case in process $proc$/home/danieltyukov/workspace/personal/tt-ihp-int8-npu/src/npu_core.sv:396$1327 in module $paramod$fe8226299f5a41f1e0116e576e090f9c40bfb9e0\npu_core.
Marked 2 switch rules as full_case in process $proc$/home/danieltyukov/workspace/personal/tt-ihp-int8-npu/src/npu_core.sv:396$1319 in module $paramod$fe8226299f5a41f1e0116e576e090f9c40bfb9e0\npu_core.
Marked 2 switch rules as full_case in process $proc$/home/danieltyukov/workspace/personal/tt-ihp-int8-npu/src/npu_core.sv:396$1311 in module $paramod$fe8226299f5a41f1e0116e576e090f9c40bfb9e0\npu_core.
Marked 2 switch rules as full_case in process $proc$/home/danieltyukov/workspace/personal/tt-ihp-int8-npu/src/npu_core.sv:396$1303 in module $paramod$fe8226299f5a41f1e0116e576e090f9c40bfb9e0\npu_core.
Marked 2 switch rules as full_case in process $proc$/home/danieltyukov/workspace/personal/tt-ihp-int8-npu/src/npu_core.sv:396$1295 in module $paramod$fe8226299f5a41f1e0116e576e090f9c40bfb9e0\npu_core.
Marked 2 switch rules as full_case in process $proc$/home/danieltyukov/workspace/personal/tt-ihp-int8-npu/src/npu_core.sv:396$1287 in module $paramod$fe8226299f5a41f1e0116e576e090f9c40bfb9e0\npu_core.
Marked 2 switch rules as full_case in process $proc$/home/danieltyukov/workspace/personal/tt-ihp-int8-npu/src/npu_core.sv:396$1279 in module $paramod$fe8226299f5a41f1e0116e576e090f9c40bfb9e0\npu_core.
Marked 2 switch rules as full_case in process $proc$/home/danieltyukov/workspace/personal/tt-ihp-int8-npu/src/npu_core.sv:396$1271 in module $paramod$fe8226299f5a41f1e0116e576e090f9c40bfb9e0\npu_core.
Marked 2 switch rules as full_case in process $proc$/home/danieltyukov/workspace/personal/tt-ihp-int8-npu/src/npu_core.sv:396$1263 in module $paramod$fe8226299f5a41f1e0116e576e090f9c40bfb9e0\npu_core.
Marked 2 switch rules as full_case in process $proc$/home/danieltyukov/workspace/personal/tt-ihp-int8-npu/src/npu_core.sv:396$1255 in module $paramod$fe8226299f5a41f1e0116e576e090f9c40bfb9e0\npu_core.
Marked 2 switch rules as full_case in process $proc$/home/danieltyukov/workspace/personal/tt-ihp-int8-npu/src/npu_core.sv:396$1247 in module $paramod$fe8226299f5a41f1e0116e576e090f9c40bfb9e0\npu_core.
Marked 2 switch rules as full_case in process $proc$/home/danieltyukov/workspace/personal/tt-ihp-int8-npu/src/npu_core.sv:396$1239 in module $paramod$fe8226299f5a41f1e0116e576e090f9c40bfb9e0\npu_core.
Marked 2 switch rules as full_case in process $proc$/home/danieltyukov/workspace/personal/tt-ihp-int8-npu/src/npu_core.sv:396$1231 in module $paramod$fe8226299f5a41f1e0116e576e090f9c40bfb9e0\npu_core.
Marked 2 switch rules as full_case in process $proc$/home/danieltyukov/workspace/personal/tt-ihp-int8-npu/src/npu_core.sv:396$1223 in module $paramod$fe8226299f5a41f1e0116e576e090f9c40bfb9e0\npu_core.
Marked 2 switch rules as full_case in process $proc$/home/danieltyukov/workspace/personal/tt-ihp-int8-npu/src/npu_core.sv:396$1215 in module $paramod$fe8226299f5a41f1e0116e576e090f9c40bfb9e0\npu_core.
Marked 2 switch rules as full_case in process $proc$/home/danieltyukov/workspace/personal/tt-ihp-int8-npu/src/npu_core.sv:330$1206 in module $paramod$fe8226299f5a41f1e0116e576e090f9c40bfb9e0\npu_core.
Marked 2 switch rules as full_case in process $proc$/home/danieltyukov/workspace/personal/tt-ihp-int8-npu/src/npu_core.sv:330$1200 in module $paramod$fe8226299f5a41f1e0116e576e090f9c40bfb9e0\npu_core.
Marked 2 switch rules as full_case in process $proc$/home/danieltyukov/workspace/personal/tt-ihp-int8-npu/src/npu_core.sv:330$1194 in module $paramod$fe8226299f5a41f1e0116e576e090f9c40bfb9e0\npu_core.
Marked 2 switch rules as full_case in process $proc$/home/danieltyukov/workspace/personal/tt-ihp-int8-npu/src/npu_core.sv:330$1188 in module $paramod$fe8226299f5a41f1e0116e576e090f9c40bfb9e0\npu_core.
Marked 2 switch rules as full_case in process $proc$/home/danieltyukov/workspace/personal/tt-ihp-int8-npu/src/npu_core.sv:330$1171 in module $paramod$fe8226299f5a41f1e0116e576e090f9c40bfb9e0\npu_core.
Marked 2 switch rules as full_case in process $proc$/home/danieltyukov/workspace/personal/tt-ihp-int8-npu/src/npu_core.sv:330$1165 in module $paramod$fe8226299f5a41f1e0116e576e090f9c40bfb9e0\npu_core.
Marked 2 switch rules as full_case in process $proc$/home/danieltyukov/workspace/personal/tt-ihp-int8-npu/src/npu_core.sv:330$1159 in module $paramod$fe8226299f5a41f1e0116e576e090f9c40bfb9e0\npu_core.
Marked 2 switch rules as full_case in process $proc$/home/danieltyukov/workspace/personal/tt-ihp-int8-npu/src/npu_core.sv:330$1153 in module $paramod$fe8226299f5a41f1e0116e576e090f9c40bfb9e0\npu_core.
Marked 2 switch rules as full_case in process $proc$/home/danieltyukov/workspace/personal/tt-ihp-int8-npu/src/npu_core.sv:330$1136 in module $paramod$fe8226299f5a41f1e0116e576e090f9c40bfb9e0\npu_core.
Marked 2 switch rules as full_case in process $proc$/home/danieltyukov/workspace/personal/tt-ihp-int8-npu/src/npu_core.sv:330$1130 in module $paramod$fe8226299f5a41f1e0116e576e090f9c40bfb9e0\npu_core.
Marked 2 switch rules as full_case in process $proc$/home/danieltyukov/workspace/personal/tt-ihp-int8-npu/src/npu_core.sv:330$1124 in module $paramod$fe8226299f5a41f1e0116e576e090f9c40bfb9e0\npu_core.
Marked 2 switch rules as full_case in process $proc$/home/danieltyukov/workspace/personal/tt-ihp-int8-npu/src/npu_core.sv:330$1118 in module $paramod$fe8226299f5a41f1e0116e576e090f9c40bfb9e0\npu_core.
Marked 2 switch rules as full_case in process $proc$/home/danieltyukov/workspace/personal/tt-ihp-int8-npu/src/npu_core.sv:330$1101 in module $paramod$fe8226299f5a41f1e0116e576e090f9c40bfb9e0\npu_core.
Marked 2 switch rules as full_case in process $proc$/home/danieltyukov/workspace/personal/tt-ihp-int8-npu/src/npu_core.sv:330$1095 in module $paramod$fe8226299f5a41f1e0116e576e090f9c40bfb9e0\npu_core.
Marked 2 switch rules as full_case in process $proc$/home/danieltyukov/workspace/personal/tt-ihp-int8-npu/src/npu_core.sv:330$1089 in module $paramod$fe8226299f5a41f1e0116e576e090f9c40bfb9e0\npu_core.
Marked 2 switch rules as full_case in process $proc$/home/danieltyukov/workspace/personal/tt-ihp-int8-npu/src/npu_core.sv:330$1083 in module $paramod$fe8226299f5a41f1e0116e576e090f9c40bfb9e0\npu_core.
Marked 1 switch rules as full_case in process $proc$/home/danieltyukov/workspace/personal/tt-ihp-int8-npu/src/npu_core.sv:0$1010 in module $paramod$fe8226299f5a41f1e0116e576e090f9c40bfb9e0\npu_core.
Marked 1 switch rules as full_case in process $proc$/home/danieltyukov/workspace/personal/tt-ihp-int8-npu/src/npu_core.sv:0$1009 in module $paramod$fe8226299f5a41f1e0116e576e090f9c40bfb9e0\npu_core.
Marked 6 switch rules as full_case in process $proc$/home/danieltyukov/workspace/personal/tt-ihp-int8-npu/src/npu_core.sv:415$993 in module $paramod$fe8226299f5a41f1e0116e576e090f9c40bfb9e0\npu_core.
Marked 2 switch rules as full_case in process $proc$/home/danieltyukov/workspace/personal/tt-ihp-int8-npu/src/npu_core.sv:263$971 in module $paramod$fe8226299f5a41f1e0116e576e090f9c40bfb9e0\npu_core.
Marked 2 switch rules as full_case in process $proc$/home/danieltyukov/workspace/personal/tt-ihp-int8-npu/src/npu_core.sv:173$966 in module $paramod$fe8226299f5a41f1e0116e576e090f9c40bfb9e0\npu_core.
Removed a total of 0 dead cases.

16.2.3. Executing PROC_PRUNE pass (remove redundant assignments in processes).
Removed 16 redundant assignments.
Promoted 8 assignments to connections.

16.2.4. Executing PROC_INIT pass (extract init attributes).

16.2.5. Executing PROC_ARST pass (detect async resets in processes).
Found async reset \rst_n in `$paramod$67ba8969b455a9921a0ce9d05bfcb7563f4a488b\npu_pe.$proc$/home/danieltyukov/workspace/personal/tt-ihp-int8-npu/src/npu_pe.sv:84$1802'.
Found async reset \rst_n in `$paramod$f223a146899e681a4c1a812a009d945bcec8667b\npu_host_if.$proc$/home/danieltyukov/workspace/personal/tt-ihp-int8-npu/src/npu_host_if.sv:123$1566'.
Found async reset \rst_n in `$paramod$9762f17314fc00bcc8483d811536c717be533d3b\npu_requant.$proc$/home/danieltyukov/workspace/personal/tt-ihp-int8-npu/src/npu_requant.sv:137$1540'.
Found async reset \rst_n in `$paramod$fe8226299f5a41f1e0116e576e090f9c40bfb9e0\npu_core.$proc$/home/danieltyukov/workspace/personal/tt-ihp-int8-npu/src/npu_core.sv:396$1335'.
Found async reset \rst_n in `$paramod$fe8226299f5a41f1e0116e576e090f9c40bfb9e0\npu_core.$proc$/home/danieltyukov/workspace/personal/tt-ihp-int8-npu/src/npu_core.sv:396$1327'.
Found async reset \rst_n in `$paramod$fe8226299f5a41f1e0116e576e090f9c40bfb9e0\npu_core.$proc$/home/danieltyukov/workspace/personal/tt-ihp-int8-npu/src/npu_core.sv:396$1319'.
Found async reset \rst_n in `$paramod$fe8226299f5a41f1e0116e576e090f9c40bfb9e0\npu_core.$proc$/home/danieltyukov/workspace/personal/tt-ihp-int8-npu/src/npu_core.sv:396$1311'.
Found async reset \rst_n in `$paramod$fe8226299f5a41f1e0116e576e090f9c40bfb9e0\npu_core.$proc$/home/danieltyukov/workspace/personal/tt-ihp-int8-npu/src/npu_core.sv:396$1303'.
Found async reset \rst_n in `$paramod$fe8226299f5a41f1e0116e576e090f9c40bfb9e0\npu_core.$proc$/home/danieltyukov/workspace/personal/tt-ihp-int8-npu/src/npu_core.sv:396$1295'.
Found async reset \rst_n in `$paramod$fe8226299f5a41f1e0116e576e090f9c40bfb9e0\npu_core.$proc$/home/danieltyukov/workspace/personal/tt-ihp-int8-npu/src/npu_core.sv:396$1287'.
Found async reset \rst_n in `$paramod$fe8226299f5a41f1e0116e576e090f9c40bfb9e0\npu_core.$proc$/home/danieltyukov/workspace/personal/tt-ihp-int8-npu/src/npu_core.sv:396$1279'.
Found async reset \rst_n in `$paramod$fe8226299f5a41f1e0116e576e090f9c40bfb9e0\npu_core.$proc$/home/danieltyukov/workspace/personal/tt-ihp-int8-npu/src/npu_core.sv:396$1271'.
Found async reset \rst_n in `$paramod$fe8226299f5a41f1e0116e576e090f9c40bfb9e0\npu_core.$proc$/home/danieltyukov/workspace/personal/tt-ihp-int8-npu/src/npu_core.sv:396$1263'.
Found async reset \rst_n in `$paramod$fe8226299f5a41f1e0116e576e090f9c40bfb9e0\npu_core.$proc$/home/danieltyukov/workspace/personal/tt-ihp-int8-npu/src/npu_core.sv:396$1255'.
Found async reset \rst_n in `$paramod$fe8226299f5a41f1e0116e576e090f9c40bfb9e0\npu_core.$proc$/home/danieltyukov/workspace/personal/tt-ihp-int8-npu/src/npu_core.sv:396$1247'.
Found async reset \rst_n in `$paramod$fe8226299f5a41f1e0116e576e090f9c40bfb9e0\npu_core.$proc$/home/danieltyukov/workspace/personal/tt-ihp-int8-npu/src/npu_core.sv:396$1239'.
Found async reset \rst_n in `$paramod$fe8226299f5a41f1e0116e576e090f9c40bfb9e0\npu_core.$proc$/home/danieltyukov/workspace/personal/tt-ihp-int8-npu/src/npu_core.sv:396$1231'.
Found async reset \rst_n in `$paramod$fe8226299f5a41f1e0116e576e090f9c40bfb9e0\npu_core.$proc$/home/danieltyukov/workspace/personal/tt-ihp-int8-npu/src/npu_core.sv:396$1223'.
Found async reset \rst_n in `$paramod$fe8226299f5a41f1e0116e576e090f9c40bfb9e0\npu_core.$proc$/home/danieltyukov/workspace/personal/tt-ihp-int8-npu/src/npu_core.sv:396$1215'.
Found async reset \rst_n in `$paramod$fe8226299f5a41f1e0116e576e090f9c40bfb9e0\npu_core.$proc$/home/danieltyukov/workspace/personal/tt-ihp-int8-npu/src/npu_core.sv:330$1206'.
Found async reset \rst_n in `$paramod$fe8226299f5a41f1e0116e576e090f9c40bfb9e0\npu_core.$proc$/home/danieltyukov/workspace/personal/tt-ihp-int8-npu/src/npu_core.sv:330$1200'.
Found async reset \rst_n in `$paramod$fe8226299f5a41f1e0116e576e090f9c40bfb9e0\npu_core.$proc$/home/danieltyukov/workspace/personal/tt-ihp-int8-npu/src/npu_core.sv:330$1194'.
Found async reset \rst_n in `$paramod$fe8226299f5a41f1e0116e576e090f9c40bfb9e0\npu_core.$proc$/home/danieltyukov/workspace/personal/tt-ihp-int8-npu/src/npu_core.sv:330$1188'.
Found async reset \rst_n in `$paramod$fe8226299f5a41f1e0116e576e090f9c40bfb9e0\npu_core.$proc$/home/danieltyukov/workspace/personal/tt-ihp-int8-npu/src/npu_core.sv:330$1171'.
Found async reset \rst_n in `$paramod$fe8226299f5a41f1e0116e576e090f9c40bfb9e0\npu_core.$proc$/home/danieltyukov/workspace/personal/tt-ihp-int8-npu/src/npu_core.sv:330$1165'.
Found async reset \rst_n in `$paramod$fe8226299f5a41f1e0116e576e090f9c40bfb9e0\npu_core.$proc$/home/danieltyukov/workspace/personal/tt-ihp-int8-npu/src/npu_core.sv:330$1159'.
Found async reset \rst_n in `$paramod$fe8226299f5a41f1e0116e576e090f9c40bfb9e0\npu_core.$proc$/home/danieltyukov/workspace/personal/tt-ihp-int8-npu/src/npu_core.sv:330$1153'.
Found async reset \rst_n in `$paramod$fe8226299f5a41f1e0116e576e090f9c40bfb9e0\npu_core.$proc$/home/danieltyukov/workspace/personal/tt-ihp-int8-npu/src/npu_core.sv:330$1136'.
Found async reset \rst_n in `$paramod$fe8226299f5a41f1e0116e576e090f9c40bfb9e0\npu_core.$proc$/home/danieltyukov/workspace/personal/tt-ihp-int8-npu/src/npu_core.sv:330$1130'.
Found async reset \rst_n in `$paramod$fe8226299f5a41f1e0116e576e090f9c40bfb9e0\npu_core.$proc$/home/danieltyukov/workspace/personal/tt-ihp-int8-npu/src/npu_core.sv:330$1124'.
Found async reset \rst_n in `$paramod$fe8226299f5a41f1e0116e576e090f9c40bfb9e0\npu_core.$proc$/home/danieltyukov/workspace/personal/tt-ihp-int8-npu/src/npu_core.sv:330$1118'.
Found async reset \rst_n in `$paramod$fe8226299f5a41f1e0116e576e090f9c40bfb9e0\npu_core.$proc$/home/danieltyukov/workspace/personal/tt-ihp-int8-npu/src/npu_core.sv:330$1101'.
Found async reset \rst_n in `$paramod$fe8226299f5a41f1e0116e576e090f9c40bfb9e0\npu_core.$proc$/home/danieltyukov/workspace/personal/tt-ihp-int8-npu/src/npu_core.sv:330$1095'.
Found async reset \rst_n in `$paramod$fe8226299f5a41f1e0116e576e090f9c40bfb9e0\npu_core.$proc$/home/danieltyukov/workspace/personal/tt-ihp-int8-npu/src/npu_core.sv:330$1089'.
Found async reset \rst_n in `$paramod$fe8226299f5a41f1e0116e576e090f9c40bfb9e0\npu_core.$proc$/home/danieltyukov/workspace/personal/tt-ihp-int8-npu/src/npu_core.sv:330$1083'.
Found async reset \rst_n in `$paramod$fe8226299f5a41f1e0116e576e090f9c40bfb9e0\npu_core.$proc$/home/danieltyukov/workspace/personal/tt-ihp-int8-npu/src/npu_core.sv:415$993'.
Found async reset \rst_n in `$paramod$fe8226299f5a41f1e0116e576e090f9c40bfb9e0\npu_core.$proc$/home/danieltyukov/workspace/personal/tt-ihp-int8-npu/src/npu_core.sv:263$971'.
Found async reset \rst_n in `$paramod$fe8226299f5a41f1e0116e576e090f9c40bfb9e0\npu_core.$proc$/home/danieltyukov/workspace/personal/tt-ihp-int8-npu/src/npu_core.sv:173$966'.

16.2.6. Executing PROC_ROM pass (convert switches to ROMs).
Converted 1 switch.
<suppressed ~104 debug messages>

16.2.7. Executing PROC_MUX pass (convert decision trees to multiplexers).
Creating decoders for process `$paramod$67ba8969b455a9921a0ce9d05bfcb7563f4a488b\npu_pe.$proc$/home/danieltyukov/workspace/personal/tt-ihp-int8-npu/src/npu_pe.sv:84$1802'.
     1/3: $0\psum_reg[18:0]
     2/3: $0\a_reg[7:0]
     3/3: $0\w_reg[7:0]
Creating decoders for process `$paramod$f223a146899e681a4c1a812a009d945bcec8667b\npu_host_if.$proc$/home/danieltyukov/workspace/personal/tt-ihp-int8-npu/src/npu_host_if.sv:123$1566'.
     1/42: $5\payload_len$func$/home/danieltyukov/workspace/personal/tt-ihp-int8-npu/src/npu_host_if.sv:193$1565.$result[7:0]$1604
     2/42: $4\payload_len$func$/home/danieltyukov/workspace/personal/tt-ihp-int8-npu/src/npu_host_if.sv:193$1565.$result[7:0]$1602
     3/42: $4\payload_len$func$/home/danieltyukov/workspace/personal/tt-ihp-int8-npu/src/npu_host_if.sv:193$1565.o[3:0]$1603
     4/42: $4\known_op$func$/home/danieltyukov/workspace/personal/tt-ihp-int8-npu/src/npu_host_if.sv:167$1564.$result[0:0]$1598
     5/42: $4\payload_len$func$/home/danieltyukov/workspace/personal/tt-ihp-int8-npu/src/npu_host_if.sv:163$1563.$result[7:0]$1594
     6/42: $3\known_op$func$/home/danieltyukov/workspace/personal/tt-ihp-int8-npu/src/npu_host_if.sv:167$1564.$result[0:0]$1590
     7/42: $3\known_op$func$/home/danieltyukov/workspace/personal/tt-ihp-int8-npu/src/npu_host_if.sv:167$1564.o[3:0]$1591
     8/42: $3\payload_len$func$/home/danieltyukov/workspace/personal/tt-ihp-int8-npu/src/npu_host_if.sv:163$1563.$result[7:0]$1588
     9/42: $3\payload_len$func$/home/danieltyukov/workspace/personal/tt-ihp-int8-npu/src/npu_host_if.sv:163$1563.o[3:0]$1589
    10/42: $3\payload_len$func$/home/danieltyukov/workspace/personal/tt-ihp-int8-npu/src/npu_host_if.sv:193$1565.o[3:0]$1593
    11/42: $3\payload_len$func$/home/danieltyukov/workspace/personal/tt-ihp-int8-npu/src/npu_host_if.sv:193$1565.$result[7:0]$1592
    12/42: $2\payload_len$func$/home/danieltyukov/workspace/personal/tt-ihp-int8-npu/src/npu_host_if.sv:193$1565.o[3:0]$1586
    13/42: $2\payload_len$func$/home/danieltyukov/workspace/personal/tt-ihp-int8-npu/src/npu_host_if.sv:193$1565.$result[7:0]$1585
    14/42: $2\known_op$func$/home/danieltyukov/workspace/personal/tt-ihp-int8-npu/src/npu_host_if.sv:167$1564.o[3:0]$1584
    15/42: $2\known_op$func$/home/danieltyukov/workspace/personal/tt-ihp-int8-npu/src/npu_host_if.sv:167$1564.$result[0:0]$1583
    16/42: $2\payload_len$func$/home/danieltyukov/workspace/personal/tt-ihp-int8-npu/src/npu_host_if.sv:163$1563.o[3:0]$1582
    17/42: $2\payload_len$func$/home/danieltyukov/workspace/personal/tt-ihp-int8-npu/src/npu_host_if.sv:163$1563.$result[7:0]$1581
    18/42: $1\payload_len$func$/home/danieltyukov/workspace/personal/tt-ihp-int8-npu/src/npu_host_if.sv:193$1565.o[3:0]$1579
    19/42: $1\payload_len$func$/home/danieltyukov/workspace/personal/tt-ihp-int8-npu/src/npu_host_if.sv:193$1565.$result[7:0]$1578
    20/42: $1\known_op$func$/home/danieltyukov/workspace/personal/tt-ihp-int8-npu/src/npu_host_if.sv:167$1564.o[3:0]$1577
    21/42: $1\known_op$func$/home/danieltyukov/workspace/personal/tt-ihp-int8-npu/src/npu_host_if.sv:167$1564.$result[0:0]$1576
    22/42: $1\payload_len$func$/home/danieltyukov/workspace/personal/tt-ihp-int8-npu/src/npu_host_if.sv:163$1563.o[3:0]$1575
    23/42: $1\payload_len$func$/home/danieltyukov/workspace/personal/tt-ihp-int8-npu/src/npu_host_if.sv:163$1563.$result[7:0]$1574
    24/42: $0\err_set[0:0]
    25/42: $0\soft_rst[0:0]
    26/42: $0\clr_flags[0:0]
    27/42: $0\run[0:0]
    28/42: $0\wr_cfg[0:0]
    29/42: $0\wr_post[0:0]
    30/42: $0\wr_quant[0:0]
    31/42: $0\wr_bias[0:0]
    32/42: $0\wr_act[0:0]
    33/42: $0\wr_w[0:0]
    34/42: $0\pcount[7:0]
    35/42: $0\op[3:0]
    36/42: $0\err_code[1:0]
    37/42: $0\run_req[0:0]
    38/42: $0\run_acc[0:0]
    39/42: $0\byte_out[7:0]
    40/42: $0\rd_ptr[5:0]
    41/42: $0\rd_src[1:0]
    42/42: $0\post_idx[1:0]
Creating decoders for process `$paramod$9762f17314fc00bcc8483d811536c717be533d3b\npu_requant.$proc$/home/danieltyukov/workspace/personal/tt-ihp-int8-npu/src/npu_requant.sv:137$1540'.
     1/9: $0\done[0:0]
     2/9: $0\sbit[0:0]
     3/9: $0\rbit[0:0]
     4/9: $0\shcnt[5:0]
     5/9: $0\digcnt[3:0]
     6/9: $0\pr[44:0]
     7/9: $0\sat_out[0:0]
     8/9: $0\q_out[7:0]
     9/9: $0\state[1:0]
Creating decoders for process `$paramod$fe8226299f5a41f1e0116e576e090f9c40bfb9e0\npu_core.$proc$/home/danieltyukov/workspace/personal/tt-ihp-int8-npu/src/npu_core.sv:396$1335'.
     1/1: $0\g_res[15].q[7:0]
Creating decoders for process `$paramod$fe8226299f5a41f1e0116e576e090f9c40bfb9e0\npu_core.$proc$/home/danieltyukov/workspace/personal/tt-ihp-int8-npu/src/npu_core.sv:396$1327'.
     1/1: $0\g_res[14].q[7:0]
Creating decoders for process `$paramod$fe8226299f5a41f1e0116e576e090f9c40bfb9e0\npu_core.$proc$/home/danieltyukov/workspace/personal/tt-ihp-int8-npu/src/npu_core.sv:396$1319'.
     1/1: $0\g_res[13].q[7:0]
Creating decoders for process `$paramod$fe8226299f5a41f1e0116e576e090f9c40bfb9e0\npu_core.$proc$/home/danieltyukov/workspace/personal/tt-ihp-int8-npu/src/npu_core.sv:396$1311'.
     1/1: $0\g_res[12].q[7:0]
Creating decoders for process `$paramod$fe8226299f5a41f1e0116e576e090f9c40bfb9e0\npu_core.$proc$/home/danieltyukov/workspace/personal/tt-ihp-int8-npu/src/npu_core.sv:396$1303'.
     1/1: $0\g_res[11].q[7:0]
Creating decoders for process `$paramod$fe8226299f5a41f1e0116e576e090f9c40bfb9e0\npu_core.$proc$/home/danieltyukov/workspace/personal/tt-ihp-int8-npu/src/npu_core.sv:396$1295'.
     1/1: $0\g_res[10].q[7:0]
Creating decoders for process `$paramod$fe8226299f5a41f1e0116e576e090f9c40bfb9e0\npu_core.$proc$/home/danieltyukov/workspace/personal/tt-ihp-int8-npu/src/npu_core.sv:396$1287'.
     1/1: $0\g_res[9].q[7:0]
Creating decoders for process `$paramod$fe8226299f5a41f1e0116e576e090f9c40bfb9e0\npu_core.$proc$/home/danieltyukov/workspace/personal/tt-ihp-int8-npu/src/npu_core.sv:396$1279'.
     1/1: $0\g_res[8].q[7:0]
Creating decoders for process `$paramod$fe8226299f5a41f1e0116e576e090f9c40bfb9e0\npu_core.$proc$/home/danieltyukov/workspace/personal/tt-ihp-int8-npu/src/npu_core.sv:396$1271'.
     1/1: $0\g_res[7].q[7:0]
Creating decoders for process `$paramod$fe8226299f5a41f1e0116e576e090f9c40bfb9e0\npu_core.$proc$/home/danieltyukov/workspace/personal/tt-ihp-int8-npu/src/npu_core.sv:396$1263'.
     1/1: $0\g_res[6].q[7:0]
Creating decoders for process `$paramod$fe8226299f5a41f1e0116e576e090f9c40bfb9e0\npu_core.$proc$/home/danieltyukov/workspace/personal/tt-ihp-int8-npu/src/npu_core.sv:396$1255'.
     1/1: $0\g_res[5].q[7:0]
Creating decoders for process `$paramod$fe8226299f5a41f1e0116e576e090f9c40bfb9e0\npu_core.$proc$/home/danieltyukov/workspace/personal/tt-ihp-int8-npu/src/npu_core.sv:396$1247'.
     1/1: $0\g_res[4].q[7:0]
Creating decoders for process `$paramod$fe8226299f5a41f1e0116e576e090f9c40bfb9e0\npu_core.$proc$/home/danieltyukov/workspace/personal/tt-ihp-int8-npu/src/npu_core.sv:396$1239'.
     1/1: $0\g_res[3].q[7:0]
Creating decoders for process `$paramod$fe8226299f5a41f1e0116e576e090f9c40bfb9e0\npu_core.$proc$/home/danieltyukov/workspace/personal/tt-ihp-int8-npu/src/npu_core.sv:396$1231'.
     1/1: $0\g_res[2].q[7:0]
Creating decoders for process `$paramod$fe8226299f5a41f1e0116e576e090f9c40bfb9e0\npu_core.$proc$/home/danieltyukov/workspace/personal/tt-ihp-int8-npu/src/npu_core.sv:396$1223'.
     1/1: $0\g_res[1].q[7:0]
Creating decoders for process `$paramod$fe8226299f5a41f1e0116e576e090f9c40bfb9e0\npu_core.$proc$/home/danieltyukov/workspace/personal/tt-ihp-int8-npu/src/npu_core.sv:396$1215'.
     1/1: $0\g_res[0].q[7:0]
Creating decoders for process `$paramod$fe8226299f5a41f1e0116e576e090f9c40bfb9e0\npu_core.$proc$/home/danieltyukov/workspace/personal/tt-ihp-int8-npu/src/npu_core.sv:330$1206'.
     1/1: $0\g_bank[3].g_ent[3].q[23:0]
Creating decoders for process `$paramod$fe8226299f5a41f1e0116e576e090f9c40bfb9e0\npu_core.$proc$/home/danieltyukov/workspace/personal/tt-ihp-int8-npu/src/npu_core.sv:330$1200'.
     1/1: $0\g_bank[3].g_ent[2].q[23:0]
Creating decoders for process `$paramod$fe8226299f5a41f1e0116e576e090f9c40bfb9e0\npu_core.$proc$/home/danieltyukov/workspace/personal/tt-ihp-int8-npu/src/npu_core.sv:330$1194'.
     1/1: $0\g_bank[3].g_ent[1].q[23:0]
Creating decoders for process `$paramod$fe8226299f5a41f1e0116e576e090f9c40bfb9e0\npu_core.$proc$/home/danieltyukov/workspace/personal/tt-ihp-int8-npu/src/npu_core.sv:330$1188'.
     1/1: $0\g_bank[3].g_ent[0].q[23:0]
Creating decoders for process `$paramod$fe8226299f5a41f1e0116e576e090f9c40bfb9e0\npu_core.$proc$/home/danieltyukov/workspace/personal/tt-ihp-int8-npu/src/npu_core.sv:330$1171'.
     1/1: $0\g_bank[2].g_ent[3].q[23:0]
Creating decoders for process `$paramod$fe8226299f5a41f1e0116e576e090f9c40bfb9e0\npu_core.$proc$/home/danieltyukov/workspace/personal/tt-ihp-int8-npu/src/npu_core.sv:330$1165'.
     1/1: $0\g_bank[2].g_ent[2].q[23:0]
Creating decoders for process `$paramod$fe8226299f5a41f1e0116e576e090f9c40bfb9e0\npu_core.$proc$/home/danieltyukov/workspace/personal/tt-ihp-int8-npu/src/npu_core.sv:330$1159'.
     1/1: $0\g_bank[2].g_ent[1].q[23:0]
Creating decoders for process `$paramod$fe8226299f5a41f1e0116e576e090f9c40bfb9e0\npu_core.$proc$/home/danieltyukov/workspace/personal/tt-ihp-int8-npu/src/npu_core.sv:330$1153'.
     1/1: $0\g_bank[2].g_ent[0].q[23:0]
Creating decoders for process `$paramod$fe8226299f5a41f1e0116e576e090f9c40bfb9e0\npu_core.$proc$/home/danieltyukov/workspace/personal/tt-ihp-int8-npu/src/npu_core.sv:330$1136'.
     1/1: $0\g_bank[1].g_ent[3].q[23:0]
Creating decoders for process `$paramod$fe8226299f5a41f1e0116e576e090f9c40bfb9e0\npu_core.$proc$/home/danieltyukov/workspace/personal/tt-ihp-int8-npu/src/npu_core.sv:330$1130'.
     1/1: $0\g_bank[1].g_ent[2].q[23:0]
Creating decoders for process `$paramod$fe8226299f5a41f1e0116e576e090f9c40bfb9e0\npu_core.$proc$/home/danieltyukov/workspace/personal/tt-ihp-int8-npu/src/npu_core.sv:330$1124'.
     1/1: $0\g_bank[1].g_ent[1].q[23:0]
Creating decoders for process `$paramod$fe8226299f5a41f1e0116e576e090f9c40bfb9e0\npu_core.$proc$/home/danieltyukov/workspace/personal/tt-ihp-int8-npu/src/npu_core.sv:330$1118'.
     1/1: $0\g_bank[1].g_ent[0].q[23:0]
Creating decoders for process `$paramod$fe8226299f5a41f1e0116e576e090f9c40bfb9e0\npu_core.$proc$/home/danieltyukov/workspace/personal/tt-ihp-int8-npu/src/npu_core.sv:330$1101'.
     1/1: $0\g_bank[0].g_ent[3].q[23:0]
Creating decoders for process `$paramod$fe8226299f5a41f1e0116e576e090f9c40bfb9e0\npu_core.$proc$/home/danieltyukov/workspace/personal/tt-ihp-int8-npu/src/npu_core.sv:330$1095'.
     1/1: $0\g_bank[0].g_ent[2].q[23:0]
Creating decoders for process `$paramod$fe8226299f5a41f1e0116e576e090f9c40bfb9e0\npu_core.$proc$/home/danieltyukov/workspace/personal/tt-ihp-int8-npu/src/npu_core.sv:330$1089'.
     1/1: $0\g_bank[0].g_ent[1].q[23:0]
Creating decoders for process `$paramod$fe8226299f5a41f1e0116e576e090f9c40bfb9e0\npu_core.$proc$/home/danieltyukov/workspace/personal/tt-ihp-int8-npu/src/npu_core.sv:330$1083'.
     1/1: $0\g_bank[0].g_ent[0].q[23:0]
Creating decoders for process `$paramod$fe8226299f5a41f1e0116e576e090f9c40bfb9e0\npu_core.$proc$/home/danieltyukov/workspace/personal/tt-ihp-int8-npu/src/npu_core.sv:0$1010'.
     1/1: $1\rb[7:0]
Creating decoders for process `$paramod$fe8226299f5a41f1e0116e576e090f9c40bfb9e0\npu_core.$proc$/home/danieltyukov/workspace/personal/tt-ihp-int8-npu/src/npu_core.sv:0$1009'.
     1/1: $1\id_byte[7:0]
Creating decoders for process `$paramod$fe8226299f5a41f1e0116e576e090f9c40bfb9e0\npu_core.$proc$/home/danieltyukov/workspace/personal/tt-ihp-int8-npu/src/npu_core.sv:415$993'.
     1/12: $0\req_start[0:0]
     2/12: $0\err_code_reg[1:0]
     3/12: $0\ovf_reg[0:0]
     4/12: $0\sat_reg[0:0]
     5/12: $0\err_reg[0:0]
     6/12: $0\done_reg[0:0]
     7/12: $0\req_c[1:0]
     8/12: $0\req_s[1:0]
     9/12: $0\do_req[0:0]
    10/12: $0\acc_first[0:0]
    11/12: $0\cyc[3:0]
    12/12: $0\state[1:0]
Creating decoders for process `$paramod$fe8226299f5a41f1e0116e576e090f9c40bfb9e0\npu_core.$proc$/home/danieltyukov/workspace/personal/tt-ihp-int8-npu/src/npu_core.sv:263$971'.
     1/3: $0\ipipe[15:0]
     2/3: $0\vpipe[7:0]
     3/3: $0\inj_idx[1:0]
Creating decoders for process `$paramod$fe8226299f5a41f1e0116e576e090f9c40bfb9e0\npu_core.$proc$/home/danieltyukov/workspace/personal/tt-ihp-int8-npu/src/npu_core.sv:173$966'.
     1/9: $0\s_cnt_m1[1:0]
     2/9: $0\leaky_k_reg[2:0]
     3/9: $0\act_sel_reg[1:0]
     4/9: $0\clamp_hi_reg[7:0]
     5/9: $0\clamp_lo_reg[7:0]
     6/9: $0\zp_reg[7:0]
     7/9: $0\quant_buf[95:0]
     8/9: $0\bias_buf[95:0]
     9/9: $0\act_buf[127:0]

16.2.8. Executing PROC_DLATCH pass (convert process syncs to latches).
No latch inferred for signal `$paramod$fe8226299f5a41f1e0116e576e090f9c40bfb9e0\npu_core.\rb' from process `$paramod$fe8226299f5a41f1e0116e576e090f9c40bfb9e0\npu_core.$proc$/home/danieltyukov/workspace/personal/tt-ihp-int8-npu/src/npu_core.sv:0$1010'.
No latch inferred for signal `$paramod$fe8226299f5a41f1e0116e576e090f9c40bfb9e0\npu_core.\id_byte' from process `$paramod$fe8226299f5a41f1e0116e576e090f9c40bfb9e0\npu_core.$proc$/home/danieltyukov/workspace/personal/tt-ihp-int8-npu/src/npu_core.sv:0$1009'.

16.2.9. Executing PROC_DFF pass (convert process syncs to FFs).
Creating register for signal `$paramod$67ba8969b455a9921a0ce9d05bfcb7563f4a488b\npu_pe.\w_reg' using process `$paramod$67ba8969b455a9921a0ce9d05bfcb7563f4a488b\npu_pe.$proc$/home/danieltyukov/workspace/personal/tt-ihp-int8-npu/src/npu_pe.sv:84$1802'.
  created $adff cell `$procdff$2925' with positive edge clock and negative level reset.
Creating register for signal `$paramod$67ba8969b455a9921a0ce9d05bfcb7563f4a488b\npu_pe.\a_reg' using process `$paramod$67ba8969b455a9921a0ce9d05bfcb7563f4a488b\npu_pe.$proc$/home/danieltyukov/workspace/personal/tt-ihp-int8-npu/src/npu_pe.sv:84$1802'.
  created $adff cell `$procdff$2926' with positive edge clock and negative level reset.
Creating register for signal `$paramod$67ba8969b455a9921a0ce9d05bfcb7563f4a488b\npu_pe.\psum_reg' using process `$paramod$67ba8969b455a9921a0ce9d05bfcb7563f4a488b\npu_pe.$proc$/home/danieltyukov/workspace/personal/tt-ihp-int8-npu/src/npu_pe.sv:84$1802'.
  created $adff cell `$procdff$2927' with positive edge clock and negative level reset.
Creating register for signal `$paramod$f223a146899e681a4c1a812a009d945bcec8667b\npu_host_if.\wr_w' using process `$paramod$f223a146899e681a4c1a812a009d945bcec8667b\npu_host_if.$proc$/home/danieltyukov/workspace/personal/tt-ihp-int8-npu/src/npu_host_if.sv:123$1566'.
  created $adff cell `$procdff$2928' with positive edge clock and negative level reset.
Creating register for signal `$paramod$f223a146899e681a4c1a812a009d945bcec8667b\npu_host_if.\wr_act' using process `$paramod$f223a146899e681a4c1a812a009d945bcec8667b\npu_host_if.$proc$/home/danieltyukov/workspace/personal/tt-ihp-int8-npu/src/npu_host_if.sv:123$1566'.
  created $adff cell `$procdff$2929' with positive edge clock and negative level reset.
Creating register for signal `$paramod$f223a146899e681a4c1a812a009d945bcec8667b\npu_host_if.\wr_bias' using process `$paramod$f223a146899e681a4c1a812a009d945bcec8667b\npu_host_if.$proc$/home/danieltyukov/workspace/personal/tt-ihp-int8-npu/src/npu_host_if.sv:123$1566'.
  created $adff cell `$procdff$2930' with positive edge clock and negative level reset.
Creating register for signal `$paramod$f223a146899e681a4c1a812a009d945bcec8667b\npu_host_if.\wr_quant' using process `$paramod$f223a146899e681a4c1a812a009d945bcec8667b\npu_host_if.$proc$/home/danieltyukov/workspace/personal/tt-ihp-int8-npu/src/npu_host_if.sv:123$1566'.
  created $adff cell `$procdff$2931' with positive edge clock and negative level reset.
Creating register for signal `$paramod$f223a146899e681a4c1a812a009d945bcec8667b\npu_host_if.\wr_post' using process `$paramod$f223a146899e681a4c1a812a009d945bcec8667b\npu_host_if.$proc$/home/danieltyukov/workspace/personal/tt-ihp-int8-npu/src/npu_host_if.sv:123$1566'.
  created $adff cell `$procdff$2932' with positive edge clock and negative level reset.
Creating register for signal `$paramod$f223a146899e681a4c1a812a009d945bcec8667b\npu_host_if.\wr_cfg' using process `$paramod$f223a146899e681a4c1a812a009d945bcec8667b\npu_host_if.$proc$/home/danieltyukov/workspace/personal/tt-ihp-int8-npu/src/npu_host_if.sv:123$1566'.
  created $adff cell `$procdff$2933' with positive edge clock and negative level reset.
Creating register for signal `$paramod$f223a146899e681a4c1a812a009d945bcec8667b\npu_host_if.\post_idx' using process `$paramod$f223a146899e681a4c1a812a009d945bcec8667b\npu_host_if.$proc$/home/danieltyukov/workspace/personal/tt-ihp-int8-npu/src/npu_host_if.sv:123$1566'.
  created $adff cell `$procdff$2934' with positive edge clock and negative level reset.
Creating register for signal `$paramod$f223a146899e681a4c1a812a009d945bcec8667b\npu_host_if.\clr_flags' using process `$paramod$f223a146899e681a4c1a812a009d945bcec8667b\npu_host_if.$proc$/home/danieltyukov/workspace/personal/tt-ihp-int8-npu/src/npu_host_if.sv:123$1566'.
  created $adff cell `$procdff$2935' with positive edge clock and negative level reset.
Creating register for signal `$paramod$f223a146899e681a4c1a812a009d945bcec8667b\npu_host_if.\soft_rst' using process `$paramod$f223a146899e681a4c1a812a009d945bcec8667b\npu_host_if.$proc$/home/danieltyukov/workspace/personal/tt-ihp-int8-npu/src/npu_host_if.sv:123$1566'.
  created $adff cell `$procdff$2936' with positive edge clock and negative level reset.
Creating register for signal `$paramod$f223a146899e681a4c1a812a009d945bcec8667b\npu_host_if.\rd_src' using process `$paramod$f223a146899e681a4c1a812a009d945bcec8667b\npu_host_if.$proc$/home/danieltyukov/workspace/personal/tt-ihp-int8-npu/src/npu_host_if.sv:123$1566'.
  created $adff cell `$procdff$2937' with positive edge clock and negative level reset.
Creating register for signal `$paramod$f223a146899e681a4c1a812a009d945bcec8667b\npu_host_if.\rd_ptr' using process `$paramod$f223a146899e681a4c1a812a009d945bcec8667b\npu_host_if.$proc$/home/danieltyukov/workspace/personal/tt-ihp-int8-npu/src/npu_host_if.sv:123$1566'.
  created $adff cell `$procdff$2938' with positive edge clock and negative level reset.
Creating register for signal `$paramod$f223a146899e681a4c1a812a009d945bcec8667b\npu_host_if.\err_set' using process `$paramod$f223a146899e681a4c1a812a009d945bcec8667b\npu_host_if.$proc$/home/danieltyukov/workspace/personal/tt-ihp-int8-npu/src/npu_host_if.sv:123$1566'.
  created $adff cell `$procdff$2939' with positive edge clock and negative level reset.
Creating register for signal `$paramod$f223a146899e681a4c1a812a009d945bcec8667b\npu_host_if.\byte_out' using process `$paramod$f223a146899e681a4c1a812a009d945bcec8667b\npu_host_if.$proc$/home/danieltyukov/workspace/personal/tt-ihp-int8-npu/src/npu_host_if.sv:123$1566'.
  created $adff cell `$procdff$2940' with positive edge clock and negative level reset.
Creating register for signal `$paramod$f223a146899e681a4c1a812a009d945bcec8667b\npu_host_if.\run' using process `$paramod$f223a146899e681a4c1a812a009d945bcec8667b\npu_host_if.$proc$/home/danieltyukov/workspace/personal/tt-ihp-int8-npu/src/npu_host_if.sv:123$1566'.
  created $adff cell `$procdff$2941' with positive edge clock and negative level reset.
Creating register for signal `$paramod$f223a146899e681a4c1a812a009d945bcec8667b\npu_host_if.\run_acc' using process `$paramod$f223a146899e681a4c1a812a009d945bcec8667b\npu_host_if.$proc$/home/danieltyukov/workspace/personal/tt-ihp-int8-npu/src/npu_host_if.sv:123$1566'.
  created $adff cell `$procdff$2942' with positive edge clock and negative level reset.
Creating register for signal `$paramod$f223a146899e681a4c1a812a009d945bcec8667b\npu_host_if.\run_req' using process `$paramod$f223a146899e681a4c1a812a009d945bcec8667b\npu_host_if.$proc$/home/danieltyukov/workspace/personal/tt-ihp-int8-npu/src/npu_host_if.sv:123$1566'.
  created $adff cell `$procdff$2943' with positive edge clock and negative level reset.
Creating register for signal `$paramod$f223a146899e681a4c1a812a009d945bcec8667b\npu_host_if.\err_code' using process `$paramod$f223a146899e681a4c1a812a009d945bcec8667b\npu_host_if.$proc$/home/danieltyukov/workspace/personal/tt-ihp-int8-npu/src/npu_host_if.sv:123$1566'.
  created $adff cell `$procdff$2944' with positive edge clock and negative level reset.
Creating register for signal `$paramod$f223a146899e681a4c1a812a009d945bcec8667b\npu_host_if.\op' using process `$paramod$f223a146899e681a4c1a812a009d945bcec8667b\npu_host_if.$proc$/home/danieltyukov/workspace/personal/tt-ihp-int8-npu/src/npu_host_if.sv:123$1566'.
  created $adff cell `$procdff$2945' with positive edge clock and negative level reset.
Creating register for signal `$paramod$f223a146899e681a4c1a812a009d945bcec8667b\npu_host_if.\pcount' using process `$paramod$f223a146899e681a4c1a812a009d945bcec8667b\npu_host_if.$proc$/home/danieltyukov/workspace/personal/tt-ihp-int8-npu/src/npu_host_if.sv:123$1566'.
  created $adff cell `$procdff$2946' with positive edge clock and negative level reset.
Creating register for signal `$paramod$f223a146899e681a4c1a812a009d945bcec8667b\npu_host_if.\payload_len$func$/home/danieltyukov/workspace/personal/tt-ihp-int8-npu/src/npu_host_if.sv:163$1563.$result' using process `$paramod$f223a146899e681a4c1a812a009d945bcec8667b\npu_host_if.$proc$/home/danieltyukov/workspace/personal/tt-ihp-int8-npu/src/npu_host_if.sv:123$1566'.
  created $adff cell `$procdff$2947' with positive edge clock and negative level reset.
Creating register for signal `$paramod$f223a146899e681a4c1a812a009d945bcec8667b\npu_host_if.\payload_len$func$/home/danieltyukov/workspace/personal/tt-ihp-int8-npu/src/npu_host_if.sv:163$1563.o' using process `$paramod$f223a146899e681a4c1a812a009d945bcec8667b\npu_host_if.$proc$/home/danieltyukov/workspace/personal/tt-ihp-int8-npu/src/npu_host_if.sv:123$1566'.
  created $adff cell `$procdff$2948' with positive edge clock and negative level reset.
Creating register for signal `$paramod$f223a146899e681a4c1a812a009d945bcec8667b\npu_host_if.\known_op$func$/home/danieltyukov/workspace/personal/tt-ihp-int8-npu/src/npu_host_if.sv:167$1564.$result' using process `$paramod$f223a146899e681a4c1a812a009d945bcec8667b\npu_host_if.$proc$/home/danieltyukov/workspace/personal/tt-ihp-int8-npu/src/npu_host_if.sv:123$1566'.
  created $adff cell `$procdff$2949' with positive edge clock and negative level reset.
Creating register for signal `$paramod$f223a146899e681a4c1a812a009d945bcec8667b\npu_host_if.\known_op$func$/home/danieltyukov/workspace/personal/tt-ihp-int8-npu/src/npu_host_if.sv:167$1564.o' using process `$paramod$f223a146899e681a4c1a812a009d945bcec8667b\npu_host_if.$proc$/home/danieltyukov/workspace/personal/tt-ihp-int8-npu/src/npu_host_if.sv:123$1566'.
  created $adff cell `$procdff$2950' with positive edge clock and negative level reset.
Creating register for signal `$paramod$f223a146899e681a4c1a812a009d945bcec8667b\npu_host_if.\payload_len$func$/home/danieltyukov/workspace/personal/tt-ihp-int8-npu/src/npu_host_if.sv:193$1565.$result' using process `$paramod$f223a146899e681a4c1a812a009d945bcec8667b\npu_host_if.$proc$/home/danieltyukov/workspace/personal/tt-ihp-int8-npu/src/npu_host_if.sv:123$1566'.
  created $adff cell `$procdff$2951' with positive edge clock and negative level reset.
Creating register for signal `$paramod$f223a146899e681a4c1a812a009d945bcec8667b\npu_host_if.\payload_len$func$/home/danieltyukov/workspace/personal/tt-ihp-int8-npu/src/npu_host_if.sv:193$1565.o' using process `$paramod$f223a146899e681a4c1a812a009d945bcec8667b\npu_host_if.$proc$/home/danieltyukov/workspace/personal/tt-ihp-int8-npu/src/npu_host_if.sv:123$1566'.
  created $adff cell `$procdff$2952' with positive edge clock and negative level reset.
Creating register for signal `$paramod$9762f17314fc00bcc8483d811536c717be533d3b\npu_requant.\done' using process `$paramod$9762f17314fc00bcc8483d811536c717be533d3b\npu_requant.$proc$/home/danieltyukov/workspace/personal/tt-ihp-int8-npu/src/npu_requant.sv:137$1540'.
  created $adff cell `$procdff$2953' with positive edge clock and negative level reset.
Creating register for signal `$paramod$9762f17314fc00bcc8483d811536c717be533d3b\npu_requant.\state' using process `$paramod$9762f17314fc00bcc8483d811536c717be533d3b\npu_requant.$proc$/home/danieltyukov/workspace/personal/tt-ihp-int8-npu/src/npu_requant.sv:137$1540'.
  created $adff cell `$procdff$2954' with positive edge clock and negative level reset.
Creating register for signal `$paramod$9762f17314fc00bcc8483d811536c717be533d3b\npu_requant.\q_out' using process `$paramod$9762f17314fc00bcc8483d811536c717be533d3b\npu_requant.$proc$/home/danieltyukov/workspace/personal/tt-ihp-int8-npu/src/npu_requant.sv:137$1540'.
  created $adff cell `$procdff$2955' with positive edge clock and negative level reset.
Creating register for signal `$paramod$9762f17314fc00bcc8483d811536c717be533d3b\npu_requant.\sat_out' using process `$paramod$9762f17314fc00bcc8483d811536c717be533d3b\npu_requant.$proc$/home/danieltyukov/workspace/personal/tt-ihp-int8-npu/src/npu_requant.sv:137$1540'.
  created $adff cell `$procdff$2956' with positive edge clock and negative level reset.
Creating register for signal `$paramod$9762f17314fc00bcc8483d811536c717be533d3b\npu_requant.\pr' using process `$paramod$9762f17314fc00bcc8483d811536c717be533d3b\npu_requant.$proc$/home/danieltyukov/workspace/personal/tt-ihp-int8-npu/src/npu_requant.sv:137$1540'.
  created $adff cell `$procdff$2957' with positive edge clock and negative level reset.
Creating register for signal `$paramod$9762f17314fc00bcc8483d811536c717be533d3b\npu_requant.\digcnt' using process `$paramod$9762f17314fc00bcc8483d811536c717be533d3b\npu_requant.$proc$/home/danieltyukov/workspace/personal/tt-ihp-int8-npu/src/npu_requant.sv:137$1540'.
  created $adff cell `$procdff$2958' with positive edge clock and negative level reset.
Creating register for signal `$paramod$9762f17314fc00bcc8483d811536c717be533d3b\npu_requant.\shcnt' using process `$paramod$9762f17314fc00bcc8483d811536c717be533d3b\npu_requant.$proc$/home/danieltyukov/workspace/personal/tt-ihp-int8-npu/src/npu_requant.sv:137$1540'.
  created $adff cell `$procdff$2959' with positive edge clock and negative level reset.
Creating register for signal `$paramod$9762f17314fc00bcc8483d811536c717be533d3b\npu_requant.\rbit' using process `$paramod$9762f17314fc00bcc8483d811536c717be533d3b\npu_requant.$proc$/home/danieltyukov/workspace/personal/tt-ihp-int8-npu/src/npu_requant.sv:137$1540'.
  created $adff cell `$procdff$2960' with positive edge clock and negative level reset.
Creating register for signal `$paramod$9762f17314fc00bcc8483d811536c717be533d3b\npu_requant.\sbit' using process `$paramod$9762f17314fc00bcc8483d811536c717be533d3b\npu_requant.$proc$/home/danieltyukov/workspace/personal/tt-ihp-int8-npu/src/npu_requant.sv:137$1540'.
  created $adff cell `$procdff$2961' with positive edge clock and negative level reset.
Creating register for signal `$paramod$fe8226299f5a41f1e0116e576e090f9c40bfb9e0\npu_core.\g_res[15].q' using process `$paramod$fe8226299f5a41f1e0116e576e090f9c40bfb9e0\npu_core.$proc$/home/danieltyukov/workspace/personal/tt-ihp-int8-npu/src/npu_core.sv:396$1335'.
  created $adff cell `$procdff$2962' with positive edge clock and negative level reset.
Creating register for signal `$paramod$fe8226299f5a41f1e0116e576e090f9c40bfb9e0\npu_core.\g_res[14].q' using process `$paramod$fe8226299f5a41f1e0116e576e090f9c40bfb9e0\npu_core.$proc$/home/danieltyukov/workspace/personal/tt-ihp-int8-npu/src/npu_core.sv:396$1327'.
  created $adff cell `$procdff$2963' with positive edge clock and negative level reset.
Creating register for signal `$paramod$fe8226299f5a41f1e0116e576e090f9c40bfb9e0\npu_core.\g_res[13].q' using process `$paramod$fe8226299f5a41f1e0116e576e090f9c40bfb9e0\npu_core.$proc$/home/danieltyukov/workspace/personal/tt-ihp-int8-npu/src/npu_core.sv:396$1319'.
  created $adff cell `$procdff$2964' with positive edge clock and negative level reset.
Creating register for signal `$paramod$fe8226299f5a41f1e0116e576e090f9c40bfb9e0\npu_core.\g_res[12].q' using process `$paramod$fe8226299f5a41f1e0116e576e090f9c40bfb9e0\npu_core.$proc$/home/danieltyukov/workspace/personal/tt-ihp-int8-npu/src/npu_core.sv:396$1311'.
  created $adff cell `$procdff$2965' with positive edge clock and negative level reset.
Creating register for signal `$paramod$fe8226299f5a41f1e0116e576e090f9c40bfb9e0\npu_core.\g_res[11].q' using process `$paramod$fe8226299f5a41f1e0116e576e090f9c40bfb9e0\npu_core.$proc$/home/danieltyukov/workspace/personal/tt-ihp-int8-npu/src/npu_core.sv:396$1303'.
  created $adff cell `$procdff$2966' with positive edge clock and negative level reset.
Creating register for signal `$paramod$fe8226299f5a41f1e0116e576e090f9c40bfb9e0\npu_core.\g_res[10].q' using process `$paramod$fe8226299f5a41f1e0116e576e090f9c40bfb9e0\npu_core.$proc$/home/danieltyukov/workspace/personal/tt-ihp-int8-npu/src/npu_core.sv:396$1295'.
  created $adff cell `$procdff$2967' with positive edge clock and negative level reset.
Creating register for signal `$paramod$fe8226299f5a41f1e0116e576e090f9c40bfb9e0\npu_core.\g_res[9].q' using process `$paramod$fe8226299f5a41f1e0116e576e090f9c40bfb9e0\npu_core.$proc$/home/danieltyukov/workspace/personal/tt-ihp-int8-npu/src/npu_core.sv:396$1287'.
  created $adff cell `$procdff$2968' with positive edge clock and negative level reset.
Creating register for signal `$paramod$fe8226299f5a41f1e0116e576e090f9c40bfb9e0\npu_core.\g_res[8].q' using process `$paramod$fe8226299f5a41f1e0116e576e090f9c40bfb9e0\npu_core.$proc$/home/danieltyukov/workspace/personal/tt-ihp-int8-npu/src/npu_core.sv:396$1279'.
  created $adff cell `$procdff$2969' with positive edge clock and negative level reset.
Creating register for signal `$paramod$fe8226299f5a41f1e0116e576e090f9c40bfb9e0\npu_core.\g_res[7].q' using process `$paramod$fe8226299f5a41f1e0116e576e090f9c40bfb9e0\npu_core.$proc$/home/danieltyukov/workspace/personal/tt-ihp-int8-npu/src/npu_core.sv:396$1271'.
  created $adff cell `$procdff$2970' with positive edge clock and negative level reset.
Creating register for signal `$paramod$fe8226299f5a41f1e0116e576e090f9c40bfb9e0\npu_core.\g_res[6].q' using process `$paramod$fe8226299f5a41f1e0116e576e090f9c40bfb9e0\npu_core.$proc$/home/danieltyukov/workspace/personal/tt-ihp-int8-npu/src/npu_core.sv:396$1263'.
  created $adff cell `$procdff$2971' with positive edge clock and negative level reset.
Creating register for signal `$paramod$fe8226299f5a41f1e0116e576e090f9c40bfb9e0\npu_core.\g_res[5].q' using process `$paramod$fe8226299f5a41f1e0116e576e090f9c40bfb9e0\npu_core.$proc$/home/danieltyukov/workspace/personal/tt-ihp-int8-npu/src/npu_core.sv:396$1255'.
  created $adff cell `$procdff$2972' with positive edge clock and negative level reset.
Creating register for signal `$paramod$fe8226299f5a41f1e0116e576e090f9c40bfb9e0\npu_core.\g_res[4].q' using process `$paramod$fe8226299f5a41f1e0116e576e090f9c40bfb9e0\npu_core.$proc$/home/danieltyukov/workspace/personal/tt-ihp-int8-npu/src/npu_core.sv:396$1247'.
  created $adff cell `$procdff$2973' with positive edge clock and negative level reset.
Creating register for signal `$paramod$fe8226299f5a41f1e0116e576e090f9c40bfb9e0\npu_core.\g_res[3].q' using process `$paramod$fe8226299f5a41f1e0116e576e090f9c40bfb9e0\npu_core.$proc$/home/danieltyukov/workspace/personal/tt-ihp-int8-npu/src/npu_core.sv:396$1239'.
  created $adff cell `$procdff$2974' with positive edge clock and negative level reset.
Creating register for signal `$paramod$fe8226299f5a41f1e0116e576e090f9c40bfb9e0\npu_core.\g_res[2].q' using process `$paramod$fe8226299f5a41f1e0116e576e090f9c40bfb9e0\npu_core.$proc$/home/danieltyukov/workspace/personal/tt-ihp-int8-npu/src/npu_core.sv:396$1231'.
  created $adff cell `$procdff$2975' with positive edge clock and negative level reset.
Creating register for signal `$paramod$fe8226299f5a41f1e0116e576e090f9c40bfb9e0\npu_core.\g_res[1].q' using process `$paramod$fe8226299f5a41f1e0116e576e090f9c40bfb9e0\npu_core.$proc$/home/danieltyukov/workspace/personal/tt-ihp-int8-npu/src/npu_core.sv:396$1223'.
  created $adff cell `$procdff$2976' with positive edge clock and negative level reset.
Creating register for signal `$paramod$fe8226299f5a41f1e0116e576e090f9c40bfb9e0\npu_core.\g_res[0].q' using process `$paramod$fe8226299f5a41f1e0116e576e090f9c40bfb9e0\npu_core.$proc$/home/danieltyukov/workspace/personal/tt-ihp-int8-npu/src/npu_core.sv:396$1215'.
  created $adff cell `$procdff$2977' with positive edge clock and negative level reset.
Creating register for signal `$paramod$fe8226299f5a41f1e0116e576e090f9c40bfb9e0\npu_core.\g_bank[3].g_ent[3].q' using process `$paramod$fe8226299f5a41f1e0116e576e090f9c40bfb9e0\npu_core.$proc$/home/danieltyukov/workspace/personal/tt-ihp-int8-npu/src/npu_core.sv:330$1206'.
  created $adff cell `$procdff$2978' with positive edge clock and negative level reset.
Creating register for signal `$paramod$fe8226299f5a41f1e0116e576e090f9c40bfb9e0\npu_core.\g_bank[3].g_ent[2].q' using process `$paramod$fe8226299f5a41f1e0116e576e090f9c40bfb9e0\npu_core.$proc$/home/danieltyukov/workspace/personal/tt-ihp-int8-npu/src/npu_core.sv:330$1200'.
  created $adff cell `$procdff$2979' with positive edge clock and negative level reset.
Creating register for signal `$paramod$fe8226299f5a41f1e0116e576e090f9c40bfb9e0\npu_core.\g_bank[3].g_ent[1].q' using process `$paramod$fe8226299f5a41f1e0116e576e090f9c40bfb9e0\npu_core.$proc$/home/danieltyukov/workspace/personal/tt-ihp-int8-npu/src/npu_core.sv:330$1194'.
  created $adff cell `$procdff$2980' with positive edge clock and negative level reset.
Creating register for signal `$paramod$fe8226299f5a41f1e0116e576e090f9c40bfb9e0\npu_core.\g_bank[3].g_ent[0].q' using process `$paramod$fe8226299f5a41f1e0116e576e090f9c40bfb9e0\npu_core.$proc$/home/danieltyukov/workspace/personal/tt-ihp-int8-npu/src/npu_core.sv:330$1188'.
  created $adff cell `$procdff$2981' with positive edge clock and negative level reset.
Creating register for signal `$paramod$fe8226299f5a41f1e0116e576e090f9c40bfb9e0\npu_core.\g_bank[2].g_ent[3].q' using process `$paramod$fe8226299f5a41f1e0116e576e090f9c40bfb9e0\npu_core.$proc$/home/danieltyukov/workspace/personal/tt-ihp-int8-npu/src/npu_core.sv:330$1171'.
  created $adff cell `$procdff$2982' with positive edge clock and negative level reset.
Creating register for signal `$paramod$fe8226299f5a41f1e0116e576e090f9c40bfb9e0\npu_core.\g_bank[2].g_ent[2].q' using process `$paramod$fe8226299f5a41f1e0116e576e090f9c40bfb9e0\npu_core.$proc$/home/danieltyukov/workspace/personal/tt-ihp-int8-npu/src/npu_core.sv:330$1165'.
  created $adff cell `$procdff$2983' with positive edge clock and negative level reset.
Creating register for signal `$paramod$fe8226299f5a41f1e0116e576e090f9c40bfb9e0\npu_core.\g_bank[2].g_ent[1].q' using process `$paramod$fe8226299f5a41f1e0116e576e090f9c40bfb9e0\npu_core.$proc$/home/danieltyukov/workspace/personal/tt-ihp-int8-npu/src/npu_core.sv:330$1159'.
  created $adff cell `$procdff$2984' with positive edge clock and negative level reset.
Creating register for signal `$paramod$fe8226299f5a41f1e0116e576e090f9c40bfb9e0\npu_core.\g_bank[2].g_ent[0].q' using process `$paramod$fe8226299f5a41f1e0116e576e090f9c40bfb9e0\npu_core.$proc$/home/danieltyukov/workspace/personal/tt-ihp-int8-npu/src/npu_core.sv:330$1153'.
  created $adff cell `$procdff$2985' with positive edge clock and negative level reset.
Creating register for signal `$paramod$fe8226299f5a41f1e0116e576e090f9c40bfb9e0\npu_core.\g_bank[1].g_ent[3].q' using process `$paramod$fe8226299f5a41f1e0116e576e090f9c40bfb9e0\npu_core.$proc$/home/danieltyukov/workspace/personal/tt-ihp-int8-npu/src/npu_core.sv:330$1136'.
  created $adff cell `$procdff$2986' with positive edge clock and negative level reset.
Creating register for signal `$paramod$fe8226299f5a41f1e0116e576e090f9c40bfb9e0\npu_core.\g_bank[1].g_ent[2].q' using process `$paramod$fe8226299f5a41f1e0116e576e090f9c40bfb9e0\npu_core.$proc$/home/danieltyukov/workspace/personal/tt-ihp-int8-npu/src/npu_core.sv:330$1130'.
  created $adff cell `$procdff$2987' with positive edge clock and negative level reset.
Creating register for signal `$paramod$fe8226299f5a41f1e0116e576e090f9c40bfb9e0\npu_core.\g_bank[1].g_ent[1].q' using process `$paramod$fe8226299f5a41f1e0116e576e090f9c40bfb9e0\npu_core.$proc$/home/danieltyukov/workspace/personal/tt-ihp-int8-npu/src/npu_core.sv:330$1124'.
  created $adff cell `$procdff$2988' with positive edge clock and negative level reset.
Creating register for signal `$paramod$fe8226299f5a41f1e0116e576e090f9c40bfb9e0\npu_core.\g_bank[1].g_ent[0].q' using process `$paramod$fe8226299f5a41f1e0116e576e090f9c40bfb9e0\npu_core.$proc$/home/danieltyukov/workspace/personal/tt-ihp-int8-npu/src/npu_core.sv:330$1118'.
  created $adff cell `$procdff$2989' with positive edge clock and negative level reset.
Creating register for signal `$paramod$fe8226299f5a41f1e0116e576e090f9c40bfb9e0\npu_core.\g_bank[0].g_ent[3].q' using process `$paramod$fe8226299f5a41f1e0116e576e090f9c40bfb9e0\npu_core.$proc$/home/danieltyukov/workspace/personal/tt-ihp-int8-npu/src/npu_core.sv:330$1101'.
  created $adff cell `$procdff$2990' with positive edge clock and negative level reset.
Creating register for signal `$paramod$fe8226299f5a41f1e0116e576e090f9c40bfb9e0\npu_core.\g_bank[0].g_ent[2].q' using process `$paramod$fe8226299f5a41f1e0116e576e090f9c40bfb9e0\npu_core.$proc$/home/danieltyukov/workspace/personal/tt-ihp-int8-npu/src/npu_core.sv:330$1095'.
  created $adff cell `$procdff$2991' with positive edge clock and negative level reset.
Creating register for signal `$paramod$fe8226299f5a41f1e0116e576e090f9c40bfb9e0\npu_core.\g_bank[0].g_ent[1].q' using process `$paramod$fe8226299f5a41f1e0116e576e090f9c40bfb9e0\npu_core.$proc$/home/danieltyukov/workspace/personal/tt-ihp-int8-npu/src/npu_core.sv:330$1089'.
  created $adff cell `$procdff$2992' with positive edge clock and negative level reset.
Creating register for signal `$paramod$fe8226299f5a41f1e0116e576e090f9c40bfb9e0\npu_core.\g_bank[0].g_ent[0].q' using process `$paramod$fe8226299f5a41f1e0116e576e090f9c40bfb9e0\npu_core.$proc$/home/danieltyukov/workspace/personal/tt-ihp-int8-npu/src/npu_core.sv:330$1083'.
  created $adff cell `$procdff$2993' with positive edge clock and negative level reset.
Creating register for signal `$paramod$fe8226299f5a41f1e0116e576e090f9c40bfb9e0\npu_core.\state' using process `$paramod$fe8226299f5a41f1e0116e576e090f9c40bfb9e0\npu_core.$proc$/home/danieltyukov/workspace/personal/tt-ihp-int8-npu/src/npu_core.sv:415$993'.
  created $adff cell `$procdff$2994' with positive edge clock and negative level reset.
Creating register for signal `$paramod$fe8226299f5a41f1e0116e576e090f9c40bfb9e0\npu_core.\cyc' using process `$paramod$fe8226299f5a41f1e0116e576e090f9c40bfb9e0\npu_core.$proc$/home/danieltyukov/workspace/personal/tt-ihp-int8-npu/src/npu_core.sv:415$993'.
  created $adff cell `$procdff$2995' with positive edge clock and negative level reset.
Creating register for signal `$paramod$fe8226299f5a41f1e0116e576e090f9c40bfb9e0\npu_core.\acc_first' using process `$paramod$fe8226299f5a41f1e0116e576e090f9c40bfb9e0\npu_core.$proc$/home/danieltyukov/workspace/personal/tt-ihp-int8-npu/src/npu_core.sv:415$993'.
  created $adff cell `$procdff$2996' with positive edge clock and negative level reset.
Creating register for signal `$paramod$fe8226299f5a41f1e0116e576e090f9c40bfb9e0\npu_core.\do_req' using process `$paramod$fe8226299f5a41f1e0116e576e090f9c40bfb9e0\npu_core.$proc$/home/danieltyukov/workspace/personal/tt-ihp-int8-npu/src/npu_core.sv:415$993'.
  created $adff cell `$procdff$2997' with positive edge clock and negative level reset.
Creating register for signal `$paramod$fe8226299f5a41f1e0116e576e090f9c40bfb9e0\npu_core.\req_s' using process `$paramod$fe8226299f5a41f1e0116e576e090f9c40bfb9e0\npu_core.$proc$/home/danieltyukov/workspace/personal/tt-ihp-int8-npu/src/npu_core.sv:415$993'.
  created $adff cell `$procdff$2998' with positive edge clock and negative level reset.
Creating register for signal `$paramod$fe8226299f5a41f1e0116e576e090f9c40bfb9e0\npu_core.\req_c' using process `$paramod$fe8226299f5a41f1e0116e576e090f9c40bfb9e0\npu_core.$proc$/home/danieltyukov/workspace/personal/tt-ihp-int8-npu/src/npu_core.sv:415$993'.
  created $adff cell `$procdff$2999' with positive edge clock and negative level reset.
Creating register for signal `$paramod$fe8226299f5a41f1e0116e576e090f9c40bfb9e0\npu_core.\req_start' using process `$paramod$fe8226299f5a41f1e0116e576e090f9c40bfb9e0\npu_core.$proc$/home/danieltyukov/workspace/personal/tt-ihp-int8-npu/src/npu_core.sv:415$993'.
  created $adff cell `$procdff$3000' with positive edge clock and negative level reset.
Creating register for signal `$paramod$fe8226299f5a41f1e0116e576e090f9c40bfb9e0\npu_core.\done_reg' using process `$paramod$fe8226299f5a41f1e0116e576e090f9c40bfb9e0\npu_core.$proc$/home/danieltyukov/workspace/personal/tt-ihp-int8-npu/src/npu_core.sv:415$993'.
  created $adff cell `$procdff$3001' with positive edge clock and negative level reset.
Creating register for signal `$paramod$fe8226299f5a41f1e0116e576e090f9c40bfb9e0\npu_core.\err_reg' using process `$paramod$fe8226299f5a41f1e0116e576e090f9c40bfb9e0\npu_core.$proc$/home/danieltyukov/workspace/personal/tt-ihp-int8-npu/src/npu_core.sv:415$993'.
  created $adff cell `$procdff$3002' with positive edge clock and negative level reset.
Creating register for signal `$paramod$fe8226299f5a41f1e0116e576e090f9c40bfb9e0\npu_core.\sat_reg' using process `$paramod$fe8226299f5a41f1e0116e576e090f9c40bfb9e0\npu_core.$proc$/home/danieltyukov/workspace/personal/tt-ihp-int8-npu/src/npu_core.sv:415$993'.
  created $adff cell `$procdff$3003' with positive edge clock and negative level reset.
Creating register for signal `$paramod$fe8226299f5a41f1e0116e576e090f9c40bfb9e0\npu_core.\ovf_reg' using process `$paramod$fe8226299f5a41f1e0116e576e090f9c40bfb9e0\npu_core.$proc$/home/danieltyukov/workspace/personal/tt-ihp-int8-npu/src/npu_core.sv:415$993'.
  created $adff cell `$procdff$3004' with positive edge clock and negative level reset.
Creating register for signal `$paramod$fe8226299f5a41f1e0116e576e090f9c40bfb9e0\npu_core.\err_code_reg' using process `$paramod$fe8226299f5a41f1e0116e576e090f9c40bfb9e0\npu_core.$proc$/home/danieltyukov/workspace/personal/tt-ihp-int8-npu/src/npu_core.sv:415$993'.
  created $adff cell `$procdff$3005' with positive edge clock and negative level reset.
Creating register for signal `$paramod$fe8226299f5a41f1e0116e576e090f9c40bfb9e0\npu_core.\vpipe' using process `$paramod$fe8226299f5a41f1e0116e576e090f9c40bfb9e0\npu_core.$proc$/home/danieltyukov/workspace/personal/tt-ihp-int8-npu/src/npu_core.sv:263$971'.
  created $adff cell `$procdff$3006' with positive edge clock and negative level reset.
Creating register for signal `$paramod$fe8226299f5a41f1e0116e576e090f9c40bfb9e0\npu_core.\ipipe' using process `$paramod$fe8226299f5a41f1e0116e576e090f9c40bfb9e0\npu_core.$proc$/home/danieltyukov/workspace/personal/tt-ihp-int8-npu/src/npu_core.sv:263$971'.
  created $adff cell `$procdff$3007' with positive edge clock and negative level reset.
Creating register for signal `$paramod$fe8226299f5a41f1e0116e576e090f9c40bfb9e0\npu_core.\inj_idx' using process `$paramod$fe8226299f5a41f1e0116e576e090f9c40bfb9e0\npu_core.$proc$/home/danieltyukov/workspace/personal/tt-ihp-int8-npu/src/npu_core.sv:263$971'.
  created $adff cell `$procdff$3008' with positive edge clock and negative level reset.
Creating register for signal `$paramod$fe8226299f5a41f1e0116e576e090f9c40bfb9e0\npu_core.\act_buf' using process `$paramod$fe8226299f5a41f1e0116e576e090f9c40bfb9e0\npu_core.$proc$/home/danieltyukov/workspace/personal/tt-ihp-int8-npu/src/npu_core.sv:173$966'.
  created $adff cell `$procdff$3009' with positive edge clock and negative level reset.
Creating register for signal `$paramod$fe8226299f5a41f1e0116e576e090f9c40bfb9e0\npu_core.\bias_buf' using process `$paramod$fe8226299f5a41f1e0116e576e090f9c40bfb9e0\npu_core.$proc$/home/danieltyukov/workspace/personal/tt-ihp-int8-npu/src/npu_core.sv:173$966'.
  created $adff cell `$procdff$3010' with positive edge clock and negative level reset.
Creating register for signal `$paramod$fe8226299f5a41f1e0116e576e090f9c40bfb9e0\npu_core.\quant_buf' using process `$paramod$fe8226299f5a41f1e0116e576e090f9c40bfb9e0\npu_core.$proc$/home/danieltyukov/workspace/personal/tt-ihp-int8-npu/src/npu_core.sv:173$966'.
  created $adff cell `$procdff$3011' with positive edge clock and negative level reset.
Creating register for signal `$paramod$fe8226299f5a41f1e0116e576e090f9c40bfb9e0\npu_core.\zp_reg' using process `$paramod$fe8226299f5a41f1e0116e576e090f9c40bfb9e0\npu_core.$proc$/home/danieltyukov/workspace/personal/tt-ihp-int8-npu/src/npu_core.sv:173$966'.
  created $adff cell `$procdff$3012' with positive edge clock and negative level reset.
Creating register for signal `$paramod$fe8226299f5a41f1e0116e576e090f9c40bfb9e0\npu_core.\clamp_lo_reg' using process `$paramod$fe8226299f5a41f1e0116e576e090f9c40bfb9e0\npu_core.$proc$/home/danieltyukov/workspace/personal/tt-ihp-int8-npu/src/npu_core.sv:173$966'.
  created $adff cell `$procdff$3013' with positive edge clock and negative level reset.
Creating register for signal `$paramod$fe8226299f5a41f1e0116e576e090f9c40bfb9e0\npu_core.\clamp_hi_reg' using process `$paramod$fe8226299f5a41f1e0116e576e090f9c40bfb9e0\npu_core.$proc$/home/danieltyukov/workspace/personal/tt-ihp-int8-npu/src/npu_core.sv:173$966'.
  created $adff cell `$procdff$3014' with positive edge clock and negative level reset.
Creating register for signal `$paramod$fe8226299f5a41f1e0116e576e090f9c40bfb9e0\npu_core.\act_sel_reg' using process `$paramod$fe8226299f5a41f1e0116e576e090f9c40bfb9e0\npu_core.$proc$/home/danieltyukov/workspace/personal/tt-ihp-int8-npu/src/npu_core.sv:173$966'.
  created $adff cell `$procdff$3015' with positive edge clock and negative level reset.
Creating register for signal `$paramod$fe8226299f5a41f1e0116e576e090f9c40bfb9e0\npu_core.\leaky_k_reg' using process `$paramod$fe8226299f5a41f1e0116e576e090f9c40bfb9e0\npu_core.$proc$/home/danieltyukov/workspace/personal/tt-ihp-int8-npu/src/npu_core.sv:173$966'.
  created $adff cell `$procdff$3016' with positive edge clock and negative level reset.
Creating register for signal `$paramod$fe8226299f5a41f1e0116e576e090f9c40bfb9e0\npu_core.\s_cnt_m1' using process `$paramod$fe8226299f5a41f1e0116e576e090f9c40bfb9e0\npu_core.$proc$/home/danieltyukov/workspace/personal/tt-ihp-int8-npu/src/npu_core.sv:173$966'.
  created $adff cell `$procdff$3017' with positive edge clock and negative level reset.

16.2.10. Executing PROC_MEMWR pass (convert process memory writes to cells).

16.2.11. Executing PROC_CLEAN pass (remove empty switches from decision trees).
Found and cleaned up 1 empty switch in `$paramod$67ba8969b455a9921a0ce9d05bfcb7563f4a488b\npu_pe.$proc$/home/danieltyukov/workspace/personal/tt-ihp-int8-npu/src/npu_pe.sv:84$1802'.
Removing empty process `$paramod$67ba8969b455a9921a0ce9d05bfcb7563f4a488b\npu_pe.$proc$/home/danieltyukov/workspace/personal/tt-ihp-int8-npu/src/npu_pe.sv:84$1802'.
Found and cleaned up 12 empty switches in `$paramod$f223a146899e681a4c1a812a009d945bcec8667b\npu_host_if.$proc$/home/danieltyukov/workspace/personal/tt-ihp-int8-npu/src/npu_host_if.sv:123$1566'.
Removing empty process `$paramod$f223a146899e681a4c1a812a009d945bcec8667b\npu_host_if.$proc$/home/danieltyukov/workspace/personal/tt-ihp-int8-npu/src/npu_host_if.sv:123$1566'.
Found and cleaned up 6 empty switches in `$paramod$9762f17314fc00bcc8483d811536c717be533d3b\npu_requant.$proc$/home/danieltyukov/workspace/personal/tt-ihp-int8-npu/src/npu_requant.sv:137$1540'.
Removing empty process `$paramod$9762f17314fc00bcc8483d811536c717be533d3b\npu_requant.$proc$/home/danieltyukov/workspace/personal/tt-ihp-int8-npu/src/npu_requant.sv:137$1540'.
Found and cleaned up 2 empty switches in `$paramod$fe8226299f5a41f1e0116e576e090f9c40bfb9e0\npu_core.$proc$/home/danieltyukov/workspace/personal/tt-ihp-int8-npu/src/npu_core.sv:396$1335'.
Removing empty process `$paramod$fe8226299f5a41f1e0116e576e090f9c40bfb9e0\npu_core.$proc$/home/danieltyukov/workspace/personal/tt-ihp-int8-npu/src/npu_core.sv:396$1335'.
Found and cleaned up 2 empty switches in `$paramod$fe8226299f5a41f1e0116e576e090f9c40bfb9e0\npu_core.$proc$/home/danieltyukov/workspace/personal/tt-ihp-int8-npu/src/npu_core.sv:396$1327'.
Removing empty process `$paramod$fe8226299f5a41f1e0116e576e090f9c40bfb9e0\npu_core.$proc$/home/danieltyukov/workspace/personal/tt-ihp-int8-npu/src/npu_core.sv:396$1327'.
Found and cleaned up 2 empty switches in `$paramod$fe8226299f5a41f1e0116e576e090f9c40bfb9e0\npu_core.$proc$/home/danieltyukov/workspace/personal/tt-ihp-int8-npu/src/npu_core.sv:396$1319'.
Removing empty process `$paramod$fe8226299f5a41f1e0116e576e090f9c40bfb9e0\npu_core.$proc$/home/danieltyukov/workspace/personal/tt-ihp-int8-npu/src/npu_core.sv:396$1319'.
Found and cleaned up 2 empty switches in `$paramod$fe8226299f5a41f1e0116e576e090f9c40bfb9e0\npu_core.$proc$/home/danieltyukov/workspace/personal/tt-ihp-int8-npu/src/npu_core.sv:396$1311'.
Removing empty process `$paramod$fe8226299f5a41f1e0116e576e090f9c40bfb9e0\npu_core.$proc$/home/danieltyukov/workspace/personal/tt-ihp-int8-npu/src/npu_core.sv:396$1311'.
Found and cleaned up 2 empty switches in `$paramod$fe8226299f5a41f1e0116e576e090f9c40bfb9e0\npu_core.$proc$/home/danieltyukov/workspace/personal/tt-ihp-int8-npu/src/npu_core.sv:396$1303'.
Removing empty process `$paramod$fe8226299f5a41f1e0116e576e090f9c40bfb9e0\npu_core.$proc$/home/danieltyukov/workspace/personal/tt-ihp-int8-npu/src/npu_core.sv:396$1303'.
Found and cleaned up 2 empty switches in `$paramod$fe8226299f5a41f1e0116e576e090f9c40bfb9e0\npu_core.$proc$/home/danieltyukov/workspace/personal/tt-ihp-int8-npu/src/npu_core.sv:396$1295'.
Removing empty process `$paramod$fe8226299f5a41f1e0116e576e090f9c40bfb9e0\npu_core.$proc$/home/danieltyukov/workspace/personal/tt-ihp-int8-npu/src/npu_core.sv:396$1295'.
Found and cleaned up 2 empty switches in `$paramod$fe8226299f5a41f1e0116e576e090f9c40bfb9e0\npu_core.$proc$/home/danieltyukov/workspace/personal/tt-ihp-int8-npu/src/npu_core.sv:396$1287'.
Removing empty process `$paramod$fe8226299f5a41f1e0116e576e090f9c40bfb9e0\npu_core.$proc$/home/danieltyukov/workspace/personal/tt-ihp-int8-npu/src/npu_core.sv:396$1287'.
Found and cleaned up 2 empty switches in `$paramod$fe8226299f5a41f1e0116e576e090f9c40bfb9e0\npu_core.$proc$/home/danieltyukov/workspace/personal/tt-ihp-int8-npu/src/npu_core.sv:396$1279'.
Removing empty process `$paramod$fe8226299f5a41f1e0116e576e090f9c40bfb9e0\npu_core.$proc$/home/danieltyukov/workspace/personal/tt-ihp-int8-npu/src/npu_core.sv:396$1279'.
Found and cleaned up 2 empty switches in `$paramod$fe8226299f5a41f1e0116e576e090f9c40bfb9e0\npu_core.$proc$/home/danieltyukov/workspace/personal/tt-ihp-int8-npu/src/npu_core.sv:396$1271'.
Removing empty process `$paramod$fe8226299f5a41f1e0116e576e090f9c40bfb9e0\npu_core.$proc$/home/danieltyukov/workspace/personal/tt-ihp-int8-npu/src/npu_core.sv:396$1271'.
Found and cleaned up 2 empty switches in `$paramod$fe8226299f5a41f1e0116e576e090f9c40bfb9e0\npu_core.$proc$/home/danieltyukov/workspace/personal/tt-ihp-int8-npu/src/npu_core.sv:396$1263'.
Removing empty process `$paramod$fe8226299f5a41f1e0116e576e090f9c40bfb9e0\npu_core.$proc$/home/danieltyukov/workspace/personal/tt-ihp-int8-npu/src/npu_core.sv:396$1263'.
Found and cleaned up 2 empty switches in `$paramod$fe8226299f5a41f1e0116e576e090f9c40bfb9e0\npu_core.$proc$/home/danieltyukov/workspace/personal/tt-ihp-int8-npu/src/npu_core.sv:396$1255'.
Removing empty process `$paramod$fe8226299f5a41f1e0116e576e090f9c40bfb9e0\npu_core.$proc$/home/danieltyukov/workspace/personal/tt-ihp-int8-npu/src/npu_core.sv:396$1255'.
Found and cleaned up 2 empty switches in `$paramod$fe8226299f5a41f1e0116e576e090f9c40bfb9e0\npu_core.$proc$/home/danieltyukov/workspace/personal/tt-ihp-int8-npu/src/npu_core.sv:396$1247'.
Removing empty process `$paramod$fe8226299f5a41f1e0116e576e090f9c40bfb9e0\npu_core.$proc$/home/danieltyukov/workspace/personal/tt-ihp-int8-npu/src/npu_core.sv:396$1247'.
Found and cleaned up 2 empty switches in `$paramod$fe8226299f5a41f1e0116e576e090f9c40bfb9e0\npu_core.$proc$/home/danieltyukov/workspace/personal/tt-ihp-int8-npu/src/npu_core.sv:396$1239'.
Removing empty process `$paramod$fe8226299f5a41f1e0116e576e090f9c40bfb9e0\npu_core.$proc$/home/danieltyukov/workspace/personal/tt-ihp-int8-npu/src/npu_core.sv:396$1239'.
Found and cleaned up 2 empty switches in `$paramod$fe8226299f5a41f1e0116e576e090f9c40bfb9e0\npu_core.$proc$/home/danieltyukov/workspace/personal/tt-ihp-int8-npu/src/npu_core.sv:396$1231'.
Removing empty process `$paramod$fe8226299f5a41f1e0116e576e090f9c40bfb9e0\npu_core.$proc$/home/danieltyukov/workspace/personal/tt-ihp-int8-npu/src/npu_core.sv:396$1231'.
Found and cleaned up 2 empty switches in `$paramod$fe8226299f5a41f1e0116e576e090f9c40bfb9e0\npu_core.$proc$/home/danieltyukov/workspace/personal/tt-ihp-int8-npu/src/npu_core.sv:396$1223'.
Removing empty process `$paramod$fe8226299f5a41f1e0116e576e090f9c40bfb9e0\npu_core.$proc$/home/danieltyukov/workspace/personal/tt-ihp-int8-npu/src/npu_core.sv:396$1223'.
Found and cleaned up 2 empty switches in `$paramod$fe8226299f5a41f1e0116e576e090f9c40bfb9e0\npu_core.$proc$/home/danieltyukov/workspace/personal/tt-ihp-int8-npu/src/npu_core.sv:396$1215'.
Removing empty process `$paramod$fe8226299f5a41f1e0116e576e090f9c40bfb9e0\npu_core.$proc$/home/danieltyukov/workspace/personal/tt-ihp-int8-npu/src/npu_core.sv:396$1215'.
Found and cleaned up 2 empty switches in `$paramod$fe8226299f5a41f1e0116e576e090f9c40bfb9e0\npu_core.$proc$/home/danieltyukov/workspace/personal/tt-ihp-int8-npu/src/npu_core.sv:330$1206'.
Removing empty process `$paramod$fe8226299f5a41f1e0116e576e090f9c40bfb9e0\npu_core.$proc$/home/danieltyukov/workspace/personal/tt-ihp-int8-npu/src/npu_core.sv:330$1206'.
Found and cleaned up 2 empty switches in `$paramod$fe8226299f5a41f1e0116e576e090f9c40bfb9e0\npu_core.$proc$/home/danieltyukov/workspace/personal/tt-ihp-int8-npu/src/npu_core.sv:330$1200'.
Removing empty process `$paramod$fe8226299f5a41f1e0116e576e090f9c40bfb9e0\npu_core.$proc$/home/danieltyukov/workspace/personal/tt-ihp-int8-npu/src/npu_core.sv:330$1200'.
Found and cleaned up 2 empty switches in `$paramod$fe8226299f5a41f1e0116e576e090f9c40bfb9e0\npu_core.$proc$/home/danieltyukov/workspace/personal/tt-ihp-int8-npu/src/npu_core.sv:330$1194'.
Removing empty process `$paramod$fe8226299f5a41f1e0116e576e090f9c40bfb9e0\npu_core.$proc$/home/danieltyukov/workspace/personal/tt-ihp-int8-npu/src/npu_core.sv:330$1194'.
Found and cleaned up 2 empty switches in `$paramod$fe8226299f5a41f1e0116e576e090f9c40bfb9e0\npu_core.$proc$/home/danieltyukov/workspace/personal/tt-ihp-int8-npu/src/npu_core.sv:330$1188'.
Removing empty process `$paramod$fe8226299f5a41f1e0116e576e090f9c40bfb9e0\npu_core.$proc$/home/danieltyukov/workspace/personal/tt-ihp-int8-npu/src/npu_core.sv:330$1188'.
Found and cleaned up 2 empty switches in `$paramod$fe8226299f5a41f1e0116e576e090f9c40bfb9e0\npu_core.$proc$/home/danieltyukov/workspace/personal/tt-ihp-int8-npu/src/npu_core.sv:330$1171'.
Removing empty process `$paramod$fe8226299f5a41f1e0116e576e090f9c40bfb9e0\npu_core.$proc$/home/danieltyukov/workspace/personal/tt-ihp-int8-npu/src/npu_core.sv:330$1171'.
Found and cleaned up 2 empty switches in `$paramod$fe8226299f5a41f1e0116e576e090f9c40bfb9e0\npu_core.$proc$/home/danieltyukov/workspace/personal/tt-ihp-int8-npu/src/npu_core.sv:330$1165'.
Removing empty process `$paramod$fe8226299f5a41f1e0116e576e090f9c40bfb9e0\npu_core.$proc$/home/danieltyukov/workspace/personal/tt-ihp-int8-npu/src/npu_core.sv:330$1165'.
Found and cleaned up 2 empty switches in `$paramod$fe8226299f5a41f1e0116e576e090f9c40bfb9e0\npu_core.$proc$/home/danieltyukov/workspace/personal/tt-ihp-int8-npu/src/npu_core.sv:330$1159'.
Removing empty process `$paramod$fe8226299f5a41f1e0116e576e090f9c40bfb9e0\npu_core.$proc$/home/danieltyukov/workspace/personal/tt-ihp-int8-npu/src/npu_core.sv:330$1159'.
Found and cleaned up 2 empty switches in `$paramod$fe8226299f5a41f1e0116e576e090f9c40bfb9e0\npu_core.$proc$/home/danieltyukov/workspace/personal/tt-ihp-int8-npu/src/npu_core.sv:330$1153'.
Removing empty process `$paramod$fe8226299f5a41f1e0116e576e090f9c40bfb9e0\npu_core.$proc$/home/danieltyukov/workspace/personal/tt-ihp-int8-npu/src/npu_core.sv:330$1153'.
Found and cleaned up 2 empty switches in `$paramod$fe8226299f5a41f1e0116e576e090f9c40bfb9e0\npu_core.$proc$/home/danieltyukov/workspace/personal/tt-ihp-int8-npu/src/npu_core.sv:330$1136'.
Removing empty process `$paramod$fe8226299f5a41f1e0116e576e090f9c40bfb9e0\npu_core.$proc$/home/danieltyukov/workspace/personal/tt-ihp-int8-npu/src/npu_core.sv:330$1136'.
Found and cleaned up 2 empty switches in `$paramod$fe8226299f5a41f1e0116e576e090f9c40bfb9e0\npu_core.$proc$/home/danieltyukov/workspace/personal/tt-ihp-int8-npu/src/npu_core.sv:330$1130'.
Removing empty process `$paramod$fe8226299f5a41f1e0116e576e090f9c40bfb9e0\npu_core.$proc$/home/danieltyukov/workspace/personal/tt-ihp-int8-npu/src/npu_core.sv:330$1130'.
Found and cleaned up 2 empty switches in `$paramod$fe8226299f5a41f1e0116e576e090f9c40bfb9e0\npu_core.$proc$/home/danieltyukov/workspace/personal/tt-ihp-int8-npu/src/npu_core.sv:330$1124'.
Removing empty process `$paramod$fe8226299f5a41f1e0116e576e090f9c40bfb9e0\npu_core.$proc$/home/danieltyukov/workspace/personal/tt-ihp-int8-npu/src/npu_core.sv:330$1124'.
Found and cleaned up 2 empty switches in `$paramod$fe8226299f5a41f1e0116e576e090f9c40bfb9e0\npu_core.$proc$/home/danieltyukov/workspace/personal/tt-ihp-int8-npu/src/npu_core.sv:330$1118'.
Removing empty process `$paramod$fe8226299f5a41f1e0116e576e090f9c40bfb9e0\npu_core.$proc$/home/danieltyukov/workspace/personal/tt-ihp-int8-npu/src/npu_core.sv:330$1118'.
Found and cleaned up 2 empty switches in `$paramod$fe8226299f5a41f1e0116e576e090f9c40bfb9e0\npu_core.$proc$/home/danieltyukov/workspace/personal/tt-ihp-int8-npu/src/npu_core.sv:330$1101'.
Removing empty process `$paramod$fe8226299f5a41f1e0116e576e090f9c40bfb9e0\npu_core.$proc$/home/danieltyukov/workspace/personal/tt-ihp-int8-npu/src/npu_core.sv:330$1101'.
Found and cleaned up 2 empty switches in `$paramod$fe8226299f5a41f1e0116e576e090f9c40bfb9e0\npu_core.$proc$/home/danieltyukov/workspace/personal/tt-ihp-int8-npu/src/npu_core.sv:330$1095'.
Removing empty process `$paramod$fe8226299f5a41f1e0116e576e090f9c40bfb9e0\npu_core.$proc$/home/danieltyukov/workspace/personal/tt-ihp-int8-npu/src/npu_core.sv:330$1095'.
Found and cleaned up 2 empty switches in `$paramod$fe8226299f5a41f1e0116e576e090f9c40bfb9e0\npu_core.$proc$/home/danieltyukov/workspace/personal/tt-ihp-int8-npu/src/npu_core.sv:330$1089'.
Removing empty process `$paramod$fe8226299f5a41f1e0116e576e090f9c40bfb9e0\npu_core.$proc$/home/danieltyukov/workspace/personal/tt-ihp-int8-npu/src/npu_core.sv:330$1089'.
Found and cleaned up 2 empty switches in `$paramod$fe8226299f5a41f1e0116e576e090f9c40bfb9e0\npu_core.$proc$/home/danieltyukov/workspace/personal/tt-ihp-int8-npu/src/npu_core.sv:330$1083'.
Removing empty process `$paramod$fe8226299f5a41f1e0116e576e090f9c40bfb9e0\npu_core.$proc$/home/danieltyukov/workspace/personal/tt-ihp-int8-npu/src/npu_core.sv:330$1083'.
Found and cleaned up 1 empty switch in `$paramod$fe8226299f5a41f1e0116e576e090f9c40bfb9e0\npu_core.$proc$/home/danieltyukov/workspace/personal/tt-ihp-int8-npu/src/npu_core.sv:0$1010'.
Removing empty process `$paramod$fe8226299f5a41f1e0116e576e090f9c40bfb9e0\npu_core.$proc$/home/danieltyukov/workspace/personal/tt-ihp-int8-npu/src/npu_core.sv:0$1010'.
Found and cleaned up 1 empty switch in `$paramod$fe8226299f5a41f1e0116e576e090f9c40bfb9e0\npu_core.$proc$/home/danieltyukov/workspace/personal/tt-ihp-int8-npu/src/npu_core.sv:0$1009'.
Removing empty process `$paramod$fe8226299f5a41f1e0116e576e090f9c40bfb9e0\npu_core.$proc$/home/danieltyukov/workspace/personal/tt-ihp-int8-npu/src/npu_core.sv:0$1009'.
Found and cleaned up 12 empty switches in `$paramod$fe8226299f5a41f1e0116e576e090f9c40bfb9e0\npu_core.$proc$/home/danieltyukov/workspace/personal/tt-ihp-int8-npu/src/npu_core.sv:415$993'.
Removing empty process `$paramod$fe8226299f5a41f1e0116e576e090f9c40bfb9e0\npu_core.$proc$/home/danieltyukov/workspace/personal/tt-ihp-int8-npu/src/npu_core.sv:415$993'.
Found and cleaned up 2 empty switches in `$paramod$fe8226299f5a41f1e0116e576e090f9c40bfb9e0\npu_core.$proc$/home/danieltyukov/workspace/personal/tt-ihp-int8-npu/src/npu_core.sv:263$971'.
Removing empty process `$paramod$fe8226299f5a41f1e0116e576e090f9c40bfb9e0\npu_core.$proc$/home/danieltyukov/workspace/personal/tt-ihp-int8-npu/src/npu_core.sv:263$971'.
Found and cleaned up 6 empty switches in `$paramod$fe8226299f5a41f1e0116e576e090f9c40bfb9e0\npu_core.$proc$/home/danieltyukov/workspace/personal/tt-ihp-int8-npu/src/npu_core.sv:173$966'.
Removing empty process `$paramod$fe8226299f5a41f1e0116e576e090f9c40bfb9e0\npu_core.$proc$/home/danieltyukov/workspace/personal/tt-ihp-int8-npu/src/npu_core.sv:173$966'.
Cleaned up 105 empty switches.

16.2.12. Executing OPT_EXPR pass (perform const folding).
Optimizing module $paramod$29b69393125ca7ee80b32022bd2decdec691949f\npu_adder.
<suppressed ~1 debug messages>
Optimizing module $paramod$27a8bd94657cc90e38f275422f31847ddfd4487e\npu_csa_reduce.
Optimizing module $paramod$17604f602797e3202e357decf915a5bc29aa0ca3\npu_csa_reduce.
Optimizing module $paramod$67e98feaf73b54d35f9441170982b8d89b9a2316\npu_mult.
<suppressed ~1 debug messages>
Optimizing module $paramod$249e2fefde2cea6485f1861c172b2e75dba89233\npu_adder.
<suppressed ~1 debug messages>
Optimizing module $paramod$67ba8969b455a9921a0ce9d05bfcb7563f4a488b\npu_pe.
<suppressed ~1 debug messages>
Optimizing module tt_um_danieltyukov_int8_npu.
<suppressed ~1 debug messages>
Optimizing module $paramod$00e50bd1d9329584e2110eb397cc8a22011310c9\npu_adder.
<suppressed ~1 debug messages>
Optimizing module $paramod$f223a146899e681a4c1a812a009d945bcec8667b\npu_host_if.
<suppressed ~5 debug messages>
Optimizing module $paramod$beb27242e03ff50b3749666273e3caba2bd72bca\npu_array.
<suppressed ~1 debug messages>
Optimizing module $paramod$9762f17314fc00bcc8483d811536c717be533d3b\npu_requant.
<suppressed ~12 debug messages>
Optimizing module $paramod$2d6c54a146b5c9bc63af6521ae2fae94a8696de1\npu_adder.
<suppressed ~1 debug messages>
Optimizing module $paramod$fe8226299f5a41f1e0116e576e090f9c40bfb9e0\npu_core.
<suppressed ~28 debug messages>
Optimizing module $paramod$c023b5faa9c785d07331b76839e06bd1ab774764\npu_csa_reduce.
Optimizing module $paramod$1ed99f1253f88f2664ca886b8b7f7f8ea7f768dd\npu_pp_baugh_wooley.
Optimizing module $paramod$2b1d745c338a0a6e50bcd9a4dc82bdf12badc2b0\npu_csa_reduce.
Optimizing module $paramod$1eb2e9d021a26f5457ad6970e0ac2d330aaa366a\npu_csa_reduce.
Optimizing module npu_activation.

16.3. Executing FLATTEN pass (flatten design).
Deleting now unused module $paramod$29b69393125ca7ee80b32022bd2decdec691949f\npu_adder.
Deleting now unused module $paramod$27a8bd94657cc90e38f275422f31847ddfd4487e\npu_csa_reduce.
Deleting now unused module $paramod$17604f602797e3202e357decf915a5bc29aa0ca3\npu_csa_reduce.
Deleting now unused module $paramod$67e98feaf73b54d35f9441170982b8d89b9a2316\npu_mult.
Deleting now unused module $paramod$249e2fefde2cea6485f1861c172b2e75dba89233\npu_adder.
Deleting now unused module $paramod$67ba8969b455a9921a0ce9d05bfcb7563f4a488b\npu_pe.
Deleting now unused module $paramod$00e50bd1d9329584e2110eb397cc8a22011310c9\npu_adder.
Deleting now unused module $paramod$f223a146899e681a4c1a812a009d945bcec8667b\npu_host_if.
Deleting now unused module $paramod$beb27242e03ff50b3749666273e3caba2bd72bca\npu_array.
Deleting now unused module $paramod$9762f17314fc00bcc8483d811536c717be533d3b\npu_requant.
Deleting now unused module $paramod$2d6c54a146b5c9bc63af6521ae2fae94a8696de1\npu_adder.
Deleting now unused module $paramod$fe8226299f5a41f1e0116e576e090f9c40bfb9e0\npu_core.
Deleting now unused module $paramod$c023b5faa9c785d07331b76839e06bd1ab774764\npu_csa_reduce.
Deleting now unused module $paramod$1ed99f1253f88f2664ca886b8b7f7f8ea7f768dd\npu_pp_baugh_wooley.
Deleting now unused module $paramod$2b1d745c338a0a6e50bcd9a4dc82bdf12badc2b0\npu_csa_reduce.
Deleting now unused module $paramod$1eb2e9d021a26f5457ad6970e0ac2d330aaa366a\npu_csa_reduce.
Deleting now unused module npu_activation.
<suppressed ~35 debug messages>

16.4. Executing OPT_EXPR pass (perform const folding).
Optimizing module tt_um_danieltyukov_int8_npu.
<suppressed ~497 debug messages>

16.5. Executing OPT_CLEAN pass (remove unused cells and wires).
Finding unused cells or wires in module \tt_um_danieltyukov_int8_npu..
Removed 1035 unused cells and 4574 unused wires.
<suppressed ~1120 debug messages>

16.6. Executing CHECK pass (checking for obvious problems).
Checking module tt_um_danieltyukov_int8_npu...
Found and reported 0 problems.

16.7. Executing OPT pass (performing simple optimizations).

16.7.1. Executing OPT_EXPR pass (perform const folding).
Optimizing module tt_um_danieltyukov_int8_npu.

16.7.2. Executing OPT_MERGE pass (detect identical cells).
Finding identical cells in module `\tt_um_danieltyukov_int8_npu'.
<suppressed ~513 debug messages>
Removed a total of 171 cells.

16.7.3. Executing OPT_MUXTREE pass (detect dead branches in mux trees).
Running muxtree optimizer on module \tt_um_danieltyukov_int8_npu..
  Creating internal representation of mux trees.
  Evaluating internal representation of mux trees.
  Analyzing evaluation results.
Removed 0 multiplexer ports.
<suppressed ~134 debug messages>

16.7.4. Executing OPT_REDUCE pass (consolidate $*mux and $reduce_* inputs).
  Optimizing cells in module \tt_um_danieltyukov_int8_npu.
    New ctrl vector for $pmux cell $flatten\u_core.$procmux$2781: { $flatten\u_core.$procmux$2786_CMP $auto$opt_reduce.cc:134:opt_pmux$3051 }
    New ctrl vector for $pmux cell $flatten\u_core.$procmux$2888: $auto$opt_reduce.cc:134:opt_pmux$3053
    New ctrl vector for $pmux cell $flatten\u_core.$procmux$2895: $auto$opt_reduce.cc:134:opt_pmux$3055
    New ctrl vector for $pmux cell $flatten\u_core.\u_host.$procmux$2097: { $auto$opt_reduce.cc:134:opt_pmux$3061 $auto$opt_reduce.cc:134:opt_pmux$3059 $flatten\u_core.\u_host.$procmux$2099_CMP $auto$opt_reduce.cc:134:opt_pmux$3057 }
    New ctrl vector for $pmux cell $flatten\u_core.\u_host.$procmux$2140: { $auto$opt_reduce.cc:134:opt_pmux$3067 $auto$opt_reduce.cc:134:opt_pmux$3065 $flatten\u_core.\u_host.$procmux$2099_CMP $auto$opt_reduce.cc:134:opt_pmux$3063 }
    New ctrl vector for $pmux cell $flatten\u_core.\u_requant.$procmux$2476: $auto$opt_reduce.cc:134:opt_pmux$3069
    New ctrl vector for $pmux cell $flatten\u_core.\u_requant.$procmux$2525: $auto$opt_reduce.cc:134:opt_pmux$3071
    New ctrl vector for $pmux cell $flatten\u_core.\u_requant.$procmux$2530: $auto$opt_reduce.cc:134:opt_pmux$3073
  Optimizing cells in module \tt_um_danieltyukov_int8_npu.
Performed a total of 8 changes.

16.7.5. Executing OPT_MERGE pass (detect identical cells).
Finding identical cells in module `\tt_um_danieltyukov_int8_npu'.
<suppressed ~21 debug messages>
Removed a total of 7 cells.

16.7.6. Executing OPT_DFF pass (perform DFF optimizations).

16.7.7. Executing OPT_CLEAN pass (remove unused cells and wires).
Finding unused cells or wires in module \tt_um_danieltyukov_int8_npu..
Removed 0 unused cells and 179 unused wires.
<suppressed ~3 debug messages>

16.7.8. Executing OPT_EXPR pass (perform const folding).
Optimizing module tt_um_danieltyukov_int8_npu.

16.7.9. Rerunning OPT passes. (Maybe there is more to do..)

16.7.10. Executing OPT_MUXTREE pass (detect dead branches in mux trees).
Running muxtree optimizer on module \tt_um_danieltyukov_int8_npu..
  Creating internal representation of mux trees.
  Evaluating internal representation of mux trees.
  Analyzing evaluation results.
Removed 0 multiplexer ports.
<suppressed ~135 debug messages>

16.7.11. Executing OPT_REDUCE pass (consolidate $*mux and $reduce_* inputs).
  Optimizing cells in module \tt_um_danieltyukov_int8_npu.
Performed a total of 0 changes.

16.7.12. Executing OPT_MERGE pass (detect identical cells).
Finding identical cells in module `\tt_um_danieltyukov_int8_npu'.
Removed a total of 0 cells.

16.7.13. Executing OPT_DFF pass (perform DFF optimizations).

16.7.14. Executing OPT_CLEAN pass (remove unused cells and wires).
Finding unused cells or wires in module \tt_um_danieltyukov_int8_npu..

16.7.15. Executing OPT_EXPR pass (perform const folding).
Optimizing module tt_um_danieltyukov_int8_npu.

16.7.16. Finished OPT passes. (There is nothing left to do.)

16.8. Executing FSM pass (extract and optimize FSM).

16.8.1. Executing FSM_DETECT pass (finding FSMs in design).
Not marking tt_um_danieltyukov_int8_npu.u_core.state as FSM state register:
    Users of register don't seem to benefit from recoding.
Not marking tt_um_danieltyukov_int8_npu.u_core.u_host.err_code as FSM state register:
    Users of register don't seem to benefit from recoding.
Not marking tt_um_danieltyukov_int8_npu.u_core.u_requant.state as FSM state register:
    Users of register don't seem to benefit from recoding.
    Circuit seems to be self-resetting.

16.8.2. Executing FSM_EXTRACT pass (extracting FSM from design).

16.8.3. Executing FSM_OPT pass (simple optimizations of FSMs).

16.8.4. Executing OPT_CLEAN pass (remove unused cells and wires).
Finding unused cells or wires in module \tt_um_danieltyukov_int8_npu..

16.8.5. Executing FSM_OPT pass (simple optimizations of FSMs).

16.8.6. Executing FSM_RECODE pass (re-assigning FSM state encoding).

16.8.7. Executing FSM_INFO pass (dumping all available information on FSM cells).

16.8.8. Executing FSM_MAP pass (mapping FSMs to basic logic).

16.9. Executing OPT pass (performing simple optimizations).

16.9.1. Executing OPT_EXPR pass (perform const folding).
Optimizing module tt_um_danieltyukov_int8_npu.

16.9.2. Executing OPT_MERGE pass (detect identical cells).
Finding identical cells in module `\tt_um_danieltyukov_int8_npu'.
Removed a total of 0 cells.

16.9.3. Executing OPT_MUXTREE pass (detect dead branches in mux trees).
Running muxtree optimizer on module \tt_um_danieltyukov_int8_npu..
  Creating internal representation of mux trees.
  Evaluating internal representation of mux trees.
  Analyzing evaluation results.
Removed 0 multiplexer ports.
<suppressed ~135 debug messages>

16.9.4. Executing OPT_REDUCE pass (consolidate $*mux and $reduce_* inputs).
  Optimizing cells in module \tt_um_danieltyukov_int8_npu.
Performed a total of 0 changes.

16.9.5. Executing OPT_MERGE pass (detect identical cells).
Finding identical cells in module `\tt_um_danieltyukov_int8_npu'.
Removed a total of 0 cells.

16.9.6. Executing OPT_DFF pass (perform DFF optimizations).
Adding EN signal on $flatten\u_core.\u_requant.$procdff$2961 ($adff) from module tt_um_danieltyukov_int8_npu (D = $flatten\u_core.\u_requant.$0\sbit[0:0], Q = \u_core.u_requant.sbit).
Adding EN signal on $flatten\u_core.\u_requant.$procdff$2960 ($adff) from module tt_um_danieltyukov_int8_npu (D = $flatten\u_core.\u_requant.$0\rbit[0:0], Q = \u_core.u_requant.rbit).
Adding EN signal on $flatten\u_core.\u_requant.$procdff$2959 ($adff) from module tt_um_danieltyukov_int8_npu (D = $flatten\u_core.\u_requant.$0\shcnt[5:0], Q = \u_core.u_requant.shcnt).
Adding EN signal on $flatten\u_core.\u_requant.$procdff$2958 ($adff) from module tt_um_danieltyukov_int8_npu (D = $flatten\u_core.\u_requant.$0\digcnt[3:0], Q = \u_core.u_requant.digcnt).
Adding EN signal on $flatten\u_core.\u_requant.$procdff$2957 ($adff) from module tt_um_danieltyukov_int8_npu (D = $flatten\u_core.\u_requant.$0\pr[44:0] [44], Q = \u_core.u_requant.pr [44]).
Adding EN signal on $flatten\u_core.\u_requant.$procdff$2957 ($adff) from module tt_um_danieltyukov_int8_npu (D = $flatten\u_core.\u_requant.$0\pr[44:0] [43:0], Q = \u_core.u_requant.pr [43:0]).
Adding EN signal on $flatten\u_core.\u_requant.$procdff$2956 ($adff) from module tt_um_danieltyukov_int8_npu (D = $flatten\u_core.\u_requant.$or$/home/danieltyukov/workspace/personal/tt-ihp-int8-npu/src/npu_requant.sv:191$1557_Y, Q = \u_core.u_requant.sat_out).
Adding EN signal on $flatten\u_core.\u_requant.$procdff$2955 ($adff) from module tt_um_danieltyukov_int8_npu (D = \u_core.u_requant.y_clamp, Q = \u_core.u_requant.q_out).
Adding EN signal on $flatten\u_core.\u_requant.$procdff$2954 ($adff) from module tt_um_danieltyukov_int8_npu (D = $flatten\u_core.\u_requant.$0\state[1:0], Q = \u_core.u_requant.state).
Adding EN signal on $flatten\u_core.\u_host.$procdff$2946 ($adff) from module tt_um_danieltyukov_int8_npu (D = $flatten\u_core.\u_host.$procmux$2369_Y, Q = \u_core.u_host.pcount).
Adding EN signal on $flatten\u_core.\u_host.$procdff$2945 ($adff) from module tt_um_danieltyukov_int8_npu (D = $flatten\u_core.\u_host.$procmux$2376_Y, Q = \u_core.u_host.op).
Adding EN signal on $flatten\u_core.\u_host.$procdff$2944 ($adff) from module tt_um_danieltyukov_int8_npu (D = $flatten\u_core.\u_host.$0\err_code[1:0], Q = \u_core.u_host.err_code).
Adding EN signal on $flatten\u_core.\u_host.$procdff$2943 ($adff) from module tt_um_danieltyukov_int8_npu (D = \ui_in [1], Q = \u_core.u_host.run_req).
Adding EN signal on $flatten\u_core.\u_host.$procdff$2942 ($adff) from module tt_um_danieltyukov_int8_npu (D = \ui_in [0], Q = \u_core.u_host.run_acc).
Adding EN signal on $flatten\u_core.\u_host.$procdff$2940 ($adff) from module tt_um_danieltyukov_int8_npu (D = \ui_in, Q = \u_core.u_host.byte_out).
Adding EN signal on $flatten\u_core.\u_host.$procdff$2938 ($adff) from module tt_um_danieltyukov_int8_npu (D = $flatten\u_core.\u_host.$procmux$2449_Y, Q = \u_core.u_host.rd_ptr).
Adding EN signal on $flatten\u_core.\u_host.$procdff$2937 ($adff) from module tt_um_danieltyukov_int8_npu (D = $flatten\u_core.\u_host.$procmux$2455_Y, Q = \u_core.u_host.rd_src).
Adding EN signal on $flatten\u_core.\u_host.$procdff$2934 ($adff) from module tt_um_danieltyukov_int8_npu (D = \u_core.u_host.pcount [1:0], Q = \u_core.u_host.post_idx).
Adding EN signal on $flatten\u_core.\u_array.\g_row[3].g_col[3].u_pe.$procdff$2925 ($adff) from module tt_um_danieltyukov_int8_npu (D = \u_core.u_host.byte_out, Q = \u_core.u_array.g_row[3].g_col[3].u_pe.w_reg).
Adding EN signal on $flatten\u_core.\u_array.\g_row[3].g_col[2].u_pe.$procdff$2925 ($adff) from module tt_um_danieltyukov_int8_npu (D = \u_core.u_array.g_row[3].g_col[3].u_pe.w_reg, Q = \u_core.u_array.g_row[3].g_col[2].u_pe.w_reg).
Adding EN signal on $flatten\u_core.\u_array.\g_row[3].g_col[1].u_pe.$procdff$2925 ($adff) from module tt_um_danieltyukov_int8_npu (D = \u_core.u_array.g_row[3].g_col[2].u_pe.w_reg, Q = \u_core.u_array.g_row[3].g_col[1].u_pe.w_reg).
Adding EN signal on $flatten\u_core.\u_array.\g_row[3].g_col[0].u_pe.$procdff$2925 ($adff) from module tt_um_danieltyukov_int8_npu (D = \u_core.u_array.g_row[3].g_col[1].u_pe.w_reg, Q = \u_core.u_array.g_row[3].g_col[0].u_pe.w_reg).
Adding EN signal on $flatten\u_core.\u_array.\g_row[2].g_col[3].u_pe.$procdff$2925 ($adff) from module tt_um_danieltyukov_int8_npu (D = \u_core.u_array.g_row[3].g_col[0].u_pe.w_reg, Q = \u_core.u_array.g_row[2].g_col[3].u_pe.w_reg).
Adding EN signal on $flatten\u_core.\u_array.\g_row[2].g_col[2].u_pe.$procdff$2925 ($adff) from module tt_um_danieltyukov_int8_npu (D = \u_core.u_array.g_row[2].g_col[3].u_pe.w_reg, Q = \u_core.u_array.g_row[2].g_col[2].u_pe.w_reg).
Adding EN signal on $flatten\u_core.\u_array.\g_row[2].g_col[1].u_pe.$procdff$2925 ($adff) from module tt_um_danieltyukov_int8_npu (D = \u_core.u_array.g_row[2].g_col[2].u_pe.w_reg, Q = \u_core.u_array.g_row[2].g_col[1].u_pe.w_reg).
Adding EN signal on $flatten\u_core.\u_array.\g_row[2].g_col[0].u_pe.$procdff$2925 ($adff) from module tt_um_danieltyukov_int8_npu (D = \u_core.u_array.g_row[2].g_col[1].u_pe.w_reg, Q = \u_core.u_array.g_row[2].g_col[0].u_pe.w_reg).
Adding EN signal on $flatten\u_core.\u_array.\g_row[1].g_col[3].u_pe.$procdff$2925 ($adff) from module tt_um_danieltyukov_int8_npu (D = \u_core.u_array.g_row[2].g_col[0].u_pe.w_reg, Q = \u_core.u_array.g_row[1].g_col[3].u_pe.w_reg).
Adding EN signal on $flatten\u_core.\u_array.\g_row[1].g_col[2].u_pe.$procdff$2925 ($adff) from module tt_um_danieltyukov_int8_npu (D = \u_core.u_array.g_row[1].g_col[3].u_pe.w_reg, Q = \u_core.u_array.g_row[1].g_col[2].u_pe.w_reg).
Adding EN signal on $flatten\u_core.\u_array.\g_row[1].g_col[1].u_pe.$procdff$2925 ($adff) from module tt_um_danieltyukov_int8_npu (D = \u_core.u_array.g_row[1].g_col[2].u_pe.w_reg, Q = \u_core.u_array.g_row[1].g_col[1].u_pe.w_reg).
Adding EN signal on $flatten\u_core.\u_array.\g_row[1].g_col[0].u_pe.$procdff$2925 ($adff) from module tt_um_danieltyukov_int8_npu (D = \u_core.u_array.g_row[1].g_col[1].u_pe.w_reg, Q = \u_core.u_array.g_row[1].g_col[0].u_pe.w_reg).
Adding EN signal on $flatten\u_core.\u_array.\g_row[0].g_col[3].u_pe.$procdff$2925 ($adff) from module tt_um_danieltyukov_int8_npu (D = \u_core.u_array.g_row[1].g_col[0].u_pe.w_reg, Q = \u_core.u_array.g_row[0].g_col[3].u_pe.w_reg).
Adding EN signal on $flatten\u_core.\u_array.\g_row[0].g_col[2].u_pe.$procdff$2925 ($adff) from module tt_um_danieltyukov_int8_npu (D = \u_core.u_array.g_row[0].g_col[3].u_pe.w_reg, Q = \u_core.u_array.g_row[0].g_col[2].u_pe.w_reg).
Adding EN signal on $flatten\u_core.\u_array.\g_row[0].g_col[1].u_pe.$procdff$2925 ($adff) from module tt_um_danieltyukov_int8_npu (D = \u_core.u_array.g_row[0].g_col[2].u_pe.w_reg, Q = \u_core.u_array.g_row[0].g_col[1].u_pe.w_reg).
Adding EN signal on $flatten\u_core.\u_array.\g_row[0].g_col[0].u_pe.$procdff$2925 ($adff) from module tt_um_danieltyukov_int8_npu (D = \u_core.u_array.g_row[0].g_col[1].u_pe.w_reg, Q = \u_core.u_array.g_row[0].g_col[0].u_pe.w_reg).
Adding EN signal on $flatten\u_core.$procdff$3017 ($adff) from module tt_um_danieltyukov_int8_npu (D = \u_core.u_host.byte_out [1:0], Q = \u_core.s_cnt_m1).
Adding EN signal on $flatten\u_core.$procdff$3016 ($adff) from module tt_um_danieltyukov_int8_npu (D = \u_core.u_host.byte_out [4:2], Q = \u_core.leaky_k_reg).
Adding EN signal on $flatten\u_core.$procdff$3015 ($adff) from module tt_um_danieltyukov_int8_npu (D = \u_core.u_host.byte_out [1:0], Q = \u_core.act_sel_reg).
Adding EN signal on $flatten\u_core.$procdff$3014 ($adff) from module tt_um_danieltyukov_int8_npu (D = \u_core.u_host.byte_out, Q = \u_core.clamp_hi_reg).
Adding EN signal on $flatten\u_core.$procdff$3013 ($adff) from module tt_um_danieltyukov_int8_npu (D = \u_core.u_host.byte_out, Q = \u_core.clamp_lo_reg).
Adding EN signal on $flatten\u_core.$procdff$3012 ($adff) from module tt_um_danieltyukov_int8_npu (D = \u_core.u_host.byte_out, Q = \u_core.zp_reg).
Adding EN signal on $flatten\u_core.$procdff$3011 ($adff) from module tt_um_danieltyukov_int8_npu (D = { \u_core.u_host.byte_out \u_core.quant_buf [95:8] }, Q = \u_core.quant_buf).
Adding EN signal on $flatten\u_core.$procdff$3010 ($adff) from module tt_um_danieltyukov_int8_npu (D = { \u_core.u_host.byte_out \u_core.bias_buf [95:8] }, Q = \u_core.bias_buf).
Adding EN signal on $flatten\u_core.$procdff$3009 ($adff) from module tt_um_danieltyukov_int8_npu (D = { \u_core.u_host.byte_out \u_core.act_buf [127:8] }, Q = \u_core.act_buf).
Adding EN signal on $flatten\u_core.$procdff$3008 ($adff) from module tt_um_danieltyukov_int8_npu (D = $flatten\u_core.$0\inj_idx[1:0], Q = \u_core.inj_idx).
Adding EN signal on $flatten\u_core.$procdff$3005 ($adff) from module tt_um_danieltyukov_int8_npu (D = $flatten\u_core.$0\err_code_reg[1:0], Q = \u_core.err_code_reg).
Adding EN signal on $flatten\u_core.$procdff$3002 ($adff) from module tt_um_danieltyukov_int8_npu (D = $flatten\u_core.$0\err_reg[0:0], Q = \u_core.err_reg).
Adding EN signal on $flatten\u_core.$procdff$2999 ($adff) from module tt_um_danieltyukov_int8_npu (D = $flatten\u_core.$0\req_c[1:0], Q = \u_core.req_c).
Adding EN signal on $flatten\u_core.$procdff$2998 ($adff) from module tt_um_danieltyukov_int8_npu (D = $flatten\u_core.$0\req_s[1:0], Q = \u_core.req_s).
Adding EN signal on $flatten\u_core.$procdff$2997 ($adff) from module tt_um_danieltyukov_int8_npu (D = \u_core.u_host.run_req, Q = \u_core.do_req).
Adding EN signal on $flatten\u_core.$procdff$2996 ($adff) from module tt_um_danieltyukov_int8_npu (D = $flatten\u_core.$logic_not$/home/danieltyukov/workspace/personal/tt-ihp-int8-npu/src/npu_core.sv:461$995_Y, Q = \u_core.acc_first).
Adding EN signal on $flatten\u_core.$procdff$2995 ($adff) from module tt_um_danieltyukov_int8_npu (D = $flatten\u_core.$0\cyc[3:0], Q = \u_core.cyc).
Adding EN signal on $flatten\u_core.$procdff$2994 ($adff) from module tt_um_danieltyukov_int8_npu (D = $flatten\u_core.$0\state[1:0], Q = \u_core.state).
Adding EN signal on $flatten\u_core.$procdff$2993 ($adff) from module tt_um_danieltyukov_int8_npu (D = $flatten\u_core.$0\g_bank[0].g_ent[0].q[23:0], Q = \u_core.g_bank[0].g_ent[0].q).
Adding EN signal on $flatten\u_core.$procdff$2992 ($adff) from module tt_um_danieltyukov_int8_npu (D = $flatten\u_core.$0\g_bank[0].g_ent[1].q[23:0], Q = \u_core.g_bank[0].g_ent[1].q).
Adding EN signal on $flatten\u_core.$procdff$2991 ($adff) from module tt_um_danieltyukov_int8_npu (D = $flatten\u_core.$0\g_bank[0].g_ent[2].q[23:0], Q = \u_core.g_bank[0].g_ent[2].q).
Adding EN signal on $flatten\u_core.$procdff$2990 ($adff) from module tt_um_danieltyukov_int8_npu (D = $flatten\u_core.$0\g_bank[0].g_ent[3].q[23:0], Q = \u_core.g_bank[0].g_ent[3].q).
Adding EN signal on $flatten\u_core.$procdff$2989 ($adff) from module tt_um_danieltyukov_int8_npu (D = $flatten\u_core.$0\g_bank[1].g_ent[0].q[23:0], Q = \u_core.g_bank[1].g_ent[0].q).
Adding EN signal on $flatten\u_core.$procdff$2988 ($adff) from module tt_um_danieltyukov_int8_npu (D = $flatten\u_core.$0\g_bank[1].g_ent[1].q[23:0], Q = \u_core.g_bank[1].g_ent[1].q).
Adding EN signal on $flatten\u_core.$procdff$2987 ($adff) from module tt_um_danieltyukov_int8_npu (D = $flatten\u_core.$0\g_bank[1].g_ent[2].q[23:0], Q = \u_core.g_bank[1].g_ent[2].q).
Adding EN signal on $flatten\u_core.$procdff$2986 ($adff) from module tt_um_danieltyukov_int8_npu (D = $flatten\u_core.$0\g_bank[1].g_ent[3].q[23:0], Q = \u_core.g_bank[1].g_ent[3].q).
Adding EN signal on $flatten\u_core.$procdff$2985 ($adff) from module tt_um_danieltyukov_int8_npu (D = $flatten\u_core.$0\g_bank[2].g_ent[0].q[23:0], Q = \u_core.g_bank[2].g_ent[0].q).
Adding EN signal on $flatten\u_core.$procdff$2984 ($adff) from module tt_um_danieltyukov_int8_npu (D = $flatten\u_core.$0\g_bank[2].g_ent[1].q[23:0], Q = \u_core.g_bank[2].g_ent[1].q).
Adding EN signal on $flatten\u_core.$procdff$2983 ($adff) from module tt_um_danieltyukov_int8_npu (D = $flatten\u_core.$0\g_bank[2].g_ent[2].q[23:0], Q = \u_core.g_bank[2].g_ent[2].q).
Adding EN signal on $flatten\u_core.$procdff$2982 ($adff) from module tt_um_danieltyukov_int8_npu (D = $flatten\u_core.$0\g_bank[2].g_ent[3].q[23:0], Q = \u_core.g_bank[2].g_ent[3].q).
Adding EN signal on $flatten\u_core.$procdff$2981 ($adff) from module tt_um_danieltyukov_int8_npu (D = $flatten\u_core.$0\g_bank[3].g_ent[0].q[23:0], Q = \u_core.g_bank[3].g_ent[0].q).
Adding EN signal on $flatten\u_core.$procdff$2980 ($adff) from module tt_um_danieltyukov_int8_npu (D = $flatten\u_core.$0\g_bank[3].g_ent[1].q[23:0], Q = \u_core.g_bank[3].g_ent[1].q).
Adding EN signal on $flatten\u_core.$procdff$2979 ($adff) from module tt_um_danieltyukov_int8_npu (D = $flatten\u_core.$0\g_bank[3].g_ent[2].q[23:0], Q = \u_core.g_bank[3].g_ent[2].q).
Adding EN signal on $flatten\u_core.$procdff$2978 ($adff) from module tt_um_danieltyukov_int8_npu (D = $flatten\u_core.$0\g_bank[3].g_ent[3].q[23:0], Q = \u_core.g_bank[3].g_ent[3].q).
Adding EN signal on $flatten\u_core.$procdff$2977 ($adff) from module tt_um_danieltyukov_int8_npu (D = $flatten\u_core.$0\g_res[0].q[7:0], Q = \u_core.g_res[0].q).
Adding EN signal on $flatten\u_core.$procdff$2976 ($adff) from module tt_um_danieltyukov_int8_npu (D = $flatten\u_core.$0\g_res[1].q[7:0], Q = \u_core.g_res[1].q).
Adding EN signal on $flatten\u_core.$procdff$2975 ($adff) from module tt_um_danieltyukov_int8_npu (D = $flatten\u_core.$0\g_res[2].q[7:0], Q = \u_core.g_res[2].q).
Adding EN signal on $flatten\u_core.$procdff$2974 ($adff) from module tt_um_danieltyukov_int8_npu (D = $flatten\u_core.$0\g_res[3].q[7:0], Q = \u_core.g_res[3].q).
Adding EN signal on $flatten\u_core.$procdff$2973 ($adff) from module tt_um_danieltyukov_int8_npu (D = $flatten\u_core.$0\g_res[4].q[7:0], Q = \u_core.g_res[4].q).
Adding EN signal on $flatten\u_core.$procdff$2972 ($adff) from module tt_um_danieltyukov_int8_npu (D = $flatten\u_core.$0\g_res[5].q[7:0], Q = \u_core.g_res[5].q).
Adding EN signal on $flatten\u_core.$procdff$2971 ($adff) from module tt_um_danieltyukov_int8_npu (D = $flatten\u_core.$0\g_res[6].q[7:0], Q = \u_core.g_res[6].q).
Adding EN signal on $flatten\u_core.$procdff$2970 ($adff) from module tt_um_danieltyukov_int8_npu (D = $flatten\u_core.$0\g_res[7].q[7:0], Q = \u_core.g_res[7].q).
Adding EN signal on $flatten\u_core.$procdff$2969 ($adff) from module tt_um_danieltyukov_int8_npu (D = $flatten\u_core.$0\g_res[8].q[7:0], Q = \u_core.g_res[8].q).
Adding EN signal on $flatten\u_core.$procdff$2968 ($adff) from module tt_um_danieltyukov_int8_npu (D = $flatten\u_core.$0\g_res[9].q[7:0], Q = \u_core.g_res[9].q).
Adding EN signal on $flatten\u_core.$procdff$2967 ($adff) from module tt_um_danieltyukov_int8_npu (D = $flatten\u_core.$0\g_res[10].q[7:0], Q = \u_core.g_res[10].q).
Adding EN signal on $flatten\u_core.$procdff$2966 ($adff) from module tt_um_danieltyukov_int8_npu (D = $flatten\u_core.$0\g_res[11].q[7:0], Q = \u_core.g_res[11].q).
Adding EN signal on $flatten\u_core.$procdff$2965 ($adff) from module tt_um_danieltyukov_int8_npu (D = $flatten\u_core.$0\g_res[12].q[7:0], Q = \u_core.g_res[12].q).
Adding EN signal on $flatten\u_core.$procdff$2964 ($adff) from module tt_um_danieltyukov_int8_npu (D = $flatten\u_core.$0\g_res[13].q[7:0], Q = \u_core.g_res[13].q).
Adding EN signal on $flatten\u_core.$procdff$2963 ($adff) from module tt_um_danieltyukov_int8_npu (D = $flatten\u_core.$0\g_res[14].q[7:0], Q = \u_core.g_res[14].q).
Adding EN signal on $flatten\u_core.$procdff$2962 ($adff) from module tt_um_danieltyukov_int8_npu (D = $flatten\u_core.$0\g_res[15].q[7:0], Q = \u_core.g_res[15].q).

16.9.7. Executing OPT_CLEAN pass (remove unused cells and wires).
Finding unused cells or wires in module \tt_um_danieltyukov_int8_npu..
Removed 58 unused cells and 58 unused wires.
<suppressed ~59 debug messages>

16.9.8. Executing OPT_EXPR pass (perform const folding).
Optimizing module tt_um_danieltyukov_int8_npu.
<suppressed ~48 debug messages>

16.9.9. Rerunning OPT passes. (Maybe there is more to do..)

16.9.10. Executing OPT_MUXTREE pass (detect dead branches in mux trees).
Running muxtree optimizer on module \tt_um_danieltyukov_int8_npu..
  Creating internal representation of mux trees.
  Evaluating internal representation of mux trees.
  Analyzing evaluation results.
Removed 0 multiplexer ports.
<suppressed ~103 debug messages>

16.9.11. Executing OPT_REDUCE pass (consolidate $*mux and $reduce_* inputs).
  Optimizing cells in module \tt_um_danieltyukov_int8_npu.
Performed a total of 0 changes.

16.9.12. Executing OPT_MERGE pass (detect identical cells).
Finding identical cells in module `\tt_um_danieltyukov_int8_npu'.
<suppressed ~117 debug messages>
Removed a total of 39 cells.

16.9.13. Executing OPT_DFF pass (perform DFF optimizations).

16.9.14. Executing OPT_CLEAN pass (remove unused cells and wires).
Finding unused cells or wires in module \tt_um_danieltyukov_int8_npu..
Removed 0 unused cells and 39 unused wires.
<suppressed ~1 debug messages>

16.9.15. Executing OPT_EXPR pass (perform const folding).
Optimizing module tt_um_danieltyukov_int8_npu.

16.9.16. Rerunning OPT passes. (Maybe there is more to do..)

16.9.17. Executing OPT_MUXTREE pass (detect dead branches in mux trees).
Running muxtree optimizer on module \tt_um_danieltyukov_int8_npu..
  Creating internal representation of mux trees.
  Evaluating internal representation of mux trees.
  Analyzing evaluation results.
Removed 0 multiplexer ports.
<suppressed ~105 debug messages>

16.9.18. Executing OPT_REDUCE pass (consolidate $*mux and $reduce_* inputs).
  Optimizing cells in module \tt_um_danieltyukov_int8_npu.
Performed a total of 0 changes.

16.9.19. Executing OPT_MERGE pass (detect identical cells).
Finding identical cells in module `\tt_um_danieltyukov_int8_npu'.
Removed a total of 0 cells.

16.9.20. Executing OPT_DFF pass (perform DFF optimizations).

16.9.21. Executing OPT_CLEAN pass (remove unused cells and wires).
Finding unused cells or wires in module \tt_um_danieltyukov_int8_npu..

16.9.22. Executing OPT_EXPR pass (perform const folding).
Optimizing module tt_um_danieltyukov_int8_npu.

16.9.23. Finished OPT passes. (There is nothing left to do.)

16.10. Executing WREDUCE pass (reducing word size of cells).
Removed top 28 address bits (of 32) from memory init port tt_um_danieltyukov_int8_npu.$flatten\u_core.\u_host.$auto$mem.cc:319:emit$2092 ($flatten\u_core.\u_host.$auto$proc_rom.cc:150:do_switch$2090).
Removed top 1 bits (of 4) from port B of cell tt_um_danieltyukov_int8_npu.$auto$opt_dff.cc:195:make_patterns_logic$3301 ($ne).
Removed top 1 bits (of 3) from port B of cell tt_um_danieltyukov_int8_npu.$auto$opt_dff.cc:195:make_patterns_logic$3260 ($ne).
Removed top 1 bits (of 4) from port B of cell tt_um_danieltyukov_int8_npu.$auto$opt_dff.cc:195:make_patterns_logic$3262 ($ne).
Removed top 1 bits (of 5) from port B of cell tt_um_danieltyukov_int8_npu.$auto$opt_dff.cc:195:make_patterns_logic$3269 ($ne).
Removed top 1 bits (of 4) from port B of cell tt_um_danieltyukov_int8_npu.$auto$opt_dff.cc:195:make_patterns_logic$3151 ($ne).
Removed top 1 bits (of 2) from port B of cell tt_um_danieltyukov_int8_npu.$auto$opt_dff.cc:195:make_patterns_logic$3183 ($ne).
Removed top 2 bits (of 4) from port B of cell tt_um_danieltyukov_int8_npu.$auto$opt_dff.cc:195:make_patterns_logic$3179 ($ne).
Removed top 1 bits (of 25) from port Y of cell tt_um_danieltyukov_int8_npu.$flatten\u_core.\g_bank[3].u_acc_add.$and$/home/danieltyukov/workspace/personal/tt-ihp-int8-npu/src/npu_adder.sv:60$1339 ($and).
Removed top 1 bits (of 25) from port A of cell tt_um_danieltyukov_int8_npu.$flatten\u_core.\g_bank[3].u_acc_add.$and$/home/danieltyukov/workspace/personal/tt-ihp-int8-npu/src/npu_adder.sv:60$1339 ($and).
Removed top 1 bits (of 25) from port B of cell tt_um_danieltyukov_int8_npu.$flatten\u_core.\g_bank[3].u_acc_add.$and$/home/danieltyukov/workspace/personal/tt-ihp-int8-npu/src/npu_adder.sv:60$1339 ($and).
Removed top 1 bits (of 25) from port Y of cell tt_um_danieltyukov_int8_npu.$flatten\u_core.\g_bank[2].u_acc_add.$and$/home/danieltyukov/workspace/personal/tt-ihp-int8-npu/src/npu_adder.sv:60$1339 ($and).
Removed top 1 bits (of 25) from port A of cell tt_um_danieltyukov_int8_npu.$flatten\u_core.\g_bank[2].u_acc_add.$and$/home/danieltyukov/workspace/personal/tt-ihp-int8-npu/src/npu_adder.sv:60$1339 ($and).
Removed top 1 bits (of 25) from port B of cell tt_um_danieltyukov_int8_npu.$flatten\u_core.\g_bank[2].u_acc_add.$and$/home/danieltyukov/workspace/personal/tt-ihp-int8-npu/src/npu_adder.sv:60$1339 ($and).
Removed top 1 bits (of 25) from port Y of cell tt_um_danieltyukov_int8_npu.$flatten\u_core.\g_bank[1].u_acc_add.$and$/home/danieltyukov/workspace/personal/tt-ihp-int8-npu/src/npu_adder.sv:60$1339 ($and).
Removed top 1 bits (of 25) from port A of cell tt_um_danieltyukov_int8_npu.$flatten\u_core.\g_bank[1].u_acc_add.$and$/home/danieltyukov/workspace/personal/tt-ihp-int8-npu/src/npu_adder.sv:60$1339 ($and).
Removed top 1 bits (of 25) from port B of cell tt_um_danieltyukov_int8_npu.$flatten\u_core.\g_bank[1].u_acc_add.$and$/home/danieltyukov/workspace/personal/tt-ihp-int8-npu/src/npu_adder.sv:60$1339 ($and).
Removed top 1 bits (of 25) from port Y of cell tt_um_danieltyukov_int8_npu.$flatten\u_core.\g_bank[0].u_acc_add.$and$/home/danieltyukov/workspace/personal/tt-ihp-int8-npu/src/npu_adder.sv:60$1339 ($and).
Removed top 1 bits (of 25) from port A of cell tt_um_danieltyukov_int8_npu.$flatten\u_core.\g_bank[0].u_acc_add.$and$/home/danieltyukov/workspace/personal/tt-ihp-int8-npu/src/npu_adder.sv:60$1339 ($and).
Removed top 1 bits (of 25) from port B of cell tt_um_danieltyukov_int8_npu.$flatten\u_core.\g_bank[0].u_acc_add.$and$/home/danieltyukov/workspace/personal/tt-ihp-int8-npu/src/npu_adder.sv:60$1339 ($and).
Removed top 2 bits (of 10) from port B of cell tt_um_danieltyukov_int8_npu.$flatten\u_core.\u_act.$gt$/home/danieltyukov/workspace/personal/tt-ihp-int8-npu/src/npu_activation.sv:44$4 ($gt).
Removed top 2 bits (of 10) from port B of cell tt_um_danieltyukov_int8_npu.$flatten\u_core.\u_act.$lt$/home/danieltyukov/workspace/personal/tt-ihp-int8-npu/src/npu_activation.sv:45$5 ($lt).
Removed top 1 bits (of 2) from port B of cell tt_um_danieltyukov_int8_npu.$flatten\u_core.\u_act.$eq$/home/danieltyukov/workspace/personal/tt-ihp-int8-npu/src/npu_activation.sv:51$12 ($eq).
Removed top 18 bits (of 26) from port B of cell tt_um_danieltyukov_int8_npu.$flatten\u_core.\u_requant.$gt$/home/danieltyukov/workspace/personal/tt-ihp-int8-npu/src/npu_requant.sv:130$1536 ($gt).
Removed top 18 bits (of 26) from port B of cell tt_um_danieltyukov_int8_npu.$flatten\u_core.\u_requant.$lt$/home/danieltyukov/workspace/personal/tt-ihp-int8-npu/src/npu_requant.sv:131$1537 ($lt).
Removed top 1 bits (of 6) from port A of cell tt_um_danieltyukov_int8_npu.$flatten\u_core.\u_requant.$add$/home/danieltyukov/workspace/personal/tt-ihp-int8-npu/src/npu_requant.sv:157$1542 ($add).
Removed top 1 bits (of 6) from port B of cell tt_um_danieltyukov_int8_npu.$flatten\u_core.\u_requant.$add$/home/danieltyukov/workspace/personal/tt-ihp-int8-npu/src/npu_requant.sv:157$1542 ($add).
Removed top 3 bits (of 4) from port B of cell tt_um_danieltyukov_int8_npu.$flatten\u_core.\u_requant.$eq$/home/danieltyukov/workspace/personal/tt-ihp-int8-npu/src/npu_requant.sv:168$1544 ($eq).
Removed top 1 bits (of 2) from mux cell tt_um_danieltyukov_int8_npu.$flatten\u_core.\u_requant.$ternary$/home/danieltyukov/workspace/personal/tt-ihp-int8-npu/src/npu_requant.sv:168$1546 ($mux).
Removed top 3 bits (of 6) from port B of cell tt_um_danieltyukov_int8_npu.$flatten\u_core.\u_requant.$ge$/home/danieltyukov/workspace/personal/tt-ihp-int8-npu/src/npu_requant.sv:174$1547 ($ge).
Removed top 3 bits (of 6) from port B of cell tt_um_danieltyukov_int8_npu.$flatten\u_core.\u_requant.$sub$/home/danieltyukov/workspace/personal/tt-ihp-int8-npu/src/npu_requant.sv:178$1552 ($sub).
Removed top 3 bits (of 6) from port B of cell tt_um_danieltyukov_int8_npu.$flatten\u_core.\u_requant.$eq$/home/danieltyukov/workspace/personal/tt-ihp-int8-npu/src/npu_requant.sv:179$1553 ($eq).
Removed top 5 bits (of 6) from port B of cell tt_um_danieltyukov_int8_npu.$flatten\u_core.\u_requant.$sub$/home/danieltyukov/workspace/personal/tt-ihp-int8-npu/src/npu_requant.sv:184$1555 ($sub).
Removed top 5 bits (of 6) from port B of cell tt_um_danieltyukov_int8_npu.$flatten\u_core.\u_requant.$eq$/home/danieltyukov/workspace/personal/tt-ihp-int8-npu/src/npu_requant.sv:185$1556 ($eq).
Removed top 1 bits (of 2) from port B of cell tt_um_danieltyukov_int8_npu.$flatten\u_core.\u_requant.$procmux$2478_CMP0 ($eq).
Removed top 1 bits (of 2) from port B of cell tt_um_danieltyukov_int8_npu.$auto$opt_dff.cc:195:make_patterns_logic$3078 ($ne).
Removed top 2 bits (of 45) from mux cell tt_um_danieltyukov_int8_npu.$flatten\u_core.\u_requant.$procmux$2516 ($mux).
Removed top 1 bits (of 26) from port Y of cell tt_um_danieltyukov_int8_npu.$flatten\u_core.\u_requant.\u_add.$and$/home/danieltyukov/workspace/personal/tt-ihp-int8-npu/src/npu_adder.sv:60$1610 ($and).
Removed top 1 bits (of 26) from port A of cell tt_um_danieltyukov_int8_npu.$flatten\u_core.\u_requant.\u_add.$and$/home/danieltyukov/workspace/personal/tt-ihp-int8-npu/src/npu_adder.sv:60$1610 ($and).
Removed top 1 bits (of 26) from port B of cell tt_um_danieltyukov_int8_npu.$flatten\u_core.\u_requant.\u_add.$and$/home/danieltyukov/workspace/personal/tt-ihp-int8-npu/src/npu_adder.sv:60$1610 ($and).
Removed top 1 bits (of 19) from port Y of cell tt_um_danieltyukov_int8_npu.$flatten\u_core.\u_array.\g_row[3].g_col[3].u_pe.\u_add.$and$/home/danieltyukov/workspace/personal/tt-ihp-int8-npu/src/npu_adder.sv:60$1807 ($and).
Removed top 1 bits (of 19) from port A of cell tt_um_danieltyukov_int8_npu.$flatten\u_core.\u_array.\g_row[3].g_col[3].u_pe.\u_add.$and$/home/danieltyukov/workspace/personal/tt-ihp-int8-npu/src/npu_adder.sv:60$1807 ($and).
Removed top 1 bits (of 19) from port B of cell tt_um_danieltyukov_int8_npu.$flatten\u_core.\u_array.\g_row[3].g_col[3].u_pe.\u_add.$and$/home/danieltyukov/workspace/personal/tt-ihp-int8-npu/src/npu_adder.sv:60$1807 ($and).
Removed top 8 bits (of 16) from port A of cell tt_um_danieltyukov_int8_npu.$flatten\u_core.\u_array.\g_row[3].g_col[3].u_pe.\u_mul.\g_bw.g_wallace.u_tree.$xor$/home/danieltyukov/workspace/personal/tt-ihp-int8-npu/src/npu_csa_reduce.sv:49$1940 ($xor).
Removed top 7 bits (of 16) from port B of cell tt_um_danieltyukov_int8_npu.$flatten\u_core.\u_array.\g_row[3].g_col[3].u_pe.\u_mul.\g_bw.g_wallace.u_tree.$xor$/home/danieltyukov/workspace/personal/tt-ihp-int8-npu/src/npu_csa_reduce.sv:49$1940 ($xor).
Removed top 7 bits (of 16) from port Y of cell tt_um_danieltyukov_int8_npu.$flatten\u_core.\u_array.\g_row[3].g_col[3].u_pe.\u_mul.\g_bw.g_wallace.u_tree.$xor$/home/danieltyukov/workspace/personal/tt-ihp-int8-npu/src/npu_csa_reduce.sv:49$1940 ($xor).
Removed top 1 bits (of 16) from port Y of cell tt_um_danieltyukov_int8_npu.$flatten\u_core.\u_array.\g_row[3].g_col[3].u_pe.\u_mul.\u_cpa.$and$/home/danieltyukov/workspace/personal/tt-ihp-int8-npu/src/npu_adder.sv:60$1963 ($and).
Removed top 1 bits (of 16) from port A of cell tt_um_danieltyukov_int8_npu.$flatten\u_core.\u_array.\g_row[3].g_col[3].u_pe.\u_mul.\u_cpa.$and$/home/danieltyukov/workspace/personal/tt-ihp-int8-npu/src/npu_adder.sv:60$1963 ($and).
Removed top 1 bits (of 16) from port B of cell tt_um_danieltyukov_int8_npu.$flatten\u_core.\u_array.\g_row[3].g_col[3].u_pe.\u_mul.\u_cpa.$and$/home/danieltyukov/workspace/personal/tt-ihp-int8-npu/src/npu_adder.sv:60$1963 ($and).
Removed top 1 bits (of 16) from port Y of cell tt_um_danieltyukov_int8_npu.$flatten\u_core.\u_array.\g_row[3].g_col[3].u_pe.\u_mul.\g_bw.g_wallace.u_tree.\genblk1.g_reduce.u_next.$or$/home/danieltyukov/workspace/personal/tt-ihp-int8-npu/src/npu_csa_reduce.sv:53$2072 ($or).
Removed top 1 bits (of 16) from port A of cell tt_um_danieltyukov_int8_npu.$flatten\u_core.\u_array.\g_row[3].g_col[3].u_pe.\u_mul.\g_bw.g_wallace.u_tree.\genblk1.g_reduce.u_next.$or$/home/danieltyukov/workspace/personal/tt-ihp-int8-npu/src/npu_csa_reduce.sv:53$2072 ($or).
Removed top 1 bits (of 16) from port B of cell tt_um_danieltyukov_int8_npu.$flatten\u_core.\u_array.\g_row[3].g_col[3].u_pe.\u_mul.\g_bw.g_wallace.u_tree.\genblk1.g_reduce.u_next.$or$/home/danieltyukov/workspace/personal/tt-ihp-int8-npu/src/npu_csa_reduce.sv:53$2072 ($or).
Removed top 1 bits (of 16) from port Y of cell tt_um_danieltyukov_int8_npu.$flatten\u_core.\u_array.\g_row[3].g_col[3].u_pe.\u_mul.\g_bw.g_wallace.u_tree.\genblk1.g_reduce.u_next.$or$/home/danieltyukov/workspace/personal/tt-ihp-int8-npu/src/npu_csa_reduce.sv:53$2079 ($or).
Removed top 1 bits (of 16) from port A of cell tt_um_danieltyukov_int8_npu.$flatten\u_core.\u_array.\g_row[3].g_col[3].u_pe.\u_mul.\g_bw.g_wallace.u_tree.\genblk1.g_reduce.u_next.$or$/home/danieltyukov/workspace/personal/tt-ihp-int8-npu/src/npu_csa_reduce.sv:53$2079 ($or).
Removed top 1 bits (of 16) from port B of cell tt_um_danieltyukov_int8_npu.$flatten\u_core.\u_array.\g_row[3].g_col[3].u_pe.\u_mul.\g_bw.g_wallace.u_tree.\genblk1.g_reduce.u_next.$or$/home/danieltyukov/workspace/personal/tt-ihp-int8-npu/src/npu_csa_reduce.sv:53$2079 ($or).
Removed top 1 bits (of 16) from port Y of cell tt_um_danieltyukov_int8_npu.$flatten\u_core.\u_array.\g_row[3].g_col[3].u_pe.\u_mul.\g_bw.g_wallace.u_tree.\genblk1.g_reduce.u_next.\genblk1.g_reduce.u_next.\genblk1.g_reduce.u_next.$or$/home/danieltyukov/workspace/personal/tt-ihp-int8-npu/src/npu_csa_reduce.sv:53$1938 ($or).
Removed top 1 bits (of 16) from port A of cell tt_um_danieltyukov_int8_npu.$flatten\u_core.\u_array.\g_row[3].g_col[3].u_pe.\u_mul.\g_bw.g_wallace.u_tree.\genblk1.g_reduce.u_next.\genblk1.g_reduce.u_next.\genblk1.g_reduce.u_next.$or$/home/danieltyukov/workspace/personal/tt-ihp-int8-npu/src/npu_csa_reduce.sv:53$1938 ($or).
Removed top 1 bits (of 16) from port B of cell tt_um_danieltyukov_int8_npu.$flatten\u_core.\u_array.\g_row[3].g_col[3].u_pe.\u_mul.\g_bw.g_wallace.u_tree.\genblk1.g_reduce.u_next.\genblk1.g_reduce.u_next.\genblk1.g_reduce.u_next.$or$/home/danieltyukov/workspace/personal/tt-ihp-int8-npu/src/npu_csa_reduce.sv:53$1938 ($or).
Removed top 1 bits (of 16) from port Y of cell tt_um_danieltyukov_int8_npu.$flatten\u_core.\u_array.\g_row[3].g_col[3].u_pe.\u_mul.\g_bw.g_wallace.u_tree.\genblk1.g_reduce.u_next.\genblk1.g_reduce.u_next.$or$/home/danieltyukov/workspace/personal/tt-ihp-int8-npu/src/npu_csa_reduce.sv:53$2087 ($or).
Removed top 1 bits (of 16) from port A of cell tt_um_danieltyukov_int8_npu.$flatten\u_core.\u_array.\g_row[3].g_col[3].u_pe.\u_mul.\g_bw.g_wallace.u_tree.\genblk1.g_reduce.u_next.\genblk1.g_reduce.u_next.$or$/home/danieltyukov/workspace/personal/tt-ihp-int8-npu/src/npu_csa_reduce.sv:53$2087 ($or).
Removed top 1 bits (of 16) from port B of cell tt_um_danieltyukov_int8_npu.$flatten\u_core.\u_array.\g_row[3].g_col[3].u_pe.\u_mul.\g_bw.g_wallace.u_tree.\genblk1.g_reduce.u_next.\genblk1.g_reduce.u_next.$or$/home/danieltyukov/workspace/personal/tt-ihp-int8-npu/src/npu_csa_reduce.sv:53$2087 ($or).
Removed top 1 bits (of 16) from port Y of cell tt_um_danieltyukov_int8_npu.$flatten\u_core.\u_array.\g_row[3].g_col[3].u_pe.\u_mul.\g_bw.g_wallace.u_tree.\genblk1.g_reduce.u_next.\genblk1.g_reduce.u_next.$and$/home/danieltyukov/workspace/personal/tt-ihp-int8-npu/src/npu_csa_reduce.sv:53$2086 ($and).
Removed top 1 bits (of 16) from port A of cell tt_um_danieltyukov_int8_npu.$flatten\u_core.\u_array.\g_row[3].g_col[3].u_pe.\u_mul.\g_bw.g_wallace.u_tree.\genblk1.g_reduce.u_next.\genblk1.g_reduce.u_next.$and$/home/danieltyukov/workspace/personal/tt-ihp-int8-npu/src/npu_csa_reduce.sv:53$2086 ($and).
Removed top 1 bits (of 16) from port B of cell tt_um_danieltyukov_int8_npu.$flatten\u_core.\u_array.\g_row[3].g_col[3].u_pe.\u_mul.\g_bw.g_wallace.u_tree.\genblk1.g_reduce.u_next.\genblk1.g_reduce.u_next.$and$/home/danieltyukov/workspace/personal/tt-ihp-int8-npu/src/npu_csa_reduce.sv:53$2086 ($and).
Removed top 1 bits (of 16) from port Y of cell tt_um_danieltyukov_int8_npu.$flatten\u_core.\u_array.\g_row[3].g_col[3].u_pe.\u_mul.\g_bw.g_wallace.u_tree.\genblk1.g_reduce.u_next.\genblk1.g_reduce.u_next.$or$/home/danieltyukov/workspace/personal/tt-ihp-int8-npu/src/npu_csa_reduce.sv:53$2085 ($or).
Removed top 1 bits (of 16) from port A of cell tt_um_danieltyukov_int8_npu.$flatten\u_core.\u_array.\g_row[3].g_col[3].u_pe.\u_mul.\g_bw.g_wallace.u_tree.\genblk1.g_reduce.u_next.\genblk1.g_reduce.u_next.$or$/home/danieltyukov/workspace/personal/tt-ihp-int8-npu/src/npu_csa_reduce.sv:53$2085 ($or).
Removed top 1 bits (of 16) from port B of cell tt_um_danieltyukov_int8_npu.$flatten\u_core.\u_array.\g_row[3].g_col[3].u_pe.\u_mul.\g_bw.g_wallace.u_tree.\genblk1.g_reduce.u_next.\genblk1.g_reduce.u_next.$or$/home/danieltyukov/workspace/personal/tt-ihp-int8-npu/src/npu_csa_reduce.sv:53$2085 ($or).
Removed top 1 bits (of 16) from port Y of cell tt_um_danieltyukov_int8_npu.$flatten\u_core.\u_array.\g_row[3].g_col[3].u_pe.\u_mul.\g_bw.g_wallace.u_tree.\genblk1.g_reduce.u_next.\genblk1.g_reduce.u_next.$and$/home/danieltyukov/workspace/personal/tt-ihp-int8-npu/src/npu_csa_reduce.sv:53$2084 ($and).
Removed top 1 bits (of 16) from port A of cell tt_um_danieltyukov_int8_npu.$flatten\u_core.\u_array.\g_row[3].g_col[3].u_pe.\u_mul.\g_bw.g_wallace.u_tree.\genblk1.g_reduce.u_next.\genblk1.g_reduce.u_next.$and$/home/danieltyukov/workspace/personal/tt-ihp-int8-npu/src/npu_csa_reduce.sv:53$2084 ($and).
Removed top 1 bits (of 16) from port B of cell tt_um_danieltyukov_int8_npu.$flatten\u_core.\u_array.\g_row[3].g_col[3].u_pe.\u_mul.\g_bw.g_wallace.u_tree.\genblk1.g_reduce.u_next.\genblk1.g_reduce.u_next.$and$/home/danieltyukov/workspace/personal/tt-ihp-int8-npu/src/npu_csa_reduce.sv:53$2084 ($and).
Removed top 1 bits (of 16) from port Y of cell tt_um_danieltyukov_int8_npu.$flatten\u_core.\u_array.\g_row[3].g_col[3].u_pe.\u_mul.\g_bw.g_wallace.u_tree.\genblk1.g_reduce.u_next.\genblk1.g_reduce.u_next.$and$/home/danieltyukov/workspace/personal/tt-ihp-int8-npu/src/npu_csa_reduce.sv:53$2083 ($and).
Removed top 1 bits (of 16) from port A of cell tt_um_danieltyukov_int8_npu.$flatten\u_core.\u_array.\g_row[3].g_col[3].u_pe.\u_mul.\g_bw.g_wallace.u_tree.\genblk1.g_reduce.u_next.\genblk1.g_reduce.u_next.$and$/home/danieltyukov/workspace/personal/tt-ihp-int8-npu/src/npu_csa_reduce.sv:53$2083 ($and).
Removed top 1 bits (of 16) from port B of cell tt_um_danieltyukov_int8_npu.$flatten\u_core.\u_array.\g_row[3].g_col[3].u_pe.\u_mul.\g_bw.g_wallace.u_tree.\genblk1.g_reduce.u_next.\genblk1.g_reduce.u_next.$and$/home/danieltyukov/workspace/personal/tt-ihp-int8-npu/src/npu_csa_reduce.sv:53$2083 ($and).
Removed top 7 bits (of 16) from port B of cell tt_um_danieltyukov_int8_npu.$flatten\u_core.\u_array.\g_row[3].g_col[3].u_pe.\u_mul.\g_bw.g_wallace.u_tree.$or$/home/danieltyukov/workspace/personal/tt-ihp-int8-npu/src/npu_csa_reduce.sv:53$1960 ($or).
Removed top 1 bits (of 16) from port Y of cell tt_um_danieltyukov_int8_npu.$flatten\u_core.\u_array.\g_row[3].g_col[3].u_pe.\u_mul.\g_bw.g_wallace.u_tree.$or$/home/danieltyukov/workspace/personal/tt-ihp-int8-npu/src/npu_csa_reduce.sv:53$1960 ($or).
Removed top 1 bits (of 16) from port A of cell tt_um_danieltyukov_int8_npu.$flatten\u_core.\u_array.\g_row[3].g_col[3].u_pe.\u_mul.\g_bw.g_wallace.u_tree.$or$/home/danieltyukov/workspace/personal/tt-ihp-int8-npu/src/npu_csa_reduce.sv:53$1960 ($or).
Removed top 7 bits (of 16) from port B of cell tt_um_danieltyukov_int8_npu.$flatten\u_core.\u_array.\g_row[3].g_col[3].u_pe.\u_mul.\g_bw.g_wallace.u_tree.$or$/home/danieltyukov/workspace/personal/tt-ihp-int8-npu/src/npu_csa_reduce.sv:53$1958 ($or).
Removed top 1 bits (of 16) from port Y of cell tt_um_danieltyukov_int8_npu.$flatten\u_core.\u_array.\g_row[3].g_col[3].u_pe.\u_mul.\g_bw.g_wallace.u_tree.$or$/home/danieltyukov/workspace/personal/tt-ihp-int8-npu/src/npu_csa_reduce.sv:53$1958 ($or).
Removed top 1 bits (of 16) from port A of cell tt_um_danieltyukov_int8_npu.$flatten\u_core.\u_array.\g_row[3].g_col[3].u_pe.\u_mul.\g_bw.g_wallace.u_tree.$or$/home/danieltyukov/workspace/personal/tt-ihp-int8-npu/src/npu_csa_reduce.sv:53$1958 ($or).
Removed top 2 bits (of 16) from port A of cell tt_um_danieltyukov_int8_npu.$flatten\u_core.\u_array.\g_row[3].g_col[3].u_pe.\u_mul.\g_bw.g_wallace.u_tree.$and$/home/danieltyukov/workspace/personal/tt-ihp-int8-npu/src/npu_csa_reduce.sv:53$1956 ($and).
Removed top 1 bits (of 16) from port B of cell tt_um_danieltyukov_int8_npu.$flatten\u_core.\u_array.\g_row[3].g_col[3].u_pe.\u_mul.\g_bw.g_wallace.u_tree.$and$/home/danieltyukov/workspace/personal/tt-ihp-int8-npu/src/npu_csa_reduce.sv:53$1956 ($and).
Removed top 1 bits (of 16) from port Y of cell tt_um_danieltyukov_int8_npu.$flatten\u_core.\u_array.\g_row[3].g_col[3].u_pe.\u_mul.\g_bw.g_wallace.u_tree.$and$/home/danieltyukov/workspace/personal/tt-ihp-int8-npu/src/npu_csa_reduce.sv:53$1956 ($and).
Removed top 2 bits (of 16) from port A of cell tt_um_danieltyukov_int8_npu.$flatten\u_core.\u_array.\g_row[3].g_col[3].u_pe.\u_mul.\g_bw.g_wallace.u_tree.$xor$/home/danieltyukov/workspace/personal/tt-ihp-int8-npu/src/npu_csa_reduce.sv:49$1954 ($xor).
Removed top 1 bits (of 16) from port B of cell tt_um_danieltyukov_int8_npu.$flatten\u_core.\u_array.\g_row[3].g_col[3].u_pe.\u_mul.\g_bw.g_wallace.u_tree.$xor$/home/danieltyukov/workspace/personal/tt-ihp-int8-npu/src/npu_csa_reduce.sv:49$1954 ($xor).
Removed top 1 bits (of 16) from port Y of cell tt_um_danieltyukov_int8_npu.$flatten\u_core.\u_array.\g_row[3].g_col[3].u_pe.\u_mul.\g_bw.g_wallace.u_tree.$xor$/home/danieltyukov/workspace/personal/tt-ihp-int8-npu/src/npu_csa_reduce.sv:49$1954 ($xor).
Removed top 1 bits (of 16) from port Y of cell tt_um_danieltyukov_int8_npu.$flatten\u_core.\u_array.\g_row[3].g_col[3].u_pe.\u_mul.\g_bw.g_wallace.u_tree.$or$/home/danieltyukov/workspace/personal/tt-ihp-int8-npu/src/npu_csa_reduce.sv:53$1953 ($or).
Removed top 1 bits (of 16) from port A of cell tt_um_danieltyukov_int8_npu.$flatten\u_core.\u_array.\g_row[3].g_col[3].u_pe.\u_mul.\g_bw.g_wallace.u_tree.$or$/home/danieltyukov/workspace/personal/tt-ihp-int8-npu/src/npu_csa_reduce.sv:53$1953 ($or).
Removed top 1 bits (of 16) from port B of cell tt_um_danieltyukov_int8_npu.$flatten\u_core.\u_array.\g_row[3].g_col[3].u_pe.\u_mul.\g_bw.g_wallace.u_tree.$or$/home/danieltyukov/workspace/personal/tt-ihp-int8-npu/src/npu_csa_reduce.sv:53$1953 ($or).
Removed top 4 bits (of 16) from port A of cell tt_um_danieltyukov_int8_npu.$flatten\u_core.\u_array.\g_row[3].g_col[3].u_pe.\u_mul.\g_bw.g_wallace.u_tree.$and$/home/danieltyukov/workspace/personal/tt-ihp-int8-npu/src/npu_csa_reduce.sv:53$1952 ($and).
Removed top 3 bits (of 16) from port B of cell tt_um_danieltyukov_int8_npu.$flatten\u_core.\u_array.\g_row[3].g_col[3].u_pe.\u_mul.\g_bw.g_wallace.u_tree.$and$/home/danieltyukov/workspace/personal/tt-ihp-int8-npu/src/npu_csa_reduce.sv:53$1952 ($and).
Removed top 3 bits (of 16) from port Y of cell tt_um_danieltyukov_int8_npu.$flatten\u_core.\u_array.\g_row[3].g_col[3].u_pe.\u_mul.\g_bw.g_wallace.u_tree.$and$/home/danieltyukov/workspace/personal/tt-ihp-int8-npu/src/npu_csa_reduce.sv:53$1952 ($and).
Removed top 1 bits (of 16) from port Y of cell tt_um_danieltyukov_int8_npu.$flatten\u_core.\u_array.\g_row[3].g_col[3].u_pe.\u_mul.\g_bw.g_wallace.u_tree.$or$/home/danieltyukov/workspace/personal/tt-ihp-int8-npu/src/npu_csa_reduce.sv:53$1951 ($or).
Removed top 1 bits (of 16) from port A of cell tt_um_danieltyukov_int8_npu.$flatten\u_core.\u_array.\g_row[3].g_col[3].u_pe.\u_mul.\g_bw.g_wallace.u_tree.$or$/home/danieltyukov/workspace/personal/tt-ihp-int8-npu/src/npu_csa_reduce.sv:53$1951 ($or).
Removed top 1 bits (of 16) from port B of cell tt_um_danieltyukov_int8_npu.$flatten\u_core.\u_array.\g_row[3].g_col[3].u_pe.\u_mul.\g_bw.g_wallace.u_tree.$or$/home/danieltyukov/workspace/personal/tt-ihp-int8-npu/src/npu_csa_reduce.sv:53$1951 ($or).
Removed top 5 bits (of 16) from port A of cell tt_um_danieltyukov_int8_npu.$flatten\u_core.\u_array.\g_row[3].g_col[3].u_pe.\u_mul.\g_bw.g_wallace.u_tree.$and$/home/danieltyukov/workspace/personal/tt-ihp-int8-npu/src/npu_csa_reduce.sv:53$1950 ($and).
Removed top 3 bits (of 16) from port B of cell tt_um_danieltyukov_int8_npu.$flatten\u_core.\u_array.\g_row[3].g_col[3].u_pe.\u_mul.\g_bw.g_wallace.u_tree.$and$/home/danieltyukov/workspace/personal/tt-ihp-int8-npu/src/npu_csa_reduce.sv:53$1950 ($and).
Removed top 3 bits (of 16) from port Y of cell tt_um_danieltyukov_int8_npu.$flatten\u_core.\u_array.\g_row[3].g_col[3].u_pe.\u_mul.\g_bw.g_wallace.u_tree.$and$/home/danieltyukov/workspace/personal/tt-ihp-int8-npu/src/npu_csa_reduce.sv:53$1950 ($and).
Removed top 5 bits (of 16) from port A of cell tt_um_danieltyukov_int8_npu.$flatten\u_core.\u_array.\g_row[3].g_col[3].u_pe.\u_mul.\g_bw.g_wallace.u_tree.$and$/home/danieltyukov/workspace/personal/tt-ihp-int8-npu/src/npu_csa_reduce.sv:53$1949 ($and).
Removed top 4 bits (of 16) from port B of cell tt_um_danieltyukov_int8_npu.$flatten\u_core.\u_array.\g_row[3].g_col[3].u_pe.\u_mul.\g_bw.g_wallace.u_tree.$and$/home/danieltyukov/workspace/personal/tt-ihp-int8-npu/src/npu_csa_reduce.sv:53$1949 ($and).
Removed top 4 bits (of 16) from port Y of cell tt_um_danieltyukov_int8_npu.$flatten\u_core.\u_array.\g_row[3].g_col[3].u_pe.\u_mul.\g_bw.g_wallace.u_tree.$and$/home/danieltyukov/workspace/personal/tt-ihp-int8-npu/src/npu_csa_reduce.sv:53$1949 ($and).
Removed top 3 bits (of 16) from port B of cell tt_um_danieltyukov_int8_npu.$flatten\u_core.\u_array.\g_row[3].g_col[3].u_pe.\u_mul.\g_bw.g_wallace.u_tree.$xor$/home/danieltyukov/workspace/personal/tt-ihp-int8-npu/src/npu_csa_reduce.sv:49$1948 ($xor).
Removed top 5 bits (of 16) from port A of cell tt_um_danieltyukov_int8_npu.$flatten\u_core.\u_array.\g_row[3].g_col[3].u_pe.\u_mul.\g_bw.g_wallace.u_tree.$xor$/home/danieltyukov/workspace/personal/tt-ihp-int8-npu/src/npu_csa_reduce.sv:49$1947 ($xor).
Removed top 4 bits (of 16) from port B of cell tt_um_danieltyukov_int8_npu.$flatten\u_core.\u_array.\g_row[3].g_col[3].u_pe.\u_mul.\g_bw.g_wallace.u_tree.$xor$/home/danieltyukov/workspace/personal/tt-ihp-int8-npu/src/npu_csa_reduce.sv:49$1947 ($xor).
Removed top 4 bits (of 16) from port Y of cell tt_um_danieltyukov_int8_npu.$flatten\u_core.\u_array.\g_row[3].g_col[3].u_pe.\u_mul.\g_bw.g_wallace.u_tree.$xor$/home/danieltyukov/workspace/personal/tt-ihp-int8-npu/src/npu_csa_reduce.sv:49$1947 ($xor).
Removed top 1 bits (of 16) from port Y of cell tt_um_danieltyukov_int8_npu.$flatten\u_core.\u_array.\g_row[3].g_col[3].u_pe.\u_mul.\g_bw.g_wallace.u_tree.$or$/home/danieltyukov/workspace/personal/tt-ihp-int8-npu/src/npu_csa_reduce.sv:53$1946 ($or).
Removed top 1 bits (of 16) from port A of cell tt_um_danieltyukov_int8_npu.$flatten\u_core.\u_array.\g_row[3].g_col[3].u_pe.\u_mul.\g_bw.g_wallace.u_tree.$or$/home/danieltyukov/workspace/personal/tt-ihp-int8-npu/src/npu_csa_reduce.sv:53$1946 ($or).
Removed top 1 bits (of 16) from port B of cell tt_um_danieltyukov_int8_npu.$flatten\u_core.\u_array.\g_row[3].g_col[3].u_pe.\u_mul.\g_bw.g_wallace.u_tree.$or$/home/danieltyukov/workspace/personal/tt-ihp-int8-npu/src/npu_csa_reduce.sv:53$1946 ($or).
Removed top 7 bits (of 16) from port A of cell tt_um_danieltyukov_int8_npu.$flatten\u_core.\u_array.\g_row[3].g_col[3].u_pe.\u_mul.\g_bw.g_wallace.u_tree.$and$/home/danieltyukov/workspace/personal/tt-ihp-int8-npu/src/npu_csa_reduce.sv:53$1945 ($and).
Removed top 6 bits (of 16) from port B of cell tt_um_danieltyukov_int8_npu.$flatten\u_core.\u_array.\g_row[3].g_col[3].u_pe.\u_mul.\g_bw.g_wallace.u_tree.$and$/home/danieltyukov/workspace/personal/tt-ihp-int8-npu/src/npu_csa_reduce.sv:53$1945 ($and).
Removed top 6 bits (of 16) from port Y of cell tt_um_danieltyukov_int8_npu.$flatten\u_core.\u_array.\g_row[3].g_col[3].u_pe.\u_mul.\g_bw.g_wallace.u_tree.$and$/home/danieltyukov/workspace/personal/tt-ihp-int8-npu/src/npu_csa_reduce.sv:53$1945 ($and).
Removed top 1 bits (of 16) from port Y of cell tt_um_danieltyukov_int8_npu.$flatten\u_core.\u_array.\g_row[3].g_col[3].u_pe.\u_mul.\g_bw.g_wallace.u_tree.$or$/home/danieltyukov/workspace/personal/tt-ihp-int8-npu/src/npu_csa_reduce.sv:53$1944 ($or).
Removed top 1 bits (of 16) from port A of cell tt_um_danieltyukov_int8_npu.$flatten\u_core.\u_array.\g_row[3].g_col[3].u_pe.\u_mul.\g_bw.g_wallace.u_tree.$or$/home/danieltyukov/workspace/personal/tt-ihp-int8-npu/src/npu_csa_reduce.sv:53$1944 ($or).
Removed top 1 bits (of 16) from port B of cell tt_um_danieltyukov_int8_npu.$flatten\u_core.\u_array.\g_row[3].g_col[3].u_pe.\u_mul.\g_bw.g_wallace.u_tree.$or$/home/danieltyukov/workspace/personal/tt-ihp-int8-npu/src/npu_csa_reduce.sv:53$1944 ($or).
Removed top 8 bits (of 16) from port A of cell tt_um_danieltyukov_int8_npu.$flatten\u_core.\u_array.\g_row[3].g_col[3].u_pe.\u_mul.\g_bw.g_wallace.u_tree.$and$/home/danieltyukov/workspace/personal/tt-ihp-int8-npu/src/npu_csa_reduce.sv:53$1943 ($and).
Removed top 6 bits (of 16) from port B of cell tt_um_danieltyukov_int8_npu.$flatten\u_core.\u_array.\g_row[3].g_col[3].u_pe.\u_mul.\g_bw.g_wallace.u_tree.$and$/home/danieltyukov/workspace/personal/tt-ihp-int8-npu/src/npu_csa_reduce.sv:53$1943 ($and).
Removed top 6 bits (of 16) from port Y of cell tt_um_danieltyukov_int8_npu.$flatten\u_core.\u_array.\g_row[3].g_col[3].u_pe.\u_mul.\g_bw.g_wallace.u_tree.$and$/home/danieltyukov/workspace/personal/tt-ihp-int8-npu/src/npu_csa_reduce.sv:53$1943 ($and).
Removed top 8 bits (of 16) from port A of cell tt_um_danieltyukov_int8_npu.$flatten\u_core.\u_array.\g_row[3].g_col[3].u_pe.\u_mul.\g_bw.g_wallace.u_tree.$and$/home/danieltyukov/workspace/personal/tt-ihp-int8-npu/src/npu_csa_reduce.sv:53$1942 ($and).
Removed top 7 bits (of 16) from port B of cell tt_um_danieltyukov_int8_npu.$flatten\u_core.\u_array.\g_row[3].g_col[3].u_pe.\u_mul.\g_bw.g_wallace.u_tree.$and$/home/danieltyukov/workspace/personal/tt-ihp-int8-npu/src/npu_csa_reduce.sv:53$1942 ($and).
Removed top 7 bits (of 16) from port Y of cell tt_um_danieltyukov_int8_npu.$flatten\u_core.\u_array.\g_row[3].g_col[3].u_pe.\u_mul.\g_bw.g_wallace.u_tree.$and$/home/danieltyukov/workspace/personal/tt-ihp-int8-npu/src/npu_csa_reduce.sv:53$1942 ($and).
Removed top 7 bits (of 16) from port A of cell tt_um_danieltyukov_int8_npu.$flatten\u_core.\u_array.\g_row[3].g_col[3].u_pe.\u_mul.\g_bw.g_wallace.u_tree.$xor$/home/danieltyukov/workspace/personal/tt-ihp-int8-npu/src/npu_csa_reduce.sv:49$1941 ($xor).
Removed top 6 bits (of 16) from port B of cell tt_um_danieltyukov_int8_npu.$flatten\u_core.\u_array.\g_row[3].g_col[3].u_pe.\u_mul.\g_bw.g_wallace.u_tree.$xor$/home/danieltyukov/workspace/personal/tt-ihp-int8-npu/src/npu_csa_reduce.sv:49$1941 ($xor).
Removed top 6 bits (of 16) from port Y of cell tt_um_danieltyukov_int8_npu.$flatten\u_core.\u_array.\g_row[3].g_col[3].u_pe.\u_mul.\g_bw.g_wallace.u_tree.$xor$/home/danieltyukov/workspace/personal/tt-ihp-int8-npu/src/npu_csa_reduce.sv:49$1941 ($xor).
Removed top 8 bits (of 16) from port A of cell tt_um_danieltyukov_int8_npu.$flatten\u_core.\u_array.\g_row[0].g_col[0].u_pe.\u_mul.\g_bw.g_wallace.u_tree.$xor$/home/danieltyukov/workspace/personal/tt-ihp-int8-npu/src/npu_csa_reduce.sv:49$1940 ($xor).
Removed top 7 bits (of 16) from port B of cell tt_um_danieltyukov_int8_npu.$flatten\u_core.\u_array.\g_row[0].g_col[0].u_pe.\u_mul.\g_bw.g_wallace.u_tree.$xor$/home/danieltyukov/workspace/personal/tt-ihp-int8-npu/src/npu_csa_reduce.sv:49$1940 ($xor).
Removed top 7 bits (of 16) from port Y of cell tt_um_danieltyukov_int8_npu.$flatten\u_core.\u_array.\g_row[0].g_col[0].u_pe.\u_mul.\g_bw.g_wallace.u_tree.$xor$/home/danieltyukov/workspace/personal/tt-ihp-int8-npu/src/npu_csa_reduce.sv:49$1940 ($xor).
Removed top 1 bits (of 16) from port Y of cell tt_um_danieltyukov_int8_npu.$flatten\u_core.\u_array.\g_row[0].g_col[0].u_pe.\u_mul.\u_cpa.$and$/home/danieltyukov/workspace/personal/tt-ihp-int8-npu/src/npu_adder.sv:60$1963 ($and).
Removed top 1 bits (of 16) from port A of cell tt_um_danieltyukov_int8_npu.$flatten\u_core.\u_array.\g_row[0].g_col[0].u_pe.\u_mul.\u_cpa.$and$/home/danieltyukov/workspace/personal/tt-ihp-int8-npu/src/npu_adder.sv:60$1963 ($and).
Removed top 1 bits (of 16) from port B of cell tt_um_danieltyukov_int8_npu.$flatten\u_core.\u_array.\g_row[0].g_col[0].u_pe.\u_mul.\u_cpa.$and$/home/danieltyukov/workspace/personal/tt-ihp-int8-npu/src/npu_adder.sv:60$1963 ($and).
Removed top 1 bits (of 16) from port Y of cell tt_um_danieltyukov_int8_npu.$flatten\u_core.\u_array.\g_row[0].g_col[0].u_pe.\u_mul.\g_bw.g_wallace.u_tree.\genblk1.g_reduce.u_next.$or$/home/danieltyukov/workspace/personal/tt-ihp-int8-npu/src/npu_csa_reduce.sv:53$2072 ($or).
Removed top 1 bits (of 16) from port A of cell tt_um_danieltyukov_int8_npu.$flatten\u_core.\u_array.\g_row[0].g_col[0].u_pe.\u_mul.\g_bw.g_wallace.u_tree.\genblk1.g_reduce.u_next.$or$/home/danieltyukov/workspace/personal/tt-ihp-int8-npu/src/npu_csa_reduce.sv:53$2072 ($or).
Removed top 1 bits (of 16) from port B of cell tt_um_danieltyukov_int8_npu.$flatten\u_core.\u_array.\g_row[0].g_col[0].u_pe.\u_mul.\g_bw.g_wallace.u_tree.\genblk1.g_reduce.u_next.$or$/home/danieltyukov/workspace/personal/tt-ihp-int8-npu/src/npu_csa_reduce.sv:53$2072 ($or).
Removed top 1 bits (of 16) from port Y of cell tt_um_danieltyukov_int8_npu.$flatten\u_core.\u_array.\g_row[0].g_col[0].u_pe.\u_mul.\g_bw.g_wallace.u_tree.\genblk1.g_reduce.u_next.$or$/home/danieltyukov/workspace/personal/tt-ihp-int8-npu/src/npu_csa_reduce.sv:53$2079 ($or).
Removed top 1 bits (of 16) from port A of cell tt_um_danieltyukov_int8_npu.$flatten\u_core.\u_array.\g_row[0].g_col[0].u_pe.\u_mul.\g_bw.g_wallace.u_tree.\genblk1.g_reduce.u_next.$or$/home/danieltyukov/workspace/personal/tt-ihp-int8-npu/src/npu_csa_reduce.sv:53$2079 ($or).
Removed top 1 bits (of 16) from port B of cell tt_um_danieltyukov_int8_npu.$flatten\u_core.\u_array.\g_row[0].g_col[0].u_pe.\u_mul.\g_bw.g_wallace.u_tree.\genblk1.g_reduce.u_next.$or$/home/danieltyukov/workspace/personal/tt-ihp-int8-npu/src/npu_csa_reduce.sv:53$2079 ($or).
Removed top 1 bits (of 16) from port Y of cell tt_um_danieltyukov_int8_npu.$flatten\u_core.\u_array.\g_row[0].g_col[0].u_pe.\u_mul.\g_bw.g_wallace.u_tree.\genblk1.g_reduce.u_next.\genblk1.g_reduce.u_next.\genblk1.g_reduce.u_next.$or$/home/danieltyukov/workspace/personal/tt-ihp-int8-npu/src/npu_csa_reduce.sv:53$1938 ($or).
Removed top 1 bits (of 16) from port A of cell tt_um_danieltyukov_int8_npu.$flatten\u_core.\u_array.\g_row[0].g_col[0].u_pe.\u_mul.\g_bw.g_wallace.u_tree.\genblk1.g_reduce.u_next.\genblk1.g_reduce.u_next.\genblk1.g_reduce.u_next.$or$/home/danieltyukov/workspace/personal/tt-ihp-int8-npu/src/npu_csa_reduce.sv:53$1938 ($or).
Removed top 1 bits (of 16) from port B of cell tt_um_danieltyukov_int8_npu.$flatten\u_core.\u_array.\g_row[0].g_col[0].u_pe.\u_mul.\g_bw.g_wallace.u_tree.\genblk1.g_reduce.u_next.\genblk1.g_reduce.u_next.\genblk1.g_reduce.u_next.$or$/home/danieltyukov/workspace/personal/tt-ihp-int8-npu/src/npu_csa_reduce.sv:53$1938 ($or).
Removed top 1 bits (of 16) from port Y of cell tt_um_danieltyukov_int8_npu.$flatten\u_core.\u_array.\g_row[0].g_col[0].u_pe.\u_mul.\g_bw.g_wallace.u_tree.\genblk1.g_reduce.u_next.\genblk1.g_reduce.u_next.$or$/home/danieltyukov/workspace/personal/tt-ihp-int8-npu/src/npu_csa_reduce.sv:53$2087 ($or).
Removed top 1 bits (of 16) from port A of cell tt_um_danieltyukov_int8_npu.$flatten\u_core.\u_array.\g_row[0].g_col[0].u_pe.\u_mul.\g_bw.g_wallace.u_tree.\genblk1.g_reduce.u_next.\genblk1.g_reduce.u_next.$or$/home/danieltyukov/workspace/personal/tt-ihp-int8-npu/src/npu_csa_reduce.sv:53$2087 ($or).
Removed top 1 bits (of 16) from port B of cell tt_um_danieltyukov_int8_npu.$flatten\u_core.\u_array.\g_row[0].g_col[0].u_pe.\u_mul.\g_bw.g_wallace.u_tree.\genblk1.g_reduce.u_next.\genblk1.g_reduce.u_next.$or$/home/danieltyukov/workspace/personal/tt-ihp-int8-npu/src/npu_csa_reduce.sv:53$2087 ($or).
Removed top 1 bits (of 16) from port Y of cell tt_um_danieltyukov_int8_npu.$flatten\u_core.\u_array.\g_row[0].g_col[0].u_pe.\u_mul.\g_bw.g_wallace.u_tree.\genblk1.g_reduce.u_next.\genblk1.g_reduce.u_next.$and$/home/danieltyukov/workspace/personal/tt-ihp-int8-npu/src/npu_csa_reduce.sv:53$2086 ($and).
Removed top 1 bits (of 16) from port A of cell tt_um_danieltyukov_int8_npu.$flatten\u_core.\u_array.\g_row[0].g_col[0].u_pe.\u_mul.\g_bw.g_wallace.u_tree.\genblk1.g_reduce.u_next.\genblk1.g_reduce.u_next.$and$/home/danieltyukov/workspace/personal/tt-ihp-int8-npu/src/npu_csa_reduce.sv:53$2086 ($and).
Removed top 1 bits (of 16) from port B of cell tt_um_danieltyukov_int8_npu.$flatten\u_core.\u_array.\g_row[0].g_col[0].u_pe.\u_mul.\g_bw.g_wallace.u_tree.\genblk1.g_reduce.u_next.\genblk1.g_reduce.u_next.$and$/home/danieltyukov/workspace/personal/tt-ihp-int8-npu/src/npu_csa_reduce.sv:53$2086 ($and).
Removed top 1 bits (of 16) from port Y of cell tt_um_danieltyukov_int8_npu.$flatten\u_core.\u_array.\g_row[0].g_col[0].u_pe.\u_mul.\g_bw.g_wallace.u_tree.\genblk1.g_reduce.u_next.\genblk1.g_reduce.u_next.$or$/home/danieltyukov/workspace/personal/tt-ihp-int8-npu/src/npu_csa_reduce.sv:53$2085 ($or).
Removed top 1 bits (of 16) from port A of cell tt_um_danieltyukov_int8_npu.$flatten\u_core.\u_array.\g_row[0].g_col[0].u_pe.\u_mul.\g_bw.g_wallace.u_tree.\genblk1.g_reduce.u_next.\genblk1.g_reduce.u_next.$or$/home/danieltyukov/workspace/personal/tt-ihp-int8-npu/src/npu_csa_reduce.sv:53$2085 ($or).
Removed top 1 bits (of 16) from port B of cell tt_um_danieltyukov_int8_npu.$flatten\u_core.\u_array.\g_row[0].g_col[0].u_pe.\u_mul.\g_bw.g_wallace.u_tree.\genblk1.g_reduce.u_next.\genblk1.g_reduce.u_next.$or$/home/danieltyukov/workspace/personal/tt-ihp-int8-npu/src/npu_csa_reduce.sv:53$2085 ($or).
Removed top 1 bits (of 16) from port Y of cell tt_um_danieltyukov_int8_npu.$flatten\u_core.\u_array.\g_row[0].g_col[0].u_pe.\u_mul.\g_bw.g_wallace.u_tree.\genblk1.g_reduce.u_next.\genblk1.g_reduce.u_next.$and$/home/danieltyukov/workspace/personal/tt-ihp-int8-npu/src/npu_csa_reduce.sv:53$2084 ($and).
Removed top 1 bits (of 16) from port A of cell tt_um_danieltyukov_int8_npu.$flatten\u_core.\u_array.\g_row[0].g_col[0].u_pe.\u_mul.\g_bw.g_wallace.u_tree.\genblk1.g_reduce.u_next.\genblk1.g_reduce.u_next.$and$/home/danieltyukov/workspace/personal/tt-ihp-int8-npu/src/npu_csa_reduce.sv:53$2084 ($and).
Removed top 1 bits (of 16) from port B of cell tt_um_danieltyukov_int8_npu.$flatten\u_core.\u_array.\g_row[0].g_col[0].u_pe.\u_mul.\g_bw.g_wallace.u_tree.\genblk1.g_reduce.u_next.\genblk1.g_reduce.u_next.$and$/home/danieltyukov/workspace/personal/tt-ihp-int8-npu/src/npu_csa_reduce.sv:53$2084 ($and).
Removed top 1 bits (of 16) from port Y of cell tt_um_danieltyukov_int8_npu.$flatten\u_core.\u_array.\g_row[0].g_col[0].u_pe.\u_mul.\g_bw.g_wallace.u_tree.\genblk1.g_reduce.u_next.\genblk1.g_reduce.u_next.$and$/home/danieltyukov/workspace/personal/tt-ihp-int8-npu/src/npu_csa_reduce.sv:53$2083 ($and).
Removed top 1 bits (of 16) from port A of cell tt_um_danieltyukov_int8_npu.$flatten\u_core.\u_array.\g_row[0].g_col[0].u_pe.\u_mul.\g_bw.g_wallace.u_tree.\genblk1.g_reduce.u_next.\genblk1.g_reduce.u_next.$and$/home/danieltyukov/workspace/personal/tt-ihp-int8-npu/src/npu_csa_reduce.sv:53$2083 ($and).
Removed top 1 bits (of 16) from port B of cell tt_um_danieltyukov_int8_npu.$flatten\u_core.\u_array.\g_row[0].g_col[0].u_pe.\u_mul.\g_bw.g_wallace.u_tree.\genblk1.g_reduce.u_next.\genblk1.g_reduce.u_next.$and$/home/danieltyukov/workspace/personal/tt-ihp-int8-npu/src/npu_csa_reduce.sv:53$2083 ($and).
Removed top 7 bits (of 16) from port B of cell tt_um_danieltyukov_int8_npu.$flatten\u_core.\u_array.\g_row[0].g_col[0].u_pe.\u_mul.\g_bw.g_wallace.u_tree.$or$/home/danieltyukov/workspace/personal/tt-ihp-int8-npu/src/npu_csa_reduce.sv:53$1960 ($or).
Removed top 1 bits (of 16) from port Y of cell tt_um_danieltyukov_int8_npu.$flatten\u_core.\u_array.\g_row[0].g_col[0].u_pe.\u_mul.\g_bw.g_wallace.u_tree.$or$/home/danieltyukov/workspace/personal/tt-ihp-int8-npu/src/npu_csa_reduce.sv:53$1960 ($or).
Removed top 1 bits (of 16) from port A of cell tt_um_danieltyukov_int8_npu.$flatten\u_core.\u_array.\g_row[0].g_col[0].u_pe.\u_mul.\g_bw.g_wallace.u_tree.$or$/home/danieltyukov/workspace/personal/tt-ihp-int8-npu/src/npu_csa_reduce.sv:53$1960 ($or).
Removed top 7 bits (of 16) from port B of cell tt_um_danieltyukov_int8_npu.$flatten\u_core.\u_array.\g_row[0].g_col[0].u_pe.\u_mul.\g_bw.g_wallace.u_tree.$or$/home/danieltyukov/workspace/personal/tt-ihp-int8-npu/src/npu_csa_reduce.sv:53$1958 ($or).
Removed top 1 bits (of 16) from port Y of cell tt_um_danieltyukov_int8_npu.$flatten\u_core.\u_array.\g_row[0].g_col[0].u_pe.\u_mul.\g_bw.g_wallace.u_tree.$or$/home/danieltyukov/workspace/personal/tt-ihp-int8-npu/src/npu_csa_reduce.sv:53$1958 ($or).
Removed top 1 bits (of 16) from port A of cell tt_um_danieltyukov_int8_npu.$flatten\u_core.\u_array.\g_row[0].g_col[0].u_pe.\u_mul.\g_bw.g_wallace.u_tree.$or$/home/danieltyukov/workspace/personal/tt-ihp-int8-npu/src/npu_csa_reduce.sv:53$1958 ($or).
Removed top 2 bits (of 16) from port A of cell tt_um_danieltyukov_int8_npu.$flatten\u_core.\u_array.\g_row[0].g_col[0].u_pe.\u_mul.\g_bw.g_wallace.u_tree.$and$/home/danieltyukov/workspace/personal/tt-ihp-int8-npu/src/npu_csa_reduce.sv:53$1956 ($and).
Removed top 1 bits (of 16) from port B of cell tt_um_danieltyukov_int8_npu.$flatten\u_core.\u_array.\g_row[0].g_col[0].u_pe.\u_mul.\g_bw.g_wallace.u_tree.$and$/home/danieltyukov/workspace/personal/tt-ihp-int8-npu/src/npu_csa_reduce.sv:53$1956 ($and).
Removed top 1 bits (of 16) from port Y of cell tt_um_danieltyukov_int8_npu.$flatten\u_core.\u_array.\g_row[0].g_col[0].u_pe.\u_mul.\g_bw.g_wallace.u_tree.$and$/home/danieltyukov/workspace/personal/tt-ihp-int8-npu/src/npu_csa_reduce.sv:53$1956 ($and).
Removed top 2 bits (of 16) from port A of cell tt_um_danieltyukov_int8_npu.$flatten\u_core.\u_array.\g_row[0].g_col[0].u_pe.\u_mul.\g_bw.g_wallace.u_tree.$xor$/home/danieltyukov/workspace/personal/tt-ihp-int8-npu/src/npu_csa_reduce.sv:49$1954 ($xor).
Removed top 1 bits (of 16) from port B of cell tt_um_danieltyukov_int8_npu.$flatten\u_core.\u_array.\g_row[0].g_col[0].u_pe.\u_mul.\g_bw.g_wallace.u_tree.$xor$/home/danieltyukov/workspace/personal/tt-ihp-int8-npu/src/npu_csa_reduce.sv:49$1954 ($xor).
Removed top 1 bits (of 16) from port Y of cell tt_um_danieltyukov_int8_npu.$flatten\u_core.\u_array.\g_row[0].g_col[0].u_pe.\u_mul.\g_bw.g_wallace.u_tree.$xor$/home/danieltyukov/workspace/personal/tt-ihp-int8-npu/src/npu_csa_reduce.sv:49$1954 ($xor).
Removed top 1 bits (of 16) from port Y of cell tt_um_danieltyukov_int8_npu.$flatten\u_core.\u_array.\g_row[0].g_col[0].u_pe.\u_mul.\g_bw.g_wallace.u_tree.$or$/home/danieltyukov/workspace/personal/tt-ihp-int8-npu/src/npu_csa_reduce.sv:53$1953 ($or).
Removed top 1 bits (of 16) from port A of cell tt_um_danieltyukov_int8_npu.$flatten\u_core.\u_array.\g_row[0].g_col[0].u_pe.\u_mul.\g_bw.g_wallace.u_tree.$or$/home/danieltyukov/workspace/personal/tt-ihp-int8-npu/src/npu_csa_reduce.sv:53$1953 ($or).
Removed top 1 bits (of 16) from port B of cell tt_um_danieltyukov_int8_npu.$flatten\u_core.\u_array.\g_row[0].g_col[0].u_pe.\u_mul.\g_bw.g_wallace.u_tree.$or$/home/danieltyukov/workspace/personal/tt-ihp-int8-npu/src/npu_csa_reduce.sv:53$1953 ($or).
Removed top 4 bits (of 16) from port A of cell tt_um_danieltyukov_int8_npu.$flatten\u_core.\u_array.\g_row[0].g_col[0].u_pe.\u_mul.\g_bw.g_wallace.u_tree.$and$/home/danieltyukov/workspace/personal/tt-ihp-int8-npu/src/npu_csa_reduce.sv:53$1952 ($and).
Removed top 3 bits (of 16) from port B of cell tt_um_danieltyukov_int8_npu.$flatten\u_core.\u_array.\g_row[0].g_col[0].u_pe.\u_mul.\g_bw.g_wallace.u_tree.$and$/home/danieltyukov/workspace/personal/tt-ihp-int8-npu/src/npu_csa_reduce.sv:53$1952 ($and).
Removed top 3 bits (of 16) from port Y of cell tt_um_danieltyukov_int8_npu.$flatten\u_core.\u_array.\g_row[0].g_col[0].u_pe.\u_mul.\g_bw.g_wallace.u_tree.$and$/home/danieltyukov/workspace/personal/tt-ihp-int8-npu/src/npu_csa_reduce.sv:53$1952 ($and).
Removed top 1 bits (of 16) from port Y of cell tt_um_danieltyukov_int8_npu.$flatten\u_core.\u_array.\g_row[0].g_col[0].u_pe.\u_mul.\g_bw.g_wallace.u_tree.$or$/home/danieltyukov/workspace/personal/tt-ihp-int8-npu/src/npu_csa_reduce.sv:53$1951 ($or).
Removed top 1 bits (of 16) from port A of cell tt_um_danieltyukov_int8_npu.$flatten\u_core.\u_array.\g_row[0].g_col[0].u_pe.\u_mul.\g_bw.g_wallace.u_tree.$or$/home/danieltyukov/workspace/personal/tt-ihp-int8-npu/src/npu_csa_reduce.sv:53$1951 ($or).
Removed top 1 bits (of 16) from port B of cell tt_um_danieltyukov_int8_npu.$flatten\u_core.\u_array.\g_row[0].g_col[0].u_pe.\u_mul.\g_bw.g_wallace.u_tree.$or$/home/danieltyukov/workspace/personal/tt-ihp-int8-npu/src/npu_csa_reduce.sv:53$1951 ($or).
Removed top 5 bits (of 16) from port A of cell tt_um_danieltyukov_int8_npu.$flatten\u_core.\u_array.\g_row[0].g_col[0].u_pe.\u_mul.\g_bw.g_wallace.u_tree.$and$/home/danieltyukov/workspace/personal/tt-ihp-int8-npu/src/npu_csa_reduce.sv:53$1950 ($and).
Removed top 3 bits (of 16) from port B of cell tt_um_danieltyukov_int8_npu.$flatten\u_core.\u_array.\g_row[0].g_col[0].u_pe.\u_mul.\g_bw.g_wallace.u_tree.$and$/home/danieltyukov/workspace/personal/tt-ihp-int8-npu/src/npu_csa_reduce.sv:53$1950 ($and).
Removed top 3 bits (of 16) from port Y of cell tt_um_danieltyukov_int8_npu.$flatten\u_core.\u_array.\g_row[0].g_col[0].u_pe.\u_mul.\g_bw.g_wallace.u_tree.$and$/home/danieltyukov/workspace/personal/tt-ihp-int8-npu/src/npu_csa_reduce.sv:53$1950 ($and).
Removed top 5 bits (of 16) from port A of cell tt_um_danieltyukov_int8_npu.$flatten\u_core.\u_array.\g_row[0].g_col[0].u_pe.\u_mul.\g_bw.g_wallace.u_tree.$and$/home/danieltyukov/workspace/personal/tt-ihp-int8-npu/src/npu_csa_reduce.sv:53$1949 ($and).
Removed top 4 bits (of 16) from port B of cell tt_um_danieltyukov_int8_npu.$flatten\u_core.\u_array.\g_row[0].g_col[0].u_pe.\u_mul.\g_bw.g_wallace.u_tree.$and$/home/danieltyukov/workspace/personal/tt-ihp-int8-npu/src/npu_csa_reduce.sv:53$1949 ($and).
Removed top 4 bits (of 16) from port Y of cell tt_um_danieltyukov_int8_npu.$flatten\u_core.\u_array.\g_row[0].g_col[0].u_pe.\u_mul.\g_bw.g_wallace.u_tree.$and$/home/danieltyukov/workspace/personal/tt-ihp-int8-npu/src/npu_csa_reduce.sv:53$1949 ($and).
Removed top 3 bits (of 16) from port B of cell tt_um_danieltyukov_int8_npu.$flatten\u_core.\u_array.\g_row[0].g_col[0].u_pe.\u_mul.\g_bw.g_wallace.u_tree.$xor$/home/danieltyukov/workspace/personal/tt-ihp-int8-npu/src/npu_csa_reduce.sv:49$1948 ($xor).
Removed top 5 bits (of 16) from port A of cell tt_um_danieltyukov_int8_npu.$flatten\u_core.\u_array.\g_row[0].g_col[0].u_pe.\u_mul.\g_bw.g_wallace.u_tree.$xor$/home/danieltyukov/workspace/personal/tt-ihp-int8-npu/src/npu_csa_reduce.sv:49$1947 ($xor).
Removed top 4 bits (of 16) from port B of cell tt_um_danieltyukov_int8_npu.$flatten\u_core.\u_array.\g_row[0].g_col[0].u_pe.\u_mul.\g_bw.g_wallace.u_tree.$xor$/home/danieltyukov/workspace/personal/tt-ihp-int8-npu/src/npu_csa_reduce.sv:49$1947 ($xor).
Removed top 4 bits (of 16) from port Y of cell tt_um_danieltyukov_int8_npu.$flatten\u_core.\u_array.\g_row[0].g_col[0].u_pe.\u_mul.\g_bw.g_wallace.u_tree.$xor$/home/danieltyukov/workspace/personal/tt-ihp-int8-npu/src/npu_csa_reduce.sv:49$1947 ($xor).
Removed top 1 bits (of 16) from port Y of cell tt_um_danieltyukov_int8_npu.$flatten\u_core.\u_array.\g_row[0].g_col[0].u_pe.\u_mul.\g_bw.g_wallace.u_tree.$or$/home/danieltyukov/workspace/personal/tt-ihp-int8-npu/src/npu_csa_reduce.sv:53$1946 ($or).
Removed top 1 bits (of 16) from port A of cell tt_um_danieltyukov_int8_npu.$flatten\u_core.\u_array.\g_row[0].g_col[0].u_pe.\u_mul.\g_bw.g_wallace.u_tree.$or$/home/danieltyukov/workspace/personal/tt-ihp-int8-npu/src/npu_csa_reduce.sv:53$1946 ($or).
Removed top 1 bits (of 16) from port B of cell tt_um_danieltyukov_int8_npu.$flatten\u_core.\u_array.\g_row[0].g_col[0].u_pe.\u_mul.\g_bw.g_wallace.u_tree.$or$/home/danieltyukov/workspace/personal/tt-ihp-int8-npu/src/npu_csa_reduce.sv:53$1946 ($or).
Removed top 7 bits (of 16) from port A of cell tt_um_danieltyukov_int8_npu.$flatten\u_core.\u_array.\g_row[0].g_col[0].u_pe.\u_mul.\g_bw.g_wallace.u_tree.$and$/home/danieltyukov/workspace/personal/tt-ihp-int8-npu/src/npu_csa_reduce.sv:53$1945 ($and).
Removed top 6 bits (of 16) from port B of cell tt_um_danieltyukov_int8_npu.$flatten\u_core.\u_array.\g_row[0].g_col[0].u_pe.\u_mul.\g_bw.g_wallace.u_tree.$and$/home/danieltyukov/workspace/personal/tt-ihp-int8-npu/src/npu_csa_reduce.sv:53$1945 ($and).
Removed top 6 bits (of 16) from port Y of cell tt_um_danieltyukov_int8_npu.$flatten\u_core.\u_array.\g_row[0].g_col[0].u_pe.\u_mul.\g_bw.g_wallace.u_tree.$and$/home/danieltyukov/workspace/personal/tt-ihp-int8-npu/src/npu_csa_reduce.sv:53$1945 ($and).
Removed top 1 bits (of 16) from port Y of cell tt_um_danieltyukov_int8_npu.$flatten\u_core.\u_array.\g_row[0].g_col[0].u_pe.\u_mul.\g_bw.g_wallace.u_tree.$or$/home/danieltyukov/workspace/personal/tt-ihp-int8-npu/src/npu_csa_reduce.sv:53$1944 ($or).
Removed top 1 bits (of 16) from port A of cell tt_um_danieltyukov_int8_npu.$flatten\u_core.\u_array.\g_row[0].g_col[0].u_pe.\u_mul.\g_bw.g_wallace.u_tree.$or$/home/danieltyukov/workspace/personal/tt-ihp-int8-npu/src/npu_csa_reduce.sv:53$1944 ($or).
Removed top 1 bits (of 16) from port B of cell tt_um_danieltyukov_int8_npu.$flatten\u_core.\u_array.\g_row[0].g_col[0].u_pe.\u_mul.\g_bw.g_wallace.u_tree.$or$/home/danieltyukov/workspace/personal/tt-ihp-int8-npu/src/npu_csa_reduce.sv:53$1944 ($or).
Removed top 8 bits (of 16) from port A of cell tt_um_danieltyukov_int8_npu.$flatten\u_core.\u_array.\g_row[0].g_col[0].u_pe.\u_mul.\g_bw.g_wallace.u_tree.$and$/home/danieltyukov/workspace/personal/tt-ihp-int8-npu/src/npu_csa_reduce.sv:53$1943 ($and).
Removed top 6 bits (of 16) from port B of cell tt_um_danieltyukov_int8_npu.$flatten\u_core.\u_array.\g_row[0].g_col[0].u_pe.\u_mul.\g_bw.g_wallace.u_tree.$and$/home/danieltyukov/workspace/personal/tt-ihp-int8-npu/src/npu_csa_reduce.sv:53$1943 ($and).
Removed top 6 bits (of 16) from port Y of cell tt_um_danieltyukov_int8_npu.$flatten\u_core.\u_array.\g_row[0].g_col[0].u_pe.\u_mul.\g_bw.g_wallace.u_tree.$and$/home/danieltyukov/workspace/personal/tt-ihp-int8-npu/src/npu_csa_reduce.sv:53$1943 ($and).
Removed top 8 bits (of 16) from port A of cell tt_um_danieltyukov_int8_npu.$flatten\u_core.\u_array.\g_row[0].g_col[0].u_pe.\u_mul.\g_bw.g_wallace.u_tree.$and$/home/danieltyukov/workspace/personal/tt-ihp-int8-npu/src/npu_csa_reduce.sv:53$1942 ($and).
Removed top 7 bits (of 16) from port B of cell tt_um_danieltyukov_int8_npu.$flatten\u_core.\u_array.\g_row[0].g_col[0].u_pe.\u_mul.\g_bw.g_wallace.u_tree.$and$/home/danieltyukov/workspace/personal/tt-ihp-int8-npu/src/npu_csa_reduce.sv:53$1942 ($and).
Removed top 7 bits (of 16) from port Y of cell tt_um_danieltyukov_int8_npu.$flatten\u_core.\u_array.\g_row[0].g_col[0].u_pe.\u_mul.\g_bw.g_wallace.u_tree.$and$/home/danieltyukov/workspace/personal/tt-ihp-int8-npu/src/npu_csa_reduce.sv:53$1942 ($and).
Removed top 7 bits (of 16) from port A of cell tt_um_danieltyukov_int8_npu.$flatten\u_core.\u_array.\g_row[0].g_col[0].u_pe.\u_mul.\g_bw.g_wallace.u_tree.$xor$/home/danieltyukov/workspace/personal/tt-ihp-int8-npu/src/npu_csa_reduce.sv:49$1941 ($xor).
Removed top 6 bits (of 16) from port B of cell tt_um_danieltyukov_int8_npu.$flatten\u_core.\u_array.\g_row[0].g_col[0].u_pe.\u_mul.\g_bw.g_wallace.u_tree.$xor$/home/danieltyukov/workspace/personal/tt-ihp-int8-npu/src/npu_csa_reduce.sv:49$1941 ($xor).
Removed top 6 bits (of 16) from port Y of cell tt_um_danieltyukov_int8_npu.$flatten\u_core.\u_array.\g_row[0].g_col[0].u_pe.\u_mul.\g_bw.g_wallace.u_tree.$xor$/home/danieltyukov/workspace/personal/tt-ihp-int8-npu/src/npu_csa_reduce.sv:49$1941 ($xor).
Removed top 3 bits (of 19) from FF cell tt_um_danieltyukov_int8_npu.$flatten\u_core.\u_array.\g_row[0].g_col[0].u_pe.$procdff$2927 ($adff).
Removed top 8 bits (of 16) from port A of cell tt_um_danieltyukov_int8_npu.$flatten\u_core.\u_array.\g_row[0].g_col[1].u_pe.\u_mul.\g_bw.g_wallace.u_tree.$xor$/home/danieltyukov/workspace/personal/tt-ihp-int8-npu/src/npu_csa_reduce.sv:49$1940 ($xor).
Removed top 7 bits (of 16) from port B of cell tt_um_danieltyukov_int8_npu.$flatten\u_core.\u_array.\g_row[0].g_col[1].u_pe.\u_mul.\g_bw.g_wallace.u_tree.$xor$/home/danieltyukov/workspace/personal/tt-ihp-int8-npu/src/npu_csa_reduce.sv:49$1940 ($xor).
Removed top 7 bits (of 16) from port Y of cell tt_um_danieltyukov_int8_npu.$flatten\u_core.\u_array.\g_row[0].g_col[1].u_pe.\u_mul.\g_bw.g_wallace.u_tree.$xor$/home/danieltyukov/workspace/personal/tt-ihp-int8-npu/src/npu_csa_reduce.sv:49$1940 ($xor).
Removed top 1 bits (of 16) from port Y of cell tt_um_danieltyukov_int8_npu.$flatten\u_core.\u_array.\g_row[0].g_col[1].u_pe.\u_mul.\u_cpa.$and$/home/danieltyukov/workspace/personal/tt-ihp-int8-npu/src/npu_adder.sv:60$1963 ($and).
Removed top 1 bits (of 16) from port A of cell tt_um_danieltyukov_int8_npu.$flatten\u_core.\u_array.\g_row[0].g_col[1].u_pe.\u_mul.\u_cpa.$and$/home/danieltyukov/workspace/personal/tt-ihp-int8-npu/src/npu_adder.sv:60$1963 ($and).
Removed top 1 bits (of 16) from port B of cell tt_um_danieltyukov_int8_npu.$flatten\u_core.\u_array.\g_row[0].g_col[1].u_pe.\u_mul.\u_cpa.$and$/home/danieltyukov/workspace/personal/tt-ihp-int8-npu/src/npu_adder.sv:60$1963 ($and).
Removed top 1 bits (of 16) from port Y of cell tt_um_danieltyukov_int8_npu.$flatten\u_core.\u_array.\g_row[0].g_col[1].u_pe.\u_mul.\g_bw.g_wallace.u_tree.\genblk1.g_reduce.u_next.$or$/home/danieltyukov/workspace/personal/tt-ihp-int8-npu/src/npu_csa_reduce.sv:53$2072 ($or).
Removed top 1 bits (of 16) from port A of cell tt_um_danieltyukov_int8_npu.$flatten\u_core.\u_array.\g_row[0].g_col[1].u_pe.\u_mul.\g_bw.g_wallace.u_tree.\genblk1.g_reduce.u_next.$or$/home/danieltyukov/workspace/personal/tt-ihp-int8-npu/src/npu_csa_reduce.sv:53$2072 ($or).
Removed top 1 bits (of 16) from port B of cell tt_um_danieltyukov_int8_npu.$flatten\u_core.\u_array.\g_row[0].g_col[1].u_pe.\u_mul.\g_bw.g_wallace.u_tree.\genblk1.g_reduce.u_next.$or$/home/danieltyukov/workspace/personal/tt-ihp-int8-npu/src/npu_csa_reduce.sv:53$2072 ($or).
Removed top 1 bits (of 16) from port Y of cell tt_um_danieltyukov_int8_npu.$flatten\u_core.\u_array.\g_row[0].g_col[1].u_pe.\u_mul.\g_bw.g_wallace.u_tree.\genblk1.g_reduce.u_next.$or$/home/danieltyukov/workspace/personal/tt-ihp-int8-npu/src/npu_csa_reduce.sv:53$2079 ($or).
Removed top 1 bits (of 16) from port A of cell tt_um_danieltyukov_int8_npu.$flatten\u_core.\u_array.\g_row[0].g_col[1].u_pe.\u_mul.\g_bw.g_wallace.u_tree.\genblk1.g_reduce.u_next.$or$/home/danieltyukov/workspace/personal/tt-ihp-int8-npu/src/npu_csa_reduce.sv:53$2079 ($or).
Removed top 1 bits (of 16) from port B of cell tt_um_danieltyukov_int8_npu.$flatten\u_core.\u_array.\g_row[0].g_col[1].u_pe.\u_mul.\g_bw.g_wallace.u_tree.\genblk1.g_reduce.u_next.$or$/home/danieltyukov/workspace/personal/tt-ihp-int8-npu/src/npu_csa_reduce.sv:53$2079 ($or).
Removed top 1 bits (of 16) from port Y of cell tt_um_danieltyukov_int8_npu.$flatten\u_core.\u_array.\g_row[0].g_col[1].u_pe.\u_mul.\g_bw.g_wallace.u_tree.\genblk1.g_reduce.u_next.\genblk1.g_reduce.u_next.\genblk1.g_reduce.u_next.$or$/home/danieltyukov/workspace/personal/tt-ihp-int8-npu/src/npu_csa_reduce.sv:53$1938 ($or).
Removed top 1 bits (of 16) from port A of cell tt_um_danieltyukov_int8_npu.$flatten\u_core.\u_array.\g_row[0].g_col[1].u_pe.\u_mul.\g_bw.g_wallace.u_tree.\genblk1.g_reduce.u_next.\genblk1.g_reduce.u_next.\genblk1.g_reduce.u_next.$or$/home/danieltyukov/workspace/personal/tt-ihp-int8-npu/src/npu_csa_reduce.sv:53$1938 ($or).
Removed top 1 bits (of 16) from port B of cell tt_um_danieltyukov_int8_npu.$flatten\u_core.\u_array.\g_row[0].g_col[1].u_pe.\u_mul.\g_bw.g_wallace.u_tree.\genblk1.g_reduce.u_next.\genblk1.g_reduce.u_next.\genblk1.g_reduce.u_next.$or$/home/danieltyukov/workspace/personal/tt-ihp-int8-npu/src/npu_csa_reduce.sv:53$1938 ($or).
Removed top 1 bits (of 16) from port Y of cell tt_um_danieltyukov_int8_npu.$flatten\u_core.\u_array.\g_row[0].g_col[1].u_pe.\u_mul.\g_bw.g_wallace.u_tree.\genblk1.g_reduce.u_next.\genblk1.g_reduce.u_next.$or$/home/danieltyukov/workspace/personal/tt-ihp-int8-npu/src/npu_csa_reduce.sv:53$2087 ($or).
Removed top 1 bits (of 16) from port A of cell tt_um_danieltyukov_int8_npu.$flatten\u_core.\u_array.\g_row[0].g_col[1].u_pe.\u_mul.\g_bw.g_wallace.u_tree.\genblk1.g_reduce.u_next.\genblk1.g_reduce.u_next.$or$/home/danieltyukov/workspace/personal/tt-ihp-int8-npu/src/npu_csa_reduce.sv:53$2087 ($or).
Removed top 1 bits (of 16) from port B of cell tt_um_danieltyukov_int8_npu.$flatten\u_core.\u_array.\g_row[0].g_col[1].u_pe.\u_mul.\g_bw.g_wallace.u_tree.\genblk1.g_reduce.u_next.\genblk1.g_reduce.u_next.$or$/home/danieltyukov/workspace/personal/tt-ihp-int8-npu/src/npu_csa_reduce.sv:53$2087 ($or).
Removed top 1 bits (of 16) from port Y of cell tt_um_danieltyukov_int8_npu.$flatten\u_core.\u_array.\g_row[0].g_col[1].u_pe.\u_mul.\g_bw.g_wallace.u_tree.\genblk1.g_reduce.u_next.\genblk1.g_reduce.u_next.$and$/home/danieltyukov/workspace/personal/tt-ihp-int8-npu/src/npu_csa_reduce.sv:53$2086 ($and).
Removed top 1 bits (of 16) from port A of cell tt_um_danieltyukov_int8_npu.$flatten\u_core.\u_array.\g_row[0].g_col[1].u_pe.\u_mul.\g_bw.g_wallace.u_tree.\genblk1.g_reduce.u_next.\genblk1.g_reduce.u_next.$and$/home/danieltyukov/workspace/personal/tt-ihp-int8-npu/src/npu_csa_reduce.sv:53$2086 ($and).
Removed top 1 bits (of 16) from port B of cell tt_um_danieltyukov_int8_npu.$flatten\u_core.\u_array.\g_row[0].g_col[1].u_pe.\u_mul.\g_bw.g_wallace.u_tree.\genblk1.g_reduce.u_next.\genblk1.g_reduce.u_next.$and$/home/danieltyukov/workspace/personal/tt-ihp-int8-npu/src/npu_csa_reduce.sv:53$2086 ($and).
Removed top 1 bits (of 16) from port Y of cell tt_um_danieltyukov_int8_npu.$flatten\u_core.\u_array.\g_row[0].g_col[1].u_pe.\u_mul.\g_bw.g_wallace.u_tree.\genblk1.g_reduce.u_next.\genblk1.g_reduce.u_next.$or$/home/danieltyukov/workspace/personal/tt-ihp-int8-npu/src/npu_csa_reduce.sv:53$2085 ($or).
Removed top 1 bits (of 16) from port A of cell tt_um_danieltyukov_int8_npu.$flatten\u_core.\u_array.\g_row[0].g_col[1].u_pe.\u_mul.\g_bw.g_wallace.u_tree.\genblk1.g_reduce.u_next.\genblk1.g_reduce.u_next.$or$/home/danieltyukov/workspace/personal/tt-ihp-int8-npu/src/npu_csa_reduce.sv:53$2085 ($or).
Removed top 1 bits (of 16) from port B of cell tt_um_danieltyukov_int8_npu.$flatten\u_core.\u_array.\g_row[0].g_col[1].u_pe.\u_mul.\g_bw.g_wallace.u_tree.\genblk1.g_reduce.u_next.\genblk1.g_reduce.u_next.$or$/home/danieltyukov/workspace/personal/tt-ihp-int8-npu/src/npu_csa_reduce.sv:53$2085 ($or).
Removed top 1 bits (of 16) from port Y of cell tt_um_danieltyukov_int8_npu.$flatten\u_core.\u_array.\g_row[0].g_col[1].u_pe.\u_mul.\g_bw.g_wallace.u_tree.\genblk1.g_reduce.u_next.\genblk1.g_reduce.u_next.$and$/home/danieltyukov/workspace/personal/tt-ihp-int8-npu/src/npu_csa_reduce.sv:53$2084 ($and).
Removed top 1 bits (of 16) from port A of cell tt_um_danieltyukov_int8_npu.$flatten\u_core.\u_array.\g_row[0].g_col[1].u_pe.\u_mul.\g_bw.g_wallace.u_tree.\genblk1.g_reduce.u_next.\genblk1.g_reduce.u_next.$and$/home/danieltyukov/workspace/personal/tt-ihp-int8-npu/src/npu_csa_reduce.sv:53$2084 ($and).
Removed top 1 bits (of 16) from port B of cell tt_um_danieltyukov_int8_npu.$flatten\u_core.\u_array.\g_row[0].g_col[1].u_pe.\u_mul.\g_bw.g_wallace.u_tree.\genblk1.g_reduce.u_next.\genblk1.g_reduce.u_next.$and$/home/danieltyukov/workspace/personal/tt-ihp-int8-npu/src/npu_csa_reduce.sv:53$2084 ($and).
Removed top 1 bits (of 16) from port Y of cell tt_um_danieltyukov_int8_npu.$flatten\u_core.\u_array.\g_row[0].g_col[1].u_pe.\u_mul.\g_bw.g_wallace.u_tree.\genblk1.g_reduce.u_next.\genblk1.g_reduce.u_next.$and$/home/danieltyukov/workspace/personal/tt-ihp-int8-npu/src/npu_csa_reduce.sv:53$2083 ($and).
Removed top 1 bits (of 16) from port A of cell tt_um_danieltyukov_int8_npu.$flatten\u_core.\u_array.\g_row[0].g_col[1].u_pe.\u_mul.\g_bw.g_wallace.u_tree.\genblk1.g_reduce.u_next.\genblk1.g_reduce.u_next.$and$/home/danieltyukov/workspace/personal/tt-ihp-int8-npu/src/npu_csa_reduce.sv:53$2083 ($and).
Removed top 1 bits (of 16) from port B of cell tt_um_danieltyukov_int8_npu.$flatten\u_core.\u_array.\g_row[0].g_col[1].u_pe.\u_mul.\g_bw.g_wallace.u_tree.\genblk1.g_reduce.u_next.\genblk1.g_reduce.u_next.$and$/home/danieltyukov/workspace/personal/tt-ihp-int8-npu/src/npu_csa_reduce.sv:53$2083 ($and).
Removed top 7 bits (of 16) from port B of cell tt_um_danieltyukov_int8_npu.$flatten\u_core.\u_array.\g_row[0].g_col[1].u_pe.\u_mul.\g_bw.g_wallace.u_tree.$or$/home/danieltyukov/workspace/personal/tt-ihp-int8-npu/src/npu_csa_reduce.sv:53$1960 ($or).
Removed top 1 bits (of 16) from port Y of cell tt_um_danieltyukov_int8_npu.$flatten\u_core.\u_array.\g_row[0].g_col[1].u_pe.\u_mul.\g_bw.g_wallace.u_tree.$or$/home/danieltyukov/workspace/personal/tt-ihp-int8-npu/src/npu_csa_reduce.sv:53$1960 ($or).
Removed top 1 bits (of 16) from port A of cell tt_um_danieltyukov_int8_npu.$flatten\u_core.\u_array.\g_row[0].g_col[1].u_pe.\u_mul.\g_bw.g_wallace.u_tree.$or$/home/danieltyukov/workspace/personal/tt-ihp-int8-npu/src/npu_csa_reduce.sv:53$1960 ($or).
Removed top 7 bits (of 16) from port B of cell tt_um_danieltyukov_int8_npu.$flatten\u_core.\u_array.\g_row[0].g_col[1].u_pe.\u_mul.\g_bw.g_wallace.u_tree.$or$/home/danieltyukov/workspace/personal/tt-ihp-int8-npu/src/npu_csa_reduce.sv:53$1958 ($or).
Removed top 1 bits (of 16) from port Y of cell tt_um_danieltyukov_int8_npu.$flatten\u_core.\u_array.\g_row[0].g_col[1].u_pe.\u_mul.\g_bw.g_wallace.u_tree.$or$/home/danieltyukov/workspace/personal/tt-ihp-int8-npu/src/npu_csa_reduce.sv:53$1958 ($or).
Removed top 1 bits (of 16) from port A of cell tt_um_danieltyukov_int8_npu.$flatten\u_core.\u_array.\g_row[0].g_col[1].u_pe.\u_mul.\g_bw.g_wallace.u_tree.$or$/home/danieltyukov/workspace/personal/tt-ihp-int8-npu/src/npu_csa_reduce.sv:53$1958 ($or).
Removed top 2 bits (of 16) from port A of cell tt_um_danieltyukov_int8_npu.$flatten\u_core.\u_array.\g_row[0].g_col[1].u_pe.\u_mul.\g_bw.g_wallace.u_tree.$and$/home/danieltyukov/workspace/personal/tt-ihp-int8-npu/src/npu_csa_reduce.sv:53$1956 ($and).
Removed top 1 bits (of 16) from port B of cell tt_um_danieltyukov_int8_npu.$flatten\u_core.\u_array.\g_row[0].g_col[1].u_pe.\u_mul.\g_bw.g_wallace.u_tree.$and$/home/danieltyukov/workspace/personal/tt-ihp-int8-npu/src/npu_csa_reduce.sv:53$1956 ($and).
Removed top 1 bits (of 16) from port Y of cell tt_um_danieltyukov_int8_npu.$flatten\u_core.\u_array.\g_row[0].g_col[1].u_pe.\u_mul.\g_bw.g_wallace.u_tree.$and$/home/danieltyukov/workspace/personal/tt-ihp-int8-npu/src/npu_csa_reduce.sv:53$1956 ($and).
Removed top 2 bits (of 16) from port A of cell tt_um_danieltyukov_int8_npu.$flatten\u_core.\u_array.\g_row[0].g_col[1].u_pe.\u_mul.\g_bw.g_wallace.u_tree.$xor$/home/danieltyukov/workspace/personal/tt-ihp-int8-npu/src/npu_csa_reduce.sv:49$1954 ($xor).
Removed top 1 bits (of 16) from port B of cell tt_um_danieltyukov_int8_npu.$flatten\u_core.\u_array.\g_row[0].g_col[1].u_pe.\u_mul.\g_bw.g_wallace.u_tree.$xor$/home/danieltyukov/workspace/personal/tt-ihp-int8-npu/src/npu_csa_reduce.sv:49$1954 ($xor).
Removed top 1 bits (of 16) from port Y of cell tt_um_danieltyukov_int8_npu.$flatten\u_core.\u_array.\g_row[0].g_col[1].u_pe.\u_mul.\g_bw.g_wallace.u_tree.$xor$/home/danieltyukov/workspace/personal/tt-ihp-int8-npu/src/npu_csa_reduce.sv:49$1954 ($xor).
Removed top 1 bits (of 16) from port Y of cell tt_um_danieltyukov_int8_npu.$flatten\u_core.\u_array.\g_row[0].g_col[1].u_pe.\u_mul.\g_bw.g_wallace.u_tree.$or$/home/danieltyukov/workspace/personal/tt-ihp-int8-npu/src/npu_csa_reduce.sv:53$1953 ($or).
Removed top 1 bits (of 16) from port A of cell tt_um_danieltyukov_int8_npu.$flatten\u_core.\u_array.\g_row[0].g_col[1].u_pe.\u_mul.\g_bw.g_wallace.u_tree.$or$/home/danieltyukov/workspace/personal/tt-ihp-int8-npu/src/npu_csa_reduce.sv:53$1953 ($or).
Removed top 1 bits (of 16) from port B of cell tt_um_danieltyukov_int8_npu.$flatten\u_core.\u_array.\g_row[0].g_col[1].u_pe.\u_mul.\g_bw.g_wallace.u_tree.$or$/home/danieltyukov/workspace/personal/tt-ihp-int8-npu/src/npu_csa_reduce.sv:53$1953 ($or).
Removed top 4 bits (of 16) from port A of cell tt_um_danieltyukov_int8_npu.$flatten\u_core.\u_array.\g_row[0].g_col[1].u_pe.\u_mul.\g_bw.g_wallace.u_tree.$and$/home/danieltyukov/workspace/personal/tt-ihp-int8-npu/src/npu_csa_reduce.sv:53$1952 ($and).
Removed top 3 bits (of 16) from port B of cell tt_um_danieltyukov_int8_npu.$flatten\u_core.\u_array.\g_row[0].g_col[1].u_pe.\u_mul.\g_bw.g_wallace.u_tree.$and$/home/danieltyukov/workspace/personal/tt-ihp-int8-npu/src/npu_csa_reduce.sv:53$1952 ($and).
Removed top 3 bits (of 16) from port Y of cell tt_um_danieltyukov_int8_npu.$flatten\u_core.\u_array.\g_row[0].g_col[1].u_pe.\u_mul.\g_bw.g_wallace.u_tree.$and$/home/danieltyukov/workspace/personal/tt-ihp-int8-npu/src/npu_csa_reduce.sv:53$1952 ($and).
Removed top 1 bits (of 16) from port Y of cell tt_um_danieltyukov_int8_npu.$flatten\u_core.\u_array.\g_row[0].g_col[1].u_pe.\u_mul.\g_bw.g_wallace.u_tree.$or$/home/danieltyukov/workspace/personal/tt-ihp-int8-npu/src/npu_csa_reduce.sv:53$1951 ($or).
Removed top 1 bits (of 16) from port A of cell tt_um_danieltyukov_int8_npu.$flatten\u_core.\u_array.\g_row[0].g_col[1].u_pe.\u_mul.\g_bw.g_wallace.u_tree.$or$/home/danieltyukov/workspace/personal/tt-ihp-int8-npu/src/npu_csa_reduce.sv:53$1951 ($or).
Removed top 1 bits (of 16) from port B of cell tt_um_danieltyukov_int8_npu.$flatten\u_core.\u_array.\g_row[0].g_col[1].u_pe.\u_mul.\g_bw.g_wallace.u_tree.$or$/home/danieltyukov/workspace/personal/tt-ihp-int8-npu/src/npu_csa_reduce.sv:53$1951 ($or).
Removed top 5 bits (of 16) from port A of cell tt_um_danieltyukov_int8_npu.$flatten\u_core.\u_array.\g_row[0].g_col[1].u_pe.\u_mul.\g_bw.g_wallace.u_tree.$and$/home/danieltyukov/workspace/personal/tt-ihp-int8-npu/src/npu_csa_reduce.sv:53$1950 ($and).
Removed top 3 bits (of 16) from port B of cell tt_um_danieltyukov_int8_npu.$flatten\u_core.\u_array.\g_row[0].g_col[1].u_pe.\u_mul.\g_bw.g_wallace.u_tree.$and$/home/danieltyukov/workspace/personal/tt-ihp-int8-npu/src/npu_csa_reduce.sv:53$1950 ($and).
Removed top 3 bits (of 16) from port Y of cell tt_um_danieltyukov_int8_npu.$flatten\u_core.\u_array.\g_row[0].g_col[1].u_pe.\u_mul.\g_bw.g_wallace.u_tree.$and$/home/danieltyukov/workspace/personal/tt-ihp-int8-npu/src/npu_csa_reduce.sv:53$1950 ($and).
Removed top 5 bits (of 16) from port A of cell tt_um_danieltyukov_int8_npu.$flatten\u_core.\u_array.\g_row[0].g_col[1].u_pe.\u_mul.\g_bw.g_wallace.u_tree.$and$/home/danieltyukov/workspace/personal/tt-ihp-int8-npu/src/npu_csa_reduce.sv:53$1949 ($and).
Removed top 4 bits (of 16) from port B of cell tt_um_danieltyukov_int8_npu.$flatten\u_core.\u_array.\g_row[0].g_col[1].u_pe.\u_mul.\g_bw.g_wallace.u_tree.$and$/home/danieltyukov/workspace/personal/tt-ihp-int8-npu/src/npu_csa_reduce.sv:53$1949 ($and).
Removed top 4 bits (of 16) from port Y of cell tt_um_danieltyukov_int8_npu.$flatten\u_core.\u_array.\g_row[0].g_col[1].u_pe.\u_mul.\g_bw.g_wallace.u_tree.$and$/home/danieltyukov/workspace/personal/tt-ihp-int8-npu/src/npu_csa_reduce.sv:53$1949 ($and).
Removed top 3 bits (of 16) from port B of cell tt_um_danieltyukov_int8_npu.$flatten\u_core.\u_array.\g_row[0].g_col[1].u_pe.\u_mul.\g_bw.g_wallace.u_tree.$xor$/home/danieltyukov/workspace/personal/tt-ihp-int8-npu/src/npu_csa_reduce.sv:49$1948 ($xor).
Removed top 5 bits (of 16) from port A of cell tt_um_danieltyukov_int8_npu.$flatten\u_core.\u_array.\g_row[0].g_col[1].u_pe.\u_mul.\g_bw.g_wallace.u_tree.$xor$/home/danieltyukov/workspace/personal/tt-ihp-int8-npu/src/npu_csa_reduce.sv:49$1947 ($xor).
Removed top 4 bits (of 16) from port B of cell tt_um_danieltyukov_int8_npu.$flatten\u_core.\u_array.\g_row[0].g_col[1].u_pe.\u_mul.\g_bw.g_wallace.u_tree.$xor$/home/danieltyukov/workspace/personal/tt-ihp-int8-npu/src/npu_csa_reduce.sv:49$1947 ($xor).
Removed top 4 bits (of 16) from port Y of cell tt_um_danieltyukov_int8_npu.$flatten\u_core.\u_array.\g_row[0].g_col[1].u_pe.\u_mul.\g_bw.g_wallace.u_tree.$xor$/home/danieltyukov/workspace/personal/tt-ihp-int8-npu/src/npu_csa_reduce.sv:49$1947 ($xor).
Removed top 1 bits (of 16) from port Y of cell tt_um_danieltyukov_int8_npu.$flatten\u_core.\u_array.\g_row[0].g_col[1].u_pe.\u_mul.\g_bw.g_wallace.u_tree.$or$/home/danieltyukov/workspace/personal/tt-ihp-int8-npu/src/npu_csa_reduce.sv:53$1946 ($or).
Removed top 1 bits (of 16) from port A of cell tt_um_danieltyukov_int8_npu.$flatten\u_core.\u_array.\g_row[0].g_col[1].u_pe.\u_mul.\g_bw.g_wallace.u_tree.$or$/home/danieltyukov/workspace/personal/tt-ihp-int8-npu/src/npu_csa_reduce.sv:53$1946 ($or).
Removed top 1 bits (of 16) from port B of cell tt_um_danieltyukov_int8_npu.$flatten\u_core.\u_array.\g_row[0].g_col[1].u_pe.\u_mul.\g_bw.g_wallace.u_tree.$or$/home/danieltyukov/workspace/personal/tt-ihp-int8-npu/src/npu_csa_reduce.sv:53$1946 ($or).
Removed top 7 bits (of 16) from port A of cell tt_um_danieltyukov_int8_npu.$flatten\u_core.\u_array.\g_row[0].g_col[1].u_pe.\u_mul.\g_bw.g_wallace.u_tree.$and$/home/danieltyukov/workspace/personal/tt-ihp-int8-npu/src/npu_csa_reduce.sv:53$1945 ($and).
Removed top 6 bits (of 16) from port B of cell tt_um_danieltyukov_int8_npu.$flatten\u_core.\u_array.\g_row[0].g_col[1].u_pe.\u_mul.\g_bw.g_wallace.u_tree.$and$/home/danieltyukov/workspace/personal/tt-ihp-int8-npu/src/npu_csa_reduce.sv:53$1945 ($and).
Removed top 6 bits (of 16) from port Y of cell tt_um_danieltyukov_int8_npu.$flatten\u_core.\u_array.\g_row[0].g_col[1].u_pe.\u_mul.\g_bw.g_wallace.u_tree.$and$/home/danieltyukov/workspace/personal/tt-ihp-int8-npu/src/npu_csa_reduce.sv:53$1945 ($and).
Removed top 1 bits (of 16) from port Y of cell tt_um_danieltyukov_int8_npu.$flatten\u_core.\u_array.\g_row[0].g_col[1].u_pe.\u_mul.\g_bw.g_wallace.u_tree.$or$/home/danieltyukov/workspace/personal/tt-ihp-int8-npu/src/npu_csa_reduce.sv:53$1944 ($or).
Removed top 1 bits (of 16) from port A of cell tt_um_danieltyukov_int8_npu.$flatten\u_core.\u_array.\g_row[0].g_col[1].u_pe.\u_mul.\g_bw.g_wallace.u_tree.$or$/home/danieltyukov/workspace/personal/tt-ihp-int8-npu/src/npu_csa_reduce.sv:53$1944 ($or).
Removed top 1 bits (of 16) from port B of cell tt_um_danieltyukov_int8_npu.$flatten\u_core.\u_array.\g_row[0].g_col[1].u_pe.\u_mul.\g_bw.g_wallace.u_tree.$or$/home/danieltyukov/workspace/personal/tt-ihp-int8-npu/src/npu_csa_reduce.sv:53$1944 ($or).
Removed top 8 bits (of 16) from port A of cell tt_um_danieltyukov_int8_npu.$flatten\u_core.\u_array.\g_row[0].g_col[1].u_pe.\u_mul.\g_bw.g_wallace.u_tree.$and$/home/danieltyukov/workspace/personal/tt-ihp-int8-npu/src/npu_csa_reduce.sv:53$1943 ($and).
Removed top 6 bits (of 16) from port B of cell tt_um_danieltyukov_int8_npu.$flatten\u_core.\u_array.\g_row[0].g_col[1].u_pe.\u_mul.\g_bw.g_wallace.u_tree.$and$/home/danieltyukov/workspace/personal/tt-ihp-int8-npu/src/npu_csa_reduce.sv:53$1943 ($and).
Removed top 6 bits (of 16) from port Y of cell tt_um_danieltyukov_int8_npu.$flatten\u_core.\u_array.\g_row[0].g_col[1].u_pe.\u_mul.\g_bw.g_wallace.u_tree.$and$/home/danieltyukov/workspace/personal/tt-ihp-int8-npu/src/npu_csa_reduce.sv:53$1943 ($and).
Removed top 8 bits (of 16) from port A of cell tt_um_danieltyukov_int8_npu.$flatten\u_core.\u_array.\g_row[0].g_col[1].u_pe.\u_mul.\g_bw.g_wallace.u_tree.$and$/home/danieltyukov/workspace/personal/tt-ihp-int8-npu/src/npu_csa_reduce.sv:53$1942 ($and).
Removed top 7 bits (of 16) from port B of cell tt_um_danieltyukov_int8_npu.$flatten\u_core.\u_array.\g_row[0].g_col[1].u_pe.\u_mul.\g_bw.g_wallace.u_tree.$and$/home/danieltyukov/workspace/personal/tt-ihp-int8-npu/src/npu_csa_reduce.sv:53$1942 ($and).
Removed top 7 bits (of 16) from port Y of cell tt_um_danieltyukov_int8_npu.$flatten\u_core.\u_array.\g_row[0].g_col[1].u_pe.\u_mul.\g_bw.g_wallace.u_tree.$and$/home/danieltyukov/workspace/personal/tt-ihp-int8-npu/src/npu_csa_reduce.sv:53$1942 ($and).
Removed top 7 bits (of 16) from port A of cell tt_um_danieltyukov_int8_npu.$flatten\u_core.\u_array.\g_row[0].g_col[1].u_pe.\u_mul.\g_bw.g_wallace.u_tree.$xor$/home/danieltyukov/workspace/personal/tt-ihp-int8-npu/src/npu_csa_reduce.sv:49$1941 ($xor).
Removed top 6 bits (of 16) from port B of cell tt_um_danieltyukov_int8_npu.$flatten\u_core.\u_array.\g_row[0].g_col[1].u_pe.\u_mul.\g_bw.g_wallace.u_tree.$xor$/home/danieltyukov/workspace/personal/tt-ihp-int8-npu/src/npu_csa_reduce.sv:49$1941 ($xor).
Removed top 6 bits (of 16) from port Y of cell tt_um_danieltyukov_int8_npu.$flatten\u_core.\u_array.\g_row[0].g_col[1].u_pe.\u_mul.\g_bw.g_wallace.u_tree.$xor$/home/danieltyukov/workspace/personal/tt-ihp-int8-npu/src/npu_csa_reduce.sv:49$1941 ($xor).
Removed top 3 bits (of 19) from FF cell tt_um_danieltyukov_int8_npu.$flatten\u_core.\u_array.\g_row[0].g_col[1].u_pe.$procdff$2927 ($adff).
Removed top 8 bits (of 16) from port A of cell tt_um_danieltyukov_int8_npu.$flatten\u_core.\u_array.\g_row[0].g_col[2].u_pe.\u_mul.\g_bw.g_wallace.u_tree.$xor$/home/danieltyukov/workspace/personal/tt-ihp-int8-npu/src/npu_csa_reduce.sv:49$1940 ($xor).
Removed top 7 bits (of 16) from port B of cell tt_um_danieltyukov_int8_npu.$flatten\u_core.\u_array.\g_row[0].g_col[2].u_pe.\u_mul.\g_bw.g_wallace.u_tree.$xor$/home/danieltyukov/workspace/personal/tt-ihp-int8-npu/src/npu_csa_reduce.sv:49$1940 ($xor).
Removed top 7 bits (of 16) from port Y of cell tt_um_danieltyukov_int8_npu.$flatten\u_core.\u_array.\g_row[0].g_col[2].u_pe.\u_mul.\g_bw.g_wallace.u_tree.$xor$/home/danieltyukov/workspace/personal/tt-ihp-int8-npu/src/npu_csa_reduce.sv:49$1940 ($xor).
Removed top 1 bits (of 16) from port Y of cell tt_um_danieltyukov_int8_npu.$flatten\u_core.\u_array.\g_row[0].g_col[2].u_pe.\u_mul.\u_cpa.$and$/home/danieltyukov/workspace/personal/tt-ihp-int8-npu/src/npu_adder.sv:60$1963 ($and).
Removed top 1 bits (of 16) from port A of cell tt_um_danieltyukov_int8_npu.$flatten\u_core.\u_array.\g_row[0].g_col[2].u_pe.\u_mul.\u_cpa.$and$/home/danieltyukov/workspace/personal/tt-ihp-int8-npu/src/npu_adder.sv:60$1963 ($and).
Removed top 1 bits (of 16) from port B of cell tt_um_danieltyukov_int8_npu.$flatten\u_core.\u_array.\g_row[0].g_col[2].u_pe.\u_mul.\u_cpa.$and$/home/danieltyukov/workspace/personal/tt-ihp-int8-npu/src/npu_adder.sv:60$1963 ($and).
Removed top 1 bits (of 16) from port Y of cell tt_um_danieltyukov_int8_npu.$flatten\u_core.\u_array.\g_row[0].g_col[2].u_pe.\u_mul.\g_bw.g_wallace.u_tree.\genblk1.g_reduce.u_next.$or$/home/danieltyukov/workspace/personal/tt-ihp-int8-npu/src/npu_csa_reduce.sv:53$2072 ($or).
Removed top 1 bits (of 16) from port A of cell tt_um_danieltyukov_int8_npu.$flatten\u_core.\u_array.\g_row[0].g_col[2].u_pe.\u_mul.\g_bw.g_wallace.u_tree.\genblk1.g_reduce.u_next.$or$/home/danieltyukov/workspace/personal/tt-ihp-int8-npu/src/npu_csa_reduce.sv:53$2072 ($or).
Removed top 1 bits (of 16) from port B of cell tt_um_danieltyukov_int8_npu.$flatten\u_core.\u_array.\g_row[0].g_col[2].u_pe.\u_mul.\g_bw.g_wallace.u_tree.\genblk1.g_reduce.u_next.$or$/home/danieltyukov/workspace/personal/tt-ihp-int8-npu/src/npu_csa_reduce.sv:53$2072 ($or).
Removed top 1 bits (of 16) from port Y of cell tt_um_danieltyukov_int8_npu.$flatten\u_core.\u_array.\g_row[0].g_col[2].u_pe.\u_mul.\g_bw.g_wallace.u_tree.\genblk1.g_reduce.u_next.$or$/home/danieltyukov/workspace/personal/tt-ihp-int8-npu/src/npu_csa_reduce.sv:53$2079 ($or).
Removed top 1 bits (of 16) from port A of cell tt_um_danieltyukov_int8_npu.$flatten\u_core.\u_array.\g_row[0].g_col[2].u_pe.\u_mul.\g_bw.g_wallace.u_tree.\genblk1.g_reduce.u_next.$or$/home/danieltyukov/workspace/personal/tt-ihp-int8-npu/src/npu_csa_reduce.sv:53$2079 ($or).
Removed top 1 bits (of 16) from port B of cell tt_um_danieltyukov_int8_npu.$flatten\u_core.\u_array.\g_row[0].g_col[2].u_pe.\u_mul.\g_bw.g_wallace.u_tree.\genblk1.g_reduce.u_next.$or$/home/danieltyukov/workspace/personal/tt-ihp-int8-npu/src/npu_csa_reduce.sv:53$2079 ($or).
Removed top 1 bits (of 16) from port Y of cell tt_um_danieltyukov_int8_npu.$flatten\u_core.\u_array.\g_row[0].g_col[2].u_pe.\u_mul.\g_bw.g_wallace.u_tree.\genblk1.g_reduce.u_next.\genblk1.g_reduce.u_next.\genblk1.g_reduce.u_next.$or$/home/danieltyukov/workspace/personal/tt-ihp-int8-npu/src/npu_csa_reduce.sv:53$1938 ($or).
Removed top 1 bits (of 16) from port A of cell tt_um_danieltyukov_int8_npu.$flatten\u_core.\u_array.\g_row[0].g_col[2].u_pe.\u_mul.\g_bw.g_wallace.u_tree.\genblk1.g_reduce.u_next.\genblk1.g_reduce.u_next.\genblk1.g_reduce.u_next.$or$/home/danieltyukov/workspace/personal/tt-ihp-int8-npu/src/npu_csa_reduce.sv:53$1938 ($or).
Removed top 1 bits (of 16) from port B of cell tt_um_danieltyukov_int8_npu.$flatten\u_core.\u_array.\g_row[0].g_col[2].u_pe.\u_mul.\g_bw.g_wallace.u_tree.\genblk1.g_reduce.u_next.\genblk1.g_reduce.u_next.\genblk1.g_reduce.u_next.$or$/home/danieltyukov/workspace/personal/tt-ihp-int8-npu/src/npu_csa_reduce.sv:53$1938 ($or).
Removed top 1 bits (of 16) from port Y of cell tt_um_danieltyukov_int8_npu.$flatten\u_core.\u_array.\g_row[0].g_col[2].u_pe.\u_mul.\g_bw.g_wallace.u_tree.\genblk1.g_reduce.u_next.\genblk1.g_reduce.u_next.$or$/home/danieltyukov/workspace/personal/tt-ihp-int8-npu/src/npu_csa_reduce.sv:53$2087 ($or).
Removed top 1 bits (of 16) from port A of cell tt_um_danieltyukov_int8_npu.$flatten\u_core.\u_array.\g_row[0].g_col[2].u_pe.\u_mul.\g_bw.g_wallace.u_tree.\genblk1.g_reduce.u_next.\genblk1.g_reduce.u_next.$or$/home/danieltyukov/workspace/personal/tt-ihp-int8-npu/src/npu_csa_reduce.sv:53$2087 ($or).
Removed top 1 bits (of 16) from port B of cell tt_um_danieltyukov_int8_npu.$flatten\u_core.\u_array.\g_row[0].g_col[2].u_pe.\u_mul.\g_bw.g_wallace.u_tree.\genblk1.g_reduce.u_next.\genblk1.g_reduce.u_next.$or$/home/danieltyukov/workspace/personal/tt-ihp-int8-npu/src/npu_csa_reduce.sv:53$2087 ($or).
Removed top 1 bits (of 16) from port Y of cell tt_um_danieltyukov_int8_npu.$flatten\u_core.\u_array.\g_row[0].g_col[2].u_pe.\u_mul.\g_bw.g_wallace.u_tree.\genblk1.g_reduce.u_next.\genblk1.g_reduce.u_next.$and$/home/danieltyukov/workspace/personal/tt-ihp-int8-npu/src/npu_csa_reduce.sv:53$2086 ($and).
Removed top 1 bits (of 16) from port A of cell tt_um_danieltyukov_int8_npu.$flatten\u_core.\u_array.\g_row[0].g_col[2].u_pe.\u_mul.\g_bw.g_wallace.u_tree.\genblk1.g_reduce.u_next.\genblk1.g_reduce.u_next.$and$/home/danieltyukov/workspace/personal/tt-ihp-int8-npu/src/npu_csa_reduce.sv:53$2086 ($and).
Removed top 1 bits (of 16) from port B of cell tt_um_danieltyukov_int8_npu.$flatten\u_core.\u_array.\g_row[0].g_col[2].u_pe.\u_mul.\g_bw.g_wallace.u_tree.\genblk1.g_reduce.u_next.\genblk1.g_reduce.u_next.$and$/home/danieltyukov/workspace/personal/tt-ihp-int8-npu/src/npu_csa_reduce.sv:53$2086 ($and).
Removed top 1 bits (of 16) from port Y of cell tt_um_danieltyukov_int8_npu.$flatten\u_core.\u_array.\g_row[0].g_col[2].u_pe.\u_mul.\g_bw.g_wallace.u_tree.\genblk1.g_reduce.u_next.\genblk1.g_reduce.u_next.$or$/home/danieltyukov/workspace/personal/tt-ihp-int8-npu/src/npu_csa_reduce.sv:53$2085 ($or).
Removed top 1 bits (of 16) from port A of cell tt_um_danieltyukov_int8_npu.$flatten\u_core.\u_array.\g_row[0].g_col[2].u_pe.\u_mul.\g_bw.g_wallace.u_tree.\genblk1.g_reduce.u_next.\genblk1.g_reduce.u_next.$or$/home/danieltyukov/workspace/personal/tt-ihp-int8-npu/src/npu_csa_reduce.sv:53$2085 ($or).
Removed top 1 bits (of 16) from port B of cell tt_um_danieltyukov_int8_npu.$flatten\u_core.\u_array.\g_row[0].g_col[2].u_pe.\u_mul.\g_bw.g_wallace.u_tree.\genblk1.g_reduce.u_next.\genblk1.g_reduce.u_next.$or$/home/danieltyukov/workspace/personal/tt-ihp-int8-npu/src/npu_csa_reduce.sv:53$2085 ($or).
Removed top 1 bits (of 16) from port Y of cell tt_um_danieltyukov_int8_npu.$flatten\u_core.\u_array.\g_row[0].g_col[2].u_pe.\u_mul.\g_bw.g_wallace.u_tree.\genblk1.g_reduce.u_next.\genblk1.g_reduce.u_next.$and$/home/danieltyukov/workspace/personal/tt-ihp-int8-npu/src/npu_csa_reduce.sv:53$2084 ($and).
Removed top 1 bits (of 16) from port A of cell tt_um_danieltyukov_int8_npu.$flatten\u_core.\u_array.\g_row[0].g_col[2].u_pe.\u_mul.\g_bw.g_wallace.u_tree.\genblk1.g_reduce.u_next.\genblk1.g_reduce.u_next.$and$/home/danieltyukov/workspace/personal/tt-ihp-int8-npu/src/npu_csa_reduce.sv:53$2084 ($and).
Removed top 1 bits (of 16) from port B of cell tt_um_danieltyukov_int8_npu.$flatten\u_core.\u_array.\g_row[0].g_col[2].u_pe.\u_mul.\g_bw.g_wallace.u_tree.\genblk1.g_reduce.u_next.\genblk1.g_reduce.u_next.$and$/home/danieltyukov/workspace/personal/tt-ihp-int8-npu/src/npu_csa_reduce.sv:53$2084 ($and).
Removed top 1 bits (of 16) from port Y of cell tt_um_danieltyukov_int8_npu.$flatten\u_core.\u_array.\g_row[0].g_col[2].u_pe.\u_mul.\g_bw.g_wallace.u_tree.\genblk1.g_reduce.u_next.\genblk1.g_reduce.u_next.$and$/home/danieltyukov/workspace/personal/tt-ihp-int8-npu/src/npu_csa_reduce.sv:53$2083 ($and).
Removed top 1 bits (of 16) from port A of cell tt_um_danieltyukov_int8_npu.$flatten\u_core.\u_array.\g_row[0].g_col[2].u_pe.\u_mul.\g_bw.g_wallace.u_tree.\genblk1.g_reduce.u_next.\genblk1.g_reduce.u_next.$and$/home/danieltyukov/workspace/personal/tt-ihp-int8-npu/src/npu_csa_reduce.sv:53$2083 ($and).
Removed top 1 bits (of 16) from port B of cell tt_um_danieltyukov_int8_npu.$flatten\u_core.\u_array.\g_row[0].g_col[2].u_pe.\u_mul.\g_bw.g_wallace.u_tree.\genblk1.g_reduce.u_next.\genblk1.g_reduce.u_next.$and$/home/danieltyukov/workspace/personal/tt-ihp-int8-npu/src/npu_csa_reduce.sv:53$2083 ($and).
Removed top 7 bits (of 16) from port B of cell tt_um_danieltyukov_int8_npu.$flatten\u_core.\u_array.\g_row[0].g_col[2].u_pe.\u_mul.\g_bw.g_wallace.u_tree.$or$/home/danieltyukov/workspace/personal/tt-ihp-int8-npu/src/npu_csa_reduce.sv:53$1960 ($or).
Removed top 1 bits (of 16) from port Y of cell tt_um_danieltyukov_int8_npu.$flatten\u_core.\u_array.\g_row[0].g_col[2].u_pe.\u_mul.\g_bw.g_wallace.u_tree.$or$/home/danieltyukov/workspace/personal/tt-ihp-int8-npu/src/npu_csa_reduce.sv:53$1960 ($or).
Removed top 1 bits (of 16) from port A of cell tt_um_danieltyukov_int8_npu.$flatten\u_core.\u_array.\g_row[0].g_col[2].u_pe.\u_mul.\g_bw.g_wallace.u_tree.$or$/home/danieltyukov/workspace/personal/tt-ihp-int8-npu/src/npu_csa_reduce.sv:53$1960 ($or).
Removed top 7 bits (of 16) from port B of cell tt_um_danieltyukov_int8_npu.$flatten\u_core.\u_array.\g_row[0].g_col[2].u_pe.\u_mul.\g_bw.g_wallace.u_tree.$or$/home/danieltyukov/workspace/personal/tt-ihp-int8-npu/src/npu_csa_reduce.sv:53$1958 ($or).
Removed top 1 bits (of 16) from port Y of cell tt_um_danieltyukov_int8_npu.$flatten\u_core.\u_array.\g_row[0].g_col[2].u_pe.\u_mul.\g_bw.g_wallace.u_tree.$or$/home/danieltyukov/workspace/personal/tt-ihp-int8-npu/src/npu_csa_reduce.sv:53$1958 ($or).
Removed top 1 bits (of 16) from port A of cell tt_um_danieltyukov_int8_npu.$flatten\u_core.\u_array.\g_row[0].g_col[2].u_pe.\u_mul.\g_bw.g_wallace.u_tree.$or$/home/danieltyukov/workspace/personal/tt-ihp-int8-npu/src/npu_csa_reduce.sv:53$1958 ($or).
Removed top 2 bits (of 16) from port A of cell tt_um_danieltyukov_int8_npu.$flatten\u_core.\u_array.\g_row[0].g_col[2].u_pe.\u_mul.\g_bw.g_wallace.u_tree.$and$/home/danieltyukov/workspace/personal/tt-ihp-int8-npu/src/npu_csa_reduce.sv:53$1956 ($and).
Removed top 1 bits (of 16) from port B of cell tt_um_danieltyukov_int8_npu.$flatten\u_core.\u_array.\g_row[0].g_col[2].u_pe.\u_mul.\g_bw.g_wallace.u_tree.$and$/home/danieltyukov/workspace/personal/tt-ihp-int8-npu/src/npu_csa_reduce.sv:53$1956 ($and).
Removed top 1 bits (of 16) from port Y of cell tt_um_danieltyukov_int8_npu.$flatten\u_core.\u_array.\g_row[0].g_col[2].u_pe.\u_mul.\g_bw.g_wallace.u_tree.$and$/home/danieltyukov/workspace/personal/tt-ihp-int8-npu/src/npu_csa_reduce.sv:53$1956 ($and).
Removed top 2 bits (of 16) from port A of cell tt_um_danieltyukov_int8_npu.$flatten\u_core.\u_array.\g_row[0].g_col[2].u_pe.\u_mul.\g_bw.g_wallace.u_tree.$xor$/home/danieltyukov/workspace/personal/tt-ihp-int8-npu/src/npu_csa_reduce.sv:49$1954 ($xor).
Removed top 1 bits (of 16) from port B of cell tt_um_danieltyukov_int8_npu.$flatten\u_core.\u_array.\g_row[0].g_col[2].u_pe.\u_mul.\g_bw.g_wallace.u_tree.$xor$/home/danieltyukov/workspace/personal/tt-ihp-int8-npu/src/npu_csa_reduce.sv:49$1954 ($xor).
Removed top 1 bits (of 16) from port Y of cell tt_um_danieltyukov_int8_npu.$flatten\u_core.\u_array.\g_row[0].g_col[2].u_pe.\u_mul.\g_bw.g_wallace.u_tree.$xor$/home/danieltyukov/workspace/personal/tt-ihp-int8-npu/src/npu_csa_reduce.sv:49$1954 ($xor).
Removed top 1 bits (of 16) from port Y of cell tt_um_danieltyukov_int8_npu.$flatten\u_core.\u_array.\g_row[0].g_col[2].u_pe.\u_mul.\g_bw.g_wallace.u_tree.$or$/home/danieltyukov/workspace/personal/tt-ihp-int8-npu/src/npu_csa_reduce.sv:53$1953 ($or).
Removed top 1 bits (of 16) from port A of cell tt_um_danieltyukov_int8_npu.$flatten\u_core.\u_array.\g_row[0].g_col[2].u_pe.\u_mul.\g_bw.g_wallace.u_tree.$or$/home/danieltyukov/workspace/personal/tt-ihp-int8-npu/src/npu_csa_reduce.sv:53$1953 ($or).
Removed top 1 bits (of 16) from port B of cell tt_um_danieltyukov_int8_npu.$flatten\u_core.\u_array.\g_row[0].g_col[2].u_pe.\u_mul.\g_bw.g_wallace.u_tree.$or$/home/danieltyukov/workspace/personal/tt-ihp-int8-npu/src/npu_csa_reduce.sv:53$1953 ($or).
Removed top 4 bits (of 16) from port A of cell tt_um_danieltyukov_int8_npu.$flatten\u_core.\u_array.\g_row[0].g_col[2].u_pe.\u_mul.\g_bw.g_wallace.u_tree.$and$/home/danieltyukov/workspace/personal/tt-ihp-int8-npu/src/npu_csa_reduce.sv:53$1952 ($and).
Removed top 3 bits (of 16) from port B of cell tt_um_danieltyukov_int8_npu.$flatten\u_core.\u_array.\g_row[0].g_col[2].u_pe.\u_mul.\g_bw.g_wallace.u_tree.$and$/home/danieltyukov/workspace/personal/tt-ihp-int8-npu/src/npu_csa_reduce.sv:53$1952 ($and).
Removed top 3 bits (of 16) from port Y of cell tt_um_danieltyukov_int8_npu.$flatten\u_core.\u_array.\g_row[0].g_col[2].u_pe.\u_mul.\g_bw.g_wallace.u_tree.$and$/home/danieltyukov/workspace/personal/tt-ihp-int8-npu/src/npu_csa_reduce.sv:53$1952 ($and).
Removed top 1 bits (of 16) from port Y of cell tt_um_danieltyukov_int8_npu.$flatten\u_core.\u_array.\g_row[0].g_col[2].u_pe.\u_mul.\g_bw.g_wallace.u_tree.$or$/home/danieltyukov/workspace/personal/tt-ihp-int8-npu/src/npu_csa_reduce.sv:53$1951 ($or).
Removed top 1 bits (of 16) from port A of cell tt_um_danieltyukov_int8_npu.$flatten\u_core.\u_array.\g_row[0].g_col[2].u_pe.\u_mul.\g_bw.g_wallace.u_tree.$or$/home/danieltyukov/workspace/personal/tt-ihp-int8-npu/src/npu_csa_reduce.sv:53$1951 ($or).
Removed top 1 bits (of 16) from port B of cell tt_um_danieltyukov_int8_npu.$flatten\u_core.\u_array.\g_row[0].g_col[2].u_pe.\u_mul.\g_bw.g_wallace.u_tree.$or$/home/danieltyukov/workspace/personal/tt-ihp-int8-npu/src/npu_csa_reduce.sv:53$1951 ($or).
Removed top 5 bits (of 16) from port A of cell tt_um_danieltyukov_int8_npu.$flatten\u_core.\u_array.\g_row[0].g_col[2].u_pe.\u_mul.\g_bw.g_wallace.u_tree.$and$/home/danieltyukov/workspace/personal/tt-ihp-int8-npu/src/npu_csa_reduce.sv:53$1950 ($and).
Removed top 3 bits (of 16) from port B of cell tt_um_danieltyukov_int8_npu.$flatten\u_core.\u_array.\g_row[0].g_col[2].u_pe.\u_mul.\g_bw.g_wallace.u_tree.$and$/home/danieltyukov/workspace/personal/tt-ihp-int8-npu/src/npu_csa_reduce.sv:53$1950 ($and).
Removed top 3 bits (of 16) from port Y of cell tt_um_danieltyukov_int8_npu.$flatten\u_core.\u_array.\g_row[0].g_col[2].u_pe.\u_mul.\g_bw.g_wallace.u_tree.$and$/home/danieltyukov/workspace/personal/tt-ihp-int8-npu/src/npu_csa_reduce.sv:53$1950 ($and).
Removed top 5 bits (of 16) from port A of cell tt_um_danieltyukov_int8_npu.$flatten\u_core.\u_array.\g_row[0].g_col[2].u_pe.\u_mul.\g_bw.g_wallace.u_tree.$and$/home/danieltyukov/workspace/personal/tt-ihp-int8-npu/src/npu_csa_reduce.sv:53$1949 ($and).
Removed top 4 bits (of 16) from port B of cell tt_um_danieltyukov_int8_npu.$flatten\u_core.\u_array.\g_row[0].g_col[2].u_pe.\u_mul.\g_bw.g_wallace.u_tree.$and$/home/danieltyukov/workspace/personal/tt-ihp-int8-npu/src/npu_csa_reduce.sv:53$1949 ($and).
Removed top 4 bits (of 16) from port Y of cell tt_um_danieltyukov_int8_npu.$flatten\u_core.\u_array.\g_row[0].g_col[2].u_pe.\u_mul.\g_bw.g_wallace.u_tree.$and$/home/danieltyukov/workspace/personal/tt-ihp-int8-npu/src/npu_csa_reduce.sv:53$1949 ($and).
Removed top 3 bits (of 16) from port B of cell tt_um_danieltyukov_int8_npu.$flatten\u_core.\u_array.\g_row[0].g_col[2].u_pe.\u_mul.\g_bw.g_wallace.u_tree.$xor$/home/danieltyukov/workspace/personal/tt-ihp-int8-npu/src/npu_csa_reduce.sv:49$1948 ($xor).
Removed top 5 bits (of 16) from port A of cell tt_um_danieltyukov_int8_npu.$flatten\u_core.\u_array.\g_row[0].g_col[2].u_pe.\u_mul.\g_bw.g_wallace.u_tree.$xor$/home/danieltyukov/workspace/personal/tt-ihp-int8-npu/src/npu_csa_reduce.sv:49$1947 ($xor).
Removed top 4 bits (of 16) from port B of cell tt_um_danieltyukov_int8_npu.$flatten\u_core.\u_array.\g_row[0].g_col[2].u_pe.\u_mul.\g_bw.g_wallace.u_tree.$xor$/home/danieltyukov/workspace/personal/tt-ihp-int8-npu/src/npu_csa_reduce.sv:49$1947 ($xor).
Removed top 4 bits (of 16) from port Y of cell tt_um_danieltyukov_int8_npu.$flatten\u_core.\u_array.\g_row[0].g_col[2].u_pe.\u_mul.\g_bw.g_wallace.u_tree.$xor$/home/danieltyukov/workspace/personal/tt-ihp-int8-npu/src/npu_csa_reduce.sv:49$1947 ($xor).
Removed top 1 bits (of 16) from port Y of cell tt_um_danieltyukov_int8_npu.$flatten\u_core.\u_array.\g_row[0].g_col[2].u_pe.\u_mul.\g_bw.g_wallace.u_tree.$or$/home/danieltyukov/workspace/personal/tt-ihp-int8-npu/src/npu_csa_reduce.sv:53$1946 ($or).
Removed top 1 bits (of 16) from port A of cell tt_um_danieltyukov_int8_npu.$flatten\u_core.\u_array.\g_row[0].g_col[2].u_pe.\u_mul.\g_bw.g_wallace.u_tree.$or$/home/danieltyukov/workspace/personal/tt-ihp-int8-npu/src/npu_csa_reduce.sv:53$1946 ($or).
Removed top 1 bits (of 16) from port B of cell tt_um_danieltyukov_int8_npu.$flatten\u_core.\u_array.\g_row[0].g_col[2].u_pe.\u_mul.\g_bw.g_wallace.u_tree.$or$/home/danieltyukov/workspace/personal/tt-ihp-int8-npu/src/npu_csa_reduce.sv:53$1946 ($or).
Removed top 7 bits (of 16) from port A of cell tt_um_danieltyukov_int8_npu.$flatten\u_core.\u_array.\g_row[0].g_col[2].u_pe.\u_mul.\g_bw.g_wallace.u_tree.$and$/home/danieltyukov/workspace/personal/tt-ihp-int8-npu/src/npu_csa_reduce.sv:53$1945 ($and).
Removed top 6 bits (of 16) from port B of cell tt_um_danieltyukov_int8_npu.$flatten\u_core.\u_array.\g_row[0].g_col[2].u_pe.\u_mul.\g_bw.g_wallace.u_tree.$and$/home/danieltyukov/workspace/personal/tt-ihp-int8-npu/src/npu_csa_reduce.sv:53$1945 ($and).
Removed top 6 bits (of 16) from port Y of cell tt_um_danieltyukov_int8_npu.$flatten\u_core.\u_array.\g_row[0].g_col[2].u_pe.\u_mul.\g_bw.g_wallace.u_tree.$and$/home/danieltyukov/workspace/personal/tt-ihp-int8-npu/src/npu_csa_reduce.sv:53$1945 ($and).
Removed top 1 bits (of 16) from port Y of cell tt_um_danieltyukov_int8_npu.$flatten\u_core.\u_array.\g_row[0].g_col[2].u_pe.\u_mul.\g_bw.g_wallace.u_tree.$or$/home/danieltyukov/workspace/personal/tt-ihp-int8-npu/src/npu_csa_reduce.sv:53$1944 ($or).
Removed top 1 bits (of 16) from port A of cell tt_um_danieltyukov_int8_npu.$flatten\u_core.\u_array.\g_row[0].g_col[2].u_pe.\u_mul.\g_bw.g_wallace.u_tree.$or$/home/danieltyukov/workspace/personal/tt-ihp-int8-npu/src/npu_csa_reduce.sv:53$1944 ($or).
Removed top 1 bits (of 16) from port B of cell tt_um_danieltyukov_int8_npu.$flatten\u_core.\u_array.\g_row[0].g_col[2].u_pe.\u_mul.\g_bw.g_wallace.u_tree.$or$/home/danieltyukov/workspace/personal/tt-ihp-int8-npu/src/npu_csa_reduce.sv:53$1944 ($or).
Removed top 8 bits (of 16) from port A of cell tt_um_danieltyukov_int8_npu.$flatten\u_core.\u_array.\g_row[0].g_col[2].u_pe.\u_mul.\g_bw.g_wallace.u_tree.$and$/home/danieltyukov/workspace/personal/tt-ihp-int8-npu/src/npu_csa_reduce.sv:53$1943 ($and).
Removed top 6 bits (of 16) from port B of cell tt_um_danieltyukov_int8_npu.$flatten\u_core.\u_array.\g_row[0].g_col[2].u_pe.\u_mul.\g_bw.g_wallace.u_tree.$and$/home/danieltyukov/workspace/personal/tt-ihp-int8-npu/src/npu_csa_reduce.sv:53$1943 ($and).
Removed top 6 bits (of 16) from port Y of cell tt_um_danieltyukov_int8_npu.$flatten\u_core.\u_array.\g_row[0].g_col[2].u_pe.\u_mul.\g_bw.g_wallace.u_tree.$and$/home/danieltyukov/workspace/personal/tt-ihp-int8-npu/src/npu_csa_reduce.sv:53$1943 ($and).
Removed top 8 bits (of 16) from port A of cell tt_um_danieltyukov_int8_npu.$flatten\u_core.\u_array.\g_row[0].g_col[2].u_pe.\u_mul.\g_bw.g_wallace.u_tree.$and$/home/danieltyukov/workspace/personal/tt-ihp-int8-npu/src/npu_csa_reduce.sv:53$1942 ($and).
Removed top 7 bits (of 16) from port B of cell tt_um_danieltyukov_int8_npu.$flatten\u_core.\u_array.\g_row[0].g_col[2].u_pe.\u_mul.\g_bw.g_wallace.u_tree.$and$/home/danieltyukov/workspace/personal/tt-ihp-int8-npu/src/npu_csa_reduce.sv:53$1942 ($and).
Removed top 7 bits (of 16) from port Y of cell tt_um_danieltyukov_int8_npu.$flatten\u_core.\u_array.\g_row[0].g_col[2].u_pe.\u_mul.\g_bw.g_wallace.u_tree.$and$/home/danieltyukov/workspace/personal/tt-ihp-int8-npu/src/npu_csa_reduce.sv:53$1942 ($and).
Removed top 7 bits (of 16) from port A of cell tt_um_danieltyukov_int8_npu.$flatten\u_core.\u_array.\g_row[0].g_col[2].u_pe.\u_mul.\g_bw.g_wallace.u_tree.$xor$/home/danieltyukov/workspace/personal/tt-ihp-int8-npu/src/npu_csa_reduce.sv:49$1941 ($xor).
Removed top 6 bits (of 16) from port B of cell tt_um_danieltyukov_int8_npu.$flatten\u_core.\u_array.\g_row[0].g_col[2].u_pe.\u_mul.\g_bw.g_wallace.u_tree.$xor$/home/danieltyukov/workspace/personal/tt-ihp-int8-npu/src/npu_csa_reduce.sv:49$1941 ($xor).
Removed top 6 bits (of 16) from port Y of cell tt_um_danieltyukov_int8_npu.$flatten\u_core.\u_array.\g_row[0].g_col[2].u_pe.\u_mul.\g_bw.g_wallace.u_tree.$xor$/home/danieltyukov/workspace/personal/tt-ihp-int8-npu/src/npu_csa_reduce.sv:49$1941 ($xor).
Removed top 3 bits (of 19) from FF cell tt_um_danieltyukov_int8_npu.$flatten\u_core.\u_array.\g_row[0].g_col[2].u_pe.$procdff$2927 ($adff).
Removed top 8 bits (of 16) from port A of cell tt_um_danieltyukov_int8_npu.$flatten\u_core.\u_array.\g_row[0].g_col[3].u_pe.\u_mul.\g_bw.g_wallace.u_tree.$xor$/home/danieltyukov/workspace/personal/tt-ihp-int8-npu/src/npu_csa_reduce.sv:49$1940 ($xor).
Removed top 7 bits (of 16) from port B of cell tt_um_danieltyukov_int8_npu.$flatten\u_core.\u_array.\g_row[0].g_col[3].u_pe.\u_mul.\g_bw.g_wallace.u_tree.$xor$/home/danieltyukov/workspace/personal/tt-ihp-int8-npu/src/npu_csa_reduce.sv:49$1940 ($xor).
Removed top 7 bits (of 16) from port Y of cell tt_um_danieltyukov_int8_npu.$flatten\u_core.\u_array.\g_row[0].g_col[3].u_pe.\u_mul.\g_bw.g_wallace.u_tree.$xor$/home/danieltyukov/workspace/personal/tt-ihp-int8-npu/src/npu_csa_reduce.sv:49$1940 ($xor).
Removed top 1 bits (of 16) from port Y of cell tt_um_danieltyukov_int8_npu.$flatten\u_core.\u_array.\g_row[0].g_col[3].u_pe.\u_mul.\u_cpa.$and$/home/danieltyukov/workspace/personal/tt-ihp-int8-npu/src/npu_adder.sv:60$1963 ($and).
Removed top 1 bits (of 16) from port A of cell tt_um_danieltyukov_int8_npu.$flatten\u_core.\u_array.\g_row[0].g_col[3].u_pe.\u_mul.\u_cpa.$and$/home/danieltyukov/workspace/personal/tt-ihp-int8-npu/src/npu_adder.sv:60$1963 ($and).
Removed top 1 bits (of 16) from port B of cell tt_um_danieltyukov_int8_npu.$flatten\u_core.\u_array.\g_row[0].g_col[3].u_pe.\u_mul.\u_cpa.$and$/home/danieltyukov/workspace/personal/tt-ihp-int8-npu/src/npu_adder.sv:60$1963 ($and).
Removed top 1 bits (of 16) from port Y of cell tt_um_danieltyukov_int8_npu.$flatten\u_core.\u_array.\g_row[0].g_col[3].u_pe.\u_mul.\g_bw.g_wallace.u_tree.\genblk1.g_reduce.u_next.$or$/home/danieltyukov/workspace/personal/tt-ihp-int8-npu/src/npu_csa_reduce.sv:53$2072 ($or).
Removed top 1 bits (of 16) from port A of cell tt_um_danieltyukov_int8_npu.$flatten\u_core.\u_array.\g_row[0].g_col[3].u_pe.\u_mul.\g_bw.g_wallace.u_tree.\genblk1.g_reduce.u_next.$or$/home/danieltyukov/workspace/personal/tt-ihp-int8-npu/src/npu_csa_reduce.sv:53$2072 ($or).
Removed top 1 bits (of 16) from port B of cell tt_um_danieltyukov_int8_npu.$flatten\u_core.\u_array.\g_row[0].g_col[3].u_pe.\u_mul.\g_bw.g_wallace.u_tree.\genblk1.g_reduce.u_next.$or$/home/danieltyukov/workspace/personal/tt-ihp-int8-npu/src/npu_csa_reduce.sv:53$2072 ($or).
Removed top 1 bits (of 16) from port Y of cell tt_um_danieltyukov_int8_npu.$flatten\u_core.\u_array.\g_row[0].g_col[3].u_pe.\u_mul.\g_bw.g_wallace.u_tree.\genblk1.g_reduce.u_next.$or$/home/danieltyukov/workspace/personal/tt-ihp-int8-npu/src/npu_csa_reduce.sv:53$2079 ($or).
Removed top 1 bits (of 16) from port A of cell tt_um_danieltyukov_int8_npu.$flatten\u_core.\u_array.\g_row[0].g_col[3].u_pe.\u_mul.\g_bw.g_wallace.u_tree.\genblk1.g_reduce.u_next.$or$/home/danieltyukov/workspace/personal/tt-ihp-int8-npu/src/npu_csa_reduce.sv:53$2079 ($or).
Removed top 1 bits (of 16) from port B of cell tt_um_danieltyukov_int8_npu.$flatten\u_core.\u_array.\g_row[0].g_col[3].u_pe.\u_mul.\g_bw.g_wallace.u_tree.\genblk1.g_reduce.u_next.$or$/home/danieltyukov/workspace/personal/tt-ihp-int8-npu/src/npu_csa_reduce.sv:53$2079 ($or).
Removed top 1 bits (of 16) from port Y of cell tt_um_danieltyukov_int8_npu.$flatten\u_core.\u_array.\g_row[0].g_col[3].u_pe.\u_mul.\g_bw.g_wallace.u_tree.\genblk1.g_reduce.u_next.\genblk1.g_reduce.u_next.\genblk1.g_reduce.u_next.$or$/home/danieltyukov/workspace/personal/tt-ihp-int8-npu/src/npu_csa_reduce.sv:53$1938 ($or).
Removed top 1 bits (of 16) from port A of cell tt_um_danieltyukov_int8_npu.$flatten\u_core.\u_array.\g_row[0].g_col[3].u_pe.\u_mul.\g_bw.g_wallace.u_tree.\genblk1.g_reduce.u_next.\genblk1.g_reduce.u_next.\genblk1.g_reduce.u_next.$or$/home/danieltyukov/workspace/personal/tt-ihp-int8-npu/src/npu_csa_reduce.sv:53$1938 ($or).
Removed top 1 bits (of 16) from port B of cell tt_um_danieltyukov_int8_npu.$flatten\u_core.\u_array.\g_row[0].g_col[3].u_pe.\u_mul.\g_bw.g_wallace.u_tree.\genblk1.g_reduce.u_next.\genblk1.g_reduce.u_next.\genblk1.g_reduce.u_next.$or$/home/danieltyukov/workspace/personal/tt-ihp-int8-npu/src/npu_csa_reduce.sv:53$1938 ($or).
Removed top 1 bits (of 16) from port Y of cell tt_um_danieltyukov_int8_npu.$flatten\u_core.\u_array.\g_row[0].g_col[3].u_pe.\u_mul.\g_bw.g_wallace.u_tree.\genblk1.g_reduce.u_next.\genblk1.g_reduce.u_next.$or$/home/danieltyukov/workspace/personal/tt-ihp-int8-npu/src/npu_csa_reduce.sv:53$2087 ($or).
Removed top 1 bits (of 16) from port A of cell tt_um_danieltyukov_int8_npu.$flatten\u_core.\u_array.\g_row[0].g_col[3].u_pe.\u_mul.\g_bw.g_wallace.u_tree.\genblk1.g_reduce.u_next.\genblk1.g_reduce.u_next.$or$/home/danieltyukov/workspace/personal/tt-ihp-int8-npu/src/npu_csa_reduce.sv:53$2087 ($or).
Removed top 1 bits (of 16) from port B of cell tt_um_danieltyukov_int8_npu.$flatten\u_core.\u_array.\g_row[0].g_col[3].u_pe.\u_mul.\g_bw.g_wallace.u_tree.\genblk1.g_reduce.u_next.\genblk1.g_reduce.u_next.$or$/home/danieltyukov/workspace/personal/tt-ihp-int8-npu/src/npu_csa_reduce.sv:53$2087 ($or).
Removed top 1 bits (of 16) from port Y of cell tt_um_danieltyukov_int8_npu.$flatten\u_core.\u_array.\g_row[0].g_col[3].u_pe.\u_mul.\g_bw.g_wallace.u_tree.\genblk1.g_reduce.u_next.\genblk1.g_reduce.u_next.$and$/home/danieltyukov/workspace/personal/tt-ihp-int8-npu/src/npu_csa_reduce.sv:53$2086 ($and).
Removed top 1 bits (of 16) from port A of cell tt_um_danieltyukov_int8_npu.$flatten\u_core.\u_array.\g_row[0].g_col[3].u_pe.\u_mul.\g_bw.g_wallace.u_tree.\genblk1.g_reduce.u_next.\genblk1.g_reduce.u_next.$and$/home/danieltyukov/workspace/personal/tt-ihp-int8-npu/src/npu_csa_reduce.sv:53$2086 ($and).
Removed top 1 bits (of 16) from port B of cell tt_um_danieltyukov_int8_npu.$flatten\u_core.\u_array.\g_row[0].g_col[3].u_pe.\u_mul.\g_bw.g_wallace.u_tree.\genblk1.g_reduce.u_next.\genblk1.g_reduce.u_next.$and$/home/danieltyukov/workspace/personal/tt-ihp-int8-npu/src/npu_csa_reduce.sv:53$2086 ($and).
Removed top 1 bits (of 16) from port Y of cell tt_um_danieltyukov_int8_npu.$flatten\u_core.\u_array.\g_row[0].g_col[3].u_pe.\u_mul.\g_bw.g_wallace.u_tree.\genblk1.g_reduce.u_next.\genblk1.g_reduce.u_next.$or$/home/danieltyukov/workspace/personal/tt-ihp-int8-npu/src/npu_csa_reduce.sv:53$2085 ($or).
Removed top 1 bits (of 16) from port A of cell tt_um_danieltyukov_int8_npu.$flatten\u_core.\u_array.\g_row[0].g_col[3].u_pe.\u_mul.\g_bw.g_wallace.u_tree.\genblk1.g_reduce.u_next.\genblk1.g_reduce.u_next.$or$/home/danieltyukov/workspace/personal/tt-ihp-int8-npu/src/npu_csa_reduce.sv:53$2085 ($or).
Removed top 1 bits (of 16) from port B of cell tt_um_danieltyukov_int8_npu.$flatten\u_core.\u_array.\g_row[0].g_col[3].u_pe.\u_mul.\g_bw.g_wallace.u_tree.\genblk1.g_reduce.u_next.\genblk1.g_reduce.u_next.$or$/home/danieltyukov/workspace/personal/tt-ihp-int8-npu/src/npu_csa_reduce.sv:53$2085 ($or).
Removed top 1 bits (of 16) from port Y of cell tt_um_danieltyukov_int8_npu.$flatten\u_core.\u_array.\g_row[0].g_col[3].u_pe.\u_mul.\g_bw.g_wallace.u_tree.\genblk1.g_reduce.u_next.\genblk1.g_reduce.u_next.$and$/home/danieltyukov/workspace/personal/tt-ihp-int8-npu/src/npu_csa_reduce.sv:53$2084 ($and).
Removed top 1 bits (of 16) from port A of cell tt_um_danieltyukov_int8_npu.$flatten\u_core.\u_array.\g_row[0].g_col[3].u_pe.\u_mul.\g_bw.g_wallace.u_tree.\genblk1.g_reduce.u_next.\genblk1.g_reduce.u_next.$and$/home/danieltyukov/workspace/personal/tt-ihp-int8-npu/src/npu_csa_reduce.sv:53$2084 ($and).
Removed top 1 bits (of 16) from port B of cell tt_um_danieltyukov_int8_npu.$flatten\u_core.\u_array.\g_row[0].g_col[3].u_pe.\u_mul.\g_bw.g_wallace.u_tree.\genblk1.g_reduce.u_next.\genblk1.g_reduce.u_next.$and$/home/danieltyukov/workspace/personal/tt-ihp-int8-npu/src/npu_csa_reduce.sv:53$2084 ($and).
Removed top 1 bits (of 16) from port Y of cell tt_um_danieltyukov_int8_npu.$flatten\u_core.\u_array.\g_row[0].g_col[3].u_pe.\u_mul.\g_bw.g_wallace.u_tree.\genblk1.g_reduce.u_next.\genblk1.g_reduce.u_next.$and$/home/danieltyukov/workspace/personal/tt-ihp-int8-npu/src/npu_csa_reduce.sv:53$2083 ($and).
Removed top 1 bits (of 16) from port A of cell tt_um_danieltyukov_int8_npu.$flatten\u_core.\u_array.\g_row[0].g_col[3].u_pe.\u_mul.\g_bw.g_wallace.u_tree.\genblk1.g_reduce.u_next.\genblk1.g_reduce.u_next.$and$/home/danieltyukov/workspace/personal/tt-ihp-int8-npu/src/npu_csa_reduce.sv:53$2083 ($and).
Removed top 1 bits (of 16) from port B of cell tt_um_danieltyukov_int8_npu.$flatten\u_core.\u_array.\g_row[0].g_col[3].u_pe.\u_mul.\g_bw.g_wallace.u_tree.\genblk1.g_reduce.u_next.\genblk1.g_reduce.u_next.$and$/home/danieltyukov/workspace/personal/tt-ihp-int8-npu/src/npu_csa_reduce.sv:53$2083 ($and).
Removed top 7 bits (of 16) from port B of cell tt_um_danieltyukov_int8_npu.$flatten\u_core.\u_array.\g_row[0].g_col[3].u_pe.\u_mul.\g_bw.g_wallace.u_tree.$or$/home/danieltyukov/workspace/personal/tt-ihp-int8-npu/src/npu_csa_reduce.sv:53$1960 ($or).
Removed top 1 bits (of 16) from port Y of cell tt_um_danieltyukov_int8_npu.$flatten\u_core.\u_array.\g_row[0].g_col[3].u_pe.\u_mul.\g_bw.g_wallace.u_tree.$or$/home/danieltyukov/workspace/personal/tt-ihp-int8-npu/src/npu_csa_reduce.sv:53$1960 ($or).
Removed top 1 bits (of 16) from port A of cell tt_um_danieltyukov_int8_npu.$flatten\u_core.\u_array.\g_row[0].g_col[3].u_pe.\u_mul.\g_bw.g_wallace.u_tree.$or$/home/danieltyukov/workspace/personal/tt-ihp-int8-npu/src/npu_csa_reduce.sv:53$1960 ($or).
Removed top 7 bits (of 16) from port B of cell tt_um_danieltyukov_int8_npu.$flatten\u_core.\u_array.\g_row[0].g_col[3].u_pe.\u_mul.\g_bw.g_wallace.u_tree.$or$/home/danieltyukov/workspace/personal/tt-ihp-int8-npu/src/npu_csa_reduce.sv:53$1958 ($or).
Removed top 1 bits (of 16) from port Y of cell tt_um_danieltyukov_int8_npu.$flatten\u_core.\u_array.\g_row[0].g_col[3].u_pe.\u_mul.\g_bw.g_wallace.u_tree.$or$/home/danieltyukov/workspace/personal/tt-ihp-int8-npu/src/npu_csa_reduce.sv:53$1958 ($or).
Removed top 1 bits (of 16) from port A of cell tt_um_danieltyukov_int8_npu.$flatten\u_core.\u_array.\g_row[0].g_col[3].u_pe.\u_mul.\g_bw.g_wallace.u_tree.$or$/home/danieltyukov/workspace/personal/tt-ihp-int8-npu/src/npu_csa_reduce.sv:53$1958 ($or).
Removed top 2 bits (of 16) from port A of cell tt_um_danieltyukov_int8_npu.$flatten\u_core.\u_array.\g_row[0].g_col[3].u_pe.\u_mul.\g_bw.g_wallace.u_tree.$and$/home/danieltyukov/workspace/personal/tt-ihp-int8-npu/src/npu_csa_reduce.sv:53$1956 ($and).
Removed top 1 bits (of 16) from port B of cell tt_um_danieltyukov_int8_npu.$flatten\u_core.\u_array.\g_row[0].g_col[3].u_pe.\u_mul.\g_bw.g_wallace.u_tree.$and$/home/danieltyukov/workspace/personal/tt-ihp-int8-npu/src/npu_csa_reduce.sv:53$1956 ($and).
Removed top 1 bits (of 16) from port Y of cell tt_um_danieltyukov_int8_npu.$flatten\u_core.\u_array.\g_row[0].g_col[3].u_pe.\u_mul.\g_bw.g_wallace.u_tree.$and$/home/danieltyukov/workspace/personal/tt-ihp-int8-npu/src/npu_csa_reduce.sv:53$1956 ($and).
Removed top 2 bits (of 16) from port A of cell tt_um_danieltyukov_int8_npu.$flatten\u_core.\u_array.\g_row[0].g_col[3].u_pe.\u_mul.\g_bw.g_wallace.u_tree.$xor$/home/danieltyukov/workspace/personal/tt-ihp-int8-npu/src/npu_csa_reduce.sv:49$1954 ($xor).
Removed top 1 bits (of 16) from port B of cell tt_um_danieltyukov_int8_npu.$flatten\u_core.\u_array.\g_row[0].g_col[3].u_pe.\u_mul.\g_bw.g_wallace.u_tree.$xor$/home/danieltyukov/workspace/personal/tt-ihp-int8-npu/src/npu_csa_reduce.sv:49$1954 ($xor).
Removed top 1 bits (of 16) from port Y of cell tt_um_danieltyukov_int8_npu.$flatten\u_core.\u_array.\g_row[0].g_col[3].u_pe.\u_mul.\g_bw.g_wallace.u_tree.$xor$/home/danieltyukov/workspace/personal/tt-ihp-int8-npu/src/npu_csa_reduce.sv:49$1954 ($xor).
Removed top 1 bits (of 16) from port Y of cell tt_um_danieltyukov_int8_npu.$flatten\u_core.\u_array.\g_row[0].g_col[3].u_pe.\u_mul.\g_bw.g_wallace.u_tree.$or$/home/danieltyukov/workspace/personal/tt-ihp-int8-npu/src/npu_csa_reduce.sv:53$1953 ($or).
Removed top 1 bits (of 16) from port A of cell tt_um_danieltyukov_int8_npu.$flatten\u_core.\u_array.\g_row[0].g_col[3].u_pe.\u_mul.\g_bw.g_wallace.u_tree.$or$/home/danieltyukov/workspace/personal/tt-ihp-int8-npu/src/npu_csa_reduce.sv:53$1953 ($or).
Removed top 1 bits (of 16) from port B of cell tt_um_danieltyukov_int8_npu.$flatten\u_core.\u_array.\g_row[0].g_col[3].u_pe.\u_mul.\g_bw.g_wallace.u_tree.$or$/home/danieltyukov/workspace/personal/tt-ihp-int8-npu/src/npu_csa_reduce.sv:53$1953 ($or).
Removed top 4 bits (of 16) from port A of cell tt_um_danieltyukov_int8_npu.$flatten\u_core.\u_array.\g_row[0].g_col[3].u_pe.\u_mul.\g_bw.g_wallace.u_tree.$and$/home/danieltyukov/workspace/personal/tt-ihp-int8-npu/src/npu_csa_reduce.sv:53$1952 ($and).
Removed top 3 bits (of 16) from port B of cell tt_um_danieltyukov_int8_npu.$flatten\u_core.\u_array.\g_row[0].g_col[3].u_pe.\u_mul.\g_bw.g_wallace.u_tree.$and$/home/danieltyukov/workspace/personal/tt-ihp-int8-npu/src/npu_csa_reduce.sv:53$1952 ($and).
Removed top 3 bits (of 16) from port Y of cell tt_um_danieltyukov_int8_npu.$flatten\u_core.\u_array.\g_row[0].g_col[3].u_pe.\u_mul.\g_bw.g_wallace.u_tree.$and$/home/danieltyukov/workspace/personal/tt-ihp-int8-npu/src/npu_csa_reduce.sv:53$1952 ($and).
Removed top 1 bits (of 16) from port Y of cell tt_um_danieltyukov_int8_npu.$flatten\u_core.\u_array.\g_row[0].g_col[3].u_pe.\u_mul.\g_bw.g_wallace.u_tree.$or$/home/danieltyukov/workspace/personal/tt-ihp-int8-npu/src/npu_csa_reduce.sv:53$1951 ($or).
Removed top 1 bits (of 16) from port A of cell tt_um_danieltyukov_int8_npu.$flatten\u_core.\u_array.\g_row[0].g_col[3].u_pe.\u_mul.\g_bw.g_wallace.u_tree.$or$/home/danieltyukov/workspace/personal/tt-ihp-int8-npu/src/npu_csa_reduce.sv:53$1951 ($or).
Removed top 1 bits (of 16) from port B of cell tt_um_danieltyukov_int8_npu.$flatten\u_core.\u_array.\g_row[0].g_col[3].u_pe.\u_mul.\g_bw.g_wallace.u_tree.$or$/home/danieltyukov/workspace/personal/tt-ihp-int8-npu/src/npu_csa_reduce.sv:53$1951 ($or).
Removed top 5 bits (of 16) from port A of cell tt_um_danieltyukov_int8_npu.$flatten\u_core.\u_array.\g_row[0].g_col[3].u_pe.\u_mul.\g_bw.g_wallace.u_tree.$and$/home/danieltyukov/workspace/personal/tt-ihp-int8-npu/src/npu_csa_reduce.sv:53$1950 ($and).
Removed top 3 bits (of 16) from port B of cell tt_um_danieltyukov_int8_npu.$flatten\u_core.\u_array.\g_row[0].g_col[3].u_pe.\u_mul.\g_bw.g_wallace.u_tree.$and$/home/danieltyukov/workspace/personal/tt-ihp-int8-npu/src/npu_csa_reduce.sv:53$1950 ($and).
Removed top 3 bits (of 16) from port Y of cell tt_um_danieltyukov_int8_npu.$flatten\u_core.\u_array.\g_row[0].g_col[3].u_pe.\u_mul.\g_bw.g_wallace.u_tree.$and$/home/danieltyukov/workspace/personal/tt-ihp-int8-npu/src/npu_csa_reduce.sv:53$1950 ($and).
Removed top 5 bits (of 16) from port A of cell tt_um_danieltyukov_int8_npu.$flatten\u_core.\u_array.\g_row[0].g_col[3].u_pe.\u_mul.\g_bw.g_wallace.u_tree.$and$/home/danieltyukov/workspace/personal/tt-ihp-int8-npu/src/npu_csa_reduce.sv:53$1949 ($and).
Removed top 4 bits (of 16) from port B of cell tt_um_danieltyukov_int8_npu.$flatten\u_core.\u_array.\g_row[0].g_col[3].u_pe.\u_mul.\g_bw.g_wallace.u_tree.$and$/home/danieltyukov/workspace/personal/tt-ihp-int8-npu/src/npu_csa_reduce.sv:53$1949 ($and).
Removed top 4 bits (of 16) from port Y of cell tt_um_danieltyukov_int8_npu.$flatten\u_core.\u_array.\g_row[0].g_col[3].u_pe.\u_mul.\g_bw.g_wallace.u_tree.$and$/home/danieltyukov/workspace/personal/tt-ihp-int8-npu/src/npu_csa_reduce.sv:53$1949 ($and).
Removed top 3 bits (of 16) from port B of cell tt_um_danieltyukov_int8_npu.$flatten\u_core.\u_array.\g_row[0].g_col[3].u_pe.\u_mul.\g_bw.g_wallace.u_tree.$xor$/home/danieltyukov/workspace/personal/tt-ihp-int8-npu/src/npu_csa_reduce.sv:49$1948 ($xor).
Removed top 5 bits (of 16) from port A of cell tt_um_danieltyukov_int8_npu.$flatten\u_core.\u_array.\g_row[0].g_col[3].u_pe.\u_mul.\g_bw.g_wallace.u_tree.$xor$/home/danieltyukov/workspace/personal/tt-ihp-int8-npu/src/npu_csa_reduce.sv:49$1947 ($xor).
Removed top 4 bits (of 16) from port B of cell tt_um_danieltyukov_int8_npu.$flatten\u_core.\u_array.\g_row[0].g_col[3].u_pe.\u_mul.\g_bw.g_wallace.u_tree.$xor$/home/danieltyukov/workspace/personal/tt-ihp-int8-npu/src/npu_csa_reduce.sv:49$1947 ($xor).
Removed top 4 bits (of 16) from port Y of cell tt_um_danieltyukov_int8_npu.$flatten\u_core.\u_array.\g_row[0].g_col[3].u_pe.\u_mul.\g_bw.g_wallace.u_tree.$xor$/home/danieltyukov/workspace/personal/tt-ihp-int8-npu/src/npu_csa_reduce.sv:49$1947 ($xor).
Removed top 1 bits (of 16) from port Y of cell tt_um_danieltyukov_int8_npu.$flatten\u_core.\u_array.\g_row[0].g_col[3].u_pe.\u_mul.\g_bw.g_wallace.u_tree.$or$/home/danieltyukov/workspace/personal/tt-ihp-int8-npu/src/npu_csa_reduce.sv:53$1946 ($or).
Removed top 1 bits (of 16) from port A of cell tt_um_danieltyukov_int8_npu.$flatten\u_core.\u_array.\g_row[0].g_col[3].u_pe.\u_mul.\g_bw.g_wallace.u_tree.$or$/home/danieltyukov/workspace/personal/tt-ihp-int8-npu/src/npu_csa_reduce.sv:53$1946 ($or).
Removed top 1 bits (of 16) from port B of cell tt_um_danieltyukov_int8_npu.$flatten\u_core.\u_array.\g_row[0].g_col[3].u_pe.\u_mul.\g_bw.g_wallace.u_tree.$or$/home/danieltyukov/workspace/personal/tt-ihp-int8-npu/src/npu_csa_reduce.sv:53$1946 ($or).
Removed top 7 bits (of 16) from port A of cell tt_um_danieltyukov_int8_npu.$flatten\u_core.\u_array.\g_row[0].g_col[3].u_pe.\u_mul.\g_bw.g_wallace.u_tree.$and$/home/danieltyukov/workspace/personal/tt-ihp-int8-npu/src/npu_csa_reduce.sv:53$1945 ($and).
Removed top 6 bits (of 16) from port B of cell tt_um_danieltyukov_int8_npu.$flatten\u_core.\u_array.\g_row[0].g_col[3].u_pe.\u_mul.\g_bw.g_wallace.u_tree.$and$/home/danieltyukov/workspace/personal/tt-ihp-int8-npu/src/npu_csa_reduce.sv:53$1945 ($and).
Removed top 6 bits (of 16) from port Y of cell tt_um_danieltyukov_int8_npu.$flatten\u_core.\u_array.\g_row[0].g_col[3].u_pe.\u_mul.\g_bw.g_wallace.u_tree.$and$/home/danieltyukov/workspace/personal/tt-ihp-int8-npu/src/npu_csa_reduce.sv:53$1945 ($and).
Removed top 1 bits (of 16) from port Y of cell tt_um_danieltyukov_int8_npu.$flatten\u_core.\u_array.\g_row[0].g_col[3].u_pe.\u_mul.\g_bw.g_wallace.u_tree.$or$/home/danieltyukov/workspace/personal/tt-ihp-int8-npu/src/npu_csa_reduce.sv:53$1944 ($or).
Removed top 1 bits (of 16) from port A of cell tt_um_danieltyukov_int8_npu.$flatten\u_core.\u_array.\g_row[0].g_col[3].u_pe.\u_mul.\g_bw.g_wallace.u_tree.$or$/home/danieltyukov/workspace/personal/tt-ihp-int8-npu/src/npu_csa_reduce.sv:53$1944 ($or).
Removed top 1 bits (of 16) from port B of cell tt_um_danieltyukov_int8_npu.$flatten\u_core.\u_array.\g_row[0].g_col[3].u_pe.\u_mul.\g_bw.g_wallace.u_tree.$or$/home/danieltyukov/workspace/personal/tt-ihp-int8-npu/src/npu_csa_reduce.sv:53$1944 ($or).
Removed top 8 bits (of 16) from port A of cell tt_um_danieltyukov_int8_npu.$flatten\u_core.\u_array.\g_row[0].g_col[3].u_pe.\u_mul.\g_bw.g_wallace.u_tree.$and$/home/danieltyukov/workspace/personal/tt-ihp-int8-npu/src/npu_csa_reduce.sv:53$1943 ($and).
Removed top 6 bits (of 16) from port B of cell tt_um_danieltyukov_int8_npu.$flatten\u_core.\u_array.\g_row[0].g_col[3].u_pe.\u_mul.\g_bw.g_wallace.u_tree.$and$/home/danieltyukov/workspace/personal/tt-ihp-int8-npu/src/npu_csa_reduce.sv:53$1943 ($and).
Removed top 6 bits (of 16) from port Y of cell tt_um_danieltyukov_int8_npu.$flatten\u_core.\u_array.\g_row[0].g_col[3].u_pe.\u_mul.\g_bw.g_wallace.u_tree.$and$/home/danieltyukov/workspace/personal/tt-ihp-int8-npu/src/npu_csa_reduce.sv:53$1943 ($and).
Removed top 8 bits (of 16) from port A of cell tt_um_danieltyukov_int8_npu.$flatten\u_core.\u_array.\g_row[0].g_col[3].u_pe.\u_mul.\g_bw.g_wallace.u_tree.$and$/home/danieltyukov/workspace/personal/tt-ihp-int8-npu/src/npu_csa_reduce.sv:53$1942 ($and).
Removed top 7 bits (of 16) from port B of cell tt_um_danieltyukov_int8_npu.$flatten\u_core.\u_array.\g_row[0].g_col[3].u_pe.\u_mul.\g_bw.g_wallace.u_tree.$and$/home/danieltyukov/workspace/personal/tt-ihp-int8-npu/src/npu_csa_reduce.sv:53$1942 ($and).
Removed top 7 bits (of 16) from port Y of cell tt_um_danieltyukov_int8_npu.$flatten\u_core.\u_array.\g_row[0].g_col[3].u_pe.\u_mul.\g_bw.g_wallace.u_tree.$and$/home/danieltyukov/workspace/personal/tt-ihp-int8-npu/src/npu_csa_reduce.sv:53$1942 ($and).
Removed top 7 bits (of 16) from port A of cell tt_um_danieltyukov_int8_npu.$flatten\u_core.\u_array.\g_row[0].g_col[3].u_pe.\u_mul.\g_bw.g_wallace.u_tree.$xor$/home/danieltyukov/workspace/personal/tt-ihp-int8-npu/src/npu_csa_reduce.sv:49$1941 ($xor).
Removed top 6 bits (of 16) from port B of cell tt_um_danieltyukov_int8_npu.$flatten\u_core.\u_array.\g_row[0].g_col[3].u_pe.\u_mul.\g_bw.g_wallace.u_tree.$xor$/home/danieltyukov/workspace/personal/tt-ihp-int8-npu/src/npu_csa_reduce.sv:49$1941 ($xor).
Removed top 6 bits (of 16) from port Y of cell tt_um_danieltyukov_int8_npu.$flatten\u_core.\u_array.\g_row[0].g_col[3].u_pe.\u_mul.\g_bw.g_wallace.u_tree.$xor$/home/danieltyukov/workspace/personal/tt-ihp-int8-npu/src/npu_csa_reduce.sv:49$1941 ($xor).
Removed top 3 bits (of 19) from FF cell tt_um_danieltyukov_int8_npu.$flatten\u_core.\u_array.\g_row[0].g_col[3].u_pe.$procdff$2927 ($adff).
Removed top 1 bits (of 19) from port Y of cell tt_um_danieltyukov_int8_npu.$flatten\u_core.\u_array.\g_row[1].g_col[0].u_pe.\u_add.$and$/home/danieltyukov/workspace/personal/tt-ihp-int8-npu/src/npu_adder.sv:60$1807 ($and).
Removed top 1 bits (of 19) from port A of cell tt_um_danieltyukov_int8_npu.$flatten\u_core.\u_array.\g_row[1].g_col[0].u_pe.\u_add.$and$/home/danieltyukov/workspace/personal/tt-ihp-int8-npu/src/npu_adder.sv:60$1807 ($and).
Removed top 1 bits (of 19) from port B of cell tt_um_danieltyukov_int8_npu.$flatten\u_core.\u_array.\g_row[1].g_col[0].u_pe.\u_add.$and$/home/danieltyukov/workspace/personal/tt-ihp-int8-npu/src/npu_adder.sv:60$1807 ($and).
Removed top 8 bits (of 16) from port A of cell tt_um_danieltyukov_int8_npu.$flatten\u_core.\u_array.\g_row[1].g_col[0].u_pe.\u_mul.\g_bw.g_wallace.u_tree.$xor$/home/danieltyukov/workspace/personal/tt-ihp-int8-npu/src/npu_csa_reduce.sv:49$1940 ($xor).
Removed top 7 bits (of 16) from port B of cell tt_um_danieltyukov_int8_npu.$flatten\u_core.\u_array.\g_row[1].g_col[0].u_pe.\u_mul.\g_bw.g_wallace.u_tree.$xor$/home/danieltyukov/workspace/personal/tt-ihp-int8-npu/src/npu_csa_reduce.sv:49$1940 ($xor).
Removed top 7 bits (of 16) from port Y of cell tt_um_danieltyukov_int8_npu.$flatten\u_core.\u_array.\g_row[1].g_col[0].u_pe.\u_mul.\g_bw.g_wallace.u_tree.$xor$/home/danieltyukov/workspace/personal/tt-ihp-int8-npu/src/npu_csa_reduce.sv:49$1940 ($xor).
Removed top 1 bits (of 16) from port Y of cell tt_um_danieltyukov_int8_npu.$flatten\u_core.\u_array.\g_row[1].g_col[0].u_pe.\u_mul.\u_cpa.$and$/home/danieltyukov/workspace/personal/tt-ihp-int8-npu/src/npu_adder.sv:60$1963 ($and).
Removed top 1 bits (of 16) from port A of cell tt_um_danieltyukov_int8_npu.$flatten\u_core.\u_array.\g_row[1].g_col[0].u_pe.\u_mul.\u_cpa.$and$/home/danieltyukov/workspace/personal/tt-ihp-int8-npu/src/npu_adder.sv:60$1963 ($and).
Removed top 1 bits (of 16) from port B of cell tt_um_danieltyukov_int8_npu.$flatten\u_core.\u_array.\g_row[1].g_col[0].u_pe.\u_mul.\u_cpa.$and$/home/danieltyukov/workspace/personal/tt-ihp-int8-npu/src/npu_adder.sv:60$1963 ($and).
Removed top 1 bits (of 16) from port Y of cell tt_um_danieltyukov_int8_npu.$flatten\u_core.\u_array.\g_row[1].g_col[0].u_pe.\u_mul.\g_bw.g_wallace.u_tree.\genblk1.g_reduce.u_next.$or$/home/danieltyukov/workspace/personal/tt-ihp-int8-npu/src/npu_csa_reduce.sv:53$2072 ($or).
Removed top 1 bits (of 16) from port A of cell tt_um_danieltyukov_int8_npu.$flatten\u_core.\u_array.\g_row[1].g_col[0].u_pe.\u_mul.\g_bw.g_wallace.u_tree.\genblk1.g_reduce.u_next.$or$/home/danieltyukov/workspace/personal/tt-ihp-int8-npu/src/npu_csa_reduce.sv:53$2072 ($or).
Removed top 1 bits (of 16) from port B of cell tt_um_danieltyukov_int8_npu.$flatten\u_core.\u_array.\g_row[1].g_col[0].u_pe.\u_mul.\g_bw.g_wallace.u_tree.\genblk1.g_reduce.u_next.$or$/home/danieltyukov/workspace/personal/tt-ihp-int8-npu/src/npu_csa_reduce.sv:53$2072 ($or).
Removed top 1 bits (of 16) from port Y of cell tt_um_danieltyukov_int8_npu.$flatten\u_core.\u_array.\g_row[1].g_col[0].u_pe.\u_mul.\g_bw.g_wallace.u_tree.\genblk1.g_reduce.u_next.$or$/home/danieltyukov/workspace/personal/tt-ihp-int8-npu/src/npu_csa_reduce.sv:53$2079 ($or).
Removed top 1 bits (of 16) from port A of cell tt_um_danieltyukov_int8_npu.$flatten\u_core.\u_array.\g_row[1].g_col[0].u_pe.\u_mul.\g_bw.g_wallace.u_tree.\genblk1.g_reduce.u_next.$or$/home/danieltyukov/workspace/personal/tt-ihp-int8-npu/src/npu_csa_reduce.sv:53$2079 ($or).
Removed top 1 bits (of 16) from port B of cell tt_um_danieltyukov_int8_npu.$flatten\u_core.\u_array.\g_row[1].g_col[0].u_pe.\u_mul.\g_bw.g_wallace.u_tree.\genblk1.g_reduce.u_next.$or$/home/danieltyukov/workspace/personal/tt-ihp-int8-npu/src/npu_csa_reduce.sv:53$2079 ($or).
Removed top 1 bits (of 16) from port Y of cell tt_um_danieltyukov_int8_npu.$flatten\u_core.\u_array.\g_row[1].g_col[0].u_pe.\u_mul.\g_bw.g_wallace.u_tree.\genblk1.g_reduce.u_next.\genblk1.g_reduce.u_next.\genblk1.g_reduce.u_next.$or$/home/danieltyukov/workspace/personal/tt-ihp-int8-npu/src/npu_csa_reduce.sv:53$1938 ($or).
Removed top 1 bits (of 16) from port A of cell tt_um_danieltyukov_int8_npu.$flatten\u_core.\u_array.\g_row[1].g_col[0].u_pe.\u_mul.\g_bw.g_wallace.u_tree.\genblk1.g_reduce.u_next.\genblk1.g_reduce.u_next.\genblk1.g_reduce.u_next.$or$/home/danieltyukov/workspace/personal/tt-ihp-int8-npu/src/npu_csa_reduce.sv:53$1938 ($or).
Removed top 1 bits (of 16) from port B of cell tt_um_danieltyukov_int8_npu.$flatten\u_core.\u_array.\g_row[1].g_col[0].u_pe.\u_mul.\g_bw.g_wallace.u_tree.\genblk1.g_reduce.u_next.\genblk1.g_reduce.u_next.\genblk1.g_reduce.u_next.$or$/home/danieltyukov/workspace/personal/tt-ihp-int8-npu/src/npu_csa_reduce.sv:53$1938 ($or).
Removed top 1 bits (of 16) from port Y of cell tt_um_danieltyukov_int8_npu.$flatten\u_core.\u_array.\g_row[1].g_col[0].u_pe.\u_mul.\g_bw.g_wallace.u_tree.\genblk1.g_reduce.u_next.\genblk1.g_reduce.u_next.$or$/home/danieltyukov/workspace/personal/tt-ihp-int8-npu/src/npu_csa_reduce.sv:53$2087 ($or).
Removed top 1 bits (of 16) from port A of cell tt_um_danieltyukov_int8_npu.$flatten\u_core.\u_array.\g_row[1].g_col[0].u_pe.\u_mul.\g_bw.g_wallace.u_tree.\genblk1.g_reduce.u_next.\genblk1.g_reduce.u_next.$or$/home/danieltyukov/workspace/personal/tt-ihp-int8-npu/src/npu_csa_reduce.sv:53$2087 ($or).
Removed top 1 bits (of 16) from port B of cell tt_um_danieltyukov_int8_npu.$flatten\u_core.\u_array.\g_row[1].g_col[0].u_pe.\u_mul.\g_bw.g_wallace.u_tree.\genblk1.g_reduce.u_next.\genblk1.g_reduce.u_next.$or$/home/danieltyukov/workspace/personal/tt-ihp-int8-npu/src/npu_csa_reduce.sv:53$2087 ($or).
Removed top 1 bits (of 16) from port Y of cell tt_um_danieltyukov_int8_npu.$flatten\u_core.\u_array.\g_row[1].g_col[0].u_pe.\u_mul.\g_bw.g_wallace.u_tree.\genblk1.g_reduce.u_next.\genblk1.g_reduce.u_next.$and$/home/danieltyukov/workspace/personal/tt-ihp-int8-npu/src/npu_csa_reduce.sv:53$2086 ($and).
Removed top 1 bits (of 16) from port A of cell tt_um_danieltyukov_int8_npu.$flatten\u_core.\u_array.\g_row[1].g_col[0].u_pe.\u_mul.\g_bw.g_wallace.u_tree.\genblk1.g_reduce.u_next.\genblk1.g_reduce.u_next.$and$/home/danieltyukov/workspace/personal/tt-ihp-int8-npu/src/npu_csa_reduce.sv:53$2086 ($and).
Removed top 1 bits (of 16) from port B of cell tt_um_danieltyukov_int8_npu.$flatten\u_core.\u_array.\g_row[1].g_col[0].u_pe.\u_mul.\g_bw.g_wallace.u_tree.\genblk1.g_reduce.u_next.\genblk1.g_reduce.u_next.$and$/home/danieltyukov/workspace/personal/tt-ihp-int8-npu/src/npu_csa_reduce.sv:53$2086 ($and).
Removed top 1 bits (of 16) from port Y of cell tt_um_danieltyukov_int8_npu.$flatten\u_core.\u_array.\g_row[1].g_col[0].u_pe.\u_mul.\g_bw.g_wallace.u_tree.\genblk1.g_reduce.u_next.\genblk1.g_reduce.u_next.$or$/home/danieltyukov/workspace/personal/tt-ihp-int8-npu/src/npu_csa_reduce.sv:53$2085 ($or).
Removed top 1 bits (of 16) from port A of cell tt_um_danieltyukov_int8_npu.$flatten\u_core.\u_array.\g_row[1].g_col[0].u_pe.\u_mul.\g_bw.g_wallace.u_tree.\genblk1.g_reduce.u_next.\genblk1.g_reduce.u_next.$or$/home/danieltyukov/workspace/personal/tt-ihp-int8-npu/src/npu_csa_reduce.sv:53$2085 ($or).
Removed top 1 bits (of 16) from port B of cell tt_um_danieltyukov_int8_npu.$flatten\u_core.\u_array.\g_row[1].g_col[0].u_pe.\u_mul.\g_bw.g_wallace.u_tree.\genblk1.g_reduce.u_next.\genblk1.g_reduce.u_next.$or$/home/danieltyukov/workspace/personal/tt-ihp-int8-npu/src/npu_csa_reduce.sv:53$2085 ($or).
Removed top 1 bits (of 16) from port Y of cell tt_um_danieltyukov_int8_npu.$flatten\u_core.\u_array.\g_row[1].g_col[0].u_pe.\u_mul.\g_bw.g_wallace.u_tree.\genblk1.g_reduce.u_next.\genblk1.g_reduce.u_next.$and$/home/danieltyukov/workspace/personal/tt-ihp-int8-npu/src/npu_csa_reduce.sv:53$2084 ($and).
Removed top 1 bits (of 16) from port A of cell tt_um_danieltyukov_int8_npu.$flatten\u_core.\u_array.\g_row[1].g_col[0].u_pe.\u_mul.\g_bw.g_wallace.u_tree.\genblk1.g_reduce.u_next.\genblk1.g_reduce.u_next.$and$/home/danieltyukov/workspace/personal/tt-ihp-int8-npu/src/npu_csa_reduce.sv:53$2084 ($and).
Removed top 1 bits (of 16) from port B of cell tt_um_danieltyukov_int8_npu.$flatten\u_core.\u_array.\g_row[1].g_col[0].u_pe.\u_mul.\g_bw.g_wallace.u_tree.\genblk1.g_reduce.u_next.\genblk1.g_reduce.u_next.$and$/home/danieltyukov/workspace/personal/tt-ihp-int8-npu/src/npu_csa_reduce.sv:53$2084 ($and).
Removed top 1 bits (of 16) from port Y of cell tt_um_danieltyukov_int8_npu.$flatten\u_core.\u_array.\g_row[1].g_col[0].u_pe.\u_mul.\g_bw.g_wallace.u_tree.\genblk1.g_reduce.u_next.\genblk1.g_reduce.u_next.$and$/home/danieltyukov/workspace/personal/tt-ihp-int8-npu/src/npu_csa_reduce.sv:53$2083 ($and).
Removed top 1 bits (of 16) from port A of cell tt_um_danieltyukov_int8_npu.$flatten\u_core.\u_array.\g_row[1].g_col[0].u_pe.\u_mul.\g_bw.g_wallace.u_tree.\genblk1.g_reduce.u_next.\genblk1.g_reduce.u_next.$and$/home/danieltyukov/workspace/personal/tt-ihp-int8-npu/src/npu_csa_reduce.sv:53$2083 ($and).
Removed top 1 bits (of 16) from port B of cell tt_um_danieltyukov_int8_npu.$flatten\u_core.\u_array.\g_row[1].g_col[0].u_pe.\u_mul.\g_bw.g_wallace.u_tree.\genblk1.g_reduce.u_next.\genblk1.g_reduce.u_next.$and$/home/danieltyukov/workspace/personal/tt-ihp-int8-npu/src/npu_csa_reduce.sv:53$2083 ($and).
Removed top 7 bits (of 16) from port B of cell tt_um_danieltyukov_int8_npu.$flatten\u_core.\u_array.\g_row[1].g_col[0].u_pe.\u_mul.\g_bw.g_wallace.u_tree.$or$/home/danieltyukov/workspace/personal/tt-ihp-int8-npu/src/npu_csa_reduce.sv:53$1960 ($or).
Removed top 1 bits (of 16) from port Y of cell tt_um_danieltyukov_int8_npu.$flatten\u_core.\u_array.\g_row[1].g_col[0].u_pe.\u_mul.\g_bw.g_wallace.u_tree.$or$/home/danieltyukov/workspace/personal/tt-ihp-int8-npu/src/npu_csa_reduce.sv:53$1960 ($or).
Removed top 1 bits (of 16) from port A of cell tt_um_danieltyukov_int8_npu.$flatten\u_core.\u_array.\g_row[1].g_col[0].u_pe.\u_mul.\g_bw.g_wallace.u_tree.$or$/home/danieltyukov/workspace/personal/tt-ihp-int8-npu/src/npu_csa_reduce.sv:53$1960 ($or).
Removed top 7 bits (of 16) from port B of cell tt_um_danieltyukov_int8_npu.$flatten\u_core.\u_array.\g_row[1].g_col[0].u_pe.\u_mul.\g_bw.g_wallace.u_tree.$or$/home/danieltyukov/workspace/personal/tt-ihp-int8-npu/src/npu_csa_reduce.sv:53$1958 ($or).
Removed top 1 bits (of 16) from port Y of cell tt_um_danieltyukov_int8_npu.$flatten\u_core.\u_array.\g_row[1].g_col[0].u_pe.\u_mul.\g_bw.g_wallace.u_tree.$or$/home/danieltyukov/workspace/personal/tt-ihp-int8-npu/src/npu_csa_reduce.sv:53$1958 ($or).
Removed top 1 bits (of 16) from port A of cell tt_um_danieltyukov_int8_npu.$flatten\u_core.\u_array.\g_row[1].g_col[0].u_pe.\u_mul.\g_bw.g_wallace.u_tree.$or$/home/danieltyukov/workspace/personal/tt-ihp-int8-npu/src/npu_csa_reduce.sv:53$1958 ($or).
Removed top 2 bits (of 16) from port A of cell tt_um_danieltyukov_int8_npu.$flatten\u_core.\u_array.\g_row[1].g_col[0].u_pe.\u_mul.\g_bw.g_wallace.u_tree.$and$/home/danieltyukov/workspace/personal/tt-ihp-int8-npu/src/npu_csa_reduce.sv:53$1956 ($and).
Removed top 1 bits (of 16) from port B of cell tt_um_danieltyukov_int8_npu.$flatten\u_core.\u_array.\g_row[1].g_col[0].u_pe.\u_mul.\g_bw.g_wallace.u_tree.$and$/home/danieltyukov/workspace/personal/tt-ihp-int8-npu/src/npu_csa_reduce.sv:53$1956 ($and).
Removed top 1 bits (of 16) from port Y of cell tt_um_danieltyukov_int8_npu.$flatten\u_core.\u_array.\g_row[1].g_col[0].u_pe.\u_mul.\g_bw.g_wallace.u_tree.$and$/home/danieltyukov/workspace/personal/tt-ihp-int8-npu/src/npu_csa_reduce.sv:53$1956 ($and).
Removed top 2 bits (of 16) from port A of cell tt_um_danieltyukov_int8_npu.$flatten\u_core.\u_array.\g_row[1].g_col[0].u_pe.\u_mul.\g_bw.g_wallace.u_tree.$xor$/home/danieltyukov/workspace/personal/tt-ihp-int8-npu/src/npu_csa_reduce.sv:49$1954 ($xor).
Removed top 1 bits (of 16) from port B of cell tt_um_danieltyukov_int8_npu.$flatten\u_core.\u_array.\g_row[1].g_col[0].u_pe.\u_mul.\g_bw.g_wallace.u_tree.$xor$/home/danieltyukov/workspace/personal/tt-ihp-int8-npu/src/npu_csa_reduce.sv:49$1954 ($xor).
Removed top 1 bits (of 16) from port Y of cell tt_um_danieltyukov_int8_npu.$flatten\u_core.\u_array.\g_row[1].g_col[0].u_pe.\u_mul.\g_bw.g_wallace.u_tree.$xor$/home/danieltyukov/workspace/personal/tt-ihp-int8-npu/src/npu_csa_reduce.sv:49$1954 ($xor).
Removed top 1 bits (of 16) from port Y of cell tt_um_danieltyukov_int8_npu.$flatten\u_core.\u_array.\g_row[1].g_col[0].u_pe.\u_mul.\g_bw.g_wallace.u_tree.$or$/home/danieltyukov/workspace/personal/tt-ihp-int8-npu/src/npu_csa_reduce.sv:53$1953 ($or).
Removed top 1 bits (of 16) from port A of cell tt_um_danieltyukov_int8_npu.$flatten\u_core.\u_array.\g_row[1].g_col[0].u_pe.\u_mul.\g_bw.g_wallace.u_tree.$or$/home/danieltyukov/workspace/personal/tt-ihp-int8-npu/src/npu_csa_reduce.sv:53$1953 ($or).
Removed top 1 bits (of 16) from port B of cell tt_um_danieltyukov_int8_npu.$flatten\u_core.\u_array.\g_row[1].g_col[0].u_pe.\u_mul.\g_bw.g_wallace.u_tree.$or$/home/danieltyukov/workspace/personal/tt-ihp-int8-npu/src/npu_csa_reduce.sv:53$1953 ($or).
Removed top 4 bits (of 16) from port A of cell tt_um_danieltyukov_int8_npu.$flatten\u_core.\u_array.\g_row[1].g_col[0].u_pe.\u_mul.\g_bw.g_wallace.u_tree.$and$/home/danieltyukov/workspace/personal/tt-ihp-int8-npu/src/npu_csa_reduce.sv:53$1952 ($and).
Removed top 3 bits (of 16) from port B of cell tt_um_danieltyukov_int8_npu.$flatten\u_core.\u_array.\g_row[1].g_col[0].u_pe.\u_mul.\g_bw.g_wallace.u_tree.$and$/home/danieltyukov/workspace/personal/tt-ihp-int8-npu/src/npu_csa_reduce.sv:53$1952 ($and).
Removed top 3 bits (of 16) from port Y of cell tt_um_danieltyukov_int8_npu.$flatten\u_core.\u_array.\g_row[1].g_col[0].u_pe.\u_mul.\g_bw.g_wallace.u_tree.$and$/home/danieltyukov/workspace/personal/tt-ihp-int8-npu/src/npu_csa_reduce.sv:53$1952 ($and).
Removed top 1 bits (of 16) from port Y of cell tt_um_danieltyukov_int8_npu.$flatten\u_core.\u_array.\g_row[1].g_col[0].u_pe.\u_mul.\g_bw.g_wallace.u_tree.$or$/home/danieltyukov/workspace/personal/tt-ihp-int8-npu/src/npu_csa_reduce.sv:53$1951 ($or).
Removed top 1 bits (of 16) from port A of cell tt_um_danieltyukov_int8_npu.$flatten\u_core.\u_array.\g_row[1].g_col[0].u_pe.\u_mul.\g_bw.g_wallace.u_tree.$or$/home/danieltyukov/workspace/personal/tt-ihp-int8-npu/src/npu_csa_reduce.sv:53$1951 ($or).
Removed top 1 bits (of 16) from port B of cell tt_um_danieltyukov_int8_npu.$flatten\u_core.\u_array.\g_row[1].g_col[0].u_pe.\u_mul.\g_bw.g_wallace.u_tree.$or$/home/danieltyukov/workspace/personal/tt-ihp-int8-npu/src/npu_csa_reduce.sv:53$1951 ($or).
Removed top 5 bits (of 16) from port A of cell tt_um_danieltyukov_int8_npu.$flatten\u_core.\u_array.\g_row[1].g_col[0].u_pe.\u_mul.\g_bw.g_wallace.u_tree.$and$/home/danieltyukov/workspace/personal/tt-ihp-int8-npu/src/npu_csa_reduce.sv:53$1950 ($and).
Removed top 3 bits (of 16) from port B of cell tt_um_danieltyukov_int8_npu.$flatten\u_core.\u_array.\g_row[1].g_col[0].u_pe.\u_mul.\g_bw.g_wallace.u_tree.$and$/home/danieltyukov/workspace/personal/tt-ihp-int8-npu/src/npu_csa_reduce.sv:53$1950 ($and).
Removed top 3 bits (of 16) from port Y of cell tt_um_danieltyukov_int8_npu.$flatten\u_core.\u_array.\g_row[1].g_col[0].u_pe.\u_mul.\g_bw.g_wallace.u_tree.$and$/home/danieltyukov/workspace/personal/tt-ihp-int8-npu/src/npu_csa_reduce.sv:53$1950 ($and).
Removed top 5 bits (of 16) from port A of cell tt_um_danieltyukov_int8_npu.$flatten\u_core.\u_array.\g_row[1].g_col[0].u_pe.\u_mul.\g_bw.g_wallace.u_tree.$and$/home/danieltyukov/workspace/personal/tt-ihp-int8-npu/src/npu_csa_reduce.sv:53$1949 ($and).
Removed top 4 bits (of 16) from port B of cell tt_um_danieltyukov_int8_npu.$flatten\u_core.\u_array.\g_row[1].g_col[0].u_pe.\u_mul.\g_bw.g_wallace.u_tree.$and$/home/danieltyukov/workspace/personal/tt-ihp-int8-npu/src/npu_csa_reduce.sv:53$1949 ($and).
Removed top 4 bits (of 16) from port Y of cell tt_um_danieltyukov_int8_npu.$flatten\u_core.\u_array.\g_row[1].g_col[0].u_pe.\u_mul.\g_bw.g_wallace.u_tree.$and$/home/danieltyukov/workspace/personal/tt-ihp-int8-npu/src/npu_csa_reduce.sv:53$1949 ($and).
Removed top 3 bits (of 16) from port B of cell tt_um_danieltyukov_int8_npu.$flatten\u_core.\u_array.\g_row[1].g_col[0].u_pe.\u_mul.\g_bw.g_wallace.u_tree.$xor$/home/danieltyukov/workspace/personal/tt-ihp-int8-npu/src/npu_csa_reduce.sv:49$1948 ($xor).
Removed top 5 bits (of 16) from port A of cell tt_um_danieltyukov_int8_npu.$flatten\u_core.\u_array.\g_row[1].g_col[0].u_pe.\u_mul.\g_bw.g_wallace.u_tree.$xor$/home/danieltyukov/workspace/personal/tt-ihp-int8-npu/src/npu_csa_reduce.sv:49$1947 ($xor).
Removed top 4 bits (of 16) from port B of cell tt_um_danieltyukov_int8_npu.$flatten\u_core.\u_array.\g_row[1].g_col[0].u_pe.\u_mul.\g_bw.g_wallace.u_tree.$xor$/home/danieltyukov/workspace/personal/tt-ihp-int8-npu/src/npu_csa_reduce.sv:49$1947 ($xor).
Removed top 4 bits (of 16) from port Y of cell tt_um_danieltyukov_int8_npu.$flatten\u_core.\u_array.\g_row[1].g_col[0].u_pe.\u_mul.\g_bw.g_wallace.u_tree.$xor$/home/danieltyukov/workspace/personal/tt-ihp-int8-npu/src/npu_csa_reduce.sv:49$1947 ($xor).
Removed top 1 bits (of 16) from port Y of cell tt_um_danieltyukov_int8_npu.$flatten\u_core.\u_array.\g_row[1].g_col[0].u_pe.\u_mul.\g_bw.g_wallace.u_tree.$or$/home/danieltyukov/workspace/personal/tt-ihp-int8-npu/src/npu_csa_reduce.sv:53$1946 ($or).
Removed top 1 bits (of 16) from port A of cell tt_um_danieltyukov_int8_npu.$flatten\u_core.\u_array.\g_row[1].g_col[0].u_pe.\u_mul.\g_bw.g_wallace.u_tree.$or$/home/danieltyukov/workspace/personal/tt-ihp-int8-npu/src/npu_csa_reduce.sv:53$1946 ($or).
Removed top 1 bits (of 16) from port B of cell tt_um_danieltyukov_int8_npu.$flatten\u_core.\u_array.\g_row[1].g_col[0].u_pe.\u_mul.\g_bw.g_wallace.u_tree.$or$/home/danieltyukov/workspace/personal/tt-ihp-int8-npu/src/npu_csa_reduce.sv:53$1946 ($or).
Removed top 7 bits (of 16) from port A of cell tt_um_danieltyukov_int8_npu.$flatten\u_core.\u_array.\g_row[1].g_col[0].u_pe.\u_mul.\g_bw.g_wallace.u_tree.$and$/home/danieltyukov/workspace/personal/tt-ihp-int8-npu/src/npu_csa_reduce.sv:53$1945 ($and).
Removed top 6 bits (of 16) from port B of cell tt_um_danieltyukov_int8_npu.$flatten\u_core.\u_array.\g_row[1].g_col[0].u_pe.\u_mul.\g_bw.g_wallace.u_tree.$and$/home/danieltyukov/workspace/personal/tt-ihp-int8-npu/src/npu_csa_reduce.sv:53$1945 ($and).
Removed top 6 bits (of 16) from port Y of cell tt_um_danieltyukov_int8_npu.$flatten\u_core.\u_array.\g_row[1].g_col[0].u_pe.\u_mul.\g_bw.g_wallace.u_tree.$and$/home/danieltyukov/workspace/personal/tt-ihp-int8-npu/src/npu_csa_reduce.sv:53$1945 ($and).
Removed top 1 bits (of 16) from port Y of cell tt_um_danieltyukov_int8_npu.$flatten\u_core.\u_array.\g_row[1].g_col[0].u_pe.\u_mul.\g_bw.g_wallace.u_tree.$or$/home/danieltyukov/workspace/personal/tt-ihp-int8-npu/src/npu_csa_reduce.sv:53$1944 ($or).
Removed top 1 bits (of 16) from port A of cell tt_um_danieltyukov_int8_npu.$flatten\u_core.\u_array.\g_row[1].g_col[0].u_pe.\u_mul.\g_bw.g_wallace.u_tree.$or$/home/danieltyukov/workspace/personal/tt-ihp-int8-npu/src/npu_csa_reduce.sv:53$1944 ($or).
Removed top 1 bits (of 16) from port B of cell tt_um_danieltyukov_int8_npu.$flatten\u_core.\u_array.\g_row[1].g_col[0].u_pe.\u_mul.\g_bw.g_wallace.u_tree.$or$/home/danieltyukov/workspace/personal/tt-ihp-int8-npu/src/npu_csa_reduce.sv:53$1944 ($or).
Removed top 8 bits (of 16) from port A of cell tt_um_danieltyukov_int8_npu.$flatten\u_core.\u_array.\g_row[1].g_col[0].u_pe.\u_mul.\g_bw.g_wallace.u_tree.$and$/home/danieltyukov/workspace/personal/tt-ihp-int8-npu/src/npu_csa_reduce.sv:53$1943 ($and).
Removed top 6 bits (of 16) from port B of cell tt_um_danieltyukov_int8_npu.$flatten\u_core.\u_array.\g_row[1].g_col[0].u_pe.\u_mul.\g_bw.g_wallace.u_tree.$and$/home/danieltyukov/workspace/personal/tt-ihp-int8-npu/src/npu_csa_reduce.sv:53$1943 ($and).
Removed top 6 bits (of 16) from port Y of cell tt_um_danieltyukov_int8_npu.$flatten\u_core.\u_array.\g_row[1].g_col[0].u_pe.\u_mul.\g_bw.g_wallace.u_tree.$and$/home/danieltyukov/workspace/personal/tt-ihp-int8-npu/src/npu_csa_reduce.sv:53$1943 ($and).
Removed top 8 bits (of 16) from port A of cell tt_um_danieltyukov_int8_npu.$flatten\u_core.\u_array.\g_row[1].g_col[0].u_pe.\u_mul.\g_bw.g_wallace.u_tree.$and$/home/danieltyukov/workspace/personal/tt-ihp-int8-npu/src/npu_csa_reduce.sv:53$1942 ($and).
Removed top 7 bits (of 16) from port B of cell tt_um_danieltyukov_int8_npu.$flatten\u_core.\u_array.\g_row[1].g_col[0].u_pe.\u_mul.\g_bw.g_wallace.u_tree.$and$/home/danieltyukov/workspace/personal/tt-ihp-int8-npu/src/npu_csa_reduce.sv:53$1942 ($and).
Removed top 7 bits (of 16) from port Y of cell tt_um_danieltyukov_int8_npu.$flatten\u_core.\u_array.\g_row[1].g_col[0].u_pe.\u_mul.\g_bw.g_wallace.u_tree.$and$/home/danieltyukov/workspace/personal/tt-ihp-int8-npu/src/npu_csa_reduce.sv:53$1942 ($and).
Removed top 7 bits (of 16) from port A of cell tt_um_danieltyukov_int8_npu.$flatten\u_core.\u_array.\g_row[1].g_col[0].u_pe.\u_mul.\g_bw.g_wallace.u_tree.$xor$/home/danieltyukov/workspace/personal/tt-ihp-int8-npu/src/npu_csa_reduce.sv:49$1941 ($xor).
Removed top 6 bits (of 16) from port B of cell tt_um_danieltyukov_int8_npu.$flatten\u_core.\u_array.\g_row[1].g_col[0].u_pe.\u_mul.\g_bw.g_wallace.u_tree.$xor$/home/danieltyukov/workspace/personal/tt-ihp-int8-npu/src/npu_csa_reduce.sv:49$1941 ($xor).
Removed top 6 bits (of 16) from port Y of cell tt_um_danieltyukov_int8_npu.$flatten\u_core.\u_array.\g_row[1].g_col[0].u_pe.\u_mul.\g_bw.g_wallace.u_tree.$xor$/home/danieltyukov/workspace/personal/tt-ihp-int8-npu/src/npu_csa_reduce.sv:49$1941 ($xor).
Removed top 1 bits (of 19) from port Y of cell tt_um_danieltyukov_int8_npu.$flatten\u_core.\u_array.\g_row[1].g_col[1].u_pe.\u_add.$and$/home/danieltyukov/workspace/personal/tt-ihp-int8-npu/src/npu_adder.sv:60$1807 ($and).
Removed top 1 bits (of 19) from port A of cell tt_um_danieltyukov_int8_npu.$flatten\u_core.\u_array.\g_row[1].g_col[1].u_pe.\u_add.$and$/home/danieltyukov/workspace/personal/tt-ihp-int8-npu/src/npu_adder.sv:60$1807 ($and).
Removed top 1 bits (of 19) from port B of cell tt_um_danieltyukov_int8_npu.$flatten\u_core.\u_array.\g_row[1].g_col[1].u_pe.\u_add.$and$/home/danieltyukov/workspace/personal/tt-ihp-int8-npu/src/npu_adder.sv:60$1807 ($and).
Removed top 8 bits (of 16) from port A of cell tt_um_danieltyukov_int8_npu.$flatten\u_core.\u_array.\g_row[1].g_col[1].u_pe.\u_mul.\g_bw.g_wallace.u_tree.$xor$/home/danieltyukov/workspace/personal/tt-ihp-int8-npu/src/npu_csa_reduce.sv:49$1940 ($xor).
Removed top 7 bits (of 16) from port B of cell tt_um_danieltyukov_int8_npu.$flatten\u_core.\u_array.\g_row[1].g_col[1].u_pe.\u_mul.\g_bw.g_wallace.u_tree.$xor$/home/danieltyukov/workspace/personal/tt-ihp-int8-npu/src/npu_csa_reduce.sv:49$1940 ($xor).
Removed top 7 bits (of 16) from port Y of cell tt_um_danieltyukov_int8_npu.$flatten\u_core.\u_array.\g_row[1].g_col[1].u_pe.\u_mul.\g_bw.g_wallace.u_tree.$xor$/home/danieltyukov/workspace/personal/tt-ihp-int8-npu/src/npu_csa_reduce.sv:49$1940 ($xor).
Removed top 1 bits (of 16) from port Y of cell tt_um_danieltyukov_int8_npu.$flatten\u_core.\u_array.\g_row[1].g_col[1].u_pe.\u_mul.\u_cpa.$and$/home/danieltyukov/workspace/personal/tt-ihp-int8-npu/src/npu_adder.sv:60$1963 ($and).
Removed top 1 bits (of 16) from port A of cell tt_um_danieltyukov_int8_npu.$flatten\u_core.\u_array.\g_row[1].g_col[1].u_pe.\u_mul.\u_cpa.$and$/home/danieltyukov/workspace/personal/tt-ihp-int8-npu/src/npu_adder.sv:60$1963 ($and).
Removed top 1 bits (of 16) from port B of cell tt_um_danieltyukov_int8_npu.$flatten\u_core.\u_array.\g_row[1].g_col[1].u_pe.\u_mul.\u_cpa.$and$/home/danieltyukov/workspace/personal/tt-ihp-int8-npu/src/npu_adder.sv:60$1963 ($and).
Removed top 1 bits (of 16) from port Y of cell tt_um_danieltyukov_int8_npu.$flatten\u_core.\u_array.\g_row[1].g_col[1].u_pe.\u_mul.\g_bw.g_wallace.u_tree.\genblk1.g_reduce.u_next.$or$/home/danieltyukov/workspace/personal/tt-ihp-int8-npu/src/npu_csa_reduce.sv:53$2072 ($or).
Removed top 1 bits (of 16) from port A of cell tt_um_danieltyukov_int8_npu.$flatten\u_core.\u_array.\g_row[1].g_col[1].u_pe.\u_mul.\g_bw.g_wallace.u_tree.\genblk1.g_reduce.u_next.$or$/home/danieltyukov/workspace/personal/tt-ihp-int8-npu/src/npu_csa_reduce.sv:53$2072 ($or).
Removed top 1 bits (of 16) from port B of cell tt_um_danieltyukov_int8_npu.$flatten\u_core.\u_array.\g_row[1].g_col[1].u_pe.\u_mul.\g_bw.g_wallace.u_tree.\genblk1.g_reduce.u_next.$or$/home/danieltyukov/workspace/personal/tt-ihp-int8-npu/src/npu_csa_reduce.sv:53$2072 ($or).
Removed top 1 bits (of 16) from port Y of cell tt_um_danieltyukov_int8_npu.$flatten\u_core.\u_array.\g_row[1].g_col[1].u_pe.\u_mul.\g_bw.g_wallace.u_tree.\genblk1.g_reduce.u_next.$or$/home/danieltyukov/workspace/personal/tt-ihp-int8-npu/src/npu_csa_reduce.sv:53$2079 ($or).
Removed top 1 bits (of 16) from port A of cell tt_um_danieltyukov_int8_npu.$flatten\u_core.\u_array.\g_row[1].g_col[1].u_pe.\u_mul.\g_bw.g_wallace.u_tree.\genblk1.g_reduce.u_next.$or$/home/danieltyukov/workspace/personal/tt-ihp-int8-npu/src/npu_csa_reduce.sv:53$2079 ($or).
Removed top 1 bits (of 16) from port B of cell tt_um_danieltyukov_int8_npu.$flatten\u_core.\u_array.\g_row[1].g_col[1].u_pe.\u_mul.\g_bw.g_wallace.u_tree.\genblk1.g_reduce.u_next.$or$/home/danieltyukov/workspace/personal/tt-ihp-int8-npu/src/npu_csa_reduce.sv:53$2079 ($or).
Removed top 1 bits (of 16) from port Y of cell tt_um_danieltyukov_int8_npu.$flatten\u_core.\u_array.\g_row[1].g_col[1].u_pe.\u_mul.\g_bw.g_wallace.u_tree.\genblk1.g_reduce.u_next.\genblk1.g_reduce.u_next.\genblk1.g_reduce.u_next.$or$/home/danieltyukov/workspace/personal/tt-ihp-int8-npu/src/npu_csa_reduce.sv:53$1938 ($or).
Removed top 1 bits (of 16) from port A of cell tt_um_danieltyukov_int8_npu.$flatten\u_core.\u_array.\g_row[1].g_col[1].u_pe.\u_mul.\g_bw.g_wallace.u_tree.\genblk1.g_reduce.u_next.\genblk1.g_reduce.u_next.\genblk1.g_reduce.u_next.$or$/home/danieltyukov/workspace/personal/tt-ihp-int8-npu/src/npu_csa_reduce.sv:53$1938 ($or).
Removed top 1 bits (of 16) from port B of cell tt_um_danieltyukov_int8_npu.$flatten\u_core.\u_array.\g_row[1].g_col[1].u_pe.\u_mul.\g_bw.g_wallace.u_tree.\genblk1.g_reduce.u_next.\genblk1.g_reduce.u_next.\genblk1.g_reduce.u_next.$or$/home/danieltyukov/workspace/personal/tt-ihp-int8-npu/src/npu_csa_reduce.sv:53$1938 ($or).
Removed top 1 bits (of 16) from port Y of cell tt_um_danieltyukov_int8_npu.$flatten\u_core.\u_array.\g_row[1].g_col[1].u_pe.\u_mul.\g_bw.g_wallace.u_tree.\genblk1.g_reduce.u_next.\genblk1.g_reduce.u_next.$or$/home/danieltyukov/workspace/personal/tt-ihp-int8-npu/src/npu_csa_reduce.sv:53$2087 ($or).
Removed top 1 bits (of 16) from port A of cell tt_um_danieltyukov_int8_npu.$flatten\u_core.\u_array.\g_row[1].g_col[1].u_pe.\u_mul.\g_bw.g_wallace.u_tree.\genblk1.g_reduce.u_next.\genblk1.g_reduce.u_next.$or$/home/danieltyukov/workspace/personal/tt-ihp-int8-npu/src/npu_csa_reduce.sv:53$2087 ($or).
Removed top 1 bits (of 16) from port B of cell tt_um_danieltyukov_int8_npu.$flatten\u_core.\u_array.\g_row[1].g_col[1].u_pe.\u_mul.\g_bw.g_wallace.u_tree.\genblk1.g_reduce.u_next.\genblk1.g_reduce.u_next.$or$/home/danieltyukov/workspace/personal/tt-ihp-int8-npu/src/npu_csa_reduce.sv:53$2087 ($or).
Removed top 1 bits (of 16) from port Y of cell tt_um_danieltyukov_int8_npu.$flatten\u_core.\u_array.\g_row[1].g_col[1].u_pe.\u_mul.\g_bw.g_wallace.u_tree.\genblk1.g_reduce.u_next.\genblk1.g_reduce.u_next.$and$/home/danieltyukov/workspace/personal/tt-ihp-int8-npu/src/npu_csa_reduce.sv:53$2086 ($and).
Removed top 1 bits (of 16) from port A of cell tt_um_danieltyukov_int8_npu.$flatten\u_core.\u_array.\g_row[1].g_col[1].u_pe.\u_mul.\g_bw.g_wallace.u_tree.\genblk1.g_reduce.u_next.\genblk1.g_reduce.u_next.$and$/home/danieltyukov/workspace/personal/tt-ihp-int8-npu/src/npu_csa_reduce.sv:53$2086 ($and).
Removed top 1 bits (of 16) from port B of cell tt_um_danieltyukov_int8_npu.$flatten\u_core.\u_array.\g_row[1].g_col[1].u_pe.\u_mul.\g_bw.g_wallace.u_tree.\genblk1.g_reduce.u_next.\genblk1.g_reduce.u_next.$and$/home/danieltyukov/workspace/personal/tt-ihp-int8-npu/src/npu_csa_reduce.sv:53$2086 ($and).
Removed top 1 bits (of 16) from port Y of cell tt_um_danieltyukov_int8_npu.$flatten\u_core.\u_array.\g_row[1].g_col[1].u_pe.\u_mul.\g_bw.g_wallace.u_tree.\genblk1.g_reduce.u_next.\genblk1.g_reduce.u_next.$or$/home/danieltyukov/workspace/personal/tt-ihp-int8-npu/src/npu_csa_reduce.sv:53$2085 ($or).
Removed top 1 bits (of 16) from port A of cell tt_um_danieltyukov_int8_npu.$flatten\u_core.\u_array.\g_row[1].g_col[1].u_pe.\u_mul.\g_bw.g_wallace.u_tree.\genblk1.g_reduce.u_next.\genblk1.g_reduce.u_next.$or$/home/danieltyukov/workspace/personal/tt-ihp-int8-npu/src/npu_csa_reduce.sv:53$2085 ($or).
Removed top 1 bits (of 16) from port B of cell tt_um_danieltyukov_int8_npu.$flatten\u_core.\u_array.\g_row[1].g_col[1].u_pe.\u_mul.\g_bw.g_wallace.u_tree.\genblk1.g_reduce.u_next.\genblk1.g_reduce.u_next.$or$/home/danieltyukov/workspace/personal/tt-ihp-int8-npu/src/npu_csa_reduce.sv:53$2085 ($or).
Removed top 1 bits (of 16) from port Y of cell tt_um_danieltyukov_int8_npu.$flatten\u_core.\u_array.\g_row[1].g_col[1].u_pe.\u_mul.\g_bw.g_wallace.u_tree.\genblk1.g_reduce.u_next.\genblk1.g_reduce.u_next.$and$/home/danieltyukov/workspace/personal/tt-ihp-int8-npu/src/npu_csa_reduce.sv:53$2084 ($and).
Removed top 1 bits (of 16) from port A of cell tt_um_danieltyukov_int8_npu.$flatten\u_core.\u_array.\g_row[1].g_col[1].u_pe.\u_mul.\g_bw.g_wallace.u_tree.\genblk1.g_reduce.u_next.\genblk1.g_reduce.u_next.$and$/home/danieltyukov/workspace/personal/tt-ihp-int8-npu/src/npu_csa_reduce.sv:53$2084 ($and).
Removed top 1 bits (of 16) from port B of cell tt_um_danieltyukov_int8_npu.$flatten\u_core.\u_array.\g_row[1].g_col[1].u_pe.\u_mul.\g_bw.g_wallace.u_tree.\genblk1.g_reduce.u_next.\genblk1.g_reduce.u_next.$and$/home/danieltyukov/workspace/personal/tt-ihp-int8-npu/src/npu_csa_reduce.sv:53$2084 ($and).
Removed top 1 bits (of 16) from port Y of cell tt_um_danieltyukov_int8_npu.$flatten\u_core.\u_array.\g_row[1].g_col[1].u_pe.\u_mul.\g_bw.g_wallace.u_tree.\genblk1.g_reduce.u_next.\genblk1.g_reduce.u_next.$and$/home/danieltyukov/workspace/personal/tt-ihp-int8-npu/src/npu_csa_reduce.sv:53$2083 ($and).
Removed top 1 bits (of 16) from port A of cell tt_um_danieltyukov_int8_npu.$flatten\u_core.\u_array.\g_row[1].g_col[1].u_pe.\u_mul.\g_bw.g_wallace.u_tree.\genblk1.g_reduce.u_next.\genblk1.g_reduce.u_next.$and$/home/danieltyukov/workspace/personal/tt-ihp-int8-npu/src/npu_csa_reduce.sv:53$2083 ($and).
Removed top 1 bits (of 16) from port B of cell tt_um_danieltyukov_int8_npu.$flatten\u_core.\u_array.\g_row[1].g_col[1].u_pe.\u_mul.\g_bw.g_wallace.u_tree.\genblk1.g_reduce.u_next.\genblk1.g_reduce.u_next.$and$/home/danieltyukov/workspace/personal/tt-ihp-int8-npu/src/npu_csa_reduce.sv:53$2083 ($and).
Removed top 7 bits (of 16) from port B of cell tt_um_danieltyukov_int8_npu.$flatten\u_core.\u_array.\g_row[1].g_col[1].u_pe.\u_mul.\g_bw.g_wallace.u_tree.$or$/home/danieltyukov/workspace/personal/tt-ihp-int8-npu/src/npu_csa_reduce.sv:53$1960 ($or).
Removed top 1 bits (of 16) from port Y of cell tt_um_danieltyukov_int8_npu.$flatten\u_core.\u_array.\g_row[1].g_col[1].u_pe.\u_mul.\g_bw.g_wallace.u_tree.$or$/home/danieltyukov/workspace/personal/tt-ihp-int8-npu/src/npu_csa_reduce.sv:53$1960 ($or).
Removed top 1 bits (of 16) from port A of cell tt_um_danieltyukov_int8_npu.$flatten\u_core.\u_array.\g_row[1].g_col[1].u_pe.\u_mul.\g_bw.g_wallace.u_tree.$or$/home/danieltyukov/workspace/personal/tt-ihp-int8-npu/src/npu_csa_reduce.sv:53$1960 ($or).
Removed top 7 bits (of 16) from port B of cell tt_um_danieltyukov_int8_npu.$flatten\u_core.\u_array.\g_row[1].g_col[1].u_pe.\u_mul.\g_bw.g_wallace.u_tree.$or$/home/danieltyukov/workspace/personal/tt-ihp-int8-npu/src/npu_csa_reduce.sv:53$1958 ($or).
Removed top 1 bits (of 16) from port Y of cell tt_um_danieltyukov_int8_npu.$flatten\u_core.\u_array.\g_row[1].g_col[1].u_pe.\u_mul.\g_bw.g_wallace.u_tree.$or$/home/danieltyukov/workspace/personal/tt-ihp-int8-npu/src/npu_csa_reduce.sv:53$1958 ($or).
Removed top 1 bits (of 16) from port A of cell tt_um_danieltyukov_int8_npu.$flatten\u_core.\u_array.\g_row[1].g_col[1].u_pe.\u_mul.\g_bw.g_wallace.u_tree.$or$/home/danieltyukov/workspace/personal/tt-ihp-int8-npu/src/npu_csa_reduce.sv:53$1958 ($or).
Removed top 2 bits (of 16) from port A of cell tt_um_danieltyukov_int8_npu.$flatten\u_core.\u_array.\g_row[1].g_col[1].u_pe.\u_mul.\g_bw.g_wallace.u_tree.$and$/home/danieltyukov/workspace/personal/tt-ihp-int8-npu/src/npu_csa_reduce.sv:53$1956 ($and).
Removed top 1 bits (of 16) from port B of cell tt_um_danieltyukov_int8_npu.$flatten\u_core.\u_array.\g_row[1].g_col[1].u_pe.\u_mul.\g_bw.g_wallace.u_tree.$and$/home/danieltyukov/workspace/personal/tt-ihp-int8-npu/src/npu_csa_reduce.sv:53$1956 ($and).
Removed top 1 bits (of 16) from port Y of cell tt_um_danieltyukov_int8_npu.$flatten\u_core.\u_array.\g_row[1].g_col[1].u_pe.\u_mul.\g_bw.g_wallace.u_tree.$and$/home/danieltyukov/workspace/personal/tt-ihp-int8-npu/src/npu_csa_reduce.sv:53$1956 ($and).
Removed top 2 bits (of 16) from port A of cell tt_um_danieltyukov_int8_npu.$flatten\u_core.\u_array.\g_row[1].g_col[1].u_pe.\u_mul.\g_bw.g_wallace.u_tree.$xor$/home/danieltyukov/workspace/personal/tt-ihp-int8-npu/src/npu_csa_reduce.sv:49$1954 ($xor).
Removed top 1 bits (of 16) from port B of cell tt_um_danieltyukov_int8_npu.$flatten\u_core.\u_array.\g_row[1].g_col[1].u_pe.\u_mul.\g_bw.g_wallace.u_tree.$xor$/home/danieltyukov/workspace/personal/tt-ihp-int8-npu/src/npu_csa_reduce.sv:49$1954 ($xor).
Removed top 1 bits (of 16) from port Y of cell tt_um_danieltyukov_int8_npu.$flatten\u_core.\u_array.\g_row[1].g_col[1].u_pe.\u_mul.\g_bw.g_wallace.u_tree.$xor$/home/danieltyukov/workspace/personal/tt-ihp-int8-npu/src/npu_csa_reduce.sv:49$1954 ($xor).
Removed top 1 bits (of 16) from port Y of cell tt_um_danieltyukov_int8_npu.$flatten\u_core.\u_array.\g_row[1].g_col[1].u_pe.\u_mul.\g_bw.g_wallace.u_tree.$or$/home/danieltyukov/workspace/personal/tt-ihp-int8-npu/src/npu_csa_reduce.sv:53$1953 ($or).
Removed top 1 bits (of 16) from port A of cell tt_um_danieltyukov_int8_npu.$flatten\u_core.\u_array.\g_row[1].g_col[1].u_pe.\u_mul.\g_bw.g_wallace.u_tree.$or$/home/danieltyukov/workspace/personal/tt-ihp-int8-npu/src/npu_csa_reduce.sv:53$1953 ($or).
Removed top 1 bits (of 16) from port B of cell tt_um_danieltyukov_int8_npu.$flatten\u_core.\u_array.\g_row[1].g_col[1].u_pe.\u_mul.\g_bw.g_wallace.u_tree.$or$/home/danieltyukov/workspace/personal/tt-ihp-int8-npu/src/npu_csa_reduce.sv:53$1953 ($or).
Removed top 4 bits (of 16) from port A of cell tt_um_danieltyukov_int8_npu.$flatten\u_core.\u_array.\g_row[1].g_col[1].u_pe.\u_mul.\g_bw.g_wallace.u_tree.$and$/home/danieltyukov/workspace/personal/tt-ihp-int8-npu/src/npu_csa_reduce.sv:53$1952 ($and).
Removed top 3 bits (of 16) from port B of cell tt_um_danieltyukov_int8_npu.$flatten\u_core.\u_array.\g_row[1].g_col[1].u_pe.\u_mul.\g_bw.g_wallace.u_tree.$and$/home/danieltyukov/workspace/personal/tt-ihp-int8-npu/src/npu_csa_reduce.sv:53$1952 ($and).
Removed top 3 bits (of 16) from port Y of cell tt_um_danieltyukov_int8_npu.$flatten\u_core.\u_array.\g_row[1].g_col[1].u_pe.\u_mul.\g_bw.g_wallace.u_tree.$and$/home/danieltyukov/workspace/personal/tt-ihp-int8-npu/src/npu_csa_reduce.sv:53$1952 ($and).
Removed top 1 bits (of 16) from port Y of cell tt_um_danieltyukov_int8_npu.$flatten\u_core.\u_array.\g_row[1].g_col[1].u_pe.\u_mul.\g_bw.g_wallace.u_tree.$or$/home/danieltyukov/workspace/personal/tt-ihp-int8-npu/src/npu_csa_reduce.sv:53$1951 ($or).
Removed top 1 bits (of 16) from port A of cell tt_um_danieltyukov_int8_npu.$flatten\u_core.\u_array.\g_row[1].g_col[1].u_pe.\u_mul.\g_bw.g_wallace.u_tree.$or$/home/danieltyukov/workspace/personal/tt-ihp-int8-npu/src/npu_csa_reduce.sv:53$1951 ($or).
Removed top 1 bits (of 16) from port B of cell tt_um_danieltyukov_int8_npu.$flatten\u_core.\u_array.\g_row[1].g_col[1].u_pe.\u_mul.\g_bw.g_wallace.u_tree.$or$/home/danieltyukov/workspace/personal/tt-ihp-int8-npu/src/npu_csa_reduce.sv:53$1951 ($or).
Removed top 5 bits (of 16) from port A of cell tt_um_danieltyukov_int8_npu.$flatten\u_core.\u_array.\g_row[1].g_col[1].u_pe.\u_mul.\g_bw.g_wallace.u_tree.$and$/home/danieltyukov/workspace/personal/tt-ihp-int8-npu/src/npu_csa_reduce.sv:53$1950 ($and).
Removed top 3 bits (of 16) from port B of cell tt_um_danieltyukov_int8_npu.$flatten\u_core.\u_array.\g_row[1].g_col[1].u_pe.\u_mul.\g_bw.g_wallace.u_tree.$and$/home/danieltyukov/workspace/personal/tt-ihp-int8-npu/src/npu_csa_reduce.sv:53$1950 ($and).
Removed top 3 bits (of 16) from port Y of cell tt_um_danieltyukov_int8_npu.$flatten\u_core.\u_array.\g_row[1].g_col[1].u_pe.\u_mul.\g_bw.g_wallace.u_tree.$and$/home/danieltyukov/workspace/personal/tt-ihp-int8-npu/src/npu_csa_reduce.sv:53$1950 ($and).
Removed top 5 bits (of 16) from port A of cell tt_um_danieltyukov_int8_npu.$flatten\u_core.\u_array.\g_row[1].g_col[1].u_pe.\u_mul.\g_bw.g_wallace.u_tree.$and$/home/danieltyukov/workspace/personal/tt-ihp-int8-npu/src/npu_csa_reduce.sv:53$1949 ($and).
Removed top 4 bits (of 16) from port B of cell tt_um_danieltyukov_int8_npu.$flatten\u_core.\u_array.\g_row[1].g_col[1].u_pe.\u_mul.\g_bw.g_wallace.u_tree.$and$/home/danieltyukov/workspace/personal/tt-ihp-int8-npu/src/npu_csa_reduce.sv:53$1949 ($and).
Removed top 4 bits (of 16) from port Y of cell tt_um_danieltyukov_int8_npu.$flatten\u_core.\u_array.\g_row[1].g_col[1].u_pe.\u_mul.\g_bw.g_wallace.u_tree.$and$/home/danieltyukov/workspace/personal/tt-ihp-int8-npu/src/npu_csa_reduce.sv:53$1949 ($and).
Removed top 3 bits (of 16) from port B of cell tt_um_danieltyukov_int8_npu.$flatten\u_core.\u_array.\g_row[1].g_col[1].u_pe.\u_mul.\g_bw.g_wallace.u_tree.$xor$/home/danieltyukov/workspace/personal/tt-ihp-int8-npu/src/npu_csa_reduce.sv:49$1948 ($xor).
Removed top 5 bits (of 16) from port A of cell tt_um_danieltyukov_int8_npu.$flatten\u_core.\u_array.\g_row[1].g_col[1].u_pe.\u_mul.\g_bw.g_wallace.u_tree.$xor$/home/danieltyukov/workspace/personal/tt-ihp-int8-npu/src/npu_csa_reduce.sv:49$1947 ($xor).
Removed top 4 bits (of 16) from port B of cell tt_um_danieltyukov_int8_npu.$flatten\u_core.\u_array.\g_row[1].g_col[1].u_pe.\u_mul.\g_bw.g_wallace.u_tree.$xor$/home/danieltyukov/workspace/personal/tt-ihp-int8-npu/src/npu_csa_reduce.sv:49$1947 ($xor).
Removed top 4 bits (of 16) from port Y of cell tt_um_danieltyukov_int8_npu.$flatten\u_core.\u_array.\g_row[1].g_col[1].u_pe.\u_mul.\g_bw.g_wallace.u_tree.$xor$/home/danieltyukov/workspace/personal/tt-ihp-int8-npu/src/npu_csa_reduce.sv:49$1947 ($xor).
Removed top 1 bits (of 16) from port Y of cell tt_um_danieltyukov_int8_npu.$flatten\u_core.\u_array.\g_row[1].g_col[1].u_pe.\u_mul.\g_bw.g_wallace.u_tree.$or$/home/danieltyukov/workspace/personal/tt-ihp-int8-npu/src/npu_csa_reduce.sv:53$1946 ($or).
Removed top 1 bits (of 16) from port A of cell tt_um_danieltyukov_int8_npu.$flatten\u_core.\u_array.\g_row[1].g_col[1].u_pe.\u_mul.\g_bw.g_wallace.u_tree.$or$/home/danieltyukov/workspace/personal/tt-ihp-int8-npu/src/npu_csa_reduce.sv:53$1946 ($or).
Removed top 1 bits (of 16) from port B of cell tt_um_danieltyukov_int8_npu.$flatten\u_core.\u_array.\g_row[1].g_col[1].u_pe.\u_mul.\g_bw.g_wallace.u_tree.$or$/home/danieltyukov/workspace/personal/tt-ihp-int8-npu/src/npu_csa_reduce.sv:53$1946 ($or).
Removed top 7 bits (of 16) from port A of cell tt_um_danieltyukov_int8_npu.$flatten\u_core.\u_array.\g_row[1].g_col[1].u_pe.\u_mul.\g_bw.g_wallace.u_tree.$and$/home/danieltyukov/workspace/personal/tt-ihp-int8-npu/src/npu_csa_reduce.sv:53$1945 ($and).
Removed top 6 bits (of 16) from port B of cell tt_um_danieltyukov_int8_npu.$flatten\u_core.\u_array.\g_row[1].g_col[1].u_pe.\u_mul.\g_bw.g_wallace.u_tree.$and$/home/danieltyukov/workspace/personal/tt-ihp-int8-npu/src/npu_csa_reduce.sv:53$1945 ($and).
Removed top 6 bits (of 16) from port Y of cell tt_um_danieltyukov_int8_npu.$flatten\u_core.\u_array.\g_row[1].g_col[1].u_pe.\u_mul.\g_bw.g_wallace.u_tree.$and$/home/danieltyukov/workspace/personal/tt-ihp-int8-npu/src/npu_csa_reduce.sv:53$1945 ($and).
Removed top 1 bits (of 16) from port Y of cell tt_um_danieltyukov_int8_npu.$flatten\u_core.\u_array.\g_row[1].g_col[1].u_pe.\u_mul.\g_bw.g_wallace.u_tree.$or$/home/danieltyukov/workspace/personal/tt-ihp-int8-npu/src/npu_csa_reduce.sv:53$1944 ($or).
Removed top 1 bits (of 16) from port A of cell tt_um_danieltyukov_int8_npu.$flatten\u_core.\u_array.\g_row[1].g_col[1].u_pe.\u_mul.\g_bw.g_wallace.u_tree.$or$/home/danieltyukov/workspace/personal/tt-ihp-int8-npu/src/npu_csa_reduce.sv:53$1944 ($or).
Removed top 1 bits (of 16) from port B of cell tt_um_danieltyukov_int8_npu.$flatten\u_core.\u_array.\g_row[1].g_col[1].u_pe.\u_mul.\g_bw.g_wallace.u_tree.$or$/home/danieltyukov/workspace/personal/tt-ihp-int8-npu/src/npu_csa_reduce.sv:53$1944 ($or).
Removed top 8 bits (of 16) from port A of cell tt_um_danieltyukov_int8_npu.$flatten\u_core.\u_array.\g_row[1].g_col[1].u_pe.\u_mul.\g_bw.g_wallace.u_tree.$and$/home/danieltyukov/workspace/personal/tt-ihp-int8-npu/src/npu_csa_reduce.sv:53$1943 ($and).
Removed top 6 bits (of 16) from port B of cell tt_um_danieltyukov_int8_npu.$flatten\u_core.\u_array.\g_row[1].g_col[1].u_pe.\u_mul.\g_bw.g_wallace.u_tree.$and$/home/danieltyukov/workspace/personal/tt-ihp-int8-npu/src/npu_csa_reduce.sv:53$1943 ($and).
Removed top 6 bits (of 16) from port Y of cell tt_um_danieltyukov_int8_npu.$flatten\u_core.\u_array.\g_row[1].g_col[1].u_pe.\u_mul.\g_bw.g_wallace.u_tree.$and$/home/danieltyukov/workspace/personal/tt-ihp-int8-npu/src/npu_csa_reduce.sv:53$1943 ($and).
Removed top 8 bits (of 16) from port A of cell tt_um_danieltyukov_int8_npu.$flatten\u_core.\u_array.\g_row[1].g_col[1].u_pe.\u_mul.\g_bw.g_wallace.u_tree.$and$/home/danieltyukov/workspace/personal/tt-ihp-int8-npu/src/npu_csa_reduce.sv:53$1942 ($and).
Removed top 7 bits (of 16) from port B of cell tt_um_danieltyukov_int8_npu.$flatten\u_core.\u_array.\g_row[1].g_col[1].u_pe.\u_mul.\g_bw.g_wallace.u_tree.$and$/home/danieltyukov/workspace/personal/tt-ihp-int8-npu/src/npu_csa_reduce.sv:53$1942 ($and).
Removed top 7 bits (of 16) from port Y of cell tt_um_danieltyukov_int8_npu.$flatten\u_core.\u_array.\g_row[1].g_col[1].u_pe.\u_mul.\g_bw.g_wallace.u_tree.$and$/home/danieltyukov/workspace/personal/tt-ihp-int8-npu/src/npu_csa_reduce.sv:53$1942 ($and).
Removed top 7 bits (of 16) from port A of cell tt_um_danieltyukov_int8_npu.$flatten\u_core.\u_array.\g_row[1].g_col[1].u_pe.\u_mul.\g_bw.g_wallace.u_tree.$xor$/home/danieltyukov/workspace/personal/tt-ihp-int8-npu/src/npu_csa_reduce.sv:49$1941 ($xor).
Removed top 6 bits (of 16) from port B of cell tt_um_danieltyukov_int8_npu.$flatten\u_core.\u_array.\g_row[1].g_col[1].u_pe.\u_mul.\g_bw.g_wallace.u_tree.$xor$/home/danieltyukov/workspace/personal/tt-ihp-int8-npu/src/npu_csa_reduce.sv:49$1941 ($xor).
Removed top 6 bits (of 16) from port Y of cell tt_um_danieltyukov_int8_npu.$flatten\u_core.\u_array.\g_row[1].g_col[1].u_pe.\u_mul.\g_bw.g_wallace.u_tree.$xor$/home/danieltyukov/workspace/personal/tt-ihp-int8-npu/src/npu_csa_reduce.sv:49$1941 ($xor).
Removed top 1 bits (of 19) from port Y of cell tt_um_danieltyukov_int8_npu.$flatten\u_core.\u_array.\g_row[1].g_col[2].u_pe.\u_add.$and$/home/danieltyukov/workspace/personal/tt-ihp-int8-npu/src/npu_adder.sv:60$1807 ($and).
Removed top 1 bits (of 19) from port A of cell tt_um_danieltyukov_int8_npu.$flatten\u_core.\u_array.\g_row[1].g_col[2].u_pe.\u_add.$and$/home/danieltyukov/workspace/personal/tt-ihp-int8-npu/src/npu_adder.sv:60$1807 ($and).
Removed top 1 bits (of 19) from port B of cell tt_um_danieltyukov_int8_npu.$flatten\u_core.\u_array.\g_row[1].g_col[2].u_pe.\u_add.$and$/home/danieltyukov/workspace/personal/tt-ihp-int8-npu/src/npu_adder.sv:60$1807 ($and).
Removed top 8 bits (of 16) from port A of cell tt_um_danieltyukov_int8_npu.$flatten\u_core.\u_array.\g_row[1].g_col[2].u_pe.\u_mul.\g_bw.g_wallace.u_tree.$xor$/home/danieltyukov/workspace/personal/tt-ihp-int8-npu/src/npu_csa_reduce.sv:49$1940 ($xor).
Removed top 7 bits (of 16) from port B of cell tt_um_danieltyukov_int8_npu.$flatten\u_core.\u_array.\g_row[1].g_col[2].u_pe.\u_mul.\g_bw.g_wallace.u_tree.$xor$/home/danieltyukov/workspace/personal/tt-ihp-int8-npu/src/npu_csa_reduce.sv:49$1940 ($xor).
Removed top 7 bits (of 16) from port Y of cell tt_um_danieltyukov_int8_npu.$flatten\u_core.\u_array.\g_row[1].g_col[2].u_pe.\u_mul.\g_bw.g_wallace.u_tree.$xor$/home/danieltyukov/workspace/personal/tt-ihp-int8-npu/src/npu_csa_reduce.sv:49$1940 ($xor).
Removed top 1 bits (of 16) from port Y of cell tt_um_danieltyukov_int8_npu.$flatten\u_core.\u_array.\g_row[1].g_col[2].u_pe.\u_mul.\u_cpa.$and$/home/danieltyukov/workspace/personal/tt-ihp-int8-npu/src/npu_adder.sv:60$1963 ($and).
Removed top 1 bits (of 16) from port A of cell tt_um_danieltyukov_int8_npu.$flatten\u_core.\u_array.\g_row[1].g_col[2].u_pe.\u_mul.\u_cpa.$and$/home/danieltyukov/workspace/personal/tt-ihp-int8-npu/src/npu_adder.sv:60$1963 ($and).
Removed top 1 bits (of 16) from port B of cell tt_um_danieltyukov_int8_npu.$flatten\u_core.\u_array.\g_row[1].g_col[2].u_pe.\u_mul.\u_cpa.$and$/home/danieltyukov/workspace/personal/tt-ihp-int8-npu/src/npu_adder.sv:60$1963 ($and).
Removed top 1 bits (of 16) from port Y of cell tt_um_danieltyukov_int8_npu.$flatten\u_core.\u_array.\g_row[1].g_col[2].u_pe.\u_mul.\g_bw.g_wallace.u_tree.\genblk1.g_reduce.u_next.$or$/home/danieltyukov/workspace/personal/tt-ihp-int8-npu/src/npu_csa_reduce.sv:53$2072 ($or).
Removed top 1 bits (of 16) from port A of cell tt_um_danieltyukov_int8_npu.$flatten\u_core.\u_array.\g_row[1].g_col[2].u_pe.\u_mul.\g_bw.g_wallace.u_tree.\genblk1.g_reduce.u_next.$or$/home/danieltyukov/workspace/personal/tt-ihp-int8-npu/src/npu_csa_reduce.sv:53$2072 ($or).
Removed top 1 bits (of 16) from port B of cell tt_um_danieltyukov_int8_npu.$flatten\u_core.\u_array.\g_row[1].g_col[2].u_pe.\u_mul.\g_bw.g_wallace.u_tree.\genblk1.g_reduce.u_next.$or$/home/danieltyukov/workspace/personal/tt-ihp-int8-npu/src/npu_csa_reduce.sv:53$2072 ($or).
Removed top 1 bits (of 16) from port Y of cell tt_um_danieltyukov_int8_npu.$flatten\u_core.\u_array.\g_row[1].g_col[2].u_pe.\u_mul.\g_bw.g_wallace.u_tree.\genblk1.g_reduce.u_next.$or$/home/danieltyukov/workspace/personal/tt-ihp-int8-npu/src/npu_csa_reduce.sv:53$2079 ($or).
Removed top 1 bits (of 16) from port A of cell tt_um_danieltyukov_int8_npu.$flatten\u_core.\u_array.\g_row[1].g_col[2].u_pe.\u_mul.\g_bw.g_wallace.u_tree.\genblk1.g_reduce.u_next.$or$/home/danieltyukov/workspace/personal/tt-ihp-int8-npu/src/npu_csa_reduce.sv:53$2079 ($or).
Removed top 1 bits (of 16) from port B of cell tt_um_danieltyukov_int8_npu.$flatten\u_core.\u_array.\g_row[1].g_col[2].u_pe.\u_mul.\g_bw.g_wallace.u_tree.\genblk1.g_reduce.u_next.$or$/home/danieltyukov/workspace/personal/tt-ihp-int8-npu/src/npu_csa_reduce.sv:53$2079 ($or).
Removed top 1 bits (of 16) from port Y of cell tt_um_danieltyukov_int8_npu.$flatten\u_core.\u_array.\g_row[1].g_col[2].u_pe.\u_mul.\g_bw.g_wallace.u_tree.\genblk1.g_reduce.u_next.\genblk1.g_reduce.u_next.\genblk1.g_reduce.u_next.$or$/home/danieltyukov/workspace/personal/tt-ihp-int8-npu/src/npu_csa_reduce.sv:53$1938 ($or).
Removed top 1 bits (of 16) from port A of cell tt_um_danieltyukov_int8_npu.$flatten\u_core.\u_array.\g_row[1].g_col[2].u_pe.\u_mul.\g_bw.g_wallace.u_tree.\genblk1.g_reduce.u_next.\genblk1.g_reduce.u_next.\genblk1.g_reduce.u_next.$or$/home/danieltyukov/workspace/personal/tt-ihp-int8-npu/src/npu_csa_reduce.sv:53$1938 ($or).
Removed top 1 bits (of 16) from port B of cell tt_um_danieltyukov_int8_npu.$flatten\u_core.\u_array.\g_row[1].g_col[2].u_pe.\u_mul.\g_bw.g_wallace.u_tree.\genblk1.g_reduce.u_next.\genblk1.g_reduce.u_next.\genblk1.g_reduce.u_next.$or$/home/danieltyukov/workspace/personal/tt-ihp-int8-npu/src/npu_csa_reduce.sv:53$1938 ($or).
Removed top 1 bits (of 16) from port Y of cell tt_um_danieltyukov_int8_npu.$flatten\u_core.\u_array.\g_row[1].g_col[2].u_pe.\u_mul.\g_bw.g_wallace.u_tree.\genblk1.g_reduce.u_next.\genblk1.g_reduce.u_next.$or$/home/danieltyukov/workspace/personal/tt-ihp-int8-npu/src/npu_csa_reduce.sv:53$2087 ($or).
Removed top 1 bits (of 16) from port A of cell tt_um_danieltyukov_int8_npu.$flatten\u_core.\u_array.\g_row[1].g_col[2].u_pe.\u_mul.\g_bw.g_wallace.u_tree.\genblk1.g_reduce.u_next.\genblk1.g_reduce.u_next.$or$/home/danieltyukov/workspace/personal/tt-ihp-int8-npu/src/npu_csa_reduce.sv:53$2087 ($or).
Removed top 1 bits (of 16) from port B of cell tt_um_danieltyukov_int8_npu.$flatten\u_core.\u_array.\g_row[1].g_col[2].u_pe.\u_mul.\g_bw.g_wallace.u_tree.\genblk1.g_reduce.u_next.\genblk1.g_reduce.u_next.$or$/home/danieltyukov/workspace/personal/tt-ihp-int8-npu/src/npu_csa_reduce.sv:53$2087 ($or).
Removed top 1 bits (of 16) from port Y of cell tt_um_danieltyukov_int8_npu.$flatten\u_core.\u_array.\g_row[1].g_col[2].u_pe.\u_mul.\g_bw.g_wallace.u_tree.\genblk1.g_reduce.u_next.\genblk1.g_reduce.u_next.$and$/home/danieltyukov/workspace/personal/tt-ihp-int8-npu/src/npu_csa_reduce.sv:53$2086 ($and).
Removed top 1 bits (of 16) from port A of cell tt_um_danieltyukov_int8_npu.$flatten\u_core.\u_array.\g_row[1].g_col[2].u_pe.\u_mul.\g_bw.g_wallace.u_tree.\genblk1.g_reduce.u_next.\genblk1.g_reduce.u_next.$and$/home/danieltyukov/workspace/personal/tt-ihp-int8-npu/src/npu_csa_reduce.sv:53$2086 ($and).
Removed top 1 bits (of 16) from port B of cell tt_um_danieltyukov_int8_npu.$flatten\u_core.\u_array.\g_row[1].g_col[2].u_pe.\u_mul.\g_bw.g_wallace.u_tree.\genblk1.g_reduce.u_next.\genblk1.g_reduce.u_next.$and$/home/danieltyukov/workspace/personal/tt-ihp-int8-npu/src/npu_csa_reduce.sv:53$2086 ($and).
Removed top 1 bits (of 16) from port Y of cell tt_um_danieltyukov_int8_npu.$flatten\u_core.\u_array.\g_row[1].g_col[2].u_pe.\u_mul.\g_bw.g_wallace.u_tree.\genblk1.g_reduce.u_next.\genblk1.g_reduce.u_next.$or$/home/danieltyukov/workspace/personal/tt-ihp-int8-npu/src/npu_csa_reduce.sv:53$2085 ($or).
Removed top 1 bits (of 16) from port A of cell tt_um_danieltyukov_int8_npu.$flatten\u_core.\u_array.\g_row[1].g_col[2].u_pe.\u_mul.\g_bw.g_wallace.u_tree.\genblk1.g_reduce.u_next.\genblk1.g_reduce.u_next.$or$/home/danieltyukov/workspace/personal/tt-ihp-int8-npu/src/npu_csa_reduce.sv:53$2085 ($or).
Removed top 1 bits (of 16) from port B of cell tt_um_danieltyukov_int8_npu.$flatten\u_core.\u_array.\g_row[1].g_col[2].u_pe.\u_mul.\g_bw.g_wallace.u_tree.\genblk1.g_reduce.u_next.\genblk1.g_reduce.u_next.$or$/home/danieltyukov/workspace/personal/tt-ihp-int8-npu/src/npu_csa_reduce.sv:53$2085 ($or).
Removed top 1 bits (of 16) from port Y of cell tt_um_danieltyukov_int8_npu.$flatten\u_core.\u_array.\g_row[1].g_col[2].u_pe.\u_mul.\g_bw.g_wallace.u_tree.\genblk1.g_reduce.u_next.\genblk1.g_reduce.u_next.$and$/home/danieltyukov/workspace/personal/tt-ihp-int8-npu/src/npu_csa_reduce.sv:53$2084 ($and).
Removed top 1 bits (of 16) from port A of cell tt_um_danieltyukov_int8_npu.$flatten\u_core.\u_array.\g_row[1].g_col[2].u_pe.\u_mul.\g_bw.g_wallace.u_tree.\genblk1.g_reduce.u_next.\genblk1.g_reduce.u_next.$and$/home/danieltyukov/workspace/personal/tt-ihp-int8-npu/src/npu_csa_reduce.sv:53$2084 ($and).
Removed top 1 bits (of 16) from port B of cell tt_um_danieltyukov_int8_npu.$flatten\u_core.\u_array.\g_row[1].g_col[2].u_pe.\u_mul.\g_bw.g_wallace.u_tree.\genblk1.g_reduce.u_next.\genblk1.g_reduce.u_next.$and$/home/danieltyukov/workspace/personal/tt-ihp-int8-npu/src/npu_csa_reduce.sv:53$2084 ($and).
Removed top 1 bits (of 16) from port Y of cell tt_um_danieltyukov_int8_npu.$flatten\u_core.\u_array.\g_row[1].g_col[2].u_pe.\u_mul.\g_bw.g_wallace.u_tree.\genblk1.g_reduce.u_next.\genblk1.g_reduce.u_next.$and$/home/danieltyukov/workspace/personal/tt-ihp-int8-npu/src/npu_csa_reduce.sv:53$2083 ($and).
Removed top 1 bits (of 16) from port A of cell tt_um_danieltyukov_int8_npu.$flatten\u_core.\u_array.\g_row[1].g_col[2].u_pe.\u_mul.\g_bw.g_wallace.u_tree.\genblk1.g_reduce.u_next.\genblk1.g_reduce.u_next.$and$/home/danieltyukov/workspace/personal/tt-ihp-int8-npu/src/npu_csa_reduce.sv:53$2083 ($and).
Removed top 1 bits (of 16) from port B of cell tt_um_danieltyukov_int8_npu.$flatten\u_core.\u_array.\g_row[1].g_col[2].u_pe.\u_mul.\g_bw.g_wallace.u_tree.\genblk1.g_reduce.u_next.\genblk1.g_reduce.u_next.$and$/home/danieltyukov/workspace/personal/tt-ihp-int8-npu/src/npu_csa_reduce.sv:53$2083 ($and).
Removed top 7 bits (of 16) from port B of cell tt_um_danieltyukov_int8_npu.$flatten\u_core.\u_array.\g_row[1].g_col[2].u_pe.\u_mul.\g_bw.g_wallace.u_tree.$or$/home/danieltyukov/workspace/personal/tt-ihp-int8-npu/src/npu_csa_reduce.sv:53$1960 ($or).
Removed top 1 bits (of 16) from port Y of cell tt_um_danieltyukov_int8_npu.$flatten\u_core.\u_array.\g_row[1].g_col[2].u_pe.\u_mul.\g_bw.g_wallace.u_tree.$or$/home/danieltyukov/workspace/personal/tt-ihp-int8-npu/src/npu_csa_reduce.sv:53$1960 ($or).
Removed top 1 bits (of 16) from port A of cell tt_um_danieltyukov_int8_npu.$flatten\u_core.\u_array.\g_row[1].g_col[2].u_pe.\u_mul.\g_bw.g_wallace.u_tree.$or$/home/danieltyukov/workspace/personal/tt-ihp-int8-npu/src/npu_csa_reduce.sv:53$1960 ($or).
Removed top 7 bits (of 16) from port B of cell tt_um_danieltyukov_int8_npu.$flatten\u_core.\u_array.\g_row[1].g_col[2].u_pe.\u_mul.\g_bw.g_wallace.u_tree.$or$/home/danieltyukov/workspace/personal/tt-ihp-int8-npu/src/npu_csa_reduce.sv:53$1958 ($or).
Removed top 1 bits (of 16) from port Y of cell tt_um_danieltyukov_int8_npu.$flatten\u_core.\u_array.\g_row[1].g_col[2].u_pe.\u_mul.\g_bw.g_wallace.u_tree.$or$/home/danieltyukov/workspace/personal/tt-ihp-int8-npu/src/npu_csa_reduce.sv:53$1958 ($or).
Removed top 1 bits (of 16) from port A of cell tt_um_danieltyukov_int8_npu.$flatten\u_core.\u_array.\g_row[1].g_col[2].u_pe.\u_mul.\g_bw.g_wallace.u_tree.$or$/home/danieltyukov/workspace/personal/tt-ihp-int8-npu/src/npu_csa_reduce.sv:53$1958 ($or).
Removed top 2 bits (of 16) from port A of cell tt_um_danieltyukov_int8_npu.$flatten\u_core.\u_array.\g_row[1].g_col[2].u_pe.\u_mul.\g_bw.g_wallace.u_tree.$and$/home/danieltyukov/workspace/personal/tt-ihp-int8-npu/src/npu_csa_reduce.sv:53$1956 ($and).
Removed top 1 bits (of 16) from port B of cell tt_um_danieltyukov_int8_npu.$flatten\u_core.\u_array.\g_row[1].g_col[2].u_pe.\u_mul.\g_bw.g_wallace.u_tree.$and$/home/danieltyukov/workspace/personal/tt-ihp-int8-npu/src/npu_csa_reduce.sv:53$1956 ($and).
Removed top 1 bits (of 16) from port Y of cell tt_um_danieltyukov_int8_npu.$flatten\u_core.\u_array.\g_row[1].g_col[2].u_pe.\u_mul.\g_bw.g_wallace.u_tree.$and$/home/danieltyukov/workspace/personal/tt-ihp-int8-npu/src/npu_csa_reduce.sv:53$1956 ($and).
Removed top 2 bits (of 16) from port A of cell tt_um_danieltyukov_int8_npu.$flatten\u_core.\u_array.\g_row[1].g_col[2].u_pe.\u_mul.\g_bw.g_wallace.u_tree.$xor$/home/danieltyukov/workspace/personal/tt-ihp-int8-npu/src/npu_csa_reduce.sv:49$1954 ($xor).
Removed top 1 bits (of 16) from port B of cell tt_um_danieltyukov_int8_npu.$flatten\u_core.\u_array.\g_row[1].g_col[2].u_pe.\u_mul.\g_bw.g_wallace.u_tree.$xor$/home/danieltyukov/workspace/personal/tt-ihp-int8-npu/src/npu_csa_reduce.sv:49$1954 ($xor).
Removed top 1 bits (of 16) from port Y of cell tt_um_danieltyukov_int8_npu.$flatten\u_core.\u_array.\g_row[1].g_col[2].u_pe.\u_mul.\g_bw.g_wallace.u_tree.$xor$/home/danieltyukov/workspace/personal/tt-ihp-int8-npu/src/npu_csa_reduce.sv:49$1954 ($xor).
Removed top 1 bits (of 16) from port Y of cell tt_um_danieltyukov_int8_npu.$flatten\u_core.\u_array.\g_row[1].g_col[2].u_pe.\u_mul.\g_bw.g_wallace.u_tree.$or$/home/danieltyukov/workspace/personal/tt-ihp-int8-npu/src/npu_csa_reduce.sv:53$1953 ($or).
Removed top 1 bits (of 16) from port A of cell tt_um_danieltyukov_int8_npu.$flatten\u_core.\u_array.\g_row[1].g_col[2].u_pe.\u_mul.\g_bw.g_wallace.u_tree.$or$/home/danieltyukov/workspace/personal/tt-ihp-int8-npu/src/npu_csa_reduce.sv:53$1953 ($or).
Removed top 1 bits (of 16) from port B of cell tt_um_danieltyukov_int8_npu.$flatten\u_core.\u_array.\g_row[1].g_col[2].u_pe.\u_mul.\g_bw.g_wallace.u_tree.$or$/home/danieltyukov/workspace/personal/tt-ihp-int8-npu/src/npu_csa_reduce.sv:53$1953 ($or).
Removed top 4 bits (of 16) from port A of cell tt_um_danieltyukov_int8_npu.$flatten\u_core.\u_array.\g_row[1].g_col[2].u_pe.\u_mul.\g_bw.g_wallace.u_tree.$and$/home/danieltyukov/workspace/personal/tt-ihp-int8-npu/src/npu_csa_reduce.sv:53$1952 ($and).
Removed top 3 bits (of 16) from port B of cell tt_um_danieltyukov_int8_npu.$flatten\u_core.\u_array.\g_row[1].g_col[2].u_pe.\u_mul.\g_bw.g_wallace.u_tree.$and$/home/danieltyukov/workspace/personal/tt-ihp-int8-npu/src/npu_csa_reduce.sv:53$1952 ($and).
Removed top 3 bits (of 16) from port Y of cell tt_um_danieltyukov_int8_npu.$flatten\u_core.\u_array.\g_row[1].g_col[2].u_pe.\u_mul.\g_bw.g_wallace.u_tree.$and$/home/danieltyukov/workspace/personal/tt-ihp-int8-npu/src/npu_csa_reduce.sv:53$1952 ($and).
Removed top 1 bits (of 16) from port Y of cell tt_um_danieltyukov_int8_npu.$flatten\u_core.\u_array.\g_row[1].g_col[2].u_pe.\u_mul.\g_bw.g_wallace.u_tree.$or$/home/danieltyukov/workspace/personal/tt-ihp-int8-npu/src/npu_csa_reduce.sv:53$1951 ($or).
Removed top 1 bits (of 16) from port A of cell tt_um_danieltyukov_int8_npu.$flatten\u_core.\u_array.\g_row[1].g_col[2].u_pe.\u_mul.\g_bw.g_wallace.u_tree.$or$/home/danieltyukov/workspace/personal/tt-ihp-int8-npu/src/npu_csa_reduce.sv:53$1951 ($or).
Removed top 1 bits (of 16) from port B of cell tt_um_danieltyukov_int8_npu.$flatten\u_core.\u_array.\g_row[1].g_col[2].u_pe.\u_mul.\g_bw.g_wallace.u_tree.$or$/home/danieltyukov/workspace/personal/tt-ihp-int8-npu/src/npu_csa_reduce.sv:53$1951 ($or).
Removed top 5 bits (of 16) from port A of cell tt_um_danieltyukov_int8_npu.$flatten\u_core.\u_array.\g_row[1].g_col[2].u_pe.\u_mul.\g_bw.g_wallace.u_tree.$and$/home/danieltyukov/workspace/personal/tt-ihp-int8-npu/src/npu_csa_reduce.sv:53$1950 ($and).
Removed top 3 bits (of 16) from port B of cell tt_um_danieltyukov_int8_npu.$flatten\u_core.\u_array.\g_row[1].g_col[2].u_pe.\u_mul.\g_bw.g_wallace.u_tree.$and$/home/danieltyukov/workspace/personal/tt-ihp-int8-npu/src/npu_csa_reduce.sv:53$1950 ($and).
Removed top 3 bits (of 16) from port Y of cell tt_um_danieltyukov_int8_npu.$flatten\u_core.\u_array.\g_row[1].g_col[2].u_pe.\u_mul.\g_bw.g_wallace.u_tree.$and$/home/danieltyukov/workspace/personal/tt-ihp-int8-npu/src/npu_csa_reduce.sv:53$1950 ($and).
Removed top 5 bits (of 16) from port A of cell tt_um_danieltyukov_int8_npu.$flatten\u_core.\u_array.\g_row[1].g_col[2].u_pe.\u_mul.\g_bw.g_wallace.u_tree.$and$/home/danieltyukov/workspace/personal/tt-ihp-int8-npu/src/npu_csa_reduce.sv:53$1949 ($and).
Removed top 4 bits (of 16) from port B of cell tt_um_danieltyukov_int8_npu.$flatten\u_core.\u_array.\g_row[1].g_col[2].u_pe.\u_mul.\g_bw.g_wallace.u_tree.$and$/home/danieltyukov/workspace/personal/tt-ihp-int8-npu/src/npu_csa_reduce.sv:53$1949 ($and).
Removed top 4 bits (of 16) from port Y of cell tt_um_danieltyukov_int8_npu.$flatten\u_core.\u_array.\g_row[1].g_col[2].u_pe.\u_mul.\g_bw.g_wallace.u_tree.$and$/home/danieltyukov/workspace/personal/tt-ihp-int8-npu/src/npu_csa_reduce.sv:53$1949 ($and).
Removed top 3 bits (of 16) from port B of cell tt_um_danieltyukov_int8_npu.$flatten\u_core.\u_array.\g_row[1].g_col[2].u_pe.\u_mul.\g_bw.g_wallace.u_tree.$xor$/home/danieltyukov/workspace/personal/tt-ihp-int8-npu/src/npu_csa_reduce.sv:49$1948 ($xor).
Removed top 5 bits (of 16) from port A of cell tt_um_danieltyukov_int8_npu.$flatten\u_core.\u_array.\g_row[1].g_col[2].u_pe.\u_mul.\g_bw.g_wallace.u_tree.$xor$/home/danieltyukov/workspace/personal/tt-ihp-int8-npu/src/npu_csa_reduce.sv:49$1947 ($xor).
Removed top 4 bits (of 16) from port B of cell tt_um_danieltyukov_int8_npu.$flatten\u_core.\u_array.\g_row[1].g_col[2].u_pe.\u_mul.\g_bw.g_wallace.u_tree.$xor$/home/danieltyukov/workspace/personal/tt-ihp-int8-npu/src/npu_csa_reduce.sv:49$1947 ($xor).
Removed top 4 bits (of 16) from port Y of cell tt_um_danieltyukov_int8_npu.$flatten\u_core.\u_array.\g_row[1].g_col[2].u_pe.\u_mul.\g_bw.g_wallace.u_tree.$xor$/home/danieltyukov/workspace/personal/tt-ihp-int8-npu/src/npu_csa_reduce.sv:49$1947 ($xor).
Removed top 1 bits (of 16) from port Y of cell tt_um_danieltyukov_int8_npu.$flatten\u_core.\u_array.\g_row[1].g_col[2].u_pe.\u_mul.\g_bw.g_wallace.u_tree.$or$/home/danieltyukov/workspace/personal/tt-ihp-int8-npu/src/npu_csa_reduce.sv:53$1946 ($or).
Removed top 1 bits (of 16) from port A of cell tt_um_danieltyukov_int8_npu.$flatten\u_core.\u_array.\g_row[1].g_col[2].u_pe.\u_mul.\g_bw.g_wallace.u_tree.$or$/home/danieltyukov/workspace/personal/tt-ihp-int8-npu/src/npu_csa_reduce.sv:53$1946 ($or).
Removed top 1 bits (of 16) from port B of cell tt_um_danieltyukov_int8_npu.$flatten\u_core.\u_array.\g_row[1].g_col[2].u_pe.\u_mul.\g_bw.g_wallace.u_tree.$or$/home/danieltyukov/workspace/personal/tt-ihp-int8-npu/src/npu_csa_reduce.sv:53$1946 ($or).
Removed top 7 bits (of 16) from port A of cell tt_um_danieltyukov_int8_npu.$flatten\u_core.\u_array.\g_row[1].g_col[2].u_pe.\u_mul.\g_bw.g_wallace.u_tree.$and$/home/danieltyukov/workspace/personal/tt-ihp-int8-npu/src/npu_csa_reduce.sv:53$1945 ($and).
Removed top 6 bits (of 16) from port B of cell tt_um_danieltyukov_int8_npu.$flatten\u_core.\u_array.\g_row[1].g_col[2].u_pe.\u_mul.\g_bw.g_wallace.u_tree.$and$/home/danieltyukov/workspace/personal/tt-ihp-int8-npu/src/npu_csa_reduce.sv:53$1945 ($and).
Removed top 6 bits (of 16) from port Y of cell tt_um_danieltyukov_int8_npu.$flatten\u_core.\u_array.\g_row[1].g_col[2].u_pe.\u_mul.\g_bw.g_wallace.u_tree.$and$/home/danieltyukov/workspace/personal/tt-ihp-int8-npu/src/npu_csa_reduce.sv:53$1945 ($and).
Removed top 1 bits (of 16) from port Y of cell tt_um_danieltyukov_int8_npu.$flatten\u_core.\u_array.\g_row[1].g_col[2].u_pe.\u_mul.\g_bw.g_wallace.u_tree.$or$/home/danieltyukov/workspace/personal/tt-ihp-int8-npu/src/npu_csa_reduce.sv:53$1944 ($or).
Removed top 1 bits (of 16) from port A of cell tt_um_danieltyukov_int8_npu.$flatten\u_core.\u_array.\g_row[1].g_col[2].u_pe.\u_mul.\g_bw.g_wallace.u_tree.$or$/home/danieltyukov/workspace/personal/tt-ihp-int8-npu/src/npu_csa_reduce.sv:53$1944 ($or).
Removed top 1 bits (of 16) from port B of cell tt_um_danieltyukov_int8_npu.$flatten\u_core.\u_array.\g_row[1].g_col[2].u_pe.\u_mul.\g_bw.g_wallace.u_tree.$or$/home/danieltyukov/workspace/personal/tt-ihp-int8-npu/src/npu_csa_reduce.sv:53$1944 ($or).
Removed top 8 bits (of 16) from port A of cell tt_um_danieltyukov_int8_npu.$flatten\u_core.\u_array.\g_row[1].g_col[2].u_pe.\u_mul.\g_bw.g_wallace.u_tree.$and$/home/danieltyukov/workspace/personal/tt-ihp-int8-npu/src/npu_csa_reduce.sv:53$1943 ($and).
Removed top 6 bits (of 16) from port B of cell tt_um_danieltyukov_int8_npu.$flatten\u_core.\u_array.\g_row[1].g_col[2].u_pe.\u_mul.\g_bw.g_wallace.u_tree.$and$/home/danieltyukov/workspace/personal/tt-ihp-int8-npu/src/npu_csa_reduce.sv:53$1943 ($and).
Removed top 6 bits (of 16) from port Y of cell tt_um_danieltyukov_int8_npu.$flatten\u_core.\u_array.\g_row[1].g_col[2].u_pe.\u_mul.\g_bw.g_wallace.u_tree.$and$/home/danieltyukov/workspace/personal/tt-ihp-int8-npu/src/npu_csa_reduce.sv:53$1943 ($and).
Removed top 8 bits (of 16) from port A of cell tt_um_danieltyukov_int8_npu.$flatten\u_core.\u_array.\g_row[1].g_col[2].u_pe.\u_mul.\g_bw.g_wallace.u_tree.$and$/home/danieltyukov/workspace/personal/tt-ihp-int8-npu/src/npu_csa_reduce.sv:53$1942 ($and).
Removed top 7 bits (of 16) from port B of cell tt_um_danieltyukov_int8_npu.$flatten\u_core.\u_array.\g_row[1].g_col[2].u_pe.\u_mul.\g_bw.g_wallace.u_tree.$and$/home/danieltyukov/workspace/personal/tt-ihp-int8-npu/src/npu_csa_reduce.sv:53$1942 ($and).
Removed top 7 bits (of 16) from port Y of cell tt_um_danieltyukov_int8_npu.$flatten\u_core.\u_array.\g_row[1].g_col[2].u_pe.\u_mul.\g_bw.g_wallace.u_tree.$and$/home/danieltyukov/workspace/personal/tt-ihp-int8-npu/src/npu_csa_reduce.sv:53$1942 ($and).
Removed top 7 bits (of 16) from port A of cell tt_um_danieltyukov_int8_npu.$flatten\u_core.\u_array.\g_row[1].g_col[2].u_pe.\u_mul.\g_bw.g_wallace.u_tree.$xor$/home/danieltyukov/workspace/personal/tt-ihp-int8-npu/src/npu_csa_reduce.sv:49$1941 ($xor).
Removed top 6 bits (of 16) from port B of cell tt_um_danieltyukov_int8_npu.$flatten\u_core.\u_array.\g_row[1].g_col[2].u_pe.\u_mul.\g_bw.g_wallace.u_tree.$xor$/home/danieltyukov/workspace/personal/tt-ihp-int8-npu/src/npu_csa_reduce.sv:49$1941 ($xor).
Removed top 6 bits (of 16) from port Y of cell tt_um_danieltyukov_int8_npu.$flatten\u_core.\u_array.\g_row[1].g_col[2].u_pe.\u_mul.\g_bw.g_wallace.u_tree.$xor$/home/danieltyukov/workspace/personal/tt-ihp-int8-npu/src/npu_csa_reduce.sv:49$1941 ($xor).
Removed top 1 bits (of 19) from port Y of cell tt_um_danieltyukov_int8_npu.$flatten\u_core.\u_array.\g_row[1].g_col[3].u_pe.\u_add.$and$/home/danieltyukov/workspace/personal/tt-ihp-int8-npu/src/npu_adder.sv:60$1807 ($and).
Removed top 1 bits (of 19) from port A of cell tt_um_danieltyukov_int8_npu.$flatten\u_core.\u_array.\g_row[1].g_col[3].u_pe.\u_add.$and$/home/danieltyukov/workspace/personal/tt-ihp-int8-npu/src/npu_adder.sv:60$1807 ($and).
Removed top 1 bits (of 19) from port B of cell tt_um_danieltyukov_int8_npu.$flatten\u_core.\u_array.\g_row[1].g_col[3].u_pe.\u_add.$and$/home/danieltyukov/workspace/personal/tt-ihp-int8-npu/src/npu_adder.sv:60$1807 ($and).
Removed top 8 bits (of 16) from port A of cell tt_um_danieltyukov_int8_npu.$flatten\u_core.\u_array.\g_row[1].g_col[3].u_pe.\u_mul.\g_bw.g_wallace.u_tree.$xor$/home/danieltyukov/workspace/personal/tt-ihp-int8-npu/src/npu_csa_reduce.sv:49$1940 ($xor).
Removed top 7 bits (of 16) from port B of cell tt_um_danieltyukov_int8_npu.$flatten\u_core.\u_array.\g_row[1].g_col[3].u_pe.\u_mul.\g_bw.g_wallace.u_tree.$xor$/home/danieltyukov/workspace/personal/tt-ihp-int8-npu/src/npu_csa_reduce.sv:49$1940 ($xor).
Removed top 7 bits (of 16) from port Y of cell tt_um_danieltyukov_int8_npu.$flatten\u_core.\u_array.\g_row[1].g_col[3].u_pe.\u_mul.\g_bw.g_wallace.u_tree.$xor$/home/danieltyukov/workspace/personal/tt-ihp-int8-npu/src/npu_csa_reduce.sv:49$1940 ($xor).
Removed top 1 bits (of 16) from port Y of cell tt_um_danieltyukov_int8_npu.$flatten\u_core.\u_array.\g_row[1].g_col[3].u_pe.\u_mul.\u_cpa.$and$/home/danieltyukov/workspace/personal/tt-ihp-int8-npu/src/npu_adder.sv:60$1963 ($and).
Removed top 1 bits (of 16) from port A of cell tt_um_danieltyukov_int8_npu.$flatten\u_core.\u_array.\g_row[1].g_col[3].u_pe.\u_mul.\u_cpa.$and$/home/danieltyukov/workspace/personal/tt-ihp-int8-npu/src/npu_adder.sv:60$1963 ($and).
Removed top 1 bits (of 16) from port B of cell tt_um_danieltyukov_int8_npu.$flatten\u_core.\u_array.\g_row[1].g_col[3].u_pe.\u_mul.\u_cpa.$and$/home/danieltyukov/workspace/personal/tt-ihp-int8-npu/src/npu_adder.sv:60$1963 ($and).
Removed top 1 bits (of 16) from port Y of cell tt_um_danieltyukov_int8_npu.$flatten\u_core.\u_array.\g_row[1].g_col[3].u_pe.\u_mul.\g_bw.g_wallace.u_tree.\genblk1.g_reduce.u_next.$or$/home/danieltyukov/workspace/personal/tt-ihp-int8-npu/src/npu_csa_reduce.sv:53$2072 ($or).
Removed top 1 bits (of 16) from port A of cell tt_um_danieltyukov_int8_npu.$flatten\u_core.\u_array.\g_row[1].g_col[3].u_pe.\u_mul.\g_bw.g_wallace.u_tree.\genblk1.g_reduce.u_next.$or$/home/danieltyukov/workspace/personal/tt-ihp-int8-npu/src/npu_csa_reduce.sv:53$2072 ($or).
Removed top 1 bits (of 16) from port B of cell tt_um_danieltyukov_int8_npu.$flatten\u_core.\u_array.\g_row[1].g_col[3].u_pe.\u_mul.\g_bw.g_wallace.u_tree.\genblk1.g_reduce.u_next.$or$/home/danieltyukov/workspace/personal/tt-ihp-int8-npu/src/npu_csa_reduce.sv:53$2072 ($or).
Removed top 1 bits (of 16) from port Y of cell tt_um_danieltyukov_int8_npu.$flatten\u_core.\u_array.\g_row[1].g_col[3].u_pe.\u_mul.\g_bw.g_wallace.u_tree.\genblk1.g_reduce.u_next.$or$/home/danieltyukov/workspace/personal/tt-ihp-int8-npu/src/npu_csa_reduce.sv:53$2079 ($or).
Removed top 1 bits (of 16) from port A of cell tt_um_danieltyukov_int8_npu.$flatten\u_core.\u_array.\g_row[1].g_col[3].u_pe.\u_mul.\g_bw.g_wallace.u_tree.\genblk1.g_reduce.u_next.$or$/home/danieltyukov/workspace/personal/tt-ihp-int8-npu/src/npu_csa_reduce.sv:53$2079 ($or).
Removed top 1 bits (of 16) from port B of cell tt_um_danieltyukov_int8_npu.$flatten\u_core.\u_array.\g_row[1].g_col[3].u_pe.\u_mul.\g_bw.g_wallace.u_tree.\genblk1.g_reduce.u_next.$or$/home/danieltyukov/workspace/personal/tt-ihp-int8-npu/src/npu_csa_reduce.sv:53$2079 ($or).
Removed top 1 bits (of 16) from port Y of cell tt_um_danieltyukov_int8_npu.$flatten\u_core.\u_array.\g_row[1].g_col[3].u_pe.\u_mul.\g_bw.g_wallace.u_tree.\genblk1.g_reduce.u_next.\genblk1.g_reduce.u_next.\genblk1.g_reduce.u_next.$or$/home/danieltyukov/workspace/personal/tt-ihp-int8-npu/src/npu_csa_reduce.sv:53$1938 ($or).
Removed top 1 bits (of 16) from port A of cell tt_um_danieltyukov_int8_npu.$flatten\u_core.\u_array.\g_row[1].g_col[3].u_pe.\u_mul.\g_bw.g_wallace.u_tree.\genblk1.g_reduce.u_next.\genblk1.g_reduce.u_next.\genblk1.g_reduce.u_next.$or$/home/danieltyukov/workspace/personal/tt-ihp-int8-npu/src/npu_csa_reduce.sv:53$1938 ($or).
Removed top 1 bits (of 16) from port B of cell tt_um_danieltyukov_int8_npu.$flatten\u_core.\u_array.\g_row[1].g_col[3].u_pe.\u_mul.\g_bw.g_wallace.u_tree.\genblk1.g_reduce.u_next.\genblk1.g_reduce.u_next.\genblk1.g_reduce.u_next.$or$/home/danieltyukov/workspace/personal/tt-ihp-int8-npu/src/npu_csa_reduce.sv:53$1938 ($or).
Removed top 1 bits (of 16) from port Y of cell tt_um_danieltyukov_int8_npu.$flatten\u_core.\u_array.\g_row[1].g_col[3].u_pe.\u_mul.\g_bw.g_wallace.u_tree.\genblk1.g_reduce.u_next.\genblk1.g_reduce.u_next.$or$/home/danieltyukov/workspace/personal/tt-ihp-int8-npu/src/npu_csa_reduce.sv:53$2087 ($or).
Removed top 1 bits (of 16) from port A of cell tt_um_danieltyukov_int8_npu.$flatten\u_core.\u_array.\g_row[1].g_col[3].u_pe.\u_mul.\g_bw.g_wallace.u_tree.\genblk1.g_reduce.u_next.\genblk1.g_reduce.u_next.$or$/home/danieltyukov/workspace/personal/tt-ihp-int8-npu/src/npu_csa_reduce.sv:53$2087 ($or).
Removed top 1 bits (of 16) from port B of cell tt_um_danieltyukov_int8_npu.$flatten\u_core.\u_array.\g_row[1].g_col[3].u_pe.\u_mul.\g_bw.g_wallace.u_tree.\genblk1.g_reduce.u_next.\genblk1.g_reduce.u_next.$or$/home/danieltyukov/workspace/personal/tt-ihp-int8-npu/src/npu_csa_reduce.sv:53$2087 ($or).
Removed top 1 bits (of 16) from port Y of cell tt_um_danieltyukov_int8_npu.$flatten\u_core.\u_array.\g_row[1].g_col[3].u_pe.\u_mul.\g_bw.g_wallace.u_tree.\genblk1.g_reduce.u_next.\genblk1.g_reduce.u_next.$and$/home/danieltyukov/workspace/personal/tt-ihp-int8-npu/src/npu_csa_reduce.sv:53$2086 ($and).
Removed top 1 bits (of 16) from port A of cell tt_um_danieltyukov_int8_npu.$flatten\u_core.\u_array.\g_row[1].g_col[3].u_pe.\u_mul.\g_bw.g_wallace.u_tree.\genblk1.g_reduce.u_next.\genblk1.g_reduce.u_next.$and$/home/danieltyukov/workspace/personal/tt-ihp-int8-npu/src/npu_csa_reduce.sv:53$2086 ($and).
Removed top 1 bits (of 16) from port B of cell tt_um_danieltyukov_int8_npu.$flatten\u_core.\u_array.\g_row[1].g_col[3].u_pe.\u_mul.\g_bw.g_wallace.u_tree.\genblk1.g_reduce.u_next.\genblk1.g_reduce.u_next.$and$/home/danieltyukov/workspace/personal/tt-ihp-int8-npu/src/npu_csa_reduce.sv:53$2086 ($and).
Removed top 1 bits (of 16) from port Y of cell tt_um_danieltyukov_int8_npu.$flatten\u_core.\u_array.\g_row[1].g_col[3].u_pe.\u_mul.\g_bw.g_wallace.u_tree.\genblk1.g_reduce.u_next.\genblk1.g_reduce.u_next.$or$/home/danieltyukov/workspace/personal/tt-ihp-int8-npu/src/npu_csa_reduce.sv:53$2085 ($or).
Removed top 1 bits (of 16) from port A of cell tt_um_danieltyukov_int8_npu.$flatten\u_core.\u_array.\g_row[1].g_col[3].u_pe.\u_mul.\g_bw.g_wallace.u_tree.\genblk1.g_reduce.u_next.\genblk1.g_reduce.u_next.$or$/home/danieltyukov/workspace/personal/tt-ihp-int8-npu/src/npu_csa_reduce.sv:53$2085 ($or).
Removed top 1 bits (of 16) from port B of cell tt_um_danieltyukov_int8_npu.$flatten\u_core.\u_array.\g_row[1].g_col[3].u_pe.\u_mul.\g_bw.g_wallace.u_tree.\genblk1.g_reduce.u_next.\genblk1.g_reduce.u_next.$or$/home/danieltyukov/workspace/personal/tt-ihp-int8-npu/src/npu_csa_reduce.sv:53$2085 ($or).
Removed top 1 bits (of 16) from port Y of cell tt_um_danieltyukov_int8_npu.$flatten\u_core.\u_array.\g_row[1].g_col[3].u_pe.\u_mul.\g_bw.g_wallace.u_tree.\genblk1.g_reduce.u_next.\genblk1.g_reduce.u_next.$and$/home/danieltyukov/workspace/personal/tt-ihp-int8-npu/src/npu_csa_reduce.sv:53$2084 ($and).
Removed top 1 bits (of 16) from port A of cell tt_um_danieltyukov_int8_npu.$flatten\u_core.\u_array.\g_row[1].g_col[3].u_pe.\u_mul.\g_bw.g_wallace.u_tree.\genblk1.g_reduce.u_next.\genblk1.g_reduce.u_next.$and$/home/danieltyukov/workspace/personal/tt-ihp-int8-npu/src/npu_csa_reduce.sv:53$2084 ($and).
Removed top 1 bits (of 16) from port B of cell tt_um_danieltyukov_int8_npu.$flatten\u_core.\u_array.\g_row[1].g_col[3].u_pe.\u_mul.\g_bw.g_wallace.u_tree.\genblk1.g_reduce.u_next.\genblk1.g_reduce.u_next.$and$/home/danieltyukov/workspace/personal/tt-ihp-int8-npu/src/npu_csa_reduce.sv:53$2084 ($and).
Removed top 1 bits (of 16) from port Y of cell tt_um_danieltyukov_int8_npu.$flatten\u_core.\u_array.\g_row[1].g_col[3].u_pe.\u_mul.\g_bw.g_wallace.u_tree.\genblk1.g_reduce.u_next.\genblk1.g_reduce.u_next.$and$/home/danieltyukov/workspace/personal/tt-ihp-int8-npu/src/npu_csa_reduce.sv:53$2083 ($and).
Removed top 1 bits (of 16) from port A of cell tt_um_danieltyukov_int8_npu.$flatten\u_core.\u_array.\g_row[1].g_col[3].u_pe.\u_mul.\g_bw.g_wallace.u_tree.\genblk1.g_reduce.u_next.\genblk1.g_reduce.u_next.$and$/home/danieltyukov/workspace/personal/tt-ihp-int8-npu/src/npu_csa_reduce.sv:53$2083 ($and).
Removed top 1 bits (of 16) from port B of cell tt_um_danieltyukov_int8_npu.$flatten\u_core.\u_array.\g_row[1].g_col[3].u_pe.\u_mul.\g_bw.g_wallace.u_tree.\genblk1.g_reduce.u_next.\genblk1.g_reduce.u_next.$and$/home/danieltyukov/workspace/personal/tt-ihp-int8-npu/src/npu_csa_reduce.sv:53$2083 ($and).
Removed top 7 bits (of 16) from port B of cell tt_um_danieltyukov_int8_npu.$flatten\u_core.\u_array.\g_row[1].g_col[3].u_pe.\u_mul.\g_bw.g_wallace.u_tree.$or$/home/danieltyukov/workspace/personal/tt-ihp-int8-npu/src/npu_csa_reduce.sv:53$1960 ($or).
Removed top 1 bits (of 16) from port Y of cell tt_um_danieltyukov_int8_npu.$flatten\u_core.\u_array.\g_row[1].g_col[3].u_pe.\u_mul.\g_bw.g_wallace.u_tree.$or$/home/danieltyukov/workspace/personal/tt-ihp-int8-npu/src/npu_csa_reduce.sv:53$1960 ($or).
Removed top 1 bits (of 16) from port A of cell tt_um_danieltyukov_int8_npu.$flatten\u_core.\u_array.\g_row[1].g_col[3].u_pe.\u_mul.\g_bw.g_wallace.u_tree.$or$/home/danieltyukov/workspace/personal/tt-ihp-int8-npu/src/npu_csa_reduce.sv:53$1960 ($or).
Removed top 7 bits (of 16) from port B of cell tt_um_danieltyukov_int8_npu.$flatten\u_core.\u_array.\g_row[1].g_col[3].u_pe.\u_mul.\g_bw.g_wallace.u_tree.$or$/home/danieltyukov/workspace/personal/tt-ihp-int8-npu/src/npu_csa_reduce.sv:53$1958 ($or).
Removed top 1 bits (of 16) from port Y of cell tt_um_danieltyukov_int8_npu.$flatten\u_core.\u_array.\g_row[1].g_col[3].u_pe.\u_mul.\g_bw.g_wallace.u_tree.$or$/home/danieltyukov/workspace/personal/tt-ihp-int8-npu/src/npu_csa_reduce.sv:53$1958 ($or).
Removed top 1 bits (of 16) from port A of cell tt_um_danieltyukov_int8_npu.$flatten\u_core.\u_array.\g_row[1].g_col[3].u_pe.\u_mul.\g_bw.g_wallace.u_tree.$or$/home/danieltyukov/workspace/personal/tt-ihp-int8-npu/src/npu_csa_reduce.sv:53$1958 ($or).
Removed top 2 bits (of 16) from port A of cell tt_um_danieltyukov_int8_npu.$flatten\u_core.\u_array.\g_row[1].g_col[3].u_pe.\u_mul.\g_bw.g_wallace.u_tree.$and$/home/danieltyukov/workspace/personal/tt-ihp-int8-npu/src/npu_csa_reduce.sv:53$1956 ($and).
Removed top 1 bits (of 16) from port B of cell tt_um_danieltyukov_int8_npu.$flatten\u_core.\u_array.\g_row[1].g_col[3].u_pe.\u_mul.\g_bw.g_wallace.u_tree.$and$/home/danieltyukov/workspace/personal/tt-ihp-int8-npu/src/npu_csa_reduce.sv:53$1956 ($and).
Removed top 1 bits (of 16) from port Y of cell tt_um_danieltyukov_int8_npu.$flatten\u_core.\u_array.\g_row[1].g_col[3].u_pe.\u_mul.\g_bw.g_wallace.u_tree.$and$/home/danieltyukov/workspace/personal/tt-ihp-int8-npu/src/npu_csa_reduce.sv:53$1956 ($and).
Removed top 2 bits (of 16) from port A of cell tt_um_danieltyukov_int8_npu.$flatten\u_core.\u_array.\g_row[1].g_col[3].u_pe.\u_mul.\g_bw.g_wallace.u_tree.$xor$/home/danieltyukov/workspace/personal/tt-ihp-int8-npu/src/npu_csa_reduce.sv:49$1954 ($xor).
Removed top 1 bits (of 16) from port B of cell tt_um_danieltyukov_int8_npu.$flatten\u_core.\u_array.\g_row[1].g_col[3].u_pe.\u_mul.\g_bw.g_wallace.u_tree.$xor$/home/danieltyukov/workspace/personal/tt-ihp-int8-npu/src/npu_csa_reduce.sv:49$1954 ($xor).
Removed top 1 bits (of 16) from port Y of cell tt_um_danieltyukov_int8_npu.$flatten\u_core.\u_array.\g_row[1].g_col[3].u_pe.\u_mul.\g_bw.g_wallace.u_tree.$xor$/home/danieltyukov/workspace/personal/tt-ihp-int8-npu/src/npu_csa_reduce.sv:49$1954 ($xor).
Removed top 1 bits (of 16) from port Y of cell tt_um_danieltyukov_int8_npu.$flatten\u_core.\u_array.\g_row[1].g_col[3].u_pe.\u_mul.\g_bw.g_wallace.u_tree.$or$/home/danieltyukov/workspace/personal/tt-ihp-int8-npu/src/npu_csa_reduce.sv:53$1953 ($or).
Removed top 1 bits (of 16) from port A of cell tt_um_danieltyukov_int8_npu.$flatten\u_core.\u_array.\g_row[1].g_col[3].u_pe.\u_mul.\g_bw.g_wallace.u_tree.$or$/home/danieltyukov/workspace/personal/tt-ihp-int8-npu/src/npu_csa_reduce.sv:53$1953 ($or).
Removed top 1 bits (of 16) from port B of cell tt_um_danieltyukov_int8_npu.$flatten\u_core.\u_array.\g_row[1].g_col[3].u_pe.\u_mul.\g_bw.g_wallace.u_tree.$or$/home/danieltyukov/workspace/personal/tt-ihp-int8-npu/src/npu_csa_reduce.sv:53$1953 ($or).
Removed top 4 bits (of 16) from port A of cell tt_um_danieltyukov_int8_npu.$flatten\u_core.\u_array.\g_row[1].g_col[3].u_pe.\u_mul.\g_bw.g_wallace.u_tree.$and$/home/danieltyukov/workspace/personal/tt-ihp-int8-npu/src/npu_csa_reduce.sv:53$1952 ($and).
Removed top 3 bits (of 16) from port B of cell tt_um_danieltyukov_int8_npu.$flatten\u_core.\u_array.\g_row[1].g_col[3].u_pe.\u_mul.\g_bw.g_wallace.u_tree.$and$/home/danieltyukov/workspace/personal/tt-ihp-int8-npu/src/npu_csa_reduce.sv:53$1952 ($and).
Removed top 3 bits (of 16) from port Y of cell tt_um_danieltyukov_int8_npu.$flatten\u_core.\u_array.\g_row[1].g_col[3].u_pe.\u_mul.\g_bw.g_wallace.u_tree.$and$/home/danieltyukov/workspace/personal/tt-ihp-int8-npu/src/npu_csa_reduce.sv:53$1952 ($and).
Removed top 1 bits (of 16) from port Y of cell tt_um_danieltyukov_int8_npu.$flatten\u_core.\u_array.\g_row[1].g_col[3].u_pe.\u_mul.\g_bw.g_wallace.u_tree.$or$/home/danieltyukov/workspace/personal/tt-ihp-int8-npu/src/npu_csa_reduce.sv:53$1951 ($or).
Removed top 1 bits (of 16) from port A of cell tt_um_danieltyukov_int8_npu.$flatten\u_core.\u_array.\g_row[1].g_col[3].u_pe.\u_mul.\g_bw.g_wallace.u_tree.$or$/home/danieltyukov/workspace/personal/tt-ihp-int8-npu/src/npu_csa_reduce.sv:53$1951 ($or).
Removed top 1 bits (of 16) from port B of cell tt_um_danieltyukov_int8_npu.$flatten\u_core.\u_array.\g_row[1].g_col[3].u_pe.\u_mul.\g_bw.g_wallace.u_tree.$or$/home/danieltyukov/workspace/personal/tt-ihp-int8-npu/src/npu_csa_reduce.sv:53$1951 ($or).
Removed top 5 bits (of 16) from port A of cell tt_um_danieltyukov_int8_npu.$flatten\u_core.\u_array.\g_row[1].g_col[3].u_pe.\u_mul.\g_bw.g_wallace.u_tree.$and$/home/danieltyukov/workspace/personal/tt-ihp-int8-npu/src/npu_csa_reduce.sv:53$1950 ($and).
Removed top 3 bits (of 16) from port B of cell tt_um_danieltyukov_int8_npu.$flatten\u_core.\u_array.\g_row[1].g_col[3].u_pe.\u_mul.\g_bw.g_wallace.u_tree.$and$/home/danieltyukov/workspace/personal/tt-ihp-int8-npu/src/npu_csa_reduce.sv:53$1950 ($and).
Removed top 3 bits (of 16) from port Y of cell tt_um_danieltyukov_int8_npu.$flatten\u_core.\u_array.\g_row[1].g_col[3].u_pe.\u_mul.\g_bw.g_wallace.u_tree.$and$/home/danieltyukov/workspace/personal/tt-ihp-int8-npu/src/npu_csa_reduce.sv:53$1950 ($and).
Removed top 5 bits (of 16) from port A of cell tt_um_danieltyukov_int8_npu.$flatten\u_core.\u_array.\g_row[1].g_col[3].u_pe.\u_mul.\g_bw.g_wallace.u_tree.$and$/home/danieltyukov/workspace/personal/tt-ihp-int8-npu/src/npu_csa_reduce.sv:53$1949 ($and).
Removed top 4 bits (of 16) from port B of cell tt_um_danieltyukov_int8_npu.$flatten\u_core.\u_array.\g_row[1].g_col[3].u_pe.\u_mul.\g_bw.g_wallace.u_tree.$and$/home/danieltyukov/workspace/personal/tt-ihp-int8-npu/src/npu_csa_reduce.sv:53$1949 ($and).
Removed top 4 bits (of 16) from port Y of cell tt_um_danieltyukov_int8_npu.$flatten\u_core.\u_array.\g_row[1].g_col[3].u_pe.\u_mul.\g_bw.g_wallace.u_tree.$and$/home/danieltyukov/workspace/personal/tt-ihp-int8-npu/src/npu_csa_reduce.sv:53$1949 ($and).
Removed top 3 bits (of 16) from port B of cell tt_um_danieltyukov_int8_npu.$flatten\u_core.\u_array.\g_row[1].g_col[3].u_pe.\u_mul.\g_bw.g_wallace.u_tree.$xor$/home/danieltyukov/workspace/personal/tt-ihp-int8-npu/src/npu_csa_reduce.sv:49$1948 ($xor).
Removed top 5 bits (of 16) from port A of cell tt_um_danieltyukov_int8_npu.$flatten\u_core.\u_array.\g_row[1].g_col[3].u_pe.\u_mul.\g_bw.g_wallace.u_tree.$xor$/home/danieltyukov/workspace/personal/tt-ihp-int8-npu/src/npu_csa_reduce.sv:49$1947 ($xor).
Removed top 4 bits (of 16) from port B of cell tt_um_danieltyukov_int8_npu.$flatten\u_core.\u_array.\g_row[1].g_col[3].u_pe.\u_mul.\g_bw.g_wallace.u_tree.$xor$/home/danieltyukov/workspace/personal/tt-ihp-int8-npu/src/npu_csa_reduce.sv:49$1947 ($xor).
Removed top 4 bits (of 16) from port Y of cell tt_um_danieltyukov_int8_npu.$flatten\u_core.\u_array.\g_row[1].g_col[3].u_pe.\u_mul.\g_bw.g_wallace.u_tree.$xor$/home/danieltyukov/workspace/personal/tt-ihp-int8-npu/src/npu_csa_reduce.sv:49$1947 ($xor).
Removed top 1 bits (of 16) from port Y of cell tt_um_danieltyukov_int8_npu.$flatten\u_core.\u_array.\g_row[1].g_col[3].u_pe.\u_mul.\g_bw.g_wallace.u_tree.$or$/home/danieltyukov/workspace/personal/tt-ihp-int8-npu/src/npu_csa_reduce.sv:53$1946 ($or).
Removed top 1 bits (of 16) from port A of cell tt_um_danieltyukov_int8_npu.$flatten\u_core.\u_array.\g_row[1].g_col[3].u_pe.\u_mul.\g_bw.g_wallace.u_tree.$or$/home/danieltyukov/workspace/personal/tt-ihp-int8-npu/src/npu_csa_reduce.sv:53$1946 ($or).
Removed top 1 bits (of 16) from port B of cell tt_um_danieltyukov_int8_npu.$flatten\u_core.\u_array.\g_row[1].g_col[3].u_pe.\u_mul.\g_bw.g_wallace.u_tree.$or$/home/danieltyukov/workspace/personal/tt-ihp-int8-npu/src/npu_csa_reduce.sv:53$1946 ($or).
Removed top 7 bits (of 16) from port A of cell tt_um_danieltyukov_int8_npu.$flatten\u_core.\u_array.\g_row[1].g_col[3].u_pe.\u_mul.\g_bw.g_wallace.u_tree.$and$/home/danieltyukov/workspace/personal/tt-ihp-int8-npu/src/npu_csa_reduce.sv:53$1945 ($and).
Removed top 6 bits (of 16) from port B of cell tt_um_danieltyukov_int8_npu.$flatten\u_core.\u_array.\g_row[1].g_col[3].u_pe.\u_mul.\g_bw.g_wallace.u_tree.$and$/home/danieltyukov/workspace/personal/tt-ihp-int8-npu/src/npu_csa_reduce.sv:53$1945 ($and).
Removed top 6 bits (of 16) from port Y of cell tt_um_danieltyukov_int8_npu.$flatten\u_core.\u_array.\g_row[1].g_col[3].u_pe.\u_mul.\g_bw.g_wallace.u_tree.$and$/home/danieltyukov/workspace/personal/tt-ihp-int8-npu/src/npu_csa_reduce.sv:53$1945 ($and).
Removed top 1 bits (of 16) from port Y of cell tt_um_danieltyukov_int8_npu.$flatten\u_core.\u_array.\g_row[1].g_col[3].u_pe.\u_mul.\g_bw.g_wallace.u_tree.$or$/home/danieltyukov/workspace/personal/tt-ihp-int8-npu/src/npu_csa_reduce.sv:53$1944 ($or).
Removed top 1 bits (of 16) from port A of cell tt_um_danieltyukov_int8_npu.$flatten\u_core.\u_array.\g_row[1].g_col[3].u_pe.\u_mul.\g_bw.g_wallace.u_tree.$or$/home/danieltyukov/workspace/personal/tt-ihp-int8-npu/src/npu_csa_reduce.sv:53$1944 ($or).
Removed top 1 bits (of 16) from port B of cell tt_um_danieltyukov_int8_npu.$flatten\u_core.\u_array.\g_row[1].g_col[3].u_pe.\u_mul.\g_bw.g_wallace.u_tree.$or$/home/danieltyukov/workspace/personal/tt-ihp-int8-npu/src/npu_csa_reduce.sv:53$1944 ($or).
Removed top 8 bits (of 16) from port A of cell tt_um_danieltyukov_int8_npu.$flatten\u_core.\u_array.\g_row[1].g_col[3].u_pe.\u_mul.\g_bw.g_wallace.u_tree.$and$/home/danieltyukov/workspace/personal/tt-ihp-int8-npu/src/npu_csa_reduce.sv:53$1943 ($and).
Removed top 6 bits (of 16) from port B of cell tt_um_danieltyukov_int8_npu.$flatten\u_core.\u_array.\g_row[1].g_col[3].u_pe.\u_mul.\g_bw.g_wallace.u_tree.$and$/home/danieltyukov/workspace/personal/tt-ihp-int8-npu/src/npu_csa_reduce.sv:53$1943 ($and).
Removed top 6 bits (of 16) from port Y of cell tt_um_danieltyukov_int8_npu.$flatten\u_core.\u_array.\g_row[1].g_col[3].u_pe.\u_mul.\g_bw.g_wallace.u_tree.$and$/home/danieltyukov/workspace/personal/tt-ihp-int8-npu/src/npu_csa_reduce.sv:53$1943 ($and).
Removed top 8 bits (of 16) from port A of cell tt_um_danieltyukov_int8_npu.$flatten\u_core.\u_array.\g_row[1].g_col[3].u_pe.\u_mul.\g_bw.g_wallace.u_tree.$and$/home/danieltyukov/workspace/personal/tt-ihp-int8-npu/src/npu_csa_reduce.sv:53$1942 ($and).
Removed top 7 bits (of 16) from port B of cell tt_um_danieltyukov_int8_npu.$flatten\u_core.\u_array.\g_row[1].g_col[3].u_pe.\u_mul.\g_bw.g_wallace.u_tree.$and$/home/danieltyukov/workspace/personal/tt-ihp-int8-npu/src/npu_csa_reduce.sv:53$1942 ($and).
Removed top 7 bits (of 16) from port Y of cell tt_um_danieltyukov_int8_npu.$flatten\u_core.\u_array.\g_row[1].g_col[3].u_pe.\u_mul.\g_bw.g_wallace.u_tree.$and$/home/danieltyukov/workspace/personal/tt-ihp-int8-npu/src/npu_csa_reduce.sv:53$1942 ($and).
Removed top 7 bits (of 16) from port A of cell tt_um_danieltyukov_int8_npu.$flatten\u_core.\u_array.\g_row[1].g_col[3].u_pe.\u_mul.\g_bw.g_wallace.u_tree.$xor$/home/danieltyukov/workspace/personal/tt-ihp-int8-npu/src/npu_csa_reduce.sv:49$1941 ($xor).
Removed top 6 bits (of 16) from port B of cell tt_um_danieltyukov_int8_npu.$flatten\u_core.\u_array.\g_row[1].g_col[3].u_pe.\u_mul.\g_bw.g_wallace.u_tree.$xor$/home/danieltyukov/workspace/personal/tt-ihp-int8-npu/src/npu_csa_reduce.sv:49$1941 ($xor).
Removed top 6 bits (of 16) from port Y of cell tt_um_danieltyukov_int8_npu.$flatten\u_core.\u_array.\g_row[1].g_col[3].u_pe.\u_mul.\g_bw.g_wallace.u_tree.$xor$/home/danieltyukov/workspace/personal/tt-ihp-int8-npu/src/npu_csa_reduce.sv:49$1941 ($xor).
Removed top 1 bits (of 19) from port Y of cell tt_um_danieltyukov_int8_npu.$flatten\u_core.\u_array.\g_row[2].g_col[0].u_pe.\u_add.$and$/home/danieltyukov/workspace/personal/tt-ihp-int8-npu/src/npu_adder.sv:60$1807 ($and).
Removed top 1 bits (of 19) from port A of cell tt_um_danieltyukov_int8_npu.$flatten\u_core.\u_array.\g_row[2].g_col[0].u_pe.\u_add.$and$/home/danieltyukov/workspace/personal/tt-ihp-int8-npu/src/npu_adder.sv:60$1807 ($and).
Removed top 1 bits (of 19) from port B of cell tt_um_danieltyukov_int8_npu.$flatten\u_core.\u_array.\g_row[2].g_col[0].u_pe.\u_add.$and$/home/danieltyukov/workspace/personal/tt-ihp-int8-npu/src/npu_adder.sv:60$1807 ($and).
Removed top 8 bits (of 16) from port A of cell tt_um_danieltyukov_int8_npu.$flatten\u_core.\u_array.\g_row[2].g_col[0].u_pe.\u_mul.\g_bw.g_wallace.u_tree.$xor$/home/danieltyukov/workspace/personal/tt-ihp-int8-npu/src/npu_csa_reduce.sv:49$1940 ($xor).
Removed top 7 bits (of 16) from port B of cell tt_um_danieltyukov_int8_npu.$flatten\u_core.\u_array.\g_row[2].g_col[0].u_pe.\u_mul.\g_bw.g_wallace.u_tree.$xor$/home/danieltyukov/workspace/personal/tt-ihp-int8-npu/src/npu_csa_reduce.sv:49$1940 ($xor).
Removed top 7 bits (of 16) from port Y of cell tt_um_danieltyukov_int8_npu.$flatten\u_core.\u_array.\g_row[2].g_col[0].u_pe.\u_mul.\g_bw.g_wallace.u_tree.$xor$/home/danieltyukov/workspace/personal/tt-ihp-int8-npu/src/npu_csa_reduce.sv:49$1940 ($xor).
Removed top 1 bits (of 16) from port Y of cell tt_um_danieltyukov_int8_npu.$flatten\u_core.\u_array.\g_row[2].g_col[0].u_pe.\u_mul.\u_cpa.$and$/home/danieltyukov/workspace/personal/tt-ihp-int8-npu/src/npu_adder.sv:60$1963 ($and).
Removed top 1 bits (of 16) from port A of cell tt_um_danieltyukov_int8_npu.$flatten\u_core.\u_array.\g_row[2].g_col[0].u_pe.\u_mul.\u_cpa.$and$/home/danieltyukov/workspace/personal/tt-ihp-int8-npu/src/npu_adder.sv:60$1963 ($and).
Removed top 1 bits (of 16) from port B of cell tt_um_danieltyukov_int8_npu.$flatten\u_core.\u_array.\g_row[2].g_col[0].u_pe.\u_mul.\u_cpa.$and$/home/danieltyukov/workspace/personal/tt-ihp-int8-npu/src/npu_adder.sv:60$1963 ($and).
Removed top 1 bits (of 16) from port Y of cell tt_um_danieltyukov_int8_npu.$flatten\u_core.\u_array.\g_row[2].g_col[0].u_pe.\u_mul.\g_bw.g_wallace.u_tree.\genblk1.g_reduce.u_next.$or$/home/danieltyukov/workspace/personal/tt-ihp-int8-npu/src/npu_csa_reduce.sv:53$2072 ($or).
Removed top 1 bits (of 16) from port A of cell tt_um_danieltyukov_int8_npu.$flatten\u_core.\u_array.\g_row[2].g_col[0].u_pe.\u_mul.\g_bw.g_wallace.u_tree.\genblk1.g_reduce.u_next.$or$/home/danieltyukov/workspace/personal/tt-ihp-int8-npu/src/npu_csa_reduce.sv:53$2072 ($or).
Removed top 1 bits (of 16) from port B of cell tt_um_danieltyukov_int8_npu.$flatten\u_core.\u_array.\g_row[2].g_col[0].u_pe.\u_mul.\g_bw.g_wallace.u_tree.\genblk1.g_reduce.u_next.$or$/home/danieltyukov/workspace/personal/tt-ihp-int8-npu/src/npu_csa_reduce.sv:53$2072 ($or).
Removed top 1 bits (of 16) from port Y of cell tt_um_danieltyukov_int8_npu.$flatten\u_core.\u_array.\g_row[2].g_col[0].u_pe.\u_mul.\g_bw.g_wallace.u_tree.\genblk1.g_reduce.u_next.$or$/home/danieltyukov/workspace/personal/tt-ihp-int8-npu/src/npu_csa_reduce.sv:53$2079 ($or).
Removed top 1 bits (of 16) from port A of cell tt_um_danieltyukov_int8_npu.$flatten\u_core.\u_array.\g_row[2].g_col[0].u_pe.\u_mul.\g_bw.g_wallace.u_tree.\genblk1.g_reduce.u_next.$or$/home/danieltyukov/workspace/personal/tt-ihp-int8-npu/src/npu_csa_reduce.sv:53$2079 ($or).
Removed top 1 bits (of 16) from port B of cell tt_um_danieltyukov_int8_npu.$flatten\u_core.\u_array.\g_row[2].g_col[0].u_pe.\u_mul.\g_bw.g_wallace.u_tree.\genblk1.g_reduce.u_next.$or$/home/danieltyukov/workspace/personal/tt-ihp-int8-npu/src/npu_csa_reduce.sv:53$2079 ($or).
Removed top 1 bits (of 16) from port Y of cell tt_um_danieltyukov_int8_npu.$flatten\u_core.\u_array.\g_row[2].g_col[0].u_pe.\u_mul.\g_bw.g_wallace.u_tree.\genblk1.g_reduce.u_next.\genblk1.g_reduce.u_next.\genblk1.g_reduce.u_next.$or$/home/danieltyukov/workspace/personal/tt-ihp-int8-npu/src/npu_csa_reduce.sv:53$1938 ($or).
Removed top 1 bits (of 16) from port A of cell tt_um_danieltyukov_int8_npu.$flatten\u_core.\u_array.\g_row[2].g_col[0].u_pe.\u_mul.\g_bw.g_wallace.u_tree.\genblk1.g_reduce.u_next.\genblk1.g_reduce.u_next.\genblk1.g_reduce.u_next.$or$/home/danieltyukov/workspace/personal/tt-ihp-int8-npu/src/npu_csa_reduce.sv:53$1938 ($or).
Removed top 1 bits (of 16) from port B of cell tt_um_danieltyukov_int8_npu.$flatten\u_core.\u_array.\g_row[2].g_col[0].u_pe.\u_mul.\g_bw.g_wallace.u_tree.\genblk1.g_reduce.u_next.\genblk1.g_reduce.u_next.\genblk1.g_reduce.u_next.$or$/home/danieltyukov/workspace/personal/tt-ihp-int8-npu/src/npu_csa_reduce.sv:53$1938 ($or).
Removed top 1 bits (of 16) from port Y of cell tt_um_danieltyukov_int8_npu.$flatten\u_core.\u_array.\g_row[2].g_col[0].u_pe.\u_mul.\g_bw.g_wallace.u_tree.\genblk1.g_reduce.u_next.\genblk1.g_reduce.u_next.$or$/home/danieltyukov/workspace/personal/tt-ihp-int8-npu/src/npu_csa_reduce.sv:53$2087 ($or).
Removed top 1 bits (of 16) from port A of cell tt_um_danieltyukov_int8_npu.$flatten\u_core.\u_array.\g_row[2].g_col[0].u_pe.\u_mul.\g_bw.g_wallace.u_tree.\genblk1.g_reduce.u_next.\genblk1.g_reduce.u_next.$or$/home/danieltyukov/workspace/personal/tt-ihp-int8-npu/src/npu_csa_reduce.sv:53$2087 ($or).
Removed top 1 bits (of 16) from port B of cell tt_um_danieltyukov_int8_npu.$flatten\u_core.\u_array.\g_row[2].g_col[0].u_pe.\u_mul.\g_bw.g_wallace.u_tree.\genblk1.g_reduce.u_next.\genblk1.g_reduce.u_next.$or$/home/danieltyukov/workspace/personal/tt-ihp-int8-npu/src/npu_csa_reduce.sv:53$2087 ($or).
Removed top 1 bits (of 16) from port Y of cell tt_um_danieltyukov_int8_npu.$flatten\u_core.\u_array.\g_row[2].g_col[0].u_pe.\u_mul.\g_bw.g_wallace.u_tree.\genblk1.g_reduce.u_next.\genblk1.g_reduce.u_next.$and$/home/danieltyukov/workspace/personal/tt-ihp-int8-npu/src/npu_csa_reduce.sv:53$2086 ($and).
Removed top 1 bits (of 16) from port A of cell tt_um_danieltyukov_int8_npu.$flatten\u_core.\u_array.\g_row[2].g_col[0].u_pe.\u_mul.\g_bw.g_wallace.u_tree.\genblk1.g_reduce.u_next.\genblk1.g_reduce.u_next.$and$/home/danieltyukov/workspace/personal/tt-ihp-int8-npu/src/npu_csa_reduce.sv:53$2086 ($and).
Removed top 1 bits (of 16) from port B of cell tt_um_danieltyukov_int8_npu.$flatten\u_core.\u_array.\g_row[2].g_col[0].u_pe.\u_mul.\g_bw.g_wallace.u_tree.\genblk1.g_reduce.u_next.\genblk1.g_reduce.u_next.$and$/home/danieltyukov/workspace/personal/tt-ihp-int8-npu/src/npu_csa_reduce.sv:53$2086 ($and).
Removed top 1 bits (of 16) from port Y of cell tt_um_danieltyukov_int8_npu.$flatten\u_core.\u_array.\g_row[2].g_col[0].u_pe.\u_mul.\g_bw.g_wallace.u_tree.\genblk1.g_reduce.u_next.\genblk1.g_reduce.u_next.$or$/home/danieltyukov/workspace/personal/tt-ihp-int8-npu/src/npu_csa_reduce.sv:53$2085 ($or).
Removed top 1 bits (of 16) from port A of cell tt_um_danieltyukov_int8_npu.$flatten\u_core.\u_array.\g_row[2].g_col[0].u_pe.\u_mul.\g_bw.g_wallace.u_tree.\genblk1.g_reduce.u_next.\genblk1.g_reduce.u_next.$or$/home/danieltyukov/workspace/personal/tt-ihp-int8-npu/src/npu_csa_reduce.sv:53$2085 ($or).
Removed top 1 bits (of 16) from port B of cell tt_um_danieltyukov_int8_npu.$flatten\u_core.\u_array.\g_row[2].g_col[0].u_pe.\u_mul.\g_bw.g_wallace.u_tree.\genblk1.g_reduce.u_next.\genblk1.g_reduce.u_next.$or$/home/danieltyukov/workspace/personal/tt-ihp-int8-npu/src/npu_csa_reduce.sv:53$2085 ($or).
Removed top 1 bits (of 16) from port Y of cell tt_um_danieltyukov_int8_npu.$flatten\u_core.\u_array.\g_row[2].g_col[0].u_pe.\u_mul.\g_bw.g_wallace.u_tree.\genblk1.g_reduce.u_next.\genblk1.g_reduce.u_next.$and$/home/danieltyukov/workspace/personal/tt-ihp-int8-npu/src/npu_csa_reduce.sv:53$2084 ($and).
Removed top 1 bits (of 16) from port A of cell tt_um_danieltyukov_int8_npu.$flatten\u_core.\u_array.\g_row[2].g_col[0].u_pe.\u_mul.\g_bw.g_wallace.u_tree.\genblk1.g_reduce.u_next.\genblk1.g_reduce.u_next.$and$/home/danieltyukov/workspace/personal/tt-ihp-int8-npu/src/npu_csa_reduce.sv:53$2084 ($and).
Removed top 1 bits (of 16) from port B of cell tt_um_danieltyukov_int8_npu.$flatten\u_core.\u_array.\g_row[2].g_col[0].u_pe.\u_mul.\g_bw.g_wallace.u_tree.\genblk1.g_reduce.u_next.\genblk1.g_reduce.u_next.$and$/home/danieltyukov/workspace/personal/tt-ihp-int8-npu/src/npu_csa_reduce.sv:53$2084 ($and).
Removed top 1 bits (of 16) from port Y of cell tt_um_danieltyukov_int8_npu.$flatten\u_core.\u_array.\g_row[2].g_col[0].u_pe.\u_mul.\g_bw.g_wallace.u_tree.\genblk1.g_reduce.u_next.\genblk1.g_reduce.u_next.$and$/home/danieltyukov/workspace/personal/tt-ihp-int8-npu/src/npu_csa_reduce.sv:53$2083 ($and).
Removed top 1 bits (of 16) from port A of cell tt_um_danieltyukov_int8_npu.$flatten\u_core.\u_array.\g_row[2].g_col[0].u_pe.\u_mul.\g_bw.g_wallace.u_tree.\genblk1.g_reduce.u_next.\genblk1.g_reduce.u_next.$and$/home/danieltyukov/workspace/personal/tt-ihp-int8-npu/src/npu_csa_reduce.sv:53$2083 ($and).
Removed top 1 bits (of 16) from port B of cell tt_um_danieltyukov_int8_npu.$flatten\u_core.\u_array.\g_row[2].g_col[0].u_pe.\u_mul.\g_bw.g_wallace.u_tree.\genblk1.g_reduce.u_next.\genblk1.g_reduce.u_next.$and$/home/danieltyukov/workspace/personal/tt-ihp-int8-npu/src/npu_csa_reduce.sv:53$2083 ($and).
Removed top 7 bits (of 16) from port B of cell tt_um_danieltyukov_int8_npu.$flatten\u_core.\u_array.\g_row[2].g_col[0].u_pe.\u_mul.\g_bw.g_wallace.u_tree.$or$/home/danieltyukov/workspace/personal/tt-ihp-int8-npu/src/npu_csa_reduce.sv:53$1960 ($or).
Removed top 1 bits (of 16) from port Y of cell tt_um_danieltyukov_int8_npu.$flatten\u_core.\u_array.\g_row[2].g_col[0].u_pe.\u_mul.\g_bw.g_wallace.u_tree.$or$/home/danieltyukov/workspace/personal/tt-ihp-int8-npu/src/npu_csa_reduce.sv:53$1960 ($or).
Removed top 1 bits (of 16) from port A of cell tt_um_danieltyukov_int8_npu.$flatten\u_core.\u_array.\g_row[2].g_col[0].u_pe.\u_mul.\g_bw.g_wallace.u_tree.$or$/home/danieltyukov/workspace/personal/tt-ihp-int8-npu/src/npu_csa_reduce.sv:53$1960 ($or).
Removed top 7 bits (of 16) from port B of cell tt_um_danieltyukov_int8_npu.$flatten\u_core.\u_array.\g_row[2].g_col[0].u_pe.\u_mul.\g_bw.g_wallace.u_tree.$or$/home/danieltyukov/workspace/personal/tt-ihp-int8-npu/src/npu_csa_reduce.sv:53$1958 ($or).
Removed top 1 bits (of 16) from port Y of cell tt_um_danieltyukov_int8_npu.$flatten\u_core.\u_array.\g_row[2].g_col[0].u_pe.\u_mul.\g_bw.g_wallace.u_tree.$or$/home/danieltyukov/workspace/personal/tt-ihp-int8-npu/src/npu_csa_reduce.sv:53$1958 ($or).
Removed top 1 bits (of 16) from port A of cell tt_um_danieltyukov_int8_npu.$flatten\u_core.\u_array.\g_row[2].g_col[0].u_pe.\u_mul.\g_bw.g_wallace.u_tree.$or$/home/danieltyukov/workspace/personal/tt-ihp-int8-npu/src/npu_csa_reduce.sv:53$1958 ($or).
Removed top 2 bits (of 16) from port A of cell tt_um_danieltyukov_int8_npu.$flatten\u_core.\u_array.\g_row[2].g_col[0].u_pe.\u_mul.\g_bw.g_wallace.u_tree.$and$/home/danieltyukov/workspace/personal/tt-ihp-int8-npu/src/npu_csa_reduce.sv:53$1956 ($and).
Removed top 1 bits (of 16) from port B of cell tt_um_danieltyukov_int8_npu.$flatten\u_core.\u_array.\g_row[2].g_col[0].u_pe.\u_mul.\g_bw.g_wallace.u_tree.$and$/home/danieltyukov/workspace/personal/tt-ihp-int8-npu/src/npu_csa_reduce.sv:53$1956 ($and).
Removed top 1 bits (of 16) from port Y of cell tt_um_danieltyukov_int8_npu.$flatten\u_core.\u_array.\g_row[2].g_col[0].u_pe.\u_mul.\g_bw.g_wallace.u_tree.$and$/home/danieltyukov/workspace/personal/tt-ihp-int8-npu/src/npu_csa_reduce.sv:53$1956 ($and).
Removed top 2 bits (of 16) from port A of cell tt_um_danieltyukov_int8_npu.$flatten\u_core.\u_array.\g_row[2].g_col[0].u_pe.\u_mul.\g_bw.g_wallace.u_tree.$xor$/home/danieltyukov/workspace/personal/tt-ihp-int8-npu/src/npu_csa_reduce.sv:49$1954 ($xor).
Removed top 1 bits (of 16) from port B of cell tt_um_danieltyukov_int8_npu.$flatten\u_core.\u_array.\g_row[2].g_col[0].u_pe.\u_mul.\g_bw.g_wallace.u_tree.$xor$/home/danieltyukov/workspace/personal/tt-ihp-int8-npu/src/npu_csa_reduce.sv:49$1954 ($xor).
Removed top 1 bits (of 16) from port Y of cell tt_um_danieltyukov_int8_npu.$flatten\u_core.\u_array.\g_row[2].g_col[0].u_pe.\u_mul.\g_bw.g_wallace.u_tree.$xor$/home/danieltyukov/workspace/personal/tt-ihp-int8-npu/src/npu_csa_reduce.sv:49$1954 ($xor).
Removed top 1 bits (of 16) from port Y of cell tt_um_danieltyukov_int8_npu.$flatten\u_core.\u_array.\g_row[2].g_col[0].u_pe.\u_mul.\g_bw.g_wallace.u_tree.$or$/home/danieltyukov/workspace/personal/tt-ihp-int8-npu/src/npu_csa_reduce.sv:53$1953 ($or).
Removed top 1 bits (of 16) from port A of cell tt_um_danieltyukov_int8_npu.$flatten\u_core.\u_array.\g_row[2].g_col[0].u_pe.\u_mul.\g_bw.g_wallace.u_tree.$or$/home/danieltyukov/workspace/personal/tt-ihp-int8-npu/src/npu_csa_reduce.sv:53$1953 ($or).
Removed top 1 bits (of 16) from port B of cell tt_um_danieltyukov_int8_npu.$flatten\u_core.\u_array.\g_row[2].g_col[0].u_pe.\u_mul.\g_bw.g_wallace.u_tree.$or$/home/danieltyukov/workspace/personal/tt-ihp-int8-npu/src/npu_csa_reduce.sv:53$1953 ($or).
Removed top 4 bits (of 16) from port A of cell tt_um_danieltyukov_int8_npu.$flatten\u_core.\u_array.\g_row[2].g_col[0].u_pe.\u_mul.\g_bw.g_wallace.u_tree.$and$/home/danieltyukov/workspace/personal/tt-ihp-int8-npu/src/npu_csa_reduce.sv:53$1952 ($and).
Removed top 3 bits (of 16) from port B of cell tt_um_danieltyukov_int8_npu.$flatten\u_core.\u_array.\g_row[2].g_col[0].u_pe.\u_mul.\g_bw.g_wallace.u_tree.$and$/home/danieltyukov/workspace/personal/tt-ihp-int8-npu/src/npu_csa_reduce.sv:53$1952 ($and).
Removed top 3 bits (of 16) from port Y of cell tt_um_danieltyukov_int8_npu.$flatten\u_core.\u_array.\g_row[2].g_col[0].u_pe.\u_mul.\g_bw.g_wallace.u_tree.$and$/home/danieltyukov/workspace/personal/tt-ihp-int8-npu/src/npu_csa_reduce.sv:53$1952 ($and).
Removed top 1 bits (of 16) from port Y of cell tt_um_danieltyukov_int8_npu.$flatten\u_core.\u_array.\g_row[2].g_col[0].u_pe.\u_mul.\g_bw.g_wallace.u_tree.$or$/home/danieltyukov/workspace/personal/tt-ihp-int8-npu/src/npu_csa_reduce.sv:53$1951 ($or).
Removed top 1 bits (of 16) from port A of cell tt_um_danieltyukov_int8_npu.$flatten\u_core.\u_array.\g_row[2].g_col[0].u_pe.\u_mul.\g_bw.g_wallace.u_tree.$or$/home/danieltyukov/workspace/personal/tt-ihp-int8-npu/src/npu_csa_reduce.sv:53$1951 ($or).
Removed top 1 bits (of 16) from port B of cell tt_um_danieltyukov_int8_npu.$flatten\u_core.\u_array.\g_row[2].g_col[0].u_pe.\u_mul.\g_bw.g_wallace.u_tree.$or$/home/danieltyukov/workspace/personal/tt-ihp-int8-npu/src/npu_csa_reduce.sv:53$1951 ($or).
Removed top 5 bits (of 16) from port A of cell tt_um_danieltyukov_int8_npu.$flatten\u_core.\u_array.\g_row[2].g_col[0].u_pe.\u_mul.\g_bw.g_wallace.u_tree.$and$/home/danieltyukov/workspace/personal/tt-ihp-int8-npu/src/npu_csa_reduce.sv:53$1950 ($and).
Removed top 3 bits (of 16) from port B of cell tt_um_danieltyukov_int8_npu.$flatten\u_core.\u_array.\g_row[2].g_col[0].u_pe.\u_mul.\g_bw.g_wallace.u_tree.$and$/home/danieltyukov/workspace/personal/tt-ihp-int8-npu/src/npu_csa_reduce.sv:53$1950 ($and).
Removed top 3 bits (of 16) from port Y of cell tt_um_danieltyukov_int8_npu.$flatten\u_core.\u_array.\g_row[2].g_col[0].u_pe.\u_mul.\g_bw.g_wallace.u_tree.$and$/home/danieltyukov/workspace/personal/tt-ihp-int8-npu/src/npu_csa_reduce.sv:53$1950 ($and).
Removed top 5 bits (of 16) from port A of cell tt_um_danieltyukov_int8_npu.$flatten\u_core.\u_array.\g_row[2].g_col[0].u_pe.\u_mul.\g_bw.g_wallace.u_tree.$and$/home/danieltyukov/workspace/personal/tt-ihp-int8-npu/src/npu_csa_reduce.sv:53$1949 ($and).
Removed top 4 bits (of 16) from port B of cell tt_um_danieltyukov_int8_npu.$flatten\u_core.\u_array.\g_row[2].g_col[0].u_pe.\u_mul.\g_bw.g_wallace.u_tree.$and$/home/danieltyukov/workspace/personal/tt-ihp-int8-npu/src/npu_csa_reduce.sv:53$1949 ($and).
Removed top 4 bits (of 16) from port Y of cell tt_um_danieltyukov_int8_npu.$flatten\u_core.\u_array.\g_row[2].g_col[0].u_pe.\u_mul.\g_bw.g_wallace.u_tree.$and$/home/danieltyukov/workspace/personal/tt-ihp-int8-npu/src/npu_csa_reduce.sv:53$1949 ($and).
Removed top 3 bits (of 16) from port B of cell tt_um_danieltyukov_int8_npu.$flatten\u_core.\u_array.\g_row[2].g_col[0].u_pe.\u_mul.\g_bw.g_wallace.u_tree.$xor$/home/danieltyukov/workspace/personal/tt-ihp-int8-npu/src/npu_csa_reduce.sv:49$1948 ($xor).
Removed top 5 bits (of 16) from port A of cell tt_um_danieltyukov_int8_npu.$flatten\u_core.\u_array.\g_row[2].g_col[0].u_pe.\u_mul.\g_bw.g_wallace.u_tree.$xor$/home/danieltyukov/workspace/personal/tt-ihp-int8-npu/src/npu_csa_reduce.sv:49$1947 ($xor).
Removed top 4 bits (of 16) from port B of cell tt_um_danieltyukov_int8_npu.$flatten\u_core.\u_array.\g_row[2].g_col[0].u_pe.\u_mul.\g_bw.g_wallace.u_tree.$xor$/home/danieltyukov/workspace/personal/tt-ihp-int8-npu/src/npu_csa_reduce.sv:49$1947 ($xor).
Removed top 4 bits (of 16) from port Y of cell tt_um_danieltyukov_int8_npu.$flatten\u_core.\u_array.\g_row[2].g_col[0].u_pe.\u_mul.\g_bw.g_wallace.u_tree.$xor$/home/danieltyukov/workspace/personal/tt-ihp-int8-npu/src/npu_csa_reduce.sv:49$1947 ($xor).
Removed top 1 bits (of 16) from port Y of cell tt_um_danieltyukov_int8_npu.$flatten\u_core.\u_array.\g_row[2].g_col[0].u_pe.\u_mul.\g_bw.g_wallace.u_tree.$or$/home/danieltyukov/workspace/personal/tt-ihp-int8-npu/src/npu_csa_reduce.sv:53$1946 ($or).
Removed top 1 bits (of 16) from port A of cell tt_um_danieltyukov_int8_npu.$flatten\u_core.\u_array.\g_row[2].g_col[0].u_pe.\u_mul.\g_bw.g_wallace.u_tree.$or$/home/danieltyukov/workspace/personal/tt-ihp-int8-npu/src/npu_csa_reduce.sv:53$1946 ($or).
Removed top 1 bits (of 16) from port B of cell tt_um_danieltyukov_int8_npu.$flatten\u_core.\u_array.\g_row[2].g_col[0].u_pe.\u_mul.\g_bw.g_wallace.u_tree.$or$/home/danieltyukov/workspace/personal/tt-ihp-int8-npu/src/npu_csa_reduce.sv:53$1946 ($or).
Removed top 7 bits (of 16) from port A of cell tt_um_danieltyukov_int8_npu.$flatten\u_core.\u_array.\g_row[2].g_col[0].u_pe.\u_mul.\g_bw.g_wallace.u_tree.$and$/home/danieltyukov/workspace/personal/tt-ihp-int8-npu/src/npu_csa_reduce.sv:53$1945 ($and).
Removed top 6 bits (of 16) from port B of cell tt_um_danieltyukov_int8_npu.$flatten\u_core.\u_array.\g_row[2].g_col[0].u_pe.\u_mul.\g_bw.g_wallace.u_tree.$and$/home/danieltyukov/workspace/personal/tt-ihp-int8-npu/src/npu_csa_reduce.sv:53$1945 ($and).
Removed top 6 bits (of 16) from port Y of cell tt_um_danieltyukov_int8_npu.$flatten\u_core.\u_array.\g_row[2].g_col[0].u_pe.\u_mul.\g_bw.g_wallace.u_tree.$and$/home/danieltyukov/workspace/personal/tt-ihp-int8-npu/src/npu_csa_reduce.sv:53$1945 ($and).
Removed top 1 bits (of 16) from port Y of cell tt_um_danieltyukov_int8_npu.$flatten\u_core.\u_array.\g_row[2].g_col[0].u_pe.\u_mul.\g_bw.g_wallace.u_tree.$or$/home/danieltyukov/workspace/personal/tt-ihp-int8-npu/src/npu_csa_reduce.sv:53$1944 ($or).
Removed top 1 bits (of 16) from port A of cell tt_um_danieltyukov_int8_npu.$flatten\u_core.\u_array.\g_row[2].g_col[0].u_pe.\u_mul.\g_bw.g_wallace.u_tree.$or$/home/danieltyukov/workspace/personal/tt-ihp-int8-npu/src/npu_csa_reduce.sv:53$1944 ($or).
Removed top 1 bits (of 16) from port B of cell tt_um_danieltyukov_int8_npu.$flatten\u_core.\u_array.\g_row[2].g_col[0].u_pe.\u_mul.\g_bw.g_wallace.u_tree.$or$/home/danieltyukov/workspace/personal/tt-ihp-int8-npu/src/npu_csa_reduce.sv:53$1944 ($or).
Removed top 8 bits (of 16) from port A of cell tt_um_danieltyukov_int8_npu.$flatten\u_core.\u_array.\g_row[2].g_col[0].u_pe.\u_mul.\g_bw.g_wallace.u_tree.$and$/home/danieltyukov/workspace/personal/tt-ihp-int8-npu/src/npu_csa_reduce.sv:53$1943 ($and).
Removed top 6 bits (of 16) from port B of cell tt_um_danieltyukov_int8_npu.$flatten\u_core.\u_array.\g_row[2].g_col[0].u_pe.\u_mul.\g_bw.g_wallace.u_tree.$and$/home/danieltyukov/workspace/personal/tt-ihp-int8-npu/src/npu_csa_reduce.sv:53$1943 ($and).
Removed top 6 bits (of 16) from port Y of cell tt_um_danieltyukov_int8_npu.$flatten\u_core.\u_array.\g_row[2].g_col[0].u_pe.\u_mul.\g_bw.g_wallace.u_tree.$and$/home/danieltyukov/workspace/personal/tt-ihp-int8-npu/src/npu_csa_reduce.sv:53$1943 ($and).
Removed top 8 bits (of 16) from port A of cell tt_um_danieltyukov_int8_npu.$flatten\u_core.\u_array.\g_row[2].g_col[0].u_pe.\u_mul.\g_bw.g_wallace.u_tree.$and$/home/danieltyukov/workspace/personal/tt-ihp-int8-npu/src/npu_csa_reduce.sv:53$1942 ($and).
Removed top 7 bits (of 16) from port B of cell tt_um_danieltyukov_int8_npu.$flatten\u_core.\u_array.\g_row[2].g_col[0].u_pe.\u_mul.\g_bw.g_wallace.u_tree.$and$/home/danieltyukov/workspace/personal/tt-ihp-int8-npu/src/npu_csa_reduce.sv:53$1942 ($and).
Removed top 7 bits (of 16) from port Y of cell tt_um_danieltyukov_int8_npu.$flatten\u_core.\u_array.\g_row[2].g_col[0].u_pe.\u_mul.\g_bw.g_wallace.u_tree.$and$/home/danieltyukov/workspace/personal/tt-ihp-int8-npu/src/npu_csa_reduce.sv:53$1942 ($and).
Removed top 7 bits (of 16) from port A of cell tt_um_danieltyukov_int8_npu.$flatten\u_core.\u_array.\g_row[2].g_col[0].u_pe.\u_mul.\g_bw.g_wallace.u_tree.$xor$/home/danieltyukov/workspace/personal/tt-ihp-int8-npu/src/npu_csa_reduce.sv:49$1941 ($xor).
Removed top 6 bits (of 16) from port B of cell tt_um_danieltyukov_int8_npu.$flatten\u_core.\u_array.\g_row[2].g_col[0].u_pe.\u_mul.\g_bw.g_wallace.u_tree.$xor$/home/danieltyukov/workspace/personal/tt-ihp-int8-npu/src/npu_csa_reduce.sv:49$1941 ($xor).
Removed top 6 bits (of 16) from port Y of cell tt_um_danieltyukov_int8_npu.$flatten\u_core.\u_array.\g_row[2].g_col[0].u_pe.\u_mul.\g_bw.g_wallace.u_tree.$xor$/home/danieltyukov/workspace/personal/tt-ihp-int8-npu/src/npu_csa_reduce.sv:49$1941 ($xor).
Removed top 1 bits (of 19) from port Y of cell tt_um_danieltyukov_int8_npu.$flatten\u_core.\u_array.\g_row[2].g_col[1].u_pe.\u_add.$and$/home/danieltyukov/workspace/personal/tt-ihp-int8-npu/src/npu_adder.sv:60$1807 ($and).
Removed top 1 bits (of 19) from port A of cell tt_um_danieltyukov_int8_npu.$flatten\u_core.\u_array.\g_row[2].g_col[1].u_pe.\u_add.$and$/home/danieltyukov/workspace/personal/tt-ihp-int8-npu/src/npu_adder.sv:60$1807 ($and).
Removed top 1 bits (of 19) from port B of cell tt_um_danieltyukov_int8_npu.$flatten\u_core.\u_array.\g_row[2].g_col[1].u_pe.\u_add.$and$/home/danieltyukov/workspace/personal/tt-ihp-int8-npu/src/npu_adder.sv:60$1807 ($and).
Removed top 8 bits (of 16) from port A of cell tt_um_danieltyukov_int8_npu.$flatten\u_core.\u_array.\g_row[2].g_col[1].u_pe.\u_mul.\g_bw.g_wallace.u_tree.$xor$/home/danieltyukov/workspace/personal/tt-ihp-int8-npu/src/npu_csa_reduce.sv:49$1940 ($xor).
Removed top 7 bits (of 16) from port B of cell tt_um_danieltyukov_int8_npu.$flatten\u_core.\u_array.\g_row[2].g_col[1].u_pe.\u_mul.\g_bw.g_wallace.u_tree.$xor$/home/danieltyukov/workspace/personal/tt-ihp-int8-npu/src/npu_csa_reduce.sv:49$1940 ($xor).
Removed top 7 bits (of 16) from port Y of cell tt_um_danieltyukov_int8_npu.$flatten\u_core.\u_array.\g_row[2].g_col[1].u_pe.\u_mul.\g_bw.g_wallace.u_tree.$xor$/home/danieltyukov/workspace/personal/tt-ihp-int8-npu/src/npu_csa_reduce.sv:49$1940 ($xor).
Removed top 1 bits (of 16) from port Y of cell tt_um_danieltyukov_int8_npu.$flatten\u_core.\u_array.\g_row[2].g_col[1].u_pe.\u_mul.\u_cpa.$and$/home/danieltyukov/workspace/personal/tt-ihp-int8-npu/src/npu_adder.sv:60$1963 ($and).
Removed top 1 bits (of 16) from port A of cell tt_um_danieltyukov_int8_npu.$flatten\u_core.\u_array.\g_row[2].g_col[1].u_pe.\u_mul.\u_cpa.$and$/home/danieltyukov/workspace/personal/tt-ihp-int8-npu/src/npu_adder.sv:60$1963 ($and).
Removed top 1 bits (of 16) from port B of cell tt_um_danieltyukov_int8_npu.$flatten\u_core.\u_array.\g_row[2].g_col[1].u_pe.\u_mul.\u_cpa.$and$/home/danieltyukov/workspace/personal/tt-ihp-int8-npu/src/npu_adder.sv:60$1963 ($and).
Removed top 1 bits (of 16) from port Y of cell tt_um_danieltyukov_int8_npu.$flatten\u_core.\u_array.\g_row[2].g_col[1].u_pe.\u_mul.\g_bw.g_wallace.u_tree.\genblk1.g_reduce.u_next.$or$/home/danieltyukov/workspace/personal/tt-ihp-int8-npu/src/npu_csa_reduce.sv:53$2072 ($or).
Removed top 1 bits (of 16) from port A of cell tt_um_danieltyukov_int8_npu.$flatten\u_core.\u_array.\g_row[2].g_col[1].u_pe.\u_mul.\g_bw.g_wallace.u_tree.\genblk1.g_reduce.u_next.$or$/home/danieltyukov/workspace/personal/tt-ihp-int8-npu/src/npu_csa_reduce.sv:53$2072 ($or).
Removed top 1 bits (of 16) from port B of cell tt_um_danieltyukov_int8_npu.$flatten\u_core.\u_array.\g_row[2].g_col[1].u_pe.\u_mul.\g_bw.g_wallace.u_tree.\genblk1.g_reduce.u_next.$or$/home/danieltyukov/workspace/personal/tt-ihp-int8-npu/src/npu_csa_reduce.sv:53$2072 ($or).
Removed top 1 bits (of 16) from port Y of cell tt_um_danieltyukov_int8_npu.$flatten\u_core.\u_array.\g_row[2].g_col[1].u_pe.\u_mul.\g_bw.g_wallace.u_tree.\genblk1.g_reduce.u_next.$or$/home/danieltyukov/workspace/personal/tt-ihp-int8-npu/src/npu_csa_reduce.sv:53$2079 ($or).
Removed top 1 bits (of 16) from port A of cell tt_um_danieltyukov_int8_npu.$flatten\u_core.\u_array.\g_row[2].g_col[1].u_pe.\u_mul.\g_bw.g_wallace.u_tree.\genblk1.g_reduce.u_next.$or$/home/danieltyukov/workspace/personal/tt-ihp-int8-npu/src/npu_csa_reduce.sv:53$2079 ($or).
Removed top 1 bits (of 16) from port B of cell tt_um_danieltyukov_int8_npu.$flatten\u_core.\u_array.\g_row[2].g_col[1].u_pe.\u_mul.\g_bw.g_wallace.u_tree.\genblk1.g_reduce.u_next.$or$/home/danieltyukov/workspace/personal/tt-ihp-int8-npu/src/npu_csa_reduce.sv:53$2079 ($or).
Removed top 1 bits (of 16) from port Y of cell tt_um_danieltyukov_int8_npu.$flatten\u_core.\u_array.\g_row[2].g_col[1].u_pe.\u_mul.\g_bw.g_wallace.u_tree.\genblk1.g_reduce.u_next.\genblk1.g_reduce.u_next.\genblk1.g_reduce.u_next.$or$/home/danieltyukov/workspace/personal/tt-ihp-int8-npu/src/npu_csa_reduce.sv:53$1938 ($or).
Removed top 1 bits (of 16) from port A of cell tt_um_danieltyukov_int8_npu.$flatten\u_core.\u_array.\g_row[2].g_col[1].u_pe.\u_mul.\g_bw.g_wallace.u_tree.\genblk1.g_reduce.u_next.\genblk1.g_reduce.u_next.\genblk1.g_reduce.u_next.$or$/home/danieltyukov/workspace/personal/tt-ihp-int8-npu/src/npu_csa_reduce.sv:53$1938 ($or).
Removed top 1 bits (of 16) from port B of cell tt_um_danieltyukov_int8_npu.$flatten\u_core.\u_array.\g_row[2].g_col[1].u_pe.\u_mul.\g_bw.g_wallace.u_tree.\genblk1.g_reduce.u_next.\genblk1.g_reduce.u_next.\genblk1.g_reduce.u_next.$or$/home/danieltyukov/workspace/personal/tt-ihp-int8-npu/src/npu_csa_reduce.sv:53$1938 ($or).
Removed top 1 bits (of 16) from port Y of cell tt_um_danieltyukov_int8_npu.$flatten\u_core.\u_array.\g_row[2].g_col[1].u_pe.\u_mul.\g_bw.g_wallace.u_tree.\genblk1.g_reduce.u_next.\genblk1.g_reduce.u_next.$or$/home/danieltyukov/workspace/personal/tt-ihp-int8-npu/src/npu_csa_reduce.sv:53$2087 ($or).
Removed top 1 bits (of 16) from port A of cell tt_um_danieltyukov_int8_npu.$flatten\u_core.\u_array.\g_row[2].g_col[1].u_pe.\u_mul.\g_bw.g_wallace.u_tree.\genblk1.g_reduce.u_next.\genblk1.g_reduce.u_next.$or$/home/danieltyukov/workspace/personal/tt-ihp-int8-npu/src/npu_csa_reduce.sv:53$2087 ($or).
Removed top 1 bits (of 16) from port B of cell tt_um_danieltyukov_int8_npu.$flatten\u_core.\u_array.\g_row[2].g_col[1].u_pe.\u_mul.\g_bw.g_wallace.u_tree.\genblk1.g_reduce.u_next.\genblk1.g_reduce.u_next.$or$/home/danieltyukov/workspace/personal/tt-ihp-int8-npu/src/npu_csa_reduce.sv:53$2087 ($or).
Removed top 1 bits (of 16) from port Y of cell tt_um_danieltyukov_int8_npu.$flatten\u_core.\u_array.\g_row[2].g_col[1].u_pe.\u_mul.\g_bw.g_wallace.u_tree.\genblk1.g_reduce.u_next.\genblk1.g_reduce.u_next.$and$/home/danieltyukov/workspace/personal/tt-ihp-int8-npu/src/npu_csa_reduce.sv:53$2086 ($and).
Removed top 1 bits (of 16) from port A of cell tt_um_danieltyukov_int8_npu.$flatten\u_core.\u_array.\g_row[2].g_col[1].u_pe.\u_mul.\g_bw.g_wallace.u_tree.\genblk1.g_reduce.u_next.\genblk1.g_reduce.u_next.$and$/home/danieltyukov/workspace/personal/tt-ihp-int8-npu/src/npu_csa_reduce.sv:53$2086 ($and).
Removed top 1 bits (of 16) from port B of cell tt_um_danieltyukov_int8_npu.$flatten\u_core.\u_array.\g_row[2].g_col[1].u_pe.\u_mul.\g_bw.g_wallace.u_tree.\genblk1.g_reduce.u_next.\genblk1.g_reduce.u_next.$and$/home/danieltyukov/workspace/personal/tt-ihp-int8-npu/src/npu_csa_reduce.sv:53$2086 ($and).
Removed top 1 bits (of 16) from port Y of cell tt_um_danieltyukov_int8_npu.$flatten\u_core.\u_array.\g_row[2].g_col[1].u_pe.\u_mul.\g_bw.g_wallace.u_tree.\genblk1.g_reduce.u_next.\genblk1.g_reduce.u_next.$or$/home/danieltyukov/workspace/personal/tt-ihp-int8-npu/src/npu_csa_reduce.sv:53$2085 ($or).
Removed top 1 bits (of 16) from port A of cell tt_um_danieltyukov_int8_npu.$flatten\u_core.\u_array.\g_row[2].g_col[1].u_pe.\u_mul.\g_bw.g_wallace.u_tree.\genblk1.g_reduce.u_next.\genblk1.g_reduce.u_next.$or$/home/danieltyukov/workspace/personal/tt-ihp-int8-npu/src/npu_csa_reduce.sv:53$2085 ($or).
Removed top 1 bits (of 16) from port B of cell tt_um_danieltyukov_int8_npu.$flatten\u_core.\u_array.\g_row[2].g_col[1].u_pe.\u_mul.\g_bw.g_wallace.u_tree.\genblk1.g_reduce.u_next.\genblk1.g_reduce.u_next.$or$/home/danieltyukov/workspace/personal/tt-ihp-int8-npu/src/npu_csa_reduce.sv:53$2085 ($or).
Removed top 1 bits (of 16) from port Y of cell tt_um_danieltyukov_int8_npu.$flatten\u_core.\u_array.\g_row[2].g_col[1].u_pe.\u_mul.\g_bw.g_wallace.u_tree.\genblk1.g_reduce.u_next.\genblk1.g_reduce.u_next.$and$/home/danieltyukov/workspace/personal/tt-ihp-int8-npu/src/npu_csa_reduce.sv:53$2084 ($and).
Removed top 1 bits (of 16) from port A of cell tt_um_danieltyukov_int8_npu.$flatten\u_core.\u_array.\g_row[2].g_col[1].u_pe.\u_mul.\g_bw.g_wallace.u_tree.\genblk1.g_reduce.u_next.\genblk1.g_reduce.u_next.$and$/home/danieltyukov/workspace/personal/tt-ihp-int8-npu/src/npu_csa_reduce.sv:53$2084 ($and).
Removed top 1 bits (of 16) from port B of cell tt_um_danieltyukov_int8_npu.$flatten\u_core.\u_array.\g_row[2].g_col[1].u_pe.\u_mul.\g_bw.g_wallace.u_tree.\genblk1.g_reduce.u_next.\genblk1.g_reduce.u_next.$and$/home/danieltyukov/workspace/personal/tt-ihp-int8-npu/src/npu_csa_reduce.sv:53$2084 ($and).
Removed top 1 bits (of 16) from port Y of cell tt_um_danieltyukov_int8_npu.$flatten\u_core.\u_array.\g_row[2].g_col[1].u_pe.\u_mul.\g_bw.g_wallace.u_tree.\genblk1.g_reduce.u_next.\genblk1.g_reduce.u_next.$and$/home/danieltyukov/workspace/personal/tt-ihp-int8-npu/src/npu_csa_reduce.sv:53$2083 ($and).
Removed top 1 bits (of 16) from port A of cell tt_um_danieltyukov_int8_npu.$flatten\u_core.\u_array.\g_row[2].g_col[1].u_pe.\u_mul.\g_bw.g_wallace.u_tree.\genblk1.g_reduce.u_next.\genblk1.g_reduce.u_next.$and$/home/danieltyukov/workspace/personal/tt-ihp-int8-npu/src/npu_csa_reduce.sv:53$2083 ($and).
Removed top 1 bits (of 16) from port B of cell tt_um_danieltyukov_int8_npu.$flatten\u_core.\u_array.\g_row[2].g_col[1].u_pe.\u_mul.\g_bw.g_wallace.u_tree.\genblk1.g_reduce.u_next.\genblk1.g_reduce.u_next.$and$/home/danieltyukov/workspace/personal/tt-ihp-int8-npu/src/npu_csa_reduce.sv:53$2083 ($and).
Removed top 7 bits (of 16) from port B of cell tt_um_danieltyukov_int8_npu.$flatten\u_core.\u_array.\g_row[2].g_col[1].u_pe.\u_mul.\g_bw.g_wallace.u_tree.$or$/home/danieltyukov/workspace/personal/tt-ihp-int8-npu/src/npu_csa_reduce.sv:53$1960 ($or).
Removed top 1 bits (of 16) from port Y of cell tt_um_danieltyukov_int8_npu.$flatten\u_core.\u_array.\g_row[2].g_col[1].u_pe.\u_mul.\g_bw.g_wallace.u_tree.$or$/home/danieltyukov/workspace/personal/tt-ihp-int8-npu/src/npu_csa_reduce.sv:53$1960 ($or).
Removed top 1 bits (of 16) from port A of cell tt_um_danieltyukov_int8_npu.$flatten\u_core.\u_array.\g_row[2].g_col[1].u_pe.\u_mul.\g_bw.g_wallace.u_tree.$or$/home/danieltyukov/workspace/personal/tt-ihp-int8-npu/src/npu_csa_reduce.sv:53$1960 ($or).
Removed top 7 bits (of 16) from port B of cell tt_um_danieltyukov_int8_npu.$flatten\u_core.\u_array.\g_row[2].g_col[1].u_pe.\u_mul.\g_bw.g_wallace.u_tree.$or$/home/danieltyukov/workspace/personal/tt-ihp-int8-npu/src/npu_csa_reduce.sv:53$1958 ($or).
Removed top 1 bits (of 16) from port Y of cell tt_um_danieltyukov_int8_npu.$flatten\u_core.\u_array.\g_row[2].g_col[1].u_pe.\u_mul.\g_bw.g_wallace.u_tree.$or$/home/danieltyukov/workspace/personal/tt-ihp-int8-npu/src/npu_csa_reduce.sv:53$1958 ($or).
Removed top 1 bits (of 16) from port A of cell tt_um_danieltyukov_int8_npu.$flatten\u_core.\u_array.\g_row[2].g_col[1].u_pe.\u_mul.\g_bw.g_wallace.u_tree.$or$/home/danieltyukov/workspace/personal/tt-ihp-int8-npu/src/npu_csa_reduce.sv:53$1958 ($or).
Removed top 2 bits (of 16) from port A of cell tt_um_danieltyukov_int8_npu.$flatten\u_core.\u_array.\g_row[2].g_col[1].u_pe.\u_mul.\g_bw.g_wallace.u_tree.$and$/home/danieltyukov/workspace/personal/tt-ihp-int8-npu/src/npu_csa_reduce.sv:53$1956 ($and).
Removed top 1 bits (of 16) from port B of cell tt_um_danieltyukov_int8_npu.$flatten\u_core.\u_array.\g_row[2].g_col[1].u_pe.\u_mul.\g_bw.g_wallace.u_tree.$and$/home/danieltyukov/workspace/personal/tt-ihp-int8-npu/src/npu_csa_reduce.sv:53$1956 ($and).
Removed top 1 bits (of 16) from port Y of cell tt_um_danieltyukov_int8_npu.$flatten\u_core.\u_array.\g_row[2].g_col[1].u_pe.\u_mul.\g_bw.g_wallace.u_tree.$and$/home/danieltyukov/workspace/personal/tt-ihp-int8-npu/src/npu_csa_reduce.sv:53$1956 ($and).
Removed top 2 bits (of 16) from port A of cell tt_um_danieltyukov_int8_npu.$flatten\u_core.\u_array.\g_row[2].g_col[1].u_pe.\u_mul.\g_bw.g_wallace.u_tree.$xor$/home/danieltyukov/workspace/personal/tt-ihp-int8-npu/src/npu_csa_reduce.sv:49$1954 ($xor).
Removed top 1 bits (of 16) from port B of cell tt_um_danieltyukov_int8_npu.$flatten\u_core.\u_array.\g_row[2].g_col[1].u_pe.\u_mul.\g_bw.g_wallace.u_tree.$xor$/home/danieltyukov/workspace/personal/tt-ihp-int8-npu/src/npu_csa_reduce.sv:49$1954 ($xor).
Removed top 1 bits (of 16) from port Y of cell tt_um_danieltyukov_int8_npu.$flatten\u_core.\u_array.\g_row[2].g_col[1].u_pe.\u_mul.\g_bw.g_wallace.u_tree.$xor$/home/danieltyukov/workspace/personal/tt-ihp-int8-npu/src/npu_csa_reduce.sv:49$1954 ($xor).
Removed top 1 bits (of 16) from port Y of cell tt_um_danieltyukov_int8_npu.$flatten\u_core.\u_array.\g_row[2].g_col[1].u_pe.\u_mul.\g_bw.g_wallace.u_tree.$or$/home/danieltyukov/workspace/personal/tt-ihp-int8-npu/src/npu_csa_reduce.sv:53$1953 ($or).
Removed top 1 bits (of 16) from port A of cell tt_um_danieltyukov_int8_npu.$flatten\u_core.\u_array.\g_row[2].g_col[1].u_pe.\u_mul.\g_bw.g_wallace.u_tree.$or$/home/danieltyukov/workspace/personal/tt-ihp-int8-npu/src/npu_csa_reduce.sv:53$1953 ($or).
Removed top 1 bits (of 16) from port B of cell tt_um_danieltyukov_int8_npu.$flatten\u_core.\u_array.\g_row[2].g_col[1].u_pe.\u_mul.\g_bw.g_wallace.u_tree.$or$/home/danieltyukov/workspace/personal/tt-ihp-int8-npu/src/npu_csa_reduce.sv:53$1953 ($or).
Removed top 4 bits (of 16) from port A of cell tt_um_danieltyukov_int8_npu.$flatten\u_core.\u_array.\g_row[2].g_col[1].u_pe.\u_mul.\g_bw.g_wallace.u_tree.$and$/home/danieltyukov/workspace/personal/tt-ihp-int8-npu/src/npu_csa_reduce.sv:53$1952 ($and).
Removed top 3 bits (of 16) from port B of cell tt_um_danieltyukov_int8_npu.$flatten\u_core.\u_array.\g_row[2].g_col[1].u_pe.\u_mul.\g_bw.g_wallace.u_tree.$and$/home/danieltyukov/workspace/personal/tt-ihp-int8-npu/src/npu_csa_reduce.sv:53$1952 ($and).
Removed top 3 bits (of 16) from port Y of cell tt_um_danieltyukov_int8_npu.$flatten\u_core.\u_array.\g_row[2].g_col[1].u_pe.\u_mul.\g_bw.g_wallace.u_tree.$and$/home/danieltyukov/workspace/personal/tt-ihp-int8-npu/src/npu_csa_reduce.sv:53$1952 ($and).
Removed top 1 bits (of 16) from port Y of cell tt_um_danieltyukov_int8_npu.$flatten\u_core.\u_array.\g_row[2].g_col[1].u_pe.\u_mul.\g_bw.g_wallace.u_tree.$or$/home/danieltyukov/workspace/personal/tt-ihp-int8-npu/src/npu_csa_reduce.sv:53$1951 ($or).
Removed top 1 bits (of 16) from port A of cell tt_um_danieltyukov_int8_npu.$flatten\u_core.\u_array.\g_row[2].g_col[1].u_pe.\u_mul.\g_bw.g_wallace.u_tree.$or$/home/danieltyukov/workspace/personal/tt-ihp-int8-npu/src/npu_csa_reduce.sv:53$1951 ($or).
Removed top 1 bits (of 16) from port B of cell tt_um_danieltyukov_int8_npu.$flatten\u_core.\u_array.\g_row[2].g_col[1].u_pe.\u_mul.\g_bw.g_wallace.u_tree.$or$/home/danieltyukov/workspace/personal/tt-ihp-int8-npu/src/npu_csa_reduce.sv:53$1951 ($or).
Removed top 5 bits (of 16) from port A of cell tt_um_danieltyukov_int8_npu.$flatten\u_core.\u_array.\g_row[2].g_col[1].u_pe.\u_mul.\g_bw.g_wallace.u_tree.$and$/home/danieltyukov/workspace/personal/tt-ihp-int8-npu/src/npu_csa_reduce.sv:53$1950 ($and).
Removed top 3 bits (of 16) from port B of cell tt_um_danieltyukov_int8_npu.$flatten\u_core.\u_array.\g_row[2].g_col[1].u_pe.\u_mul.\g_bw.g_wallace.u_tree.$and$/home/danieltyukov/workspace/personal/tt-ihp-int8-npu/src/npu_csa_reduce.sv:53$1950 ($and).
Removed top 3 bits (of 16) from port Y of cell tt_um_danieltyukov_int8_npu.$flatten\u_core.\u_array.\g_row[2].g_col[1].u_pe.\u_mul.\g_bw.g_wallace.u_tree.$and$/home/danieltyukov/workspace/personal/tt-ihp-int8-npu/src/npu_csa_reduce.sv:53$1950 ($and).
Removed top 5 bits (of 16) from port A of cell tt_um_danieltyukov_int8_npu.$flatten\u_core.\u_array.\g_row[2].g_col[1].u_pe.\u_mul.\g_bw.g_wallace.u_tree.$and$/home/danieltyukov/workspace/personal/tt-ihp-int8-npu/src/npu_csa_reduce.sv:53$1949 ($and).
Removed top 4 bits (of 16) from port B of cell tt_um_danieltyukov_int8_npu.$flatten\u_core.\u_array.\g_row[2].g_col[1].u_pe.\u_mul.\g_bw.g_wallace.u_tree.$and$/home/danieltyukov/workspace/personal/tt-ihp-int8-npu/src/npu_csa_reduce.sv:53$1949 ($and).
Removed top 4 bits (of 16) from port Y of cell tt_um_danieltyukov_int8_npu.$flatten\u_core.\u_array.\g_row[2].g_col[1].u_pe.\u_mul.\g_bw.g_wallace.u_tree.$and$/home/danieltyukov/workspace/personal/tt-ihp-int8-npu/src/npu_csa_reduce.sv:53$1949 ($and).
Removed top 3 bits (of 16) from port B of cell tt_um_danieltyukov_int8_npu.$flatten\u_core.\u_array.\g_row[2].g_col[1].u_pe.\u_mul.\g_bw.g_wallace.u_tree.$xor$/home/danieltyukov/workspace/personal/tt-ihp-int8-npu/src/npu_csa_reduce.sv:49$1948 ($xor).
Removed top 5 bits (of 16) from port A of cell tt_um_danieltyukov_int8_npu.$flatten\u_core.\u_array.\g_row[2].g_col[1].u_pe.\u_mul.\g_bw.g_wallace.u_tree.$xor$/home/danieltyukov/workspace/personal/tt-ihp-int8-npu/src/npu_csa_reduce.sv:49$1947 ($xor).
Removed top 4 bits (of 16) from port B of cell tt_um_danieltyukov_int8_npu.$flatten\u_core.\u_array.\g_row[2].g_col[1].u_pe.\u_mul.\g_bw.g_wallace.u_tree.$xor$/home/danieltyukov/workspace/personal/tt-ihp-int8-npu/src/npu_csa_reduce.sv:49$1947 ($xor).
Removed top 4 bits (of 16) from port Y of cell tt_um_danieltyukov_int8_npu.$flatten\u_core.\u_array.\g_row[2].g_col[1].u_pe.\u_mul.\g_bw.g_wallace.u_tree.$xor$/home/danieltyukov/workspace/personal/tt-ihp-int8-npu/src/npu_csa_reduce.sv:49$1947 ($xor).
Removed top 1 bits (of 16) from port Y of cell tt_um_danieltyukov_int8_npu.$flatten\u_core.\u_array.\g_row[2].g_col[1].u_pe.\u_mul.\g_bw.g_wallace.u_tree.$or$/home/danieltyukov/workspace/personal/tt-ihp-int8-npu/src/npu_csa_reduce.sv:53$1946 ($or).
Removed top 1 bits (of 16) from port A of cell tt_um_danieltyukov_int8_npu.$flatten\u_core.\u_array.\g_row[2].g_col[1].u_pe.\u_mul.\g_bw.g_wallace.u_tree.$or$/home/danieltyukov/workspace/personal/tt-ihp-int8-npu/src/npu_csa_reduce.sv:53$1946 ($or).
Removed top 1 bits (of 16) from port B of cell tt_um_danieltyukov_int8_npu.$flatten\u_core.\u_array.\g_row[2].g_col[1].u_pe.\u_mul.\g_bw.g_wallace.u_tree.$or$/home/danieltyukov/workspace/personal/tt-ihp-int8-npu/src/npu_csa_reduce.sv:53$1946 ($or).
Removed top 7 bits (of 16) from port A of cell tt_um_danieltyukov_int8_npu.$flatten\u_core.\u_array.\g_row[2].g_col[1].u_pe.\u_mul.\g_bw.g_wallace.u_tree.$and$/home/danieltyukov/workspace/personal/tt-ihp-int8-npu/src/npu_csa_reduce.sv:53$1945 ($and).
Removed top 6 bits (of 16) from port B of cell tt_um_danieltyukov_int8_npu.$flatten\u_core.\u_array.\g_row[2].g_col[1].u_pe.\u_mul.\g_bw.g_wallace.u_tree.$and$/home/danieltyukov/workspace/personal/tt-ihp-int8-npu/src/npu_csa_reduce.sv:53$1945 ($and).
Removed top 6 bits (of 16) from port Y of cell tt_um_danieltyukov_int8_npu.$flatten\u_core.\u_array.\g_row[2].g_col[1].u_pe.\u_mul.\g_bw.g_wallace.u_tree.$and$/home/danieltyukov/workspace/personal/tt-ihp-int8-npu/src/npu_csa_reduce.sv:53$1945 ($and).
Removed top 1 bits (of 16) from port Y of cell tt_um_danieltyukov_int8_npu.$flatten\u_core.\u_array.\g_row[2].g_col[1].u_pe.\u_mul.\g_bw.g_wallace.u_tree.$or$/home/danieltyukov/workspace/personal/tt-ihp-int8-npu/src/npu_csa_reduce.sv:53$1944 ($or).
Removed top 1 bits (of 16) from port A of cell tt_um_danieltyukov_int8_npu.$flatten\u_core.\u_array.\g_row[2].g_col[1].u_pe.\u_mul.\g_bw.g_wallace.u_tree.$or$/home/danieltyukov/workspace/personal/tt-ihp-int8-npu/src/npu_csa_reduce.sv:53$1944 ($or).
Removed top 1 bits (of 16) from port B of cell tt_um_danieltyukov_int8_npu.$flatten\u_core.\u_array.\g_row[2].g_col[1].u_pe.\u_mul.\g_bw.g_wallace.u_tree.$or$/home/danieltyukov/workspace/personal/tt-ihp-int8-npu/src/npu_csa_reduce.sv:53$1944 ($or).
Removed top 8 bits (of 16) from port A of cell tt_um_danieltyukov_int8_npu.$flatten\u_core.\u_array.\g_row[2].g_col[1].u_pe.\u_mul.\g_bw.g_wallace.u_tree.$and$/home/danieltyukov/workspace/personal/tt-ihp-int8-npu/src/npu_csa_reduce.sv:53$1943 ($and).
Removed top 6 bits (of 16) from port B of cell tt_um_danieltyukov_int8_npu.$flatten\u_core.\u_array.\g_row[2].g_col[1].u_pe.\u_mul.\g_bw.g_wallace.u_tree.$and$/home/danieltyukov/workspace/personal/tt-ihp-int8-npu/src/npu_csa_reduce.sv:53$1943 ($and).
Removed top 6 bits (of 16) from port Y of cell tt_um_danieltyukov_int8_npu.$flatten\u_core.\u_array.\g_row[2].g_col[1].u_pe.\u_mul.\g_bw.g_wallace.u_tree.$and$/home/danieltyukov/workspace/personal/tt-ihp-int8-npu/src/npu_csa_reduce.sv:53$1943 ($and).
Removed top 8 bits (of 16) from port A of cell tt_um_danieltyukov_int8_npu.$flatten\u_core.\u_array.\g_row[2].g_col[1].u_pe.\u_mul.\g_bw.g_wallace.u_tree.$and$/home/danieltyukov/workspace/personal/tt-ihp-int8-npu/src/npu_csa_reduce.sv:53$1942 ($and).
Removed top 7 bits (of 16) from port B of cell tt_um_danieltyukov_int8_npu.$flatten\u_core.\u_array.\g_row[2].g_col[1].u_pe.\u_mul.\g_bw.g_wallace.u_tree.$and$/home/danieltyukov/workspace/personal/tt-ihp-int8-npu/src/npu_csa_reduce.sv:53$1942 ($and).
Removed top 7 bits (of 16) from port Y of cell tt_um_danieltyukov_int8_npu.$flatten\u_core.\u_array.\g_row[2].g_col[1].u_pe.\u_mul.\g_bw.g_wallace.u_tree.$and$/home/danieltyukov/workspace/personal/tt-ihp-int8-npu/src/npu_csa_reduce.sv:53$1942 ($and).
Removed top 7 bits (of 16) from port A of cell tt_um_danieltyukov_int8_npu.$flatten\u_core.\u_array.\g_row[2].g_col[1].u_pe.\u_mul.\g_bw.g_wallace.u_tree.$xor$/home/danieltyukov/workspace/personal/tt-ihp-int8-npu/src/npu_csa_reduce.sv:49$1941 ($xor).
Removed top 6 bits (of 16) from port B of cell tt_um_danieltyukov_int8_npu.$flatten\u_core.\u_array.\g_row[2].g_col[1].u_pe.\u_mul.\g_bw.g_wallace.u_tree.$xor$/home/danieltyukov/workspace/personal/tt-ihp-int8-npu/src/npu_csa_reduce.sv:49$1941 ($xor).
Removed top 6 bits (of 16) from port Y of cell tt_um_danieltyukov_int8_npu.$flatten\u_core.\u_array.\g_row[2].g_col[1].u_pe.\u_mul.\g_bw.g_wallace.u_tree.$xor$/home/danieltyukov/workspace/personal/tt-ihp-int8-npu/src/npu_csa_reduce.sv:49$1941 ($xor).
Removed top 1 bits (of 19) from port Y of cell tt_um_danieltyukov_int8_npu.$flatten\u_core.\u_array.\g_row[2].g_col[2].u_pe.\u_add.$and$/home/danieltyukov/workspace/personal/tt-ihp-int8-npu/src/npu_adder.sv:60$1807 ($and).
Removed top 1 bits (of 19) from port A of cell tt_um_danieltyukov_int8_npu.$flatten\u_core.\u_array.\g_row[2].g_col[2].u_pe.\u_add.$and$/home/danieltyukov/workspace/personal/tt-ihp-int8-npu/src/npu_adder.sv:60$1807 ($and).
Removed top 1 bits (of 19) from port B of cell tt_um_danieltyukov_int8_npu.$flatten\u_core.\u_array.\g_row[2].g_col[2].u_pe.\u_add.$and$/home/danieltyukov/workspace/personal/tt-ihp-int8-npu/src/npu_adder.sv:60$1807 ($and).
Removed top 8 bits (of 16) from port A of cell tt_um_danieltyukov_int8_npu.$flatten\u_core.\u_array.\g_row[2].g_col[2].u_pe.\u_mul.\g_bw.g_wallace.u_tree.$xor$/home/danieltyukov/workspace/personal/tt-ihp-int8-npu/src/npu_csa_reduce.sv:49$1940 ($xor).
Removed top 7 bits (of 16) from port B of cell tt_um_danieltyukov_int8_npu.$flatten\u_core.\u_array.\g_row[2].g_col[2].u_pe.\u_mul.\g_bw.g_wallace.u_tree.$xor$/home/danieltyukov/workspace/personal/tt-ihp-int8-npu/src/npu_csa_reduce.sv:49$1940 ($xor).
Removed top 7 bits (of 16) from port Y of cell tt_um_danieltyukov_int8_npu.$flatten\u_core.\u_array.\g_row[2].g_col[2].u_pe.\u_mul.\g_bw.g_wallace.u_tree.$xor$/home/danieltyukov/workspace/personal/tt-ihp-int8-npu/src/npu_csa_reduce.sv:49$1940 ($xor).
Removed top 1 bits (of 16) from port Y of cell tt_um_danieltyukov_int8_npu.$flatten\u_core.\u_array.\g_row[2].g_col[2].u_pe.\u_mul.\u_cpa.$and$/home/danieltyukov/workspace/personal/tt-ihp-int8-npu/src/npu_adder.sv:60$1963 ($and).
Removed top 1 bits (of 16) from port A of cell tt_um_danieltyukov_int8_npu.$flatten\u_core.\u_array.\g_row[2].g_col[2].u_pe.\u_mul.\u_cpa.$and$/home/danieltyukov/workspace/personal/tt-ihp-int8-npu/src/npu_adder.sv:60$1963 ($and).
Removed top 1 bits (of 16) from port B of cell tt_um_danieltyukov_int8_npu.$flatten\u_core.\u_array.\g_row[2].g_col[2].u_pe.\u_mul.\u_cpa.$and$/home/danieltyukov/workspace/personal/tt-ihp-int8-npu/src/npu_adder.sv:60$1963 ($and).
Removed top 1 bits (of 16) from port Y of cell tt_um_danieltyukov_int8_npu.$flatten\u_core.\u_array.\g_row[2].g_col[2].u_pe.\u_mul.\g_bw.g_wallace.u_tree.\genblk1.g_reduce.u_next.$or$/home/danieltyukov/workspace/personal/tt-ihp-int8-npu/src/npu_csa_reduce.sv:53$2072 ($or).
Removed top 1 bits (of 16) from port A of cell tt_um_danieltyukov_int8_npu.$flatten\u_core.\u_array.\g_row[2].g_col[2].u_pe.\u_mul.\g_bw.g_wallace.u_tree.\genblk1.g_reduce.u_next.$or$/home/danieltyukov/workspace/personal/tt-ihp-int8-npu/src/npu_csa_reduce.sv:53$2072 ($or).
Removed top 1 bits (of 16) from port B of cell tt_um_danieltyukov_int8_npu.$flatten\u_core.\u_array.\g_row[2].g_col[2].u_pe.\u_mul.\g_bw.g_wallace.u_tree.\genblk1.g_reduce.u_next.$or$/home/danieltyukov/workspace/personal/tt-ihp-int8-npu/src/npu_csa_reduce.sv:53$2072 ($or).
Removed top 1 bits (of 16) from port Y of cell tt_um_danieltyukov_int8_npu.$flatten\u_core.\u_array.\g_row[2].g_col[2].u_pe.\u_mul.\g_bw.g_wallace.u_tree.\genblk1.g_reduce.u_next.$or$/home/danieltyukov/workspace/personal/tt-ihp-int8-npu/src/npu_csa_reduce.sv:53$2079 ($or).
Removed top 1 bits (of 16) from port A of cell tt_um_danieltyukov_int8_npu.$flatten\u_core.\u_array.\g_row[2].g_col[2].u_pe.\u_mul.\g_bw.g_wallace.u_tree.\genblk1.g_reduce.u_next.$or$/home/danieltyukov/workspace/personal/tt-ihp-int8-npu/src/npu_csa_reduce.sv:53$2079 ($or).
Removed top 1 bits (of 16) from port B of cell tt_um_danieltyukov_int8_npu.$flatten\u_core.\u_array.\g_row[2].g_col[2].u_pe.\u_mul.\g_bw.g_wallace.u_tree.\genblk1.g_reduce.u_next.$or$/home/danieltyukov/workspace/personal/tt-ihp-int8-npu/src/npu_csa_reduce.sv:53$2079 ($or).
Removed top 1 bits (of 16) from port Y of cell tt_um_danieltyukov_int8_npu.$flatten\u_core.\u_array.\g_row[2].g_col[2].u_pe.\u_mul.\g_bw.g_wallace.u_tree.\genblk1.g_reduce.u_next.\genblk1.g_reduce.u_next.\genblk1.g_reduce.u_next.$or$/home/danieltyukov/workspace/personal/tt-ihp-int8-npu/src/npu_csa_reduce.sv:53$1938 ($or).
Removed top 1 bits (of 16) from port A of cell tt_um_danieltyukov_int8_npu.$flatten\u_core.\u_array.\g_row[2].g_col[2].u_pe.\u_mul.\g_bw.g_wallace.u_tree.\genblk1.g_reduce.u_next.\genblk1.g_reduce.u_next.\genblk1.g_reduce.u_next.$or$/home/danieltyukov/workspace/personal/tt-ihp-int8-npu/src/npu_csa_reduce.sv:53$1938 ($or).
Removed top 1 bits (of 16) from port B of cell tt_um_danieltyukov_int8_npu.$flatten\u_core.\u_array.\g_row[2].g_col[2].u_pe.\u_mul.\g_bw.g_wallace.u_tree.\genblk1.g_reduce.u_next.\genblk1.g_reduce.u_next.\genblk1.g_reduce.u_next.$or$/home/danieltyukov/workspace/personal/tt-ihp-int8-npu/src/npu_csa_reduce.sv:53$1938 ($or).
Removed top 1 bits (of 16) from port Y of cell tt_um_danieltyukov_int8_npu.$flatten\u_core.\u_array.\g_row[2].g_col[2].u_pe.\u_mul.\g_bw.g_wallace.u_tree.\genblk1.g_reduce.u_next.\genblk1.g_reduce.u_next.$or$/home/danieltyukov/workspace/personal/tt-ihp-int8-npu/src/npu_csa_reduce.sv:53$2087 ($or).
Removed top 1 bits (of 16) from port A of cell tt_um_danieltyukov_int8_npu.$flatten\u_core.\u_array.\g_row[2].g_col[2].u_pe.\u_mul.\g_bw.g_wallace.u_tree.\genblk1.g_reduce.u_next.\genblk1.g_reduce.u_next.$or$/home/danieltyukov/workspace/personal/tt-ihp-int8-npu/src/npu_csa_reduce.sv:53$2087 ($or).
Removed top 1 bits (of 16) from port B of cell tt_um_danieltyukov_int8_npu.$flatten\u_core.\u_array.\g_row[2].g_col[2].u_pe.\u_mul.\g_bw.g_wallace.u_tree.\genblk1.g_reduce.u_next.\genblk1.g_reduce.u_next.$or$/home/danieltyukov/workspace/personal/tt-ihp-int8-npu/src/npu_csa_reduce.sv:53$2087 ($or).
Removed top 1 bits (of 16) from port Y of cell tt_um_danieltyukov_int8_npu.$flatten\u_core.\u_array.\g_row[2].g_col[2].u_pe.\u_mul.\g_bw.g_wallace.u_tree.\genblk1.g_reduce.u_next.\genblk1.g_reduce.u_next.$and$/home/danieltyukov/workspace/personal/tt-ihp-int8-npu/src/npu_csa_reduce.sv:53$2086 ($and).
Removed top 1 bits (of 16) from port A of cell tt_um_danieltyukov_int8_npu.$flatten\u_core.\u_array.\g_row[2].g_col[2].u_pe.\u_mul.\g_bw.g_wallace.u_tree.\genblk1.g_reduce.u_next.\genblk1.g_reduce.u_next.$and$/home/danieltyukov/workspace/personal/tt-ihp-int8-npu/src/npu_csa_reduce.sv:53$2086 ($and).
Removed top 1 bits (of 16) from port B of cell tt_um_danieltyukov_int8_npu.$flatten\u_core.\u_array.\g_row[2].g_col[2].u_pe.\u_mul.\g_bw.g_wallace.u_tree.\genblk1.g_reduce.u_next.\genblk1.g_reduce.u_next.$and$/home/danieltyukov/workspace/personal/tt-ihp-int8-npu/src/npu_csa_reduce.sv:53$2086 ($and).
Removed top 1 bits (of 16) from port Y of cell tt_um_danieltyukov_int8_npu.$flatten\u_core.\u_array.\g_row[2].g_col[2].u_pe.\u_mul.\g_bw.g_wallace.u_tree.\genblk1.g_reduce.u_next.\genblk1.g_reduce.u_next.$or$/home/danieltyukov/workspace/personal/tt-ihp-int8-npu/src/npu_csa_reduce.sv:53$2085 ($or).
Removed top 1 bits (of 16) from port A of cell tt_um_danieltyukov_int8_npu.$flatten\u_core.\u_array.\g_row[2].g_col[2].u_pe.\u_mul.\g_bw.g_wallace.u_tree.\genblk1.g_reduce.u_next.\genblk1.g_reduce.u_next.$or$/home/danieltyukov/workspace/personal/tt-ihp-int8-npu/src/npu_csa_reduce.sv:53$2085 ($or).
Removed top 1 bits (of 16) from port B of cell tt_um_danieltyukov_int8_npu.$flatten\u_core.\u_array.\g_row[2].g_col[2].u_pe.\u_mul.\g_bw.g_wallace.u_tree.\genblk1.g_reduce.u_next.\genblk1.g_reduce.u_next.$or$/home/danieltyukov/workspace/personal/tt-ihp-int8-npu/src/npu_csa_reduce.sv:53$2085 ($or).
Removed top 1 bits (of 16) from port Y of cell tt_um_danieltyukov_int8_npu.$flatten\u_core.\u_array.\g_row[2].g_col[2].u_pe.\u_mul.\g_bw.g_wallace.u_tree.\genblk1.g_reduce.u_next.\genblk1.g_reduce.u_next.$and$/home/danieltyukov/workspace/personal/tt-ihp-int8-npu/src/npu_csa_reduce.sv:53$2084 ($and).
Removed top 1 bits (of 16) from port A of cell tt_um_danieltyukov_int8_npu.$flatten\u_core.\u_array.\g_row[2].g_col[2].u_pe.\u_mul.\g_bw.g_wallace.u_tree.\genblk1.g_reduce.u_next.\genblk1.g_reduce.u_next.$and$/home/danieltyukov/workspace/personal/tt-ihp-int8-npu/src/npu_csa_reduce.sv:53$2084 ($and).
Removed top 1 bits (of 16) from port B of cell tt_um_danieltyukov_int8_npu.$flatten\u_core.\u_array.\g_row[2].g_col[2].u_pe.\u_mul.\g_bw.g_wallace.u_tree.\genblk1.g_reduce.u_next.\genblk1.g_reduce.u_next.$and$/home/danieltyukov/workspace/personal/tt-ihp-int8-npu/src/npu_csa_reduce.sv:53$2084 ($and).
Removed top 1 bits (of 16) from port Y of cell tt_um_danieltyukov_int8_npu.$flatten\u_core.\u_array.\g_row[2].g_col[2].u_pe.\u_mul.\g_bw.g_wallace.u_tree.\genblk1.g_reduce.u_next.\genblk1.g_reduce.u_next.$and$/home/danieltyukov/workspace/personal/tt-ihp-int8-npu/src/npu_csa_reduce.sv:53$2083 ($and).
Removed top 1 bits (of 16) from port A of cell tt_um_danieltyukov_int8_npu.$flatten\u_core.\u_array.\g_row[2].g_col[2].u_pe.\u_mul.\g_bw.g_wallace.u_tree.\genblk1.g_reduce.u_next.\genblk1.g_reduce.u_next.$and$/home/danieltyukov/workspace/personal/tt-ihp-int8-npu/src/npu_csa_reduce.sv:53$2083 ($and).
Removed top 1 bits (of 16) from port B of cell tt_um_danieltyukov_int8_npu.$flatten\u_core.\u_array.\g_row[2].g_col[2].u_pe.\u_mul.\g_bw.g_wallace.u_tree.\genblk1.g_reduce.u_next.\genblk1.g_reduce.u_next.$and$/home/danieltyukov/workspace/personal/tt-ihp-int8-npu/src/npu_csa_reduce.sv:53$2083 ($and).
Removed top 7 bits (of 16) from port B of cell tt_um_danieltyukov_int8_npu.$flatten\u_core.\u_array.\g_row[2].g_col[2].u_pe.\u_mul.\g_bw.g_wallace.u_tree.$or$/home/danieltyukov/workspace/personal/tt-ihp-int8-npu/src/npu_csa_reduce.sv:53$1960 ($or).
Removed top 1 bits (of 16) from port Y of cell tt_um_danieltyukov_int8_npu.$flatten\u_core.\u_array.\g_row[2].g_col[2].u_pe.\u_mul.\g_bw.g_wallace.u_tree.$or$/home/danieltyukov/workspace/personal/tt-ihp-int8-npu/src/npu_csa_reduce.sv:53$1960 ($or).
Removed top 1 bits (of 16) from port A of cell tt_um_danieltyukov_int8_npu.$flatten\u_core.\u_array.\g_row[2].g_col[2].u_pe.\u_mul.\g_bw.g_wallace.u_tree.$or$/home/danieltyukov/workspace/personal/tt-ihp-int8-npu/src/npu_csa_reduce.sv:53$1960 ($or).
Removed top 7 bits (of 16) from port B of cell tt_um_danieltyukov_int8_npu.$flatten\u_core.\u_array.\g_row[2].g_col[2].u_pe.\u_mul.\g_bw.g_wallace.u_tree.$or$/home/danieltyukov/workspace/personal/tt-ihp-int8-npu/src/npu_csa_reduce.sv:53$1958 ($or).
Removed top 1 bits (of 16) from port Y of cell tt_um_danieltyukov_int8_npu.$flatten\u_core.\u_array.\g_row[2].g_col[2].u_pe.\u_mul.\g_bw.g_wallace.u_tree.$or$/home/danieltyukov/workspace/personal/tt-ihp-int8-npu/src/npu_csa_reduce.sv:53$1958 ($or).
Removed top 1 bits (of 16) from port A of cell tt_um_danieltyukov_int8_npu.$flatten\u_core.\u_array.\g_row[2].g_col[2].u_pe.\u_mul.\g_bw.g_wallace.u_tree.$or$/home/danieltyukov/workspace/personal/tt-ihp-int8-npu/src/npu_csa_reduce.sv:53$1958 ($or).
Removed top 2 bits (of 16) from port A of cell tt_um_danieltyukov_int8_npu.$flatten\u_core.\u_array.\g_row[2].g_col[2].u_pe.\u_mul.\g_bw.g_wallace.u_tree.$and$/home/danieltyukov/workspace/personal/tt-ihp-int8-npu/src/npu_csa_reduce.sv:53$1956 ($and).
Removed top 1 bits (of 16) from port B of cell tt_um_danieltyukov_int8_npu.$flatten\u_core.\u_array.\g_row[2].g_col[2].u_pe.\u_mul.\g_bw.g_wallace.u_tree.$and$/home/danieltyukov/workspace/personal/tt-ihp-int8-npu/src/npu_csa_reduce.sv:53$1956 ($and).
Removed top 1 bits (of 16) from port Y of cell tt_um_danieltyukov_int8_npu.$flatten\u_core.\u_array.\g_row[2].g_col[2].u_pe.\u_mul.\g_bw.g_wallace.u_tree.$and$/home/danieltyukov/workspace/personal/tt-ihp-int8-npu/src/npu_csa_reduce.sv:53$1956 ($and).
Removed top 2 bits (of 16) from port A of cell tt_um_danieltyukov_int8_npu.$flatten\u_core.\u_array.\g_row[2].g_col[2].u_pe.\u_mul.\g_bw.g_wallace.u_tree.$xor$/home/danieltyukov/workspace/personal/tt-ihp-int8-npu/src/npu_csa_reduce.sv:49$1954 ($xor).
Removed top 1 bits (of 16) from port B of cell tt_um_danieltyukov_int8_npu.$flatten\u_core.\u_array.\g_row[2].g_col[2].u_pe.\u_mul.\g_bw.g_wallace.u_tree.$xor$/home/danieltyukov/workspace/personal/tt-ihp-int8-npu/src/npu_csa_reduce.sv:49$1954 ($xor).
Removed top 1 bits (of 16) from port Y of cell tt_um_danieltyukov_int8_npu.$flatten\u_core.\u_array.\g_row[2].g_col[2].u_pe.\u_mul.\g_bw.g_wallace.u_tree.$xor$/home/danieltyukov/workspace/personal/tt-ihp-int8-npu/src/npu_csa_reduce.sv:49$1954 ($xor).
Removed top 1 bits (of 16) from port Y of cell tt_um_danieltyukov_int8_npu.$flatten\u_core.\u_array.\g_row[2].g_col[2].u_pe.\u_mul.\g_bw.g_wallace.u_tree.$or$/home/danieltyukov/workspace/personal/tt-ihp-int8-npu/src/npu_csa_reduce.sv:53$1953 ($or).
Removed top 1 bits (of 16) from port A of cell tt_um_danieltyukov_int8_npu.$flatten\u_core.\u_array.\g_row[2].g_col[2].u_pe.\u_mul.\g_bw.g_wallace.u_tree.$or$/home/danieltyukov/workspace/personal/tt-ihp-int8-npu/src/npu_csa_reduce.sv:53$1953 ($or).
Removed top 1 bits (of 16) from port B of cell tt_um_danieltyukov_int8_npu.$flatten\u_core.\u_array.\g_row[2].g_col[2].u_pe.\u_mul.\g_bw.g_wallace.u_tree.$or$/home/danieltyukov/workspace/personal/tt-ihp-int8-npu/src/npu_csa_reduce.sv:53$1953 ($or).
Removed top 4 bits (of 16) from port A of cell tt_um_danieltyukov_int8_npu.$flatten\u_core.\u_array.\g_row[2].g_col[2].u_pe.\u_mul.\g_bw.g_wallace.u_tree.$and$/home/danieltyukov/workspace/personal/tt-ihp-int8-npu/src/npu_csa_reduce.sv:53$1952 ($and).
Removed top 3 bits (of 16) from port B of cell tt_um_danieltyukov_int8_npu.$flatten\u_core.\u_array.\g_row[2].g_col[2].u_pe.\u_mul.\g_bw.g_wallace.u_tree.$and$/home/danieltyukov/workspace/personal/tt-ihp-int8-npu/src/npu_csa_reduce.sv:53$1952 ($and).
Removed top 3 bits (of 16) from port Y of cell tt_um_danieltyukov_int8_npu.$flatten\u_core.\u_array.\g_row[2].g_col[2].u_pe.\u_mul.\g_bw.g_wallace.u_tree.$and$/home/danieltyukov/workspace/personal/tt-ihp-int8-npu/src/npu_csa_reduce.sv:53$1952 ($and).
Removed top 1 bits (of 16) from port Y of cell tt_um_danieltyukov_int8_npu.$flatten\u_core.\u_array.\g_row[2].g_col[2].u_pe.\u_mul.\g_bw.g_wallace.u_tree.$or$/home/danieltyukov/workspace/personal/tt-ihp-int8-npu/src/npu_csa_reduce.sv:53$1951 ($or).
Removed top 1 bits (of 16) from port A of cell tt_um_danieltyukov_int8_npu.$flatten\u_core.\u_array.\g_row[2].g_col[2].u_pe.\u_mul.\g_bw.g_wallace.u_tree.$or$/home/danieltyukov/workspace/personal/tt-ihp-int8-npu/src/npu_csa_reduce.sv:53$1951 ($or).
Removed top 1 bits (of 16) from port B of cell tt_um_danieltyukov_int8_npu.$flatten\u_core.\u_array.\g_row[2].g_col[2].u_pe.\u_mul.\g_bw.g_wallace.u_tree.$or$/home/danieltyukov/workspace/personal/tt-ihp-int8-npu/src/npu_csa_reduce.sv:53$1951 ($or).
Removed top 5 bits (of 16) from port A of cell tt_um_danieltyukov_int8_npu.$flatten\u_core.\u_array.\g_row[2].g_col[2].u_pe.\u_mul.\g_bw.g_wallace.u_tree.$and$/home/danieltyukov/workspace/personal/tt-ihp-int8-npu/src/npu_csa_reduce.sv:53$1950 ($and).
Removed top 3 bits (of 16) from port B of cell tt_um_danieltyukov_int8_npu.$flatten\u_core.\u_array.\g_row[2].g_col[2].u_pe.\u_mul.\g_bw.g_wallace.u_tree.$and$/home/danieltyukov/workspace/personal/tt-ihp-int8-npu/src/npu_csa_reduce.sv:53$1950 ($and).
Removed top 3 bits (of 16) from port Y of cell tt_um_danieltyukov_int8_npu.$flatten\u_core.\u_array.\g_row[2].g_col[2].u_pe.\u_mul.\g_bw.g_wallace.u_tree.$and$/home/danieltyukov/workspace/personal/tt-ihp-int8-npu/src/npu_csa_reduce.sv:53$1950 ($and).
Removed top 5 bits (of 16) from port A of cell tt_um_danieltyukov_int8_npu.$flatten\u_core.\u_array.\g_row[2].g_col[2].u_pe.\u_mul.\g_bw.g_wallace.u_tree.$and$/home/danieltyukov/workspace/personal/tt-ihp-int8-npu/src/npu_csa_reduce.sv:53$1949 ($and).
Removed top 4 bits (of 16) from port B of cell tt_um_danieltyukov_int8_npu.$flatten\u_core.\u_array.\g_row[2].g_col[2].u_pe.\u_mul.\g_bw.g_wallace.u_tree.$and$/home/danieltyukov/workspace/personal/tt-ihp-int8-npu/src/npu_csa_reduce.sv:53$1949 ($and).
Removed top 4 bits (of 16) from port Y of cell tt_um_danieltyukov_int8_npu.$flatten\u_core.\u_array.\g_row[2].g_col[2].u_pe.\u_mul.\g_bw.g_wallace.u_tree.$and$/home/danieltyukov/workspace/personal/tt-ihp-int8-npu/src/npu_csa_reduce.sv:53$1949 ($and).
Removed top 3 bits (of 16) from port B of cell tt_um_danieltyukov_int8_npu.$flatten\u_core.\u_array.\g_row[2].g_col[2].u_pe.\u_mul.\g_bw.g_wallace.u_tree.$xor$/home/danieltyukov/workspace/personal/tt-ihp-int8-npu/src/npu_csa_reduce.sv:49$1948 ($xor).
Removed top 5 bits (of 16) from port A of cell tt_um_danieltyukov_int8_npu.$flatten\u_core.\u_array.\g_row[2].g_col[2].u_pe.\u_mul.\g_bw.g_wallace.u_tree.$xor$/home/danieltyukov/workspace/personal/tt-ihp-int8-npu/src/npu_csa_reduce.sv:49$1947 ($xor).
Removed top 4 bits (of 16) from port B of cell tt_um_danieltyukov_int8_npu.$flatten\u_core.\u_array.\g_row[2].g_col[2].u_pe.\u_mul.\g_bw.g_wallace.u_tree.$xor$/home/danieltyukov/workspace/personal/tt-ihp-int8-npu/src/npu_csa_reduce.sv:49$1947 ($xor).
Removed top 4 bits (of 16) from port Y of cell tt_um_danieltyukov_int8_npu.$flatten\u_core.\u_array.\g_row[2].g_col[2].u_pe.\u_mul.\g_bw.g_wallace.u_tree.$xor$/home/danieltyukov/workspace/personal/tt-ihp-int8-npu/src/npu_csa_reduce.sv:49$1947 ($xor).
Removed top 1 bits (of 16) from port Y of cell tt_um_danieltyukov_int8_npu.$flatten\u_core.\u_array.\g_row[2].g_col[2].u_pe.\u_mul.\g_bw.g_wallace.u_tree.$or$/home/danieltyukov/workspace/personal/tt-ihp-int8-npu/src/npu_csa_reduce.sv:53$1946 ($or).
Removed top 1 bits (of 16) from port A of cell tt_um_danieltyukov_int8_npu.$flatten\u_core.\u_array.\g_row[2].g_col[2].u_pe.\u_mul.\g_bw.g_wallace.u_tree.$or$/home/danieltyukov/workspace/personal/tt-ihp-int8-npu/src/npu_csa_reduce.sv:53$1946 ($or).
Removed top 1 bits (of 16) from port B of cell tt_um_danieltyukov_int8_npu.$flatten\u_core.\u_array.\g_row[2].g_col[2].u_pe.\u_mul.\g_bw.g_wallace.u_tree.$or$/home/danieltyukov/workspace/personal/tt-ihp-int8-npu/src/npu_csa_reduce.sv:53$1946 ($or).
Removed top 7 bits (of 16) from port A of cell tt_um_danieltyukov_int8_npu.$flatten\u_core.\u_array.\g_row[2].g_col[2].u_pe.\u_mul.\g_bw.g_wallace.u_tree.$and$/home/danieltyukov/workspace/personal/tt-ihp-int8-npu/src/npu_csa_reduce.sv:53$1945 ($and).
Removed top 6 bits (of 16) from port B of cell tt_um_danieltyukov_int8_npu.$flatten\u_core.\u_array.\g_row[2].g_col[2].u_pe.\u_mul.\g_bw.g_wallace.u_tree.$and$/home/danieltyukov/workspace/personal/tt-ihp-int8-npu/src/npu_csa_reduce.sv:53$1945 ($and).
Removed top 6 bits (of 16) from port Y of cell tt_um_danieltyukov_int8_npu.$flatten\u_core.\u_array.\g_row[2].g_col[2].u_pe.\u_mul.\g_bw.g_wallace.u_tree.$and$/home/danieltyukov/workspace/personal/tt-ihp-int8-npu/src/npu_csa_reduce.sv:53$1945 ($and).
Removed top 1 bits (of 16) from port Y of cell tt_um_danieltyukov_int8_npu.$flatten\u_core.\u_array.\g_row[2].g_col[2].u_pe.\u_mul.\g_bw.g_wallace.u_tree.$or$/home/danieltyukov/workspace/personal/tt-ihp-int8-npu/src/npu_csa_reduce.sv:53$1944 ($or).
Removed top 1 bits (of 16) from port A of cell tt_um_danieltyukov_int8_npu.$flatten\u_core.\u_array.\g_row[2].g_col[2].u_pe.\u_mul.\g_bw.g_wallace.u_tree.$or$/home/danieltyukov/workspace/personal/tt-ihp-int8-npu/src/npu_csa_reduce.sv:53$1944 ($or).
Removed top 1 bits (of 16) from port B of cell tt_um_danieltyukov_int8_npu.$flatten\u_core.\u_array.\g_row[2].g_col[2].u_pe.\u_mul.\g_bw.g_wallace.u_tree.$or$/home/danieltyukov/workspace/personal/tt-ihp-int8-npu/src/npu_csa_reduce.sv:53$1944 ($or).
Removed top 8 bits (of 16) from port A of cell tt_um_danieltyukov_int8_npu.$flatten\u_core.\u_array.\g_row[2].g_col[2].u_pe.\u_mul.\g_bw.g_wallace.u_tree.$and$/home/danieltyukov/workspace/personal/tt-ihp-int8-npu/src/npu_csa_reduce.sv:53$1943 ($and).
Removed top 6 bits (of 16) from port B of cell tt_um_danieltyukov_int8_npu.$flatten\u_core.\u_array.\g_row[2].g_col[2].u_pe.\u_mul.\g_bw.g_wallace.u_tree.$and$/home/danieltyukov/workspace/personal/tt-ihp-int8-npu/src/npu_csa_reduce.sv:53$1943 ($and).
Removed top 6 bits (of 16) from port Y of cell tt_um_danieltyukov_int8_npu.$flatten\u_core.\u_array.\g_row[2].g_col[2].u_pe.\u_mul.\g_bw.g_wallace.u_tree.$and$/home/danieltyukov/workspace/personal/tt-ihp-int8-npu/src/npu_csa_reduce.sv:53$1943 ($and).
Removed top 8 bits (of 16) from port A of cell tt_um_danieltyukov_int8_npu.$flatten\u_core.\u_array.\g_row[2].g_col[2].u_pe.\u_mul.\g_bw.g_wallace.u_tree.$and$/home/danieltyukov/workspace/personal/tt-ihp-int8-npu/src/npu_csa_reduce.sv:53$1942 ($and).
Removed top 7 bits (of 16) from port B of cell tt_um_danieltyukov_int8_npu.$flatten\u_core.\u_array.\g_row[2].g_col[2].u_pe.\u_mul.\g_bw.g_wallace.u_tree.$and$/home/danieltyukov/workspace/personal/tt-ihp-int8-npu/src/npu_csa_reduce.sv:53$1942 ($and).
Removed top 7 bits (of 16) from port Y of cell tt_um_danieltyukov_int8_npu.$flatten\u_core.\u_array.\g_row[2].g_col[2].u_pe.\u_mul.\g_bw.g_wallace.u_tree.$and$/home/danieltyukov/workspace/personal/tt-ihp-int8-npu/src/npu_csa_reduce.sv:53$1942 ($and).
Removed top 7 bits (of 16) from port A of cell tt_um_danieltyukov_int8_npu.$flatten\u_core.\u_array.\g_row[2].g_col[2].u_pe.\u_mul.\g_bw.g_wallace.u_tree.$xor$/home/danieltyukov/workspace/personal/tt-ihp-int8-npu/src/npu_csa_reduce.sv:49$1941 ($xor).
Removed top 6 bits (of 16) from port B of cell tt_um_danieltyukov_int8_npu.$flatten\u_core.\u_array.\g_row[2].g_col[2].u_pe.\u_mul.\g_bw.g_wallace.u_tree.$xor$/home/danieltyukov/workspace/personal/tt-ihp-int8-npu/src/npu_csa_reduce.sv:49$1941 ($xor).
Removed top 6 bits (of 16) from port Y of cell tt_um_danieltyukov_int8_npu.$flatten\u_core.\u_array.\g_row[2].g_col[2].u_pe.\u_mul.\g_bw.g_wallace.u_tree.$xor$/home/danieltyukov/workspace/personal/tt-ihp-int8-npu/src/npu_csa_reduce.sv:49$1941 ($xor).
Removed top 1 bits (of 19) from port Y of cell tt_um_danieltyukov_int8_npu.$flatten\u_core.\u_array.\g_row[2].g_col[3].u_pe.\u_add.$and$/home/danieltyukov/workspace/personal/tt-ihp-int8-npu/src/npu_adder.sv:60$1807 ($and).
Removed top 1 bits (of 19) from port A of cell tt_um_danieltyukov_int8_npu.$flatten\u_core.\u_array.\g_row[2].g_col[3].u_pe.\u_add.$and$/home/danieltyukov/workspace/personal/tt-ihp-int8-npu/src/npu_adder.sv:60$1807 ($and).
Removed top 1 bits (of 19) from port B of cell tt_um_danieltyukov_int8_npu.$flatten\u_core.\u_array.\g_row[2].g_col[3].u_pe.\u_add.$and$/home/danieltyukov/workspace/personal/tt-ihp-int8-npu/src/npu_adder.sv:60$1807 ($and).
Removed top 8 bits (of 16) from port A of cell tt_um_danieltyukov_int8_npu.$flatten\u_core.\u_array.\g_row[2].g_col[3].u_pe.\u_mul.\g_bw.g_wallace.u_tree.$xor$/home/danieltyukov/workspace/personal/tt-ihp-int8-npu/src/npu_csa_reduce.sv:49$1940 ($xor).
Removed top 7 bits (of 16) from port B of cell tt_um_danieltyukov_int8_npu.$flatten\u_core.\u_array.\g_row[2].g_col[3].u_pe.\u_mul.\g_bw.g_wallace.u_tree.$xor$/home/danieltyukov/workspace/personal/tt-ihp-int8-npu/src/npu_csa_reduce.sv:49$1940 ($xor).
Removed top 7 bits (of 16) from port Y of cell tt_um_danieltyukov_int8_npu.$flatten\u_core.\u_array.\g_row[2].g_col[3].u_pe.\u_mul.\g_bw.g_wallace.u_tree.$xor$/home/danieltyukov/workspace/personal/tt-ihp-int8-npu/src/npu_csa_reduce.sv:49$1940 ($xor).
Removed top 1 bits (of 16) from port Y of cell tt_um_danieltyukov_int8_npu.$flatten\u_core.\u_array.\g_row[2].g_col[3].u_pe.\u_mul.\u_cpa.$and$/home/danieltyukov/workspace/personal/tt-ihp-int8-npu/src/npu_adder.sv:60$1963 ($and).
Removed top 1 bits (of 16) from port A of cell tt_um_danieltyukov_int8_npu.$flatten\u_core.\u_array.\g_row[2].g_col[3].u_pe.\u_mul.\u_cpa.$and$/home/danieltyukov/workspace/personal/tt-ihp-int8-npu/src/npu_adder.sv:60$1963 ($and).
Removed top 1 bits (of 16) from port B of cell tt_um_danieltyukov_int8_npu.$flatten\u_core.\u_array.\g_row[2].g_col[3].u_pe.\u_mul.\u_cpa.$and$/home/danieltyukov/workspace/personal/tt-ihp-int8-npu/src/npu_adder.sv:60$1963 ($and).
Removed top 1 bits (of 16) from port Y of cell tt_um_danieltyukov_int8_npu.$flatten\u_core.\u_array.\g_row[2].g_col[3].u_pe.\u_mul.\g_bw.g_wallace.u_tree.\genblk1.g_reduce.u_next.$or$/home/danieltyukov/workspace/personal/tt-ihp-int8-npu/src/npu_csa_reduce.sv:53$2072 ($or).
Removed top 1 bits (of 16) from port A of cell tt_um_danieltyukov_int8_npu.$flatten\u_core.\u_array.\g_row[2].g_col[3].u_pe.\u_mul.\g_bw.g_wallace.u_tree.\genblk1.g_reduce.u_next.$or$/home/danieltyukov/workspace/personal/tt-ihp-int8-npu/src/npu_csa_reduce.sv:53$2072 ($or).
Removed top 1 bits (of 16) from port B of cell tt_um_danieltyukov_int8_npu.$flatten\u_core.\u_array.\g_row[2].g_col[3].u_pe.\u_mul.\g_bw.g_wallace.u_tree.\genblk1.g_reduce.u_next.$or$/home/danieltyukov/workspace/personal/tt-ihp-int8-npu/src/npu_csa_reduce.sv:53$2072 ($or).
Removed top 1 bits (of 16) from port Y of cell tt_um_danieltyukov_int8_npu.$flatten\u_core.\u_array.\g_row[2].g_col[3].u_pe.\u_mul.\g_bw.g_wallace.u_tree.\genblk1.g_reduce.u_next.$or$/home/danieltyukov/workspace/personal/tt-ihp-int8-npu/src/npu_csa_reduce.sv:53$2079 ($or).
Removed top 1 bits (of 16) from port A of cell tt_um_danieltyukov_int8_npu.$flatten\u_core.\u_array.\g_row[2].g_col[3].u_pe.\u_mul.\g_bw.g_wallace.u_tree.\genblk1.g_reduce.u_next.$or$/home/danieltyukov/workspace/personal/tt-ihp-int8-npu/src/npu_csa_reduce.sv:53$2079 ($or).
Removed top 1 bits (of 16) from port B of cell tt_um_danieltyukov_int8_npu.$flatten\u_core.\u_array.\g_row[2].g_col[3].u_pe.\u_mul.\g_bw.g_wallace.u_tree.\genblk1.g_reduce.u_next.$or$/home/danieltyukov/workspace/personal/tt-ihp-int8-npu/src/npu_csa_reduce.sv:53$2079 ($or).
Removed top 1 bits (of 16) from port Y of cell tt_um_danieltyukov_int8_npu.$flatten\u_core.\u_array.\g_row[2].g_col[3].u_pe.\u_mul.\g_bw.g_wallace.u_tree.\genblk1.g_reduce.u_next.\genblk1.g_reduce.u_next.\genblk1.g_reduce.u_next.$or$/home/danieltyukov/workspace/personal/tt-ihp-int8-npu/src/npu_csa_reduce.sv:53$1938 ($or).
Removed top 1 bits (of 16) from port A of cell tt_um_danieltyukov_int8_npu.$flatten\u_core.\u_array.\g_row[2].g_col[3].u_pe.\u_mul.\g_bw.g_wallace.u_tree.\genblk1.g_reduce.u_next.\genblk1.g_reduce.u_next.\genblk1.g_reduce.u_next.$or$/home/danieltyukov/workspace/personal/tt-ihp-int8-npu/src/npu_csa_reduce.sv:53$1938 ($or).
Removed top 1 bits (of 16) from port B of cell tt_um_danieltyukov_int8_npu.$flatten\u_core.\u_array.\g_row[2].g_col[3].u_pe.\u_mul.\g_bw.g_wallace.u_tree.\genblk1.g_reduce.u_next.\genblk1.g_reduce.u_next.\genblk1.g_reduce.u_next.$or$/home/danieltyukov/workspace/personal/tt-ihp-int8-npu/src/npu_csa_reduce.sv:53$1938 ($or).
Removed top 1 bits (of 16) from port Y of cell tt_um_danieltyukov_int8_npu.$flatten\u_core.\u_array.\g_row[2].g_col[3].u_pe.\u_mul.\g_bw.g_wallace.u_tree.\genblk1.g_reduce.u_next.\genblk1.g_reduce.u_next.$or$/home/danieltyukov/workspace/personal/tt-ihp-int8-npu/src/npu_csa_reduce.sv:53$2087 ($or).
Removed top 1 bits (of 16) from port A of cell tt_um_danieltyukov_int8_npu.$flatten\u_core.\u_array.\g_row[2].g_col[3].u_pe.\u_mul.\g_bw.g_wallace.u_tree.\genblk1.g_reduce.u_next.\genblk1.g_reduce.u_next.$or$/home/danieltyukov/workspace/personal/tt-ihp-int8-npu/src/npu_csa_reduce.sv:53$2087 ($or).
Removed top 1 bits (of 16) from port B of cell tt_um_danieltyukov_int8_npu.$flatten\u_core.\u_array.\g_row[2].g_col[3].u_pe.\u_mul.\g_bw.g_wallace.u_tree.\genblk1.g_reduce.u_next.\genblk1.g_reduce.u_next.$or$/home/danieltyukov/workspace/personal/tt-ihp-int8-npu/src/npu_csa_reduce.sv:53$2087 ($or).
Removed top 1 bits (of 16) from port Y of cell tt_um_danieltyukov_int8_npu.$flatten\u_core.\u_array.\g_row[2].g_col[3].u_pe.\u_mul.\g_bw.g_wallace.u_tree.\genblk1.g_reduce.u_next.\genblk1.g_reduce.u_next.$and$/home/danieltyukov/workspace/personal/tt-ihp-int8-npu/src/npu_csa_reduce.sv:53$2086 ($and).
Removed top 1 bits (of 16) from port A of cell tt_um_danieltyukov_int8_npu.$flatten\u_core.\u_array.\g_row[2].g_col[3].u_pe.\u_mul.\g_bw.g_wallace.u_tree.\genblk1.g_reduce.u_next.\genblk1.g_reduce.u_next.$and$/home/danieltyukov/workspace/personal/tt-ihp-int8-npu/src/npu_csa_reduce.sv:53$2086 ($and).
Removed top 1 bits (of 16) from port B of cell tt_um_danieltyukov_int8_npu.$flatten\u_core.\u_array.\g_row[2].g_col[3].u_pe.\u_mul.\g_bw.g_wallace.u_tree.\genblk1.g_reduce.u_next.\genblk1.g_reduce.u_next.$and$/home/danieltyukov/workspace/personal/tt-ihp-int8-npu/src/npu_csa_reduce.sv:53$2086 ($and).
Removed top 1 bits (of 16) from port Y of cell tt_um_danieltyukov_int8_npu.$flatten\u_core.\u_array.\g_row[2].g_col[3].u_pe.\u_mul.\g_bw.g_wallace.u_tree.\genblk1.g_reduce.u_next.\genblk1.g_reduce.u_next.$or$/home/danieltyukov/workspace/personal/tt-ihp-int8-npu/src/npu_csa_reduce.sv:53$2085 ($or).
Removed top 1 bits (of 16) from port A of cell tt_um_danieltyukov_int8_npu.$flatten\u_core.\u_array.\g_row[2].g_col[3].u_pe.\u_mul.\g_bw.g_wallace.u_tree.\genblk1.g_reduce.u_next.\genblk1.g_reduce.u_next.$or$/home/danieltyukov/workspace/personal/tt-ihp-int8-npu/src/npu_csa_reduce.sv:53$2085 ($or).
Removed top 1 bits (of 16) from port B of cell tt_um_danieltyukov_int8_npu.$flatten\u_core.\u_array.\g_row[2].g_col[3].u_pe.\u_mul.\g_bw.g_wallace.u_tree.\genblk1.g_reduce.u_next.\genblk1.g_reduce.u_next.$or$/home/danieltyukov/workspace/personal/tt-ihp-int8-npu/src/npu_csa_reduce.sv:53$2085 ($or).
Removed top 1 bits (of 16) from port Y of cell tt_um_danieltyukov_int8_npu.$flatten\u_core.\u_array.\g_row[2].g_col[3].u_pe.\u_mul.\g_bw.g_wallace.u_tree.\genblk1.g_reduce.u_next.\genblk1.g_reduce.u_next.$and$/home/danieltyukov/workspace/personal/tt-ihp-int8-npu/src/npu_csa_reduce.sv:53$2084 ($and).
Removed top 1 bits (of 16) from port A of cell tt_um_danieltyukov_int8_npu.$flatten\u_core.\u_array.\g_row[2].g_col[3].u_pe.\u_mul.\g_bw.g_wallace.u_tree.\genblk1.g_reduce.u_next.\genblk1.g_reduce.u_next.$and$/home/danieltyukov/workspace/personal/tt-ihp-int8-npu/src/npu_csa_reduce.sv:53$2084 ($and).
Removed top 1 bits (of 16) from port B of cell tt_um_danieltyukov_int8_npu.$flatten\u_core.\u_array.\g_row[2].g_col[3].u_pe.\u_mul.\g_bw.g_wallace.u_tree.\genblk1.g_reduce.u_next.\genblk1.g_reduce.u_next.$and$/home/danieltyukov/workspace/personal/tt-ihp-int8-npu/src/npu_csa_reduce.sv:53$2084 ($and).
Removed top 1 bits (of 16) from port Y of cell tt_um_danieltyukov_int8_npu.$flatten\u_core.\u_array.\g_row[2].g_col[3].u_pe.\u_mul.\g_bw.g_wallace.u_tree.\genblk1.g_reduce.u_next.\genblk1.g_reduce.u_next.$and$/home/danieltyukov/workspace/personal/tt-ihp-int8-npu/src/npu_csa_reduce.sv:53$2083 ($and).
Removed top 1 bits (of 16) from port A of cell tt_um_danieltyukov_int8_npu.$flatten\u_core.\u_array.\g_row[2].g_col[3].u_pe.\u_mul.\g_bw.g_wallace.u_tree.\genblk1.g_reduce.u_next.\genblk1.g_reduce.u_next.$and$/home/danieltyukov/workspace/personal/tt-ihp-int8-npu/src/npu_csa_reduce.sv:53$2083 ($and).
Removed top 1 bits (of 16) from port B of cell tt_um_danieltyukov_int8_npu.$flatten\u_core.\u_array.\g_row[2].g_col[3].u_pe.\u_mul.\g_bw.g_wallace.u_tree.\genblk1.g_reduce.u_next.\genblk1.g_reduce.u_next.$and$/home/danieltyukov/workspace/personal/tt-ihp-int8-npu/src/npu_csa_reduce.sv:53$2083 ($and).
Removed top 7 bits (of 16) from port B of cell tt_um_danieltyukov_int8_npu.$flatten\u_core.\u_array.\g_row[2].g_col[3].u_pe.\u_mul.\g_bw.g_wallace.u_tree.$or$/home/danieltyukov/workspace/personal/tt-ihp-int8-npu/src/npu_csa_reduce.sv:53$1960 ($or).
Removed top 1 bits (of 16) from port Y of cell tt_um_danieltyukov_int8_npu.$flatten\u_core.\u_array.\g_row[2].g_col[3].u_pe.\u_mul.\g_bw.g_wallace.u_tree.$or$/home/danieltyukov/workspace/personal/tt-ihp-int8-npu/src/npu_csa_reduce.sv:53$1960 ($or).
Removed top 1 bits (of 16) from port A of cell tt_um_danieltyukov_int8_npu.$flatten\u_core.\u_array.\g_row[2].g_col[3].u_pe.\u_mul.\g_bw.g_wallace.u_tree.$or$/home/danieltyukov/workspace/personal/tt-ihp-int8-npu/src/npu_csa_reduce.sv:53$1960 ($or).
Removed top 7 bits (of 16) from port B of cell tt_um_danieltyukov_int8_npu.$flatten\u_core.\u_array.\g_row[2].g_col[3].u_pe.\u_mul.\g_bw.g_wallace.u_tree.$or$/home/danieltyukov/workspace/personal/tt-ihp-int8-npu/src/npu_csa_reduce.sv:53$1958 ($or).
Removed top 1 bits (of 16) from port Y of cell tt_um_danieltyukov_int8_npu.$flatten\u_core.\u_array.\g_row[2].g_col[3].u_pe.\u_mul.\g_bw.g_wallace.u_tree.$or$/home/danieltyukov/workspace/personal/tt-ihp-int8-npu/src/npu_csa_reduce.sv:53$1958 ($or).
Removed top 1 bits (of 16) from port A of cell tt_um_danieltyukov_int8_npu.$flatten\u_core.\u_array.\g_row[2].g_col[3].u_pe.\u_mul.\g_bw.g_wallace.u_tree.$or$/home/danieltyukov/workspace/personal/tt-ihp-int8-npu/src/npu_csa_reduce.sv:53$1958 ($or).
Removed top 2 bits (of 16) from port A of cell tt_um_danieltyukov_int8_npu.$flatten\u_core.\u_array.\g_row[2].g_col[3].u_pe.\u_mul.\g_bw.g_wallace.u_tree.$and$/home/danieltyukov/workspace/personal/tt-ihp-int8-npu/src/npu_csa_reduce.sv:53$1956 ($and).
Removed top 1 bits (of 16) from port B of cell tt_um_danieltyukov_int8_npu.$flatten\u_core.\u_array.\g_row[2].g_col[3].u_pe.\u_mul.\g_bw.g_wallace.u_tree.$and$/home/danieltyukov/workspace/personal/tt-ihp-int8-npu/src/npu_csa_reduce.sv:53$1956 ($and).
Removed top 1 bits (of 16) from port Y of cell tt_um_danieltyukov_int8_npu.$flatten\u_core.\u_array.\g_row[2].g_col[3].u_pe.\u_mul.\g_bw.g_wallace.u_tree.$and$/home/danieltyukov/workspace/personal/tt-ihp-int8-npu/src/npu_csa_reduce.sv:53$1956 ($and).
Removed top 2 bits (of 16) from port A of cell tt_um_danieltyukov_int8_npu.$flatten\u_core.\u_array.\g_row[2].g_col[3].u_pe.\u_mul.\g_bw.g_wallace.u_tree.$xor$/home/danieltyukov/workspace/personal/tt-ihp-int8-npu/src/npu_csa_reduce.sv:49$1954 ($xor).
Removed top 1 bits (of 16) from port B of cell tt_um_danieltyukov_int8_npu.$flatten\u_core.\u_array.\g_row[2].g_col[3].u_pe.\u_mul.\g_bw.g_wallace.u_tree.$xor$/home/danieltyukov/workspace/personal/tt-ihp-int8-npu/src/npu_csa_reduce.sv:49$1954 ($xor).
Removed top 1 bits (of 16) from port Y of cell tt_um_danieltyukov_int8_npu.$flatten\u_core.\u_array.\g_row[2].g_col[3].u_pe.\u_mul.\g_bw.g_wallace.u_tree.$xor$/home/danieltyukov/workspace/personal/tt-ihp-int8-npu/src/npu_csa_reduce.sv:49$1954 ($xor).
Removed top 1 bits (of 16) from port Y of cell tt_um_danieltyukov_int8_npu.$flatten\u_core.\u_array.\g_row[2].g_col[3].u_pe.\u_mul.\g_bw.g_wallace.u_tree.$or$/home/danieltyukov/workspace/personal/tt-ihp-int8-npu/src/npu_csa_reduce.sv:53$1953 ($or).
Removed top 1 bits (of 16) from port A of cell tt_um_danieltyukov_int8_npu.$flatten\u_core.\u_array.\g_row[2].g_col[3].u_pe.\u_mul.\g_bw.g_wallace.u_tree.$or$/home/danieltyukov/workspace/personal/tt-ihp-int8-npu/src/npu_csa_reduce.sv:53$1953 ($or).
Removed top 1 bits (of 16) from port B of cell tt_um_danieltyukov_int8_npu.$flatten\u_core.\u_array.\g_row[2].g_col[3].u_pe.\u_mul.\g_bw.g_wallace.u_tree.$or$/home/danieltyukov/workspace/personal/tt-ihp-int8-npu/src/npu_csa_reduce.sv:53$1953 ($or).
Removed top 4 bits (of 16) from port A of cell tt_um_danieltyukov_int8_npu.$flatten\u_core.\u_array.\g_row[2].g_col[3].u_pe.\u_mul.\g_bw.g_wallace.u_tree.$and$/home/danieltyukov/workspace/personal/tt-ihp-int8-npu/src/npu_csa_reduce.sv:53$1952 ($and).
Removed top 3 bits (of 16) from port B of cell tt_um_danieltyukov_int8_npu.$flatten\u_core.\u_array.\g_row[2].g_col[3].u_pe.\u_mul.\g_bw.g_wallace.u_tree.$and$/home/danieltyukov/workspace/personal/tt-ihp-int8-npu/src/npu_csa_reduce.sv:53$1952 ($and).
Removed top 3 bits (of 16) from port Y of cell tt_um_danieltyukov_int8_npu.$flatten\u_core.\u_array.\g_row[2].g_col[3].u_pe.\u_mul.\g_bw.g_wallace.u_tree.$and$/home/danieltyukov/workspace/personal/tt-ihp-int8-npu/src/npu_csa_reduce.sv:53$1952 ($and).
Removed top 1 bits (of 16) from port Y of cell tt_um_danieltyukov_int8_npu.$flatten\u_core.\u_array.\g_row[2].g_col[3].u_pe.\u_mul.\g_bw.g_wallace.u_tree.$or$/home/danieltyukov/workspace/personal/tt-ihp-int8-npu/src/npu_csa_reduce.sv:53$1951 ($or).
Removed top 1 bits (of 16) from port A of cell tt_um_danieltyukov_int8_npu.$flatten\u_core.\u_array.\g_row[2].g_col[3].u_pe.\u_mul.\g_bw.g_wallace.u_tree.$or$/home/danieltyukov/workspace/personal/tt-ihp-int8-npu/src/npu_csa_reduce.sv:53$1951 ($or).
Removed top 1 bits (of 16) from port B of cell tt_um_danieltyukov_int8_npu.$flatten\u_core.\u_array.\g_row[2].g_col[3].u_pe.\u_mul.\g_bw.g_wallace.u_tree.$or$/home/danieltyukov/workspace/personal/tt-ihp-int8-npu/src/npu_csa_reduce.sv:53$1951 ($or).
Removed top 5 bits (of 16) from port A of cell tt_um_danieltyukov_int8_npu.$flatten\u_core.\u_array.\g_row[2].g_col[3].u_pe.\u_mul.\g_bw.g_wallace.u_tree.$and$/home/danieltyukov/workspace/personal/tt-ihp-int8-npu/src/npu_csa_reduce.sv:53$1950 ($and).
Removed top 3 bits (of 16) from port B of cell tt_um_danieltyukov_int8_npu.$flatten\u_core.\u_array.\g_row[2].g_col[3].u_pe.\u_mul.\g_bw.g_wallace.u_tree.$and$/home/danieltyukov/workspace/personal/tt-ihp-int8-npu/src/npu_csa_reduce.sv:53$1950 ($and).
Removed top 3 bits (of 16) from port Y of cell tt_um_danieltyukov_int8_npu.$flatten\u_core.\u_array.\g_row[2].g_col[3].u_pe.\u_mul.\g_bw.g_wallace.u_tree.$and$/home/danieltyukov/workspace/personal/tt-ihp-int8-npu/src/npu_csa_reduce.sv:53$1950 ($and).
Removed top 5 bits (of 16) from port A of cell tt_um_danieltyukov_int8_npu.$flatten\u_core.\u_array.\g_row[2].g_col[3].u_pe.\u_mul.\g_bw.g_wallace.u_tree.$and$/home/danieltyukov/workspace/personal/tt-ihp-int8-npu/src/npu_csa_reduce.sv:53$1949 ($and).
Removed top 4 bits (of 16) from port B of cell tt_um_danieltyukov_int8_npu.$flatten\u_core.\u_array.\g_row[2].g_col[3].u_pe.\u_mul.\g_bw.g_wallace.u_tree.$and$/home/danieltyukov/workspace/personal/tt-ihp-int8-npu/src/npu_csa_reduce.sv:53$1949 ($and).
Removed top 4 bits (of 16) from port Y of cell tt_um_danieltyukov_int8_npu.$flatten\u_core.\u_array.\g_row[2].g_col[3].u_pe.\u_mul.\g_bw.g_wallace.u_tree.$and$/home/danieltyukov/workspace/personal/tt-ihp-int8-npu/src/npu_csa_reduce.sv:53$1949 ($and).
Removed top 3 bits (of 16) from port B of cell tt_um_danieltyukov_int8_npu.$flatten\u_core.\u_array.\g_row[2].g_col[3].u_pe.\u_mul.\g_bw.g_wallace.u_tree.$xor$/home/danieltyukov/workspace/personal/tt-ihp-int8-npu/src/npu_csa_reduce.sv:49$1948 ($xor).
Removed top 5 bits (of 16) from port A of cell tt_um_danieltyukov_int8_npu.$flatten\u_core.\u_array.\g_row[2].g_col[3].u_pe.\u_mul.\g_bw.g_wallace.u_tree.$xor$/home/danieltyukov/workspace/personal/tt-ihp-int8-npu/src/npu_csa_reduce.sv:49$1947 ($xor).
Removed top 4 bits (of 16) from port B of cell tt_um_danieltyukov_int8_npu.$flatten\u_core.\u_array.\g_row[2].g_col[3].u_pe.\u_mul.\g_bw.g_wallace.u_tree.$xor$/home/danieltyukov/workspace/personal/tt-ihp-int8-npu/src/npu_csa_reduce.sv:49$1947 ($xor).
Removed top 4 bits (of 16) from port Y of cell tt_um_danieltyukov_int8_npu.$flatten\u_core.\u_array.\g_row[2].g_col[3].u_pe.\u_mul.\g_bw.g_wallace.u_tree.$xor$/home/danieltyukov/workspace/personal/tt-ihp-int8-npu/src/npu_csa_reduce.sv:49$1947 ($xor).
Removed top 1 bits (of 16) from port Y of cell tt_um_danieltyukov_int8_npu.$flatten\u_core.\u_array.\g_row[2].g_col[3].u_pe.\u_mul.\g_bw.g_wallace.u_tree.$or$/home/danieltyukov/workspace/personal/tt-ihp-int8-npu/src/npu_csa_reduce.sv:53$1946 ($or).
Removed top 1 bits (of 16) from port A of cell tt_um_danieltyukov_int8_npu.$flatten\u_core.\u_array.\g_row[2].g_col[3].u_pe.\u_mul.\g_bw.g_wallace.u_tree.$or$/home/danieltyukov/workspace/personal/tt-ihp-int8-npu/src/npu_csa_reduce.sv:53$1946 ($or).
Removed top 1 bits (of 16) from port B of cell tt_um_danieltyukov_int8_npu.$flatten\u_core.\u_array.\g_row[2].g_col[3].u_pe.\u_mul.\g_bw.g_wallace.u_tree.$or$/home/danieltyukov/workspace/personal/tt-ihp-int8-npu/src/npu_csa_reduce.sv:53$1946 ($or).
Removed top 7 bits (of 16) from port A of cell tt_um_danieltyukov_int8_npu.$flatten\u_core.\u_array.\g_row[2].g_col[3].u_pe.\u_mul.\g_bw.g_wallace.u_tree.$and$/home/danieltyukov/workspace/personal/tt-ihp-int8-npu/src/npu_csa_reduce.sv:53$1945 ($and).
Removed top 6 bits (of 16) from port B of cell tt_um_danieltyukov_int8_npu.$flatten\u_core.\u_array.\g_row[2].g_col[3].u_pe.\u_mul.\g_bw.g_wallace.u_tree.$and$/home/danieltyukov/workspace/personal/tt-ihp-int8-npu/src/npu_csa_reduce.sv:53$1945 ($and).
Removed top 6 bits (of 16) from port Y of cell tt_um_danieltyukov_int8_npu.$flatten\u_core.\u_array.\g_row[2].g_col[3].u_pe.\u_mul.\g_bw.g_wallace.u_tree.$and$/home/danieltyukov/workspace/personal/tt-ihp-int8-npu/src/npu_csa_reduce.sv:53$1945 ($and).
Removed top 1 bits (of 16) from port Y of cell tt_um_danieltyukov_int8_npu.$flatten\u_core.\u_array.\g_row[2].g_col[3].u_pe.\u_mul.\g_bw.g_wallace.u_tree.$or$/home/danieltyukov/workspace/personal/tt-ihp-int8-npu/src/npu_csa_reduce.sv:53$1944 ($or).
Removed top 1 bits (of 16) from port A of cell tt_um_danieltyukov_int8_npu.$flatten\u_core.\u_array.\g_row[2].g_col[3].u_pe.\u_mul.\g_bw.g_wallace.u_tree.$or$/home/danieltyukov/workspace/personal/tt-ihp-int8-npu/src/npu_csa_reduce.sv:53$1944 ($or).
Removed top 1 bits (of 16) from port B of cell tt_um_danieltyukov_int8_npu.$flatten\u_core.\u_array.\g_row[2].g_col[3].u_pe.\u_mul.\g_bw.g_wallace.u_tree.$or$/home/danieltyukov/workspace/personal/tt-ihp-int8-npu/src/npu_csa_reduce.sv:53$1944 ($or).
Removed top 8 bits (of 16) from port A of cell tt_um_danieltyukov_int8_npu.$flatten\u_core.\u_array.\g_row[2].g_col[3].u_pe.\u_mul.\g_bw.g_wallace.u_tree.$and$/home/danieltyukov/workspace/personal/tt-ihp-int8-npu/src/npu_csa_reduce.sv:53$1943 ($and).
Removed top 6 bits (of 16) from port B of cell tt_um_danieltyukov_int8_npu.$flatten\u_core.\u_array.\g_row[2].g_col[3].u_pe.\u_mul.\g_bw.g_wallace.u_tree.$and$/home/danieltyukov/workspace/personal/tt-ihp-int8-npu/src/npu_csa_reduce.sv:53$1943 ($and).
Removed top 6 bits (of 16) from port Y of cell tt_um_danieltyukov_int8_npu.$flatten\u_core.\u_array.\g_row[2].g_col[3].u_pe.\u_mul.\g_bw.g_wallace.u_tree.$and$/home/danieltyukov/workspace/personal/tt-ihp-int8-npu/src/npu_csa_reduce.sv:53$1943 ($and).
Removed top 8 bits (of 16) from port A of cell tt_um_danieltyukov_int8_npu.$flatten\u_core.\u_array.\g_row[2].g_col[3].u_pe.\u_mul.\g_bw.g_wallace.u_tree.$and$/home/danieltyukov/workspace/personal/tt-ihp-int8-npu/src/npu_csa_reduce.sv:53$1942 ($and).
Removed top 7 bits (of 16) from port B of cell tt_um_danieltyukov_int8_npu.$flatten\u_core.\u_array.\g_row[2].g_col[3].u_pe.\u_mul.\g_bw.g_wallace.u_tree.$and$/home/danieltyukov/workspace/personal/tt-ihp-int8-npu/src/npu_csa_reduce.sv:53$1942 ($and).
Removed top 7 bits (of 16) from port Y of cell tt_um_danieltyukov_int8_npu.$flatten\u_core.\u_array.\g_row[2].g_col[3].u_pe.\u_mul.\g_bw.g_wallace.u_tree.$and$/home/danieltyukov/workspace/personal/tt-ihp-int8-npu/src/npu_csa_reduce.sv:53$1942 ($and).
Removed top 7 bits (of 16) from port A of cell tt_um_danieltyukov_int8_npu.$flatten\u_core.\u_array.\g_row[2].g_col[3].u_pe.\u_mul.\g_bw.g_wallace.u_tree.$xor$/home/danieltyukov/workspace/personal/tt-ihp-int8-npu/src/npu_csa_reduce.sv:49$1941 ($xor).
Removed top 6 bits (of 16) from port B of cell tt_um_danieltyukov_int8_npu.$flatten\u_core.\u_array.\g_row[2].g_col[3].u_pe.\u_mul.\g_bw.g_wallace.u_tree.$xor$/home/danieltyukov/workspace/personal/tt-ihp-int8-npu/src/npu_csa_reduce.sv:49$1941 ($xor).
Removed top 6 bits (of 16) from port Y of cell tt_um_danieltyukov_int8_npu.$flatten\u_core.\u_array.\g_row[2].g_col[3].u_pe.\u_mul.\g_bw.g_wallace.u_tree.$xor$/home/danieltyukov/workspace/personal/tt-ihp-int8-npu/src/npu_csa_reduce.sv:49$1941 ($xor).
Removed top 1 bits (of 19) from port Y of cell tt_um_danieltyukov_int8_npu.$flatten\u_core.\u_array.\g_row[3].g_col[0].u_pe.\u_add.$and$/home/danieltyukov/workspace/personal/tt-ihp-int8-npu/src/npu_adder.sv:60$1807 ($and).
Removed top 1 bits (of 19) from port A of cell tt_um_danieltyukov_int8_npu.$flatten\u_core.\u_array.\g_row[3].g_col[0].u_pe.\u_add.$and$/home/danieltyukov/workspace/personal/tt-ihp-int8-npu/src/npu_adder.sv:60$1807 ($and).
Removed top 1 bits (of 19) from port B of cell tt_um_danieltyukov_int8_npu.$flatten\u_core.\u_array.\g_row[3].g_col[0].u_pe.\u_add.$and$/home/danieltyukov/workspace/personal/tt-ihp-int8-npu/src/npu_adder.sv:60$1807 ($and).
Removed top 8 bits (of 16) from port A of cell tt_um_danieltyukov_int8_npu.$flatten\u_core.\u_array.\g_row[3].g_col[0].u_pe.\u_mul.\g_bw.g_wallace.u_tree.$xor$/home/danieltyukov/workspace/personal/tt-ihp-int8-npu/src/npu_csa_reduce.sv:49$1940 ($xor).
Removed top 7 bits (of 16) from port B of cell tt_um_danieltyukov_int8_npu.$flatten\u_core.\u_array.\g_row[3].g_col[0].u_pe.\u_mul.\g_bw.g_wallace.u_tree.$xor$/home/danieltyukov/workspace/personal/tt-ihp-int8-npu/src/npu_csa_reduce.sv:49$1940 ($xor).
Removed top 7 bits (of 16) from port Y of cell tt_um_danieltyukov_int8_npu.$flatten\u_core.\u_array.\g_row[3].g_col[0].u_pe.\u_mul.\g_bw.g_wallace.u_tree.$xor$/home/danieltyukov/workspace/personal/tt-ihp-int8-npu/src/npu_csa_reduce.sv:49$1940 ($xor).
Removed top 1 bits (of 16) from port Y of cell tt_um_danieltyukov_int8_npu.$flatten\u_core.\u_array.\g_row[3].g_col[0].u_pe.\u_mul.\u_cpa.$and$/home/danieltyukov/workspace/personal/tt-ihp-int8-npu/src/npu_adder.sv:60$1963 ($and).
Removed top 1 bits (of 16) from port A of cell tt_um_danieltyukov_int8_npu.$flatten\u_core.\u_array.\g_row[3].g_col[0].u_pe.\u_mul.\u_cpa.$and$/home/danieltyukov/workspace/personal/tt-ihp-int8-npu/src/npu_adder.sv:60$1963 ($and).
Removed top 1 bits (of 16) from port B of cell tt_um_danieltyukov_int8_npu.$flatten\u_core.\u_array.\g_row[3].g_col[0].u_pe.\u_mul.\u_cpa.$and$/home/danieltyukov/workspace/personal/tt-ihp-int8-npu/src/npu_adder.sv:60$1963 ($and).
Removed top 1 bits (of 16) from port Y of cell tt_um_danieltyukov_int8_npu.$flatten\u_core.\u_array.\g_row[3].g_col[0].u_pe.\u_mul.\g_bw.g_wallace.u_tree.\genblk1.g_reduce.u_next.$or$/home/danieltyukov/workspace/personal/tt-ihp-int8-npu/src/npu_csa_reduce.sv:53$2072 ($or).
Removed top 1 bits (of 16) from port A of cell tt_um_danieltyukov_int8_npu.$flatten\u_core.\u_array.\g_row[3].g_col[0].u_pe.\u_mul.\g_bw.g_wallace.u_tree.\genblk1.g_reduce.u_next.$or$/home/danieltyukov/workspace/personal/tt-ihp-int8-npu/src/npu_csa_reduce.sv:53$2072 ($or).
Removed top 1 bits (of 16) from port B of cell tt_um_danieltyukov_int8_npu.$flatten\u_core.\u_array.\g_row[3].g_col[0].u_pe.\u_mul.\g_bw.g_wallace.u_tree.\genblk1.g_reduce.u_next.$or$/home/danieltyukov/workspace/personal/tt-ihp-int8-npu/src/npu_csa_reduce.sv:53$2072 ($or).
Removed top 1 bits (of 16) from port Y of cell tt_um_danieltyukov_int8_npu.$flatten\u_core.\u_array.\g_row[3].g_col[0].u_pe.\u_mul.\g_bw.g_wallace.u_tree.\genblk1.g_reduce.u_next.$or$/home/danieltyukov/workspace/personal/tt-ihp-int8-npu/src/npu_csa_reduce.sv:53$2079 ($or).
Removed top 1 bits (of 16) from port A of cell tt_um_danieltyukov_int8_npu.$flatten\u_core.\u_array.\g_row[3].g_col[0].u_pe.\u_mul.\g_bw.g_wallace.u_tree.\genblk1.g_reduce.u_next.$or$/home/danieltyukov/workspace/personal/tt-ihp-int8-npu/src/npu_csa_reduce.sv:53$2079 ($or).
Removed top 1 bits (of 16) from port B of cell tt_um_danieltyukov_int8_npu.$flatten\u_core.\u_array.\g_row[3].g_col[0].u_pe.\u_mul.\g_bw.g_wallace.u_tree.\genblk1.g_reduce.u_next.$or$/home/danieltyukov/workspace/personal/tt-ihp-int8-npu/src/npu_csa_reduce.sv:53$2079 ($or).
Removed top 1 bits (of 16) from port Y of cell tt_um_danieltyukov_int8_npu.$flatten\u_core.\u_array.\g_row[3].g_col[0].u_pe.\u_mul.\g_bw.g_wallace.u_tree.\genblk1.g_reduce.u_next.\genblk1.g_reduce.u_next.\genblk1.g_reduce.u_next.$or$/home/danieltyukov/workspace/personal/tt-ihp-int8-npu/src/npu_csa_reduce.sv:53$1938 ($or).
Removed top 1 bits (of 16) from port A of cell tt_um_danieltyukov_int8_npu.$flatten\u_core.\u_array.\g_row[3].g_col[0].u_pe.\u_mul.\g_bw.g_wallace.u_tree.\genblk1.g_reduce.u_next.\genblk1.g_reduce.u_next.\genblk1.g_reduce.u_next.$or$/home/danieltyukov/workspace/personal/tt-ihp-int8-npu/src/npu_csa_reduce.sv:53$1938 ($or).
Removed top 1 bits (of 16) from port B of cell tt_um_danieltyukov_int8_npu.$flatten\u_core.\u_array.\g_row[3].g_col[0].u_pe.\u_mul.\g_bw.g_wallace.u_tree.\genblk1.g_reduce.u_next.\genblk1.g_reduce.u_next.\genblk1.g_reduce.u_next.$or$/home/danieltyukov/workspace/personal/tt-ihp-int8-npu/src/npu_csa_reduce.sv:53$1938 ($or).
Removed top 1 bits (of 16) from port Y of cell tt_um_danieltyukov_int8_npu.$flatten\u_core.\u_array.\g_row[3].g_col[0].u_pe.\u_mul.\g_bw.g_wallace.u_tree.\genblk1.g_reduce.u_next.\genblk1.g_reduce.u_next.$or$/home/danieltyukov/workspace/personal/tt-ihp-int8-npu/src/npu_csa_reduce.sv:53$2087 ($or).
Removed top 1 bits (of 16) from port A of cell tt_um_danieltyukov_int8_npu.$flatten\u_core.\u_array.\g_row[3].g_col[0].u_pe.\u_mul.\g_bw.g_wallace.u_tree.\genblk1.g_reduce.u_next.\genblk1.g_reduce.u_next.$or$/home/danieltyukov/workspace/personal/tt-ihp-int8-npu/src/npu_csa_reduce.sv:53$2087 ($or).
Removed top 1 bits (of 16) from port B of cell tt_um_danieltyukov_int8_npu.$flatten\u_core.\u_array.\g_row[3].g_col[0].u_pe.\u_mul.\g_bw.g_wallace.u_tree.\genblk1.g_reduce.u_next.\genblk1.g_reduce.u_next.$or$/home/danieltyukov/workspace/personal/tt-ihp-int8-npu/src/npu_csa_reduce.sv:53$2087 ($or).
Removed top 1 bits (of 16) from port Y of cell tt_um_danieltyukov_int8_npu.$flatten\u_core.\u_array.\g_row[3].g_col[0].u_pe.\u_mul.\g_bw.g_wallace.u_tree.\genblk1.g_reduce.u_next.\genblk1.g_reduce.u_next.$and$/home/danieltyukov/workspace/personal/tt-ihp-int8-npu/src/npu_csa_reduce.sv:53$2086 ($and).
Removed top 1 bits (of 16) from port A of cell tt_um_danieltyukov_int8_npu.$flatten\u_core.\u_array.\g_row[3].g_col[0].u_pe.\u_mul.\g_bw.g_wallace.u_tree.\genblk1.g_reduce.u_next.\genblk1.g_reduce.u_next.$and$/home/danieltyukov/workspace/personal/tt-ihp-int8-npu/src/npu_csa_reduce.sv:53$2086 ($and).
Removed top 1 bits (of 16) from port B of cell tt_um_danieltyukov_int8_npu.$flatten\u_core.\u_array.\g_row[3].g_col[0].u_pe.\u_mul.\g_bw.g_wallace.u_tree.\genblk1.g_reduce.u_next.\genblk1.g_reduce.u_next.$and$/home/danieltyukov/workspace/personal/tt-ihp-int8-npu/src/npu_csa_reduce.sv:53$2086 ($and).
Removed top 1 bits (of 16) from port Y of cell tt_um_danieltyukov_int8_npu.$flatten\u_core.\u_array.\g_row[3].g_col[0].u_pe.\u_mul.\g_bw.g_wallace.u_tree.\genblk1.g_reduce.u_next.\genblk1.g_reduce.u_next.$or$/home/danieltyukov/workspace/personal/tt-ihp-int8-npu/src/npu_csa_reduce.sv:53$2085 ($or).
Removed top 1 bits (of 16) from port A of cell tt_um_danieltyukov_int8_npu.$flatten\u_core.\u_array.\g_row[3].g_col[0].u_pe.\u_mul.\g_bw.g_wallace.u_tree.\genblk1.g_reduce.u_next.\genblk1.g_reduce.u_next.$or$/home/danieltyukov/workspace/personal/tt-ihp-int8-npu/src/npu_csa_reduce.sv:53$2085 ($or).
Removed top 1 bits (of 16) from port B of cell tt_um_danieltyukov_int8_npu.$flatten\u_core.\u_array.\g_row[3].g_col[0].u_pe.\u_mul.\g_bw.g_wallace.u_tree.\genblk1.g_reduce.u_next.\genblk1.g_reduce.u_next.$or$/home/danieltyukov/workspace/personal/tt-ihp-int8-npu/src/npu_csa_reduce.sv:53$2085 ($or).
Removed top 1 bits (of 16) from port Y of cell tt_um_danieltyukov_int8_npu.$flatten\u_core.\u_array.\g_row[3].g_col[0].u_pe.\u_mul.\g_bw.g_wallace.u_tree.\genblk1.g_reduce.u_next.\genblk1.g_reduce.u_next.$and$/home/danieltyukov/workspace/personal/tt-ihp-int8-npu/src/npu_csa_reduce.sv:53$2084 ($and).
Removed top 1 bits (of 16) from port A of cell tt_um_danieltyukov_int8_npu.$flatten\u_core.\u_array.\g_row[3].g_col[0].u_pe.\u_mul.\g_bw.g_wallace.u_tree.\genblk1.g_reduce.u_next.\genblk1.g_reduce.u_next.$and$/home/danieltyukov/workspace/personal/tt-ihp-int8-npu/src/npu_csa_reduce.sv:53$2084 ($and).
Removed top 1 bits (of 16) from port B of cell tt_um_danieltyukov_int8_npu.$flatten\u_core.\u_array.\g_row[3].g_col[0].u_pe.\u_mul.\g_bw.g_wallace.u_tree.\genblk1.g_reduce.u_next.\genblk1.g_reduce.u_next.$and$/home/danieltyukov/workspace/personal/tt-ihp-int8-npu/src/npu_csa_reduce.sv:53$2084 ($and).
Removed top 1 bits (of 16) from port Y of cell tt_um_danieltyukov_int8_npu.$flatten\u_core.\u_array.\g_row[3].g_col[0].u_pe.\u_mul.\g_bw.g_wallace.u_tree.\genblk1.g_reduce.u_next.\genblk1.g_reduce.u_next.$and$/home/danieltyukov/workspace/personal/tt-ihp-int8-npu/src/npu_csa_reduce.sv:53$2083 ($and).
Removed top 1 bits (of 16) from port A of cell tt_um_danieltyukov_int8_npu.$flatten\u_core.\u_array.\g_row[3].g_col[0].u_pe.\u_mul.\g_bw.g_wallace.u_tree.\genblk1.g_reduce.u_next.\genblk1.g_reduce.u_next.$and$/home/danieltyukov/workspace/personal/tt-ihp-int8-npu/src/npu_csa_reduce.sv:53$2083 ($and).
Removed top 1 bits (of 16) from port B of cell tt_um_danieltyukov_int8_npu.$flatten\u_core.\u_array.\g_row[3].g_col[0].u_pe.\u_mul.\g_bw.g_wallace.u_tree.\genblk1.g_reduce.u_next.\genblk1.g_reduce.u_next.$and$/home/danieltyukov/workspace/personal/tt-ihp-int8-npu/src/npu_csa_reduce.sv:53$2083 ($and).
Removed top 7 bits (of 16) from port B of cell tt_um_danieltyukov_int8_npu.$flatten\u_core.\u_array.\g_row[3].g_col[0].u_pe.\u_mul.\g_bw.g_wallace.u_tree.$or$/home/danieltyukov/workspace/personal/tt-ihp-int8-npu/src/npu_csa_reduce.sv:53$1960 ($or).
Removed top 1 bits (of 16) from port Y of cell tt_um_danieltyukov_int8_npu.$flatten\u_core.\u_array.\g_row[3].g_col[0].u_pe.\u_mul.\g_bw.g_wallace.u_tree.$or$/home/danieltyukov/workspace/personal/tt-ihp-int8-npu/src/npu_csa_reduce.sv:53$1960 ($or).
Removed top 1 bits (of 16) from port A of cell tt_um_danieltyukov_int8_npu.$flatten\u_core.\u_array.\g_row[3].g_col[0].u_pe.\u_mul.\g_bw.g_wallace.u_tree.$or$/home/danieltyukov/workspace/personal/tt-ihp-int8-npu/src/npu_csa_reduce.sv:53$1960 ($or).
Removed top 7 bits (of 16) from port B of cell tt_um_danieltyukov_int8_npu.$flatten\u_core.\u_array.\g_row[3].g_col[0].u_pe.\u_mul.\g_bw.g_wallace.u_tree.$or$/home/danieltyukov/workspace/personal/tt-ihp-int8-npu/src/npu_csa_reduce.sv:53$1958 ($or).
Removed top 1 bits (of 16) from port Y of cell tt_um_danieltyukov_int8_npu.$flatten\u_core.\u_array.\g_row[3].g_col[0].u_pe.\u_mul.\g_bw.g_wallace.u_tree.$or$/home/danieltyukov/workspace/personal/tt-ihp-int8-npu/src/npu_csa_reduce.sv:53$1958 ($or).
Removed top 1 bits (of 16) from port A of cell tt_um_danieltyukov_int8_npu.$flatten\u_core.\u_array.\g_row[3].g_col[0].u_pe.\u_mul.\g_bw.g_wallace.u_tree.$or$/home/danieltyukov/workspace/personal/tt-ihp-int8-npu/src/npu_csa_reduce.sv:53$1958 ($or).
Removed top 2 bits (of 16) from port A of cell tt_um_danieltyukov_int8_npu.$flatten\u_core.\u_array.\g_row[3].g_col[0].u_pe.\u_mul.\g_bw.g_wallace.u_tree.$and$/home/danieltyukov/workspace/personal/tt-ihp-int8-npu/src/npu_csa_reduce.sv:53$1956 ($and).
Removed top 1 bits (of 16) from port B of cell tt_um_danieltyukov_int8_npu.$flatten\u_core.\u_array.\g_row[3].g_col[0].u_pe.\u_mul.\g_bw.g_wallace.u_tree.$and$/home/danieltyukov/workspace/personal/tt-ihp-int8-npu/src/npu_csa_reduce.sv:53$1956 ($and).
Removed top 1 bits (of 16) from port Y of cell tt_um_danieltyukov_int8_npu.$flatten\u_core.\u_array.\g_row[3].g_col[0].u_pe.\u_mul.\g_bw.g_wallace.u_tree.$and$/home/danieltyukov/workspace/personal/tt-ihp-int8-npu/src/npu_csa_reduce.sv:53$1956 ($and).
Removed top 2 bits (of 16) from port A of cell tt_um_danieltyukov_int8_npu.$flatten\u_core.\u_array.\g_row[3].g_col[0].u_pe.\u_mul.\g_bw.g_wallace.u_tree.$xor$/home/danieltyukov/workspace/personal/tt-ihp-int8-npu/src/npu_csa_reduce.sv:49$1954 ($xor).
Removed top 1 bits (of 16) from port B of cell tt_um_danieltyukov_int8_npu.$flatten\u_core.\u_array.\g_row[3].g_col[0].u_pe.\u_mul.\g_bw.g_wallace.u_tree.$xor$/home/danieltyukov/workspace/personal/tt-ihp-int8-npu/src/npu_csa_reduce.sv:49$1954 ($xor).
Removed top 1 bits (of 16) from port Y of cell tt_um_danieltyukov_int8_npu.$flatten\u_core.\u_array.\g_row[3].g_col[0].u_pe.\u_mul.\g_bw.g_wallace.u_tree.$xor$/home/danieltyukov/workspace/personal/tt-ihp-int8-npu/src/npu_csa_reduce.sv:49$1954 ($xor).
Removed top 1 bits (of 16) from port Y of cell tt_um_danieltyukov_int8_npu.$flatten\u_core.\u_array.\g_row[3].g_col[0].u_pe.\u_mul.\g_bw.g_wallace.u_tree.$or$/home/danieltyukov/workspace/personal/tt-ihp-int8-npu/src/npu_csa_reduce.sv:53$1953 ($or).
Removed top 1 bits (of 16) from port A of cell tt_um_danieltyukov_int8_npu.$flatten\u_core.\u_array.\g_row[3].g_col[0].u_pe.\u_mul.\g_bw.g_wallace.u_tree.$or$/home/danieltyukov/workspace/personal/tt-ihp-int8-npu/src/npu_csa_reduce.sv:53$1953 ($or).
Removed top 1 bits (of 16) from port B of cell tt_um_danieltyukov_int8_npu.$flatten\u_core.\u_array.\g_row[3].g_col[0].u_pe.\u_mul.\g_bw.g_wallace.u_tree.$or$/home/danieltyukov/workspace/personal/tt-ihp-int8-npu/src/npu_csa_reduce.sv:53$1953 ($or).
Removed top 4 bits (of 16) from port A of cell tt_um_danieltyukov_int8_npu.$flatten\u_core.\u_array.\g_row[3].g_col[0].u_pe.\u_mul.\g_bw.g_wallace.u_tree.$and$/home/danieltyukov/workspace/personal/tt-ihp-int8-npu/src/npu_csa_reduce.sv:53$1952 ($and).
Removed top 3 bits (of 16) from port B of cell tt_um_danieltyukov_int8_npu.$flatten\u_core.\u_array.\g_row[3].g_col[0].u_pe.\u_mul.\g_bw.g_wallace.u_tree.$and$/home/danieltyukov/workspace/personal/tt-ihp-int8-npu/src/npu_csa_reduce.sv:53$1952 ($and).
Removed top 3 bits (of 16) from port Y of cell tt_um_danieltyukov_int8_npu.$flatten\u_core.\u_array.\g_row[3].g_col[0].u_pe.\u_mul.\g_bw.g_wallace.u_tree.$and$/home/danieltyukov/workspace/personal/tt-ihp-int8-npu/src/npu_csa_reduce.sv:53$1952 ($and).
Removed top 1 bits (of 16) from port Y of cell tt_um_danieltyukov_int8_npu.$flatten\u_core.\u_array.\g_row[3].g_col[0].u_pe.\u_mul.\g_bw.g_wallace.u_tree.$or$/home/danieltyukov/workspace/personal/tt-ihp-int8-npu/src/npu_csa_reduce.sv:53$1951 ($or).
Removed top 1 bits (of 16) from port A of cell tt_um_danieltyukov_int8_npu.$flatten\u_core.\u_array.\g_row[3].g_col[0].u_pe.\u_mul.\g_bw.g_wallace.u_tree.$or$/home/danieltyukov/workspace/personal/tt-ihp-int8-npu/src/npu_csa_reduce.sv:53$1951 ($or).
Removed top 1 bits (of 16) from port B of cell tt_um_danieltyukov_int8_npu.$flatten\u_core.\u_array.\g_row[3].g_col[0].u_pe.\u_mul.\g_bw.g_wallace.u_tree.$or$/home/danieltyukov/workspace/personal/tt-ihp-int8-npu/src/npu_csa_reduce.sv:53$1951 ($or).
Removed top 5 bits (of 16) from port A of cell tt_um_danieltyukov_int8_npu.$flatten\u_core.\u_array.\g_row[3].g_col[0].u_pe.\u_mul.\g_bw.g_wallace.u_tree.$and$/home/danieltyukov/workspace/personal/tt-ihp-int8-npu/src/npu_csa_reduce.sv:53$1950 ($and).
Removed top 3 bits (of 16) from port B of cell tt_um_danieltyukov_int8_npu.$flatten\u_core.\u_array.\g_row[3].g_col[0].u_pe.\u_mul.\g_bw.g_wallace.u_tree.$and$/home/danieltyukov/workspace/personal/tt-ihp-int8-npu/src/npu_csa_reduce.sv:53$1950 ($and).
Removed top 3 bits (of 16) from port Y of cell tt_um_danieltyukov_int8_npu.$flatten\u_core.\u_array.\g_row[3].g_col[0].u_pe.\u_mul.\g_bw.g_wallace.u_tree.$and$/home/danieltyukov/workspace/personal/tt-ihp-int8-npu/src/npu_csa_reduce.sv:53$1950 ($and).
Removed top 5 bits (of 16) from port A of cell tt_um_danieltyukov_int8_npu.$flatten\u_core.\u_array.\g_row[3].g_col[0].u_pe.\u_mul.\g_bw.g_wallace.u_tree.$and$/home/danieltyukov/workspace/personal/tt-ihp-int8-npu/src/npu_csa_reduce.sv:53$1949 ($and).
Removed top 4 bits (of 16) from port B of cell tt_um_danieltyukov_int8_npu.$flatten\u_core.\u_array.\g_row[3].g_col[0].u_pe.\u_mul.\g_bw.g_wallace.u_tree.$and$/home/danieltyukov/workspace/personal/tt-ihp-int8-npu/src/npu_csa_reduce.sv:53$1949 ($and).
Removed top 4 bits (of 16) from port Y of cell tt_um_danieltyukov_int8_npu.$flatten\u_core.\u_array.\g_row[3].g_col[0].u_pe.\u_mul.\g_bw.g_wallace.u_tree.$and$/home/danieltyukov/workspace/personal/tt-ihp-int8-npu/src/npu_csa_reduce.sv:53$1949 ($and).
Removed top 3 bits (of 16) from port B of cell tt_um_danieltyukov_int8_npu.$flatten\u_core.\u_array.\g_row[3].g_col[0].u_pe.\u_mul.\g_bw.g_wallace.u_tree.$xor$/home/danieltyukov/workspace/personal/tt-ihp-int8-npu/src/npu_csa_reduce.sv:49$1948 ($xor).
Removed top 5 bits (of 16) from port A of cell tt_um_danieltyukov_int8_npu.$flatten\u_core.\u_array.\g_row[3].g_col[0].u_pe.\u_mul.\g_bw.g_wallace.u_tree.$xor$/home/danieltyukov/workspace/personal/tt-ihp-int8-npu/src/npu_csa_reduce.sv:49$1947 ($xor).
Removed top 4 bits (of 16) from port B of cell tt_um_danieltyukov_int8_npu.$flatten\u_core.\u_array.\g_row[3].g_col[0].u_pe.\u_mul.\g_bw.g_wallace.u_tree.$xor$/home/danieltyukov/workspace/personal/tt-ihp-int8-npu/src/npu_csa_reduce.sv:49$1947 ($xor).
Removed top 4 bits (of 16) from port Y of cell tt_um_danieltyukov_int8_npu.$flatten\u_core.\u_array.\g_row[3].g_col[0].u_pe.\u_mul.\g_bw.g_wallace.u_tree.$xor$/home/danieltyukov/workspace/personal/tt-ihp-int8-npu/src/npu_csa_reduce.sv:49$1947 ($xor).
Removed top 1 bits (of 16) from port Y of cell tt_um_danieltyukov_int8_npu.$flatten\u_core.\u_array.\g_row[3].g_col[0].u_pe.\u_mul.\g_bw.g_wallace.u_tree.$or$/home/danieltyukov/workspace/personal/tt-ihp-int8-npu/src/npu_csa_reduce.sv:53$1946 ($or).
Removed top 1 bits (of 16) from port A of cell tt_um_danieltyukov_int8_npu.$flatten\u_core.\u_array.\g_row[3].g_col[0].u_pe.\u_mul.\g_bw.g_wallace.u_tree.$or$/home/danieltyukov/workspace/personal/tt-ihp-int8-npu/src/npu_csa_reduce.sv:53$1946 ($or).
Removed top 1 bits (of 16) from port B of cell tt_um_danieltyukov_int8_npu.$flatten\u_core.\u_array.\g_row[3].g_col[0].u_pe.\u_mul.\g_bw.g_wallace.u_tree.$or$/home/danieltyukov/workspace/personal/tt-ihp-int8-npu/src/npu_csa_reduce.sv:53$1946 ($or).
Removed top 7 bits (of 16) from port A of cell tt_um_danieltyukov_int8_npu.$flatten\u_core.\u_array.\g_row[3].g_col[0].u_pe.\u_mul.\g_bw.g_wallace.u_tree.$and$/home/danieltyukov/workspace/personal/tt-ihp-int8-npu/src/npu_csa_reduce.sv:53$1945 ($and).
Removed top 6 bits (of 16) from port B of cell tt_um_danieltyukov_int8_npu.$flatten\u_core.\u_array.\g_row[3].g_col[0].u_pe.\u_mul.\g_bw.g_wallace.u_tree.$and$/home/danieltyukov/workspace/personal/tt-ihp-int8-npu/src/npu_csa_reduce.sv:53$1945 ($and).
Removed top 6 bits (of 16) from port Y of cell tt_um_danieltyukov_int8_npu.$flatten\u_core.\u_array.\g_row[3].g_col[0].u_pe.\u_mul.\g_bw.g_wallace.u_tree.$and$/home/danieltyukov/workspace/personal/tt-ihp-int8-npu/src/npu_csa_reduce.sv:53$1945 ($and).
Removed top 1 bits (of 16) from port Y of cell tt_um_danieltyukov_int8_npu.$flatten\u_core.\u_array.\g_row[3].g_col[0].u_pe.\u_mul.\g_bw.g_wallace.u_tree.$or$/home/danieltyukov/workspace/personal/tt-ihp-int8-npu/src/npu_csa_reduce.sv:53$1944 ($or).
Removed top 1 bits (of 16) from port A of cell tt_um_danieltyukov_int8_npu.$flatten\u_core.\u_array.\g_row[3].g_col[0].u_pe.\u_mul.\g_bw.g_wallace.u_tree.$or$/home/danieltyukov/workspace/personal/tt-ihp-int8-npu/src/npu_csa_reduce.sv:53$1944 ($or).
Removed top 1 bits (of 16) from port B of cell tt_um_danieltyukov_int8_npu.$flatten\u_core.\u_array.\g_row[3].g_col[0].u_pe.\u_mul.\g_bw.g_wallace.u_tree.$or$/home/danieltyukov/workspace/personal/tt-ihp-int8-npu/src/npu_csa_reduce.sv:53$1944 ($or).
Removed top 8 bits (of 16) from port A of cell tt_um_danieltyukov_int8_npu.$flatten\u_core.\u_array.\g_row[3].g_col[0].u_pe.\u_mul.\g_bw.g_wallace.u_tree.$and$/home/danieltyukov/workspace/personal/tt-ihp-int8-npu/src/npu_csa_reduce.sv:53$1943 ($and).
Removed top 6 bits (of 16) from port B of cell tt_um_danieltyukov_int8_npu.$flatten\u_core.\u_array.\g_row[3].g_col[0].u_pe.\u_mul.\g_bw.g_wallace.u_tree.$and$/home/danieltyukov/workspace/personal/tt-ihp-int8-npu/src/npu_csa_reduce.sv:53$1943 ($and).
Removed top 6 bits (of 16) from port Y of cell tt_um_danieltyukov_int8_npu.$flatten\u_core.\u_array.\g_row[3].g_col[0].u_pe.\u_mul.\g_bw.g_wallace.u_tree.$and$/home/danieltyukov/workspace/personal/tt-ihp-int8-npu/src/npu_csa_reduce.sv:53$1943 ($and).
Removed top 8 bits (of 16) from port A of cell tt_um_danieltyukov_int8_npu.$flatten\u_core.\u_array.\g_row[3].g_col[0].u_pe.\u_mul.\g_bw.g_wallace.u_tree.$and$/home/danieltyukov/workspace/personal/tt-ihp-int8-npu/src/npu_csa_reduce.sv:53$1942 ($and).
Removed top 7 bits (of 16) from port B of cell tt_um_danieltyukov_int8_npu.$flatten\u_core.\u_array.\g_row[3].g_col[0].u_pe.\u_mul.\g_bw.g_wallace.u_tree.$and$/home/danieltyukov/workspace/personal/tt-ihp-int8-npu/src/npu_csa_reduce.sv:53$1942 ($and).
Removed top 7 bits (of 16) from port Y of cell tt_um_danieltyukov_int8_npu.$flatten\u_core.\u_array.\g_row[3].g_col[0].u_pe.\u_mul.\g_bw.g_wallace.u_tree.$and$/home/danieltyukov/workspace/personal/tt-ihp-int8-npu/src/npu_csa_reduce.sv:53$1942 ($and).
Removed top 7 bits (of 16) from port A of cell tt_um_danieltyukov_int8_npu.$flatten\u_core.\u_array.\g_row[3].g_col[0].u_pe.\u_mul.\g_bw.g_wallace.u_tree.$xor$/home/danieltyukov/workspace/personal/tt-ihp-int8-npu/src/npu_csa_reduce.sv:49$1941 ($xor).
Removed top 6 bits (of 16) from port B of cell tt_um_danieltyukov_int8_npu.$flatten\u_core.\u_array.\g_row[3].g_col[0].u_pe.\u_mul.\g_bw.g_wallace.u_tree.$xor$/home/danieltyukov/workspace/personal/tt-ihp-int8-npu/src/npu_csa_reduce.sv:49$1941 ($xor).
Removed top 6 bits (of 16) from port Y of cell tt_um_danieltyukov_int8_npu.$flatten\u_core.\u_array.\g_row[3].g_col[0].u_pe.\u_mul.\g_bw.g_wallace.u_tree.$xor$/home/danieltyukov/workspace/personal/tt-ihp-int8-npu/src/npu_csa_reduce.sv:49$1941 ($xor).
Removed top 1 bits (of 19) from port Y of cell tt_um_danieltyukov_int8_npu.$flatten\u_core.\u_array.\g_row[3].g_col[1].u_pe.\u_add.$and$/home/danieltyukov/workspace/personal/tt-ihp-int8-npu/src/npu_adder.sv:60$1807 ($and).
Removed top 1 bits (of 19) from port A of cell tt_um_danieltyukov_int8_npu.$flatten\u_core.\u_array.\g_row[3].g_col[1].u_pe.\u_add.$and$/home/danieltyukov/workspace/personal/tt-ihp-int8-npu/src/npu_adder.sv:60$1807 ($and).
Removed top 1 bits (of 19) from port B of cell tt_um_danieltyukov_int8_npu.$flatten\u_core.\u_array.\g_row[3].g_col[1].u_pe.\u_add.$and$/home/danieltyukov/workspace/personal/tt-ihp-int8-npu/src/npu_adder.sv:60$1807 ($and).
Removed top 8 bits (of 16) from port A of cell tt_um_danieltyukov_int8_npu.$flatten\u_core.\u_array.\g_row[3].g_col[1].u_pe.\u_mul.\g_bw.g_wallace.u_tree.$xor$/home/danieltyukov/workspace/personal/tt-ihp-int8-npu/src/npu_csa_reduce.sv:49$1940 ($xor).
Removed top 7 bits (of 16) from port B of cell tt_um_danieltyukov_int8_npu.$flatten\u_core.\u_array.\g_row[3].g_col[1].u_pe.\u_mul.\g_bw.g_wallace.u_tree.$xor$/home/danieltyukov/workspace/personal/tt-ihp-int8-npu/src/npu_csa_reduce.sv:49$1940 ($xor).
Removed top 7 bits (of 16) from port Y of cell tt_um_danieltyukov_int8_npu.$flatten\u_core.\u_array.\g_row[3].g_col[1].u_pe.\u_mul.\g_bw.g_wallace.u_tree.$xor$/home/danieltyukov/workspace/personal/tt-ihp-int8-npu/src/npu_csa_reduce.sv:49$1940 ($xor).
Removed top 1 bits (of 16) from port Y of cell tt_um_danieltyukov_int8_npu.$flatten\u_core.\u_array.\g_row[3].g_col[1].u_pe.\u_mul.\u_cpa.$and$/home/danieltyukov/workspace/personal/tt-ihp-int8-npu/src/npu_adder.sv:60$1963 ($and).
Removed top 1 bits (of 16) from port A of cell tt_um_danieltyukov_int8_npu.$flatten\u_core.\u_array.\g_row[3].g_col[1].u_pe.\u_mul.\u_cpa.$and$/home/danieltyukov/workspace/personal/tt-ihp-int8-npu/src/npu_adder.sv:60$1963 ($and).
Removed top 1 bits (of 16) from port B of cell tt_um_danieltyukov_int8_npu.$flatten\u_core.\u_array.\g_row[3].g_col[1].u_pe.\u_mul.\u_cpa.$and$/home/danieltyukov/workspace/personal/tt-ihp-int8-npu/src/npu_adder.sv:60$1963 ($and).
Removed top 1 bits (of 16) from port Y of cell tt_um_danieltyukov_int8_npu.$flatten\u_core.\u_array.\g_row[3].g_col[1].u_pe.\u_mul.\g_bw.g_wallace.u_tree.\genblk1.g_reduce.u_next.$or$/home/danieltyukov/workspace/personal/tt-ihp-int8-npu/src/npu_csa_reduce.sv:53$2072 ($or).
Removed top 1 bits (of 16) from port A of cell tt_um_danieltyukov_int8_npu.$flatten\u_core.\u_array.\g_row[3].g_col[1].u_pe.\u_mul.\g_bw.g_wallace.u_tree.\genblk1.g_reduce.u_next.$or$/home/danieltyukov/workspace/personal/tt-ihp-int8-npu/src/npu_csa_reduce.sv:53$2072 ($or).
Removed top 1 bits (of 16) from port B of cell tt_um_danieltyukov_int8_npu.$flatten\u_core.\u_array.\g_row[3].g_col[1].u_pe.\u_mul.\g_bw.g_wallace.u_tree.\genblk1.g_reduce.u_next.$or$/home/danieltyukov/workspace/personal/tt-ihp-int8-npu/src/npu_csa_reduce.sv:53$2072 ($or).
Removed top 1 bits (of 16) from port Y of cell tt_um_danieltyukov_int8_npu.$flatten\u_core.\u_array.\g_row[3].g_col[1].u_pe.\u_mul.\g_bw.g_wallace.u_tree.\genblk1.g_reduce.u_next.$or$/home/danieltyukov/workspace/personal/tt-ihp-int8-npu/src/npu_csa_reduce.sv:53$2079 ($or).
Removed top 1 bits (of 16) from port A of cell tt_um_danieltyukov_int8_npu.$flatten\u_core.\u_array.\g_row[3].g_col[1].u_pe.\u_mul.\g_bw.g_wallace.u_tree.\genblk1.g_reduce.u_next.$or$/home/danieltyukov/workspace/personal/tt-ihp-int8-npu/src/npu_csa_reduce.sv:53$2079 ($or).
Removed top 1 bits (of 16) from port B of cell tt_um_danieltyukov_int8_npu.$flatten\u_core.\u_array.\g_row[3].g_col[1].u_pe.\u_mul.\g_bw.g_wallace.u_tree.\genblk1.g_reduce.u_next.$or$/home/danieltyukov/workspace/personal/tt-ihp-int8-npu/src/npu_csa_reduce.sv:53$2079 ($or).
Removed top 1 bits (of 16) from port Y of cell tt_um_danieltyukov_int8_npu.$flatten\u_core.\u_array.\g_row[3].g_col[1].u_pe.\u_mul.\g_bw.g_wallace.u_tree.\genblk1.g_reduce.u_next.\genblk1.g_reduce.u_next.\genblk1.g_reduce.u_next.$or$/home/danieltyukov/workspace/personal/tt-ihp-int8-npu/src/npu_csa_reduce.sv:53$1938 ($or).
Removed top 1 bits (of 16) from port A of cell tt_um_danieltyukov_int8_npu.$flatten\u_core.\u_array.\g_row[3].g_col[1].u_pe.\u_mul.\g_bw.g_wallace.u_tree.\genblk1.g_reduce.u_next.\genblk1.g_reduce.u_next.\genblk1.g_reduce.u_next.$or$/home/danieltyukov/workspace/personal/tt-ihp-int8-npu/src/npu_csa_reduce.sv:53$1938 ($or).
Removed top 1 bits (of 16) from port B of cell tt_um_danieltyukov_int8_npu.$flatten\u_core.\u_array.\g_row[3].g_col[1].u_pe.\u_mul.\g_bw.g_wallace.u_tree.\genblk1.g_reduce.u_next.\genblk1.g_reduce.u_next.\genblk1.g_reduce.u_next.$or$/home/danieltyukov/workspace/personal/tt-ihp-int8-npu/src/npu_csa_reduce.sv:53$1938 ($or).
Removed top 1 bits (of 16) from port Y of cell tt_um_danieltyukov_int8_npu.$flatten\u_core.\u_array.\g_row[3].g_col[1].u_pe.\u_mul.\g_bw.g_wallace.u_tree.\genblk1.g_reduce.u_next.\genblk1.g_reduce.u_next.$or$/home/danieltyukov/workspace/personal/tt-ihp-int8-npu/src/npu_csa_reduce.sv:53$2087 ($or).
Removed top 1 bits (of 16) from port A of cell tt_um_danieltyukov_int8_npu.$flatten\u_core.\u_array.\g_row[3].g_col[1].u_pe.\u_mul.\g_bw.g_wallace.u_tree.\genblk1.g_reduce.u_next.\genblk1.g_reduce.u_next.$or$/home/danieltyukov/workspace/personal/tt-ihp-int8-npu/src/npu_csa_reduce.sv:53$2087 ($or).
Removed top 1 bits (of 16) from port B of cell tt_um_danieltyukov_int8_npu.$flatten\u_core.\u_array.\g_row[3].g_col[1].u_pe.\u_mul.\g_bw.g_wallace.u_tree.\genblk1.g_reduce.u_next.\genblk1.g_reduce.u_next.$or$/home/danieltyukov/workspace/personal/tt-ihp-int8-npu/src/npu_csa_reduce.sv:53$2087 ($or).
Removed top 1 bits (of 16) from port Y of cell tt_um_danieltyukov_int8_npu.$flatten\u_core.\u_array.\g_row[3].g_col[1].u_pe.\u_mul.\g_bw.g_wallace.u_tree.\genblk1.g_reduce.u_next.\genblk1.g_reduce.u_next.$and$/home/danieltyukov/workspace/personal/tt-ihp-int8-npu/src/npu_csa_reduce.sv:53$2086 ($and).
Removed top 1 bits (of 16) from port A of cell tt_um_danieltyukov_int8_npu.$flatten\u_core.\u_array.\g_row[3].g_col[1].u_pe.\u_mul.\g_bw.g_wallace.u_tree.\genblk1.g_reduce.u_next.\genblk1.g_reduce.u_next.$and$/home/danieltyukov/workspace/personal/tt-ihp-int8-npu/src/npu_csa_reduce.sv:53$2086 ($and).
Removed top 1 bits (of 16) from port B of cell tt_um_danieltyukov_int8_npu.$flatten\u_core.\u_array.\g_row[3].g_col[1].u_pe.\u_mul.\g_bw.g_wallace.u_tree.\genblk1.g_reduce.u_next.\genblk1.g_reduce.u_next.$and$/home/danieltyukov/workspace/personal/tt-ihp-int8-npu/src/npu_csa_reduce.sv:53$2086 ($and).
Removed top 1 bits (of 16) from port Y of cell tt_um_danieltyukov_int8_npu.$flatten\u_core.\u_array.\g_row[3].g_col[1].u_pe.\u_mul.\g_bw.g_wallace.u_tree.\genblk1.g_reduce.u_next.\genblk1.g_reduce.u_next.$or$/home/danieltyukov/workspace/personal/tt-ihp-int8-npu/src/npu_csa_reduce.sv:53$2085 ($or).
Removed top 1 bits (of 16) from port A of cell tt_um_danieltyukov_int8_npu.$flatten\u_core.\u_array.\g_row[3].g_col[1].u_pe.\u_mul.\g_bw.g_wallace.u_tree.\genblk1.g_reduce.u_next.\genblk1.g_reduce.u_next.$or$/home/danieltyukov/workspace/personal/tt-ihp-int8-npu/src/npu_csa_reduce.sv:53$2085 ($or).
Removed top 1 bits (of 16) from port B of cell tt_um_danieltyukov_int8_npu.$flatten\u_core.\u_array.\g_row[3].g_col[1].u_pe.\u_mul.\g_bw.g_wallace.u_tree.\genblk1.g_reduce.u_next.\genblk1.g_reduce.u_next.$or$/home/danieltyukov/workspace/personal/tt-ihp-int8-npu/src/npu_csa_reduce.sv:53$2085 ($or).
Removed top 1 bits (of 16) from port Y of cell tt_um_danieltyukov_int8_npu.$flatten\u_core.\u_array.\g_row[3].g_col[1].u_pe.\u_mul.\g_bw.g_wallace.u_tree.\genblk1.g_reduce.u_next.\genblk1.g_reduce.u_next.$and$/home/danieltyukov/workspace/personal/tt-ihp-int8-npu/src/npu_csa_reduce.sv:53$2084 ($and).
Removed top 1 bits (of 16) from port A of cell tt_um_danieltyukov_int8_npu.$flatten\u_core.\u_array.\g_row[3].g_col[1].u_pe.\u_mul.\g_bw.g_wallace.u_tree.\genblk1.g_reduce.u_next.\genblk1.g_reduce.u_next.$and$/home/danieltyukov/workspace/personal/tt-ihp-int8-npu/src/npu_csa_reduce.sv:53$2084 ($and).
Removed top 1 bits (of 16) from port B of cell tt_um_danieltyukov_int8_npu.$flatten\u_core.\u_array.\g_row[3].g_col[1].u_pe.\u_mul.\g_bw.g_wallace.u_tree.\genblk1.g_reduce.u_next.\genblk1.g_reduce.u_next.$and$/home/danieltyukov/workspace/personal/tt-ihp-int8-npu/src/npu_csa_reduce.sv:53$2084 ($and).
Removed top 1 bits (of 16) from port Y of cell tt_um_danieltyukov_int8_npu.$flatten\u_core.\u_array.\g_row[3].g_col[1].u_pe.\u_mul.\g_bw.g_wallace.u_tree.\genblk1.g_reduce.u_next.\genblk1.g_reduce.u_next.$and$/home/danieltyukov/workspace/personal/tt-ihp-int8-npu/src/npu_csa_reduce.sv:53$2083 ($and).
Removed top 1 bits (of 16) from port A of cell tt_um_danieltyukov_int8_npu.$flatten\u_core.\u_array.\g_row[3].g_col[1].u_pe.\u_mul.\g_bw.g_wallace.u_tree.\genblk1.g_reduce.u_next.\genblk1.g_reduce.u_next.$and$/home/danieltyukov/workspace/personal/tt-ihp-int8-npu/src/npu_csa_reduce.sv:53$2083 ($and).
Removed top 1 bits (of 16) from port B of cell tt_um_danieltyukov_int8_npu.$flatten\u_core.\u_array.\g_row[3].g_col[1].u_pe.\u_mul.\g_bw.g_wallace.u_tree.\genblk1.g_reduce.u_next.\genblk1.g_reduce.u_next.$and$/home/danieltyukov/workspace/personal/tt-ihp-int8-npu/src/npu_csa_reduce.sv:53$2083 ($and).
Removed top 7 bits (of 16) from port B of cell tt_um_danieltyukov_int8_npu.$flatten\u_core.\u_array.\g_row[3].g_col[1].u_pe.\u_mul.\g_bw.g_wallace.u_tree.$or$/home/danieltyukov/workspace/personal/tt-ihp-int8-npu/src/npu_csa_reduce.sv:53$1960 ($or).
Removed top 1 bits (of 16) from port Y of cell tt_um_danieltyukov_int8_npu.$flatten\u_core.\u_array.\g_row[3].g_col[1].u_pe.\u_mul.\g_bw.g_wallace.u_tree.$or$/home/danieltyukov/workspace/personal/tt-ihp-int8-npu/src/npu_csa_reduce.sv:53$1960 ($or).
Removed top 1 bits (of 16) from port A of cell tt_um_danieltyukov_int8_npu.$flatten\u_core.\u_array.\g_row[3].g_col[1].u_pe.\u_mul.\g_bw.g_wallace.u_tree.$or$/home/danieltyukov/workspace/personal/tt-ihp-int8-npu/src/npu_csa_reduce.sv:53$1960 ($or).
Removed top 7 bits (of 16) from port B of cell tt_um_danieltyukov_int8_npu.$flatten\u_core.\u_array.\g_row[3].g_col[1].u_pe.\u_mul.\g_bw.g_wallace.u_tree.$or$/home/danieltyukov/workspace/personal/tt-ihp-int8-npu/src/npu_csa_reduce.sv:53$1958 ($or).
Removed top 1 bits (of 16) from port Y of cell tt_um_danieltyukov_int8_npu.$flatten\u_core.\u_array.\g_row[3].g_col[1].u_pe.\u_mul.\g_bw.g_wallace.u_tree.$or$/home/danieltyukov/workspace/personal/tt-ihp-int8-npu/src/npu_csa_reduce.sv:53$1958 ($or).
Removed top 1 bits (of 16) from port A of cell tt_um_danieltyukov_int8_npu.$flatten\u_core.\u_array.\g_row[3].g_col[1].u_pe.\u_mul.\g_bw.g_wallace.u_tree.$or$/home/danieltyukov/workspace/personal/tt-ihp-int8-npu/src/npu_csa_reduce.sv:53$1958 ($or).
Removed top 2 bits (of 16) from port A of cell tt_um_danieltyukov_int8_npu.$flatten\u_core.\u_array.\g_row[3].g_col[1].u_pe.\u_mul.\g_bw.g_wallace.u_tree.$and$/home/danieltyukov/workspace/personal/tt-ihp-int8-npu/src/npu_csa_reduce.sv:53$1956 ($and).
Removed top 1 bits (of 16) from port B of cell tt_um_danieltyukov_int8_npu.$flatten\u_core.\u_array.\g_row[3].g_col[1].u_pe.\u_mul.\g_bw.g_wallace.u_tree.$and$/home/danieltyukov/workspace/personal/tt-ihp-int8-npu/src/npu_csa_reduce.sv:53$1956 ($and).
Removed top 1 bits (of 16) from port Y of cell tt_um_danieltyukov_int8_npu.$flatten\u_core.\u_array.\g_row[3].g_col[1].u_pe.\u_mul.\g_bw.g_wallace.u_tree.$and$/home/danieltyukov/workspace/personal/tt-ihp-int8-npu/src/npu_csa_reduce.sv:53$1956 ($and).
Removed top 2 bits (of 16) from port A of cell tt_um_danieltyukov_int8_npu.$flatten\u_core.\u_array.\g_row[3].g_col[1].u_pe.\u_mul.\g_bw.g_wallace.u_tree.$xor$/home/danieltyukov/workspace/personal/tt-ihp-int8-npu/src/npu_csa_reduce.sv:49$1954 ($xor).
Removed top 1 bits (of 16) from port B of cell tt_um_danieltyukov_int8_npu.$flatten\u_core.\u_array.\g_row[3].g_col[1].u_pe.\u_mul.\g_bw.g_wallace.u_tree.$xor$/home/danieltyukov/workspace/personal/tt-ihp-int8-npu/src/npu_csa_reduce.sv:49$1954 ($xor).
Removed top 1 bits (of 16) from port Y of cell tt_um_danieltyukov_int8_npu.$flatten\u_core.\u_array.\g_row[3].g_col[1].u_pe.\u_mul.\g_bw.g_wallace.u_tree.$xor$/home/danieltyukov/workspace/personal/tt-ihp-int8-npu/src/npu_csa_reduce.sv:49$1954 ($xor).
Removed top 1 bits (of 16) from port Y of cell tt_um_danieltyukov_int8_npu.$flatten\u_core.\u_array.\g_row[3].g_col[1].u_pe.\u_mul.\g_bw.g_wallace.u_tree.$or$/home/danieltyukov/workspace/personal/tt-ihp-int8-npu/src/npu_csa_reduce.sv:53$1953 ($or).
Removed top 1 bits (of 16) from port A of cell tt_um_danieltyukov_int8_npu.$flatten\u_core.\u_array.\g_row[3].g_col[1].u_pe.\u_mul.\g_bw.g_wallace.u_tree.$or$/home/danieltyukov/workspace/personal/tt-ihp-int8-npu/src/npu_csa_reduce.sv:53$1953 ($or).
Removed top 1 bits (of 16) from port B of cell tt_um_danieltyukov_int8_npu.$flatten\u_core.\u_array.\g_row[3].g_col[1].u_pe.\u_mul.\g_bw.g_wallace.u_tree.$or$/home/danieltyukov/workspace/personal/tt-ihp-int8-npu/src/npu_csa_reduce.sv:53$1953 ($or).
Removed top 4 bits (of 16) from port A of cell tt_um_danieltyukov_int8_npu.$flatten\u_core.\u_array.\g_row[3].g_col[1].u_pe.\u_mul.\g_bw.g_wallace.u_tree.$and$/home/danieltyukov/workspace/personal/tt-ihp-int8-npu/src/npu_csa_reduce.sv:53$1952 ($and).
Removed top 3 bits (of 16) from port B of cell tt_um_danieltyukov_int8_npu.$flatten\u_core.\u_array.\g_row[3].g_col[1].u_pe.\u_mul.\g_bw.g_wallace.u_tree.$and$/home/danieltyukov/workspace/personal/tt-ihp-int8-npu/src/npu_csa_reduce.sv:53$1952 ($and).
Removed top 3 bits (of 16) from port Y of cell tt_um_danieltyukov_int8_npu.$flatten\u_core.\u_array.\g_row[3].g_col[1].u_pe.\u_mul.\g_bw.g_wallace.u_tree.$and$/home/danieltyukov/workspace/personal/tt-ihp-int8-npu/src/npu_csa_reduce.sv:53$1952 ($and).
Removed top 1 bits (of 16) from port Y of cell tt_um_danieltyukov_int8_npu.$flatten\u_core.\u_array.\g_row[3].g_col[1].u_pe.\u_mul.\g_bw.g_wallace.u_tree.$or$/home/danieltyukov/workspace/personal/tt-ihp-int8-npu/src/npu_csa_reduce.sv:53$1951 ($or).
Removed top 1 bits (of 16) from port A of cell tt_um_danieltyukov_int8_npu.$flatten\u_core.\u_array.\g_row[3].g_col[1].u_pe.\u_mul.\g_bw.g_wallace.u_tree.$or$/home/danieltyukov/workspace/personal/tt-ihp-int8-npu/src/npu_csa_reduce.sv:53$1951 ($or).
Removed top 1 bits (of 16) from port B of cell tt_um_danieltyukov_int8_npu.$flatten\u_core.\u_array.\g_row[3].g_col[1].u_pe.\u_mul.\g_bw.g_wallace.u_tree.$or$/home/danieltyukov/workspace/personal/tt-ihp-int8-npu/src/npu_csa_reduce.sv:53$1951 ($or).
Removed top 5 bits (of 16) from port A of cell tt_um_danieltyukov_int8_npu.$flatten\u_core.\u_array.\g_row[3].g_col[1].u_pe.\u_mul.\g_bw.g_wallace.u_tree.$and$/home/danieltyukov/workspace/personal/tt-ihp-int8-npu/src/npu_csa_reduce.sv:53$1950 ($and).
Removed top 3 bits (of 16) from port B of cell tt_um_danieltyukov_int8_npu.$flatten\u_core.\u_array.\g_row[3].g_col[1].u_pe.\u_mul.\g_bw.g_wallace.u_tree.$and$/home/danieltyukov/workspace/personal/tt-ihp-int8-npu/src/npu_csa_reduce.sv:53$1950 ($and).
Removed top 3 bits (of 16) from port Y of cell tt_um_danieltyukov_int8_npu.$flatten\u_core.\u_array.\g_row[3].g_col[1].u_pe.\u_mul.\g_bw.g_wallace.u_tree.$and$/home/danieltyukov/workspace/personal/tt-ihp-int8-npu/src/npu_csa_reduce.sv:53$1950 ($and).
Removed top 5 bits (of 16) from port A of cell tt_um_danieltyukov_int8_npu.$flatten\u_core.\u_array.\g_row[3].g_col[1].u_pe.\u_mul.\g_bw.g_wallace.u_tree.$and$/home/danieltyukov/workspace/personal/tt-ihp-int8-npu/src/npu_csa_reduce.sv:53$1949 ($and).
Removed top 4 bits (of 16) from port B of cell tt_um_danieltyukov_int8_npu.$flatten\u_core.\u_array.\g_row[3].g_col[1].u_pe.\u_mul.\g_bw.g_wallace.u_tree.$and$/home/danieltyukov/workspace/personal/tt-ihp-int8-npu/src/npu_csa_reduce.sv:53$1949 ($and).
Removed top 4 bits (of 16) from port Y of cell tt_um_danieltyukov_int8_npu.$flatten\u_core.\u_array.\g_row[3].g_col[1].u_pe.\u_mul.\g_bw.g_wallace.u_tree.$and$/home/danieltyukov/workspace/personal/tt-ihp-int8-npu/src/npu_csa_reduce.sv:53$1949 ($and).
Removed top 3 bits (of 16) from port B of cell tt_um_danieltyukov_int8_npu.$flatten\u_core.\u_array.\g_row[3].g_col[1].u_pe.\u_mul.\g_bw.g_wallace.u_tree.$xor$/home/danieltyukov/workspace/personal/tt-ihp-int8-npu/src/npu_csa_reduce.sv:49$1948 ($xor).
Removed top 5 bits (of 16) from port A of cell tt_um_danieltyukov_int8_npu.$flatten\u_core.\u_array.\g_row[3].g_col[1].u_pe.\u_mul.\g_bw.g_wallace.u_tree.$xor$/home/danieltyukov/workspace/personal/tt-ihp-int8-npu/src/npu_csa_reduce.sv:49$1947 ($xor).
Removed top 4 bits (of 16) from port B of cell tt_um_danieltyukov_int8_npu.$flatten\u_core.\u_array.\g_row[3].g_col[1].u_pe.\u_mul.\g_bw.g_wallace.u_tree.$xor$/home/danieltyukov/workspace/personal/tt-ihp-int8-npu/src/npu_csa_reduce.sv:49$1947 ($xor).
Removed top 4 bits (of 16) from port Y of cell tt_um_danieltyukov_int8_npu.$flatten\u_core.\u_array.\g_row[3].g_col[1].u_pe.\u_mul.\g_bw.g_wallace.u_tree.$xor$/home/danieltyukov/workspace/personal/tt-ihp-int8-npu/src/npu_csa_reduce.sv:49$1947 ($xor).
Removed top 1 bits (of 16) from port Y of cell tt_um_danieltyukov_int8_npu.$flatten\u_core.\u_array.\g_row[3].g_col[1].u_pe.\u_mul.\g_bw.g_wallace.u_tree.$or$/home/danieltyukov/workspace/personal/tt-ihp-int8-npu/src/npu_csa_reduce.sv:53$1946 ($or).
Removed top 1 bits (of 16) from port A of cell tt_um_danieltyukov_int8_npu.$flatten\u_core.\u_array.\g_row[3].g_col[1].u_pe.\u_mul.\g_bw.g_wallace.u_tree.$or$/home/danieltyukov/workspace/personal/tt-ihp-int8-npu/src/npu_csa_reduce.sv:53$1946 ($or).
Removed top 1 bits (of 16) from port B of cell tt_um_danieltyukov_int8_npu.$flatten\u_core.\u_array.\g_row[3].g_col[1].u_pe.\u_mul.\g_bw.g_wallace.u_tree.$or$/home/danieltyukov/workspace/personal/tt-ihp-int8-npu/src/npu_csa_reduce.sv:53$1946 ($or).
Removed top 7 bits (of 16) from port A of cell tt_um_danieltyukov_int8_npu.$flatten\u_core.\u_array.\g_row[3].g_col[1].u_pe.\u_mul.\g_bw.g_wallace.u_tree.$and$/home/danieltyukov/workspace/personal/tt-ihp-int8-npu/src/npu_csa_reduce.sv:53$1945 ($and).
Removed top 6 bits (of 16) from port B of cell tt_um_danieltyukov_int8_npu.$flatten\u_core.\u_array.\g_row[3].g_col[1].u_pe.\u_mul.\g_bw.g_wallace.u_tree.$and$/home/danieltyukov/workspace/personal/tt-ihp-int8-npu/src/npu_csa_reduce.sv:53$1945 ($and).
Removed top 6 bits (of 16) from port Y of cell tt_um_danieltyukov_int8_npu.$flatten\u_core.\u_array.\g_row[3].g_col[1].u_pe.\u_mul.\g_bw.g_wallace.u_tree.$and$/home/danieltyukov/workspace/personal/tt-ihp-int8-npu/src/npu_csa_reduce.sv:53$1945 ($and).
Removed top 1 bits (of 16) from port Y of cell tt_um_danieltyukov_int8_npu.$flatten\u_core.\u_array.\g_row[3].g_col[1].u_pe.\u_mul.\g_bw.g_wallace.u_tree.$or$/home/danieltyukov/workspace/personal/tt-ihp-int8-npu/src/npu_csa_reduce.sv:53$1944 ($or).
Removed top 1 bits (of 16) from port A of cell tt_um_danieltyukov_int8_npu.$flatten\u_core.\u_array.\g_row[3].g_col[1].u_pe.\u_mul.\g_bw.g_wallace.u_tree.$or$/home/danieltyukov/workspace/personal/tt-ihp-int8-npu/src/npu_csa_reduce.sv:53$1944 ($or).
Removed top 1 bits (of 16) from port B of cell tt_um_danieltyukov_int8_npu.$flatten\u_core.\u_array.\g_row[3].g_col[1].u_pe.\u_mul.\g_bw.g_wallace.u_tree.$or$/home/danieltyukov/workspace/personal/tt-ihp-int8-npu/src/npu_csa_reduce.sv:53$1944 ($or).
Removed top 8 bits (of 16) from port A of cell tt_um_danieltyukov_int8_npu.$flatten\u_core.\u_array.\g_row[3].g_col[1].u_pe.\u_mul.\g_bw.g_wallace.u_tree.$and$/home/danieltyukov/workspace/personal/tt-ihp-int8-npu/src/npu_csa_reduce.sv:53$1943 ($and).
Removed top 6 bits (of 16) from port B of cell tt_um_danieltyukov_int8_npu.$flatten\u_core.\u_array.\g_row[3].g_col[1].u_pe.\u_mul.\g_bw.g_wallace.u_tree.$and$/home/danieltyukov/workspace/personal/tt-ihp-int8-npu/src/npu_csa_reduce.sv:53$1943 ($and).
Removed top 6 bits (of 16) from port Y of cell tt_um_danieltyukov_int8_npu.$flatten\u_core.\u_array.\g_row[3].g_col[1].u_pe.\u_mul.\g_bw.g_wallace.u_tree.$and$/home/danieltyukov/workspace/personal/tt-ihp-int8-npu/src/npu_csa_reduce.sv:53$1943 ($and).
Removed top 8 bits (of 16) from port A of cell tt_um_danieltyukov_int8_npu.$flatten\u_core.\u_array.\g_row[3].g_col[1].u_pe.\u_mul.\g_bw.g_wallace.u_tree.$and$/home/danieltyukov/workspace/personal/tt-ihp-int8-npu/src/npu_csa_reduce.sv:53$1942 ($and).
Removed top 7 bits (of 16) from port B of cell tt_um_danieltyukov_int8_npu.$flatten\u_core.\u_array.\g_row[3].g_col[1].u_pe.\u_mul.\g_bw.g_wallace.u_tree.$and$/home/danieltyukov/workspace/personal/tt-ihp-int8-npu/src/npu_csa_reduce.sv:53$1942 ($and).
Removed top 7 bits (of 16) from port Y of cell tt_um_danieltyukov_int8_npu.$flatten\u_core.\u_array.\g_row[3].g_col[1].u_pe.\u_mul.\g_bw.g_wallace.u_tree.$and$/home/danieltyukov/workspace/personal/tt-ihp-int8-npu/src/npu_csa_reduce.sv:53$1942 ($and).
Removed top 7 bits (of 16) from port A of cell tt_um_danieltyukov_int8_npu.$flatten\u_core.\u_array.\g_row[3].g_col[1].u_pe.\u_mul.\g_bw.g_wallace.u_tree.$xor$/home/danieltyukov/workspace/personal/tt-ihp-int8-npu/src/npu_csa_reduce.sv:49$1941 ($xor).
Removed top 6 bits (of 16) from port B of cell tt_um_danieltyukov_int8_npu.$flatten\u_core.\u_array.\g_row[3].g_col[1].u_pe.\u_mul.\g_bw.g_wallace.u_tree.$xor$/home/danieltyukov/workspace/personal/tt-ihp-int8-npu/src/npu_csa_reduce.sv:49$1941 ($xor).
Removed top 6 bits (of 16) from port Y of cell tt_um_danieltyukov_int8_npu.$flatten\u_core.\u_array.\g_row[3].g_col[1].u_pe.\u_mul.\g_bw.g_wallace.u_tree.$xor$/home/danieltyukov/workspace/personal/tt-ihp-int8-npu/src/npu_csa_reduce.sv:49$1941 ($xor).
Removed top 1 bits (of 19) from port Y of cell tt_um_danieltyukov_int8_npu.$flatten\u_core.\u_array.\g_row[3].g_col[2].u_pe.\u_add.$and$/home/danieltyukov/workspace/personal/tt-ihp-int8-npu/src/npu_adder.sv:60$1807 ($and).
Removed top 1 bits (of 19) from port A of cell tt_um_danieltyukov_int8_npu.$flatten\u_core.\u_array.\g_row[3].g_col[2].u_pe.\u_add.$and$/home/danieltyukov/workspace/personal/tt-ihp-int8-npu/src/npu_adder.sv:60$1807 ($and).
Removed top 1 bits (of 19) from port B of cell tt_um_danieltyukov_int8_npu.$flatten\u_core.\u_array.\g_row[3].g_col[2].u_pe.\u_add.$and$/home/danieltyukov/workspace/personal/tt-ihp-int8-npu/src/npu_adder.sv:60$1807 ($and).
Removed top 8 bits (of 16) from port A of cell tt_um_danieltyukov_int8_npu.$flatten\u_core.\u_array.\g_row[3].g_col[2].u_pe.\u_mul.\g_bw.g_wallace.u_tree.$xor$/home/danieltyukov/workspace/personal/tt-ihp-int8-npu/src/npu_csa_reduce.sv:49$1940 ($xor).
Removed top 7 bits (of 16) from port B of cell tt_um_danieltyukov_int8_npu.$flatten\u_core.\u_array.\g_row[3].g_col[2].u_pe.\u_mul.\g_bw.g_wallace.u_tree.$xor$/home/danieltyukov/workspace/personal/tt-ihp-int8-npu/src/npu_csa_reduce.sv:49$1940 ($xor).
Removed top 7 bits (of 16) from port Y of cell tt_um_danieltyukov_int8_npu.$flatten\u_core.\u_array.\g_row[3].g_col[2].u_pe.\u_mul.\g_bw.g_wallace.u_tree.$xor$/home/danieltyukov/workspace/personal/tt-ihp-int8-npu/src/npu_csa_reduce.sv:49$1940 ($xor).
Removed top 1 bits (of 16) from port Y of cell tt_um_danieltyukov_int8_npu.$flatten\u_core.\u_array.\g_row[3].g_col[2].u_pe.\u_mul.\u_cpa.$and$/home/danieltyukov/workspace/personal/tt-ihp-int8-npu/src/npu_adder.sv:60$1963 ($and).
Removed top 1 bits (of 16) from port A of cell tt_um_danieltyukov_int8_npu.$flatten\u_core.\u_array.\g_row[3].g_col[2].u_pe.\u_mul.\u_cpa.$and$/home/danieltyukov/workspace/personal/tt-ihp-int8-npu/src/npu_adder.sv:60$1963 ($and).
Removed top 1 bits (of 16) from port B of cell tt_um_danieltyukov_int8_npu.$flatten\u_core.\u_array.\g_row[3].g_col[2].u_pe.\u_mul.\u_cpa.$and$/home/danieltyukov/workspace/personal/tt-ihp-int8-npu/src/npu_adder.sv:60$1963 ($and).
Removed top 1 bits (of 16) from port Y of cell tt_um_danieltyukov_int8_npu.$flatten\u_core.\u_array.\g_row[3].g_col[2].u_pe.\u_mul.\g_bw.g_wallace.u_tree.\genblk1.g_reduce.u_next.$or$/home/danieltyukov/workspace/personal/tt-ihp-int8-npu/src/npu_csa_reduce.sv:53$2072 ($or).
Removed top 1 bits (of 16) from port A of cell tt_um_danieltyukov_int8_npu.$flatten\u_core.\u_array.\g_row[3].g_col[2].u_pe.\u_mul.\g_bw.g_wallace.u_tree.\genblk1.g_reduce.u_next.$or$/home/danieltyukov/workspace/personal/tt-ihp-int8-npu/src/npu_csa_reduce.sv:53$2072 ($or).
Removed top 1 bits (of 16) from port B of cell tt_um_danieltyukov_int8_npu.$flatten\u_core.\u_array.\g_row[3].g_col[2].u_pe.\u_mul.\g_bw.g_wallace.u_tree.\genblk1.g_reduce.u_next.$or$/home/danieltyukov/workspace/personal/tt-ihp-int8-npu/src/npu_csa_reduce.sv:53$2072 ($or).
Removed top 1 bits (of 16) from port Y of cell tt_um_danieltyukov_int8_npu.$flatten\u_core.\u_array.\g_row[3].g_col[2].u_pe.\u_mul.\g_bw.g_wallace.u_tree.\genblk1.g_reduce.u_next.$or$/home/danieltyukov/workspace/personal/tt-ihp-int8-npu/src/npu_csa_reduce.sv:53$2079 ($or).
Removed top 1 bits (of 16) from port A of cell tt_um_danieltyukov_int8_npu.$flatten\u_core.\u_array.\g_row[3].g_col[2].u_pe.\u_mul.\g_bw.g_wallace.u_tree.\genblk1.g_reduce.u_next.$or$/home/danieltyukov/workspace/personal/tt-ihp-int8-npu/src/npu_csa_reduce.sv:53$2079 ($or).
Removed top 1 bits (of 16) from port B of cell tt_um_danieltyukov_int8_npu.$flatten\u_core.\u_array.\g_row[3].g_col[2].u_pe.\u_mul.\g_bw.g_wallace.u_tree.\genblk1.g_reduce.u_next.$or$/home/danieltyukov/workspace/personal/tt-ihp-int8-npu/src/npu_csa_reduce.sv:53$2079 ($or).
Removed top 1 bits (of 16) from port Y of cell tt_um_danieltyukov_int8_npu.$flatten\u_core.\u_array.\g_row[3].g_col[2].u_pe.\u_mul.\g_bw.g_wallace.u_tree.\genblk1.g_reduce.u_next.\genblk1.g_reduce.u_next.\genblk1.g_reduce.u_next.$or$/home/danieltyukov/workspace/personal/tt-ihp-int8-npu/src/npu_csa_reduce.sv:53$1938 ($or).
Removed top 1 bits (of 16) from port A of cell tt_um_danieltyukov_int8_npu.$flatten\u_core.\u_array.\g_row[3].g_col[2].u_pe.\u_mul.\g_bw.g_wallace.u_tree.\genblk1.g_reduce.u_next.\genblk1.g_reduce.u_next.\genblk1.g_reduce.u_next.$or$/home/danieltyukov/workspace/personal/tt-ihp-int8-npu/src/npu_csa_reduce.sv:53$1938 ($or).
Removed top 1 bits (of 16) from port B of cell tt_um_danieltyukov_int8_npu.$flatten\u_core.\u_array.\g_row[3].g_col[2].u_pe.\u_mul.\g_bw.g_wallace.u_tree.\genblk1.g_reduce.u_next.\genblk1.g_reduce.u_next.\genblk1.g_reduce.u_next.$or$/home/danieltyukov/workspace/personal/tt-ihp-int8-npu/src/npu_csa_reduce.sv:53$1938 ($or).
Removed top 1 bits (of 16) from port Y of cell tt_um_danieltyukov_int8_npu.$flatten\u_core.\u_array.\g_row[3].g_col[2].u_pe.\u_mul.\g_bw.g_wallace.u_tree.\genblk1.g_reduce.u_next.\genblk1.g_reduce.u_next.$or$/home/danieltyukov/workspace/personal/tt-ihp-int8-npu/src/npu_csa_reduce.sv:53$2087 ($or).
Removed top 1 bits (of 16) from port A of cell tt_um_danieltyukov_int8_npu.$flatten\u_core.\u_array.\g_row[3].g_col[2].u_pe.\u_mul.\g_bw.g_wallace.u_tree.\genblk1.g_reduce.u_next.\genblk1.g_reduce.u_next.$or$/home/danieltyukov/workspace/personal/tt-ihp-int8-npu/src/npu_csa_reduce.sv:53$2087 ($or).
Removed top 1 bits (of 16) from port B of cell tt_um_danieltyukov_int8_npu.$flatten\u_core.\u_array.\g_row[3].g_col[2].u_pe.\u_mul.\g_bw.g_wallace.u_tree.\genblk1.g_reduce.u_next.\genblk1.g_reduce.u_next.$or$/home/danieltyukov/workspace/personal/tt-ihp-int8-npu/src/npu_csa_reduce.sv:53$2087 ($or).
Removed top 1 bits (of 16) from port Y of cell tt_um_danieltyukov_int8_npu.$flatten\u_core.\u_array.\g_row[3].g_col[2].u_pe.\u_mul.\g_bw.g_wallace.u_tree.\genblk1.g_reduce.u_next.\genblk1.g_reduce.u_next.$and$/home/danieltyukov/workspace/personal/tt-ihp-int8-npu/src/npu_csa_reduce.sv:53$2086 ($and).
Removed top 1 bits (of 16) from port A of cell tt_um_danieltyukov_int8_npu.$flatten\u_core.\u_array.\g_row[3].g_col[2].u_pe.\u_mul.\g_bw.g_wallace.u_tree.\genblk1.g_reduce.u_next.\genblk1.g_reduce.u_next.$and$/home/danieltyukov/workspace/personal/tt-ihp-int8-npu/src/npu_csa_reduce.sv:53$2086 ($and).
Removed top 1 bits (of 16) from port B of cell tt_um_danieltyukov_int8_npu.$flatten\u_core.\u_array.\g_row[3].g_col[2].u_pe.\u_mul.\g_bw.g_wallace.u_tree.\genblk1.g_reduce.u_next.\genblk1.g_reduce.u_next.$and$/home/danieltyukov/workspace/personal/tt-ihp-int8-npu/src/npu_csa_reduce.sv:53$2086 ($and).
Removed top 1 bits (of 16) from port Y of cell tt_um_danieltyukov_int8_npu.$flatten\u_core.\u_array.\g_row[3].g_col[2].u_pe.\u_mul.\g_bw.g_wallace.u_tree.\genblk1.g_reduce.u_next.\genblk1.g_reduce.u_next.$or$/home/danieltyukov/workspace/personal/tt-ihp-int8-npu/src/npu_csa_reduce.sv:53$2085 ($or).
Removed top 1 bits (of 16) from port A of cell tt_um_danieltyukov_int8_npu.$flatten\u_core.\u_array.\g_row[3].g_col[2].u_pe.\u_mul.\g_bw.g_wallace.u_tree.\genblk1.g_reduce.u_next.\genblk1.g_reduce.u_next.$or$/home/danieltyukov/workspace/personal/tt-ihp-int8-npu/src/npu_csa_reduce.sv:53$2085 ($or).
Removed top 1 bits (of 16) from port B of cell tt_um_danieltyukov_int8_npu.$flatten\u_core.\u_array.\g_row[3].g_col[2].u_pe.\u_mul.\g_bw.g_wallace.u_tree.\genblk1.g_reduce.u_next.\genblk1.g_reduce.u_next.$or$/home/danieltyukov/workspace/personal/tt-ihp-int8-npu/src/npu_csa_reduce.sv:53$2085 ($or).
Removed top 1 bits (of 16) from port Y of cell tt_um_danieltyukov_int8_npu.$flatten\u_core.\u_array.\g_row[3].g_col[2].u_pe.\u_mul.\g_bw.g_wallace.u_tree.\genblk1.g_reduce.u_next.\genblk1.g_reduce.u_next.$and$/home/danieltyukov/workspace/personal/tt-ihp-int8-npu/src/npu_csa_reduce.sv:53$2084 ($and).
Removed top 1 bits (of 16) from port A of cell tt_um_danieltyukov_int8_npu.$flatten\u_core.\u_array.\g_row[3].g_col[2].u_pe.\u_mul.\g_bw.g_wallace.u_tree.\genblk1.g_reduce.u_next.\genblk1.g_reduce.u_next.$and$/home/danieltyukov/workspace/personal/tt-ihp-int8-npu/src/npu_csa_reduce.sv:53$2084 ($and).
Removed top 1 bits (of 16) from port B of cell tt_um_danieltyukov_int8_npu.$flatten\u_core.\u_array.\g_row[3].g_col[2].u_pe.\u_mul.\g_bw.g_wallace.u_tree.\genblk1.g_reduce.u_next.\genblk1.g_reduce.u_next.$and$/home/danieltyukov/workspace/personal/tt-ihp-int8-npu/src/npu_csa_reduce.sv:53$2084 ($and).
Removed top 1 bits (of 16) from port Y of cell tt_um_danieltyukov_int8_npu.$flatten\u_core.\u_array.\g_row[3].g_col[2].u_pe.\u_mul.\g_bw.g_wallace.u_tree.\genblk1.g_reduce.u_next.\genblk1.g_reduce.u_next.$and$/home/danieltyukov/workspace/personal/tt-ihp-int8-npu/src/npu_csa_reduce.sv:53$2083 ($and).
Removed top 1 bits (of 16) from port A of cell tt_um_danieltyukov_int8_npu.$flatten\u_core.\u_array.\g_row[3].g_col[2].u_pe.\u_mul.\g_bw.g_wallace.u_tree.\genblk1.g_reduce.u_next.\genblk1.g_reduce.u_next.$and$/home/danieltyukov/workspace/personal/tt-ihp-int8-npu/src/npu_csa_reduce.sv:53$2083 ($and).
Removed top 1 bits (of 16) from port B of cell tt_um_danieltyukov_int8_npu.$flatten\u_core.\u_array.\g_row[3].g_col[2].u_pe.\u_mul.\g_bw.g_wallace.u_tree.\genblk1.g_reduce.u_next.\genblk1.g_reduce.u_next.$and$/home/danieltyukov/workspace/personal/tt-ihp-int8-npu/src/npu_csa_reduce.sv:53$2083 ($and).
Removed top 7 bits (of 16) from port B of cell tt_um_danieltyukov_int8_npu.$flatten\u_core.\u_array.\g_row[3].g_col[2].u_pe.\u_mul.\g_bw.g_wallace.u_tree.$or$/home/danieltyukov/workspace/personal/tt-ihp-int8-npu/src/npu_csa_reduce.sv:53$1960 ($or).
Removed top 1 bits (of 16) from port Y of cell tt_um_danieltyukov_int8_npu.$flatten\u_core.\u_array.\g_row[3].g_col[2].u_pe.\u_mul.\g_bw.g_wallace.u_tree.$or$/home/danieltyukov/workspace/personal/tt-ihp-int8-npu/src/npu_csa_reduce.sv:53$1960 ($or).
Removed top 1 bits (of 16) from port A of cell tt_um_danieltyukov_int8_npu.$flatten\u_core.\u_array.\g_row[3].g_col[2].u_pe.\u_mul.\g_bw.g_wallace.u_tree.$or$/home/danieltyukov/workspace/personal/tt-ihp-int8-npu/src/npu_csa_reduce.sv:53$1960 ($or).
Removed top 7 bits (of 16) from port B of cell tt_um_danieltyukov_int8_npu.$flatten\u_core.\u_array.\g_row[3].g_col[2].u_pe.\u_mul.\g_bw.g_wallace.u_tree.$or$/home/danieltyukov/workspace/personal/tt-ihp-int8-npu/src/npu_csa_reduce.sv:53$1958 ($or).
Removed top 1 bits (of 16) from port Y of cell tt_um_danieltyukov_int8_npu.$flatten\u_core.\u_array.\g_row[3].g_col[2].u_pe.\u_mul.\g_bw.g_wallace.u_tree.$or$/home/danieltyukov/workspace/personal/tt-ihp-int8-npu/src/npu_csa_reduce.sv:53$1958 ($or).
Removed top 1 bits (of 16) from port A of cell tt_um_danieltyukov_int8_npu.$flatten\u_core.\u_array.\g_row[3].g_col[2].u_pe.\u_mul.\g_bw.g_wallace.u_tree.$or$/home/danieltyukov/workspace/personal/tt-ihp-int8-npu/src/npu_csa_reduce.sv:53$1958 ($or).
Removed top 1 bits (of 2) from port A of cell tt_um_danieltyukov_int8_npu.$auto$opt_expr.cc:706:replace_const_cells$3048 ($not).
Removed top 2 bits (of 16) from port A of cell tt_um_danieltyukov_int8_npu.$flatten\u_core.\u_array.\g_row[3].g_col[2].u_pe.\u_mul.\g_bw.g_wallace.u_tree.$and$/home/danieltyukov/workspace/personal/tt-ihp-int8-npu/src/npu_csa_reduce.sv:53$1956 ($and).
Removed top 1 bits (of 16) from port B of cell tt_um_danieltyukov_int8_npu.$flatten\u_core.\u_array.\g_row[3].g_col[2].u_pe.\u_mul.\g_bw.g_wallace.u_tree.$and$/home/danieltyukov/workspace/personal/tt-ihp-int8-npu/src/npu_csa_reduce.sv:53$1956 ($and).
Removed top 1 bits (of 16) from port Y of cell tt_um_danieltyukov_int8_npu.$flatten\u_core.\u_array.\g_row[3].g_col[2].u_pe.\u_mul.\g_bw.g_wallace.u_tree.$and$/home/danieltyukov/workspace/personal/tt-ihp-int8-npu/src/npu_csa_reduce.sv:53$1956 ($and).
Removed top 2 bits (of 16) from port A of cell tt_um_danieltyukov_int8_npu.$flatten\u_core.\u_array.\g_row[3].g_col[2].u_pe.\u_mul.\g_bw.g_wallace.u_tree.$xor$/home/danieltyukov/workspace/personal/tt-ihp-int8-npu/src/npu_csa_reduce.sv:49$1954 ($xor).
Removed top 1 bits (of 16) from port B of cell tt_um_danieltyukov_int8_npu.$flatten\u_core.\u_array.\g_row[3].g_col[2].u_pe.\u_mul.\g_bw.g_wallace.u_tree.$xor$/home/danieltyukov/workspace/personal/tt-ihp-int8-npu/src/npu_csa_reduce.sv:49$1954 ($xor).
Removed top 1 bits (of 16) from port Y of cell tt_um_danieltyukov_int8_npu.$flatten\u_core.\u_array.\g_row[3].g_col[2].u_pe.\u_mul.\g_bw.g_wallace.u_tree.$xor$/home/danieltyukov/workspace/personal/tt-ihp-int8-npu/src/npu_csa_reduce.sv:49$1954 ($xor).
Removed top 1 bits (of 16) from port Y of cell tt_um_danieltyukov_int8_npu.$flatten\u_core.\u_array.\g_row[3].g_col[2].u_pe.\u_mul.\g_bw.g_wallace.u_tree.$or$/home/danieltyukov/workspace/personal/tt-ihp-int8-npu/src/npu_csa_reduce.sv:53$1953 ($or).
Removed top 1 bits (of 16) from port A of cell tt_um_danieltyukov_int8_npu.$flatten\u_core.\u_array.\g_row[3].g_col[2].u_pe.\u_mul.\g_bw.g_wallace.u_tree.$or$/home/danieltyukov/workspace/personal/tt-ihp-int8-npu/src/npu_csa_reduce.sv:53$1953 ($or).
Removed top 1 bits (of 16) from port B of cell tt_um_danieltyukov_int8_npu.$flatten\u_core.\u_array.\g_row[3].g_col[2].u_pe.\u_mul.\g_bw.g_wallace.u_tree.$or$/home/danieltyukov/workspace/personal/tt-ihp-int8-npu/src/npu_csa_reduce.sv:53$1953 ($or).
Removed top 4 bits (of 16) from port A of cell tt_um_danieltyukov_int8_npu.$flatten\u_core.\u_array.\g_row[3].g_col[2].u_pe.\u_mul.\g_bw.g_wallace.u_tree.$and$/home/danieltyukov/workspace/personal/tt-ihp-int8-npu/src/npu_csa_reduce.sv:53$1952 ($and).
Removed top 3 bits (of 16) from port B of cell tt_um_danieltyukov_int8_npu.$flatten\u_core.\u_array.\g_row[3].g_col[2].u_pe.\u_mul.\g_bw.g_wallace.u_tree.$and$/home/danieltyukov/workspace/personal/tt-ihp-int8-npu/src/npu_csa_reduce.sv:53$1952 ($and).
Removed top 3 bits (of 16) from port Y of cell tt_um_danieltyukov_int8_npu.$flatten\u_core.\u_array.\g_row[3].g_col[2].u_pe.\u_mul.\g_bw.g_wallace.u_tree.$and$/home/danieltyukov/workspace/personal/tt-ihp-int8-npu/src/npu_csa_reduce.sv:53$1952 ($and).
Removed top 1 bits (of 16) from port Y of cell tt_um_danieltyukov_int8_npu.$flatten\u_core.\u_array.\g_row[3].g_col[2].u_pe.\u_mul.\g_bw.g_wallace.u_tree.$or$/home/danieltyukov/workspace/personal/tt-ihp-int8-npu/src/npu_csa_reduce.sv:53$1951 ($or).
Removed top 1 bits (of 16) from port A of cell tt_um_danieltyukov_int8_npu.$flatten\u_core.\u_array.\g_row[3].g_col[2].u_pe.\u_mul.\g_bw.g_wallace.u_tree.$or$/home/danieltyukov/workspace/personal/tt-ihp-int8-npu/src/npu_csa_reduce.sv:53$1951 ($or).
Removed top 1 bits (of 16) from port B of cell tt_um_danieltyukov_int8_npu.$flatten\u_core.\u_array.\g_row[3].g_col[2].u_pe.\u_mul.\g_bw.g_wallace.u_tree.$or$/home/danieltyukov/workspace/personal/tt-ihp-int8-npu/src/npu_csa_reduce.sv:53$1951 ($or).
Removed top 5 bits (of 16) from port A of cell tt_um_danieltyukov_int8_npu.$flatten\u_core.\u_array.\g_row[3].g_col[2].u_pe.\u_mul.\g_bw.g_wallace.u_tree.$and$/home/danieltyukov/workspace/personal/tt-ihp-int8-npu/src/npu_csa_reduce.sv:53$1950 ($and).
Removed top 3 bits (of 16) from port B of cell tt_um_danieltyukov_int8_npu.$flatten\u_core.\u_array.\g_row[3].g_col[2].u_pe.\u_mul.\g_bw.g_wallace.u_tree.$and$/home/danieltyukov/workspace/personal/tt-ihp-int8-npu/src/npu_csa_reduce.sv:53$1950 ($and).
Removed top 3 bits (of 16) from port Y of cell tt_um_danieltyukov_int8_npu.$flatten\u_core.\u_array.\g_row[3].g_col[2].u_pe.\u_mul.\g_bw.g_wallace.u_tree.$and$/home/danieltyukov/workspace/personal/tt-ihp-int8-npu/src/npu_csa_reduce.sv:53$1950 ($and).
Removed top 5 bits (of 16) from port A of cell tt_um_danieltyukov_int8_npu.$flatten\u_core.\u_array.\g_row[3].g_col[2].u_pe.\u_mul.\g_bw.g_wallace.u_tree.$and$/home/danieltyukov/workspace/personal/tt-ihp-int8-npu/src/npu_csa_reduce.sv:53$1949 ($and).
Removed top 4 bits (of 16) from port B of cell tt_um_danieltyukov_int8_npu.$flatten\u_core.\u_array.\g_row[3].g_col[2].u_pe.\u_mul.\g_bw.g_wallace.u_tree.$and$/home/danieltyukov/workspace/personal/tt-ihp-int8-npu/src/npu_csa_reduce.sv:53$1949 ($and).
Removed top 4 bits (of 16) from port Y of cell tt_um_danieltyukov_int8_npu.$flatten\u_core.\u_array.\g_row[3].g_col[2].u_pe.\u_mul.\g_bw.g_wallace.u_tree.$and$/home/danieltyukov/workspace/personal/tt-ihp-int8-npu/src/npu_csa_reduce.sv:53$1949 ($and).
Removed top 3 bits (of 16) from port B of cell tt_um_danieltyukov_int8_npu.$flatten\u_core.\u_array.\g_row[3].g_col[2].u_pe.\u_mul.\g_bw.g_wallace.u_tree.$xor$/home/danieltyukov/workspace/personal/tt-ihp-int8-npu/src/npu_csa_reduce.sv:49$1948 ($xor).
Removed top 5 bits (of 16) from port A of cell tt_um_danieltyukov_int8_npu.$flatten\u_core.\u_array.\g_row[3].g_col[2].u_pe.\u_mul.\g_bw.g_wallace.u_tree.$xor$/home/danieltyukov/workspace/personal/tt-ihp-int8-npu/src/npu_csa_reduce.sv:49$1947 ($xor).
Removed top 4 bits (of 16) from port B of cell tt_um_danieltyukov_int8_npu.$flatten\u_core.\u_array.\g_row[3].g_col[2].u_pe.\u_mul.\g_bw.g_wallace.u_tree.$xor$/home/danieltyukov/workspace/personal/tt-ihp-int8-npu/src/npu_csa_reduce.sv:49$1947 ($xor).
Removed top 4 bits (of 16) from port Y of cell tt_um_danieltyukov_int8_npu.$flatten\u_core.\u_array.\g_row[3].g_col[2].u_pe.\u_mul.\g_bw.g_wallace.u_tree.$xor$/home/danieltyukov/workspace/personal/tt-ihp-int8-npu/src/npu_csa_reduce.sv:49$1947 ($xor).
Removed top 1 bits (of 16) from port Y of cell tt_um_danieltyukov_int8_npu.$flatten\u_core.\u_array.\g_row[3].g_col[2].u_pe.\u_mul.\g_bw.g_wallace.u_tree.$or$/home/danieltyukov/workspace/personal/tt-ihp-int8-npu/src/npu_csa_reduce.sv:53$1946 ($or).
Removed top 1 bits (of 16) from port A of cell tt_um_danieltyukov_int8_npu.$flatten\u_core.\u_array.\g_row[3].g_col[2].u_pe.\u_mul.\g_bw.g_wallace.u_tree.$or$/home/danieltyukov/workspace/personal/tt-ihp-int8-npu/src/npu_csa_reduce.sv:53$1946 ($or).
Removed top 1 bits (of 16) from port B of cell tt_um_danieltyukov_int8_npu.$flatten\u_core.\u_array.\g_row[3].g_col[2].u_pe.\u_mul.\g_bw.g_wallace.u_tree.$or$/home/danieltyukov/workspace/personal/tt-ihp-int8-npu/src/npu_csa_reduce.sv:53$1946 ($or).
Removed top 7 bits (of 16) from port A of cell tt_um_danieltyukov_int8_npu.$flatten\u_core.\u_array.\g_row[3].g_col[2].u_pe.\u_mul.\g_bw.g_wallace.u_tree.$and$/home/danieltyukov/workspace/personal/tt-ihp-int8-npu/src/npu_csa_reduce.sv:53$1945 ($and).
Removed top 6 bits (of 16) from port B of cell tt_um_danieltyukov_int8_npu.$flatten\u_core.\u_array.\g_row[3].g_col[2].u_pe.\u_mul.\g_bw.g_wallace.u_tree.$and$/home/danieltyukov/workspace/personal/tt-ihp-int8-npu/src/npu_csa_reduce.sv:53$1945 ($and).
Removed top 6 bits (of 16) from port Y of cell tt_um_danieltyukov_int8_npu.$flatten\u_core.\u_array.\g_row[3].g_col[2].u_pe.\u_mul.\g_bw.g_wallace.u_tree.$and$/home/danieltyukov/workspace/personal/tt-ihp-int8-npu/src/npu_csa_reduce.sv:53$1945 ($and).
Removed top 1 bits (of 16) from port Y of cell tt_um_danieltyukov_int8_npu.$flatten\u_core.\u_array.\g_row[3].g_col[2].u_pe.\u_mul.\g_bw.g_wallace.u_tree.$or$/home/danieltyukov/workspace/personal/tt-ihp-int8-npu/src/npu_csa_reduce.sv:53$1944 ($or).
Removed top 1 bits (of 16) from port A of cell tt_um_danieltyukov_int8_npu.$flatten\u_core.\u_array.\g_row[3].g_col[2].u_pe.\u_mul.\g_bw.g_wallace.u_tree.$or$/home/danieltyukov/workspace/personal/tt-ihp-int8-npu/src/npu_csa_reduce.sv:53$1944 ($or).
Removed top 1 bits (of 16) from port B of cell tt_um_danieltyukov_int8_npu.$flatten\u_core.\u_array.\g_row[3].g_col[2].u_pe.\u_mul.\g_bw.g_wallace.u_tree.$or$/home/danieltyukov/workspace/personal/tt-ihp-int8-npu/src/npu_csa_reduce.sv:53$1944 ($or).
Removed top 8 bits (of 16) from port A of cell tt_um_danieltyukov_int8_npu.$flatten\u_core.\u_array.\g_row[3].g_col[2].u_pe.\u_mul.\g_bw.g_wallace.u_tree.$and$/home/danieltyukov/workspace/personal/tt-ihp-int8-npu/src/npu_csa_reduce.sv:53$1943 ($and).
Removed top 6 bits (of 16) from port B of cell tt_um_danieltyukov_int8_npu.$flatten\u_core.\u_array.\g_row[3].g_col[2].u_pe.\u_mul.\g_bw.g_wallace.u_tree.$and$/home/danieltyukov/workspace/personal/tt-ihp-int8-npu/src/npu_csa_reduce.sv:53$1943 ($and).
Removed top 6 bits (of 16) from port Y of cell tt_um_danieltyukov_int8_npu.$flatten\u_core.\u_array.\g_row[3].g_col[2].u_pe.\u_mul.\g_bw.g_wallace.u_tree.$and$/home/danieltyukov/workspace/personal/tt-ihp-int8-npu/src/npu_csa_reduce.sv:53$1943 ($and).
Removed top 8 bits (of 16) from port A of cell tt_um_danieltyukov_int8_npu.$flatten\u_core.\u_array.\g_row[3].g_col[2].u_pe.\u_mul.\g_bw.g_wallace.u_tree.$and$/home/danieltyukov/workspace/personal/tt-ihp-int8-npu/src/npu_csa_reduce.sv:53$1942 ($and).
Removed top 7 bits (of 16) from port B of cell tt_um_danieltyukov_int8_npu.$flatten\u_core.\u_array.\g_row[3].g_col[2].u_pe.\u_mul.\g_bw.g_wallace.u_tree.$and$/home/danieltyukov/workspace/personal/tt-ihp-int8-npu/src/npu_csa_reduce.sv:53$1942 ($and).
Removed top 7 bits (of 16) from port Y of cell tt_um_danieltyukov_int8_npu.$flatten\u_core.\u_array.\g_row[3].g_col[2].u_pe.\u_mul.\g_bw.g_wallace.u_tree.$and$/home/danieltyukov/workspace/personal/tt-ihp-int8-npu/src/npu_csa_reduce.sv:53$1942 ($and).
Removed top 7 bits (of 16) from port A of cell tt_um_danieltyukov_int8_npu.$flatten\u_core.\u_array.\g_row[3].g_col[2].u_pe.\u_mul.\g_bw.g_wallace.u_tree.$xor$/home/danieltyukov/workspace/personal/tt-ihp-int8-npu/src/npu_csa_reduce.sv:49$1941 ($xor).
Removed top 6 bits (of 16) from port B of cell tt_um_danieltyukov_int8_npu.$flatten\u_core.\u_array.\g_row[3].g_col[2].u_pe.\u_mul.\g_bw.g_wallace.u_tree.$xor$/home/danieltyukov/workspace/personal/tt-ihp-int8-npu/src/npu_csa_reduce.sv:49$1941 ($xor).
Removed top 6 bits (of 16) from port Y of cell tt_um_danieltyukov_int8_npu.$flatten\u_core.\u_array.\g_row[3].g_col[2].u_pe.\u_mul.\g_bw.g_wallace.u_tree.$xor$/home/danieltyukov/workspace/personal/tt-ihp-int8-npu/src/npu_csa_reduce.sv:49$1941 ($xor).
Removed top 7 bits (of 8) from port B of cell tt_um_danieltyukov_int8_npu.$flatten\u_core.\u_host.$add$/home/danieltyukov/workspace/personal/tt-ihp-int8-npu/src/npu_host_if.sv:197$1606 ($add).
Removed top 5 bits (of 6) from port B of cell tt_um_danieltyukov_int8_npu.$flatten\u_core.\u_host.$add$/home/danieltyukov/workspace/personal/tt-ihp-int8-npu/src/npu_host_if.sv:215$1607 ($add).
Removed top 3 bits (of 8) from mux cell tt_um_danieltyukov_int8_npu.$flatten\u_core.\u_host.$procmux$2097 ($pmux).
Removed top 1 bits (of 4) from port B of cell tt_um_danieltyukov_int8_npu.$flatten\u_core.\u_host.$procmux$2099_CMP0 ($eq).
Removed top 1 bits (of 4) from port B of cell tt_um_danieltyukov_int8_npu.$flatten\u_core.\u_host.$procmux$2100_CMP0 ($eq).
Removed top 1 bits (of 4) from port B of cell tt_um_danieltyukov_int8_npu.$flatten\u_core.\u_host.$procmux$2101_CMP0 ($eq).
Removed top 2 bits (of 4) from port B of cell tt_um_danieltyukov_int8_npu.$flatten\u_core.\u_host.$procmux$2102_CMP0 ($eq).
Removed top 2 bits (of 4) from port B of cell tt_um_danieltyukov_int8_npu.$flatten\u_core.\u_host.$procmux$2103_CMP0 ($eq).
Removed top 3 bits (of 4) from port B of cell tt_um_danieltyukov_int8_npu.$flatten\u_core.\u_host.$procmux$2104_CMP0 ($eq).
Removed top 1 bits (of 4) from port B of cell tt_um_danieltyukov_int8_npu.$flatten\u_core.\u_host.$procmux$2251_CMP0 ($eq).
Removed top 1 bits (of 2) from port B of cell tt_um_danieltyukov_int8_npu.$flatten\u_core.$procmux$2890_CMP0 ($eq).
Removed top 1 bits (of 2) from mux cell tt_um_danieltyukov_int8_npu.$flatten\u_core.$procmux$2869 ($mux).
Removed top 2 bits (of 3) from port B of cell tt_um_danieltyukov_int8_npu.$flatten\u_core.$procmux$2722_CMP0 ($eq).
Removed top 1 bits (of 3) from port B of cell tt_um_danieltyukov_int8_npu.$flatten\u_core.$procmux$2721_CMP0 ($eq).
Removed top 1 bits (of 3) from port B of cell tt_um_danieltyukov_int8_npu.$flatten\u_core.$procmux$2720_CMP0 ($eq).
Removed top 1 bits (of 8) from mux cell tt_um_danieltyukov_int8_npu.$flatten\u_core.$procmux$2716 ($pmux).
Removed top 1 bits (of 2) from port B of cell tt_um_danieltyukov_int8_npu.$flatten\u_core.$procmux$2713_CMP0 ($eq).
Removed top 1 bits (of 2) from port B of cell tt_um_danieltyukov_int8_npu.$flatten\u_core.$eq$/home/danieltyukov/workspace/personal/tt-ihp-int8-npu/src/npu_core.sv:395$1243 ($eq).
Removed top 1 bits (of 2) from port B of cell tt_um_danieltyukov_int8_npu.$flatten\u_core.$eq$/home/danieltyukov/workspace/personal/tt-ihp-int8-npu/src/npu_core.sv:395$1221 ($eq).
Removed top 1 bits (of 2) from port B of cell tt_um_danieltyukov_int8_npu.$flatten\u_core.$eq$/home/danieltyukov/workspace/personal/tt-ihp-int8-npu/src/npu_core.sv:329$1192 ($eq).
Removed top 27 bits (of 29) from port B of cell tt_um_danieltyukov_int8_npu.$flatten\u_core.$mul$/home/danieltyukov/workspace/personal/tt-ihp-int8-npu/src/npu_core.sv:299$1177 ($mul).
Removed top 28 bits (of 32) from port A of cell tt_um_danieltyukov_int8_npu.$flatten\u_core.$add$/home/danieltyukov/workspace/personal/tt-ihp-int8-npu/src/npu_core.sv:298$1176 ($add).
Removed top 30 bits (of 32) from port B of cell tt_um_danieltyukov_int8_npu.$flatten\u_core.$add$/home/danieltyukov/workspace/personal/tt-ihp-int8-npu/src/npu_core.sv:298$1176 ($add).
Removed top 27 bits (of 32) from port Y of cell tt_um_danieltyukov_int8_npu.$flatten\u_core.$add$/home/danieltyukov/workspace/personal/tt-ihp-int8-npu/src/npu_core.sv:298$1176 ($add).
Removed top 1 bits (of 2) from port B of cell tt_um_danieltyukov_int8_npu.$flatten\u_core.$eq$/home/danieltyukov/workspace/personal/tt-ihp-int8-npu/src/npu_core.sv:329$1157 ($eq).
Removed top 27 bits (of 29) from port B of cell tt_um_danieltyukov_int8_npu.$flatten\u_core.$mul$/home/danieltyukov/workspace/personal/tt-ihp-int8-npu/src/npu_core.sv:299$1142 ($mul).
Removed top 28 bits (of 32) from port A of cell tt_um_danieltyukov_int8_npu.$flatten\u_core.$add$/home/danieltyukov/workspace/personal/tt-ihp-int8-npu/src/npu_core.sv:298$1141 ($add).
Removed top 30 bits (of 32) from port B of cell tt_um_danieltyukov_int8_npu.$flatten\u_core.$add$/home/danieltyukov/workspace/personal/tt-ihp-int8-npu/src/npu_core.sv:298$1141 ($add).
Removed top 27 bits (of 32) from port Y of cell tt_um_danieltyukov_int8_npu.$flatten\u_core.$add$/home/danieltyukov/workspace/personal/tt-ihp-int8-npu/src/npu_core.sv:298$1141 ($add).
Removed top 1 bits (of 2) from port B of cell tt_um_danieltyukov_int8_npu.$flatten\u_core.$eq$/home/danieltyukov/workspace/personal/tt-ihp-int8-npu/src/npu_core.sv:329$1122 ($eq).
Removed top 27 bits (of 29) from port B of cell tt_um_danieltyukov_int8_npu.$flatten\u_core.$mul$/home/danieltyukov/workspace/personal/tt-ihp-int8-npu/src/npu_core.sv:299$1107 ($mul).
Removed top 29 bits (of 32) from port A of cell tt_um_danieltyukov_int8_npu.$flatten\u_core.$add$/home/danieltyukov/workspace/personal/tt-ihp-int8-npu/src/npu_core.sv:298$1106 ($add).
Removed top 30 bits (of 32) from port B of cell tt_um_danieltyukov_int8_npu.$flatten\u_core.$add$/home/danieltyukov/workspace/personal/tt-ihp-int8-npu/src/npu_core.sv:298$1106 ($add).
Removed top 28 bits (of 32) from port Y of cell tt_um_danieltyukov_int8_npu.$flatten\u_core.$add$/home/danieltyukov/workspace/personal/tt-ihp-int8-npu/src/npu_core.sv:298$1106 ($add).
Removed top 1 bits (of 2) from port B of cell tt_um_danieltyukov_int8_npu.$flatten\u_core.$eq$/home/danieltyukov/workspace/personal/tt-ihp-int8-npu/src/npu_core.sv:329$1087 ($eq).
Removed top 30 bits (of 32) from port A of cell tt_um_danieltyukov_int8_npu.$flatten\u_core.$mul$/home/danieltyukov/workspace/personal/tt-ihp-int8-npu/src/npu_core.sv:299$1072 ($mul).
Removed top 27 bits (of 29) from port B of cell tt_um_danieltyukov_int8_npu.$flatten\u_core.$mul$/home/danieltyukov/workspace/personal/tt-ihp-int8-npu/src/npu_core.sv:299$1072 ($mul).
Removed top 25 bits (of 29) from port Y of cell tt_um_danieltyukov_int8_npu.$flatten\u_core.$mul$/home/danieltyukov/workspace/personal/tt-ihp-int8-npu/src/npu_core.sv:299$1072 ($mul).
Removed top 28 bits (of 32) from port A of cell tt_um_danieltyukov_int8_npu.$flatten\u_core.$add$/home/danieltyukov/workspace/personal/tt-ihp-int8-npu/src/npu_core.sv:234$1064 ($add).
Removed top 30 bits (of 32) from port B of cell tt_um_danieltyukov_int8_npu.$flatten\u_core.$add$/home/danieltyukov/workspace/personal/tt-ihp-int8-npu/src/npu_core.sv:234$1064 ($add).
Removed top 27 bits (of 32) from port Y of cell tt_um_danieltyukov_int8_npu.$flatten\u_core.$add$/home/danieltyukov/workspace/personal/tt-ihp-int8-npu/src/npu_core.sv:234$1064 ($add).
Removed top 2 bits (of 4) from port B of cell tt_um_danieltyukov_int8_npu.$flatten\u_core.$le$/home/danieltyukov/workspace/personal/tt-ihp-int8-npu/src/npu_core.sv:231$1060 ($le).
Removed top 2 bits (of 4) from port B of cell tt_um_danieltyukov_int8_npu.$flatten\u_core.$ge$/home/danieltyukov/workspace/personal/tt-ihp-int8-npu/src/npu_core.sv:231$1058 ($ge).
Removed top 2 bits (of 4) from port B of cell tt_um_danieltyukov_int8_npu.$flatten\u_core.$sub$/home/danieltyukov/workspace/personal/tt-ihp-int8-npu/src/npu_core.sv:226$1056 ($sub).
Removed top 28 bits (of 32) from port A of cell tt_um_danieltyukov_int8_npu.$flatten\u_core.$add$/home/danieltyukov/workspace/personal/tt-ihp-int8-npu/src/npu_core.sv:234$1051 ($add).
Removed top 30 bits (of 32) from port B of cell tt_um_danieltyukov_int8_npu.$flatten\u_core.$add$/home/danieltyukov/workspace/personal/tt-ihp-int8-npu/src/npu_core.sv:234$1051 ($add).
Removed top 27 bits (of 32) from port Y of cell tt_um_danieltyukov_int8_npu.$flatten\u_core.$add$/home/danieltyukov/workspace/personal/tt-ihp-int8-npu/src/npu_core.sv:234$1051 ($add).
Removed top 2 bits (of 4) from port B of cell tt_um_danieltyukov_int8_npu.$flatten\u_core.$le$/home/danieltyukov/workspace/personal/tt-ihp-int8-npu/src/npu_core.sv:231$1047 ($le).
Removed top 2 bits (of 4) from port B of cell tt_um_danieltyukov_int8_npu.$flatten\u_core.$ge$/home/danieltyukov/workspace/personal/tt-ihp-int8-npu/src/npu_core.sv:231$1045 ($ge).
Removed top 2 bits (of 4) from port B of cell tt_um_danieltyukov_int8_npu.$flatten\u_core.$sub$/home/danieltyukov/workspace/personal/tt-ihp-int8-npu/src/npu_core.sv:226$1043 ($sub).
Removed top 28 bits (of 32) from port A of cell tt_um_danieltyukov_int8_npu.$flatten\u_core.$add$/home/danieltyukov/workspace/personal/tt-ihp-int8-npu/src/npu_core.sv:234$1038 ($add).
Removed top 31 bits (of 32) from port B of cell tt_um_danieltyukov_int8_npu.$flatten\u_core.$add$/home/danieltyukov/workspace/personal/tt-ihp-int8-npu/src/npu_core.sv:234$1038 ($add).
Removed top 27 bits (of 32) from port Y of cell tt_um_danieltyukov_int8_npu.$flatten\u_core.$add$/home/danieltyukov/workspace/personal/tt-ihp-int8-npu/src/npu_core.sv:234$1038 ($add).
Removed top 2 bits (of 4) from port B of cell tt_um_danieltyukov_int8_npu.$flatten\u_core.$le$/home/danieltyukov/workspace/personal/tt-ihp-int8-npu/src/npu_core.sv:231$1034 ($le).
Removed top 3 bits (of 4) from port B of cell tt_um_danieltyukov_int8_npu.$flatten\u_core.$ge$/home/danieltyukov/workspace/personal/tt-ihp-int8-npu/src/npu_core.sv:231$1032 ($ge).
Removed top 3 bits (of 4) from port B of cell tt_um_danieltyukov_int8_npu.$flatten\u_core.$sub$/home/danieltyukov/workspace/personal/tt-ihp-int8-npu/src/npu_core.sv:226$1030 ($sub).
Removed top 24 bits (of 32) from port B of cell tt_um_danieltyukov_int8_npu.$flatten\u_core.$shiftx$/home/danieltyukov/workspace/personal/tt-ihp-int8-npu/src/npu_core.sv:0$1028 ($shiftx).
Removed top 2 bits (of 4) from port B of cell tt_um_danieltyukov_int8_npu.$flatten\u_core.$le$/home/danieltyukov/workspace/personal/tt-ihp-int8-npu/src/npu_core.sv:229$1021 ($le).
Removed top 1 bits (of 2) from port B of cell tt_um_danieltyukov_int8_npu.$flatten\u_core.$eq$/home/danieltyukov/workspace/personal/tt-ihp-int8-npu/src/npu_core.sv:229$1020 ($eq).
Removed top 26 bits (of 32) from port B of cell tt_um_danieltyukov_int8_npu.$flatten\u_core.$shiftx$/home/danieltyukov/workspace/personal/tt-ihp-int8-npu/src/npu_core.sv:0$1017 ($shiftx).
Removed top 24 bits (of 32) from port B of cell tt_um_danieltyukov_int8_npu.$flatten\u_core.$shiftx$/home/danieltyukov/workspace/personal/tt-ihp-int8-npu/src/npu_core.sv:0$1013 ($shiftx).
Removed top 1 bits (of 6) from port B of cell tt_um_danieltyukov_int8_npu.$flatten\u_core.$lt$/home/danieltyukov/workspace/personal/tt-ihp-int8-npu/src/npu_core.sv:530$1007 ($lt).
Removed top 27 bits (of 29) from port B of cell tt_um_danieltyukov_int8_npu.$flatten\u_core.$mul$/home/danieltyukov/workspace/personal/tt-ihp-int8-npu/src/npu_core.sv:527$1004 ($mul).
Removed top 28 bits (of 32) from port A of cell tt_um_danieltyukov_int8_npu.$flatten\u_core.$add$/home/danieltyukov/workspace/personal/tt-ihp-int8-npu/src/npu_core.sv:525$1003 ($add).
Removed top 30 bits (of 32) from port B of cell tt_um_danieltyukov_int8_npu.$flatten\u_core.$add$/home/danieltyukov/workspace/personal/tt-ihp-int8-npu/src/npu_core.sv:525$1003 ($add).
Removed top 27 bits (of 32) from port Y of cell tt_um_danieltyukov_int8_npu.$flatten\u_core.$add$/home/danieltyukov/workspace/personal/tt-ihp-int8-npu/src/npu_core.sv:525$1003 ($add).
Removed top 1 bits (of 2) from port B of cell tt_um_danieltyukov_int8_npu.$flatten\u_core.$add$/home/danieltyukov/workspace/personal/tt-ihp-int8-npu/src/npu_core.sv:492$999 ($add).
Removed top 1 bits (of 2) from port B of cell tt_um_danieltyukov_int8_npu.$flatten\u_core.$add$/home/danieltyukov/workspace/personal/tt-ihp-int8-npu/src/npu_core.sv:490$998 ($add).
Removed top 3 bits (of 4) from port B of cell tt_um_danieltyukov_int8_npu.$flatten\u_core.$add$/home/danieltyukov/workspace/personal/tt-ihp-int8-npu/src/npu_core.sv:468$996 ($add).
Removed top 2 bits (of 4) from port A of cell tt_um_danieltyukov_int8_npu.$flatten\u_core.$add$/home/danieltyukov/workspace/personal/tt-ihp-int8-npu/src/npu_core.sv:411$986 ($add).
Removed top 30 bits (of 32) from port B of cell tt_um_danieltyukov_int8_npu.$flatten\u_core.$add$/home/danieltyukov/workspace/personal/tt-ihp-int8-npu/src/npu_core.sv:348$982 ($add).
Removed top 3 bits (of 32) from port Y of cell tt_um_danieltyukov_int8_npu.$flatten\u_core.$add$/home/danieltyukov/workspace/personal/tt-ihp-int8-npu/src/npu_core.sv:348$982 ($add).
Removed top 3 bits (of 32) from port A of cell tt_um_danieltyukov_int8_npu.$flatten\u_core.$add$/home/danieltyukov/workspace/personal/tt-ihp-int8-npu/src/npu_core.sv:348$982 ($add).
Removed top 30 bits (of 32) from port B of cell tt_um_danieltyukov_int8_npu.$flatten\u_core.$mul$/home/danieltyukov/workspace/personal/tt-ihp-int8-npu/src/npu_core.sv:347$977 ($mul).
Removed top 28 bits (of 32) from port Y of cell tt_um_danieltyukov_int8_npu.$flatten\u_core.$mul$/home/danieltyukov/workspace/personal/tt-ihp-int8-npu/src/npu_core.sv:347$977 ($mul).
Removed top 27 bits (of 29) from port B of cell tt_um_danieltyukov_int8_npu.$flatten\u_core.$mul$/home/danieltyukov/workspace/personal/tt-ihp-int8-npu/src/npu_core.sv:342$974 ($mul).
Removed top 25 bits (of 29) from port Y of cell tt_um_danieltyukov_int8_npu.$flatten\u_core.$mul$/home/danieltyukov/workspace/personal/tt-ihp-int8-npu/src/npu_core.sv:342$974 ($mul).
Removed top 1 bits (of 2) from port B of cell tt_um_danieltyukov_int8_npu.$flatten\u_core.$add$/home/danieltyukov/workspace/personal/tt-ihp-int8-npu/src/npu_core.sv:272$973 ($add).
Removed top 1 bits (of 16) from port Y of cell tt_um_danieltyukov_int8_npu.$flatten\u_core.\u_array.\g_row[3].g_col[3].u_pe.\u_mul.\g_bw.g_wallace.u_tree.\genblk1.g_reduce.u_next.$or$/home/danieltyukov/workspace/personal/tt-ihp-int8-npu/src/npu_csa_reduce.sv:53$2070 ($or).
Removed top 1 bits (of 16) from port A of cell tt_um_danieltyukov_int8_npu.$flatten\u_core.\u_array.\g_row[3].g_col[3].u_pe.\u_mul.\g_bw.g_wallace.u_tree.\genblk1.g_reduce.u_next.$or$/home/danieltyukov/workspace/personal/tt-ihp-int8-npu/src/npu_csa_reduce.sv:53$2070 ($or).
Removed top 1 bits (of 16) from port B of cell tt_um_danieltyukov_int8_npu.$flatten\u_core.\u_array.\g_row[3].g_col[3].u_pe.\u_mul.\g_bw.g_wallace.u_tree.\genblk1.g_reduce.u_next.$or$/home/danieltyukov/workspace/personal/tt-ihp-int8-npu/src/npu_csa_reduce.sv:53$2070 ($or).
Removed top 1 bits (of 16) from port Y of cell tt_um_danieltyukov_int8_npu.$flatten\u_core.\u_array.\g_row[3].g_col[3].u_pe.\u_mul.\g_bw.g_wallace.u_tree.\genblk1.g_reduce.u_next.$and$/home/danieltyukov/workspace/personal/tt-ihp-int8-npu/src/npu_csa_reduce.sv:53$2071 ($and).
Removed top 1 bits (of 16) from port A of cell tt_um_danieltyukov_int8_npu.$flatten\u_core.\u_array.\g_row[3].g_col[3].u_pe.\u_mul.\g_bw.g_wallace.u_tree.\genblk1.g_reduce.u_next.$and$/home/danieltyukov/workspace/personal/tt-ihp-int8-npu/src/npu_csa_reduce.sv:53$2071 ($and).
Removed top 1 bits (of 16) from port B of cell tt_um_danieltyukov_int8_npu.$flatten\u_core.\u_array.\g_row[3].g_col[3].u_pe.\u_mul.\g_bw.g_wallace.u_tree.\genblk1.g_reduce.u_next.$and$/home/danieltyukov/workspace/personal/tt-ihp-int8-npu/src/npu_csa_reduce.sv:53$2071 ($and).
Removed top 1 bits (of 16) from port Y of cell tt_um_danieltyukov_int8_npu.$flatten\u_core.\u_array.\g_row[3].g_col[3].u_pe.\u_mul.\g_bw.g_wallace.u_tree.\genblk1.g_reduce.u_next.$or$/home/danieltyukov/workspace/personal/tt-ihp-int8-npu/src/npu_csa_reduce.sv:53$2077 ($or).
Removed top 1 bits (of 16) from port A of cell tt_um_danieltyukov_int8_npu.$flatten\u_core.\u_array.\g_row[3].g_col[3].u_pe.\u_mul.\g_bw.g_wallace.u_tree.\genblk1.g_reduce.u_next.$or$/home/danieltyukov/workspace/personal/tt-ihp-int8-npu/src/npu_csa_reduce.sv:53$2077 ($or).
Removed top 1 bits (of 16) from port B of cell tt_um_danieltyukov_int8_npu.$flatten\u_core.\u_array.\g_row[3].g_col[3].u_pe.\u_mul.\g_bw.g_wallace.u_tree.\genblk1.g_reduce.u_next.$or$/home/danieltyukov/workspace/personal/tt-ihp-int8-npu/src/npu_csa_reduce.sv:53$2077 ($or).
Removed top 1 bits (of 16) from port Y of cell tt_um_danieltyukov_int8_npu.$flatten\u_core.\u_array.\g_row[3].g_col[3].u_pe.\u_mul.\g_bw.g_wallace.u_tree.\genblk1.g_reduce.u_next.$and$/home/danieltyukov/workspace/personal/tt-ihp-int8-npu/src/npu_csa_reduce.sv:53$2078 ($and).
Removed top 1 bits (of 16) from port A of cell tt_um_danieltyukov_int8_npu.$flatten\u_core.\u_array.\g_row[3].g_col[3].u_pe.\u_mul.\g_bw.g_wallace.u_tree.\genblk1.g_reduce.u_next.$and$/home/danieltyukov/workspace/personal/tt-ihp-int8-npu/src/npu_csa_reduce.sv:53$2078 ($and).
Removed top 1 bits (of 16) from port B of cell tt_um_danieltyukov_int8_npu.$flatten\u_core.\u_array.\g_row[3].g_col[3].u_pe.\u_mul.\g_bw.g_wallace.u_tree.\genblk1.g_reduce.u_next.$and$/home/danieltyukov/workspace/personal/tt-ihp-int8-npu/src/npu_csa_reduce.sv:53$2078 ($and).
Removed top 1 bits (of 16) from port Y of cell tt_um_danieltyukov_int8_npu.$flatten\u_core.\u_array.\g_row[3].g_col[3].u_pe.\u_mul.\g_bw.g_wallace.u_tree.\genblk1.g_reduce.u_next.\genblk1.g_reduce.u_next.\genblk1.g_reduce.u_next.$or$/home/danieltyukov/workspace/personal/tt-ihp-int8-npu/src/npu_csa_reduce.sv:53$1936 ($or).
Removed top 1 bits (of 16) from port A of cell tt_um_danieltyukov_int8_npu.$flatten\u_core.\u_array.\g_row[3].g_col[3].u_pe.\u_mul.\g_bw.g_wallace.u_tree.\genblk1.g_reduce.u_next.\genblk1.g_reduce.u_next.\genblk1.g_reduce.u_next.$or$/home/danieltyukov/workspace/personal/tt-ihp-int8-npu/src/npu_csa_reduce.sv:53$1936 ($or).
Removed top 1 bits (of 16) from port B of cell tt_um_danieltyukov_int8_npu.$flatten\u_core.\u_array.\g_row[3].g_col[3].u_pe.\u_mul.\g_bw.g_wallace.u_tree.\genblk1.g_reduce.u_next.\genblk1.g_reduce.u_next.\genblk1.g_reduce.u_next.$or$/home/danieltyukov/workspace/personal/tt-ihp-int8-npu/src/npu_csa_reduce.sv:53$1936 ($or).
Removed top 1 bits (of 16) from port Y of cell tt_um_danieltyukov_int8_npu.$flatten\u_core.\u_array.\g_row[3].g_col[3].u_pe.\u_mul.\g_bw.g_wallace.u_tree.\genblk1.g_reduce.u_next.\genblk1.g_reduce.u_next.\genblk1.g_reduce.u_next.$and$/home/danieltyukov/workspace/personal/tt-ihp-int8-npu/src/npu_csa_reduce.sv:53$1937 ($and).
Removed top 1 bits (of 16) from port A of cell tt_um_danieltyukov_int8_npu.$flatten\u_core.\u_array.\g_row[3].g_col[3].u_pe.\u_mul.\g_bw.g_wallace.u_tree.\genblk1.g_reduce.u_next.\genblk1.g_reduce.u_next.\genblk1.g_reduce.u_next.$and$/home/danieltyukov/workspace/personal/tt-ihp-int8-npu/src/npu_csa_reduce.sv:53$1937 ($and).
Removed top 1 bits (of 16) from port B of cell tt_um_danieltyukov_int8_npu.$flatten\u_core.\u_array.\g_row[3].g_col[3].u_pe.\u_mul.\g_bw.g_wallace.u_tree.\genblk1.g_reduce.u_next.\genblk1.g_reduce.u_next.\genblk1.g_reduce.u_next.$and$/home/danieltyukov/workspace/personal/tt-ihp-int8-npu/src/npu_csa_reduce.sv:53$1937 ($and).
Removed top 1 bits (of 16) from port Y of cell tt_um_danieltyukov_int8_npu.$flatten\u_core.\u_array.\g_row[0].g_col[0].u_pe.\u_mul.\g_bw.g_wallace.u_tree.\genblk1.g_reduce.u_next.$or$/home/danieltyukov/workspace/personal/tt-ihp-int8-npu/src/npu_csa_reduce.sv:53$2070 ($or).
Removed top 1 bits (of 16) from port A of cell tt_um_danieltyukov_int8_npu.$flatten\u_core.\u_array.\g_row[0].g_col[0].u_pe.\u_mul.\g_bw.g_wallace.u_tree.\genblk1.g_reduce.u_next.$or$/home/danieltyukov/workspace/personal/tt-ihp-int8-npu/src/npu_csa_reduce.sv:53$2070 ($or).
Removed top 1 bits (of 16) from port B of cell tt_um_danieltyukov_int8_npu.$flatten\u_core.\u_array.\g_row[0].g_col[0].u_pe.\u_mul.\g_bw.g_wallace.u_tree.\genblk1.g_reduce.u_next.$or$/home/danieltyukov/workspace/personal/tt-ihp-int8-npu/src/npu_csa_reduce.sv:53$2070 ($or).
Removed top 1 bits (of 16) from port Y of cell tt_um_danieltyukov_int8_npu.$flatten\u_core.\u_array.\g_row[0].g_col[0].u_pe.\u_mul.\g_bw.g_wallace.u_tree.\genblk1.g_reduce.u_next.$and$/home/danieltyukov/workspace/personal/tt-ihp-int8-npu/src/npu_csa_reduce.sv:53$2071 ($and).
Removed top 1 bits (of 16) from port A of cell tt_um_danieltyukov_int8_npu.$flatten\u_core.\u_array.\g_row[0].g_col[0].u_pe.\u_mul.\g_bw.g_wallace.u_tree.\genblk1.g_reduce.u_next.$and$/home/danieltyukov/workspace/personal/tt-ihp-int8-npu/src/npu_csa_reduce.sv:53$2071 ($and).
Removed top 1 bits (of 16) from port B of cell tt_um_danieltyukov_int8_npu.$flatten\u_core.\u_array.\g_row[0].g_col[0].u_pe.\u_mul.\g_bw.g_wallace.u_tree.\genblk1.g_reduce.u_next.$and$/home/danieltyukov/workspace/personal/tt-ihp-int8-npu/src/npu_csa_reduce.sv:53$2071 ($and).
Removed top 1 bits (of 16) from port Y of cell tt_um_danieltyukov_int8_npu.$flatten\u_core.\u_array.\g_row[0].g_col[0].u_pe.\u_mul.\g_bw.g_wallace.u_tree.\genblk1.g_reduce.u_next.$or$/home/danieltyukov/workspace/personal/tt-ihp-int8-npu/src/npu_csa_reduce.sv:53$2077 ($or).
Removed top 1 bits (of 16) from port A of cell tt_um_danieltyukov_int8_npu.$flatten\u_core.\u_array.\g_row[0].g_col[0].u_pe.\u_mul.\g_bw.g_wallace.u_tree.\genblk1.g_reduce.u_next.$or$/home/danieltyukov/workspace/personal/tt-ihp-int8-npu/src/npu_csa_reduce.sv:53$2077 ($or).
Removed top 1 bits (of 16) from port B of cell tt_um_danieltyukov_int8_npu.$flatten\u_core.\u_array.\g_row[0].g_col[0].u_pe.\u_mul.\g_bw.g_wallace.u_tree.\genblk1.g_reduce.u_next.$or$/home/danieltyukov/workspace/personal/tt-ihp-int8-npu/src/npu_csa_reduce.sv:53$2077 ($or).
Removed top 1 bits (of 16) from port Y of cell tt_um_danieltyukov_int8_npu.$flatten\u_core.\u_array.\g_row[0].g_col[0].u_pe.\u_mul.\g_bw.g_wallace.u_tree.\genblk1.g_reduce.u_next.$and$/home/danieltyukov/workspace/personal/tt-ihp-int8-npu/src/npu_csa_reduce.sv:53$2078 ($and).
Removed top 1 bits (of 16) from port A of cell tt_um_danieltyukov_int8_npu.$flatten\u_core.\u_array.\g_row[0].g_col[0].u_pe.\u_mul.\g_bw.g_wallace.u_tree.\genblk1.g_reduce.u_next.$and$/home/danieltyukov/workspace/personal/tt-ihp-int8-npu/src/npu_csa_reduce.sv:53$2078 ($and).
Removed top 1 bits (of 16) from port B of cell tt_um_danieltyukov_int8_npu.$flatten\u_core.\u_array.\g_row[0].g_col[0].u_pe.\u_mul.\g_bw.g_wallace.u_tree.\genblk1.g_reduce.u_next.$and$/home/danieltyukov/workspace/personal/tt-ihp-int8-npu/src/npu_csa_reduce.sv:53$2078 ($and).
Removed top 1 bits (of 16) from port Y of cell tt_um_danieltyukov_int8_npu.$flatten\u_core.\u_array.\g_row[0].g_col[0].u_pe.\u_mul.\g_bw.g_wallace.u_tree.\genblk1.g_reduce.u_next.\genblk1.g_reduce.u_next.\genblk1.g_reduce.u_next.$or$/home/danieltyukov/workspace/personal/tt-ihp-int8-npu/src/npu_csa_reduce.sv:53$1936 ($or).
Removed top 1 bits (of 16) from port A of cell tt_um_danieltyukov_int8_npu.$flatten\u_core.\u_array.\g_row[0].g_col[0].u_pe.\u_mul.\g_bw.g_wallace.u_tree.\genblk1.g_reduce.u_next.\genblk1.g_reduce.u_next.\genblk1.g_reduce.u_next.$or$/home/danieltyukov/workspace/personal/tt-ihp-int8-npu/src/npu_csa_reduce.sv:53$1936 ($or).
Removed top 1 bits (of 16) from port B of cell tt_um_danieltyukov_int8_npu.$flatten\u_core.\u_array.\g_row[0].g_col[0].u_pe.\u_mul.\g_bw.g_wallace.u_tree.\genblk1.g_reduce.u_next.\genblk1.g_reduce.u_next.\genblk1.g_reduce.u_next.$or$/home/danieltyukov/workspace/personal/tt-ihp-int8-npu/src/npu_csa_reduce.sv:53$1936 ($or).
Removed top 1 bits (of 16) from port Y of cell tt_um_danieltyukov_int8_npu.$flatten\u_core.\u_array.\g_row[0].g_col[0].u_pe.\u_mul.\g_bw.g_wallace.u_tree.\genblk1.g_reduce.u_next.\genblk1.g_reduce.u_next.\genblk1.g_reduce.u_next.$and$/home/danieltyukov/workspace/personal/tt-ihp-int8-npu/src/npu_csa_reduce.sv:53$1937 ($and).
Removed top 1 bits (of 16) from port A of cell tt_um_danieltyukov_int8_npu.$flatten\u_core.\u_array.\g_row[0].g_col[0].u_pe.\u_mul.\g_bw.g_wallace.u_tree.\genblk1.g_reduce.u_next.\genblk1.g_reduce.u_next.\genblk1.g_reduce.u_next.$and$/home/danieltyukov/workspace/personal/tt-ihp-int8-npu/src/npu_csa_reduce.sv:53$1937 ($and).
Removed top 1 bits (of 16) from port B of cell tt_um_danieltyukov_int8_npu.$flatten\u_core.\u_array.\g_row[0].g_col[0].u_pe.\u_mul.\g_bw.g_wallace.u_tree.\genblk1.g_reduce.u_next.\genblk1.g_reduce.u_next.\genblk1.g_reduce.u_next.$and$/home/danieltyukov/workspace/personal/tt-ihp-int8-npu/src/npu_csa_reduce.sv:53$1937 ($and).
Removed top 1 bits (of 16) from port Y of cell tt_um_danieltyukov_int8_npu.$flatten\u_core.\u_array.\g_row[0].g_col[1].u_pe.\u_mul.\g_bw.g_wallace.u_tree.\genblk1.g_reduce.u_next.$or$/home/danieltyukov/workspace/personal/tt-ihp-int8-npu/src/npu_csa_reduce.sv:53$2070 ($or).
Removed top 1 bits (of 16) from port A of cell tt_um_danieltyukov_int8_npu.$flatten\u_core.\u_array.\g_row[0].g_col[1].u_pe.\u_mul.\g_bw.g_wallace.u_tree.\genblk1.g_reduce.u_next.$or$/home/danieltyukov/workspace/personal/tt-ihp-int8-npu/src/npu_csa_reduce.sv:53$2070 ($or).
Removed top 1 bits (of 16) from port B of cell tt_um_danieltyukov_int8_npu.$flatten\u_core.\u_array.\g_row[0].g_col[1].u_pe.\u_mul.\g_bw.g_wallace.u_tree.\genblk1.g_reduce.u_next.$or$/home/danieltyukov/workspace/personal/tt-ihp-int8-npu/src/npu_csa_reduce.sv:53$2070 ($or).
Removed top 1 bits (of 16) from port Y of cell tt_um_danieltyukov_int8_npu.$flatten\u_core.\u_array.\g_row[0].g_col[1].u_pe.\u_mul.\g_bw.g_wallace.u_tree.\genblk1.g_reduce.u_next.$and$/home/danieltyukov/workspace/personal/tt-ihp-int8-npu/src/npu_csa_reduce.sv:53$2071 ($and).
Removed top 1 bits (of 16) from port A of cell tt_um_danieltyukov_int8_npu.$flatten\u_core.\u_array.\g_row[0].g_col[1].u_pe.\u_mul.\g_bw.g_wallace.u_tree.\genblk1.g_reduce.u_next.$and$/home/danieltyukov/workspace/personal/tt-ihp-int8-npu/src/npu_csa_reduce.sv:53$2071 ($and).
Removed top 1 bits (of 16) from port B of cell tt_um_danieltyukov_int8_npu.$flatten\u_core.\u_array.\g_row[0].g_col[1].u_pe.\u_mul.\g_bw.g_wallace.u_tree.\genblk1.g_reduce.u_next.$and$/home/danieltyukov/workspace/personal/tt-ihp-int8-npu/src/npu_csa_reduce.sv:53$2071 ($and).
Removed top 1 bits (of 16) from port Y of cell tt_um_danieltyukov_int8_npu.$flatten\u_core.\u_array.\g_row[0].g_col[1].u_pe.\u_mul.\g_bw.g_wallace.u_tree.\genblk1.g_reduce.u_next.$or$/home/danieltyukov/workspace/personal/tt-ihp-int8-npu/src/npu_csa_reduce.sv:53$2077 ($or).
Removed top 1 bits (of 16) from port A of cell tt_um_danieltyukov_int8_npu.$flatten\u_core.\u_array.\g_row[0].g_col[1].u_pe.\u_mul.\g_bw.g_wallace.u_tree.\genblk1.g_reduce.u_next.$or$/home/danieltyukov/workspace/personal/tt-ihp-int8-npu/src/npu_csa_reduce.sv:53$2077 ($or).
Removed top 1 bits (of 16) from port B of cell tt_um_danieltyukov_int8_npu.$flatten\u_core.\u_array.\g_row[0].g_col[1].u_pe.\u_mul.\g_bw.g_wallace.u_tree.\genblk1.g_reduce.u_next.$or$/home/danieltyukov/workspace/personal/tt-ihp-int8-npu/src/npu_csa_reduce.sv:53$2077 ($or).
Removed top 1 bits (of 16) from port Y of cell tt_um_danieltyukov_int8_npu.$flatten\u_core.\u_array.\g_row[0].g_col[1].u_pe.\u_mul.\g_bw.g_wallace.u_tree.\genblk1.g_reduce.u_next.$and$/home/danieltyukov/workspace/personal/tt-ihp-int8-npu/src/npu_csa_reduce.sv:53$2078 ($and).
Removed top 1 bits (of 16) from port A of cell tt_um_danieltyukov_int8_npu.$flatten\u_core.\u_array.\g_row[0].g_col[1].u_pe.\u_mul.\g_bw.g_wallace.u_tree.\genblk1.g_reduce.u_next.$and$/home/danieltyukov/workspace/personal/tt-ihp-int8-npu/src/npu_csa_reduce.sv:53$2078 ($and).
Removed top 1 bits (of 16) from port B of cell tt_um_danieltyukov_int8_npu.$flatten\u_core.\u_array.\g_row[0].g_col[1].u_pe.\u_mul.\g_bw.g_wallace.u_tree.\genblk1.g_reduce.u_next.$and$/home/danieltyukov/workspace/personal/tt-ihp-int8-npu/src/npu_csa_reduce.sv:53$2078 ($and).
Removed top 1 bits (of 16) from port Y of cell tt_um_danieltyukov_int8_npu.$flatten\u_core.\u_array.\g_row[0].g_col[1].u_pe.\u_mul.\g_bw.g_wallace.u_tree.\genblk1.g_reduce.u_next.\genblk1.g_reduce.u_next.\genblk1.g_reduce.u_next.$or$/home/danieltyukov/workspace/personal/tt-ihp-int8-npu/src/npu_csa_reduce.sv:53$1936 ($or).
Removed top 1 bits (of 16) from port A of cell tt_um_danieltyukov_int8_npu.$flatten\u_core.\u_array.\g_row[0].g_col[1].u_pe.\u_mul.\g_bw.g_wallace.u_tree.\genblk1.g_reduce.u_next.\genblk1.g_reduce.u_next.\genblk1.g_reduce.u_next.$or$/home/danieltyukov/workspace/personal/tt-ihp-int8-npu/src/npu_csa_reduce.sv:53$1936 ($or).
Removed top 1 bits (of 16) from port B of cell tt_um_danieltyukov_int8_npu.$flatten\u_core.\u_array.\g_row[0].g_col[1].u_pe.\u_mul.\g_bw.g_wallace.u_tree.\genblk1.g_reduce.u_next.\genblk1.g_reduce.u_next.\genblk1.g_reduce.u_next.$or$/home/danieltyukov/workspace/personal/tt-ihp-int8-npu/src/npu_csa_reduce.sv:53$1936 ($or).
Removed top 1 bits (of 16) from port Y of cell tt_um_danieltyukov_int8_npu.$flatten\u_core.\u_array.\g_row[0].g_col[1].u_pe.\u_mul.\g_bw.g_wallace.u_tree.\genblk1.g_reduce.u_next.\genblk1.g_reduce.u_next.\genblk1.g_reduce.u_next.$and$/home/danieltyukov/workspace/personal/tt-ihp-int8-npu/src/npu_csa_reduce.sv:53$1937 ($and).
Removed top 1 bits (of 16) from port A of cell tt_um_danieltyukov_int8_npu.$flatten\u_core.\u_array.\g_row[0].g_col[1].u_pe.\u_mul.\g_bw.g_wallace.u_tree.\genblk1.g_reduce.u_next.\genblk1.g_reduce.u_next.\genblk1.g_reduce.u_next.$and$/home/danieltyukov/workspace/personal/tt-ihp-int8-npu/src/npu_csa_reduce.sv:53$1937 ($and).
Removed top 1 bits (of 16) from port B of cell tt_um_danieltyukov_int8_npu.$flatten\u_core.\u_array.\g_row[0].g_col[1].u_pe.\u_mul.\g_bw.g_wallace.u_tree.\genblk1.g_reduce.u_next.\genblk1.g_reduce.u_next.\genblk1.g_reduce.u_next.$and$/home/danieltyukov/workspace/personal/tt-ihp-int8-npu/src/npu_csa_reduce.sv:53$1937 ($and).
Removed top 1 bits (of 16) from port Y of cell tt_um_danieltyukov_int8_npu.$flatten\u_core.\u_array.\g_row[0].g_col[2].u_pe.\u_mul.\g_bw.g_wallace.u_tree.\genblk1.g_reduce.u_next.$or$/home/danieltyukov/workspace/personal/tt-ihp-int8-npu/src/npu_csa_reduce.sv:53$2070 ($or).
Removed top 1 bits (of 16) from port A of cell tt_um_danieltyukov_int8_npu.$flatten\u_core.\u_array.\g_row[0].g_col[2].u_pe.\u_mul.\g_bw.g_wallace.u_tree.\genblk1.g_reduce.u_next.$or$/home/danieltyukov/workspace/personal/tt-ihp-int8-npu/src/npu_csa_reduce.sv:53$2070 ($or).
Removed top 1 bits (of 16) from port B of cell tt_um_danieltyukov_int8_npu.$flatten\u_core.\u_array.\g_row[0].g_col[2].u_pe.\u_mul.\g_bw.g_wallace.u_tree.\genblk1.g_reduce.u_next.$or$/home/danieltyukov/workspace/personal/tt-ihp-int8-npu/src/npu_csa_reduce.sv:53$2070 ($or).
Removed top 1 bits (of 16) from port Y of cell tt_um_danieltyukov_int8_npu.$flatten\u_core.\u_array.\g_row[0].g_col[2].u_pe.\u_mul.\g_bw.g_wallace.u_tree.\genblk1.g_reduce.u_next.$and$/home/danieltyukov/workspace/personal/tt-ihp-int8-npu/src/npu_csa_reduce.sv:53$2071 ($and).
Removed top 1 bits (of 16) from port A of cell tt_um_danieltyukov_int8_npu.$flatten\u_core.\u_array.\g_row[0].g_col[2].u_pe.\u_mul.\g_bw.g_wallace.u_tree.\genblk1.g_reduce.u_next.$and$/home/danieltyukov/workspace/personal/tt-ihp-int8-npu/src/npu_csa_reduce.sv:53$2071 ($and).
Removed top 1 bits (of 16) from port B of cell tt_um_danieltyukov_int8_npu.$flatten\u_core.\u_array.\g_row[0].g_col[2].u_pe.\u_mul.\g_bw.g_wallace.u_tree.\genblk1.g_reduce.u_next.$and$/home/danieltyukov/workspace/personal/tt-ihp-int8-npu/src/npu_csa_reduce.sv:53$2071 ($and).
Removed top 1 bits (of 16) from port Y of cell tt_um_danieltyukov_int8_npu.$flatten\u_core.\u_array.\g_row[0].g_col[2].u_pe.\u_mul.\g_bw.g_wallace.u_tree.\genblk1.g_reduce.u_next.$or$/home/danieltyukov/workspace/personal/tt-ihp-int8-npu/src/npu_csa_reduce.sv:53$2077 ($or).
Removed top 1 bits (of 16) from port A of cell tt_um_danieltyukov_int8_npu.$flatten\u_core.\u_array.\g_row[0].g_col[2].u_pe.\u_mul.\g_bw.g_wallace.u_tree.\genblk1.g_reduce.u_next.$or$/home/danieltyukov/workspace/personal/tt-ihp-int8-npu/src/npu_csa_reduce.sv:53$2077 ($or).
Removed top 1 bits (of 16) from port B of cell tt_um_danieltyukov_int8_npu.$flatten\u_core.\u_array.\g_row[0].g_col[2].u_pe.\u_mul.\g_bw.g_wallace.u_tree.\genblk1.g_reduce.u_next.$or$/home/danieltyukov/workspace/personal/tt-ihp-int8-npu/src/npu_csa_reduce.sv:53$2077 ($or).
Removed top 1 bits (of 16) from port Y of cell tt_um_danieltyukov_int8_npu.$flatten\u_core.\u_array.\g_row[0].g_col[2].u_pe.\u_mul.\g_bw.g_wallace.u_tree.\genblk1.g_reduce.u_next.$and$/home/danieltyukov/workspace/personal/tt-ihp-int8-npu/src/npu_csa_reduce.sv:53$2078 ($and).
Removed top 1 bits (of 16) from port A of cell tt_um_danieltyukov_int8_npu.$flatten\u_core.\u_array.\g_row[0].g_col[2].u_pe.\u_mul.\g_bw.g_wallace.u_tree.\genblk1.g_reduce.u_next.$and$/home/danieltyukov/workspace/personal/tt-ihp-int8-npu/src/npu_csa_reduce.sv:53$2078 ($and).
Removed top 1 bits (of 16) from port B of cell tt_um_danieltyukov_int8_npu.$flatten\u_core.\u_array.\g_row[0].g_col[2].u_pe.\u_mul.\g_bw.g_wallace.u_tree.\genblk1.g_reduce.u_next.$and$/home/danieltyukov/workspace/personal/tt-ihp-int8-npu/src/npu_csa_reduce.sv:53$2078 ($and).
Removed top 1 bits (of 16) from port Y of cell tt_um_danieltyukov_int8_npu.$flatten\u_core.\u_array.\g_row[0].g_col[2].u_pe.\u_mul.\g_bw.g_wallace.u_tree.\genblk1.g_reduce.u_next.\genblk1.g_reduce.u_next.\genblk1.g_reduce.u_next.$or$/home/danieltyukov/workspace/personal/tt-ihp-int8-npu/src/npu_csa_reduce.sv:53$1936 ($or).
Removed top 1 bits (of 16) from port A of cell tt_um_danieltyukov_int8_npu.$flatten\u_core.\u_array.\g_row[0].g_col[2].u_pe.\u_mul.\g_bw.g_wallace.u_tree.\genblk1.g_reduce.u_next.\genblk1.g_reduce.u_next.\genblk1.g_reduce.u_next.$or$/home/danieltyukov/workspace/personal/tt-ihp-int8-npu/src/npu_csa_reduce.sv:53$1936 ($or).
Removed top 1 bits (of 16) from port B of cell tt_um_danieltyukov_int8_npu.$flatten\u_core.\u_array.\g_row[0].g_col[2].u_pe.\u_mul.\g_bw.g_wallace.u_tree.\genblk1.g_reduce.u_next.\genblk1.g_reduce.u_next.\genblk1.g_reduce.u_next.$or$/home/danieltyukov/workspace/personal/tt-ihp-int8-npu/src/npu_csa_reduce.sv:53$1936 ($or).
Removed top 1 bits (of 16) from port Y of cell tt_um_danieltyukov_int8_npu.$flatten\u_core.\u_array.\g_row[0].g_col[2].u_pe.\u_mul.\g_bw.g_wallace.u_tree.\genblk1.g_reduce.u_next.\genblk1.g_reduce.u_next.\genblk1.g_reduce.u_next.$and$/home/danieltyukov/workspace/personal/tt-ihp-int8-npu/src/npu_csa_reduce.sv:53$1937 ($and).
Removed top 1 bits (of 16) from port A of cell tt_um_danieltyukov_int8_npu.$flatten\u_core.\u_array.\g_row[0].g_col[2].u_pe.\u_mul.\g_bw.g_wallace.u_tree.\genblk1.g_reduce.u_next.\genblk1.g_reduce.u_next.\genblk1.g_reduce.u_next.$and$/home/danieltyukov/workspace/personal/tt-ihp-int8-npu/src/npu_csa_reduce.sv:53$1937 ($and).
Removed top 1 bits (of 16) from port B of cell tt_um_danieltyukov_int8_npu.$flatten\u_core.\u_array.\g_row[0].g_col[2].u_pe.\u_mul.\g_bw.g_wallace.u_tree.\genblk1.g_reduce.u_next.\genblk1.g_reduce.u_next.\genblk1.g_reduce.u_next.$and$/home/danieltyukov/workspace/personal/tt-ihp-int8-npu/src/npu_csa_reduce.sv:53$1937 ($and).
Removed top 1 bits (of 16) from port Y of cell tt_um_danieltyukov_int8_npu.$flatten\u_core.\u_array.\g_row[0].g_col[3].u_pe.\u_mul.\g_bw.g_wallace.u_tree.\genblk1.g_reduce.u_next.$or$/home/danieltyukov/workspace/personal/tt-ihp-int8-npu/src/npu_csa_reduce.sv:53$2070 ($or).
Removed top 1 bits (of 16) from port A of cell tt_um_danieltyukov_int8_npu.$flatten\u_core.\u_array.\g_row[0].g_col[3].u_pe.\u_mul.\g_bw.g_wallace.u_tree.\genblk1.g_reduce.u_next.$or$/home/danieltyukov/workspace/personal/tt-ihp-int8-npu/src/npu_csa_reduce.sv:53$2070 ($or).
Removed top 1 bits (of 16) from port B of cell tt_um_danieltyukov_int8_npu.$flatten\u_core.\u_array.\g_row[0].g_col[3].u_pe.\u_mul.\g_bw.g_wallace.u_tree.\genblk1.g_reduce.u_next.$or$/home/danieltyukov/workspace/personal/tt-ihp-int8-npu/src/npu_csa_reduce.sv:53$2070 ($or).
Removed top 1 bits (of 16) from port Y of cell tt_um_danieltyukov_int8_npu.$flatten\u_core.\u_array.\g_row[0].g_col[3].u_pe.\u_mul.\g_bw.g_wallace.u_tree.\genblk1.g_reduce.u_next.$and$/home/danieltyukov/workspace/personal/tt-ihp-int8-npu/src/npu_csa_reduce.sv:53$2071 ($and).
Removed top 1 bits (of 16) from port A of cell tt_um_danieltyukov_int8_npu.$flatten\u_core.\u_array.\g_row[0].g_col[3].u_pe.\u_mul.\g_bw.g_wallace.u_tree.\genblk1.g_reduce.u_next.$and$/home/danieltyukov/workspace/personal/tt-ihp-int8-npu/src/npu_csa_reduce.sv:53$2071 ($and).
Removed top 1 bits (of 16) from port B of cell tt_um_danieltyukov_int8_npu.$flatten\u_core.\u_array.\g_row[0].g_col[3].u_pe.\u_mul.\g_bw.g_wallace.u_tree.\genblk1.g_reduce.u_next.$and$/home/danieltyukov/workspace/personal/tt-ihp-int8-npu/src/npu_csa_reduce.sv:53$2071 ($and).
Removed top 1 bits (of 16) from port Y of cell tt_um_danieltyukov_int8_npu.$flatten\u_core.\u_array.\g_row[0].g_col[3].u_pe.\u_mul.\g_bw.g_wallace.u_tree.\genblk1.g_reduce.u_next.$or$/home/danieltyukov/workspace/personal/tt-ihp-int8-npu/src/npu_csa_reduce.sv:53$2077 ($or).
Removed top 1 bits (of 16) from port A of cell tt_um_danieltyukov_int8_npu.$flatten\u_core.\u_array.\g_row[0].g_col[3].u_pe.\u_mul.\g_bw.g_wallace.u_tree.\genblk1.g_reduce.u_next.$or$/home/danieltyukov/workspace/personal/tt-ihp-int8-npu/src/npu_csa_reduce.sv:53$2077 ($or).
Removed top 1 bits (of 16) from port B of cell tt_um_danieltyukov_int8_npu.$flatten\u_core.\u_array.\g_row[0].g_col[3].u_pe.\u_mul.\g_bw.g_wallace.u_tree.\genblk1.g_reduce.u_next.$or$/home/danieltyukov/workspace/personal/tt-ihp-int8-npu/src/npu_csa_reduce.sv:53$2077 ($or).
Removed top 1 bits (of 16) from port Y of cell tt_um_danieltyukov_int8_npu.$flatten\u_core.\u_array.\g_row[0].g_col[3].u_pe.\u_mul.\g_bw.g_wallace.u_tree.\genblk1.g_reduce.u_next.$and$/home/danieltyukov/workspace/personal/tt-ihp-int8-npu/src/npu_csa_reduce.sv:53$2078 ($and).
Removed top 1 bits (of 16) from port A of cell tt_um_danieltyukov_int8_npu.$flatten\u_core.\u_array.\g_row[0].g_col[3].u_pe.\u_mul.\g_bw.g_wallace.u_tree.\genblk1.g_reduce.u_next.$and$/home/danieltyukov/workspace/personal/tt-ihp-int8-npu/src/npu_csa_reduce.sv:53$2078 ($and).
Removed top 1 bits (of 16) from port B of cell tt_um_danieltyukov_int8_npu.$flatten\u_core.\u_array.\g_row[0].g_col[3].u_pe.\u_mul.\g_bw.g_wallace.u_tree.\genblk1.g_reduce.u_next.$and$/home/danieltyukov/workspace/personal/tt-ihp-int8-npu/src/npu_csa_reduce.sv:53$2078 ($and).
Removed top 1 bits (of 16) from port Y of cell tt_um_danieltyukov_int8_npu.$flatten\u_core.\u_array.\g_row[0].g_col[3].u_pe.\u_mul.\g_bw.g_wallace.u_tree.\genblk1.g_reduce.u_next.\genblk1.g_reduce.u_next.\genblk1.g_reduce.u_next.$or$/home/danieltyukov/workspace/personal/tt-ihp-int8-npu/src/npu_csa_reduce.sv:53$1936 ($or).
Removed top 1 bits (of 16) from port A of cell tt_um_danieltyukov_int8_npu.$flatten\u_core.\u_array.\g_row[0].g_col[3].u_pe.\u_mul.\g_bw.g_wallace.u_tree.\genblk1.g_reduce.u_next.\genblk1.g_reduce.u_next.\genblk1.g_reduce.u_next.$or$/home/danieltyukov/workspace/personal/tt-ihp-int8-npu/src/npu_csa_reduce.sv:53$1936 ($or).
Removed top 1 bits (of 16) from port B of cell tt_um_danieltyukov_int8_npu.$flatten\u_core.\u_array.\g_row[0].g_col[3].u_pe.\u_mul.\g_bw.g_wallace.u_tree.\genblk1.g_reduce.u_next.\genblk1.g_reduce.u_next.\genblk1.g_reduce.u_next.$or$/home/danieltyukov/workspace/personal/tt-ihp-int8-npu/src/npu_csa_reduce.sv:53$1936 ($or).
Removed top 1 bits (of 16) from port Y of cell tt_um_danieltyukov_int8_npu.$flatten\u_core.\u_array.\g_row[0].g_col[3].u_pe.\u_mul.\g_bw.g_wallace.u_tree.\genblk1.g_reduce.u_next.\genblk1.g_reduce.u_next.\genblk1.g_reduce.u_next.$and$/home/danieltyukov/workspace/personal/tt-ihp-int8-npu/src/npu_csa_reduce.sv:53$1937 ($and).
Removed top 1 bits (of 16) from port A of cell tt_um_danieltyukov_int8_npu.$flatten\u_core.\u_array.\g_row[0].g_col[3].u_pe.\u_mul.\g_bw.g_wallace.u_tree.\genblk1.g_reduce.u_next.\genblk1.g_reduce.u_next.\genblk1.g_reduce.u_next.$and$/home/danieltyukov/workspace/personal/tt-ihp-int8-npu/src/npu_csa_reduce.sv:53$1937 ($and).
Removed top 1 bits (of 16) from port B of cell tt_um_danieltyukov_int8_npu.$flatten\u_core.\u_array.\g_row[0].g_col[3].u_pe.\u_mul.\g_bw.g_wallace.u_tree.\genblk1.g_reduce.u_next.\genblk1.g_reduce.u_next.\genblk1.g_reduce.u_next.$and$/home/danieltyukov/workspace/personal/tt-ihp-int8-npu/src/npu_csa_reduce.sv:53$1937 ($and).
Removed top 1 bits (of 16) from port Y of cell tt_um_danieltyukov_int8_npu.$flatten\u_core.\u_array.\g_row[1].g_col[0].u_pe.\u_mul.\g_bw.g_wallace.u_tree.\genblk1.g_reduce.u_next.$or$/home/danieltyukov/workspace/personal/tt-ihp-int8-npu/src/npu_csa_reduce.sv:53$2070 ($or).
Removed top 1 bits (of 16) from port A of cell tt_um_danieltyukov_int8_npu.$flatten\u_core.\u_array.\g_row[1].g_col[0].u_pe.\u_mul.\g_bw.g_wallace.u_tree.\genblk1.g_reduce.u_next.$or$/home/danieltyukov/workspace/personal/tt-ihp-int8-npu/src/npu_csa_reduce.sv:53$2070 ($or).
Removed top 1 bits (of 16) from port B of cell tt_um_danieltyukov_int8_npu.$flatten\u_core.\u_array.\g_row[1].g_col[0].u_pe.\u_mul.\g_bw.g_wallace.u_tree.\genblk1.g_reduce.u_next.$or$/home/danieltyukov/workspace/personal/tt-ihp-int8-npu/src/npu_csa_reduce.sv:53$2070 ($or).
Removed top 1 bits (of 16) from port Y of cell tt_um_danieltyukov_int8_npu.$flatten\u_core.\u_array.\g_row[1].g_col[0].u_pe.\u_mul.\g_bw.g_wallace.u_tree.\genblk1.g_reduce.u_next.$and$/home/danieltyukov/workspace/personal/tt-ihp-int8-npu/src/npu_csa_reduce.sv:53$2071 ($and).
Removed top 1 bits (of 16) from port A of cell tt_um_danieltyukov_int8_npu.$flatten\u_core.\u_array.\g_row[1].g_col[0].u_pe.\u_mul.\g_bw.g_wallace.u_tree.\genblk1.g_reduce.u_next.$and$/home/danieltyukov/workspace/personal/tt-ihp-int8-npu/src/npu_csa_reduce.sv:53$2071 ($and).
Removed top 1 bits (of 16) from port B of cell tt_um_danieltyukov_int8_npu.$flatten\u_core.\u_array.\g_row[1].g_col[0].u_pe.\u_mul.\g_bw.g_wallace.u_tree.\genblk1.g_reduce.u_next.$and$/home/danieltyukov/workspace/personal/tt-ihp-int8-npu/src/npu_csa_reduce.sv:53$2071 ($and).
Removed top 1 bits (of 16) from port Y of cell tt_um_danieltyukov_int8_npu.$flatten\u_core.\u_array.\g_row[1].g_col[0].u_pe.\u_mul.\g_bw.g_wallace.u_tree.\genblk1.g_reduce.u_next.$or$/home/danieltyukov/workspace/personal/tt-ihp-int8-npu/src/npu_csa_reduce.sv:53$2077 ($or).
Removed top 1 bits (of 16) from port A of cell tt_um_danieltyukov_int8_npu.$flatten\u_core.\u_array.\g_row[1].g_col[0].u_pe.\u_mul.\g_bw.g_wallace.u_tree.\genblk1.g_reduce.u_next.$or$/home/danieltyukov/workspace/personal/tt-ihp-int8-npu/src/npu_csa_reduce.sv:53$2077 ($or).
Removed top 1 bits (of 16) from port B of cell tt_um_danieltyukov_int8_npu.$flatten\u_core.\u_array.\g_row[1].g_col[0].u_pe.\u_mul.\g_bw.g_wallace.u_tree.\genblk1.g_reduce.u_next.$or$/home/danieltyukov/workspace/personal/tt-ihp-int8-npu/src/npu_csa_reduce.sv:53$2077 ($or).
Removed top 1 bits (of 16) from port Y of cell tt_um_danieltyukov_int8_npu.$flatten\u_core.\u_array.\g_row[1].g_col[0].u_pe.\u_mul.\g_bw.g_wallace.u_tree.\genblk1.g_reduce.u_next.$and$/home/danieltyukov/workspace/personal/tt-ihp-int8-npu/src/npu_csa_reduce.sv:53$2078 ($and).
Removed top 1 bits (of 16) from port A of cell tt_um_danieltyukov_int8_npu.$flatten\u_core.\u_array.\g_row[1].g_col[0].u_pe.\u_mul.\g_bw.g_wallace.u_tree.\genblk1.g_reduce.u_next.$and$/home/danieltyukov/workspace/personal/tt-ihp-int8-npu/src/npu_csa_reduce.sv:53$2078 ($and).
Removed top 1 bits (of 16) from port B of cell tt_um_danieltyukov_int8_npu.$flatten\u_core.\u_array.\g_row[1].g_col[0].u_pe.\u_mul.\g_bw.g_wallace.u_tree.\genblk1.g_reduce.u_next.$and$/home/danieltyukov/workspace/personal/tt-ihp-int8-npu/src/npu_csa_reduce.sv:53$2078 ($and).
Removed top 1 bits (of 16) from port Y of cell tt_um_danieltyukov_int8_npu.$flatten\u_core.\u_array.\g_row[1].g_col[0].u_pe.\u_mul.\g_bw.g_wallace.u_tree.\genblk1.g_reduce.u_next.\genblk1.g_reduce.u_next.\genblk1.g_reduce.u_next.$or$/home/danieltyukov/workspace/personal/tt-ihp-int8-npu/src/npu_csa_reduce.sv:53$1936 ($or).
Removed top 1 bits (of 16) from port A of cell tt_um_danieltyukov_int8_npu.$flatten\u_core.\u_array.\g_row[1].g_col[0].u_pe.\u_mul.\g_bw.g_wallace.u_tree.\genblk1.g_reduce.u_next.\genblk1.g_reduce.u_next.\genblk1.g_reduce.u_next.$or$/home/danieltyukov/workspace/personal/tt-ihp-int8-npu/src/npu_csa_reduce.sv:53$1936 ($or).
Removed top 1 bits (of 16) from port B of cell tt_um_danieltyukov_int8_npu.$flatten\u_core.\u_array.\g_row[1].g_col[0].u_pe.\u_mul.\g_bw.g_wallace.u_tree.\genblk1.g_reduce.u_next.\genblk1.g_reduce.u_next.\genblk1.g_reduce.u_next.$or$/home/danieltyukov/workspace/personal/tt-ihp-int8-npu/src/npu_csa_reduce.sv:53$1936 ($or).
Removed top 1 bits (of 16) from port Y of cell tt_um_danieltyukov_int8_npu.$flatten\u_core.\u_array.\g_row[1].g_col[0].u_pe.\u_mul.\g_bw.g_wallace.u_tree.\genblk1.g_reduce.u_next.\genblk1.g_reduce.u_next.\genblk1.g_reduce.u_next.$and$/home/danieltyukov/workspace/personal/tt-ihp-int8-npu/src/npu_csa_reduce.sv:53$1937 ($and).
Removed top 1 bits (of 16) from port A of cell tt_um_danieltyukov_int8_npu.$flatten\u_core.\u_array.\g_row[1].g_col[0].u_pe.\u_mul.\g_bw.g_wallace.u_tree.\genblk1.g_reduce.u_next.\genblk1.g_reduce.u_next.\genblk1.g_reduce.u_next.$and$/home/danieltyukov/workspace/personal/tt-ihp-int8-npu/src/npu_csa_reduce.sv:53$1937 ($and).
Removed top 1 bits (of 16) from port B of cell tt_um_danieltyukov_int8_npu.$flatten\u_core.\u_array.\g_row[1].g_col[0].u_pe.\u_mul.\g_bw.g_wallace.u_tree.\genblk1.g_reduce.u_next.\genblk1.g_reduce.u_next.\genblk1.g_reduce.u_next.$and$/home/danieltyukov/workspace/personal/tt-ihp-int8-npu/src/npu_csa_reduce.sv:53$1937 ($and).
Removed top 1 bits (of 16) from port Y of cell tt_um_danieltyukov_int8_npu.$flatten\u_core.\u_array.\g_row[1].g_col[1].u_pe.\u_mul.\g_bw.g_wallace.u_tree.\genblk1.g_reduce.u_next.$or$/home/danieltyukov/workspace/personal/tt-ihp-int8-npu/src/npu_csa_reduce.sv:53$2070 ($or).
Removed top 1 bits (of 16) from port A of cell tt_um_danieltyukov_int8_npu.$flatten\u_core.\u_array.\g_row[1].g_col[1].u_pe.\u_mul.\g_bw.g_wallace.u_tree.\genblk1.g_reduce.u_next.$or$/home/danieltyukov/workspace/personal/tt-ihp-int8-npu/src/npu_csa_reduce.sv:53$2070 ($or).
Removed top 1 bits (of 16) from port B of cell tt_um_danieltyukov_int8_npu.$flatten\u_core.\u_array.\g_row[1].g_col[1].u_pe.\u_mul.\g_bw.g_wallace.u_tree.\genblk1.g_reduce.u_next.$or$/home/danieltyukov/workspace/personal/tt-ihp-int8-npu/src/npu_csa_reduce.sv:53$2070 ($or).
Removed top 1 bits (of 16) from port Y of cell tt_um_danieltyukov_int8_npu.$flatten\u_core.\u_array.\g_row[1].g_col[1].u_pe.\u_mul.\g_bw.g_wallace.u_tree.\genblk1.g_reduce.u_next.$and$/home/danieltyukov/workspace/personal/tt-ihp-int8-npu/src/npu_csa_reduce.sv:53$2071 ($and).
Removed top 1 bits (of 16) from port A of cell tt_um_danieltyukov_int8_npu.$flatten\u_core.\u_array.\g_row[1].g_col[1].u_pe.\u_mul.\g_bw.g_wallace.u_tree.\genblk1.g_reduce.u_next.$and$/home/danieltyukov/workspace/personal/tt-ihp-int8-npu/src/npu_csa_reduce.sv:53$2071 ($and).
Removed top 1 bits (of 16) from port B of cell tt_um_danieltyukov_int8_npu.$flatten\u_core.\u_array.\g_row[1].g_col[1].u_pe.\u_mul.\g_bw.g_wallace.u_tree.\genblk1.g_reduce.u_next.$and$/home/danieltyukov/workspace/personal/tt-ihp-int8-npu/src/npu_csa_reduce.sv:53$2071 ($and).
Removed top 1 bits (of 16) from port Y of cell tt_um_danieltyukov_int8_npu.$flatten\u_core.\u_array.\g_row[1].g_col[1].u_pe.\u_mul.\g_bw.g_wallace.u_tree.\genblk1.g_reduce.u_next.$or$/home/danieltyukov/workspace/personal/tt-ihp-int8-npu/src/npu_csa_reduce.sv:53$2077 ($or).
Removed top 1 bits (of 16) from port A of cell tt_um_danieltyukov_int8_npu.$flatten\u_core.\u_array.\g_row[1].g_col[1].u_pe.\u_mul.\g_bw.g_wallace.u_tree.\genblk1.g_reduce.u_next.$or$/home/danieltyukov/workspace/personal/tt-ihp-int8-npu/src/npu_csa_reduce.sv:53$2077 ($or).
Removed top 1 bits (of 16) from port B of cell tt_um_danieltyukov_int8_npu.$flatten\u_core.\u_array.\g_row[1].g_col[1].u_pe.\u_mul.\g_bw.g_wallace.u_tree.\genblk1.g_reduce.u_next.$or$/home/danieltyukov/workspace/personal/tt-ihp-int8-npu/src/npu_csa_reduce.sv:53$2077 ($or).
Removed top 1 bits (of 16) from port Y of cell tt_um_danieltyukov_int8_npu.$flatten\u_core.\u_array.\g_row[1].g_col[1].u_pe.\u_mul.\g_bw.g_wallace.u_tree.\genblk1.g_reduce.u_next.$and$/home/danieltyukov/workspace/personal/tt-ihp-int8-npu/src/npu_csa_reduce.sv:53$2078 ($and).
Removed top 1 bits (of 16) from port A of cell tt_um_danieltyukov_int8_npu.$flatten\u_core.\u_array.\g_row[1].g_col[1].u_pe.\u_mul.\g_bw.g_wallace.u_tree.\genblk1.g_reduce.u_next.$and$/home/danieltyukov/workspace/personal/tt-ihp-int8-npu/src/npu_csa_reduce.sv:53$2078 ($and).
Removed top 1 bits (of 16) from port B of cell tt_um_danieltyukov_int8_npu.$flatten\u_core.\u_array.\g_row[1].g_col[1].u_pe.\u_mul.\g_bw.g_wallace.u_tree.\genblk1.g_reduce.u_next.$and$/home/danieltyukov/workspace/personal/tt-ihp-int8-npu/src/npu_csa_reduce.sv:53$2078 ($and).
Removed top 1 bits (of 16) from port Y of cell tt_um_danieltyukov_int8_npu.$flatten\u_core.\u_array.\g_row[1].g_col[1].u_pe.\u_mul.\g_bw.g_wallace.u_tree.\genblk1.g_reduce.u_next.\genblk1.g_reduce.u_next.\genblk1.g_reduce.u_next.$or$/home/danieltyukov/workspace/personal/tt-ihp-int8-npu/src/npu_csa_reduce.sv:53$1936 ($or).
Removed top 1 bits (of 16) from port A of cell tt_um_danieltyukov_int8_npu.$flatten\u_core.\u_array.\g_row[1].g_col[1].u_pe.\u_mul.\g_bw.g_wallace.u_tree.\genblk1.g_reduce.u_next.\genblk1.g_reduce.u_next.\genblk1.g_reduce.u_next.$or$/home/danieltyukov/workspace/personal/tt-ihp-int8-npu/src/npu_csa_reduce.sv:53$1936 ($or).
Removed top 1 bits (of 16) from port B of cell tt_um_danieltyukov_int8_npu.$flatten\u_core.\u_array.\g_row[1].g_col[1].u_pe.\u_mul.\g_bw.g_wallace.u_tree.\genblk1.g_reduce.u_next.\genblk1.g_reduce.u_next.\genblk1.g_reduce.u_next.$or$/home/danieltyukov/workspace/personal/tt-ihp-int8-npu/src/npu_csa_reduce.sv:53$1936 ($or).
Removed top 1 bits (of 16) from port Y of cell tt_um_danieltyukov_int8_npu.$flatten\u_core.\u_array.\g_row[1].g_col[1].u_pe.\u_mul.\g_bw.g_wallace.u_tree.\genblk1.g_reduce.u_next.\genblk1.g_reduce.u_next.\genblk1.g_reduce.u_next.$and$/home/danieltyukov/workspace/personal/tt-ihp-int8-npu/src/npu_csa_reduce.sv:53$1937 ($and).
Removed top 1 bits (of 16) from port A of cell tt_um_danieltyukov_int8_npu.$flatten\u_core.\u_array.\g_row[1].g_col[1].u_pe.\u_mul.\g_bw.g_wallace.u_tree.\genblk1.g_reduce.u_next.\genblk1.g_reduce.u_next.\genblk1.g_reduce.u_next.$and$/home/danieltyukov/workspace/personal/tt-ihp-int8-npu/src/npu_csa_reduce.sv:53$1937 ($and).
Removed top 1 bits (of 16) from port B of cell tt_um_danieltyukov_int8_npu.$flatten\u_core.\u_array.\g_row[1].g_col[1].u_pe.\u_mul.\g_bw.g_wallace.u_tree.\genblk1.g_reduce.u_next.\genblk1.g_reduce.u_next.\genblk1.g_reduce.u_next.$and$/home/danieltyukov/workspace/personal/tt-ihp-int8-npu/src/npu_csa_reduce.sv:53$1937 ($and).
Removed top 1 bits (of 16) from port Y of cell tt_um_danieltyukov_int8_npu.$flatten\u_core.\u_array.\g_row[1].g_col[2].u_pe.\u_mul.\g_bw.g_wallace.u_tree.\genblk1.g_reduce.u_next.$or$/home/danieltyukov/workspace/personal/tt-ihp-int8-npu/src/npu_csa_reduce.sv:53$2070 ($or).
Removed top 1 bits (of 16) from port A of cell tt_um_danieltyukov_int8_npu.$flatten\u_core.\u_array.\g_row[1].g_col[2].u_pe.\u_mul.\g_bw.g_wallace.u_tree.\genblk1.g_reduce.u_next.$or$/home/danieltyukov/workspace/personal/tt-ihp-int8-npu/src/npu_csa_reduce.sv:53$2070 ($or).
Removed top 1 bits (of 16) from port B of cell tt_um_danieltyukov_int8_npu.$flatten\u_core.\u_array.\g_row[1].g_col[2].u_pe.\u_mul.\g_bw.g_wallace.u_tree.\genblk1.g_reduce.u_next.$or$/home/danieltyukov/workspace/personal/tt-ihp-int8-npu/src/npu_csa_reduce.sv:53$2070 ($or).
Removed top 1 bits (of 16) from port Y of cell tt_um_danieltyukov_int8_npu.$flatten\u_core.\u_array.\g_row[1].g_col[2].u_pe.\u_mul.\g_bw.g_wallace.u_tree.\genblk1.g_reduce.u_next.$and$/home/danieltyukov/workspace/personal/tt-ihp-int8-npu/src/npu_csa_reduce.sv:53$2071 ($and).
Removed top 1 bits (of 16) from port A of cell tt_um_danieltyukov_int8_npu.$flatten\u_core.\u_array.\g_row[1].g_col[2].u_pe.\u_mul.\g_bw.g_wallace.u_tree.\genblk1.g_reduce.u_next.$and$/home/danieltyukov/workspace/personal/tt-ihp-int8-npu/src/npu_csa_reduce.sv:53$2071 ($and).
Removed top 1 bits (of 16) from port B of cell tt_um_danieltyukov_int8_npu.$flatten\u_core.\u_array.\g_row[1].g_col[2].u_pe.\u_mul.\g_bw.g_wallace.u_tree.\genblk1.g_reduce.u_next.$and$/home/danieltyukov/workspace/personal/tt-ihp-int8-npu/src/npu_csa_reduce.sv:53$2071 ($and).
Removed top 1 bits (of 16) from port Y of cell tt_um_danieltyukov_int8_npu.$flatten\u_core.\u_array.\g_row[1].g_col[2].u_pe.\u_mul.\g_bw.g_wallace.u_tree.\genblk1.g_reduce.u_next.$or$/home/danieltyukov/workspace/personal/tt-ihp-int8-npu/src/npu_csa_reduce.sv:53$2077 ($or).
Removed top 1 bits (of 16) from port A of cell tt_um_danieltyukov_int8_npu.$flatten\u_core.\u_array.\g_row[1].g_col[2].u_pe.\u_mul.\g_bw.g_wallace.u_tree.\genblk1.g_reduce.u_next.$or$/home/danieltyukov/workspace/personal/tt-ihp-int8-npu/src/npu_csa_reduce.sv:53$2077 ($or).
Removed top 1 bits (of 16) from port B of cell tt_um_danieltyukov_int8_npu.$flatten\u_core.\u_array.\g_row[1].g_col[2].u_pe.\u_mul.\g_bw.g_wallace.u_tree.\genblk1.g_reduce.u_next.$or$/home/danieltyukov/workspace/personal/tt-ihp-int8-npu/src/npu_csa_reduce.sv:53$2077 ($or).
Removed top 1 bits (of 16) from port Y of cell tt_um_danieltyukov_int8_npu.$flatten\u_core.\u_array.\g_row[1].g_col[2].u_pe.\u_mul.\g_bw.g_wallace.u_tree.\genblk1.g_reduce.u_next.$and$/home/danieltyukov/workspace/personal/tt-ihp-int8-npu/src/npu_csa_reduce.sv:53$2078 ($and).
Removed top 1 bits (of 16) from port A of cell tt_um_danieltyukov_int8_npu.$flatten\u_core.\u_array.\g_row[1].g_col[2].u_pe.\u_mul.\g_bw.g_wallace.u_tree.\genblk1.g_reduce.u_next.$and$/home/danieltyukov/workspace/personal/tt-ihp-int8-npu/src/npu_csa_reduce.sv:53$2078 ($and).
Removed top 1 bits (of 16) from port B of cell tt_um_danieltyukov_int8_npu.$flatten\u_core.\u_array.\g_row[1].g_col[2].u_pe.\u_mul.\g_bw.g_wallace.u_tree.\genblk1.g_reduce.u_next.$and$/home/danieltyukov/workspace/personal/tt-ihp-int8-npu/src/npu_csa_reduce.sv:53$2078 ($and).
Removed top 1 bits (of 16) from port Y of cell tt_um_danieltyukov_int8_npu.$flatten\u_core.\u_array.\g_row[1].g_col[2].u_pe.\u_mul.\g_bw.g_wallace.u_tree.\genblk1.g_reduce.u_next.\genblk1.g_reduce.u_next.\genblk1.g_reduce.u_next.$or$/home/danieltyukov/workspace/personal/tt-ihp-int8-npu/src/npu_csa_reduce.sv:53$1936 ($or).
Removed top 1 bits (of 16) from port A of cell tt_um_danieltyukov_int8_npu.$flatten\u_core.\u_array.\g_row[1].g_col[2].u_pe.\u_mul.\g_bw.g_wallace.u_tree.\genblk1.g_reduce.u_next.\genblk1.g_reduce.u_next.\genblk1.g_reduce.u_next.$or$/home/danieltyukov/workspace/personal/tt-ihp-int8-npu/src/npu_csa_reduce.sv:53$1936 ($or).
Removed top 1 bits (of 16) from port B of cell tt_um_danieltyukov_int8_npu.$flatten\u_core.\u_array.\g_row[1].g_col[2].u_pe.\u_mul.\g_bw.g_wallace.u_tree.\genblk1.g_reduce.u_next.\genblk1.g_reduce.u_next.\genblk1.g_reduce.u_next.$or$/home/danieltyukov/workspace/personal/tt-ihp-int8-npu/src/npu_csa_reduce.sv:53$1936 ($or).
Removed top 1 bits (of 16) from port Y of cell tt_um_danieltyukov_int8_npu.$flatten\u_core.\u_array.\g_row[1].g_col[2].u_pe.\u_mul.\g_bw.g_wallace.u_tree.\genblk1.g_reduce.u_next.\genblk1.g_reduce.u_next.\genblk1.g_reduce.u_next.$and$/home/danieltyukov/workspace/personal/tt-ihp-int8-npu/src/npu_csa_reduce.sv:53$1937 ($and).
Removed top 1 bits (of 16) from port A of cell tt_um_danieltyukov_int8_npu.$flatten\u_core.\u_array.\g_row[1].g_col[2].u_pe.\u_mul.\g_bw.g_wallace.u_tree.\genblk1.g_reduce.u_next.\genblk1.g_reduce.u_next.\genblk1.g_reduce.u_next.$and$/home/danieltyukov/workspace/personal/tt-ihp-int8-npu/src/npu_csa_reduce.sv:53$1937 ($and).
Removed top 1 bits (of 16) from port B of cell tt_um_danieltyukov_int8_npu.$flatten\u_core.\u_array.\g_row[1].g_col[2].u_pe.\u_mul.\g_bw.g_wallace.u_tree.\genblk1.g_reduce.u_next.\genblk1.g_reduce.u_next.\genblk1.g_reduce.u_next.$and$/home/danieltyukov/workspace/personal/tt-ihp-int8-npu/src/npu_csa_reduce.sv:53$1937 ($and).
Removed top 1 bits (of 16) from port Y of cell tt_um_danieltyukov_int8_npu.$flatten\u_core.\u_array.\g_row[1].g_col[3].u_pe.\u_mul.\g_bw.g_wallace.u_tree.\genblk1.g_reduce.u_next.$or$/home/danieltyukov/workspace/personal/tt-ihp-int8-npu/src/npu_csa_reduce.sv:53$2070 ($or).
Removed top 1 bits (of 16) from port A of cell tt_um_danieltyukov_int8_npu.$flatten\u_core.\u_array.\g_row[1].g_col[3].u_pe.\u_mul.\g_bw.g_wallace.u_tree.\genblk1.g_reduce.u_next.$or$/home/danieltyukov/workspace/personal/tt-ihp-int8-npu/src/npu_csa_reduce.sv:53$2070 ($or).
Removed top 1 bits (of 16) from port B of cell tt_um_danieltyukov_int8_npu.$flatten\u_core.\u_array.\g_row[1].g_col[3].u_pe.\u_mul.\g_bw.g_wallace.u_tree.\genblk1.g_reduce.u_next.$or$/home/danieltyukov/workspace/personal/tt-ihp-int8-npu/src/npu_csa_reduce.sv:53$2070 ($or).
Removed top 1 bits (of 16) from port Y of cell tt_um_danieltyukov_int8_npu.$flatten\u_core.\u_array.\g_row[1].g_col[3].u_pe.\u_mul.\g_bw.g_wallace.u_tree.\genblk1.g_reduce.u_next.$and$/home/danieltyukov/workspace/personal/tt-ihp-int8-npu/src/npu_csa_reduce.sv:53$2071 ($and).
Removed top 1 bits (of 16) from port A of cell tt_um_danieltyukov_int8_npu.$flatten\u_core.\u_array.\g_row[1].g_col[3].u_pe.\u_mul.\g_bw.g_wallace.u_tree.\genblk1.g_reduce.u_next.$and$/home/danieltyukov/workspace/personal/tt-ihp-int8-npu/src/npu_csa_reduce.sv:53$2071 ($and).
Removed top 1 bits (of 16) from port B of cell tt_um_danieltyukov_int8_npu.$flatten\u_core.\u_array.\g_row[1].g_col[3].u_pe.\u_mul.\g_bw.g_wallace.u_tree.\genblk1.g_reduce.u_next.$and$/home/danieltyukov/workspace/personal/tt-ihp-int8-npu/src/npu_csa_reduce.sv:53$2071 ($and).
Removed top 1 bits (of 16) from port Y of cell tt_um_danieltyukov_int8_npu.$flatten\u_core.\u_array.\g_row[1].g_col[3].u_pe.\u_mul.\g_bw.g_wallace.u_tree.\genblk1.g_reduce.u_next.$or$/home/danieltyukov/workspace/personal/tt-ihp-int8-npu/src/npu_csa_reduce.sv:53$2077 ($or).
Removed top 1 bits (of 16) from port A of cell tt_um_danieltyukov_int8_npu.$flatten\u_core.\u_array.\g_row[1].g_col[3].u_pe.\u_mul.\g_bw.g_wallace.u_tree.\genblk1.g_reduce.u_next.$or$/home/danieltyukov/workspace/personal/tt-ihp-int8-npu/src/npu_csa_reduce.sv:53$2077 ($or).
Removed top 1 bits (of 16) from port B of cell tt_um_danieltyukov_int8_npu.$flatten\u_core.\u_array.\g_row[1].g_col[3].u_pe.\u_mul.\g_bw.g_wallace.u_tree.\genblk1.g_reduce.u_next.$or$/home/danieltyukov/workspace/personal/tt-ihp-int8-npu/src/npu_csa_reduce.sv:53$2077 ($or).
Removed top 1 bits (of 16) from port Y of cell tt_um_danieltyukov_int8_npu.$flatten\u_core.\u_array.\g_row[1].g_col[3].u_pe.\u_mul.\g_bw.g_wallace.u_tree.\genblk1.g_reduce.u_next.$and$/home/danieltyukov/workspace/personal/tt-ihp-int8-npu/src/npu_csa_reduce.sv:53$2078 ($and).
Removed top 1 bits (of 16) from port A of cell tt_um_danieltyukov_int8_npu.$flatten\u_core.\u_array.\g_row[1].g_col[3].u_pe.\u_mul.\g_bw.g_wallace.u_tree.\genblk1.g_reduce.u_next.$and$/home/danieltyukov/workspace/personal/tt-ihp-int8-npu/src/npu_csa_reduce.sv:53$2078 ($and).
Removed top 1 bits (of 16) from port B of cell tt_um_danieltyukov_int8_npu.$flatten\u_core.\u_array.\g_row[1].g_col[3].u_pe.\u_mul.\g_bw.g_wallace.u_tree.\genblk1.g_reduce.u_next.$and$/home/danieltyukov/workspace/personal/tt-ihp-int8-npu/src/npu_csa_reduce.sv:53$2078 ($and).
Removed top 1 bits (of 16) from port Y of cell tt_um_danieltyukov_int8_npu.$flatten\u_core.\u_array.\g_row[1].g_col[3].u_pe.\u_mul.\g_bw.g_wallace.u_tree.\genblk1.g_reduce.u_next.\genblk1.g_reduce.u_next.\genblk1.g_reduce.u_next.$or$/home/danieltyukov/workspace/personal/tt-ihp-int8-npu/src/npu_csa_reduce.sv:53$1936 ($or).
Removed top 1 bits (of 16) from port A of cell tt_um_danieltyukov_int8_npu.$flatten\u_core.\u_array.\g_row[1].g_col[3].u_pe.\u_mul.\g_bw.g_wallace.u_tree.\genblk1.g_reduce.u_next.\genblk1.g_reduce.u_next.\genblk1.g_reduce.u_next.$or$/home/danieltyukov/workspace/personal/tt-ihp-int8-npu/src/npu_csa_reduce.sv:53$1936 ($or).
Removed top 1 bits (of 16) from port B of cell tt_um_danieltyukov_int8_npu.$flatten\u_core.\u_array.\g_row[1].g_col[3].u_pe.\u_mul.\g_bw.g_wallace.u_tree.\genblk1.g_reduce.u_next.\genblk1.g_reduce.u_next.\genblk1.g_reduce.u_next.$or$/home/danieltyukov/workspace/personal/tt-ihp-int8-npu/src/npu_csa_reduce.sv:53$1936 ($or).
Removed top 1 bits (of 16) from port Y of cell tt_um_danieltyukov_int8_npu.$flatten\u_core.\u_array.\g_row[1].g_col[3].u_pe.\u_mul.\g_bw.g_wallace.u_tree.\genblk1.g_reduce.u_next.\genblk1.g_reduce.u_next.\genblk1.g_reduce.u_next.$and$/home/danieltyukov/workspace/personal/tt-ihp-int8-npu/src/npu_csa_reduce.sv:53$1937 ($and).
Removed top 1 bits (of 16) from port A of cell tt_um_danieltyukov_int8_npu.$flatten\u_core.\u_array.\g_row[1].g_col[3].u_pe.\u_mul.\g_bw.g_wallace.u_tree.\genblk1.g_reduce.u_next.\genblk1.g_reduce.u_next.\genblk1.g_reduce.u_next.$and$/home/danieltyukov/workspace/personal/tt-ihp-int8-npu/src/npu_csa_reduce.sv:53$1937 ($and).
Removed top 1 bits (of 16) from port B of cell tt_um_danieltyukov_int8_npu.$flatten\u_core.\u_array.\g_row[1].g_col[3].u_pe.\u_mul.\g_bw.g_wallace.u_tree.\genblk1.g_reduce.u_next.\genblk1.g_reduce.u_next.\genblk1.g_reduce.u_next.$and$/home/danieltyukov/workspace/personal/tt-ihp-int8-npu/src/npu_csa_reduce.sv:53$1937 ($and).
Removed top 1 bits (of 16) from port Y of cell tt_um_danieltyukov_int8_npu.$flatten\u_core.\u_array.\g_row[2].g_col[0].u_pe.\u_mul.\g_bw.g_wallace.u_tree.\genblk1.g_reduce.u_next.$or$/home/danieltyukov/workspace/personal/tt-ihp-int8-npu/src/npu_csa_reduce.sv:53$2070 ($or).
Removed top 1 bits (of 16) from port A of cell tt_um_danieltyukov_int8_npu.$flatten\u_core.\u_array.\g_row[2].g_col[0].u_pe.\u_mul.\g_bw.g_wallace.u_tree.\genblk1.g_reduce.u_next.$or$/home/danieltyukov/workspace/personal/tt-ihp-int8-npu/src/npu_csa_reduce.sv:53$2070 ($or).
Removed top 1 bits (of 16) from port B of cell tt_um_danieltyukov_int8_npu.$flatten\u_core.\u_array.\g_row[2].g_col[0].u_pe.\u_mul.\g_bw.g_wallace.u_tree.\genblk1.g_reduce.u_next.$or$/home/danieltyukov/workspace/personal/tt-ihp-int8-npu/src/npu_csa_reduce.sv:53$2070 ($or).
Removed top 1 bits (of 16) from port Y of cell tt_um_danieltyukov_int8_npu.$flatten\u_core.\u_array.\g_row[2].g_col[0].u_pe.\u_mul.\g_bw.g_wallace.u_tree.\genblk1.g_reduce.u_next.$and$/home/danieltyukov/workspace/personal/tt-ihp-int8-npu/src/npu_csa_reduce.sv:53$2071 ($and).
Removed top 1 bits (of 16) from port A of cell tt_um_danieltyukov_int8_npu.$flatten\u_core.\u_array.\g_row[2].g_col[0].u_pe.\u_mul.\g_bw.g_wallace.u_tree.\genblk1.g_reduce.u_next.$and$/home/danieltyukov/workspace/personal/tt-ihp-int8-npu/src/npu_csa_reduce.sv:53$2071 ($and).
Removed top 1 bits (of 16) from port B of cell tt_um_danieltyukov_int8_npu.$flatten\u_core.\u_array.\g_row[2].g_col[0].u_pe.\u_mul.\g_bw.g_wallace.u_tree.\genblk1.g_reduce.u_next.$and$/home/danieltyukov/workspace/personal/tt-ihp-int8-npu/src/npu_csa_reduce.sv:53$2071 ($and).
Removed top 1 bits (of 16) from port Y of cell tt_um_danieltyukov_int8_npu.$flatten\u_core.\u_array.\g_row[2].g_col[0].u_pe.\u_mul.\g_bw.g_wallace.u_tree.\genblk1.g_reduce.u_next.$or$/home/danieltyukov/workspace/personal/tt-ihp-int8-npu/src/npu_csa_reduce.sv:53$2077 ($or).
Removed top 1 bits (of 16) from port A of cell tt_um_danieltyukov_int8_npu.$flatten\u_core.\u_array.\g_row[2].g_col[0].u_pe.\u_mul.\g_bw.g_wallace.u_tree.\genblk1.g_reduce.u_next.$or$/home/danieltyukov/workspace/personal/tt-ihp-int8-npu/src/npu_csa_reduce.sv:53$2077 ($or).
Removed top 1 bits (of 16) from port B of cell tt_um_danieltyukov_int8_npu.$flatten\u_core.\u_array.\g_row[2].g_col[0].u_pe.\u_mul.\g_bw.g_wallace.u_tree.\genblk1.g_reduce.u_next.$or$/home/danieltyukov/workspace/personal/tt-ihp-int8-npu/src/npu_csa_reduce.sv:53$2077 ($or).
Removed top 1 bits (of 16) from port Y of cell tt_um_danieltyukov_int8_npu.$flatten\u_core.\u_array.\g_row[2].g_col[0].u_pe.\u_mul.\g_bw.g_wallace.u_tree.\genblk1.g_reduce.u_next.$and$/home/danieltyukov/workspace/personal/tt-ihp-int8-npu/src/npu_csa_reduce.sv:53$2078 ($and).
Removed top 1 bits (of 16) from port A of cell tt_um_danieltyukov_int8_npu.$flatten\u_core.\u_array.\g_row[2].g_col[0].u_pe.\u_mul.\g_bw.g_wallace.u_tree.\genblk1.g_reduce.u_next.$and$/home/danieltyukov/workspace/personal/tt-ihp-int8-npu/src/npu_csa_reduce.sv:53$2078 ($and).
Removed top 1 bits (of 16) from port B of cell tt_um_danieltyukov_int8_npu.$flatten\u_core.\u_array.\g_row[2].g_col[0].u_pe.\u_mul.\g_bw.g_wallace.u_tree.\genblk1.g_reduce.u_next.$and$/home/danieltyukov/workspace/personal/tt-ihp-int8-npu/src/npu_csa_reduce.sv:53$2078 ($and).
Removed top 1 bits (of 16) from port Y of cell tt_um_danieltyukov_int8_npu.$flatten\u_core.\u_array.\g_row[2].g_col[0].u_pe.\u_mul.\g_bw.g_wallace.u_tree.\genblk1.g_reduce.u_next.\genblk1.g_reduce.u_next.\genblk1.g_reduce.u_next.$or$/home/danieltyukov/workspace/personal/tt-ihp-int8-npu/src/npu_csa_reduce.sv:53$1936 ($or).
Removed top 1 bits (of 16) from port A of cell tt_um_danieltyukov_int8_npu.$flatten\u_core.\u_array.\g_row[2].g_col[0].u_pe.\u_mul.\g_bw.g_wallace.u_tree.\genblk1.g_reduce.u_next.\genblk1.g_reduce.u_next.\genblk1.g_reduce.u_next.$or$/home/danieltyukov/workspace/personal/tt-ihp-int8-npu/src/npu_csa_reduce.sv:53$1936 ($or).
Removed top 1 bits (of 16) from port B of cell tt_um_danieltyukov_int8_npu.$flatten\u_core.\u_array.\g_row[2].g_col[0].u_pe.\u_mul.\g_bw.g_wallace.u_tree.\genblk1.g_reduce.u_next.\genblk1.g_reduce.u_next.\genblk1.g_reduce.u_next.$or$/home/danieltyukov/workspace/personal/tt-ihp-int8-npu/src/npu_csa_reduce.sv:53$1936 ($or).
Removed top 1 bits (of 16) from port Y of cell tt_um_danieltyukov_int8_npu.$flatten\u_core.\u_array.\g_row[2].g_col[0].u_pe.\u_mul.\g_bw.g_wallace.u_tree.\genblk1.g_reduce.u_next.\genblk1.g_reduce.u_next.\genblk1.g_reduce.u_next.$and$/home/danieltyukov/workspace/personal/tt-ihp-int8-npu/src/npu_csa_reduce.sv:53$1937 ($and).
Removed top 1 bits (of 16) from port A of cell tt_um_danieltyukov_int8_npu.$flatten\u_core.\u_array.\g_row[2].g_col[0].u_pe.\u_mul.\g_bw.g_wallace.u_tree.\genblk1.g_reduce.u_next.\genblk1.g_reduce.u_next.\genblk1.g_reduce.u_next.$and$/home/danieltyukov/workspace/personal/tt-ihp-int8-npu/src/npu_csa_reduce.sv:53$1937 ($and).
Removed top 1 bits (of 16) from port B of cell tt_um_danieltyukov_int8_npu.$flatten\u_core.\u_array.\g_row[2].g_col[0].u_pe.\u_mul.\g_bw.g_wallace.u_tree.\genblk1.g_reduce.u_next.\genblk1.g_reduce.u_next.\genblk1.g_reduce.u_next.$and$/home/danieltyukov/workspace/personal/tt-ihp-int8-npu/src/npu_csa_reduce.sv:53$1937 ($and).
Removed top 1 bits (of 16) from port Y of cell tt_um_danieltyukov_int8_npu.$flatten\u_core.\u_array.\g_row[2].g_col[1].u_pe.\u_mul.\g_bw.g_wallace.u_tree.\genblk1.g_reduce.u_next.$or$/home/danieltyukov/workspace/personal/tt-ihp-int8-npu/src/npu_csa_reduce.sv:53$2070 ($or).
Removed top 1 bits (of 16) from port A of cell tt_um_danieltyukov_int8_npu.$flatten\u_core.\u_array.\g_row[2].g_col[1].u_pe.\u_mul.\g_bw.g_wallace.u_tree.\genblk1.g_reduce.u_next.$or$/home/danieltyukov/workspace/personal/tt-ihp-int8-npu/src/npu_csa_reduce.sv:53$2070 ($or).
Removed top 1 bits (of 16) from port B of cell tt_um_danieltyukov_int8_npu.$flatten\u_core.\u_array.\g_row[2].g_col[1].u_pe.\u_mul.\g_bw.g_wallace.u_tree.\genblk1.g_reduce.u_next.$or$/home/danieltyukov/workspace/personal/tt-ihp-int8-npu/src/npu_csa_reduce.sv:53$2070 ($or).
Removed top 1 bits (of 16) from port Y of cell tt_um_danieltyukov_int8_npu.$flatten\u_core.\u_array.\g_row[2].g_col[1].u_pe.\u_mul.\g_bw.g_wallace.u_tree.\genblk1.g_reduce.u_next.$and$/home/danieltyukov/workspace/personal/tt-ihp-int8-npu/src/npu_csa_reduce.sv:53$2071 ($and).
Removed top 1 bits (of 16) from port A of cell tt_um_danieltyukov_int8_npu.$flatten\u_core.\u_array.\g_row[2].g_col[1].u_pe.\u_mul.\g_bw.g_wallace.u_tree.\genblk1.g_reduce.u_next.$and$/home/danieltyukov/workspace/personal/tt-ihp-int8-npu/src/npu_csa_reduce.sv:53$2071 ($and).
Removed top 1 bits (of 16) from port B of cell tt_um_danieltyukov_int8_npu.$flatten\u_core.\u_array.\g_row[2].g_col[1].u_pe.\u_mul.\g_bw.g_wallace.u_tree.\genblk1.g_reduce.u_next.$and$/home/danieltyukov/workspace/personal/tt-ihp-int8-npu/src/npu_csa_reduce.sv:53$2071 ($and).
Removed top 1 bits (of 16) from port Y of cell tt_um_danieltyukov_int8_npu.$flatten\u_core.\u_array.\g_row[2].g_col[1].u_pe.\u_mul.\g_bw.g_wallace.u_tree.\genblk1.g_reduce.u_next.$or$/home/danieltyukov/workspace/personal/tt-ihp-int8-npu/src/npu_csa_reduce.sv:53$2077 ($or).
Removed top 1 bits (of 16) from port A of cell tt_um_danieltyukov_int8_npu.$flatten\u_core.\u_array.\g_row[2].g_col[1].u_pe.\u_mul.\g_bw.g_wallace.u_tree.\genblk1.g_reduce.u_next.$or$/home/danieltyukov/workspace/personal/tt-ihp-int8-npu/src/npu_csa_reduce.sv:53$2077 ($or).
Removed top 1 bits (of 16) from port B of cell tt_um_danieltyukov_int8_npu.$flatten\u_core.\u_array.\g_row[2].g_col[1].u_pe.\u_mul.\g_bw.g_wallace.u_tree.\genblk1.g_reduce.u_next.$or$/home/danieltyukov/workspace/personal/tt-ihp-int8-npu/src/npu_csa_reduce.sv:53$2077 ($or).
Removed top 1 bits (of 16) from port Y of cell tt_um_danieltyukov_int8_npu.$flatten\u_core.\u_array.\g_row[2].g_col[1].u_pe.\u_mul.\g_bw.g_wallace.u_tree.\genblk1.g_reduce.u_next.$and$/home/danieltyukov/workspace/personal/tt-ihp-int8-npu/src/npu_csa_reduce.sv:53$2078 ($and).
Removed top 1 bits (of 16) from port A of cell tt_um_danieltyukov_int8_npu.$flatten\u_core.\u_array.\g_row[2].g_col[1].u_pe.\u_mul.\g_bw.g_wallace.u_tree.\genblk1.g_reduce.u_next.$and$/home/danieltyukov/workspace/personal/tt-ihp-int8-npu/src/npu_csa_reduce.sv:53$2078 ($and).
Removed top 1 bits (of 16) from port B of cell tt_um_danieltyukov_int8_npu.$flatten\u_core.\u_array.\g_row[2].g_col[1].u_pe.\u_mul.\g_bw.g_wallace.u_tree.\genblk1.g_reduce.u_next.$and$/home/danieltyukov/workspace/personal/tt-ihp-int8-npu/src/npu_csa_reduce.sv:53$2078 ($and).
Removed top 1 bits (of 16) from port Y of cell tt_um_danieltyukov_int8_npu.$flatten\u_core.\u_array.\g_row[2].g_col[1].u_pe.\u_mul.\g_bw.g_wallace.u_tree.\genblk1.g_reduce.u_next.\genblk1.g_reduce.u_next.\genblk1.g_reduce.u_next.$or$/home/danieltyukov/workspace/personal/tt-ihp-int8-npu/src/npu_csa_reduce.sv:53$1936 ($or).
Removed top 1 bits (of 16) from port A of cell tt_um_danieltyukov_int8_npu.$flatten\u_core.\u_array.\g_row[2].g_col[1].u_pe.\u_mul.\g_bw.g_wallace.u_tree.\genblk1.g_reduce.u_next.\genblk1.g_reduce.u_next.\genblk1.g_reduce.u_next.$or$/home/danieltyukov/workspace/personal/tt-ihp-int8-npu/src/npu_csa_reduce.sv:53$1936 ($or).
Removed top 1 bits (of 16) from port B of cell tt_um_danieltyukov_int8_npu.$flatten\u_core.\u_array.\g_row[2].g_col[1].u_pe.\u_mul.\g_bw.g_wallace.u_tree.\genblk1.g_reduce.u_next.\genblk1.g_reduce.u_next.\genblk1.g_reduce.u_next.$or$/home/danieltyukov/workspace/personal/tt-ihp-int8-npu/src/npu_csa_reduce.sv:53$1936 ($or).
Removed top 1 bits (of 16) from port Y of cell tt_um_danieltyukov_int8_npu.$flatten\u_core.\u_array.\g_row[2].g_col[1].u_pe.\u_mul.\g_bw.g_wallace.u_tree.\genblk1.g_reduce.u_next.\genblk1.g_reduce.u_next.\genblk1.g_reduce.u_next.$and$/home/danieltyukov/workspace/personal/tt-ihp-int8-npu/src/npu_csa_reduce.sv:53$1937 ($and).
Removed top 1 bits (of 16) from port A of cell tt_um_danieltyukov_int8_npu.$flatten\u_core.\u_array.\g_row[2].g_col[1].u_pe.\u_mul.\g_bw.g_wallace.u_tree.\genblk1.g_reduce.u_next.\genblk1.g_reduce.u_next.\genblk1.g_reduce.u_next.$and$/home/danieltyukov/workspace/personal/tt-ihp-int8-npu/src/npu_csa_reduce.sv:53$1937 ($and).
Removed top 1 bits (of 16) from port B of cell tt_um_danieltyukov_int8_npu.$flatten\u_core.\u_array.\g_row[2].g_col[1].u_pe.\u_mul.\g_bw.g_wallace.u_tree.\genblk1.g_reduce.u_next.\genblk1.g_reduce.u_next.\genblk1.g_reduce.u_next.$and$/home/danieltyukov/workspace/personal/tt-ihp-int8-npu/src/npu_csa_reduce.sv:53$1937 ($and).
Removed top 1 bits (of 16) from port Y of cell tt_um_danieltyukov_int8_npu.$flatten\u_core.\u_array.\g_row[2].g_col[2].u_pe.\u_mul.\g_bw.g_wallace.u_tree.\genblk1.g_reduce.u_next.$or$/home/danieltyukov/workspace/personal/tt-ihp-int8-npu/src/npu_csa_reduce.sv:53$2070 ($or).
Removed top 1 bits (of 16) from port A of cell tt_um_danieltyukov_int8_npu.$flatten\u_core.\u_array.\g_row[2].g_col[2].u_pe.\u_mul.\g_bw.g_wallace.u_tree.\genblk1.g_reduce.u_next.$or$/home/danieltyukov/workspace/personal/tt-ihp-int8-npu/src/npu_csa_reduce.sv:53$2070 ($or).
Removed top 1 bits (of 16) from port B of cell tt_um_danieltyukov_int8_npu.$flatten\u_core.\u_array.\g_row[2].g_col[2].u_pe.\u_mul.\g_bw.g_wallace.u_tree.\genblk1.g_reduce.u_next.$or$/home/danieltyukov/workspace/personal/tt-ihp-int8-npu/src/npu_csa_reduce.sv:53$2070 ($or).
Removed top 1 bits (of 16) from port Y of cell tt_um_danieltyukov_int8_npu.$flatten\u_core.\u_array.\g_row[2].g_col[2].u_pe.\u_mul.\g_bw.g_wallace.u_tree.\genblk1.g_reduce.u_next.$and$/home/danieltyukov/workspace/personal/tt-ihp-int8-npu/src/npu_csa_reduce.sv:53$2071 ($and).
Removed top 1 bits (of 16) from port A of cell tt_um_danieltyukov_int8_npu.$flatten\u_core.\u_array.\g_row[2].g_col[2].u_pe.\u_mul.\g_bw.g_wallace.u_tree.\genblk1.g_reduce.u_next.$and$/home/danieltyukov/workspace/personal/tt-ihp-int8-npu/src/npu_csa_reduce.sv:53$2071 ($and).
Removed top 1 bits (of 16) from port B of cell tt_um_danieltyukov_int8_npu.$flatten\u_core.\u_array.\g_row[2].g_col[2].u_pe.\u_mul.\g_bw.g_wallace.u_tree.\genblk1.g_reduce.u_next.$and$/home/danieltyukov/workspace/personal/tt-ihp-int8-npu/src/npu_csa_reduce.sv:53$2071 ($and).
Removed top 1 bits (of 16) from port Y of cell tt_um_danieltyukov_int8_npu.$flatten\u_core.\u_array.\g_row[2].g_col[2].u_pe.\u_mul.\g_bw.g_wallace.u_tree.\genblk1.g_reduce.u_next.$or$/home/danieltyukov/workspace/personal/tt-ihp-int8-npu/src/npu_csa_reduce.sv:53$2077 ($or).
Removed top 1 bits (of 16) from port A of cell tt_um_danieltyukov_int8_npu.$flatten\u_core.\u_array.\g_row[2].g_col[2].u_pe.\u_mul.\g_bw.g_wallace.u_tree.\genblk1.g_reduce.u_next.$or$/home/danieltyukov/workspace/personal/tt-ihp-int8-npu/src/npu_csa_reduce.sv:53$2077 ($or).
Removed top 1 bits (of 16) from port B of cell tt_um_danieltyukov_int8_npu.$flatten\u_core.\u_array.\g_row[2].g_col[2].u_pe.\u_mul.\g_bw.g_wallace.u_tree.\genblk1.g_reduce.u_next.$or$/home/danieltyukov/workspace/personal/tt-ihp-int8-npu/src/npu_csa_reduce.sv:53$2077 ($or).
Removed top 1 bits (of 16) from port Y of cell tt_um_danieltyukov_int8_npu.$flatten\u_core.\u_array.\g_row[2].g_col[2].u_pe.\u_mul.\g_bw.g_wallace.u_tree.\genblk1.g_reduce.u_next.$and$/home/danieltyukov/workspace/personal/tt-ihp-int8-npu/src/npu_csa_reduce.sv:53$2078 ($and).
Removed top 1 bits (of 16) from port A of cell tt_um_danieltyukov_int8_npu.$flatten\u_core.\u_array.\g_row[2].g_col[2].u_pe.\u_mul.\g_bw.g_wallace.u_tree.\genblk1.g_reduce.u_next.$and$/home/danieltyukov/workspace/personal/tt-ihp-int8-npu/src/npu_csa_reduce.sv:53$2078 ($and).
Removed top 1 bits (of 16) from port B of cell tt_um_danieltyukov_int8_npu.$flatten\u_core.\u_array.\g_row[2].g_col[2].u_pe.\u_mul.\g_bw.g_wallace.u_tree.\genblk1.g_reduce.u_next.$and$/home/danieltyukov/workspace/personal/tt-ihp-int8-npu/src/npu_csa_reduce.sv:53$2078 ($and).
Removed top 1 bits (of 16) from port Y of cell tt_um_danieltyukov_int8_npu.$flatten\u_core.\u_array.\g_row[2].g_col[2].u_pe.\u_mul.\g_bw.g_wallace.u_tree.\genblk1.g_reduce.u_next.\genblk1.g_reduce.u_next.\genblk1.g_reduce.u_next.$or$/home/danieltyukov/workspace/personal/tt-ihp-int8-npu/src/npu_csa_reduce.sv:53$1936 ($or).
Removed top 1 bits (of 16) from port A of cell tt_um_danieltyukov_int8_npu.$flatten\u_core.\u_array.\g_row[2].g_col[2].u_pe.\u_mul.\g_bw.g_wallace.u_tree.\genblk1.g_reduce.u_next.\genblk1.g_reduce.u_next.\genblk1.g_reduce.u_next.$or$/home/danieltyukov/workspace/personal/tt-ihp-int8-npu/src/npu_csa_reduce.sv:53$1936 ($or).
Removed top 1 bits (of 16) from port B of cell tt_um_danieltyukov_int8_npu.$flatten\u_core.\u_array.\g_row[2].g_col[2].u_pe.\u_mul.\g_bw.g_wallace.u_tree.\genblk1.g_reduce.u_next.\genblk1.g_reduce.u_next.\genblk1.g_reduce.u_next.$or$/home/danieltyukov/workspace/personal/tt-ihp-int8-npu/src/npu_csa_reduce.sv:53$1936 ($or).
Removed top 1 bits (of 16) from port Y of cell tt_um_danieltyukov_int8_npu.$flatten\u_core.\u_array.\g_row[2].g_col[2].u_pe.\u_mul.\g_bw.g_wallace.u_tree.\genblk1.g_reduce.u_next.\genblk1.g_reduce.u_next.\genblk1.g_reduce.u_next.$and$/home/danieltyukov/workspace/personal/tt-ihp-int8-npu/src/npu_csa_reduce.sv:53$1937 ($and).
Removed top 1 bits (of 16) from port A of cell tt_um_danieltyukov_int8_npu.$flatten\u_core.\u_array.\g_row[2].g_col[2].u_pe.\u_mul.\g_bw.g_wallace.u_tree.\genblk1.g_reduce.u_next.\genblk1.g_reduce.u_next.\genblk1.g_reduce.u_next.$and$/home/danieltyukov/workspace/personal/tt-ihp-int8-npu/src/npu_csa_reduce.sv:53$1937 ($and).
Removed top 1 bits (of 16) from port B of cell tt_um_danieltyukov_int8_npu.$flatten\u_core.\u_array.\g_row[2].g_col[2].u_pe.\u_mul.\g_bw.g_wallace.u_tree.\genblk1.g_reduce.u_next.\genblk1.g_reduce.u_next.\genblk1.g_reduce.u_next.$and$/home/danieltyukov/workspace/personal/tt-ihp-int8-npu/src/npu_csa_reduce.sv:53$1937 ($and).
Removed top 1 bits (of 16) from port Y of cell tt_um_danieltyukov_int8_npu.$flatten\u_core.\u_array.\g_row[2].g_col[3].u_pe.\u_mul.\g_bw.g_wallace.u_tree.\genblk1.g_reduce.u_next.$or$/home/danieltyukov/workspace/personal/tt-ihp-int8-npu/src/npu_csa_reduce.sv:53$2070 ($or).
Removed top 1 bits (of 16) from port A of cell tt_um_danieltyukov_int8_npu.$flatten\u_core.\u_array.\g_row[2].g_col[3].u_pe.\u_mul.\g_bw.g_wallace.u_tree.\genblk1.g_reduce.u_next.$or$/home/danieltyukov/workspace/personal/tt-ihp-int8-npu/src/npu_csa_reduce.sv:53$2070 ($or).
Removed top 1 bits (of 16) from port B of cell tt_um_danieltyukov_int8_npu.$flatten\u_core.\u_array.\g_row[2].g_col[3].u_pe.\u_mul.\g_bw.g_wallace.u_tree.\genblk1.g_reduce.u_next.$or$/home/danieltyukov/workspace/personal/tt-ihp-int8-npu/src/npu_csa_reduce.sv:53$2070 ($or).
Removed top 1 bits (of 16) from port Y of cell tt_um_danieltyukov_int8_npu.$flatten\u_core.\u_array.\g_row[2].g_col[3].u_pe.\u_mul.\g_bw.g_wallace.u_tree.\genblk1.g_reduce.u_next.$and$/home/danieltyukov/workspace/personal/tt-ihp-int8-npu/src/npu_csa_reduce.sv:53$2071 ($and).
Removed top 1 bits (of 16) from port A of cell tt_um_danieltyukov_int8_npu.$flatten\u_core.\u_array.\g_row[2].g_col[3].u_pe.\u_mul.\g_bw.g_wallace.u_tree.\genblk1.g_reduce.u_next.$and$/home/danieltyukov/workspace/personal/tt-ihp-int8-npu/src/npu_csa_reduce.sv:53$2071 ($and).
Removed top 1 bits (of 16) from port B of cell tt_um_danieltyukov_int8_npu.$flatten\u_core.\u_array.\g_row[2].g_col[3].u_pe.\u_mul.\g_bw.g_wallace.u_tree.\genblk1.g_reduce.u_next.$and$/home/danieltyukov/workspace/personal/tt-ihp-int8-npu/src/npu_csa_reduce.sv:53$2071 ($and).
Removed top 1 bits (of 16) from port Y of cell tt_um_danieltyukov_int8_npu.$flatten\u_core.\u_array.\g_row[2].g_col[3].u_pe.\u_mul.\g_bw.g_wallace.u_tree.\genblk1.g_reduce.u_next.$or$/home/danieltyukov/workspace/personal/tt-ihp-int8-npu/src/npu_csa_reduce.sv:53$2077 ($or).
Removed top 1 bits (of 16) from port A of cell tt_um_danieltyukov_int8_npu.$flatten\u_core.\u_array.\g_row[2].g_col[3].u_pe.\u_mul.\g_bw.g_wallace.u_tree.\genblk1.g_reduce.u_next.$or$/home/danieltyukov/workspace/personal/tt-ihp-int8-npu/src/npu_csa_reduce.sv:53$2077 ($or).
Removed top 1 bits (of 16) from port B of cell tt_um_danieltyukov_int8_npu.$flatten\u_core.\u_array.\g_row[2].g_col[3].u_pe.\u_mul.\g_bw.g_wallace.u_tree.\genblk1.g_reduce.u_next.$or$/home/danieltyukov/workspace/personal/tt-ihp-int8-npu/src/npu_csa_reduce.sv:53$2077 ($or).
Removed top 1 bits (of 16) from port Y of cell tt_um_danieltyukov_int8_npu.$flatten\u_core.\u_array.\g_row[2].g_col[3].u_pe.\u_mul.\g_bw.g_wallace.u_tree.\genblk1.g_reduce.u_next.$and$/home/danieltyukov/workspace/personal/tt-ihp-int8-npu/src/npu_csa_reduce.sv:53$2078 ($and).
Removed top 1 bits (of 16) from port A of cell tt_um_danieltyukov_int8_npu.$flatten\u_core.\u_array.\g_row[2].g_col[3].u_pe.\u_mul.\g_bw.g_wallace.u_tree.\genblk1.g_reduce.u_next.$and$/home/danieltyukov/workspace/personal/tt-ihp-int8-npu/src/npu_csa_reduce.sv:53$2078 ($and).
Removed top 1 bits (of 16) from port B of cell tt_um_danieltyukov_int8_npu.$flatten\u_core.\u_array.\g_row[2].g_col[3].u_pe.\u_mul.\g_bw.g_wallace.u_tree.\genblk1.g_reduce.u_next.$and$/home/danieltyukov/workspace/personal/tt-ihp-int8-npu/src/npu_csa_reduce.sv:53$2078 ($and).
Removed top 1 bits (of 16) from port Y of cell tt_um_danieltyukov_int8_npu.$flatten\u_core.\u_array.\g_row[2].g_col[3].u_pe.\u_mul.\g_bw.g_wallace.u_tree.\genblk1.g_reduce.u_next.\genblk1.g_reduce.u_next.\genblk1.g_reduce.u_next.$or$/home/danieltyukov/workspace/personal/tt-ihp-int8-npu/src/npu_csa_reduce.sv:53$1936 ($or).
Removed top 1 bits (of 16) from port A of cell tt_um_danieltyukov_int8_npu.$flatten\u_core.\u_array.\g_row[2].g_col[3].u_pe.\u_mul.\g_bw.g_wallace.u_tree.\genblk1.g_reduce.u_next.\genblk1.g_reduce.u_next.\genblk1.g_reduce.u_next.$or$/home/danieltyukov/workspace/personal/tt-ihp-int8-npu/src/npu_csa_reduce.sv:53$1936 ($or).
Removed top 1 bits (of 16) from port B of cell tt_um_danieltyukov_int8_npu.$flatten\u_core.\u_array.\g_row[2].g_col[3].u_pe.\u_mul.\g_bw.g_wallace.u_tree.\genblk1.g_reduce.u_next.\genblk1.g_reduce.u_next.\genblk1.g_reduce.u_next.$or$/home/danieltyukov/workspace/personal/tt-ihp-int8-npu/src/npu_csa_reduce.sv:53$1936 ($or).
Removed top 1 bits (of 16) from port Y of cell tt_um_danieltyukov_int8_npu.$flatten\u_core.\u_array.\g_row[2].g_col[3].u_pe.\u_mul.\g_bw.g_wallace.u_tree.\genblk1.g_reduce.u_next.\genblk1.g_reduce.u_next.\genblk1.g_reduce.u_next.$and$/home/danieltyukov/workspace/personal/tt-ihp-int8-npu/src/npu_csa_reduce.sv:53$1937 ($and).
Removed top 1 bits (of 16) from port A of cell tt_um_danieltyukov_int8_npu.$flatten\u_core.\u_array.\g_row[2].g_col[3].u_pe.\u_mul.\g_bw.g_wallace.u_tree.\genblk1.g_reduce.u_next.\genblk1.g_reduce.u_next.\genblk1.g_reduce.u_next.$and$/home/danieltyukov/workspace/personal/tt-ihp-int8-npu/src/npu_csa_reduce.sv:53$1937 ($and).
Removed top 1 bits (of 16) from port B of cell tt_um_danieltyukov_int8_npu.$flatten\u_core.\u_array.\g_row[2].g_col[3].u_pe.\u_mul.\g_bw.g_wallace.u_tree.\genblk1.g_reduce.u_next.\genblk1.g_reduce.u_next.\genblk1.g_reduce.u_next.$and$/home/danieltyukov/workspace/personal/tt-ihp-int8-npu/src/npu_csa_reduce.sv:53$1937 ($and).
Removed top 1 bits (of 16) from port Y of cell tt_um_danieltyukov_int8_npu.$flatten\u_core.\u_array.\g_row[3].g_col[0].u_pe.\u_mul.\g_bw.g_wallace.u_tree.\genblk1.g_reduce.u_next.$or$/home/danieltyukov/workspace/personal/tt-ihp-int8-npu/src/npu_csa_reduce.sv:53$2070 ($or).
Removed top 1 bits (of 16) from port A of cell tt_um_danieltyukov_int8_npu.$flatten\u_core.\u_array.\g_row[3].g_col[0].u_pe.\u_mul.\g_bw.g_wallace.u_tree.\genblk1.g_reduce.u_next.$or$/home/danieltyukov/workspace/personal/tt-ihp-int8-npu/src/npu_csa_reduce.sv:53$2070 ($or).
Removed top 1 bits (of 16) from port B of cell tt_um_danieltyukov_int8_npu.$flatten\u_core.\u_array.\g_row[3].g_col[0].u_pe.\u_mul.\g_bw.g_wallace.u_tree.\genblk1.g_reduce.u_next.$or$/home/danieltyukov/workspace/personal/tt-ihp-int8-npu/src/npu_csa_reduce.sv:53$2070 ($or).
Removed top 1 bits (of 16) from port Y of cell tt_um_danieltyukov_int8_npu.$flatten\u_core.\u_array.\g_row[3].g_col[0].u_pe.\u_mul.\g_bw.g_wallace.u_tree.\genblk1.g_reduce.u_next.$and$/home/danieltyukov/workspace/personal/tt-ihp-int8-npu/src/npu_csa_reduce.sv:53$2071 ($and).
Removed top 1 bits (of 16) from port A of cell tt_um_danieltyukov_int8_npu.$flatten\u_core.\u_array.\g_row[3].g_col[0].u_pe.\u_mul.\g_bw.g_wallace.u_tree.\genblk1.g_reduce.u_next.$and$/home/danieltyukov/workspace/personal/tt-ihp-int8-npu/src/npu_csa_reduce.sv:53$2071 ($and).
Removed top 1 bits (of 16) from port B of cell tt_um_danieltyukov_int8_npu.$flatten\u_core.\u_array.\g_row[3].g_col[0].u_pe.\u_mul.\g_bw.g_wallace.u_tree.\genblk1.g_reduce.u_next.$and$/home/danieltyukov/workspace/personal/tt-ihp-int8-npu/src/npu_csa_reduce.sv:53$2071 ($and).
Removed top 1 bits (of 16) from port Y of cell tt_um_danieltyukov_int8_npu.$flatten\u_core.\u_array.\g_row[3].g_col[0].u_pe.\u_mul.\g_bw.g_wallace.u_tree.\genblk1.g_reduce.u_next.$or$/home/danieltyukov/workspace/personal/tt-ihp-int8-npu/src/npu_csa_reduce.sv:53$2077 ($or).
Removed top 1 bits (of 16) from port A of cell tt_um_danieltyukov_int8_npu.$flatten\u_core.\u_array.\g_row[3].g_col[0].u_pe.\u_mul.\g_bw.g_wallace.u_tree.\genblk1.g_reduce.u_next.$or$/home/danieltyukov/workspace/personal/tt-ihp-int8-npu/src/npu_csa_reduce.sv:53$2077 ($or).
Removed top 1 bits (of 16) from port B of cell tt_um_danieltyukov_int8_npu.$flatten\u_core.\u_array.\g_row[3].g_col[0].u_pe.\u_mul.\g_bw.g_wallace.u_tree.\genblk1.g_reduce.u_next.$or$/home/danieltyukov/workspace/personal/tt-ihp-int8-npu/src/npu_csa_reduce.sv:53$2077 ($or).
Removed top 1 bits (of 16) from port Y of cell tt_um_danieltyukov_int8_npu.$flatten\u_core.\u_array.\g_row[3].g_col[0].u_pe.\u_mul.\g_bw.g_wallace.u_tree.\genblk1.g_reduce.u_next.$and$/home/danieltyukov/workspace/personal/tt-ihp-int8-npu/src/npu_csa_reduce.sv:53$2078 ($and).
Removed top 1 bits (of 16) from port A of cell tt_um_danieltyukov_int8_npu.$flatten\u_core.\u_array.\g_row[3].g_col[0].u_pe.\u_mul.\g_bw.g_wallace.u_tree.\genblk1.g_reduce.u_next.$and$/home/danieltyukov/workspace/personal/tt-ihp-int8-npu/src/npu_csa_reduce.sv:53$2078 ($and).
Removed top 1 bits (of 16) from port B of cell tt_um_danieltyukov_int8_npu.$flatten\u_core.\u_array.\g_row[3].g_col[0].u_pe.\u_mul.\g_bw.g_wallace.u_tree.\genblk1.g_reduce.u_next.$and$/home/danieltyukov/workspace/personal/tt-ihp-int8-npu/src/npu_csa_reduce.sv:53$2078 ($and).
Removed top 1 bits (of 16) from port Y of cell tt_um_danieltyukov_int8_npu.$flatten\u_core.\u_array.\g_row[3].g_col[0].u_pe.\u_mul.\g_bw.g_wallace.u_tree.\genblk1.g_reduce.u_next.\genblk1.g_reduce.u_next.\genblk1.g_reduce.u_next.$or$/home/danieltyukov/workspace/personal/tt-ihp-int8-npu/src/npu_csa_reduce.sv:53$1936 ($or).
Removed top 1 bits (of 16) from port A of cell tt_um_danieltyukov_int8_npu.$flatten\u_core.\u_array.\g_row[3].g_col[0].u_pe.\u_mul.\g_bw.g_wallace.u_tree.\genblk1.g_reduce.u_next.\genblk1.g_reduce.u_next.\genblk1.g_reduce.u_next.$or$/home/danieltyukov/workspace/personal/tt-ihp-int8-npu/src/npu_csa_reduce.sv:53$1936 ($or).
Removed top 1 bits (of 16) from port B of cell tt_um_danieltyukov_int8_npu.$flatten\u_core.\u_array.\g_row[3].g_col[0].u_pe.\u_mul.\g_bw.g_wallace.u_tree.\genblk1.g_reduce.u_next.\genblk1.g_reduce.u_next.\genblk1.g_reduce.u_next.$or$/home/danieltyukov/workspace/personal/tt-ihp-int8-npu/src/npu_csa_reduce.sv:53$1936 ($or).
Removed top 1 bits (of 16) from port Y of cell tt_um_danieltyukov_int8_npu.$flatten\u_core.\u_array.\g_row[3].g_col[0].u_pe.\u_mul.\g_bw.g_wallace.u_tree.\genblk1.g_reduce.u_next.\genblk1.g_reduce.u_next.\genblk1.g_reduce.u_next.$and$/home/danieltyukov/workspace/personal/tt-ihp-int8-npu/src/npu_csa_reduce.sv:53$1937 ($and).
Removed top 1 bits (of 16) from port A of cell tt_um_danieltyukov_int8_npu.$flatten\u_core.\u_array.\g_row[3].g_col[0].u_pe.\u_mul.\g_bw.g_wallace.u_tree.\genblk1.g_reduce.u_next.\genblk1.g_reduce.u_next.\genblk1.g_reduce.u_next.$and$/home/danieltyukov/workspace/personal/tt-ihp-int8-npu/src/npu_csa_reduce.sv:53$1937 ($and).
Removed top 1 bits (of 16) from port B of cell tt_um_danieltyukov_int8_npu.$flatten\u_core.\u_array.\g_row[3].g_col[0].u_pe.\u_mul.\g_bw.g_wallace.u_tree.\genblk1.g_reduce.u_next.\genblk1.g_reduce.u_next.\genblk1.g_reduce.u_next.$and$/home/danieltyukov/workspace/personal/tt-ihp-int8-npu/src/npu_csa_reduce.sv:53$1937 ($and).
Removed top 1 bits (of 16) from port Y of cell tt_um_danieltyukov_int8_npu.$flatten\u_core.\u_array.\g_row[3].g_col[1].u_pe.\u_mul.\g_bw.g_wallace.u_tree.\genblk1.g_reduce.u_next.$or$/home/danieltyukov/workspace/personal/tt-ihp-int8-npu/src/npu_csa_reduce.sv:53$2070 ($or).
Removed top 1 bits (of 16) from port A of cell tt_um_danieltyukov_int8_npu.$flatten\u_core.\u_array.\g_row[3].g_col[1].u_pe.\u_mul.\g_bw.g_wallace.u_tree.\genblk1.g_reduce.u_next.$or$/home/danieltyukov/workspace/personal/tt-ihp-int8-npu/src/npu_csa_reduce.sv:53$2070 ($or).
Removed top 1 bits (of 16) from port B of cell tt_um_danieltyukov_int8_npu.$flatten\u_core.\u_array.\g_row[3].g_col[1].u_pe.\u_mul.\g_bw.g_wallace.u_tree.\genblk1.g_reduce.u_next.$or$/home/danieltyukov/workspace/personal/tt-ihp-int8-npu/src/npu_csa_reduce.sv:53$2070 ($or).
Removed top 1 bits (of 16) from port Y of cell tt_um_danieltyukov_int8_npu.$flatten\u_core.\u_array.\g_row[3].g_col[1].u_pe.\u_mul.\g_bw.g_wallace.u_tree.\genblk1.g_reduce.u_next.$and$/home/danieltyukov/workspace/personal/tt-ihp-int8-npu/src/npu_csa_reduce.sv:53$2071 ($and).
Removed top 1 bits (of 16) from port A of cell tt_um_danieltyukov_int8_npu.$flatten\u_core.\u_array.\g_row[3].g_col[1].u_pe.\u_mul.\g_bw.g_wallace.u_tree.\genblk1.g_reduce.u_next.$and$/home/danieltyukov/workspace/personal/tt-ihp-int8-npu/src/npu_csa_reduce.sv:53$2071 ($and).
Removed top 1 bits (of 16) from port B of cell tt_um_danieltyukov_int8_npu.$flatten\u_core.\u_array.\g_row[3].g_col[1].u_pe.\u_mul.\g_bw.g_wallace.u_tree.\genblk1.g_reduce.u_next.$and$/home/danieltyukov/workspace/personal/tt-ihp-int8-npu/src/npu_csa_reduce.sv:53$2071 ($and).
Removed top 1 bits (of 16) from port Y of cell tt_um_danieltyukov_int8_npu.$flatten\u_core.\u_array.\g_row[3].g_col[1].u_pe.\u_mul.\g_bw.g_wallace.u_tree.\genblk1.g_reduce.u_next.$or$/home/danieltyukov/workspace/personal/tt-ihp-int8-npu/src/npu_csa_reduce.sv:53$2077 ($or).
Removed top 1 bits (of 16) from port A of cell tt_um_danieltyukov_int8_npu.$flatten\u_core.\u_array.\g_row[3].g_col[1].u_pe.\u_mul.\g_bw.g_wallace.u_tree.\genblk1.g_reduce.u_next.$or$/home/danieltyukov/workspace/personal/tt-ihp-int8-npu/src/npu_csa_reduce.sv:53$2077 ($or).
Removed top 1 bits (of 16) from port B of cell tt_um_danieltyukov_int8_npu.$flatten\u_core.\u_array.\g_row[3].g_col[1].u_pe.\u_mul.\g_bw.g_wallace.u_tree.\genblk1.g_reduce.u_next.$or$/home/danieltyukov/workspace/personal/tt-ihp-int8-npu/src/npu_csa_reduce.sv:53$2077 ($or).
Removed top 1 bits (of 16) from port Y of cell tt_um_danieltyukov_int8_npu.$flatten\u_core.\u_array.\g_row[3].g_col[1].u_pe.\u_mul.\g_bw.g_wallace.u_tree.\genblk1.g_reduce.u_next.$and$/home/danieltyukov/workspace/personal/tt-ihp-int8-npu/src/npu_csa_reduce.sv:53$2078 ($and).
Removed top 1 bits (of 16) from port A of cell tt_um_danieltyukov_int8_npu.$flatten\u_core.\u_array.\g_row[3].g_col[1].u_pe.\u_mul.\g_bw.g_wallace.u_tree.\genblk1.g_reduce.u_next.$and$/home/danieltyukov/workspace/personal/tt-ihp-int8-npu/src/npu_csa_reduce.sv:53$2078 ($and).
Removed top 1 bits (of 16) from port B of cell tt_um_danieltyukov_int8_npu.$flatten\u_core.\u_array.\g_row[3].g_col[1].u_pe.\u_mul.\g_bw.g_wallace.u_tree.\genblk1.g_reduce.u_next.$and$/home/danieltyukov/workspace/personal/tt-ihp-int8-npu/src/npu_csa_reduce.sv:53$2078 ($and).
Removed top 1 bits (of 16) from port Y of cell tt_um_danieltyukov_int8_npu.$flatten\u_core.\u_array.\g_row[3].g_col[1].u_pe.\u_mul.\g_bw.g_wallace.u_tree.\genblk1.g_reduce.u_next.\genblk1.g_reduce.u_next.\genblk1.g_reduce.u_next.$or$/home/danieltyukov/workspace/personal/tt-ihp-int8-npu/src/npu_csa_reduce.sv:53$1936 ($or).
Removed top 1 bits (of 16) from port A of cell tt_um_danieltyukov_int8_npu.$flatten\u_core.\u_array.\g_row[3].g_col[1].u_pe.\u_mul.\g_bw.g_wallace.u_tree.\genblk1.g_reduce.u_next.\genblk1.g_reduce.u_next.\genblk1.g_reduce.u_next.$or$/home/danieltyukov/workspace/personal/tt-ihp-int8-npu/src/npu_csa_reduce.sv:53$1936 ($or).
Removed top 1 bits (of 16) from port B of cell tt_um_danieltyukov_int8_npu.$flatten\u_core.\u_array.\g_row[3].g_col[1].u_pe.\u_mul.\g_bw.g_wallace.u_tree.\genblk1.g_reduce.u_next.\genblk1.g_reduce.u_next.\genblk1.g_reduce.u_next.$or$/home/danieltyukov/workspace/personal/tt-ihp-int8-npu/src/npu_csa_reduce.sv:53$1936 ($or).
Removed top 1 bits (of 16) from port Y of cell tt_um_danieltyukov_int8_npu.$flatten\u_core.\u_array.\g_row[3].g_col[1].u_pe.\u_mul.\g_bw.g_wallace.u_tree.\genblk1.g_reduce.u_next.\genblk1.g_reduce.u_next.\genblk1.g_reduce.u_next.$and$/home/danieltyukov/workspace/personal/tt-ihp-int8-npu/src/npu_csa_reduce.sv:53$1937 ($and).
Removed top 1 bits (of 16) from port A of cell tt_um_danieltyukov_int8_npu.$flatten\u_core.\u_array.\g_row[3].g_col[1].u_pe.\u_mul.\g_bw.g_wallace.u_tree.\genblk1.g_reduce.u_next.\genblk1.g_reduce.u_next.\genblk1.g_reduce.u_next.$and$/home/danieltyukov/workspace/personal/tt-ihp-int8-npu/src/npu_csa_reduce.sv:53$1937 ($and).
Removed top 1 bits (of 16) from port B of cell tt_um_danieltyukov_int8_npu.$flatten\u_core.\u_array.\g_row[3].g_col[1].u_pe.\u_mul.\g_bw.g_wallace.u_tree.\genblk1.g_reduce.u_next.\genblk1.g_reduce.u_next.\genblk1.g_reduce.u_next.$and$/home/danieltyukov/workspace/personal/tt-ihp-int8-npu/src/npu_csa_reduce.sv:53$1937 ($and).
Removed top 1 bits (of 16) from port Y of cell tt_um_danieltyukov_int8_npu.$flatten\u_core.\u_array.\g_row[3].g_col[2].u_pe.\u_mul.\g_bw.g_wallace.u_tree.\genblk1.g_reduce.u_next.$or$/home/danieltyukov/workspace/personal/tt-ihp-int8-npu/src/npu_csa_reduce.sv:53$2070 ($or).
Removed top 1 bits (of 16) from port A of cell tt_um_danieltyukov_int8_npu.$flatten\u_core.\u_array.\g_row[3].g_col[2].u_pe.\u_mul.\g_bw.g_wallace.u_tree.\genblk1.g_reduce.u_next.$or$/home/danieltyukov/workspace/personal/tt-ihp-int8-npu/src/npu_csa_reduce.sv:53$2070 ($or).
Removed top 1 bits (of 16) from port B of cell tt_um_danieltyukov_int8_npu.$flatten\u_core.\u_array.\g_row[3].g_col[2].u_pe.\u_mul.\g_bw.g_wallace.u_tree.\genblk1.g_reduce.u_next.$or$/home/danieltyukov/workspace/personal/tt-ihp-int8-npu/src/npu_csa_reduce.sv:53$2070 ($or).
Removed top 1 bits (of 16) from port Y of cell tt_um_danieltyukov_int8_npu.$flatten\u_core.\u_array.\g_row[3].g_col[2].u_pe.\u_mul.\g_bw.g_wallace.u_tree.\genblk1.g_reduce.u_next.$and$/home/danieltyukov/workspace/personal/tt-ihp-int8-npu/src/npu_csa_reduce.sv:53$2071 ($and).
Removed top 1 bits (of 16) from port A of cell tt_um_danieltyukov_int8_npu.$flatten\u_core.\u_array.\g_row[3].g_col[2].u_pe.\u_mul.\g_bw.g_wallace.u_tree.\genblk1.g_reduce.u_next.$and$/home/danieltyukov/workspace/personal/tt-ihp-int8-npu/src/npu_csa_reduce.sv:53$2071 ($and).
Removed top 1 bits (of 16) from port B of cell tt_um_danieltyukov_int8_npu.$flatten\u_core.\u_array.\g_row[3].g_col[2].u_pe.\u_mul.\g_bw.g_wallace.u_tree.\genblk1.g_reduce.u_next.$and$/home/danieltyukov/workspace/personal/tt-ihp-int8-npu/src/npu_csa_reduce.sv:53$2071 ($and).
Removed top 1 bits (of 16) from port Y of cell tt_um_danieltyukov_int8_npu.$flatten\u_core.\u_array.\g_row[3].g_col[2].u_pe.\u_mul.\g_bw.g_wallace.u_tree.\genblk1.g_reduce.u_next.$or$/home/danieltyukov/workspace/personal/tt-ihp-int8-npu/src/npu_csa_reduce.sv:53$2077 ($or).
Removed top 1 bits (of 16) from port A of cell tt_um_danieltyukov_int8_npu.$flatten\u_core.\u_array.\g_row[3].g_col[2].u_pe.\u_mul.\g_bw.g_wallace.u_tree.\genblk1.g_reduce.u_next.$or$/home/danieltyukov/workspace/personal/tt-ihp-int8-npu/src/npu_csa_reduce.sv:53$2077 ($or).
Removed top 1 bits (of 16) from port B of cell tt_um_danieltyukov_int8_npu.$flatten\u_core.\u_array.\g_row[3].g_col[2].u_pe.\u_mul.\g_bw.g_wallace.u_tree.\genblk1.g_reduce.u_next.$or$/home/danieltyukov/workspace/personal/tt-ihp-int8-npu/src/npu_csa_reduce.sv:53$2077 ($or).
Removed top 1 bits (of 16) from port Y of cell tt_um_danieltyukov_int8_npu.$flatten\u_core.\u_array.\g_row[3].g_col[2].u_pe.\u_mul.\g_bw.g_wallace.u_tree.\genblk1.g_reduce.u_next.$and$/home/danieltyukov/workspace/personal/tt-ihp-int8-npu/src/npu_csa_reduce.sv:53$2078 ($and).
Removed top 1 bits (of 16) from port A of cell tt_um_danieltyukov_int8_npu.$flatten\u_core.\u_array.\g_row[3].g_col[2].u_pe.\u_mul.\g_bw.g_wallace.u_tree.\genblk1.g_reduce.u_next.$and$/home/danieltyukov/workspace/personal/tt-ihp-int8-npu/src/npu_csa_reduce.sv:53$2078 ($and).
Removed top 1 bits (of 16) from port B of cell tt_um_danieltyukov_int8_npu.$flatten\u_core.\u_array.\g_row[3].g_col[2].u_pe.\u_mul.\g_bw.g_wallace.u_tree.\genblk1.g_reduce.u_next.$and$/home/danieltyukov/workspace/personal/tt-ihp-int8-npu/src/npu_csa_reduce.sv:53$2078 ($and).
Removed top 1 bits (of 16) from port Y of cell tt_um_danieltyukov_int8_npu.$flatten\u_core.\u_array.\g_row[3].g_col[2].u_pe.\u_mul.\g_bw.g_wallace.u_tree.\genblk1.g_reduce.u_next.\genblk1.g_reduce.u_next.\genblk1.g_reduce.u_next.$or$/home/danieltyukov/workspace/personal/tt-ihp-int8-npu/src/npu_csa_reduce.sv:53$1936 ($or).
Removed top 1 bits (of 16) from port A of cell tt_um_danieltyukov_int8_npu.$flatten\u_core.\u_array.\g_row[3].g_col[2].u_pe.\u_mul.\g_bw.g_wallace.u_tree.\genblk1.g_reduce.u_next.\genblk1.g_reduce.u_next.\genblk1.g_reduce.u_next.$or$/home/danieltyukov/workspace/personal/tt-ihp-int8-npu/src/npu_csa_reduce.sv:53$1936 ($or).
Removed top 1 bits (of 16) from port B of cell tt_um_danieltyukov_int8_npu.$flatten\u_core.\u_array.\g_row[3].g_col[2].u_pe.\u_mul.\g_bw.g_wallace.u_tree.\genblk1.g_reduce.u_next.\genblk1.g_reduce.u_next.\genblk1.g_reduce.u_next.$or$/home/danieltyukov/workspace/personal/tt-ihp-int8-npu/src/npu_csa_reduce.sv:53$1936 ($or).
Removed top 1 bits (of 16) from port Y of cell tt_um_danieltyukov_int8_npu.$flatten\u_core.\u_array.\g_row[3].g_col[2].u_pe.\u_mul.\g_bw.g_wallace.u_tree.\genblk1.g_reduce.u_next.\genblk1.g_reduce.u_next.\genblk1.g_reduce.u_next.$and$/home/danieltyukov/workspace/personal/tt-ihp-int8-npu/src/npu_csa_reduce.sv:53$1937 ($and).
Removed top 1 bits (of 16) from port A of cell tt_um_danieltyukov_int8_npu.$flatten\u_core.\u_array.\g_row[3].g_col[2].u_pe.\u_mul.\g_bw.g_wallace.u_tree.\genblk1.g_reduce.u_next.\genblk1.g_reduce.u_next.\genblk1.g_reduce.u_next.$and$/home/danieltyukov/workspace/personal/tt-ihp-int8-npu/src/npu_csa_reduce.sv:53$1937 ($and).
Removed top 1 bits (of 16) from port B of cell tt_um_danieltyukov_int8_npu.$flatten\u_core.\u_array.\g_row[3].g_col[2].u_pe.\u_mul.\g_bw.g_wallace.u_tree.\genblk1.g_reduce.u_next.\genblk1.g_reduce.u_next.\genblk1.g_reduce.u_next.$and$/home/danieltyukov/workspace/personal/tt-ihp-int8-npu/src/npu_csa_reduce.sv:53$1937 ($and).
Removed top 1 bits (of 2) from port A of cell tt_um_danieltyukov_int8_npu.$auto$opt_expr.cc:706:replace_const_cells$3018 ($not).
Removed top 6 bits (of 16) from port A of cell tt_um_danieltyukov_int8_npu.$flatten\u_core.\u_array.\g_row[3].g_col[3].u_pe.\u_mul.\g_bw.g_wallace.u_tree.\genblk1.g_reduce.u_next.$and$/home/danieltyukov/workspace/personal/tt-ihp-int8-npu/src/npu_csa_reduce.sv:53$2068 ($and).
Removed top 1 bits (of 16) from port Y of cell tt_um_danieltyukov_int8_npu.$flatten\u_core.\u_array.\g_row[3].g_col[3].u_pe.\u_mul.\g_bw.g_wallace.u_tree.\genblk1.g_reduce.u_next.$and$/home/danieltyukov/workspace/personal/tt-ihp-int8-npu/src/npu_csa_reduce.sv:53$2068 ($and).
Removed top 1 bits (of 16) from port B of cell tt_um_danieltyukov_int8_npu.$flatten\u_core.\u_array.\g_row[3].g_col[3].u_pe.\u_mul.\g_bw.g_wallace.u_tree.\genblk1.g_reduce.u_next.$and$/home/danieltyukov/workspace/personal/tt-ihp-int8-npu/src/npu_csa_reduce.sv:53$2068 ($and).
Removed top 6 bits (of 16) from port A of cell tt_um_danieltyukov_int8_npu.$flatten\u_core.\u_array.\g_row[3].g_col[3].u_pe.\u_mul.\g_bw.g_wallace.u_tree.\genblk1.g_reduce.u_next.$and$/home/danieltyukov/workspace/personal/tt-ihp-int8-npu/src/npu_csa_reduce.sv:53$2069 ($and).
Removed top 1 bits (of 16) from port Y of cell tt_um_danieltyukov_int8_npu.$flatten\u_core.\u_array.\g_row[3].g_col[3].u_pe.\u_mul.\g_bw.g_wallace.u_tree.\genblk1.g_reduce.u_next.$and$/home/danieltyukov/workspace/personal/tt-ihp-int8-npu/src/npu_csa_reduce.sv:53$2069 ($and).
Removed top 1 bits (of 16) from port B of cell tt_um_danieltyukov_int8_npu.$flatten\u_core.\u_array.\g_row[3].g_col[3].u_pe.\u_mul.\g_bw.g_wallace.u_tree.\genblk1.g_reduce.u_next.$and$/home/danieltyukov/workspace/personal/tt-ihp-int8-npu/src/npu_csa_reduce.sv:53$2069 ($and).
Removed top 1 bits (of 16) from port Y of cell tt_um_danieltyukov_int8_npu.$flatten\u_core.\u_array.\g_row[3].g_col[3].u_pe.\u_mul.\g_bw.g_wallace.u_tree.\genblk1.g_reduce.u_next.$and$/home/danieltyukov/workspace/personal/tt-ihp-int8-npu/src/npu_csa_reduce.sv:53$2075 ($and).
Removed top 1 bits (of 16) from port A of cell tt_um_danieltyukov_int8_npu.$flatten\u_core.\u_array.\g_row[3].g_col[3].u_pe.\u_mul.\g_bw.g_wallace.u_tree.\genblk1.g_reduce.u_next.$and$/home/danieltyukov/workspace/personal/tt-ihp-int8-npu/src/npu_csa_reduce.sv:53$2075 ($and).
Removed top 1 bits (of 16) from port B of cell tt_um_danieltyukov_int8_npu.$flatten\u_core.\u_array.\g_row[3].g_col[3].u_pe.\u_mul.\g_bw.g_wallace.u_tree.\genblk1.g_reduce.u_next.$and$/home/danieltyukov/workspace/personal/tt-ihp-int8-npu/src/npu_csa_reduce.sv:53$2075 ($and).
Removed top 1 bits (of 16) from port Y of cell tt_um_danieltyukov_int8_npu.$flatten\u_core.\u_array.\g_row[3].g_col[3].u_pe.\u_mul.\g_bw.g_wallace.u_tree.\genblk1.g_reduce.u_next.$and$/home/danieltyukov/workspace/personal/tt-ihp-int8-npu/src/npu_csa_reduce.sv:53$2076 ($and).
Removed top 1 bits (of 16) from port A of cell tt_um_danieltyukov_int8_npu.$flatten\u_core.\u_array.\g_row[3].g_col[3].u_pe.\u_mul.\g_bw.g_wallace.u_tree.\genblk1.g_reduce.u_next.$and$/home/danieltyukov/workspace/personal/tt-ihp-int8-npu/src/npu_csa_reduce.sv:53$2076 ($and).
Removed top 1 bits (of 16) from port B of cell tt_um_danieltyukov_int8_npu.$flatten\u_core.\u_array.\g_row[3].g_col[3].u_pe.\u_mul.\g_bw.g_wallace.u_tree.\genblk1.g_reduce.u_next.$and$/home/danieltyukov/workspace/personal/tt-ihp-int8-npu/src/npu_csa_reduce.sv:53$2076 ($and).
Removed top 1 bits (of 16) from port Y of cell tt_um_danieltyukov_int8_npu.$flatten\u_core.\u_array.\g_row[3].g_col[3].u_pe.\u_mul.\g_bw.g_wallace.u_tree.\genblk1.g_reduce.u_next.\genblk1.g_reduce.u_next.\genblk1.g_reduce.u_next.$and$/home/danieltyukov/workspace/personal/tt-ihp-int8-npu/src/npu_csa_reduce.sv:53$1934 ($and).
Removed top 1 bits (of 16) from port A of cell tt_um_danieltyukov_int8_npu.$flatten\u_core.\u_array.\g_row[3].g_col[3].u_pe.\u_mul.\g_bw.g_wallace.u_tree.\genblk1.g_reduce.u_next.\genblk1.g_reduce.u_next.\genblk1.g_reduce.u_next.$and$/home/danieltyukov/workspace/personal/tt-ihp-int8-npu/src/npu_csa_reduce.sv:53$1934 ($and).
Removed top 1 bits (of 16) from port B of cell tt_um_danieltyukov_int8_npu.$flatten\u_core.\u_array.\g_row[3].g_col[3].u_pe.\u_mul.\g_bw.g_wallace.u_tree.\genblk1.g_reduce.u_next.\genblk1.g_reduce.u_next.\genblk1.g_reduce.u_next.$and$/home/danieltyukov/workspace/personal/tt-ihp-int8-npu/src/npu_csa_reduce.sv:53$1934 ($and).
Removed top 1 bits (of 16) from port Y of cell tt_um_danieltyukov_int8_npu.$flatten\u_core.\u_array.\g_row[3].g_col[3].u_pe.\u_mul.\g_bw.g_wallace.u_tree.\genblk1.g_reduce.u_next.\genblk1.g_reduce.u_next.\genblk1.g_reduce.u_next.$and$/home/danieltyukov/workspace/personal/tt-ihp-int8-npu/src/npu_csa_reduce.sv:53$1935 ($and).
Removed top 1 bits (of 16) from port A of cell tt_um_danieltyukov_int8_npu.$flatten\u_core.\u_array.\g_row[3].g_col[3].u_pe.\u_mul.\g_bw.g_wallace.u_tree.\genblk1.g_reduce.u_next.\genblk1.g_reduce.u_next.\genblk1.g_reduce.u_next.$and$/home/danieltyukov/workspace/personal/tt-ihp-int8-npu/src/npu_csa_reduce.sv:53$1935 ($and).
Removed top 1 bits (of 16) from port B of cell tt_um_danieltyukov_int8_npu.$flatten\u_core.\u_array.\g_row[3].g_col[3].u_pe.\u_mul.\g_bw.g_wallace.u_tree.\genblk1.g_reduce.u_next.\genblk1.g_reduce.u_next.\genblk1.g_reduce.u_next.$and$/home/danieltyukov/workspace/personal/tt-ihp-int8-npu/src/npu_csa_reduce.sv:53$1935 ($and).
Removed top 6 bits (of 16) from port A of cell tt_um_danieltyukov_int8_npu.$flatten\u_core.\u_array.\g_row[3].g_col[3].u_pe.\u_mul.\g_bw.g_wallace.u_tree.\genblk1.g_reduce.u_next.$xor$/home/danieltyukov/workspace/personal/tt-ihp-int8-npu/src/npu_csa_reduce.sv:49$2066 ($xor).
Removed top 4 bits (of 16) from port A of cell tt_um_danieltyukov_int8_npu.$flatten\u_core.\u_array.\g_row[3].g_col[3].u_pe.\u_mul.\g_bw.g_wallace.u_tree.$xor$/home/danieltyukov/workspace/personal/tt-ihp-int8-npu/src/npu_csa_reduce.sv:49$1948 ($xor).
Removed top 3 bits (of 16) from port Y of cell tt_um_danieltyukov_int8_npu.$flatten\u_core.\u_array.\g_row[3].g_col[3].u_pe.\u_mul.\g_bw.g_wallace.u_tree.$xor$/home/danieltyukov/workspace/personal/tt-ihp-int8-npu/src/npu_csa_reduce.sv:49$1948 ($xor).
Removed top 5 bits (of 15) from port B of cell tt_um_danieltyukov_int8_npu.$flatten\u_core.\u_array.\g_row[3].g_col[3].u_pe.\u_mul.\g_bw.g_wallace.u_tree.$or$/home/danieltyukov/workspace/personal/tt-ihp-int8-npu/src/npu_csa_reduce.sv:53$1946 ($or).
Removed top 6 bits (of 16) from port A of cell tt_um_danieltyukov_int8_npu.$flatten\u_core.\u_array.\g_row[0].g_col[0].u_pe.\u_mul.\g_bw.g_wallace.u_tree.\genblk1.g_reduce.u_next.$and$/home/danieltyukov/workspace/personal/tt-ihp-int8-npu/src/npu_csa_reduce.sv:53$2068 ($and).
Removed top 1 bits (of 16) from port Y of cell tt_um_danieltyukov_int8_npu.$flatten\u_core.\u_array.\g_row[0].g_col[0].u_pe.\u_mul.\g_bw.g_wallace.u_tree.\genblk1.g_reduce.u_next.$and$/home/danieltyukov/workspace/personal/tt-ihp-int8-npu/src/npu_csa_reduce.sv:53$2068 ($and).
Removed top 1 bits (of 16) from port B of cell tt_um_danieltyukov_int8_npu.$flatten\u_core.\u_array.\g_row[0].g_col[0].u_pe.\u_mul.\g_bw.g_wallace.u_tree.\genblk1.g_reduce.u_next.$and$/home/danieltyukov/workspace/personal/tt-ihp-int8-npu/src/npu_csa_reduce.sv:53$2068 ($and).
Removed top 6 bits (of 16) from port A of cell tt_um_danieltyukov_int8_npu.$flatten\u_core.\u_array.\g_row[0].g_col[0].u_pe.\u_mul.\g_bw.g_wallace.u_tree.\genblk1.g_reduce.u_next.$and$/home/danieltyukov/workspace/personal/tt-ihp-int8-npu/src/npu_csa_reduce.sv:53$2069 ($and).
Removed top 1 bits (of 16) from port Y of cell tt_um_danieltyukov_int8_npu.$flatten\u_core.\u_array.\g_row[0].g_col[0].u_pe.\u_mul.\g_bw.g_wallace.u_tree.\genblk1.g_reduce.u_next.$and$/home/danieltyukov/workspace/personal/tt-ihp-int8-npu/src/npu_csa_reduce.sv:53$2069 ($and).
Removed top 1 bits (of 16) from port B of cell tt_um_danieltyukov_int8_npu.$flatten\u_core.\u_array.\g_row[0].g_col[0].u_pe.\u_mul.\g_bw.g_wallace.u_tree.\genblk1.g_reduce.u_next.$and$/home/danieltyukov/workspace/personal/tt-ihp-int8-npu/src/npu_csa_reduce.sv:53$2069 ($and).
Removed top 1 bits (of 16) from port Y of cell tt_um_danieltyukov_int8_npu.$flatten\u_core.\u_array.\g_row[0].g_col[0].u_pe.\u_mul.\g_bw.g_wallace.u_tree.\genblk1.g_reduce.u_next.$and$/home/danieltyukov/workspace/personal/tt-ihp-int8-npu/src/npu_csa_reduce.sv:53$2075 ($and).
Removed top 1 bits (of 16) from port A of cell tt_um_danieltyukov_int8_npu.$flatten\u_core.\u_array.\g_row[0].g_col[0].u_pe.\u_mul.\g_bw.g_wallace.u_tree.\genblk1.g_reduce.u_next.$and$/home/danieltyukov/workspace/personal/tt-ihp-int8-npu/src/npu_csa_reduce.sv:53$2075 ($and).
Removed top 1 bits (of 16) from port B of cell tt_um_danieltyukov_int8_npu.$flatten\u_core.\u_array.\g_row[0].g_col[0].u_pe.\u_mul.\g_bw.g_wallace.u_tree.\genblk1.g_reduce.u_next.$and$/home/danieltyukov/workspace/personal/tt-ihp-int8-npu/src/npu_csa_reduce.sv:53$2075 ($and).
Removed top 1 bits (of 16) from port Y of cell tt_um_danieltyukov_int8_npu.$flatten\u_core.\u_array.\g_row[0].g_col[0].u_pe.\u_mul.\g_bw.g_wallace.u_tree.\genblk1.g_reduce.u_next.$and$/home/danieltyukov/workspace/personal/tt-ihp-int8-npu/src/npu_csa_reduce.sv:53$2076 ($and).
Removed top 1 bits (of 16) from port A of cell tt_um_danieltyukov_int8_npu.$flatten\u_core.\u_array.\g_row[0].g_col[0].u_pe.\u_mul.\g_bw.g_wallace.u_tree.\genblk1.g_reduce.u_next.$and$/home/danieltyukov/workspace/personal/tt-ihp-int8-npu/src/npu_csa_reduce.sv:53$2076 ($and).
Removed top 1 bits (of 16) from port B of cell tt_um_danieltyukov_int8_npu.$flatten\u_core.\u_array.\g_row[0].g_col[0].u_pe.\u_mul.\g_bw.g_wallace.u_tree.\genblk1.g_reduce.u_next.$and$/home/danieltyukov/workspace/personal/tt-ihp-int8-npu/src/npu_csa_reduce.sv:53$2076 ($and).
Removed top 1 bits (of 16) from port Y of cell tt_um_danieltyukov_int8_npu.$flatten\u_core.\u_array.\g_row[0].g_col[0].u_pe.\u_mul.\g_bw.g_wallace.u_tree.\genblk1.g_reduce.u_next.\genblk1.g_reduce.u_next.\genblk1.g_reduce.u_next.$and$/home/danieltyukov/workspace/personal/tt-ihp-int8-npu/src/npu_csa_reduce.sv:53$1934 ($and).
Removed top 1 bits (of 16) from port A of cell tt_um_danieltyukov_int8_npu.$flatten\u_core.\u_array.\g_row[0].g_col[0].u_pe.\u_mul.\g_bw.g_wallace.u_tree.\genblk1.g_reduce.u_next.\genblk1.g_reduce.u_next.\genblk1.g_reduce.u_next.$and$/home/danieltyukov/workspace/personal/tt-ihp-int8-npu/src/npu_csa_reduce.sv:53$1934 ($and).
Removed top 1 bits (of 16) from port B of cell tt_um_danieltyukov_int8_npu.$flatten\u_core.\u_array.\g_row[0].g_col[0].u_pe.\u_mul.\g_bw.g_wallace.u_tree.\genblk1.g_reduce.u_next.\genblk1.g_reduce.u_next.\genblk1.g_reduce.u_next.$and$/home/danieltyukov/workspace/personal/tt-ihp-int8-npu/src/npu_csa_reduce.sv:53$1934 ($and).
Removed top 1 bits (of 16) from port Y of cell tt_um_danieltyukov_int8_npu.$flatten\u_core.\u_array.\g_row[0].g_col[0].u_pe.\u_mul.\g_bw.g_wallace.u_tree.\genblk1.g_reduce.u_next.\genblk1.g_reduce.u_next.\genblk1.g_reduce.u_next.$and$/home/danieltyukov/workspace/personal/tt-ihp-int8-npu/src/npu_csa_reduce.sv:53$1935 ($and).
Removed top 1 bits (of 16) from port A of cell tt_um_danieltyukov_int8_npu.$flatten\u_core.\u_array.\g_row[0].g_col[0].u_pe.\u_mul.\g_bw.g_wallace.u_tree.\genblk1.g_reduce.u_next.\genblk1.g_reduce.u_next.\genblk1.g_reduce.u_next.$and$/home/danieltyukov/workspace/personal/tt-ihp-int8-npu/src/npu_csa_reduce.sv:53$1935 ($and).
Removed top 1 bits (of 16) from port B of cell tt_um_danieltyukov_int8_npu.$flatten\u_core.\u_array.\g_row[0].g_col[0].u_pe.\u_mul.\g_bw.g_wallace.u_tree.\genblk1.g_reduce.u_next.\genblk1.g_reduce.u_next.\genblk1.g_reduce.u_next.$and$/home/danieltyukov/workspace/personal/tt-ihp-int8-npu/src/npu_csa_reduce.sv:53$1935 ($and).
Removed top 6 bits (of 16) from port A of cell tt_um_danieltyukov_int8_npu.$flatten\u_core.\u_array.\g_row[0].g_col[0].u_pe.\u_mul.\g_bw.g_wallace.u_tree.\genblk1.g_reduce.u_next.$xor$/home/danieltyukov/workspace/personal/tt-ihp-int8-npu/src/npu_csa_reduce.sv:49$2066 ($xor).
Removed top 1 bits (of 2) from port A of cell tt_um_danieltyukov_int8_npu.$auto$opt_expr.cc:706:replace_const_cells$3020 ($not).
Removed top 4 bits (of 16) from port A of cell tt_um_danieltyukov_int8_npu.$flatten\u_core.\u_array.\g_row[0].g_col[0].u_pe.\u_mul.\g_bw.g_wallace.u_tree.$xor$/home/danieltyukov/workspace/personal/tt-ihp-int8-npu/src/npu_csa_reduce.sv:49$1948 ($xor).
Removed top 3 bits (of 16) from port Y of cell tt_um_danieltyukov_int8_npu.$flatten\u_core.\u_array.\g_row[0].g_col[0].u_pe.\u_mul.\g_bw.g_wallace.u_tree.$xor$/home/danieltyukov/workspace/personal/tt-ihp-int8-npu/src/npu_csa_reduce.sv:49$1948 ($xor).
Removed top 5 bits (of 15) from port B of cell tt_um_danieltyukov_int8_npu.$flatten\u_core.\u_array.\g_row[0].g_col[0].u_pe.\u_mul.\g_bw.g_wallace.u_tree.$or$/home/danieltyukov/workspace/personal/tt-ihp-int8-npu/src/npu_csa_reduce.sv:53$1946 ($or).
Removed top 6 bits (of 16) from port A of cell tt_um_danieltyukov_int8_npu.$flatten\u_core.\u_array.\g_row[0].g_col[1].u_pe.\u_mul.\g_bw.g_wallace.u_tree.\genblk1.g_reduce.u_next.$and$/home/danieltyukov/workspace/personal/tt-ihp-int8-npu/src/npu_csa_reduce.sv:53$2068 ($and).
Removed top 1 bits (of 16) from port Y of cell tt_um_danieltyukov_int8_npu.$flatten\u_core.\u_array.\g_row[0].g_col[1].u_pe.\u_mul.\g_bw.g_wallace.u_tree.\genblk1.g_reduce.u_next.$and$/home/danieltyukov/workspace/personal/tt-ihp-int8-npu/src/npu_csa_reduce.sv:53$2068 ($and).
Removed top 1 bits (of 16) from port B of cell tt_um_danieltyukov_int8_npu.$flatten\u_core.\u_array.\g_row[0].g_col[1].u_pe.\u_mul.\g_bw.g_wallace.u_tree.\genblk1.g_reduce.u_next.$and$/home/danieltyukov/workspace/personal/tt-ihp-int8-npu/src/npu_csa_reduce.sv:53$2068 ($and).
Removed top 6 bits (of 16) from port A of cell tt_um_danieltyukov_int8_npu.$flatten\u_core.\u_array.\g_row[0].g_col[1].u_pe.\u_mul.\g_bw.g_wallace.u_tree.\genblk1.g_reduce.u_next.$and$/home/danieltyukov/workspace/personal/tt-ihp-int8-npu/src/npu_csa_reduce.sv:53$2069 ($and).
Removed top 1 bits (of 16) from port Y of cell tt_um_danieltyukov_int8_npu.$flatten\u_core.\u_array.\g_row[0].g_col[1].u_pe.\u_mul.\g_bw.g_wallace.u_tree.\genblk1.g_reduce.u_next.$and$/home/danieltyukov/workspace/personal/tt-ihp-int8-npu/src/npu_csa_reduce.sv:53$2069 ($and).
Removed top 1 bits (of 16) from port B of cell tt_um_danieltyukov_int8_npu.$flatten\u_core.\u_array.\g_row[0].g_col[1].u_pe.\u_mul.\g_bw.g_wallace.u_tree.\genblk1.g_reduce.u_next.$and$/home/danieltyukov/workspace/personal/tt-ihp-int8-npu/src/npu_csa_reduce.sv:53$2069 ($and).
Removed top 1 bits (of 16) from port Y of cell tt_um_danieltyukov_int8_npu.$flatten\u_core.\u_array.\g_row[0].g_col[1].u_pe.\u_mul.\g_bw.g_wallace.u_tree.\genblk1.g_reduce.u_next.$and$/home/danieltyukov/workspace/personal/tt-ihp-int8-npu/src/npu_csa_reduce.sv:53$2075 ($and).
Removed top 1 bits (of 16) from port A of cell tt_um_danieltyukov_int8_npu.$flatten\u_core.\u_array.\g_row[0].g_col[1].u_pe.\u_mul.\g_bw.g_wallace.u_tree.\genblk1.g_reduce.u_next.$and$/home/danieltyukov/workspace/personal/tt-ihp-int8-npu/src/npu_csa_reduce.sv:53$2075 ($and).
Removed top 1 bits (of 16) from port B of cell tt_um_danieltyukov_int8_npu.$flatten\u_core.\u_array.\g_row[0].g_col[1].u_pe.\u_mul.\g_bw.g_wallace.u_tree.\genblk1.g_reduce.u_next.$and$/home/danieltyukov/workspace/personal/tt-ihp-int8-npu/src/npu_csa_reduce.sv:53$2075 ($and).
Removed top 1 bits (of 16) from port Y of cell tt_um_danieltyukov_int8_npu.$flatten\u_core.\u_array.\g_row[0].g_col[1].u_pe.\u_mul.\g_bw.g_wallace.u_tree.\genblk1.g_reduce.u_next.$and$/home/danieltyukov/workspace/personal/tt-ihp-int8-npu/src/npu_csa_reduce.sv:53$2076 ($and).
Removed top 1 bits (of 16) from port A of cell tt_um_danieltyukov_int8_npu.$flatten\u_core.\u_array.\g_row[0].g_col[1].u_pe.\u_mul.\g_bw.g_wallace.u_tree.\genblk1.g_reduce.u_next.$and$/home/danieltyukov/workspace/personal/tt-ihp-int8-npu/src/npu_csa_reduce.sv:53$2076 ($and).
Removed top 1 bits (of 16) from port B of cell tt_um_danieltyukov_int8_npu.$flatten\u_core.\u_array.\g_row[0].g_col[1].u_pe.\u_mul.\g_bw.g_wallace.u_tree.\genblk1.g_reduce.u_next.$and$/home/danieltyukov/workspace/personal/tt-ihp-int8-npu/src/npu_csa_reduce.sv:53$2076 ($and).
Removed top 1 bits (of 16) from port Y of cell tt_um_danieltyukov_int8_npu.$flatten\u_core.\u_array.\g_row[0].g_col[1].u_pe.\u_mul.\g_bw.g_wallace.u_tree.\genblk1.g_reduce.u_next.\genblk1.g_reduce.u_next.\genblk1.g_reduce.u_next.$and$/home/danieltyukov/workspace/personal/tt-ihp-int8-npu/src/npu_csa_reduce.sv:53$1934 ($and).
Removed top 1 bits (of 16) from port A of cell tt_um_danieltyukov_int8_npu.$flatten\u_core.\u_array.\g_row[0].g_col[1].u_pe.\u_mul.\g_bw.g_wallace.u_tree.\genblk1.g_reduce.u_next.\genblk1.g_reduce.u_next.\genblk1.g_reduce.u_next.$and$/home/danieltyukov/workspace/personal/tt-ihp-int8-npu/src/npu_csa_reduce.sv:53$1934 ($and).
Removed top 1 bits (of 16) from port B of cell tt_um_danieltyukov_int8_npu.$flatten\u_core.\u_array.\g_row[0].g_col[1].u_pe.\u_mul.\g_bw.g_wallace.u_tree.\genblk1.g_reduce.u_next.\genblk1.g_reduce.u_next.\genblk1.g_reduce.u_next.$and$/home/danieltyukov/workspace/personal/tt-ihp-int8-npu/src/npu_csa_reduce.sv:53$1934 ($and).
Removed top 1 bits (of 16) from port Y of cell tt_um_danieltyukov_int8_npu.$flatten\u_core.\u_array.\g_row[0].g_col[1].u_pe.\u_mul.\g_bw.g_wallace.u_tree.\genblk1.g_reduce.u_next.\genblk1.g_reduce.u_next.\genblk1.g_reduce.u_next.$and$/home/danieltyukov/workspace/personal/tt-ihp-int8-npu/src/npu_csa_reduce.sv:53$1935 ($and).
Removed top 1 bits (of 16) from port A of cell tt_um_danieltyukov_int8_npu.$flatten\u_core.\u_array.\g_row[0].g_col[1].u_pe.\u_mul.\g_bw.g_wallace.u_tree.\genblk1.g_reduce.u_next.\genblk1.g_reduce.u_next.\genblk1.g_reduce.u_next.$and$/home/danieltyukov/workspace/personal/tt-ihp-int8-npu/src/npu_csa_reduce.sv:53$1935 ($and).
Removed top 1 bits (of 16) from port B of cell tt_um_danieltyukov_int8_npu.$flatten\u_core.\u_array.\g_row[0].g_col[1].u_pe.\u_mul.\g_bw.g_wallace.u_tree.\genblk1.g_reduce.u_next.\genblk1.g_reduce.u_next.\genblk1.g_reduce.u_next.$and$/home/danieltyukov/workspace/personal/tt-ihp-int8-npu/src/npu_csa_reduce.sv:53$1935 ($and).
Removed top 6 bits (of 16) from port A of cell tt_um_danieltyukov_int8_npu.$flatten\u_core.\u_array.\g_row[0].g_col[1].u_pe.\u_mul.\g_bw.g_wallace.u_tree.\genblk1.g_reduce.u_next.$xor$/home/danieltyukov/workspace/personal/tt-ihp-int8-npu/src/npu_csa_reduce.sv:49$2066 ($xor).
Removed top 1 bits (of 2) from port A of cell tt_um_danieltyukov_int8_npu.$auto$opt_expr.cc:706:replace_const_cells$3022 ($not).
Removed top 4 bits (of 16) from port A of cell tt_um_danieltyukov_int8_npu.$flatten\u_core.\u_array.\g_row[0].g_col[1].u_pe.\u_mul.\g_bw.g_wallace.u_tree.$xor$/home/danieltyukov/workspace/personal/tt-ihp-int8-npu/src/npu_csa_reduce.sv:49$1948 ($xor).
Removed top 3 bits (of 16) from port Y of cell tt_um_danieltyukov_int8_npu.$flatten\u_core.\u_array.\g_row[0].g_col[1].u_pe.\u_mul.\g_bw.g_wallace.u_tree.$xor$/home/danieltyukov/workspace/personal/tt-ihp-int8-npu/src/npu_csa_reduce.sv:49$1948 ($xor).
Removed top 5 bits (of 15) from port B of cell tt_um_danieltyukov_int8_npu.$flatten\u_core.\u_array.\g_row[0].g_col[1].u_pe.\u_mul.\g_bw.g_wallace.u_tree.$or$/home/danieltyukov/workspace/personal/tt-ihp-int8-npu/src/npu_csa_reduce.sv:53$1946 ($or).
Removed top 6 bits (of 16) from port A of cell tt_um_danieltyukov_int8_npu.$flatten\u_core.\u_array.\g_row[0].g_col[2].u_pe.\u_mul.\g_bw.g_wallace.u_tree.\genblk1.g_reduce.u_next.$and$/home/danieltyukov/workspace/personal/tt-ihp-int8-npu/src/npu_csa_reduce.sv:53$2068 ($and).
Removed top 1 bits (of 16) from port Y of cell tt_um_danieltyukov_int8_npu.$flatten\u_core.\u_array.\g_row[0].g_col[2].u_pe.\u_mul.\g_bw.g_wallace.u_tree.\genblk1.g_reduce.u_next.$and$/home/danieltyukov/workspace/personal/tt-ihp-int8-npu/src/npu_csa_reduce.sv:53$2068 ($and).
Removed top 1 bits (of 16) from port B of cell tt_um_danieltyukov_int8_npu.$flatten\u_core.\u_array.\g_row[0].g_col[2].u_pe.\u_mul.\g_bw.g_wallace.u_tree.\genblk1.g_reduce.u_next.$and$/home/danieltyukov/workspace/personal/tt-ihp-int8-npu/src/npu_csa_reduce.sv:53$2068 ($and).
Removed top 6 bits (of 16) from port A of cell tt_um_danieltyukov_int8_npu.$flatten\u_core.\u_array.\g_row[0].g_col[2].u_pe.\u_mul.\g_bw.g_wallace.u_tree.\genblk1.g_reduce.u_next.$and$/home/danieltyukov/workspace/personal/tt-ihp-int8-npu/src/npu_csa_reduce.sv:53$2069 ($and).
Removed top 1 bits (of 16) from port Y of cell tt_um_danieltyukov_int8_npu.$flatten\u_core.\u_array.\g_row[0].g_col[2].u_pe.\u_mul.\g_bw.g_wallace.u_tree.\genblk1.g_reduce.u_next.$and$/home/danieltyukov/workspace/personal/tt-ihp-int8-npu/src/npu_csa_reduce.sv:53$2069 ($and).
Removed top 1 bits (of 16) from port B of cell tt_um_danieltyukov_int8_npu.$flatten\u_core.\u_array.\g_row[0].g_col[2].u_pe.\u_mul.\g_bw.g_wallace.u_tree.\genblk1.g_reduce.u_next.$and$/home/danieltyukov/workspace/personal/tt-ihp-int8-npu/src/npu_csa_reduce.sv:53$2069 ($and).
Removed top 1 bits (of 16) from port Y of cell tt_um_danieltyukov_int8_npu.$flatten\u_core.\u_array.\g_row[0].g_col[2].u_pe.\u_mul.\g_bw.g_wallace.u_tree.\genblk1.g_reduce.u_next.$and$/home/danieltyukov/workspace/personal/tt-ihp-int8-npu/src/npu_csa_reduce.sv:53$2075 ($and).
Removed top 1 bits (of 16) from port A of cell tt_um_danieltyukov_int8_npu.$flatten\u_core.\u_array.\g_row[0].g_col[2].u_pe.\u_mul.\g_bw.g_wallace.u_tree.\genblk1.g_reduce.u_next.$and$/home/danieltyukov/workspace/personal/tt-ihp-int8-npu/src/npu_csa_reduce.sv:53$2075 ($and).
Removed top 1 bits (of 16) from port B of cell tt_um_danieltyukov_int8_npu.$flatten\u_core.\u_array.\g_row[0].g_col[2].u_pe.\u_mul.\g_bw.g_wallace.u_tree.\genblk1.g_reduce.u_next.$and$/home/danieltyukov/workspace/personal/tt-ihp-int8-npu/src/npu_csa_reduce.sv:53$2075 ($and).
Removed top 1 bits (of 16) from port Y of cell tt_um_danieltyukov_int8_npu.$flatten\u_core.\u_array.\g_row[0].g_col[2].u_pe.\u_mul.\g_bw.g_wallace.u_tree.\genblk1.g_reduce.u_next.$and$/home/danieltyukov/workspace/personal/tt-ihp-int8-npu/src/npu_csa_reduce.sv:53$2076 ($and).
Removed top 1 bits (of 16) from port A of cell tt_um_danieltyukov_int8_npu.$flatten\u_core.\u_array.\g_row[0].g_col[2].u_pe.\u_mul.\g_bw.g_wallace.u_tree.\genblk1.g_reduce.u_next.$and$/home/danieltyukov/workspace/personal/tt-ihp-int8-npu/src/npu_csa_reduce.sv:53$2076 ($and).
Removed top 1 bits (of 16) from port B of cell tt_um_danieltyukov_int8_npu.$flatten\u_core.\u_array.\g_row[0].g_col[2].u_pe.\u_mul.\g_bw.g_wallace.u_tree.\genblk1.g_reduce.u_next.$and$/home/danieltyukov/workspace/personal/tt-ihp-int8-npu/src/npu_csa_reduce.sv:53$2076 ($and).
Removed top 1 bits (of 16) from port Y of cell tt_um_danieltyukov_int8_npu.$flatten\u_core.\u_array.\g_row[0].g_col[2].u_pe.\u_mul.\g_bw.g_wallace.u_tree.\genblk1.g_reduce.u_next.\genblk1.g_reduce.u_next.\genblk1.g_reduce.u_next.$and$/home/danieltyukov/workspace/personal/tt-ihp-int8-npu/src/npu_csa_reduce.sv:53$1934 ($and).
Removed top 1 bits (of 16) from port A of cell tt_um_danieltyukov_int8_npu.$flatten\u_core.\u_array.\g_row[0].g_col[2].u_pe.\u_mul.\g_bw.g_wallace.u_tree.\genblk1.g_reduce.u_next.\genblk1.g_reduce.u_next.\genblk1.g_reduce.u_next.$and$/home/danieltyukov/workspace/personal/tt-ihp-int8-npu/src/npu_csa_reduce.sv:53$1934 ($and).
Removed top 1 bits (of 16) from port B of cell tt_um_danieltyukov_int8_npu.$flatten\u_core.\u_array.\g_row[0].g_col[2].u_pe.\u_mul.\g_bw.g_wallace.u_tree.\genblk1.g_reduce.u_next.\genblk1.g_reduce.u_next.\genblk1.g_reduce.u_next.$and$/home/danieltyukov/workspace/personal/tt-ihp-int8-npu/src/npu_csa_reduce.sv:53$1934 ($and).
Removed top 1 bits (of 16) from port Y of cell tt_um_danieltyukov_int8_npu.$flatten\u_core.\u_array.\g_row[0].g_col[2].u_pe.\u_mul.\g_bw.g_wallace.u_tree.\genblk1.g_reduce.u_next.\genblk1.g_reduce.u_next.\genblk1.g_reduce.u_next.$and$/home/danieltyukov/workspace/personal/tt-ihp-int8-npu/src/npu_csa_reduce.sv:53$1935 ($and).
Removed top 1 bits (of 16) from port A of cell tt_um_danieltyukov_int8_npu.$flatten\u_core.\u_array.\g_row[0].g_col[2].u_pe.\u_mul.\g_bw.g_wallace.u_tree.\genblk1.g_reduce.u_next.\genblk1.g_reduce.u_next.\genblk1.g_reduce.u_next.$and$/home/danieltyukov/workspace/personal/tt-ihp-int8-npu/src/npu_csa_reduce.sv:53$1935 ($and).
Removed top 1 bits (of 16) from port B of cell tt_um_danieltyukov_int8_npu.$flatten\u_core.\u_array.\g_row[0].g_col[2].u_pe.\u_mul.\g_bw.g_wallace.u_tree.\genblk1.g_reduce.u_next.\genblk1.g_reduce.u_next.\genblk1.g_reduce.u_next.$and$/home/danieltyukov/workspace/personal/tt-ihp-int8-npu/src/npu_csa_reduce.sv:53$1935 ($and).
Removed top 6 bits (of 16) from port A of cell tt_um_danieltyukov_int8_npu.$flatten\u_core.\u_array.\g_row[0].g_col[2].u_pe.\u_mul.\g_bw.g_wallace.u_tree.\genblk1.g_reduce.u_next.$xor$/home/danieltyukov/workspace/personal/tt-ihp-int8-npu/src/npu_csa_reduce.sv:49$2066 ($xor).
Removed top 1 bits (of 2) from port A of cell tt_um_danieltyukov_int8_npu.$auto$opt_expr.cc:706:replace_const_cells$3024 ($not).
Removed top 4 bits (of 16) from port A of cell tt_um_danieltyukov_int8_npu.$flatten\u_core.\u_array.\g_row[0].g_col[2].u_pe.\u_mul.\g_bw.g_wallace.u_tree.$xor$/home/danieltyukov/workspace/personal/tt-ihp-int8-npu/src/npu_csa_reduce.sv:49$1948 ($xor).
Removed top 3 bits (of 16) from port Y of cell tt_um_danieltyukov_int8_npu.$flatten\u_core.\u_array.\g_row[0].g_col[2].u_pe.\u_mul.\g_bw.g_wallace.u_tree.$xor$/home/danieltyukov/workspace/personal/tt-ihp-int8-npu/src/npu_csa_reduce.sv:49$1948 ($xor).
Removed top 5 bits (of 15) from port B of cell tt_um_danieltyukov_int8_npu.$flatten\u_core.\u_array.\g_row[0].g_col[2].u_pe.\u_mul.\g_bw.g_wallace.u_tree.$or$/home/danieltyukov/workspace/personal/tt-ihp-int8-npu/src/npu_csa_reduce.sv:53$1946 ($or).
Removed top 6 bits (of 16) from port A of cell tt_um_danieltyukov_int8_npu.$flatten\u_core.\u_array.\g_row[0].g_col[3].u_pe.\u_mul.\g_bw.g_wallace.u_tree.\genblk1.g_reduce.u_next.$and$/home/danieltyukov/workspace/personal/tt-ihp-int8-npu/src/npu_csa_reduce.sv:53$2068 ($and).
Removed top 1 bits (of 16) from port Y of cell tt_um_danieltyukov_int8_npu.$flatten\u_core.\u_array.\g_row[0].g_col[3].u_pe.\u_mul.\g_bw.g_wallace.u_tree.\genblk1.g_reduce.u_next.$and$/home/danieltyukov/workspace/personal/tt-ihp-int8-npu/src/npu_csa_reduce.sv:53$2068 ($and).
Removed top 1 bits (of 16) from port B of cell tt_um_danieltyukov_int8_npu.$flatten\u_core.\u_array.\g_row[0].g_col[3].u_pe.\u_mul.\g_bw.g_wallace.u_tree.\genblk1.g_reduce.u_next.$and$/home/danieltyukov/workspace/personal/tt-ihp-int8-npu/src/npu_csa_reduce.sv:53$2068 ($and).
Removed top 6 bits (of 16) from port A of cell tt_um_danieltyukov_int8_npu.$flatten\u_core.\u_array.\g_row[0].g_col[3].u_pe.\u_mul.\g_bw.g_wallace.u_tree.\genblk1.g_reduce.u_next.$and$/home/danieltyukov/workspace/personal/tt-ihp-int8-npu/src/npu_csa_reduce.sv:53$2069 ($and).
Removed top 1 bits (of 16) from port Y of cell tt_um_danieltyukov_int8_npu.$flatten\u_core.\u_array.\g_row[0].g_col[3].u_pe.\u_mul.\g_bw.g_wallace.u_tree.\genblk1.g_reduce.u_next.$and$/home/danieltyukov/workspace/personal/tt-ihp-int8-npu/src/npu_csa_reduce.sv:53$2069 ($and).
Removed top 1 bits (of 16) from port B of cell tt_um_danieltyukov_int8_npu.$flatten\u_core.\u_array.\g_row[0].g_col[3].u_pe.\u_mul.\g_bw.g_wallace.u_tree.\genblk1.g_reduce.u_next.$and$/home/danieltyukov/workspace/personal/tt-ihp-int8-npu/src/npu_csa_reduce.sv:53$2069 ($and).
Removed top 1 bits (of 16) from port Y of cell tt_um_danieltyukov_int8_npu.$flatten\u_core.\u_array.\g_row[0].g_col[3].u_pe.\u_mul.\g_bw.g_wallace.u_tree.\genblk1.g_reduce.u_next.$and$/home/danieltyukov/workspace/personal/tt-ihp-int8-npu/src/npu_csa_reduce.sv:53$2075 ($and).
Removed top 1 bits (of 16) from port A of cell tt_um_danieltyukov_int8_npu.$flatten\u_core.\u_array.\g_row[0].g_col[3].u_pe.\u_mul.\g_bw.g_wallace.u_tree.\genblk1.g_reduce.u_next.$and$/home/danieltyukov/workspace/personal/tt-ihp-int8-npu/src/npu_csa_reduce.sv:53$2075 ($and).
Removed top 1 bits (of 16) from port B of cell tt_um_danieltyukov_int8_npu.$flatten\u_core.\u_array.\g_row[0].g_col[3].u_pe.\u_mul.\g_bw.g_wallace.u_tree.\genblk1.g_reduce.u_next.$and$/home/danieltyukov/workspace/personal/tt-ihp-int8-npu/src/npu_csa_reduce.sv:53$2075 ($and).
Removed top 1 bits (of 16) from port Y of cell tt_um_danieltyukov_int8_npu.$flatten\u_core.\u_array.\g_row[0].g_col[3].u_pe.\u_mul.\g_bw.g_wallace.u_tree.\genblk1.g_reduce.u_next.$and$/home/danieltyukov/workspace/personal/tt-ihp-int8-npu/src/npu_csa_reduce.sv:53$2076 ($and).
Removed top 1 bits (of 16) from port A of cell tt_um_danieltyukov_int8_npu.$flatten\u_core.\u_array.\g_row[0].g_col[3].u_pe.\u_mul.\g_bw.g_wallace.u_tree.\genblk1.g_reduce.u_next.$and$/home/danieltyukov/workspace/personal/tt-ihp-int8-npu/src/npu_csa_reduce.sv:53$2076 ($and).
Removed top 1 bits (of 16) from port B of cell tt_um_danieltyukov_int8_npu.$flatten\u_core.\u_array.\g_row[0].g_col[3].u_pe.\u_mul.\g_bw.g_wallace.u_tree.\genblk1.g_reduce.u_next.$and$/home/danieltyukov/workspace/personal/tt-ihp-int8-npu/src/npu_csa_reduce.sv:53$2076 ($and).
Removed top 1 bits (of 16) from port Y of cell tt_um_danieltyukov_int8_npu.$flatten\u_core.\u_array.\g_row[0].g_col[3].u_pe.\u_mul.\g_bw.g_wallace.u_tree.\genblk1.g_reduce.u_next.\genblk1.g_reduce.u_next.\genblk1.g_reduce.u_next.$and$/home/danieltyukov/workspace/personal/tt-ihp-int8-npu/src/npu_csa_reduce.sv:53$1934 ($and).
Removed top 1 bits (of 16) from port A of cell tt_um_danieltyukov_int8_npu.$flatten\u_core.\u_array.\g_row[0].g_col[3].u_pe.\u_mul.\g_bw.g_wallace.u_tree.\genblk1.g_reduce.u_next.\genblk1.g_reduce.u_next.\genblk1.g_reduce.u_next.$and$/home/danieltyukov/workspace/personal/tt-ihp-int8-npu/src/npu_csa_reduce.sv:53$1934 ($and).
Removed top 1 bits (of 16) from port B of cell tt_um_danieltyukov_int8_npu.$flatten\u_core.\u_array.\g_row[0].g_col[3].u_pe.\u_mul.\g_bw.g_wallace.u_tree.\genblk1.g_reduce.u_next.\genblk1.g_reduce.u_next.\genblk1.g_reduce.u_next.$and$/home/danieltyukov/workspace/personal/tt-ihp-int8-npu/src/npu_csa_reduce.sv:53$1934 ($and).
Removed top 1 bits (of 16) from port Y of cell tt_um_danieltyukov_int8_npu.$flatten\u_core.\u_array.\g_row[0].g_col[3].u_pe.\u_mul.\g_bw.g_wallace.u_tree.\genblk1.g_reduce.u_next.\genblk1.g_reduce.u_next.\genblk1.g_reduce.u_next.$and$/home/danieltyukov/workspace/personal/tt-ihp-int8-npu/src/npu_csa_reduce.sv:53$1935 ($and).
Removed top 1 bits (of 16) from port A of cell tt_um_danieltyukov_int8_npu.$flatten\u_core.\u_array.\g_row[0].g_col[3].u_pe.\u_mul.\g_bw.g_wallace.u_tree.\genblk1.g_reduce.u_next.\genblk1.g_reduce.u_next.\genblk1.g_reduce.u_next.$and$/home/danieltyukov/workspace/personal/tt-ihp-int8-npu/src/npu_csa_reduce.sv:53$1935 ($and).
Removed top 1 bits (of 16) from port B of cell tt_um_danieltyukov_int8_npu.$flatten\u_core.\u_array.\g_row[0].g_col[3].u_pe.\u_mul.\g_bw.g_wallace.u_tree.\genblk1.g_reduce.u_next.\genblk1.g_reduce.u_next.\genblk1.g_reduce.u_next.$and$/home/danieltyukov/workspace/personal/tt-ihp-int8-npu/src/npu_csa_reduce.sv:53$1935 ($and).
Removed top 6 bits (of 16) from port A of cell tt_um_danieltyukov_int8_npu.$flatten\u_core.\u_array.\g_row[0].g_col[3].u_pe.\u_mul.\g_bw.g_wallace.u_tree.\genblk1.g_reduce.u_next.$xor$/home/danieltyukov/workspace/personal/tt-ihp-int8-npu/src/npu_csa_reduce.sv:49$2066 ($xor).
Removed top 1 bits (of 2) from port A of cell tt_um_danieltyukov_int8_npu.$auto$opt_expr.cc:706:replace_const_cells$3026 ($not).
Removed top 4 bits (of 16) from port A of cell tt_um_danieltyukov_int8_npu.$flatten\u_core.\u_array.\g_row[0].g_col[3].u_pe.\u_mul.\g_bw.g_wallace.u_tree.$xor$/home/danieltyukov/workspace/personal/tt-ihp-int8-npu/src/npu_csa_reduce.sv:49$1948 ($xor).
Removed top 3 bits (of 16) from port Y of cell tt_um_danieltyukov_int8_npu.$flatten\u_core.\u_array.\g_row[0].g_col[3].u_pe.\u_mul.\g_bw.g_wallace.u_tree.$xor$/home/danieltyukov/workspace/personal/tt-ihp-int8-npu/src/npu_csa_reduce.sv:49$1948 ($xor).
Removed top 5 bits (of 15) from port B of cell tt_um_danieltyukov_int8_npu.$flatten\u_core.\u_array.\g_row[0].g_col[3].u_pe.\u_mul.\g_bw.g_wallace.u_tree.$or$/home/danieltyukov/workspace/personal/tt-ihp-int8-npu/src/npu_csa_reduce.sv:53$1946 ($or).
Removed top 6 bits (of 16) from port A of cell tt_um_danieltyukov_int8_npu.$flatten\u_core.\u_array.\g_row[1].g_col[0].u_pe.\u_mul.\g_bw.g_wallace.u_tree.\genblk1.g_reduce.u_next.$and$/home/danieltyukov/workspace/personal/tt-ihp-int8-npu/src/npu_csa_reduce.sv:53$2068 ($and).
Removed top 1 bits (of 16) from port Y of cell tt_um_danieltyukov_int8_npu.$flatten\u_core.\u_array.\g_row[1].g_col[0].u_pe.\u_mul.\g_bw.g_wallace.u_tree.\genblk1.g_reduce.u_next.$and$/home/danieltyukov/workspace/personal/tt-ihp-int8-npu/src/npu_csa_reduce.sv:53$2068 ($and).
Removed top 1 bits (of 16) from port B of cell tt_um_danieltyukov_int8_npu.$flatten\u_core.\u_array.\g_row[1].g_col[0].u_pe.\u_mul.\g_bw.g_wallace.u_tree.\genblk1.g_reduce.u_next.$and$/home/danieltyukov/workspace/personal/tt-ihp-int8-npu/src/npu_csa_reduce.sv:53$2068 ($and).
Removed top 6 bits (of 16) from port A of cell tt_um_danieltyukov_int8_npu.$flatten\u_core.\u_array.\g_row[1].g_col[0].u_pe.\u_mul.\g_bw.g_wallace.u_tree.\genblk1.g_reduce.u_next.$and$/home/danieltyukov/workspace/personal/tt-ihp-int8-npu/src/npu_csa_reduce.sv:53$2069 ($and).
Removed top 1 bits (of 16) from port Y of cell tt_um_danieltyukov_int8_npu.$flatten\u_core.\u_array.\g_row[1].g_col[0].u_pe.\u_mul.\g_bw.g_wallace.u_tree.\genblk1.g_reduce.u_next.$and$/home/danieltyukov/workspace/personal/tt-ihp-int8-npu/src/npu_csa_reduce.sv:53$2069 ($and).
Removed top 1 bits (of 16) from port B of cell tt_um_danieltyukov_int8_npu.$flatten\u_core.\u_array.\g_row[1].g_col[0].u_pe.\u_mul.\g_bw.g_wallace.u_tree.\genblk1.g_reduce.u_next.$and$/home/danieltyukov/workspace/personal/tt-ihp-int8-npu/src/npu_csa_reduce.sv:53$2069 ($and).
Removed top 1 bits (of 16) from port Y of cell tt_um_danieltyukov_int8_npu.$flatten\u_core.\u_array.\g_row[1].g_col[0].u_pe.\u_mul.\g_bw.g_wallace.u_tree.\genblk1.g_reduce.u_next.$and$/home/danieltyukov/workspace/personal/tt-ihp-int8-npu/src/npu_csa_reduce.sv:53$2075 ($and).
Removed top 1 bits (of 16) from port A of cell tt_um_danieltyukov_int8_npu.$flatten\u_core.\u_array.\g_row[1].g_col[0].u_pe.\u_mul.\g_bw.g_wallace.u_tree.\genblk1.g_reduce.u_next.$and$/home/danieltyukov/workspace/personal/tt-ihp-int8-npu/src/npu_csa_reduce.sv:53$2075 ($and).
Removed top 1 bits (of 16) from port B of cell tt_um_danieltyukov_int8_npu.$flatten\u_core.\u_array.\g_row[1].g_col[0].u_pe.\u_mul.\g_bw.g_wallace.u_tree.\genblk1.g_reduce.u_next.$and$/home/danieltyukov/workspace/personal/tt-ihp-int8-npu/src/npu_csa_reduce.sv:53$2075 ($and).
Removed top 1 bits (of 16) from port Y of cell tt_um_danieltyukov_int8_npu.$flatten\u_core.\u_array.\g_row[1].g_col[0].u_pe.\u_mul.\g_bw.g_wallace.u_tree.\genblk1.g_reduce.u_next.$and$/home/danieltyukov/workspace/personal/tt-ihp-int8-npu/src/npu_csa_reduce.sv:53$2076 ($and).
Removed top 1 bits (of 16) from port A of cell tt_um_danieltyukov_int8_npu.$flatten\u_core.\u_array.\g_row[1].g_col[0].u_pe.\u_mul.\g_bw.g_wallace.u_tree.\genblk1.g_reduce.u_next.$and$/home/danieltyukov/workspace/personal/tt-ihp-int8-npu/src/npu_csa_reduce.sv:53$2076 ($and).
Removed top 1 bits (of 16) from port B of cell tt_um_danieltyukov_int8_npu.$flatten\u_core.\u_array.\g_row[1].g_col[0].u_pe.\u_mul.\g_bw.g_wallace.u_tree.\genblk1.g_reduce.u_next.$and$/home/danieltyukov/workspace/personal/tt-ihp-int8-npu/src/npu_csa_reduce.sv:53$2076 ($and).
Removed top 1 bits (of 16) from port Y of cell tt_um_danieltyukov_int8_npu.$flatten\u_core.\u_array.\g_row[1].g_col[0].u_pe.\u_mul.\g_bw.g_wallace.u_tree.\genblk1.g_reduce.u_next.\genblk1.g_reduce.u_next.\genblk1.g_reduce.u_next.$and$/home/danieltyukov/workspace/personal/tt-ihp-int8-npu/src/npu_csa_reduce.sv:53$1934 ($and).
Removed top 1 bits (of 16) from port A of cell tt_um_danieltyukov_int8_npu.$flatten\u_core.\u_array.\g_row[1].g_col[0].u_pe.\u_mul.\g_bw.g_wallace.u_tree.\genblk1.g_reduce.u_next.\genblk1.g_reduce.u_next.\genblk1.g_reduce.u_next.$and$/home/danieltyukov/workspace/personal/tt-ihp-int8-npu/src/npu_csa_reduce.sv:53$1934 ($and).
Removed top 1 bits (of 16) from port B of cell tt_um_danieltyukov_int8_npu.$flatten\u_core.\u_array.\g_row[1].g_col[0].u_pe.\u_mul.\g_bw.g_wallace.u_tree.\genblk1.g_reduce.u_next.\genblk1.g_reduce.u_next.\genblk1.g_reduce.u_next.$and$/home/danieltyukov/workspace/personal/tt-ihp-int8-npu/src/npu_csa_reduce.sv:53$1934 ($and).
Removed top 1 bits (of 16) from port Y of cell tt_um_danieltyukov_int8_npu.$flatten\u_core.\u_array.\g_row[1].g_col[0].u_pe.\u_mul.\g_bw.g_wallace.u_tree.\genblk1.g_reduce.u_next.\genblk1.g_reduce.u_next.\genblk1.g_reduce.u_next.$and$/home/danieltyukov/workspace/personal/tt-ihp-int8-npu/src/npu_csa_reduce.sv:53$1935 ($and).
Removed top 1 bits (of 16) from port A of cell tt_um_danieltyukov_int8_npu.$flatten\u_core.\u_array.\g_row[1].g_col[0].u_pe.\u_mul.\g_bw.g_wallace.u_tree.\genblk1.g_reduce.u_next.\genblk1.g_reduce.u_next.\genblk1.g_reduce.u_next.$and$/home/danieltyukov/workspace/personal/tt-ihp-int8-npu/src/npu_csa_reduce.sv:53$1935 ($and).
Removed top 1 bits (of 16) from port B of cell tt_um_danieltyukov_int8_npu.$flatten\u_core.\u_array.\g_row[1].g_col[0].u_pe.\u_mul.\g_bw.g_wallace.u_tree.\genblk1.g_reduce.u_next.\genblk1.g_reduce.u_next.\genblk1.g_reduce.u_next.$and$/home/danieltyukov/workspace/personal/tt-ihp-int8-npu/src/npu_csa_reduce.sv:53$1935 ($and).
Removed top 6 bits (of 16) from port A of cell tt_um_danieltyukov_int8_npu.$flatten\u_core.\u_array.\g_row[1].g_col[0].u_pe.\u_mul.\g_bw.g_wallace.u_tree.\genblk1.g_reduce.u_next.$xor$/home/danieltyukov/workspace/personal/tt-ihp-int8-npu/src/npu_csa_reduce.sv:49$2066 ($xor).
Removed top 1 bits (of 2) from port A of cell tt_um_danieltyukov_int8_npu.$auto$opt_expr.cc:706:replace_const_cells$3028 ($not).
Removed top 4 bits (of 16) from port A of cell tt_um_danieltyukov_int8_npu.$flatten\u_core.\u_array.\g_row[1].g_col[0].u_pe.\u_mul.\g_bw.g_wallace.u_tree.$xor$/home/danieltyukov/workspace/personal/tt-ihp-int8-npu/src/npu_csa_reduce.sv:49$1948 ($xor).
Removed top 3 bits (of 16) from port Y of cell tt_um_danieltyukov_int8_npu.$flatten\u_core.\u_array.\g_row[1].g_col[0].u_pe.\u_mul.\g_bw.g_wallace.u_tree.$xor$/home/danieltyukov/workspace/personal/tt-ihp-int8-npu/src/npu_csa_reduce.sv:49$1948 ($xor).
Removed top 5 bits (of 15) from port B of cell tt_um_danieltyukov_int8_npu.$flatten\u_core.\u_array.\g_row[1].g_col[0].u_pe.\u_mul.\g_bw.g_wallace.u_tree.$or$/home/danieltyukov/workspace/personal/tt-ihp-int8-npu/src/npu_csa_reduce.sv:53$1946 ($or).
Removed top 6 bits (of 16) from port A of cell tt_um_danieltyukov_int8_npu.$flatten\u_core.\u_array.\g_row[1].g_col[1].u_pe.\u_mul.\g_bw.g_wallace.u_tree.\genblk1.g_reduce.u_next.$and$/home/danieltyukov/workspace/personal/tt-ihp-int8-npu/src/npu_csa_reduce.sv:53$2068 ($and).
Removed top 1 bits (of 16) from port Y of cell tt_um_danieltyukov_int8_npu.$flatten\u_core.\u_array.\g_row[1].g_col[1].u_pe.\u_mul.\g_bw.g_wallace.u_tree.\genblk1.g_reduce.u_next.$and$/home/danieltyukov/workspace/personal/tt-ihp-int8-npu/src/npu_csa_reduce.sv:53$2068 ($and).
Removed top 1 bits (of 16) from port B of cell tt_um_danieltyukov_int8_npu.$flatten\u_core.\u_array.\g_row[1].g_col[1].u_pe.\u_mul.\g_bw.g_wallace.u_tree.\genblk1.g_reduce.u_next.$and$/home/danieltyukov/workspace/personal/tt-ihp-int8-npu/src/npu_csa_reduce.sv:53$2068 ($and).
Removed top 6 bits (of 16) from port A of cell tt_um_danieltyukov_int8_npu.$flatten\u_core.\u_array.\g_row[1].g_col[1].u_pe.\u_mul.\g_bw.g_wallace.u_tree.\genblk1.g_reduce.u_next.$and$/home/danieltyukov/workspace/personal/tt-ihp-int8-npu/src/npu_csa_reduce.sv:53$2069 ($and).
Removed top 1 bits (of 16) from port Y of cell tt_um_danieltyukov_int8_npu.$flatten\u_core.\u_array.\g_row[1].g_col[1].u_pe.\u_mul.\g_bw.g_wallace.u_tree.\genblk1.g_reduce.u_next.$and$/home/danieltyukov/workspace/personal/tt-ihp-int8-npu/src/npu_csa_reduce.sv:53$2069 ($and).
Removed top 1 bits (of 16) from port B of cell tt_um_danieltyukov_int8_npu.$flatten\u_core.\u_array.\g_row[1].g_col[1].u_pe.\u_mul.\g_bw.g_wallace.u_tree.\genblk1.g_reduce.u_next.$and$/home/danieltyukov/workspace/personal/tt-ihp-int8-npu/src/npu_csa_reduce.sv:53$2069 ($and).
Removed top 1 bits (of 16) from port Y of cell tt_um_danieltyukov_int8_npu.$flatten\u_core.\u_array.\g_row[1].g_col[1].u_pe.\u_mul.\g_bw.g_wallace.u_tree.\genblk1.g_reduce.u_next.$and$/home/danieltyukov/workspace/personal/tt-ihp-int8-npu/src/npu_csa_reduce.sv:53$2075 ($and).
Removed top 1 bits (of 16) from port A of cell tt_um_danieltyukov_int8_npu.$flatten\u_core.\u_array.\g_row[1].g_col[1].u_pe.\u_mul.\g_bw.g_wallace.u_tree.\genblk1.g_reduce.u_next.$and$/home/danieltyukov/workspace/personal/tt-ihp-int8-npu/src/npu_csa_reduce.sv:53$2075 ($and).
Removed top 1 bits (of 16) from port B of cell tt_um_danieltyukov_int8_npu.$flatten\u_core.\u_array.\g_row[1].g_col[1].u_pe.\u_mul.\g_bw.g_wallace.u_tree.\genblk1.g_reduce.u_next.$and$/home/danieltyukov/workspace/personal/tt-ihp-int8-npu/src/npu_csa_reduce.sv:53$2075 ($and).
Removed top 1 bits (of 16) from port Y of cell tt_um_danieltyukov_int8_npu.$flatten\u_core.\u_array.\g_row[1].g_col[1].u_pe.\u_mul.\g_bw.g_wallace.u_tree.\genblk1.g_reduce.u_next.$and$/home/danieltyukov/workspace/personal/tt-ihp-int8-npu/src/npu_csa_reduce.sv:53$2076 ($and).
Removed top 1 bits (of 16) from port A of cell tt_um_danieltyukov_int8_npu.$flatten\u_core.\u_array.\g_row[1].g_col[1].u_pe.\u_mul.\g_bw.g_wallace.u_tree.\genblk1.g_reduce.u_next.$and$/home/danieltyukov/workspace/personal/tt-ihp-int8-npu/src/npu_csa_reduce.sv:53$2076 ($and).
Removed top 1 bits (of 16) from port B of cell tt_um_danieltyukov_int8_npu.$flatten\u_core.\u_array.\g_row[1].g_col[1].u_pe.\u_mul.\g_bw.g_wallace.u_tree.\genblk1.g_reduce.u_next.$and$/home/danieltyukov/workspace/personal/tt-ihp-int8-npu/src/npu_csa_reduce.sv:53$2076 ($and).
Removed top 1 bits (of 16) from port Y of cell tt_um_danieltyukov_int8_npu.$flatten\u_core.\u_array.\g_row[1].g_col[1].u_pe.\u_mul.\g_bw.g_wallace.u_tree.\genblk1.g_reduce.u_next.\genblk1.g_reduce.u_next.\genblk1.g_reduce.u_next.$and$/home/danieltyukov/workspace/personal/tt-ihp-int8-npu/src/npu_csa_reduce.sv:53$1934 ($and).
Removed top 1 bits (of 16) from port A of cell tt_um_danieltyukov_int8_npu.$flatten\u_core.\u_array.\g_row[1].g_col[1].u_pe.\u_mul.\g_bw.g_wallace.u_tree.\genblk1.g_reduce.u_next.\genblk1.g_reduce.u_next.\genblk1.g_reduce.u_next.$and$/home/danieltyukov/workspace/personal/tt-ihp-int8-npu/src/npu_csa_reduce.sv:53$1934 ($and).
Removed top 1 bits (of 16) from port B of cell tt_um_danieltyukov_int8_npu.$flatten\u_core.\u_array.\g_row[1].g_col[1].u_pe.\u_mul.\g_bw.g_wallace.u_tree.\genblk1.g_reduce.u_next.\genblk1.g_reduce.u_next.\genblk1.g_reduce.u_next.$and$/home/danieltyukov/workspace/personal/tt-ihp-int8-npu/src/npu_csa_reduce.sv:53$1934 ($and).
Removed top 1 bits (of 16) from port Y of cell tt_um_danieltyukov_int8_npu.$flatten\u_core.\u_array.\g_row[1].g_col[1].u_pe.\u_mul.\g_bw.g_wallace.u_tree.\genblk1.g_reduce.u_next.\genblk1.g_reduce.u_next.\genblk1.g_reduce.u_next.$and$/home/danieltyukov/workspace/personal/tt-ihp-int8-npu/src/npu_csa_reduce.sv:53$1935 ($and).
Removed top 1 bits (of 16) from port A of cell tt_um_danieltyukov_int8_npu.$flatten\u_core.\u_array.\g_row[1].g_col[1].u_pe.\u_mul.\g_bw.g_wallace.u_tree.\genblk1.g_reduce.u_next.\genblk1.g_reduce.u_next.\genblk1.g_reduce.u_next.$and$/home/danieltyukov/workspace/personal/tt-ihp-int8-npu/src/npu_csa_reduce.sv:53$1935 ($and).
Removed top 1 bits (of 16) from port B of cell tt_um_danieltyukov_int8_npu.$flatten\u_core.\u_array.\g_row[1].g_col[1].u_pe.\u_mul.\g_bw.g_wallace.u_tree.\genblk1.g_reduce.u_next.\genblk1.g_reduce.u_next.\genblk1.g_reduce.u_next.$and$/home/danieltyukov/workspace/personal/tt-ihp-int8-npu/src/npu_csa_reduce.sv:53$1935 ($and).
Removed top 6 bits (of 16) from port A of cell tt_um_danieltyukov_int8_npu.$flatten\u_core.\u_array.\g_row[1].g_col[1].u_pe.\u_mul.\g_bw.g_wallace.u_tree.\genblk1.g_reduce.u_next.$xor$/home/danieltyukov/workspace/personal/tt-ihp-int8-npu/src/npu_csa_reduce.sv:49$2066 ($xor).
Removed top 1 bits (of 2) from port A of cell tt_um_danieltyukov_int8_npu.$auto$opt_expr.cc:706:replace_const_cells$3030 ($not).
Removed top 4 bits (of 16) from port A of cell tt_um_danieltyukov_int8_npu.$flatten\u_core.\u_array.\g_row[1].g_col[1].u_pe.\u_mul.\g_bw.g_wallace.u_tree.$xor$/home/danieltyukov/workspace/personal/tt-ihp-int8-npu/src/npu_csa_reduce.sv:49$1948 ($xor).
Removed top 3 bits (of 16) from port Y of cell tt_um_danieltyukov_int8_npu.$flatten\u_core.\u_array.\g_row[1].g_col[1].u_pe.\u_mul.\g_bw.g_wallace.u_tree.$xor$/home/danieltyukov/workspace/personal/tt-ihp-int8-npu/src/npu_csa_reduce.sv:49$1948 ($xor).
Removed top 5 bits (of 15) from port B of cell tt_um_danieltyukov_int8_npu.$flatten\u_core.\u_array.\g_row[1].g_col[1].u_pe.\u_mul.\g_bw.g_wallace.u_tree.$or$/home/danieltyukov/workspace/personal/tt-ihp-int8-npu/src/npu_csa_reduce.sv:53$1946 ($or).
Removed top 6 bits (of 16) from port A of cell tt_um_danieltyukov_int8_npu.$flatten\u_core.\u_array.\g_row[1].g_col[2].u_pe.\u_mul.\g_bw.g_wallace.u_tree.\genblk1.g_reduce.u_next.$and$/home/danieltyukov/workspace/personal/tt-ihp-int8-npu/src/npu_csa_reduce.sv:53$2068 ($and).
Removed top 1 bits (of 16) from port Y of cell tt_um_danieltyukov_int8_npu.$flatten\u_core.\u_array.\g_row[1].g_col[2].u_pe.\u_mul.\g_bw.g_wallace.u_tree.\genblk1.g_reduce.u_next.$and$/home/danieltyukov/workspace/personal/tt-ihp-int8-npu/src/npu_csa_reduce.sv:53$2068 ($and).
Removed top 1 bits (of 16) from port B of cell tt_um_danieltyukov_int8_npu.$flatten\u_core.\u_array.\g_row[1].g_col[2].u_pe.\u_mul.\g_bw.g_wallace.u_tree.\genblk1.g_reduce.u_next.$and$/home/danieltyukov/workspace/personal/tt-ihp-int8-npu/src/npu_csa_reduce.sv:53$2068 ($and).
Removed top 6 bits (of 16) from port A of cell tt_um_danieltyukov_int8_npu.$flatten\u_core.\u_array.\g_row[1].g_col[2].u_pe.\u_mul.\g_bw.g_wallace.u_tree.\genblk1.g_reduce.u_next.$and$/home/danieltyukov/workspace/personal/tt-ihp-int8-npu/src/npu_csa_reduce.sv:53$2069 ($and).
Removed top 1 bits (of 16) from port Y of cell tt_um_danieltyukov_int8_npu.$flatten\u_core.\u_array.\g_row[1].g_col[2].u_pe.\u_mul.\g_bw.g_wallace.u_tree.\genblk1.g_reduce.u_next.$and$/home/danieltyukov/workspace/personal/tt-ihp-int8-npu/src/npu_csa_reduce.sv:53$2069 ($and).
Removed top 1 bits (of 16) from port B of cell tt_um_danieltyukov_int8_npu.$flatten\u_core.\u_array.\g_row[1].g_col[2].u_pe.\u_mul.\g_bw.g_wallace.u_tree.\genblk1.g_reduce.u_next.$and$/home/danieltyukov/workspace/personal/tt-ihp-int8-npu/src/npu_csa_reduce.sv:53$2069 ($and).
Removed top 1 bits (of 16) from port Y of cell tt_um_danieltyukov_int8_npu.$flatten\u_core.\u_array.\g_row[1].g_col[2].u_pe.\u_mul.\g_bw.g_wallace.u_tree.\genblk1.g_reduce.u_next.$and$/home/danieltyukov/workspace/personal/tt-ihp-int8-npu/src/npu_csa_reduce.sv:53$2075 ($and).
Removed top 1 bits (of 16) from port A of cell tt_um_danieltyukov_int8_npu.$flatten\u_core.\u_array.\g_row[1].g_col[2].u_pe.\u_mul.\g_bw.g_wallace.u_tree.\genblk1.g_reduce.u_next.$and$/home/danieltyukov/workspace/personal/tt-ihp-int8-npu/src/npu_csa_reduce.sv:53$2075 ($and).
Removed top 1 bits (of 16) from port B of cell tt_um_danieltyukov_int8_npu.$flatten\u_core.\u_array.\g_row[1].g_col[2].u_pe.\u_mul.\g_bw.g_wallace.u_tree.\genblk1.g_reduce.u_next.$and$/home/danieltyukov/workspace/personal/tt-ihp-int8-npu/src/npu_csa_reduce.sv:53$2075 ($and).
Removed top 1 bits (of 16) from port Y of cell tt_um_danieltyukov_int8_npu.$flatten\u_core.\u_array.\g_row[1].g_col[2].u_pe.\u_mul.\g_bw.g_wallace.u_tree.\genblk1.g_reduce.u_next.$and$/home/danieltyukov/workspace/personal/tt-ihp-int8-npu/src/npu_csa_reduce.sv:53$2076 ($and).
Removed top 1 bits (of 16) from port A of cell tt_um_danieltyukov_int8_npu.$flatten\u_core.\u_array.\g_row[1].g_col[2].u_pe.\u_mul.\g_bw.g_wallace.u_tree.\genblk1.g_reduce.u_next.$and$/home/danieltyukov/workspace/personal/tt-ihp-int8-npu/src/npu_csa_reduce.sv:53$2076 ($and).
Removed top 1 bits (of 16) from port B of cell tt_um_danieltyukov_int8_npu.$flatten\u_core.\u_array.\g_row[1].g_col[2].u_pe.\u_mul.\g_bw.g_wallace.u_tree.\genblk1.g_reduce.u_next.$and$/home/danieltyukov/workspace/personal/tt-ihp-int8-npu/src/npu_csa_reduce.sv:53$2076 ($and).
Removed top 1 bits (of 16) from port Y of cell tt_um_danieltyukov_int8_npu.$flatten\u_core.\u_array.\g_row[1].g_col[2].u_pe.\u_mul.\g_bw.g_wallace.u_tree.\genblk1.g_reduce.u_next.\genblk1.g_reduce.u_next.\genblk1.g_reduce.u_next.$and$/home/danieltyukov/workspace/personal/tt-ihp-int8-npu/src/npu_csa_reduce.sv:53$1934 ($and).
Removed top 1 bits (of 16) from port A of cell tt_um_danieltyukov_int8_npu.$flatten\u_core.\u_array.\g_row[1].g_col[2].u_pe.\u_mul.\g_bw.g_wallace.u_tree.\genblk1.g_reduce.u_next.\genblk1.g_reduce.u_next.\genblk1.g_reduce.u_next.$and$/home/danieltyukov/workspace/personal/tt-ihp-int8-npu/src/npu_csa_reduce.sv:53$1934 ($and).
Removed top 1 bits (of 16) from port B of cell tt_um_danieltyukov_int8_npu.$flatten\u_core.\u_array.\g_row[1].g_col[2].u_pe.\u_mul.\g_bw.g_wallace.u_tree.\genblk1.g_reduce.u_next.\genblk1.g_reduce.u_next.\genblk1.g_reduce.u_next.$and$/home/danieltyukov/workspace/personal/tt-ihp-int8-npu/src/npu_csa_reduce.sv:53$1934 ($and).
Removed top 1 bits (of 16) from port Y of cell tt_um_danieltyukov_int8_npu.$flatten\u_core.\u_array.\g_row[1].g_col[2].u_pe.\u_mul.\g_bw.g_wallace.u_tree.\genblk1.g_reduce.u_next.\genblk1.g_reduce.u_next.\genblk1.g_reduce.u_next.$and$/home/danieltyukov/workspace/personal/tt-ihp-int8-npu/src/npu_csa_reduce.sv:53$1935 ($and).
Removed top 1 bits (of 16) from port A of cell tt_um_danieltyukov_int8_npu.$flatten\u_core.\u_array.\g_row[1].g_col[2].u_pe.\u_mul.\g_bw.g_wallace.u_tree.\genblk1.g_reduce.u_next.\genblk1.g_reduce.u_next.\genblk1.g_reduce.u_next.$and$/home/danieltyukov/workspace/personal/tt-ihp-int8-npu/src/npu_csa_reduce.sv:53$1935 ($and).
Removed top 1 bits (of 16) from port B of cell tt_um_danieltyukov_int8_npu.$flatten\u_core.\u_array.\g_row[1].g_col[2].u_pe.\u_mul.\g_bw.g_wallace.u_tree.\genblk1.g_reduce.u_next.\genblk1.g_reduce.u_next.\genblk1.g_reduce.u_next.$and$/home/danieltyukov/workspace/personal/tt-ihp-int8-npu/src/npu_csa_reduce.sv:53$1935 ($and).
Removed top 6 bits (of 16) from port A of cell tt_um_danieltyukov_int8_npu.$flatten\u_core.\u_array.\g_row[1].g_col[2].u_pe.\u_mul.\g_bw.g_wallace.u_tree.\genblk1.g_reduce.u_next.$xor$/home/danieltyukov/workspace/personal/tt-ihp-int8-npu/src/npu_csa_reduce.sv:49$2066 ($xor).
Removed top 1 bits (of 2) from port A of cell tt_um_danieltyukov_int8_npu.$auto$opt_expr.cc:706:replace_const_cells$3032 ($not).
Removed top 4 bits (of 16) from port A of cell tt_um_danieltyukov_int8_npu.$flatten\u_core.\u_array.\g_row[1].g_col[2].u_pe.\u_mul.\g_bw.g_wallace.u_tree.$xor$/home/danieltyukov/workspace/personal/tt-ihp-int8-npu/src/npu_csa_reduce.sv:49$1948 ($xor).
Removed top 3 bits (of 16) from port Y of cell tt_um_danieltyukov_int8_npu.$flatten\u_core.\u_array.\g_row[1].g_col[2].u_pe.\u_mul.\g_bw.g_wallace.u_tree.$xor$/home/danieltyukov/workspace/personal/tt-ihp-int8-npu/src/npu_csa_reduce.sv:49$1948 ($xor).
Removed top 5 bits (of 15) from port B of cell tt_um_danieltyukov_int8_npu.$flatten\u_core.\u_array.\g_row[1].g_col[2].u_pe.\u_mul.\g_bw.g_wallace.u_tree.$or$/home/danieltyukov/workspace/personal/tt-ihp-int8-npu/src/npu_csa_reduce.sv:53$1946 ($or).
Removed top 6 bits (of 16) from port A of cell tt_um_danieltyukov_int8_npu.$flatten\u_core.\u_array.\g_row[1].g_col[3].u_pe.\u_mul.\g_bw.g_wallace.u_tree.\genblk1.g_reduce.u_next.$and$/home/danieltyukov/workspace/personal/tt-ihp-int8-npu/src/npu_csa_reduce.sv:53$2068 ($and).
Removed top 1 bits (of 16) from port Y of cell tt_um_danieltyukov_int8_npu.$flatten\u_core.\u_array.\g_row[1].g_col[3].u_pe.\u_mul.\g_bw.g_wallace.u_tree.\genblk1.g_reduce.u_next.$and$/home/danieltyukov/workspace/personal/tt-ihp-int8-npu/src/npu_csa_reduce.sv:53$2068 ($and).
Removed top 1 bits (of 16) from port B of cell tt_um_danieltyukov_int8_npu.$flatten\u_core.\u_array.\g_row[1].g_col[3].u_pe.\u_mul.\g_bw.g_wallace.u_tree.\genblk1.g_reduce.u_next.$and$/home/danieltyukov/workspace/personal/tt-ihp-int8-npu/src/npu_csa_reduce.sv:53$2068 ($and).
Removed top 6 bits (of 16) from port A of cell tt_um_danieltyukov_int8_npu.$flatten\u_core.\u_array.\g_row[1].g_col[3].u_pe.\u_mul.\g_bw.g_wallace.u_tree.\genblk1.g_reduce.u_next.$and$/home/danieltyukov/workspace/personal/tt-ihp-int8-npu/src/npu_csa_reduce.sv:53$2069 ($and).
Removed top 1 bits (of 16) from port Y of cell tt_um_danieltyukov_int8_npu.$flatten\u_core.\u_array.\g_row[1].g_col[3].u_pe.\u_mul.\g_bw.g_wallace.u_tree.\genblk1.g_reduce.u_next.$and$/home/danieltyukov/workspace/personal/tt-ihp-int8-npu/src/npu_csa_reduce.sv:53$2069 ($and).
Removed top 1 bits (of 16) from port B of cell tt_um_danieltyukov_int8_npu.$flatten\u_core.\u_array.\g_row[1].g_col[3].u_pe.\u_mul.\g_bw.g_wallace.u_tree.\genblk1.g_reduce.u_next.$and$/home/danieltyukov/workspace/personal/tt-ihp-int8-npu/src/npu_csa_reduce.sv:53$2069 ($and).
Removed top 1 bits (of 16) from port Y of cell tt_um_danieltyukov_int8_npu.$flatten\u_core.\u_array.\g_row[1].g_col[3].u_pe.\u_mul.\g_bw.g_wallace.u_tree.\genblk1.g_reduce.u_next.$and$/home/danieltyukov/workspace/personal/tt-ihp-int8-npu/src/npu_csa_reduce.sv:53$2075 ($and).
Removed top 1 bits (of 16) from port A of cell tt_um_danieltyukov_int8_npu.$flatten\u_core.\u_array.\g_row[1].g_col[3].u_pe.\u_mul.\g_bw.g_wallace.u_tree.\genblk1.g_reduce.u_next.$and$/home/danieltyukov/workspace/personal/tt-ihp-int8-npu/src/npu_csa_reduce.sv:53$2075 ($and).
Removed top 1 bits (of 16) from port B of cell tt_um_danieltyukov_int8_npu.$flatten\u_core.\u_array.\g_row[1].g_col[3].u_pe.\u_mul.\g_bw.g_wallace.u_tree.\genblk1.g_reduce.u_next.$and$/home/danieltyukov/workspace/personal/tt-ihp-int8-npu/src/npu_csa_reduce.sv:53$2075 ($and).
Removed top 1 bits (of 16) from port Y of cell tt_um_danieltyukov_int8_npu.$flatten\u_core.\u_array.\g_row[1].g_col[3].u_pe.\u_mul.\g_bw.g_wallace.u_tree.\genblk1.g_reduce.u_next.$and$/home/danieltyukov/workspace/personal/tt-ihp-int8-npu/src/npu_csa_reduce.sv:53$2076 ($and).
Removed top 1 bits (of 16) from port A of cell tt_um_danieltyukov_int8_npu.$flatten\u_core.\u_array.\g_row[1].g_col[3].u_pe.\u_mul.\g_bw.g_wallace.u_tree.\genblk1.g_reduce.u_next.$and$/home/danieltyukov/workspace/personal/tt-ihp-int8-npu/src/npu_csa_reduce.sv:53$2076 ($and).
Removed top 1 bits (of 16) from port B of cell tt_um_danieltyukov_int8_npu.$flatten\u_core.\u_array.\g_row[1].g_col[3].u_pe.\u_mul.\g_bw.g_wallace.u_tree.\genblk1.g_reduce.u_next.$and$/home/danieltyukov/workspace/personal/tt-ihp-int8-npu/src/npu_csa_reduce.sv:53$2076 ($and).
Removed top 1 bits (of 16) from port Y of cell tt_um_danieltyukov_int8_npu.$flatten\u_core.\u_array.\g_row[1].g_col[3].u_pe.\u_mul.\g_bw.g_wallace.u_tree.\genblk1.g_reduce.u_next.\genblk1.g_reduce.u_next.\genblk1.g_reduce.u_next.$and$/home/danieltyukov/workspace/personal/tt-ihp-int8-npu/src/npu_csa_reduce.sv:53$1934 ($and).
Removed top 1 bits (of 16) from port A of cell tt_um_danieltyukov_int8_npu.$flatten\u_core.\u_array.\g_row[1].g_col[3].u_pe.\u_mul.\g_bw.g_wallace.u_tree.\genblk1.g_reduce.u_next.\genblk1.g_reduce.u_next.\genblk1.g_reduce.u_next.$and$/home/danieltyukov/workspace/personal/tt-ihp-int8-npu/src/npu_csa_reduce.sv:53$1934 ($and).
Removed top 1 bits (of 16) from port B of cell tt_um_danieltyukov_int8_npu.$flatten\u_core.\u_array.\g_row[1].g_col[3].u_pe.\u_mul.\g_bw.g_wallace.u_tree.\genblk1.g_reduce.u_next.\genblk1.g_reduce.u_next.\genblk1.g_reduce.u_next.$and$/home/danieltyukov/workspace/personal/tt-ihp-int8-npu/src/npu_csa_reduce.sv:53$1934 ($and).
Removed top 1 bits (of 16) from port Y of cell tt_um_danieltyukov_int8_npu.$flatten\u_core.\u_array.\g_row[1].g_col[3].u_pe.\u_mul.\g_bw.g_wallace.u_tree.\genblk1.g_reduce.u_next.\genblk1.g_reduce.u_next.\genblk1.g_reduce.u_next.$and$/home/danieltyukov/workspace/personal/tt-ihp-int8-npu/src/npu_csa_reduce.sv:53$1935 ($and).
Removed top 1 bits (of 16) from port A of cell tt_um_danieltyukov_int8_npu.$flatten\u_core.\u_array.\g_row[1].g_col[3].u_pe.\u_mul.\g_bw.g_wallace.u_tree.\genblk1.g_reduce.u_next.\genblk1.g_reduce.u_next.\genblk1.g_reduce.u_next.$and$/home/danieltyukov/workspace/personal/tt-ihp-int8-npu/src/npu_csa_reduce.sv:53$1935 ($and).
Removed top 1 bits (of 16) from port B of cell tt_um_danieltyukov_int8_npu.$flatten\u_core.\u_array.\g_row[1].g_col[3].u_pe.\u_mul.\g_bw.g_wallace.u_tree.\genblk1.g_reduce.u_next.\genblk1.g_reduce.u_next.\genblk1.g_reduce.u_next.$and$/home/danieltyukov/workspace/personal/tt-ihp-int8-npu/src/npu_csa_reduce.sv:53$1935 ($and).
Removed top 6 bits (of 16) from port A of cell tt_um_danieltyukov_int8_npu.$flatten\u_core.\u_array.\g_row[1].g_col[3].u_pe.\u_mul.\g_bw.g_wallace.u_tree.\genblk1.g_reduce.u_next.$xor$/home/danieltyukov/workspace/personal/tt-ihp-int8-npu/src/npu_csa_reduce.sv:49$2066 ($xor).
Removed top 1 bits (of 2) from port A of cell tt_um_danieltyukov_int8_npu.$auto$opt_expr.cc:706:replace_const_cells$3034 ($not).
Removed top 4 bits (of 16) from port A of cell tt_um_danieltyukov_int8_npu.$flatten\u_core.\u_array.\g_row[1].g_col[3].u_pe.\u_mul.\g_bw.g_wallace.u_tree.$xor$/home/danieltyukov/workspace/personal/tt-ihp-int8-npu/src/npu_csa_reduce.sv:49$1948 ($xor).
Removed top 3 bits (of 16) from port Y of cell tt_um_danieltyukov_int8_npu.$flatten\u_core.\u_array.\g_row[1].g_col[3].u_pe.\u_mul.\g_bw.g_wallace.u_tree.$xor$/home/danieltyukov/workspace/personal/tt-ihp-int8-npu/src/npu_csa_reduce.sv:49$1948 ($xor).
Removed top 5 bits (of 15) from port B of cell tt_um_danieltyukov_int8_npu.$flatten\u_core.\u_array.\g_row[1].g_col[3].u_pe.\u_mul.\g_bw.g_wallace.u_tree.$or$/home/danieltyukov/workspace/personal/tt-ihp-int8-npu/src/npu_csa_reduce.sv:53$1946 ($or).
Removed top 6 bits (of 16) from port A of cell tt_um_danieltyukov_int8_npu.$flatten\u_core.\u_array.\g_row[2].g_col[0].u_pe.\u_mul.\g_bw.g_wallace.u_tree.\genblk1.g_reduce.u_next.$and$/home/danieltyukov/workspace/personal/tt-ihp-int8-npu/src/npu_csa_reduce.sv:53$2068 ($and).
Removed top 1 bits (of 16) from port Y of cell tt_um_danieltyukov_int8_npu.$flatten\u_core.\u_array.\g_row[2].g_col[0].u_pe.\u_mul.\g_bw.g_wallace.u_tree.\genblk1.g_reduce.u_next.$and$/home/danieltyukov/workspace/personal/tt-ihp-int8-npu/src/npu_csa_reduce.sv:53$2068 ($and).
Removed top 1 bits (of 16) from port B of cell tt_um_danieltyukov_int8_npu.$flatten\u_core.\u_array.\g_row[2].g_col[0].u_pe.\u_mul.\g_bw.g_wallace.u_tree.\genblk1.g_reduce.u_next.$and$/home/danieltyukov/workspace/personal/tt-ihp-int8-npu/src/npu_csa_reduce.sv:53$2068 ($and).
Removed top 6 bits (of 16) from port A of cell tt_um_danieltyukov_int8_npu.$flatten\u_core.\u_array.\g_row[2].g_col[0].u_pe.\u_mul.\g_bw.g_wallace.u_tree.\genblk1.g_reduce.u_next.$and$/home/danieltyukov/workspace/personal/tt-ihp-int8-npu/src/npu_csa_reduce.sv:53$2069 ($and).
Removed top 1 bits (of 16) from port Y of cell tt_um_danieltyukov_int8_npu.$flatten\u_core.\u_array.\g_row[2].g_col[0].u_pe.\u_mul.\g_bw.g_wallace.u_tree.\genblk1.g_reduce.u_next.$and$/home/danieltyukov/workspace/personal/tt-ihp-int8-npu/src/npu_csa_reduce.sv:53$2069 ($and).
Removed top 1 bits (of 16) from port B of cell tt_um_danieltyukov_int8_npu.$flatten\u_core.\u_array.\g_row[2].g_col[0].u_pe.\u_mul.\g_bw.g_wallace.u_tree.\genblk1.g_reduce.u_next.$and$/home/danieltyukov/workspace/personal/tt-ihp-int8-npu/src/npu_csa_reduce.sv:53$2069 ($and).
Removed top 1 bits (of 16) from port Y of cell tt_um_danieltyukov_int8_npu.$flatten\u_core.\u_array.\g_row[2].g_col[0].u_pe.\u_mul.\g_bw.g_wallace.u_tree.\genblk1.g_reduce.u_next.$and$/home/danieltyukov/workspace/personal/tt-ihp-int8-npu/src/npu_csa_reduce.sv:53$2075 ($and).
Removed top 1 bits (of 16) from port A of cell tt_um_danieltyukov_int8_npu.$flatten\u_core.\u_array.\g_row[2].g_col[0].u_pe.\u_mul.\g_bw.g_wallace.u_tree.\genblk1.g_reduce.u_next.$and$/home/danieltyukov/workspace/personal/tt-ihp-int8-npu/src/npu_csa_reduce.sv:53$2075 ($and).
Removed top 1 bits (of 16) from port B of cell tt_um_danieltyukov_int8_npu.$flatten\u_core.\u_array.\g_row[2].g_col[0].u_pe.\u_mul.\g_bw.g_wallace.u_tree.\genblk1.g_reduce.u_next.$and$/home/danieltyukov/workspace/personal/tt-ihp-int8-npu/src/npu_csa_reduce.sv:53$2075 ($and).
Removed top 1 bits (of 16) from port Y of cell tt_um_danieltyukov_int8_npu.$flatten\u_core.\u_array.\g_row[2].g_col[0].u_pe.\u_mul.\g_bw.g_wallace.u_tree.\genblk1.g_reduce.u_next.$and$/home/danieltyukov/workspace/personal/tt-ihp-int8-npu/src/npu_csa_reduce.sv:53$2076 ($and).
Removed top 1 bits (of 16) from port A of cell tt_um_danieltyukov_int8_npu.$flatten\u_core.\u_array.\g_row[2].g_col[0].u_pe.\u_mul.\g_bw.g_wallace.u_tree.\genblk1.g_reduce.u_next.$and$/home/danieltyukov/workspace/personal/tt-ihp-int8-npu/src/npu_csa_reduce.sv:53$2076 ($and).
Removed top 1 bits (of 16) from port B of cell tt_um_danieltyukov_int8_npu.$flatten\u_core.\u_array.\g_row[2].g_col[0].u_pe.\u_mul.\g_bw.g_wallace.u_tree.\genblk1.g_reduce.u_next.$and$/home/danieltyukov/workspace/personal/tt-ihp-int8-npu/src/npu_csa_reduce.sv:53$2076 ($and).
Removed top 1 bits (of 16) from port Y of cell tt_um_danieltyukov_int8_npu.$flatten\u_core.\u_array.\g_row[2].g_col[0].u_pe.\u_mul.\g_bw.g_wallace.u_tree.\genblk1.g_reduce.u_next.\genblk1.g_reduce.u_next.\genblk1.g_reduce.u_next.$and$/home/danieltyukov/workspace/personal/tt-ihp-int8-npu/src/npu_csa_reduce.sv:53$1934 ($and).
Removed top 1 bits (of 16) from port A of cell tt_um_danieltyukov_int8_npu.$flatten\u_core.\u_array.\g_row[2].g_col[0].u_pe.\u_mul.\g_bw.g_wallace.u_tree.\genblk1.g_reduce.u_next.\genblk1.g_reduce.u_next.\genblk1.g_reduce.u_next.$and$/home/danieltyukov/workspace/personal/tt-ihp-int8-npu/src/npu_csa_reduce.sv:53$1934 ($and).
Removed top 1 bits (of 16) from port B of cell tt_um_danieltyukov_int8_npu.$flatten\u_core.\u_array.\g_row[2].g_col[0].u_pe.\u_mul.\g_bw.g_wallace.u_tree.\genblk1.g_reduce.u_next.\genblk1.g_reduce.u_next.\genblk1.g_reduce.u_next.$and$/home/danieltyukov/workspace/personal/tt-ihp-int8-npu/src/npu_csa_reduce.sv:53$1934 ($and).
Removed top 1 bits (of 16) from port Y of cell tt_um_danieltyukov_int8_npu.$flatten\u_core.\u_array.\g_row[2].g_col[0].u_pe.\u_mul.\g_bw.g_wallace.u_tree.\genblk1.g_reduce.u_next.\genblk1.g_reduce.u_next.\genblk1.g_reduce.u_next.$and$/home/danieltyukov/workspace/personal/tt-ihp-int8-npu/src/npu_csa_reduce.sv:53$1935 ($and).
Removed top 1 bits (of 16) from port A of cell tt_um_danieltyukov_int8_npu.$flatten\u_core.\u_array.\g_row[2].g_col[0].u_pe.\u_mul.\g_bw.g_wallace.u_tree.\genblk1.g_reduce.u_next.\genblk1.g_reduce.u_next.\genblk1.g_reduce.u_next.$and$/home/danieltyukov/workspace/personal/tt-ihp-int8-npu/src/npu_csa_reduce.sv:53$1935 ($and).
Removed top 1 bits (of 16) from port B of cell tt_um_danieltyukov_int8_npu.$flatten\u_core.\u_array.\g_row[2].g_col[0].u_pe.\u_mul.\g_bw.g_wallace.u_tree.\genblk1.g_reduce.u_next.\genblk1.g_reduce.u_next.\genblk1.g_reduce.u_next.$and$/home/danieltyukov/workspace/personal/tt-ihp-int8-npu/src/npu_csa_reduce.sv:53$1935 ($and).
Removed top 6 bits (of 16) from port A of cell tt_um_danieltyukov_int8_npu.$flatten\u_core.\u_array.\g_row[2].g_col[0].u_pe.\u_mul.\g_bw.g_wallace.u_tree.\genblk1.g_reduce.u_next.$xor$/home/danieltyukov/workspace/personal/tt-ihp-int8-npu/src/npu_csa_reduce.sv:49$2066 ($xor).
Removed top 1 bits (of 2) from port A of cell tt_um_danieltyukov_int8_npu.$auto$opt_expr.cc:706:replace_const_cells$3036 ($not).
Removed top 4 bits (of 16) from port A of cell tt_um_danieltyukov_int8_npu.$flatten\u_core.\u_array.\g_row[2].g_col[0].u_pe.\u_mul.\g_bw.g_wallace.u_tree.$xor$/home/danieltyukov/workspace/personal/tt-ihp-int8-npu/src/npu_csa_reduce.sv:49$1948 ($xor).
Removed top 3 bits (of 16) from port Y of cell tt_um_danieltyukov_int8_npu.$flatten\u_core.\u_array.\g_row[2].g_col[0].u_pe.\u_mul.\g_bw.g_wallace.u_tree.$xor$/home/danieltyukov/workspace/personal/tt-ihp-int8-npu/src/npu_csa_reduce.sv:49$1948 ($xor).
Removed top 5 bits (of 15) from port B of cell tt_um_danieltyukov_int8_npu.$flatten\u_core.\u_array.\g_row[2].g_col[0].u_pe.\u_mul.\g_bw.g_wallace.u_tree.$or$/home/danieltyukov/workspace/personal/tt-ihp-int8-npu/src/npu_csa_reduce.sv:53$1946 ($or).
Removed top 6 bits (of 16) from port A of cell tt_um_danieltyukov_int8_npu.$flatten\u_core.\u_array.\g_row[2].g_col[1].u_pe.\u_mul.\g_bw.g_wallace.u_tree.\genblk1.g_reduce.u_next.$and$/home/danieltyukov/workspace/personal/tt-ihp-int8-npu/src/npu_csa_reduce.sv:53$2068 ($and).
Removed top 1 bits (of 16) from port Y of cell tt_um_danieltyukov_int8_npu.$flatten\u_core.\u_array.\g_row[2].g_col[1].u_pe.\u_mul.\g_bw.g_wallace.u_tree.\genblk1.g_reduce.u_next.$and$/home/danieltyukov/workspace/personal/tt-ihp-int8-npu/src/npu_csa_reduce.sv:53$2068 ($and).
Removed top 1 bits (of 16) from port B of cell tt_um_danieltyukov_int8_npu.$flatten\u_core.\u_array.\g_row[2].g_col[1].u_pe.\u_mul.\g_bw.g_wallace.u_tree.\genblk1.g_reduce.u_next.$and$/home/danieltyukov/workspace/personal/tt-ihp-int8-npu/src/npu_csa_reduce.sv:53$2068 ($and).
Removed top 6 bits (of 16) from port A of cell tt_um_danieltyukov_int8_npu.$flatten\u_core.\u_array.\g_row[2].g_col[1].u_pe.\u_mul.\g_bw.g_wallace.u_tree.\genblk1.g_reduce.u_next.$and$/home/danieltyukov/workspace/personal/tt-ihp-int8-npu/src/npu_csa_reduce.sv:53$2069 ($and).
Removed top 1 bits (of 16) from port Y of cell tt_um_danieltyukov_int8_npu.$flatten\u_core.\u_array.\g_row[2].g_col[1].u_pe.\u_mul.\g_bw.g_wallace.u_tree.\genblk1.g_reduce.u_next.$and$/home/danieltyukov/workspace/personal/tt-ihp-int8-npu/src/npu_csa_reduce.sv:53$2069 ($and).
Removed top 1 bits (of 16) from port B of cell tt_um_danieltyukov_int8_npu.$flatten\u_core.\u_array.\g_row[2].g_col[1].u_pe.\u_mul.\g_bw.g_wallace.u_tree.\genblk1.g_reduce.u_next.$and$/home/danieltyukov/workspace/personal/tt-ihp-int8-npu/src/npu_csa_reduce.sv:53$2069 ($and).
Removed top 1 bits (of 16) from port Y of cell tt_um_danieltyukov_int8_npu.$flatten\u_core.\u_array.\g_row[2].g_col[1].u_pe.\u_mul.\g_bw.g_wallace.u_tree.\genblk1.g_reduce.u_next.$and$/home/danieltyukov/workspace/personal/tt-ihp-int8-npu/src/npu_csa_reduce.sv:53$2075 ($and).
Removed top 1 bits (of 16) from port A of cell tt_um_danieltyukov_int8_npu.$flatten\u_core.\u_array.\g_row[2].g_col[1].u_pe.\u_mul.\g_bw.g_wallace.u_tree.\genblk1.g_reduce.u_next.$and$/home/danieltyukov/workspace/personal/tt-ihp-int8-npu/src/npu_csa_reduce.sv:53$2075 ($and).
Removed top 1 bits (of 16) from port B of cell tt_um_danieltyukov_int8_npu.$flatten\u_core.\u_array.\g_row[2].g_col[1].u_pe.\u_mul.\g_bw.g_wallace.u_tree.\genblk1.g_reduce.u_next.$and$/home/danieltyukov/workspace/personal/tt-ihp-int8-npu/src/npu_csa_reduce.sv:53$2075 ($and).
Removed top 1 bits (of 16) from port Y of cell tt_um_danieltyukov_int8_npu.$flatten\u_core.\u_array.\g_row[2].g_col[1].u_pe.\u_mul.\g_bw.g_wallace.u_tree.\genblk1.g_reduce.u_next.$and$/home/danieltyukov/workspace/personal/tt-ihp-int8-npu/src/npu_csa_reduce.sv:53$2076 ($and).
Removed top 1 bits (of 16) from port A of cell tt_um_danieltyukov_int8_npu.$flatten\u_core.\u_array.\g_row[2].g_col[1].u_pe.\u_mul.\g_bw.g_wallace.u_tree.\genblk1.g_reduce.u_next.$and$/home/danieltyukov/workspace/personal/tt-ihp-int8-npu/src/npu_csa_reduce.sv:53$2076 ($and).
Removed top 1 bits (of 16) from port B of cell tt_um_danieltyukov_int8_npu.$flatten\u_core.\u_array.\g_row[2].g_col[1].u_pe.\u_mul.\g_bw.g_wallace.u_tree.\genblk1.g_reduce.u_next.$and$/home/danieltyukov/workspace/personal/tt-ihp-int8-npu/src/npu_csa_reduce.sv:53$2076 ($and).
Removed top 1 bits (of 16) from port Y of cell tt_um_danieltyukov_int8_npu.$flatten\u_core.\u_array.\g_row[2].g_col[1].u_pe.\u_mul.\g_bw.g_wallace.u_tree.\genblk1.g_reduce.u_next.\genblk1.g_reduce.u_next.\genblk1.g_reduce.u_next.$and$/home/danieltyukov/workspace/personal/tt-ihp-int8-npu/src/npu_csa_reduce.sv:53$1934 ($and).
Removed top 1 bits (of 16) from port A of cell tt_um_danieltyukov_int8_npu.$flatten\u_core.\u_array.\g_row[2].g_col[1].u_pe.\u_mul.\g_bw.g_wallace.u_tree.\genblk1.g_reduce.u_next.\genblk1.g_reduce.u_next.\genblk1.g_reduce.u_next.$and$/home/danieltyukov/workspace/personal/tt-ihp-int8-npu/src/npu_csa_reduce.sv:53$1934 ($and).
Removed top 1 bits (of 16) from port B of cell tt_um_danieltyukov_int8_npu.$flatten\u_core.\u_array.\g_row[2].g_col[1].u_pe.\u_mul.\g_bw.g_wallace.u_tree.\genblk1.g_reduce.u_next.\genblk1.g_reduce.u_next.\genblk1.g_reduce.u_next.$and$/home/danieltyukov/workspace/personal/tt-ihp-int8-npu/src/npu_csa_reduce.sv:53$1934 ($and).
Removed top 1 bits (of 16) from port Y of cell tt_um_danieltyukov_int8_npu.$flatten\u_core.\u_array.\g_row[2].g_col[1].u_pe.\u_mul.\g_bw.g_wallace.u_tree.\genblk1.g_reduce.u_next.\genblk1.g_reduce.u_next.\genblk1.g_reduce.u_next.$and$/home/danieltyukov/workspace/personal/tt-ihp-int8-npu/src/npu_csa_reduce.sv:53$1935 ($and).
Removed top 1 bits (of 16) from port A of cell tt_um_danieltyukov_int8_npu.$flatten\u_core.\u_array.\g_row[2].g_col[1].u_pe.\u_mul.\g_bw.g_wallace.u_tree.\genblk1.g_reduce.u_next.\genblk1.g_reduce.u_next.\genblk1.g_reduce.u_next.$and$/home/danieltyukov/workspace/personal/tt-ihp-int8-npu/src/npu_csa_reduce.sv:53$1935 ($and).
Removed top 1 bits (of 16) from port B of cell tt_um_danieltyukov_int8_npu.$flatten\u_core.\u_array.\g_row[2].g_col[1].u_pe.\u_mul.\g_bw.g_wallace.u_tree.\genblk1.g_reduce.u_next.\genblk1.g_reduce.u_next.\genblk1.g_reduce.u_next.$and$/home/danieltyukov/workspace/personal/tt-ihp-int8-npu/src/npu_csa_reduce.sv:53$1935 ($and).
Removed top 6 bits (of 16) from port A of cell tt_um_danieltyukov_int8_npu.$flatten\u_core.\u_array.\g_row[2].g_col[1].u_pe.\u_mul.\g_bw.g_wallace.u_tree.\genblk1.g_reduce.u_next.$xor$/home/danieltyukov/workspace/personal/tt-ihp-int8-npu/src/npu_csa_reduce.sv:49$2066 ($xor).
Removed top 1 bits (of 2) from port A of cell tt_um_danieltyukov_int8_npu.$auto$opt_expr.cc:706:replace_const_cells$3038 ($not).
Removed top 4 bits (of 16) from port A of cell tt_um_danieltyukov_int8_npu.$flatten\u_core.\u_array.\g_row[2].g_col[1].u_pe.\u_mul.\g_bw.g_wallace.u_tree.$xor$/home/danieltyukov/workspace/personal/tt-ihp-int8-npu/src/npu_csa_reduce.sv:49$1948 ($xor).
Removed top 3 bits (of 16) from port Y of cell tt_um_danieltyukov_int8_npu.$flatten\u_core.\u_array.\g_row[2].g_col[1].u_pe.\u_mul.\g_bw.g_wallace.u_tree.$xor$/home/danieltyukov/workspace/personal/tt-ihp-int8-npu/src/npu_csa_reduce.sv:49$1948 ($xor).
Removed top 5 bits (of 15) from port B of cell tt_um_danieltyukov_int8_npu.$flatten\u_core.\u_array.\g_row[2].g_col[1].u_pe.\u_mul.\g_bw.g_wallace.u_tree.$or$/home/danieltyukov/workspace/personal/tt-ihp-int8-npu/src/npu_csa_reduce.sv:53$1946 ($or).
Removed top 6 bits (of 16) from port A of cell tt_um_danieltyukov_int8_npu.$flatten\u_core.\u_array.\g_row[2].g_col[2].u_pe.\u_mul.\g_bw.g_wallace.u_tree.\genblk1.g_reduce.u_next.$and$/home/danieltyukov/workspace/personal/tt-ihp-int8-npu/src/npu_csa_reduce.sv:53$2068 ($and).
Removed top 1 bits (of 16) from port Y of cell tt_um_danieltyukov_int8_npu.$flatten\u_core.\u_array.\g_row[2].g_col[2].u_pe.\u_mul.\g_bw.g_wallace.u_tree.\genblk1.g_reduce.u_next.$and$/home/danieltyukov/workspace/personal/tt-ihp-int8-npu/src/npu_csa_reduce.sv:53$2068 ($and).
Removed top 1 bits (of 16) from port B of cell tt_um_danieltyukov_int8_npu.$flatten\u_core.\u_array.\g_row[2].g_col[2].u_pe.\u_mul.\g_bw.g_wallace.u_tree.\genblk1.g_reduce.u_next.$and$/home/danieltyukov/workspace/personal/tt-ihp-int8-npu/src/npu_csa_reduce.sv:53$2068 ($and).
Removed top 6 bits (of 16) from port A of cell tt_um_danieltyukov_int8_npu.$flatten\u_core.\u_array.\g_row[2].g_col[2].u_pe.\u_mul.\g_bw.g_wallace.u_tree.\genblk1.g_reduce.u_next.$and$/home/danieltyukov/workspace/personal/tt-ihp-int8-npu/src/npu_csa_reduce.sv:53$2069 ($and).
Removed top 1 bits (of 16) from port Y of cell tt_um_danieltyukov_int8_npu.$flatten\u_core.\u_array.\g_row[2].g_col[2].u_pe.\u_mul.\g_bw.g_wallace.u_tree.\genblk1.g_reduce.u_next.$and$/home/danieltyukov/workspace/personal/tt-ihp-int8-npu/src/npu_csa_reduce.sv:53$2069 ($and).
Removed top 1 bits (of 16) from port B of cell tt_um_danieltyukov_int8_npu.$flatten\u_core.\u_array.\g_row[2].g_col[2].u_pe.\u_mul.\g_bw.g_wallace.u_tree.\genblk1.g_reduce.u_next.$and$/home/danieltyukov/workspace/personal/tt-ihp-int8-npu/src/npu_csa_reduce.sv:53$2069 ($and).
Removed top 1 bits (of 16) from port Y of cell tt_um_danieltyukov_int8_npu.$flatten\u_core.\u_array.\g_row[2].g_col[2].u_pe.\u_mul.\g_bw.g_wallace.u_tree.\genblk1.g_reduce.u_next.$and$/home/danieltyukov/workspace/personal/tt-ihp-int8-npu/src/npu_csa_reduce.sv:53$2075 ($and).
Removed top 1 bits (of 16) from port A of cell tt_um_danieltyukov_int8_npu.$flatten\u_core.\u_array.\g_row[2].g_col[2].u_pe.\u_mul.\g_bw.g_wallace.u_tree.\genblk1.g_reduce.u_next.$and$/home/danieltyukov/workspace/personal/tt-ihp-int8-npu/src/npu_csa_reduce.sv:53$2075 ($and).
Removed top 1 bits (of 16) from port B of cell tt_um_danieltyukov_int8_npu.$flatten\u_core.\u_array.\g_row[2].g_col[2].u_pe.\u_mul.\g_bw.g_wallace.u_tree.\genblk1.g_reduce.u_next.$and$/home/danieltyukov/workspace/personal/tt-ihp-int8-npu/src/npu_csa_reduce.sv:53$2075 ($and).
Removed top 1 bits (of 16) from port Y of cell tt_um_danieltyukov_int8_npu.$flatten\u_core.\u_array.\g_row[2].g_col[2].u_pe.\u_mul.\g_bw.g_wallace.u_tree.\genblk1.g_reduce.u_next.$and$/home/danieltyukov/workspace/personal/tt-ihp-int8-npu/src/npu_csa_reduce.sv:53$2076 ($and).
Removed top 1 bits (of 16) from port A of cell tt_um_danieltyukov_int8_npu.$flatten\u_core.\u_array.\g_row[2].g_col[2].u_pe.\u_mul.\g_bw.g_wallace.u_tree.\genblk1.g_reduce.u_next.$and$/home/danieltyukov/workspace/personal/tt-ihp-int8-npu/src/npu_csa_reduce.sv:53$2076 ($and).
Removed top 1 bits (of 16) from port B of cell tt_um_danieltyukov_int8_npu.$flatten\u_core.\u_array.\g_row[2].g_col[2].u_pe.\u_mul.\g_bw.g_wallace.u_tree.\genblk1.g_reduce.u_next.$and$/home/danieltyukov/workspace/personal/tt-ihp-int8-npu/src/npu_csa_reduce.sv:53$2076 ($and).
Removed top 1 bits (of 16) from port Y of cell tt_um_danieltyukov_int8_npu.$flatten\u_core.\u_array.\g_row[2].g_col[2].u_pe.\u_mul.\g_bw.g_wallace.u_tree.\genblk1.g_reduce.u_next.\genblk1.g_reduce.u_next.\genblk1.g_reduce.u_next.$and$/home/danieltyukov/workspace/personal/tt-ihp-int8-npu/src/npu_csa_reduce.sv:53$1934 ($and).
Removed top 1 bits (of 16) from port A of cell tt_um_danieltyukov_int8_npu.$flatten\u_core.\u_array.\g_row[2].g_col[2].u_pe.\u_mul.\g_bw.g_wallace.u_tree.\genblk1.g_reduce.u_next.\genblk1.g_reduce.u_next.\genblk1.g_reduce.u_next.$and$/home/danieltyukov/workspace/personal/tt-ihp-int8-npu/src/npu_csa_reduce.sv:53$1934 ($and).
Removed top 1 bits (of 16) from port B of cell tt_um_danieltyukov_int8_npu.$flatten\u_core.\u_array.\g_row[2].g_col[2].u_pe.\u_mul.\g_bw.g_wallace.u_tree.\genblk1.g_reduce.u_next.\genblk1.g_reduce.u_next.\genblk1.g_reduce.u_next.$and$/home/danieltyukov/workspace/personal/tt-ihp-int8-npu/src/npu_csa_reduce.sv:53$1934 ($and).
Removed top 1 bits (of 16) from port Y of cell tt_um_danieltyukov_int8_npu.$flatten\u_core.\u_array.\g_row[2].g_col[2].u_pe.\u_mul.\g_bw.g_wallace.u_tree.\genblk1.g_reduce.u_next.\genblk1.g_reduce.u_next.\genblk1.g_reduce.u_next.$and$/home/danieltyukov/workspace/personal/tt-ihp-int8-npu/src/npu_csa_reduce.sv:53$1935 ($and).
Removed top 1 bits (of 16) from port A of cell tt_um_danieltyukov_int8_npu.$flatten\u_core.\u_array.\g_row[2].g_col[2].u_pe.\u_mul.\g_bw.g_wallace.u_tree.\genblk1.g_reduce.u_next.\genblk1.g_reduce.u_next.\genblk1.g_reduce.u_next.$and$/home/danieltyukov/workspace/personal/tt-ihp-int8-npu/src/npu_csa_reduce.sv:53$1935 ($and).
Removed top 1 bits (of 16) from port B of cell tt_um_danieltyukov_int8_npu.$flatten\u_core.\u_array.\g_row[2].g_col[2].u_pe.\u_mul.\g_bw.g_wallace.u_tree.\genblk1.g_reduce.u_next.\genblk1.g_reduce.u_next.\genblk1.g_reduce.u_next.$and$/home/danieltyukov/workspace/personal/tt-ihp-int8-npu/src/npu_csa_reduce.sv:53$1935 ($and).
Removed top 6 bits (of 16) from port A of cell tt_um_danieltyukov_int8_npu.$flatten\u_core.\u_array.\g_row[2].g_col[2].u_pe.\u_mul.\g_bw.g_wallace.u_tree.\genblk1.g_reduce.u_next.$xor$/home/danieltyukov/workspace/personal/tt-ihp-int8-npu/src/npu_csa_reduce.sv:49$2066 ($xor).
Removed top 1 bits (of 2) from port A of cell tt_um_danieltyukov_int8_npu.$auto$opt_expr.cc:706:replace_const_cells$3040 ($not).
Removed top 4 bits (of 16) from port A of cell tt_um_danieltyukov_int8_npu.$flatten\u_core.\u_array.\g_row[2].g_col[2].u_pe.\u_mul.\g_bw.g_wallace.u_tree.$xor$/home/danieltyukov/workspace/personal/tt-ihp-int8-npu/src/npu_csa_reduce.sv:49$1948 ($xor).
Removed top 3 bits (of 16) from port Y of cell tt_um_danieltyukov_int8_npu.$flatten\u_core.\u_array.\g_row[2].g_col[2].u_pe.\u_mul.\g_bw.g_wallace.u_tree.$xor$/home/danieltyukov/workspace/personal/tt-ihp-int8-npu/src/npu_csa_reduce.sv:49$1948 ($xor).
Removed top 5 bits (of 15) from port B of cell tt_um_danieltyukov_int8_npu.$flatten\u_core.\u_array.\g_row[2].g_col[2].u_pe.\u_mul.\g_bw.g_wallace.u_tree.$or$/home/danieltyukov/workspace/personal/tt-ihp-int8-npu/src/npu_csa_reduce.sv:53$1946 ($or).
Removed top 6 bits (of 16) from port A of cell tt_um_danieltyukov_int8_npu.$flatten\u_core.\u_array.\g_row[2].g_col[3].u_pe.\u_mul.\g_bw.g_wallace.u_tree.\genblk1.g_reduce.u_next.$and$/home/danieltyukov/workspace/personal/tt-ihp-int8-npu/src/npu_csa_reduce.sv:53$2068 ($and).
Removed top 1 bits (of 16) from port Y of cell tt_um_danieltyukov_int8_npu.$flatten\u_core.\u_array.\g_row[2].g_col[3].u_pe.\u_mul.\g_bw.g_wallace.u_tree.\genblk1.g_reduce.u_next.$and$/home/danieltyukov/workspace/personal/tt-ihp-int8-npu/src/npu_csa_reduce.sv:53$2068 ($and).
Removed top 1 bits (of 16) from port B of cell tt_um_danieltyukov_int8_npu.$flatten\u_core.\u_array.\g_row[2].g_col[3].u_pe.\u_mul.\g_bw.g_wallace.u_tree.\genblk1.g_reduce.u_next.$and$/home/danieltyukov/workspace/personal/tt-ihp-int8-npu/src/npu_csa_reduce.sv:53$2068 ($and).
Removed top 6 bits (of 16) from port A of cell tt_um_danieltyukov_int8_npu.$flatten\u_core.\u_array.\g_row[2].g_col[3].u_pe.\u_mul.\g_bw.g_wallace.u_tree.\genblk1.g_reduce.u_next.$and$/home/danieltyukov/workspace/personal/tt-ihp-int8-npu/src/npu_csa_reduce.sv:53$2069 ($and).
Removed top 1 bits (of 16) from port Y of cell tt_um_danieltyukov_int8_npu.$flatten\u_core.\u_array.\g_row[2].g_col[3].u_pe.\u_mul.\g_bw.g_wallace.u_tree.\genblk1.g_reduce.u_next.$and$/home/danieltyukov/workspace/personal/tt-ihp-int8-npu/src/npu_csa_reduce.sv:53$2069 ($and).
Removed top 1 bits (of 16) from port B of cell tt_um_danieltyukov_int8_npu.$flatten\u_core.\u_array.\g_row[2].g_col[3].u_pe.\u_mul.\g_bw.g_wallace.u_tree.\genblk1.g_reduce.u_next.$and$/home/danieltyukov/workspace/personal/tt-ihp-int8-npu/src/npu_csa_reduce.sv:53$2069 ($and).
Removed top 1 bits (of 16) from port Y of cell tt_um_danieltyukov_int8_npu.$flatten\u_core.\u_array.\g_row[2].g_col[3].u_pe.\u_mul.\g_bw.g_wallace.u_tree.\genblk1.g_reduce.u_next.$and$/home/danieltyukov/workspace/personal/tt-ihp-int8-npu/src/npu_csa_reduce.sv:53$2075 ($and).
Removed top 1 bits (of 16) from port A of cell tt_um_danieltyukov_int8_npu.$flatten\u_core.\u_array.\g_row[2].g_col[3].u_pe.\u_mul.\g_bw.g_wallace.u_tree.\genblk1.g_reduce.u_next.$and$/home/danieltyukov/workspace/personal/tt-ihp-int8-npu/src/npu_csa_reduce.sv:53$2075 ($and).
Removed top 1 bits (of 16) from port B of cell tt_um_danieltyukov_int8_npu.$flatten\u_core.\u_array.\g_row[2].g_col[3].u_pe.\u_mul.\g_bw.g_wallace.u_tree.\genblk1.g_reduce.u_next.$and$/home/danieltyukov/workspace/personal/tt-ihp-int8-npu/src/npu_csa_reduce.sv:53$2075 ($and).
Removed top 1 bits (of 16) from port Y of cell tt_um_danieltyukov_int8_npu.$flatten\u_core.\u_array.\g_row[2].g_col[3].u_pe.\u_mul.\g_bw.g_wallace.u_tree.\genblk1.g_reduce.u_next.$and$/home/danieltyukov/workspace/personal/tt-ihp-int8-npu/src/npu_csa_reduce.sv:53$2076 ($and).
Removed top 1 bits (of 16) from port A of cell tt_um_danieltyukov_int8_npu.$flatten\u_core.\u_array.\g_row[2].g_col[3].u_pe.\u_mul.\g_bw.g_wallace.u_tree.\genblk1.g_reduce.u_next.$and$/home/danieltyukov/workspace/personal/tt-ihp-int8-npu/src/npu_csa_reduce.sv:53$2076 ($and).
Removed top 1 bits (of 16) from port B of cell tt_um_danieltyukov_int8_npu.$flatten\u_core.\u_array.\g_row[2].g_col[3].u_pe.\u_mul.\g_bw.g_wallace.u_tree.\genblk1.g_reduce.u_next.$and$/home/danieltyukov/workspace/personal/tt-ihp-int8-npu/src/npu_csa_reduce.sv:53$2076 ($and).
Removed top 1 bits (of 16) from port Y of cell tt_um_danieltyukov_int8_npu.$flatten\u_core.\u_array.\g_row[2].g_col[3].u_pe.\u_mul.\g_bw.g_wallace.u_tree.\genblk1.g_reduce.u_next.\genblk1.g_reduce.u_next.\genblk1.g_reduce.u_next.$and$/home/danieltyukov/workspace/personal/tt-ihp-int8-npu/src/npu_csa_reduce.sv:53$1934 ($and).
Removed top 1 bits (of 16) from port A of cell tt_um_danieltyukov_int8_npu.$flatten\u_core.\u_array.\g_row[2].g_col[3].u_pe.\u_mul.\g_bw.g_wallace.u_tree.\genblk1.g_reduce.u_next.\genblk1.g_reduce.u_next.\genblk1.g_reduce.u_next.$and$/home/danieltyukov/workspace/personal/tt-ihp-int8-npu/src/npu_csa_reduce.sv:53$1934 ($and).
Removed top 1 bits (of 16) from port B of cell tt_um_danieltyukov_int8_npu.$flatten\u_core.\u_array.\g_row[2].g_col[3].u_pe.\u_mul.\g_bw.g_wallace.u_tree.\genblk1.g_reduce.u_next.\genblk1.g_reduce.u_next.\genblk1.g_reduce.u_next.$and$/home/danieltyukov/workspace/personal/tt-ihp-int8-npu/src/npu_csa_reduce.sv:53$1934 ($and).
Removed top 1 bits (of 16) from port Y of cell tt_um_danieltyukov_int8_npu.$flatten\u_core.\u_array.\g_row[2].g_col[3].u_pe.\u_mul.\g_bw.g_wallace.u_tree.\genblk1.g_reduce.u_next.\genblk1.g_reduce.u_next.\genblk1.g_reduce.u_next.$and$/home/danieltyukov/workspace/personal/tt-ihp-int8-npu/src/npu_csa_reduce.sv:53$1935 ($and).
Removed top 1 bits (of 16) from port A of cell tt_um_danieltyukov_int8_npu.$flatten\u_core.\u_array.\g_row[2].g_col[3].u_pe.\u_mul.\g_bw.g_wallace.u_tree.\genblk1.g_reduce.u_next.\genblk1.g_reduce.u_next.\genblk1.g_reduce.u_next.$and$/home/danieltyukov/workspace/personal/tt-ihp-int8-npu/src/npu_csa_reduce.sv:53$1935 ($and).
Removed top 1 bits (of 16) from port B of cell tt_um_danieltyukov_int8_npu.$flatten\u_core.\u_array.\g_row[2].g_col[3].u_pe.\u_mul.\g_bw.g_wallace.u_tree.\genblk1.g_reduce.u_next.\genblk1.g_reduce.u_next.\genblk1.g_reduce.u_next.$and$/home/danieltyukov/workspace/personal/tt-ihp-int8-npu/src/npu_csa_reduce.sv:53$1935 ($and).
Removed top 6 bits (of 16) from port A of cell tt_um_danieltyukov_int8_npu.$flatten\u_core.\u_array.\g_row[2].g_col[3].u_pe.\u_mul.\g_bw.g_wallace.u_tree.\genblk1.g_reduce.u_next.$xor$/home/danieltyukov/workspace/personal/tt-ihp-int8-npu/src/npu_csa_reduce.sv:49$2066 ($xor).
Removed top 1 bits (of 2) from port A of cell tt_um_danieltyukov_int8_npu.$auto$opt_expr.cc:706:replace_const_cells$3042 ($not).
Removed top 4 bits (of 16) from port A of cell tt_um_danieltyukov_int8_npu.$flatten\u_core.\u_array.\g_row[2].g_col[3].u_pe.\u_mul.\g_bw.g_wallace.u_tree.$xor$/home/danieltyukov/workspace/personal/tt-ihp-int8-npu/src/npu_csa_reduce.sv:49$1948 ($xor).
Removed top 3 bits (of 16) from port Y of cell tt_um_danieltyukov_int8_npu.$flatten\u_core.\u_array.\g_row[2].g_col[3].u_pe.\u_mul.\g_bw.g_wallace.u_tree.$xor$/home/danieltyukov/workspace/personal/tt-ihp-int8-npu/src/npu_csa_reduce.sv:49$1948 ($xor).
Removed top 5 bits (of 15) from port B of cell tt_um_danieltyukov_int8_npu.$flatten\u_core.\u_array.\g_row[2].g_col[3].u_pe.\u_mul.\g_bw.g_wallace.u_tree.$or$/home/danieltyukov/workspace/personal/tt-ihp-int8-npu/src/npu_csa_reduce.sv:53$1946 ($or).
Removed top 6 bits (of 16) from port A of cell tt_um_danieltyukov_int8_npu.$flatten\u_core.\u_array.\g_row[3].g_col[0].u_pe.\u_mul.\g_bw.g_wallace.u_tree.\genblk1.g_reduce.u_next.$and$/home/danieltyukov/workspace/personal/tt-ihp-int8-npu/src/npu_csa_reduce.sv:53$2068 ($and).
Removed top 1 bits (of 16) from port Y of cell tt_um_danieltyukov_int8_npu.$flatten\u_core.\u_array.\g_row[3].g_col[0].u_pe.\u_mul.\g_bw.g_wallace.u_tree.\genblk1.g_reduce.u_next.$and$/home/danieltyukov/workspace/personal/tt-ihp-int8-npu/src/npu_csa_reduce.sv:53$2068 ($and).
Removed top 1 bits (of 16) from port B of cell tt_um_danieltyukov_int8_npu.$flatten\u_core.\u_array.\g_row[3].g_col[0].u_pe.\u_mul.\g_bw.g_wallace.u_tree.\genblk1.g_reduce.u_next.$and$/home/danieltyukov/workspace/personal/tt-ihp-int8-npu/src/npu_csa_reduce.sv:53$2068 ($and).
Removed top 6 bits (of 16) from port A of cell tt_um_danieltyukov_int8_npu.$flatten\u_core.\u_array.\g_row[3].g_col[0].u_pe.\u_mul.\g_bw.g_wallace.u_tree.\genblk1.g_reduce.u_next.$and$/home/danieltyukov/workspace/personal/tt-ihp-int8-npu/src/npu_csa_reduce.sv:53$2069 ($and).
Removed top 1 bits (of 16) from port Y of cell tt_um_danieltyukov_int8_npu.$flatten\u_core.\u_array.\g_row[3].g_col[0].u_pe.\u_mul.\g_bw.g_wallace.u_tree.\genblk1.g_reduce.u_next.$and$/home/danieltyukov/workspace/personal/tt-ihp-int8-npu/src/npu_csa_reduce.sv:53$2069 ($and).
Removed top 1 bits (of 16) from port B of cell tt_um_danieltyukov_int8_npu.$flatten\u_core.\u_array.\g_row[3].g_col[0].u_pe.\u_mul.\g_bw.g_wallace.u_tree.\genblk1.g_reduce.u_next.$and$/home/danieltyukov/workspace/personal/tt-ihp-int8-npu/src/npu_csa_reduce.sv:53$2069 ($and).
Removed top 1 bits (of 16) from port Y of cell tt_um_danieltyukov_int8_npu.$flatten\u_core.\u_array.\g_row[3].g_col[0].u_pe.\u_mul.\g_bw.g_wallace.u_tree.\genblk1.g_reduce.u_next.$and$/home/danieltyukov/workspace/personal/tt-ihp-int8-npu/src/npu_csa_reduce.sv:53$2075 ($and).
Removed top 1 bits (of 16) from port A of cell tt_um_danieltyukov_int8_npu.$flatten\u_core.\u_array.\g_row[3].g_col[0].u_pe.\u_mul.\g_bw.g_wallace.u_tree.\genblk1.g_reduce.u_next.$and$/home/danieltyukov/workspace/personal/tt-ihp-int8-npu/src/npu_csa_reduce.sv:53$2075 ($and).
Removed top 1 bits (of 16) from port B of cell tt_um_danieltyukov_int8_npu.$flatten\u_core.\u_array.\g_row[3].g_col[0].u_pe.\u_mul.\g_bw.g_wallace.u_tree.\genblk1.g_reduce.u_next.$and$/home/danieltyukov/workspace/personal/tt-ihp-int8-npu/src/npu_csa_reduce.sv:53$2075 ($and).
Removed top 1 bits (of 16) from port Y of cell tt_um_danieltyukov_int8_npu.$flatten\u_core.\u_array.\g_row[3].g_col[0].u_pe.\u_mul.\g_bw.g_wallace.u_tree.\genblk1.g_reduce.u_next.$and$/home/danieltyukov/workspace/personal/tt-ihp-int8-npu/src/npu_csa_reduce.sv:53$2076 ($and).
Removed top 1 bits (of 16) from port A of cell tt_um_danieltyukov_int8_npu.$flatten\u_core.\u_array.\g_row[3].g_col[0].u_pe.\u_mul.\g_bw.g_wallace.u_tree.\genblk1.g_reduce.u_next.$and$/home/danieltyukov/workspace/personal/tt-ihp-int8-npu/src/npu_csa_reduce.sv:53$2076 ($and).
Removed top 1 bits (of 16) from port B of cell tt_um_danieltyukov_int8_npu.$flatten\u_core.\u_array.\g_row[3].g_col[0].u_pe.\u_mul.\g_bw.g_wallace.u_tree.\genblk1.g_reduce.u_next.$and$/home/danieltyukov/workspace/personal/tt-ihp-int8-npu/src/npu_csa_reduce.sv:53$2076 ($and).
Removed top 1 bits (of 16) from port Y of cell tt_um_danieltyukov_int8_npu.$flatten\u_core.\u_array.\g_row[3].g_col[0].u_pe.\u_mul.\g_bw.g_wallace.u_tree.\genblk1.g_reduce.u_next.\genblk1.g_reduce.u_next.\genblk1.g_reduce.u_next.$and$/home/danieltyukov/workspace/personal/tt-ihp-int8-npu/src/npu_csa_reduce.sv:53$1934 ($and).
Removed top 1 bits (of 16) from port A of cell tt_um_danieltyukov_int8_npu.$flatten\u_core.\u_array.\g_row[3].g_col[0].u_pe.\u_mul.\g_bw.g_wallace.u_tree.\genblk1.g_reduce.u_next.\genblk1.g_reduce.u_next.\genblk1.g_reduce.u_next.$and$/home/danieltyukov/workspace/personal/tt-ihp-int8-npu/src/npu_csa_reduce.sv:53$1934 ($and).
Removed top 1 bits (of 16) from port B of cell tt_um_danieltyukov_int8_npu.$flatten\u_core.\u_array.\g_row[3].g_col[0].u_pe.\u_mul.\g_bw.g_wallace.u_tree.\genblk1.g_reduce.u_next.\genblk1.g_reduce.u_next.\genblk1.g_reduce.u_next.$and$/home/danieltyukov/workspace/personal/tt-ihp-int8-npu/src/npu_csa_reduce.sv:53$1934 ($and).
Removed top 1 bits (of 16) from port Y of cell tt_um_danieltyukov_int8_npu.$flatten\u_core.\u_array.\g_row[3].g_col[0].u_pe.\u_mul.\g_bw.g_wallace.u_tree.\genblk1.g_reduce.u_next.\genblk1.g_reduce.u_next.\genblk1.g_reduce.u_next.$and$/home/danieltyukov/workspace/personal/tt-ihp-int8-npu/src/npu_csa_reduce.sv:53$1935 ($and).
Removed top 1 bits (of 16) from port A of cell tt_um_danieltyukov_int8_npu.$flatten\u_core.\u_array.\g_row[3].g_col[0].u_pe.\u_mul.\g_bw.g_wallace.u_tree.\genblk1.g_reduce.u_next.\genblk1.g_reduce.u_next.\genblk1.g_reduce.u_next.$and$/home/danieltyukov/workspace/personal/tt-ihp-int8-npu/src/npu_csa_reduce.sv:53$1935 ($and).
Removed top 1 bits (of 16) from port B of cell tt_um_danieltyukov_int8_npu.$flatten\u_core.\u_array.\g_row[3].g_col[0].u_pe.\u_mul.\g_bw.g_wallace.u_tree.\genblk1.g_reduce.u_next.\genblk1.g_reduce.u_next.\genblk1.g_reduce.u_next.$and$/home/danieltyukov/workspace/personal/tt-ihp-int8-npu/src/npu_csa_reduce.sv:53$1935 ($and).
Removed top 6 bits (of 16) from port A of cell tt_um_danieltyukov_int8_npu.$flatten\u_core.\u_array.\g_row[3].g_col[0].u_pe.\u_mul.\g_bw.g_wallace.u_tree.\genblk1.g_reduce.u_next.$xor$/home/danieltyukov/workspace/personal/tt-ihp-int8-npu/src/npu_csa_reduce.sv:49$2066 ($xor).
Removed top 1 bits (of 2) from port A of cell tt_um_danieltyukov_int8_npu.$auto$opt_expr.cc:706:replace_const_cells$3044 ($not).
Removed top 4 bits (of 16) from port A of cell tt_um_danieltyukov_int8_npu.$flatten\u_core.\u_array.\g_row[3].g_col[0].u_pe.\u_mul.\g_bw.g_wallace.u_tree.$xor$/home/danieltyukov/workspace/personal/tt-ihp-int8-npu/src/npu_csa_reduce.sv:49$1948 ($xor).
Removed top 3 bits (of 16) from port Y of cell tt_um_danieltyukov_int8_npu.$flatten\u_core.\u_array.\g_row[3].g_col[0].u_pe.\u_mul.\g_bw.g_wallace.u_tree.$xor$/home/danieltyukov/workspace/personal/tt-ihp-int8-npu/src/npu_csa_reduce.sv:49$1948 ($xor).
Removed top 5 bits (of 15) from port B of cell tt_um_danieltyukov_int8_npu.$flatten\u_core.\u_array.\g_row[3].g_col[0].u_pe.\u_mul.\g_bw.g_wallace.u_tree.$or$/home/danieltyukov/workspace/personal/tt-ihp-int8-npu/src/npu_csa_reduce.sv:53$1946 ($or).
Removed top 6 bits (of 16) from port A of cell tt_um_danieltyukov_int8_npu.$flatten\u_core.\u_array.\g_row[3].g_col[1].u_pe.\u_mul.\g_bw.g_wallace.u_tree.\genblk1.g_reduce.u_next.$and$/home/danieltyukov/workspace/personal/tt-ihp-int8-npu/src/npu_csa_reduce.sv:53$2068 ($and).
Removed top 1 bits (of 16) from port Y of cell tt_um_danieltyukov_int8_npu.$flatten\u_core.\u_array.\g_row[3].g_col[1].u_pe.\u_mul.\g_bw.g_wallace.u_tree.\genblk1.g_reduce.u_next.$and$/home/danieltyukov/workspace/personal/tt-ihp-int8-npu/src/npu_csa_reduce.sv:53$2068 ($and).
Removed top 1 bits (of 16) from port B of cell tt_um_danieltyukov_int8_npu.$flatten\u_core.\u_array.\g_row[3].g_col[1].u_pe.\u_mul.\g_bw.g_wallace.u_tree.\genblk1.g_reduce.u_next.$and$/home/danieltyukov/workspace/personal/tt-ihp-int8-npu/src/npu_csa_reduce.sv:53$2068 ($and).
Removed top 6 bits (of 16) from port A of cell tt_um_danieltyukov_int8_npu.$flatten\u_core.\u_array.\g_row[3].g_col[1].u_pe.\u_mul.\g_bw.g_wallace.u_tree.\genblk1.g_reduce.u_next.$and$/home/danieltyukov/workspace/personal/tt-ihp-int8-npu/src/npu_csa_reduce.sv:53$2069 ($and).
Removed top 1 bits (of 16) from port Y of cell tt_um_danieltyukov_int8_npu.$flatten\u_core.\u_array.\g_row[3].g_col[1].u_pe.\u_mul.\g_bw.g_wallace.u_tree.\genblk1.g_reduce.u_next.$and$/home/danieltyukov/workspace/personal/tt-ihp-int8-npu/src/npu_csa_reduce.sv:53$2069 ($and).
Removed top 1 bits (of 16) from port B of cell tt_um_danieltyukov_int8_npu.$flatten\u_core.\u_array.\g_row[3].g_col[1].u_pe.\u_mul.\g_bw.g_wallace.u_tree.\genblk1.g_reduce.u_next.$and$/home/danieltyukov/workspace/personal/tt-ihp-int8-npu/src/npu_csa_reduce.sv:53$2069 ($and).
Removed top 1 bits (of 16) from port Y of cell tt_um_danieltyukov_int8_npu.$flatten\u_core.\u_array.\g_row[3].g_col[1].u_pe.\u_mul.\g_bw.g_wallace.u_tree.\genblk1.g_reduce.u_next.$and$/home/danieltyukov/workspace/personal/tt-ihp-int8-npu/src/npu_csa_reduce.sv:53$2075 ($and).
Removed top 1 bits (of 16) from port A of cell tt_um_danieltyukov_int8_npu.$flatten\u_core.\u_array.\g_row[3].g_col[1].u_pe.\u_mul.\g_bw.g_wallace.u_tree.\genblk1.g_reduce.u_next.$and$/home/danieltyukov/workspace/personal/tt-ihp-int8-npu/src/npu_csa_reduce.sv:53$2075 ($and).
Removed top 1 bits (of 16) from port B of cell tt_um_danieltyukov_int8_npu.$flatten\u_core.\u_array.\g_row[3].g_col[1].u_pe.\u_mul.\g_bw.g_wallace.u_tree.\genblk1.g_reduce.u_next.$and$/home/danieltyukov/workspace/personal/tt-ihp-int8-npu/src/npu_csa_reduce.sv:53$2075 ($and).
Removed top 1 bits (of 16) from port Y of cell tt_um_danieltyukov_int8_npu.$flatten\u_core.\u_array.\g_row[3].g_col[1].u_pe.\u_mul.\g_bw.g_wallace.u_tree.\genblk1.g_reduce.u_next.$and$/home/danieltyukov/workspace/personal/tt-ihp-int8-npu/src/npu_csa_reduce.sv:53$2076 ($and).
Removed top 1 bits (of 16) from port A of cell tt_um_danieltyukov_int8_npu.$flatten\u_core.\u_array.\g_row[3].g_col[1].u_pe.\u_mul.\g_bw.g_wallace.u_tree.\genblk1.g_reduce.u_next.$and$/home/danieltyukov/workspace/personal/tt-ihp-int8-npu/src/npu_csa_reduce.sv:53$2076 ($and).
Removed top 1 bits (of 16) from port B of cell tt_um_danieltyukov_int8_npu.$flatten\u_core.\u_array.\g_row[3].g_col[1].u_pe.\u_mul.\g_bw.g_wallace.u_tree.\genblk1.g_reduce.u_next.$and$/home/danieltyukov/workspace/personal/tt-ihp-int8-npu/src/npu_csa_reduce.sv:53$2076 ($and).
Removed top 1 bits (of 16) from port Y of cell tt_um_danieltyukov_int8_npu.$flatten\u_core.\u_array.\g_row[3].g_col[1].u_pe.\u_mul.\g_bw.g_wallace.u_tree.\genblk1.g_reduce.u_next.\genblk1.g_reduce.u_next.\genblk1.g_reduce.u_next.$and$/home/danieltyukov/workspace/personal/tt-ihp-int8-npu/src/npu_csa_reduce.sv:53$1934 ($and).
Removed top 1 bits (of 16) from port A of cell tt_um_danieltyukov_int8_npu.$flatten\u_core.\u_array.\g_row[3].g_col[1].u_pe.\u_mul.\g_bw.g_wallace.u_tree.\genblk1.g_reduce.u_next.\genblk1.g_reduce.u_next.\genblk1.g_reduce.u_next.$and$/home/danieltyukov/workspace/personal/tt-ihp-int8-npu/src/npu_csa_reduce.sv:53$1934 ($and).
Removed top 1 bits (of 16) from port B of cell tt_um_danieltyukov_int8_npu.$flatten\u_core.\u_array.\g_row[3].g_col[1].u_pe.\u_mul.\g_bw.g_wallace.u_tree.\genblk1.g_reduce.u_next.\genblk1.g_reduce.u_next.\genblk1.g_reduce.u_next.$and$/home/danieltyukov/workspace/personal/tt-ihp-int8-npu/src/npu_csa_reduce.sv:53$1934 ($and).
Removed top 1 bits (of 16) from port Y of cell tt_um_danieltyukov_int8_npu.$flatten\u_core.\u_array.\g_row[3].g_col[1].u_pe.\u_mul.\g_bw.g_wallace.u_tree.\genblk1.g_reduce.u_next.\genblk1.g_reduce.u_next.\genblk1.g_reduce.u_next.$and$/home/danieltyukov/workspace/personal/tt-ihp-int8-npu/src/npu_csa_reduce.sv:53$1935 ($and).
Removed top 1 bits (of 16) from port A of cell tt_um_danieltyukov_int8_npu.$flatten\u_core.\u_array.\g_row[3].g_col[1].u_pe.\u_mul.\g_bw.g_wallace.u_tree.\genblk1.g_reduce.u_next.\genblk1.g_reduce.u_next.\genblk1.g_reduce.u_next.$and$/home/danieltyukov/workspace/personal/tt-ihp-int8-npu/src/npu_csa_reduce.sv:53$1935 ($and).
Removed top 1 bits (of 16) from port B of cell tt_um_danieltyukov_int8_npu.$flatten\u_core.\u_array.\g_row[3].g_col[1].u_pe.\u_mul.\g_bw.g_wallace.u_tree.\genblk1.g_reduce.u_next.\genblk1.g_reduce.u_next.\genblk1.g_reduce.u_next.$and$/home/danieltyukov/workspace/personal/tt-ihp-int8-npu/src/npu_csa_reduce.sv:53$1935 ($and).
Removed top 6 bits (of 16) from port A of cell tt_um_danieltyukov_int8_npu.$flatten\u_core.\u_array.\g_row[3].g_col[1].u_pe.\u_mul.\g_bw.g_wallace.u_tree.\genblk1.g_reduce.u_next.$xor$/home/danieltyukov/workspace/personal/tt-ihp-int8-npu/src/npu_csa_reduce.sv:49$2066 ($xor).
Removed top 1 bits (of 2) from port A of cell tt_um_danieltyukov_int8_npu.$auto$opt_expr.cc:706:replace_const_cells$3046 ($not).
Removed top 4 bits (of 16) from port A of cell tt_um_danieltyukov_int8_npu.$flatten\u_core.\u_array.\g_row[3].g_col[1].u_pe.\u_mul.\g_bw.g_wallace.u_tree.$xor$/home/danieltyukov/workspace/personal/tt-ihp-int8-npu/src/npu_csa_reduce.sv:49$1948 ($xor).
Removed top 3 bits (of 16) from port Y of cell tt_um_danieltyukov_int8_npu.$flatten\u_core.\u_array.\g_row[3].g_col[1].u_pe.\u_mul.\g_bw.g_wallace.u_tree.$xor$/home/danieltyukov/workspace/personal/tt-ihp-int8-npu/src/npu_csa_reduce.sv:49$1948 ($xor).
Removed top 5 bits (of 15) from port B of cell tt_um_danieltyukov_int8_npu.$flatten\u_core.\u_array.\g_row[3].g_col[1].u_pe.\u_mul.\g_bw.g_wallace.u_tree.$or$/home/danieltyukov/workspace/personal/tt-ihp-int8-npu/src/npu_csa_reduce.sv:53$1946 ($or).
Removed top 6 bits (of 16) from port A of cell tt_um_danieltyukov_int8_npu.$flatten\u_core.\u_array.\g_row[3].g_col[2].u_pe.\u_mul.\g_bw.g_wallace.u_tree.\genblk1.g_reduce.u_next.$and$/home/danieltyukov/workspace/personal/tt-ihp-int8-npu/src/npu_csa_reduce.sv:53$2068 ($and).
Removed top 1 bits (of 16) from port Y of cell tt_um_danieltyukov_int8_npu.$flatten\u_core.\u_array.\g_row[3].g_col[2].u_pe.\u_mul.\g_bw.g_wallace.u_tree.\genblk1.g_reduce.u_next.$and$/home/danieltyukov/workspace/personal/tt-ihp-int8-npu/src/npu_csa_reduce.sv:53$2068 ($and).
Removed top 1 bits (of 16) from port B of cell tt_um_danieltyukov_int8_npu.$flatten\u_core.\u_array.\g_row[3].g_col[2].u_pe.\u_mul.\g_bw.g_wallace.u_tree.\genblk1.g_reduce.u_next.$and$/home/danieltyukov/workspace/personal/tt-ihp-int8-npu/src/npu_csa_reduce.sv:53$2068 ($and).
Removed top 6 bits (of 16) from port A of cell tt_um_danieltyukov_int8_npu.$flatten\u_core.\u_array.\g_row[3].g_col[2].u_pe.\u_mul.\g_bw.g_wallace.u_tree.\genblk1.g_reduce.u_next.$and$/home/danieltyukov/workspace/personal/tt-ihp-int8-npu/src/npu_csa_reduce.sv:53$2069 ($and).
Removed top 1 bits (of 16) from port Y of cell tt_um_danieltyukov_int8_npu.$flatten\u_core.\u_array.\g_row[3].g_col[2].u_pe.\u_mul.\g_bw.g_wallace.u_tree.\genblk1.g_reduce.u_next.$and$/home/danieltyukov/workspace/personal/tt-ihp-int8-npu/src/npu_csa_reduce.sv:53$2069 ($and).
Removed top 1 bits (of 16) from port B of cell tt_um_danieltyukov_int8_npu.$flatten\u_core.\u_array.\g_row[3].g_col[2].u_pe.\u_mul.\g_bw.g_wallace.u_tree.\genblk1.g_reduce.u_next.$and$/home/danieltyukov/workspace/personal/tt-ihp-int8-npu/src/npu_csa_reduce.sv:53$2069 ($and).
Removed top 1 bits (of 16) from port Y of cell tt_um_danieltyukov_int8_npu.$flatten\u_core.\u_array.\g_row[3].g_col[2].u_pe.\u_mul.\g_bw.g_wallace.u_tree.\genblk1.g_reduce.u_next.$and$/home/danieltyukov/workspace/personal/tt-ihp-int8-npu/src/npu_csa_reduce.sv:53$2075 ($and).
Removed top 1 bits (of 16) from port A of cell tt_um_danieltyukov_int8_npu.$flatten\u_core.\u_array.\g_row[3].g_col[2].u_pe.\u_mul.\g_bw.g_wallace.u_tree.\genblk1.g_reduce.u_next.$and$/home/danieltyukov/workspace/personal/tt-ihp-int8-npu/src/npu_csa_reduce.sv:53$2075 ($and).
Removed top 1 bits (of 16) from port B of cell tt_um_danieltyukov_int8_npu.$flatten\u_core.\u_array.\g_row[3].g_col[2].u_pe.\u_mul.\g_bw.g_wallace.u_tree.\genblk1.g_reduce.u_next.$and$/home/danieltyukov/workspace/personal/tt-ihp-int8-npu/src/npu_csa_reduce.sv:53$2075 ($and).
Removed top 1 bits (of 16) from port Y of cell tt_um_danieltyukov_int8_npu.$flatten\u_core.\u_array.\g_row[3].g_col[2].u_pe.\u_mul.\g_bw.g_wallace.u_tree.\genblk1.g_reduce.u_next.$and$/home/danieltyukov/workspace/personal/tt-ihp-int8-npu/src/npu_csa_reduce.sv:53$2076 ($and).
Removed top 1 bits (of 16) from port A of cell tt_um_danieltyukov_int8_npu.$flatten\u_core.\u_array.\g_row[3].g_col[2].u_pe.\u_mul.\g_bw.g_wallace.u_tree.\genblk1.g_reduce.u_next.$and$/home/danieltyukov/workspace/personal/tt-ihp-int8-npu/src/npu_csa_reduce.sv:53$2076 ($and).
Removed top 1 bits (of 16) from port B of cell tt_um_danieltyukov_int8_npu.$flatten\u_core.\u_array.\g_row[3].g_col[2].u_pe.\u_mul.\g_bw.g_wallace.u_tree.\genblk1.g_reduce.u_next.$and$/home/danieltyukov/workspace/personal/tt-ihp-int8-npu/src/npu_csa_reduce.sv:53$2076 ($and).
Removed top 1 bits (of 16) from port Y of cell tt_um_danieltyukov_int8_npu.$flatten\u_core.\u_array.\g_row[3].g_col[2].u_pe.\u_mul.\g_bw.g_wallace.u_tree.\genblk1.g_reduce.u_next.\genblk1.g_reduce.u_next.\genblk1.g_reduce.u_next.$and$/home/danieltyukov/workspace/personal/tt-ihp-int8-npu/src/npu_csa_reduce.sv:53$1934 ($and).
Removed top 1 bits (of 16) from port A of cell tt_um_danieltyukov_int8_npu.$flatten\u_core.\u_array.\g_row[3].g_col[2].u_pe.\u_mul.\g_bw.g_wallace.u_tree.\genblk1.g_reduce.u_next.\genblk1.g_reduce.u_next.\genblk1.g_reduce.u_next.$and$/home/danieltyukov/workspace/personal/tt-ihp-int8-npu/src/npu_csa_reduce.sv:53$1934 ($and).
Removed top 1 bits (of 16) from port B of cell tt_um_danieltyukov_int8_npu.$flatten\u_core.\u_array.\g_row[3].g_col[2].u_pe.\u_mul.\g_bw.g_wallace.u_tree.\genblk1.g_reduce.u_next.\genblk1.g_reduce.u_next.\genblk1.g_reduce.u_next.$and$/home/danieltyukov/workspace/personal/tt-ihp-int8-npu/src/npu_csa_reduce.sv:53$1934 ($and).
Removed top 1 bits (of 16) from port Y of cell tt_um_danieltyukov_int8_npu.$flatten\u_core.\u_array.\g_row[3].g_col[2].u_pe.\u_mul.\g_bw.g_wallace.u_tree.\genblk1.g_reduce.u_next.\genblk1.g_reduce.u_next.\genblk1.g_reduce.u_next.$and$/home/danieltyukov/workspace/personal/tt-ihp-int8-npu/src/npu_csa_reduce.sv:53$1935 ($and).
Removed top 1 bits (of 16) from port A of cell tt_um_danieltyukov_int8_npu.$flatten\u_core.\u_array.\g_row[3].g_col[2].u_pe.\u_mul.\g_bw.g_wallace.u_tree.\genblk1.g_reduce.u_next.\genblk1.g_reduce.u_next.\genblk1.g_reduce.u_next.$and$/home/danieltyukov/workspace/personal/tt-ihp-int8-npu/src/npu_csa_reduce.sv:53$1935 ($and).
Removed top 1 bits (of 16) from port B of cell tt_um_danieltyukov_int8_npu.$flatten\u_core.\u_array.\g_row[3].g_col[2].u_pe.\u_mul.\g_bw.g_wallace.u_tree.\genblk1.g_reduce.u_next.\genblk1.g_reduce.u_next.\genblk1.g_reduce.u_next.$and$/home/danieltyukov/workspace/personal/tt-ihp-int8-npu/src/npu_csa_reduce.sv:53$1935 ($and).
Removed top 6 bits (of 16) from port A of cell tt_um_danieltyukov_int8_npu.$flatten\u_core.\u_array.\g_row[3].g_col[2].u_pe.\u_mul.\g_bw.g_wallace.u_tree.\genblk1.g_reduce.u_next.$xor$/home/danieltyukov/workspace/personal/tt-ihp-int8-npu/src/npu_csa_reduce.sv:49$2066 ($xor).
Removed top 4 bits (of 16) from port A of cell tt_um_danieltyukov_int8_npu.$flatten\u_core.\u_array.\g_row[3].g_col[2].u_pe.\u_mul.\g_bw.g_wallace.u_tree.$xor$/home/danieltyukov/workspace/personal/tt-ihp-int8-npu/src/npu_csa_reduce.sv:49$1948 ($xor).
Removed top 3 bits (of 16) from port Y of cell tt_um_danieltyukov_int8_npu.$flatten\u_core.\u_array.\g_row[3].g_col[2].u_pe.\u_mul.\g_bw.g_wallace.u_tree.$xor$/home/danieltyukov/workspace/personal/tt-ihp-int8-npu/src/npu_csa_reduce.sv:49$1948 ($xor).
Removed top 5 bits (of 15) from port B of cell tt_um_danieltyukov_int8_npu.$flatten\u_core.\u_array.\g_row[3].g_col[2].u_pe.\u_mul.\g_bw.g_wallace.u_tree.$or$/home/danieltyukov/workspace/personal/tt-ihp-int8-npu/src/npu_csa_reduce.sv:53$1946 ($or).
Removed top 2 bits (of 15) from port B of cell tt_um_danieltyukov_int8_npu.$flatten\u_core.\u_array.\g_row[3].g_col[3].u_pe.\u_mul.\g_bw.g_wallace.u_tree.$or$/home/danieltyukov/workspace/personal/tt-ihp-int8-npu/src/npu_csa_reduce.sv:53$1953 ($or).
Removed top 2 bits (of 15) from port B of cell tt_um_danieltyukov_int8_npu.$flatten\u_core.\u_array.\g_row[0].g_col[0].u_pe.\u_mul.\g_bw.g_wallace.u_tree.$or$/home/danieltyukov/workspace/personal/tt-ihp-int8-npu/src/npu_csa_reduce.sv:53$1953 ($or).
Removed top 2 bits (of 15) from port B of cell tt_um_danieltyukov_int8_npu.$flatten\u_core.\u_array.\g_row[0].g_col[1].u_pe.\u_mul.\g_bw.g_wallace.u_tree.$or$/home/danieltyukov/workspace/personal/tt-ihp-int8-npu/src/npu_csa_reduce.sv:53$1953 ($or).
Removed top 2 bits (of 15) from port B of cell tt_um_danieltyukov_int8_npu.$flatten\u_core.\u_array.\g_row[0].g_col[2].u_pe.\u_mul.\g_bw.g_wallace.u_tree.$or$/home/danieltyukov/workspace/personal/tt-ihp-int8-npu/src/npu_csa_reduce.sv:53$1953 ($or).
Removed top 2 bits (of 15) from port B of cell tt_um_danieltyukov_int8_npu.$flatten\u_core.\u_array.\g_row[0].g_col[3].u_pe.\u_mul.\g_bw.g_wallace.u_tree.$or$/home/danieltyukov/workspace/personal/tt-ihp-int8-npu/src/npu_csa_reduce.sv:53$1953 ($or).
Removed top 2 bits (of 15) from port B of cell tt_um_danieltyukov_int8_npu.$flatten\u_core.\u_array.\g_row[1].g_col[0].u_pe.\u_mul.\g_bw.g_wallace.u_tree.$or$/home/danieltyukov/workspace/personal/tt-ihp-int8-npu/src/npu_csa_reduce.sv:53$1953 ($or).
Removed top 2 bits (of 15) from port B of cell tt_um_danieltyukov_int8_npu.$flatten\u_core.\u_array.\g_row[1].g_col[1].u_pe.\u_mul.\g_bw.g_wallace.u_tree.$or$/home/danieltyukov/workspace/personal/tt-ihp-int8-npu/src/npu_csa_reduce.sv:53$1953 ($or).
Removed top 2 bits (of 15) from port B of cell tt_um_danieltyukov_int8_npu.$flatten\u_core.\u_array.\g_row[1].g_col[2].u_pe.\u_mul.\g_bw.g_wallace.u_tree.$or$/home/danieltyukov/workspace/personal/tt-ihp-int8-npu/src/npu_csa_reduce.sv:53$1953 ($or).
Removed top 2 bits (of 15) from port B of cell tt_um_danieltyukov_int8_npu.$flatten\u_core.\u_array.\g_row[1].g_col[3].u_pe.\u_mul.\g_bw.g_wallace.u_tree.$or$/home/danieltyukov/workspace/personal/tt-ihp-int8-npu/src/npu_csa_reduce.sv:53$1953 ($or).
Removed top 2 bits (of 15) from port B of cell tt_um_danieltyukov_int8_npu.$flatten\u_core.\u_array.\g_row[2].g_col[0].u_pe.\u_mul.\g_bw.g_wallace.u_tree.$or$/home/danieltyukov/workspace/personal/tt-ihp-int8-npu/src/npu_csa_reduce.sv:53$1953 ($or).
Removed top 2 bits (of 15) from port B of cell tt_um_danieltyukov_int8_npu.$flatten\u_core.\u_array.\g_row[2].g_col[1].u_pe.\u_mul.\g_bw.g_wallace.u_tree.$or$/home/danieltyukov/workspace/personal/tt-ihp-int8-npu/src/npu_csa_reduce.sv:53$1953 ($or).
Removed top 2 bits (of 15) from port B of cell tt_um_danieltyukov_int8_npu.$flatten\u_core.\u_array.\g_row[2].g_col[2].u_pe.\u_mul.\g_bw.g_wallace.u_tree.$or$/home/danieltyukov/workspace/personal/tt-ihp-int8-npu/src/npu_csa_reduce.sv:53$1953 ($or).
Removed top 2 bits (of 15) from port B of cell tt_um_danieltyukov_int8_npu.$flatten\u_core.\u_array.\g_row[2].g_col[3].u_pe.\u_mul.\g_bw.g_wallace.u_tree.$or$/home/danieltyukov/workspace/personal/tt-ihp-int8-npu/src/npu_csa_reduce.sv:53$1953 ($or).
Removed top 2 bits (of 15) from port B of cell tt_um_danieltyukov_int8_npu.$flatten\u_core.\u_array.\g_row[3].g_col[0].u_pe.\u_mul.\g_bw.g_wallace.u_tree.$or$/home/danieltyukov/workspace/personal/tt-ihp-int8-npu/src/npu_csa_reduce.sv:53$1953 ($or).
Removed top 2 bits (of 15) from port B of cell tt_um_danieltyukov_int8_npu.$flatten\u_core.\u_array.\g_row[3].g_col[1].u_pe.\u_mul.\g_bw.g_wallace.u_tree.$or$/home/danieltyukov/workspace/personal/tt-ihp-int8-npu/src/npu_csa_reduce.sv:53$1953 ($or).
Removed top 2 bits (of 15) from port B of cell tt_um_danieltyukov_int8_npu.$flatten\u_core.\u_array.\g_row[3].g_col[2].u_pe.\u_mul.\g_bw.g_wallace.u_tree.$or$/home/danieltyukov/workspace/personal/tt-ihp-int8-npu/src/npu_csa_reduce.sv:53$1953 ($or).
Removed top 24 bits (of 32) from wire tt_um_danieltyukov_int8_npu.$flatten\u_core.$add$/home/danieltyukov/workspace/personal/tt-ihp-int8-npu/src/npu_core.sv:0$1040_Y.
Removed top 24 bits (of 32) from wire tt_um_danieltyukov_int8_npu.$flatten\u_core.$add$/home/danieltyukov/workspace/personal/tt-ihp-int8-npu/src/npu_core.sv:0$1053_Y.
Removed top 24 bits (of 32) from wire tt_um_danieltyukov_int8_npu.$flatten\u_core.$add$/home/danieltyukov/workspace/personal/tt-ihp-int8-npu/src/npu_core.sv:0$1066_Y.
Removed top 25 bits (of 32) from wire tt_um_danieltyukov_int8_npu.$flatten\u_core.$add$/home/danieltyukov/workspace/personal/tt-ihp-int8-npu/src/npu_core.sv:0$1073_Y.
Removed top 25 bits (of 32) from wire tt_um_danieltyukov_int8_npu.$flatten\u_core.$add$/home/danieltyukov/workspace/personal/tt-ihp-int8-npu/src/npu_core.sv:0$975_Y.
Removed top 25 bits (of 32) from wire tt_um_danieltyukov_int8_npu.$flatten\u_core.$add$/home/danieltyukov/workspace/personal/tt-ihp-int8-npu/src/npu_core.sv:0$979_Y.
Removed top 3 bits (of 32) from wire tt_um_danieltyukov_int8_npu.$flatten\u_core.$add$/home/danieltyukov/workspace/personal/tt-ihp-int8-npu/src/npu_core.sv:348$982_Y.
Removed top 1 bits (of 2) from wire tt_um_danieltyukov_int8_npu.$flatten\u_core.$procmux$2869_Y.
Removed top 7 bits (of 16) from wire tt_um_danieltyukov_int8_npu.$flatten\u_core.\u_array.\g_row[0].g_col[0].u_pe.\u_mul.\g_bw.g_wallace.u_tree.$and$/home/danieltyukov/workspace/personal/tt-ihp-int8-npu/src/npu_csa_reduce.sv:53$1942_Y.
Removed top 6 bits (of 16) from wire tt_um_danieltyukov_int8_npu.$flatten\u_core.\u_array.\g_row[0].g_col[0].u_pe.\u_mul.\g_bw.g_wallace.u_tree.$and$/home/danieltyukov/workspace/personal/tt-ihp-int8-npu/src/npu_csa_reduce.sv:53$1943_Y.
Removed top 6 bits (of 16) from wire tt_um_danieltyukov_int8_npu.$flatten\u_core.\u_array.\g_row[0].g_col[0].u_pe.\u_mul.\g_bw.g_wallace.u_tree.$and$/home/danieltyukov/workspace/personal/tt-ihp-int8-npu/src/npu_csa_reduce.sv:53$1945_Y.
Removed top 4 bits (of 16) from wire tt_um_danieltyukov_int8_npu.$flatten\u_core.\u_array.\g_row[0].g_col[0].u_pe.\u_mul.\g_bw.g_wallace.u_tree.$and$/home/danieltyukov/workspace/personal/tt-ihp-int8-npu/src/npu_csa_reduce.sv:53$1949_Y.
Removed top 3 bits (of 16) from wire tt_um_danieltyukov_int8_npu.$flatten\u_core.\u_array.\g_row[0].g_col[0].u_pe.\u_mul.\g_bw.g_wallace.u_tree.$and$/home/danieltyukov/workspace/personal/tt-ihp-int8-npu/src/npu_csa_reduce.sv:53$1950_Y.
Removed top 3 bits (of 16) from wire tt_um_danieltyukov_int8_npu.$flatten\u_core.\u_array.\g_row[0].g_col[0].u_pe.\u_mul.\g_bw.g_wallace.u_tree.$and$/home/danieltyukov/workspace/personal/tt-ihp-int8-npu/src/npu_csa_reduce.sv:53$1952_Y.
Removed top 1 bits (of 16) from wire tt_um_danieltyukov_int8_npu.$flatten\u_core.\u_array.\g_row[0].g_col[0].u_pe.\u_mul.\g_bw.g_wallace.u_tree.$and$/home/danieltyukov/workspace/personal/tt-ihp-int8-npu/src/npu_csa_reduce.sv:53$1956_Y.
Removed top 1 bits (of 16) from wire tt_um_danieltyukov_int8_npu.$flatten\u_core.\u_array.\g_row[0].g_col[0].u_pe.\u_mul.\g_bw.g_wallace.u_tree.$or$/home/danieltyukov/workspace/personal/tt-ihp-int8-npu/src/npu_csa_reduce.sv:53$1958_Y.
Removed top 1 bits (of 16) from wire tt_um_danieltyukov_int8_npu.$flatten\u_core.\u_array.\g_row[0].g_col[0].u_pe.\u_mul.\g_bw.g_wallace.u_tree.$xor$/home/danieltyukov/workspace/personal/tt-ihp-int8-npu/src/npu_csa_reduce.sv:49$1954_Y.
Removed top 1 bits (of 16) from wire tt_um_danieltyukov_int8_npu.$flatten\u_core.\u_array.\g_row[0].g_col[0].u_pe.\u_mul.\g_bw.g_wallace.u_tree.\genblk1.g_reduce.u_next.$and$/home/danieltyukov/workspace/personal/tt-ihp-int8-npu/src/npu_csa_reduce.sv:53$2068_Y.
Removed top 1 bits (of 16) from wire tt_um_danieltyukov_int8_npu.$flatten\u_core.\u_array.\g_row[0].g_col[0].u_pe.\u_mul.\g_bw.g_wallace.u_tree.\genblk1.g_reduce.u_next.$and$/home/danieltyukov/workspace/personal/tt-ihp-int8-npu/src/npu_csa_reduce.sv:53$2069_Y.
Removed top 1 bits (of 16) from wire tt_um_danieltyukov_int8_npu.$flatten\u_core.\u_array.\g_row[0].g_col[0].u_pe.\u_mul.\g_bw.g_wallace.u_tree.\genblk1.g_reduce.u_next.$and$/home/danieltyukov/workspace/personal/tt-ihp-int8-npu/src/npu_csa_reduce.sv:53$2075_Y.
Removed top 10 bits (of 16) from wire tt_um_danieltyukov_int8_npu.$flatten\u_core.\u_array.\g_row[0].g_col[0].u_pe.\u_mul.\g_bw.g_wallace.u_tree.\genblk1.g_reduce.u_next.$xor$/home/danieltyukov/workspace/personal/tt-ihp-int8-npu/src/npu_csa_reduce.sv:49$2066_Y.
Removed top 1 bits (of 16) from wire tt_um_danieltyukov_int8_npu.$flatten\u_core.\u_array.\g_row[0].g_col[0].u_pe.\u_mul.\g_bw.g_wallace.u_tree.\genblk1.g_reduce.u_next.\genblk1.g_reduce.u_next.$and$/home/danieltyukov/workspace/personal/tt-ihp-int8-npu/src/npu_csa_reduce.sv:53$2083_Y.
Removed top 1 bits (of 16) from wire tt_um_danieltyukov_int8_npu.$flatten\u_core.\u_array.\g_row[0].g_col[0].u_pe.\u_mul.\g_bw.g_wallace.u_tree.\genblk1.g_reduce.u_next.\genblk1.g_reduce.u_next.$and$/home/danieltyukov/workspace/personal/tt-ihp-int8-npu/src/npu_csa_reduce.sv:53$2084_Y.
Removed top 1 bits (of 16) from wire tt_um_danieltyukov_int8_npu.$flatten\u_core.\u_array.\g_row[0].g_col[0].u_pe.\u_mul.\g_bw.g_wallace.u_tree.\genblk1.g_reduce.u_next.\genblk1.g_reduce.u_next.$and$/home/danieltyukov/workspace/personal/tt-ihp-int8-npu/src/npu_csa_reduce.sv:53$2086_Y.
Removed top 1 bits (of 16) from wire tt_um_danieltyukov_int8_npu.$flatten\u_core.\u_array.\g_row[0].g_col[0].u_pe.\u_mul.\g_bw.g_wallace.u_tree.\genblk1.g_reduce.u_next.\genblk1.g_reduce.u_next.\genblk1.g_reduce.u_next.$and$/home/danieltyukov/workspace/personal/tt-ihp-int8-npu/src/npu_csa_reduce.sv:53$1934_Y.
Removed top 1 bits (of 16) from wire tt_um_danieltyukov_int8_npu.$flatten\u_core.\u_array.\g_row[0].g_col[0].u_pe.\u_mul.\g_bw.g_wallace.u_tree.\genblk1.g_reduce.u_next.\genblk1.g_reduce.u_next.\genblk1.g_reduce.u_next.$and$/home/danieltyukov/workspace/personal/tt-ihp-int8-npu/src/npu_csa_reduce.sv:53$1935_Y.
Removed top 1 bits (of 16) from wire tt_um_danieltyukov_int8_npu.$flatten\u_core.\u_array.\g_row[0].g_col[0].u_pe.\u_mul.\g_bw.g_wallace.u_tree.\genblk1.g_reduce.u_next.\genblk1.g_reduce.u_next.\genblk1.g_reduce.u_next.$and$/home/danieltyukov/workspace/personal/tt-ihp-int8-npu/src/npu_csa_reduce.sv:53$1937_Y.
Removed top 1 bits (of 16) from wire tt_um_danieltyukov_int8_npu.$flatten\u_core.\u_array.\g_row[0].g_col[0].u_pe.\u_mul.\g_bw.g_wallace.u_tree.\genblk1.g_reduce.u_next.\genblk1.g_reduce.u_next.\genblk1.g_reduce.u_next.$or$/home/danieltyukov/workspace/personal/tt-ihp-int8-npu/src/npu_csa_reduce.sv:53$1936_Y.
Removed top 7 bits (of 16) from wire tt_um_danieltyukov_int8_npu.$flatten\u_core.\u_array.\g_row[0].g_col[1].u_pe.\u_mul.\g_bw.g_wallace.u_tree.$and$/home/danieltyukov/workspace/personal/tt-ihp-int8-npu/src/npu_csa_reduce.sv:53$1942_Y.
Removed top 6 bits (of 16) from wire tt_um_danieltyukov_int8_npu.$flatten\u_core.\u_array.\g_row[0].g_col[1].u_pe.\u_mul.\g_bw.g_wallace.u_tree.$and$/home/danieltyukov/workspace/personal/tt-ihp-int8-npu/src/npu_csa_reduce.sv:53$1943_Y.
Removed top 6 bits (of 16) from wire tt_um_danieltyukov_int8_npu.$flatten\u_core.\u_array.\g_row[0].g_col[1].u_pe.\u_mul.\g_bw.g_wallace.u_tree.$and$/home/danieltyukov/workspace/personal/tt-ihp-int8-npu/src/npu_csa_reduce.sv:53$1945_Y.
Removed top 4 bits (of 16) from wire tt_um_danieltyukov_int8_npu.$flatten\u_core.\u_array.\g_row[0].g_col[1].u_pe.\u_mul.\g_bw.g_wallace.u_tree.$and$/home/danieltyukov/workspace/personal/tt-ihp-int8-npu/src/npu_csa_reduce.sv:53$1949_Y.
Removed top 3 bits (of 16) from wire tt_um_danieltyukov_int8_npu.$flatten\u_core.\u_array.\g_row[0].g_col[1].u_pe.\u_mul.\g_bw.g_wallace.u_tree.$and$/home/danieltyukov/workspace/personal/tt-ihp-int8-npu/src/npu_csa_reduce.sv:53$1950_Y.
Removed top 3 bits (of 16) from wire tt_um_danieltyukov_int8_npu.$flatten\u_core.\u_array.\g_row[0].g_col[1].u_pe.\u_mul.\g_bw.g_wallace.u_tree.$and$/home/danieltyukov/workspace/personal/tt-ihp-int8-npu/src/npu_csa_reduce.sv:53$1952_Y.
Removed top 1 bits (of 16) from wire tt_um_danieltyukov_int8_npu.$flatten\u_core.\u_array.\g_row[0].g_col[1].u_pe.\u_mul.\g_bw.g_wallace.u_tree.$and$/home/danieltyukov/workspace/personal/tt-ihp-int8-npu/src/npu_csa_reduce.sv:53$1956_Y.
Removed top 1 bits (of 16) from wire tt_um_danieltyukov_int8_npu.$flatten\u_core.\u_array.\g_row[0].g_col[1].u_pe.\u_mul.\g_bw.g_wallace.u_tree.$or$/home/danieltyukov/workspace/personal/tt-ihp-int8-npu/src/npu_csa_reduce.sv:53$1958_Y.
Removed top 1 bits (of 16) from wire tt_um_danieltyukov_int8_npu.$flatten\u_core.\u_array.\g_row[0].g_col[1].u_pe.\u_mul.\g_bw.g_wallace.u_tree.$xor$/home/danieltyukov/workspace/personal/tt-ihp-int8-npu/src/npu_csa_reduce.sv:49$1954_Y.
Removed top 1 bits (of 16) from wire tt_um_danieltyukov_int8_npu.$flatten\u_core.\u_array.\g_row[0].g_col[1].u_pe.\u_mul.\g_bw.g_wallace.u_tree.\genblk1.g_reduce.u_next.$and$/home/danieltyukov/workspace/personal/tt-ihp-int8-npu/src/npu_csa_reduce.sv:53$2068_Y.
Removed top 1 bits (of 16) from wire tt_um_danieltyukov_int8_npu.$flatten\u_core.\u_array.\g_row[0].g_col[1].u_pe.\u_mul.\g_bw.g_wallace.u_tree.\genblk1.g_reduce.u_next.$and$/home/danieltyukov/workspace/personal/tt-ihp-int8-npu/src/npu_csa_reduce.sv:53$2071_Y.
Removed top 1 bits (of 16) from wire tt_um_danieltyukov_int8_npu.$flatten\u_core.\u_array.\g_row[0].g_col[1].u_pe.\u_mul.\g_bw.g_wallace.u_tree.\genblk1.g_reduce.u_next.$and$/home/danieltyukov/workspace/personal/tt-ihp-int8-npu/src/npu_csa_reduce.sv:53$2075_Y.
Removed top 1 bits (of 16) from wire tt_um_danieltyukov_int8_npu.$flatten\u_core.\u_array.\g_row[0].g_col[1].u_pe.\u_mul.\g_bw.g_wallace.u_tree.\genblk1.g_reduce.u_next.$and$/home/danieltyukov/workspace/personal/tt-ihp-int8-npu/src/npu_csa_reduce.sv:53$2078_Y.
Removed top 7 bits (of 16) from wire tt_um_danieltyukov_int8_npu.$flatten\u_core.\u_array.\g_row[0].g_col[2].u_pe.\u_mul.\g_bw.g_wallace.u_tree.$and$/home/danieltyukov/workspace/personal/tt-ihp-int8-npu/src/npu_csa_reduce.sv:53$1942_Y.
Removed top 6 bits (of 16) from wire tt_um_danieltyukov_int8_npu.$flatten\u_core.\u_array.\g_row[0].g_col[2].u_pe.\u_mul.\g_bw.g_wallace.u_tree.$and$/home/danieltyukov/workspace/personal/tt-ihp-int8-npu/src/npu_csa_reduce.sv:53$1943_Y.
Removed top 6 bits (of 16) from wire tt_um_danieltyukov_int8_npu.$flatten\u_core.\u_array.\g_row[0].g_col[2].u_pe.\u_mul.\g_bw.g_wallace.u_tree.$and$/home/danieltyukov/workspace/personal/tt-ihp-int8-npu/src/npu_csa_reduce.sv:53$1945_Y.
Removed top 4 bits (of 16) from wire tt_um_danieltyukov_int8_npu.$flatten\u_core.\u_array.\g_row[0].g_col[2].u_pe.\u_mul.\g_bw.g_wallace.u_tree.$and$/home/danieltyukov/workspace/personal/tt-ihp-int8-npu/src/npu_csa_reduce.sv:53$1949_Y.
Removed top 3 bits (of 16) from wire tt_um_danieltyukov_int8_npu.$flatten\u_core.\u_array.\g_row[0].g_col[2].u_pe.\u_mul.\g_bw.g_wallace.u_tree.$and$/home/danieltyukov/workspace/personal/tt-ihp-int8-npu/src/npu_csa_reduce.sv:53$1950_Y.
Removed top 3 bits (of 16) from wire tt_um_danieltyukov_int8_npu.$flatten\u_core.\u_array.\g_row[0].g_col[2].u_pe.\u_mul.\g_bw.g_wallace.u_tree.$and$/home/danieltyukov/workspace/personal/tt-ihp-int8-npu/src/npu_csa_reduce.sv:53$1952_Y.
Removed top 1 bits (of 16) from wire tt_um_danieltyukov_int8_npu.$flatten\u_core.\u_array.\g_row[0].g_col[2].u_pe.\u_mul.\g_bw.g_wallace.u_tree.$and$/home/danieltyukov/workspace/personal/tt-ihp-int8-npu/src/npu_csa_reduce.sv:53$1956_Y.
Removed top 1 bits (of 16) from wire tt_um_danieltyukov_int8_npu.$flatten\u_core.\u_array.\g_row[0].g_col[2].u_pe.\u_mul.\g_bw.g_wallace.u_tree.$or$/home/danieltyukov/workspace/personal/tt-ihp-int8-npu/src/npu_csa_reduce.sv:53$1958_Y.
Removed top 1 bits (of 16) from wire tt_um_danieltyukov_int8_npu.$flatten\u_core.\u_array.\g_row[0].g_col[2].u_pe.\u_mul.\g_bw.g_wallace.u_tree.$xor$/home/danieltyukov/workspace/personal/tt-ihp-int8-npu/src/npu_csa_reduce.sv:49$1954_Y.
Removed top 1 bits (of 16) from wire tt_um_danieltyukov_int8_npu.$flatten\u_core.\u_array.\g_row[0].g_col[2].u_pe.\u_mul.\g_bw.g_wallace.u_tree.\genblk1.g_reduce.u_next.$and$/home/danieltyukov/workspace/personal/tt-ihp-int8-npu/src/npu_csa_reduce.sv:53$2068_Y.
Removed top 1 bits (of 16) from wire tt_um_danieltyukov_int8_npu.$flatten\u_core.\u_array.\g_row[0].g_col[2].u_pe.\u_mul.\g_bw.g_wallace.u_tree.\genblk1.g_reduce.u_next.$and$/home/danieltyukov/workspace/personal/tt-ihp-int8-npu/src/npu_csa_reduce.sv:53$2071_Y.
Removed top 7 bits (of 16) from wire tt_um_danieltyukov_int8_npu.$flatten\u_core.\u_array.\g_row[0].g_col[3].u_pe.\u_mul.\g_bw.g_wallace.u_tree.$and$/home/danieltyukov/workspace/personal/tt-ihp-int8-npu/src/npu_csa_reduce.sv:53$1942_Y.
Removed top 6 bits (of 16) from wire tt_um_danieltyukov_int8_npu.$flatten\u_core.\u_array.\g_row[0].g_col[3].u_pe.\u_mul.\g_bw.g_wallace.u_tree.$and$/home/danieltyukov/workspace/personal/tt-ihp-int8-npu/src/npu_csa_reduce.sv:53$1943_Y.
Removed top 6 bits (of 16) from wire tt_um_danieltyukov_int8_npu.$flatten\u_core.\u_array.\g_row[0].g_col[3].u_pe.\u_mul.\g_bw.g_wallace.u_tree.$and$/home/danieltyukov/workspace/personal/tt-ihp-int8-npu/src/npu_csa_reduce.sv:53$1945_Y.
Removed top 4 bits (of 16) from wire tt_um_danieltyukov_int8_npu.$flatten\u_core.\u_array.\g_row[0].g_col[3].u_pe.\u_mul.\g_bw.g_wallace.u_tree.$and$/home/danieltyukov/workspace/personal/tt-ihp-int8-npu/src/npu_csa_reduce.sv:53$1949_Y.
Removed top 3 bits (of 16) from wire tt_um_danieltyukov_int8_npu.$flatten\u_core.\u_array.\g_row[0].g_col[3].u_pe.\u_mul.\g_bw.g_wallace.u_tree.$and$/home/danieltyukov/workspace/personal/tt-ihp-int8-npu/src/npu_csa_reduce.sv:53$1950_Y.
Removed top 3 bits (of 16) from wire tt_um_danieltyukov_int8_npu.$flatten\u_core.\u_array.\g_row[0].g_col[3].u_pe.\u_mul.\g_bw.g_wallace.u_tree.$and$/home/danieltyukov/workspace/personal/tt-ihp-int8-npu/src/npu_csa_reduce.sv:53$1952_Y.
Removed top 1 bits (of 16) from wire tt_um_danieltyukov_int8_npu.$flatten\u_core.\u_array.\g_row[0].g_col[3].u_pe.\u_mul.\g_bw.g_wallace.u_tree.$and$/home/danieltyukov/workspace/personal/tt-ihp-int8-npu/src/npu_csa_reduce.sv:53$1956_Y.
Removed top 1 bits (of 16) from wire tt_um_danieltyukov_int8_npu.$flatten\u_core.\u_array.\g_row[0].g_col[3].u_pe.\u_mul.\g_bw.g_wallace.u_tree.$or$/home/danieltyukov/workspace/personal/tt-ihp-int8-npu/src/npu_csa_reduce.sv:53$1958_Y.
Removed top 1 bits (of 16) from wire tt_um_danieltyukov_int8_npu.$flatten\u_core.\u_array.\g_row[0].g_col[3].u_pe.\u_mul.\g_bw.g_wallace.u_tree.$xor$/home/danieltyukov/workspace/personal/tt-ihp-int8-npu/src/npu_csa_reduce.sv:49$1954_Y.
Removed top 1 bits (of 16) from wire tt_um_danieltyukov_int8_npu.$flatten\u_core.\u_array.\g_row[0].g_col[3].u_pe.\u_mul.\g_bw.g_wallace.u_tree.\genblk1.g_reduce.u_next.$and$/home/danieltyukov/workspace/personal/tt-ihp-int8-npu/src/npu_csa_reduce.sv:53$2068_Y.
Removed top 1 bits (of 16) from wire tt_um_danieltyukov_int8_npu.$flatten\u_core.\u_array.\g_row[0].g_col[3].u_pe.\u_mul.\g_bw.g_wallace.u_tree.\genblk1.g_reduce.u_next.$and$/home/danieltyukov/workspace/personal/tt-ihp-int8-npu/src/npu_csa_reduce.sv:53$2069_Y.
Removed top 1 bits (of 16) from wire tt_um_danieltyukov_int8_npu.$flatten\u_core.\u_array.\g_row[0].g_col[3].u_pe.\u_mul.\g_bw.g_wallace.u_tree.\genblk1.g_reduce.u_next.$and$/home/danieltyukov/workspace/personal/tt-ihp-int8-npu/src/npu_csa_reduce.sv:53$2071_Y.
Removed top 1 bits (of 16) from wire tt_um_danieltyukov_int8_npu.$flatten\u_core.\u_array.\g_row[0].g_col[3].u_pe.\u_mul.\g_bw.g_wallace.u_tree.\genblk1.g_reduce.u_next.$and$/home/danieltyukov/workspace/personal/tt-ihp-int8-npu/src/npu_csa_reduce.sv:53$2075_Y.
Removed top 1 bits (of 16) from wire tt_um_danieltyukov_int8_npu.$flatten\u_core.\u_array.\g_row[0].g_col[3].u_pe.\u_mul.\g_bw.g_wallace.u_tree.\genblk1.g_reduce.u_next.$and$/home/danieltyukov/workspace/personal/tt-ihp-int8-npu/src/npu_csa_reduce.sv:53$2076_Y.
Removed top 1 bits (of 16) from wire tt_um_danieltyukov_int8_npu.$flatten\u_core.\u_array.\g_row[0].g_col[3].u_pe.\u_mul.\g_bw.g_wallace.u_tree.\genblk1.g_reduce.u_next.\genblk1.g_reduce.u_next.$and$/home/danieltyukov/workspace/personal/tt-ihp-int8-npu/src/npu_csa_reduce.sv:53$2083_Y.
Removed top 1 bits (of 16) from wire tt_um_danieltyukov_int8_npu.$flatten\u_core.\u_array.\g_row[0].g_col[3].u_pe.\u_mul.\g_bw.g_wallace.u_tree.\genblk1.g_reduce.u_next.\genblk1.g_reduce.u_next.$and$/home/danieltyukov/workspace/personal/tt-ihp-int8-npu/src/npu_csa_reduce.sv:53$2084_Y.
Removed top 1 bits (of 16) from wire tt_um_danieltyukov_int8_npu.$flatten\u_core.\u_array.\g_row[0].g_col[3].u_pe.\u_mul.\g_bw.g_wallace.u_tree.\genblk1.g_reduce.u_next.\genblk1.g_reduce.u_next.$and$/home/danieltyukov/workspace/personal/tt-ihp-int8-npu/src/npu_csa_reduce.sv:53$2086_Y.
Removed top 1 bits (of 16) from wire tt_um_danieltyukov_int8_npu.$flatten\u_core.\u_array.\g_row[0].g_col[3].u_pe.\u_mul.\g_bw.g_wallace.u_tree.\genblk1.g_reduce.u_next.\genblk1.g_reduce.u_next.\genblk1.g_reduce.u_next.$and$/home/danieltyukov/workspace/personal/tt-ihp-int8-npu/src/npu_csa_reduce.sv:53$1934_Y.
Removed top 7 bits (of 16) from wire tt_um_danieltyukov_int8_npu.$flatten\u_core.\u_array.\g_row[1].g_col[0].u_pe.\u_mul.\g_bw.g_wallace.u_tree.$and$/home/danieltyukov/workspace/personal/tt-ihp-int8-npu/src/npu_csa_reduce.sv:53$1942_Y.
Removed top 7 bits (of 16) from wire tt_um_danieltyukov_int8_npu.$flatten\u_core.\u_array.\g_row[3].g_col[3].u_pe.\u_mul.\g_bw.g_wallace.u_tree.$and$/home/danieltyukov/workspace/personal/tt-ihp-int8-npu/src/npu_csa_reduce.sv:53$1942_Y.
Removed top 6 bits (of 16) from wire tt_um_danieltyukov_int8_npu.$flatten\u_core.\u_array.\g_row[3].g_col[3].u_pe.\u_mul.\g_bw.g_wallace.u_tree.$and$/home/danieltyukov/workspace/personal/tt-ihp-int8-npu/src/npu_csa_reduce.sv:53$1943_Y.
Removed top 6 bits (of 16) from wire tt_um_danieltyukov_int8_npu.$flatten\u_core.\u_array.\g_row[3].g_col[3].u_pe.\u_mul.\g_bw.g_wallace.u_tree.$and$/home/danieltyukov/workspace/personal/tt-ihp-int8-npu/src/npu_csa_reduce.sv:53$1945_Y.
Removed top 4 bits (of 16) from wire tt_um_danieltyukov_int8_npu.$flatten\u_core.\u_array.\g_row[3].g_col[3].u_pe.\u_mul.\g_bw.g_wallace.u_tree.$and$/home/danieltyukov/workspace/personal/tt-ihp-int8-npu/src/npu_csa_reduce.sv:53$1949_Y.
Removed top 3 bits (of 16) from wire tt_um_danieltyukov_int8_npu.$flatten\u_core.\u_array.\g_row[3].g_col[3].u_pe.\u_mul.\g_bw.g_wallace.u_tree.$and$/home/danieltyukov/workspace/personal/tt-ihp-int8-npu/src/npu_csa_reduce.sv:53$1950_Y.
Removed top 3 bits (of 16) from wire tt_um_danieltyukov_int8_npu.$flatten\u_core.\u_array.\g_row[3].g_col[3].u_pe.\u_mul.\g_bw.g_wallace.u_tree.$and$/home/danieltyukov/workspace/personal/tt-ihp-int8-npu/src/npu_csa_reduce.sv:53$1952_Y.
Removed top 1 bits (of 16) from wire tt_um_danieltyukov_int8_npu.$flatten\u_core.\u_array.\g_row[3].g_col[3].u_pe.\u_mul.\g_bw.g_wallace.u_tree.$and$/home/danieltyukov/workspace/personal/tt-ihp-int8-npu/src/npu_csa_reduce.sv:53$1956_Y.
Removed top 1 bits (of 16) from wire tt_um_danieltyukov_int8_npu.$flatten\u_core.\u_array.\g_row[3].g_col[3].u_pe.\u_mul.\g_bw.g_wallace.u_tree.$or$/home/danieltyukov/workspace/personal/tt-ihp-int8-npu/src/npu_csa_reduce.sv:53$1958_Y.
Removed top 1 bits (of 16) from wire tt_um_danieltyukov_int8_npu.$flatten\u_core.\u_array.\g_row[3].g_col[3].u_pe.\u_mul.\g_bw.g_wallace.u_tree.$xor$/home/danieltyukov/workspace/personal/tt-ihp-int8-npu/src/npu_csa_reduce.sv:49$1954_Y.
Removed top 1 bits (of 16) from wire tt_um_danieltyukov_int8_npu.$flatten\u_core.\u_array.\g_row[3].g_col[3].u_pe.\u_mul.\g_bw.g_wallace.u_tree.\genblk1.g_reduce.u_next.$and$/home/danieltyukov/workspace/personal/tt-ihp-int8-npu/src/npu_csa_reduce.sv:53$2068_Y.
Removed top 1 bits (of 16) from wire tt_um_danieltyukov_int8_npu.$flatten\u_core.\u_array.\g_row[3].g_col[3].u_pe.\u_mul.\g_bw.g_wallace.u_tree.\genblk1.g_reduce.u_next.$and$/home/danieltyukov/workspace/personal/tt-ihp-int8-npu/src/npu_csa_reduce.sv:53$2069_Y.
Removed top 1 bits (of 16) from wire tt_um_danieltyukov_int8_npu.$flatten\u_core.\u_array.\g_row[3].g_col[3].u_pe.\u_mul.\g_bw.g_wallace.u_tree.\genblk1.g_reduce.u_next.$and$/home/danieltyukov/workspace/personal/tt-ihp-int8-npu/src/npu_csa_reduce.sv:53$2078_Y.
Removed top 1 bits (of 16) from wire tt_um_danieltyukov_int8_npu.$flatten\u_core.\u_array.\g_row[3].g_col[3].u_pe.\u_mul.\g_bw.g_wallace.u_tree.\genblk1.g_reduce.u_next.$or$/home/danieltyukov/workspace/personal/tt-ihp-int8-npu/src/npu_csa_reduce.sv:53$2077_Y.
Removed top 1 bits (of 45) from wire tt_um_danieltyukov_int8_npu.$flatten\u_core.\u_requant.$procmux$2516_Y.
Removed top 1 bits (of 2) from wire tt_um_danieltyukov_int8_npu.$flatten\u_core.\u_requant.$ternary$/home/danieltyukov/workspace/personal/tt-ihp-int8-npu/src/npu_requant.sv:168$1546_Y.

16.11. Executing PEEPOPT pass (run peephole optimizers).

16.12. Executing OPT_CLEAN pass (remove unused cells and wires).
Finding unused cells or wires in module \tt_um_danieltyukov_int8_npu..
Removed 0 unused cells and 91 unused wires.
<suppressed ~1 debug messages>

16.13. Executing ALUMACC pass (create $alu and $macc cells).
Extracting $alu and $macc cells in module tt_um_danieltyukov_int8_npu:
  creating $macc model for $flatten\u_core.$add$/home/danieltyukov/workspace/personal/tt-ihp-int8-npu/src/npu_core.sv:234$1038 ($add).
  creating $macc model for $flatten\u_core.$add$/home/danieltyukov/workspace/personal/tt-ihp-int8-npu/src/npu_core.sv:234$1051 ($add).
  creating $macc model for $flatten\u_core.$add$/home/danieltyukov/workspace/personal/tt-ihp-int8-npu/src/npu_core.sv:234$1064 ($add).
  creating $macc model for $flatten\u_core.$add$/home/danieltyukov/workspace/personal/tt-ihp-int8-npu/src/npu_core.sv:272$973 ($add).
  creating $macc model for $flatten\u_core.$add$/home/danieltyukov/workspace/personal/tt-ihp-int8-npu/src/npu_core.sv:298$1106 ($add).
  creating $macc model for $flatten\u_core.$add$/home/danieltyukov/workspace/personal/tt-ihp-int8-npu/src/npu_core.sv:298$1141 ($add).
  creating $macc model for $flatten\u_core.$add$/home/danieltyukov/workspace/personal/tt-ihp-int8-npu/src/npu_core.sv:298$1176 ($add).
  creating $macc model for $flatten\u_core.$add$/home/danieltyukov/workspace/personal/tt-ihp-int8-npu/src/npu_core.sv:348$982 ($add).
  creating $macc model for $flatten\u_core.$add$/home/danieltyukov/workspace/personal/tt-ihp-int8-npu/src/npu_core.sv:411$986 ($add).
  creating $macc model for $flatten\u_core.$add$/home/danieltyukov/workspace/personal/tt-ihp-int8-npu/src/npu_core.sv:468$996 ($add).
  creating $macc model for $flatten\u_core.$add$/home/danieltyukov/workspace/personal/tt-ihp-int8-npu/src/npu_core.sv:490$998 ($add).
  creating $macc model for $flatten\u_core.$add$/home/danieltyukov/workspace/personal/tt-ihp-int8-npu/src/npu_core.sv:492$999 ($add).
  creating $macc model for $flatten\u_core.$add$/home/danieltyukov/workspace/personal/tt-ihp-int8-npu/src/npu_core.sv:525$1003 ($add).
  creating $macc model for $flatten\u_core.$mul$/home/danieltyukov/workspace/personal/tt-ihp-int8-npu/src/npu_core.sv:299$1072 ($mul).
  creating $macc model for $flatten\u_core.$mul$/home/danieltyukov/workspace/personal/tt-ihp-int8-npu/src/npu_core.sv:299$1107 ($mul).
  creating $macc model for $flatten\u_core.$mul$/home/danieltyukov/workspace/personal/tt-ihp-int8-npu/src/npu_core.sv:299$1142 ($mul).
  creating $macc model for $flatten\u_core.$mul$/home/danieltyukov/workspace/personal/tt-ihp-int8-npu/src/npu_core.sv:299$1177 ($mul).
  creating $macc model for $flatten\u_core.$mul$/home/danieltyukov/workspace/personal/tt-ihp-int8-npu/src/npu_core.sv:342$974 ($mul).
  creating $macc model for $flatten\u_core.$mul$/home/danieltyukov/workspace/personal/tt-ihp-int8-npu/src/npu_core.sv:347$977 ($mul).
  creating $macc model for $flatten\u_core.$mul$/home/danieltyukov/workspace/personal/tt-ihp-int8-npu/src/npu_core.sv:527$1004 ($mul).
  creating $macc model for $flatten\u_core.$sub$/home/danieltyukov/workspace/personal/tt-ihp-int8-npu/src/npu_core.sv:226$1030 ($sub).
  creating $macc model for $flatten\u_core.$sub$/home/danieltyukov/workspace/personal/tt-ihp-int8-npu/src/npu_core.sv:226$1043 ($sub).
  creating $macc model for $flatten\u_core.$sub$/home/danieltyukov/workspace/personal/tt-ihp-int8-npu/src/npu_core.sv:226$1056 ($sub).
  creating $macc model for $flatten\u_core.\u_act.$add$/home/danieltyukov/workspace/personal/tt-ihp-int8-npu/src/npu_activation.sv:43$3 ($add).
  creating $macc model for $flatten\u_core.\u_act.$sub$/home/danieltyukov/workspace/personal/tt-ihp-int8-npu/src/npu_activation.sv:41$1 ($sub).
  creating $macc model for $flatten\u_core.\u_host.$add$/home/danieltyukov/workspace/personal/tt-ihp-int8-npu/src/npu_host_if.sv:197$1606 ($add).
  creating $macc model for $flatten\u_core.\u_host.$add$/home/danieltyukov/workspace/personal/tt-ihp-int8-npu/src/npu_host_if.sv:215$1607 ($add).
  creating $macc model for $flatten\u_core.\u_requant.$add$/home/danieltyukov/workspace/personal/tt-ihp-int8-npu/src/npu_requant.sv:157$1542 ($add).
  creating $macc model for $flatten\u_core.\u_requant.$sub$/home/danieltyukov/workspace/personal/tt-ihp-int8-npu/src/npu_requant.sv:167$1543 ($sub).
  creating $macc model for $flatten\u_core.\u_requant.$sub$/home/danieltyukov/workspace/personal/tt-ihp-int8-npu/src/npu_requant.sv:178$1552 ($sub).
  creating $macc model for $flatten\u_core.\u_requant.$sub$/home/danieltyukov/workspace/personal/tt-ihp-int8-npu/src/npu_requant.sv:184$1555 ($sub).
  creating $alu model for $macc $flatten\u_core.\u_requant.$sub$/home/danieltyukov/workspace/personal/tt-ihp-int8-npu/src/npu_requant.sv:184$1555.
  creating $alu model for $macc $flatten\u_core.\u_requant.$sub$/home/danieltyukov/workspace/personal/tt-ihp-int8-npu/src/npu_requant.sv:178$1552.
  creating $alu model for $macc $flatten\u_core.\u_requant.$sub$/home/danieltyukov/workspace/personal/tt-ihp-int8-npu/src/npu_requant.sv:167$1543.
  creating $alu model for $macc $flatten\u_core.\u_requant.$add$/home/danieltyukov/workspace/personal/tt-ihp-int8-npu/src/npu_requant.sv:157$1542.
  creating $alu model for $macc $flatten\u_core.\u_host.$add$/home/danieltyukov/workspace/personal/tt-ihp-int8-npu/src/npu_host_if.sv:215$1607.
  creating $alu model for $macc $flatten\u_core.\u_host.$add$/home/danieltyukov/workspace/personal/tt-ihp-int8-npu/src/npu_host_if.sv:197$1606.
  creating $alu model for $macc $flatten\u_core.\u_act.$sub$/home/danieltyukov/workspace/personal/tt-ihp-int8-npu/src/npu_activation.sv:41$1.
  creating $alu model for $macc $flatten\u_core.\u_act.$add$/home/danieltyukov/workspace/personal/tt-ihp-int8-npu/src/npu_activation.sv:43$3.
  creating $alu model for $macc $flatten\u_core.$sub$/home/danieltyukov/workspace/personal/tt-ihp-int8-npu/src/npu_core.sv:226$1056.
  creating $alu model for $macc $flatten\u_core.$sub$/home/danieltyukov/workspace/personal/tt-ihp-int8-npu/src/npu_core.sv:226$1043.
  creating $alu model for $macc $flatten\u_core.$sub$/home/danieltyukov/workspace/personal/tt-ihp-int8-npu/src/npu_core.sv:226$1030.
  creating $alu model for $macc $flatten\u_core.$add$/home/danieltyukov/workspace/personal/tt-ihp-int8-npu/src/npu_core.sv:525$1003.
  creating $alu model for $macc $flatten\u_core.$add$/home/danieltyukov/workspace/personal/tt-ihp-int8-npu/src/npu_core.sv:492$999.
  creating $alu model for $macc $flatten\u_core.$add$/home/danieltyukov/workspace/personal/tt-ihp-int8-npu/src/npu_core.sv:490$998.
  creating $alu model for $macc $flatten\u_core.$add$/home/danieltyukov/workspace/personal/tt-ihp-int8-npu/src/npu_core.sv:468$996.
  creating $alu model for $macc $flatten\u_core.$add$/home/danieltyukov/workspace/personal/tt-ihp-int8-npu/src/npu_core.sv:411$986.
  creating $alu model for $macc $flatten\u_core.$add$/home/danieltyukov/workspace/personal/tt-ihp-int8-npu/src/npu_core.sv:348$982.
  creating $alu model for $macc $flatten\u_core.$add$/home/danieltyukov/workspace/personal/tt-ihp-int8-npu/src/npu_core.sv:298$1176.
  creating $alu model for $macc $flatten\u_core.$add$/home/danieltyukov/workspace/personal/tt-ihp-int8-npu/src/npu_core.sv:298$1141.
  creating $alu model for $macc $flatten\u_core.$add$/home/danieltyukov/workspace/personal/tt-ihp-int8-npu/src/npu_core.sv:298$1106.
  creating $alu model for $macc $flatten\u_core.$add$/home/danieltyukov/workspace/personal/tt-ihp-int8-npu/src/npu_core.sv:272$973.
  creating $alu model for $macc $flatten\u_core.$add$/home/danieltyukov/workspace/personal/tt-ihp-int8-npu/src/npu_core.sv:234$1064.
  creating $alu model for $macc $flatten\u_core.$add$/home/danieltyukov/workspace/personal/tt-ihp-int8-npu/src/npu_core.sv:234$1051.
  creating $alu model for $macc $flatten\u_core.$add$/home/danieltyukov/workspace/personal/tt-ihp-int8-npu/src/npu_core.sv:234$1038.
  creating $macc cell for $flatten\u_core.$mul$/home/danieltyukov/workspace/personal/tt-ihp-int8-npu/src/npu_core.sv:299$1072: $auto$alumacc.cc:365:replace_macc$3490
  creating $macc cell for $flatten\u_core.$mul$/home/danieltyukov/workspace/personal/tt-ihp-int8-npu/src/npu_core.sv:347$977: $auto$alumacc.cc:365:replace_macc$3491
  creating $macc cell for $flatten\u_core.$mul$/home/danieltyukov/workspace/personal/tt-ihp-int8-npu/src/npu_core.sv:527$1004: $auto$alumacc.cc:365:replace_macc$3492
  creating $macc cell for $flatten\u_core.$mul$/home/danieltyukov/workspace/personal/tt-ihp-int8-npu/src/npu_core.sv:342$974: $auto$alumacc.cc:365:replace_macc$3493
  creating $macc cell for $flatten\u_core.$mul$/home/danieltyukov/workspace/personal/tt-ihp-int8-npu/src/npu_core.sv:299$1177: $auto$alumacc.cc:365:replace_macc$3494
  creating $macc cell for $flatten\u_core.$mul$/home/danieltyukov/workspace/personal/tt-ihp-int8-npu/src/npu_core.sv:299$1142: $auto$alumacc.cc:365:replace_macc$3495
  creating $macc cell for $flatten\u_core.$mul$/home/danieltyukov/workspace/personal/tt-ihp-int8-npu/src/npu_core.sv:299$1107: $auto$alumacc.cc:365:replace_macc$3496
  creating $alu model for $flatten\u_core.$ge$/home/danieltyukov/workspace/personal/tt-ihp-int8-npu/src/npu_core.sv:231$1032 ($ge): new $alu
  creating $alu model for $flatten\u_core.$ge$/home/danieltyukov/workspace/personal/tt-ihp-int8-npu/src/npu_core.sv:231$1045 ($ge): new $alu
  creating $alu model for $flatten\u_core.$ge$/home/danieltyukov/workspace/personal/tt-ihp-int8-npu/src/npu_core.sv:231$1058 ($ge): new $alu
  creating $alu model for $flatten\u_core.$le$/home/danieltyukov/workspace/personal/tt-ihp-int8-npu/src/npu_core.sv:229$1021 ($le): new $alu
  creating $alu model for $flatten\u_core.$le$/home/danieltyukov/workspace/personal/tt-ihp-int8-npu/src/npu_core.sv:231$1034 ($le): new $alu
  creating $alu model for $flatten\u_core.$le$/home/danieltyukov/workspace/personal/tt-ihp-int8-npu/src/npu_core.sv:231$1047 ($le): new $alu
  creating $alu model for $flatten\u_core.$le$/home/danieltyukov/workspace/personal/tt-ihp-int8-npu/src/npu_core.sv:231$1060 ($le): new $alu
  creating $alu model for $flatten\u_core.$lt$/home/danieltyukov/workspace/personal/tt-ihp-int8-npu/src/npu_core.sv:530$1007 ($lt): new $alu
  creating $alu model for $flatten\u_core.\u_act.$ge$/home/danieltyukov/workspace/personal/tt-ihp-int8-npu/src/npu_activation.sv:48$9 ($ge): new $alu
  creating $alu model for $flatten\u_core.\u_act.$gt$/home/danieltyukov/workspace/personal/tt-ihp-int8-npu/src/npu_activation.sv:44$4 ($gt): new $alu
  creating $alu model for $flatten\u_core.\u_act.$gt$/home/danieltyukov/workspace/personal/tt-ihp-int8-npu/src/npu_activation.sv:56$19 ($gt): new $alu
  creating $alu model for $flatten\u_core.\u_act.$lt$/home/danieltyukov/workspace/personal/tt-ihp-int8-npu/src/npu_activation.sv:45$5 ($lt): new $alu
  creating $alu model for $flatten\u_core.\u_act.$lt$/home/danieltyukov/workspace/personal/tt-ihp-int8-npu/src/npu_activation.sv:56$18 ($lt): new $alu
  creating $alu model for $flatten\u_core.\u_host.$ge$/home/danieltyukov/workspace/personal/tt-ihp-int8-npu/src/npu_host_if.sv:193$1605 ($ge): new $alu
  creating $alu model for $flatten\u_core.\u_requant.$ge$/home/danieltyukov/workspace/personal/tt-ihp-int8-npu/src/npu_requant.sv:174$1547 ($ge): new $alu
  creating $alu model for $flatten\u_core.\u_requant.$gt$/home/danieltyukov/workspace/personal/tt-ihp-int8-npu/src/npu_requant.sv:130$1536 ($gt): new $alu
  creating $alu model for $flatten\u_core.\u_requant.$lt$/home/danieltyukov/workspace/personal/tt-ihp-int8-npu/src/npu_requant.sv:131$1537 ($lt): new $alu
  creating $alu model for $flatten\u_core.\u_requant.$eq$/home/danieltyukov/workspace/personal/tt-ihp-int8-npu/src/npu_requant.sv:179$1553 ($eq): merged with $flatten\u_core.\u_requant.$ge$/home/danieltyukov/workspace/personal/tt-ihp-int8-npu/src/npu_requant.sv:174$1547.
  creating $alu cell for $flatten\u_core.\u_requant.$lt$/home/danieltyukov/workspace/personal/tt-ihp-int8-npu/src/npu_requant.sv:131$1537: $auto$alumacc.cc:485:replace_alu$3514
  creating $alu cell for $flatten\u_core.\u_requant.$gt$/home/danieltyukov/workspace/personal/tt-ihp-int8-npu/src/npu_requant.sv:130$1536: $auto$alumacc.cc:485:replace_alu$3527
  creating $alu cell for $flatten\u_core.\u_requant.$ge$/home/danieltyukov/workspace/personal/tt-ihp-int8-npu/src/npu_requant.sv:174$1547, $flatten\u_core.\u_requant.$eq$/home/danieltyukov/workspace/personal/tt-ihp-int8-npu/src/npu_requant.sv:179$1553: $auto$alumacc.cc:485:replace_alu$3534
  creating $alu cell for $flatten\u_core.\u_host.$ge$/home/danieltyukov/workspace/personal/tt-ihp-int8-npu/src/npu_host_if.sv:193$1605: $auto$alumacc.cc:485:replace_alu$3543
  creating $alu cell for $flatten\u_core.\u_act.$lt$/home/danieltyukov/workspace/personal/tt-ihp-int8-npu/src/npu_activation.sv:56$18: $auto$alumacc.cc:485:replace_alu$3552
  creating $alu cell for $flatten\u_core.\u_act.$lt$/home/danieltyukov/workspace/personal/tt-ihp-int8-npu/src/npu_activation.sv:45$5: $auto$alumacc.cc:485:replace_alu$3559
  creating $alu cell for $flatten\u_core.\u_act.$gt$/home/danieltyukov/workspace/personal/tt-ihp-int8-npu/src/npu_activation.sv:56$19: $auto$alumacc.cc:485:replace_alu$3572
  creating $alu cell for $flatten\u_core.\u_act.$gt$/home/danieltyukov/workspace/personal/tt-ihp-int8-npu/src/npu_activation.sv:44$4: $auto$alumacc.cc:485:replace_alu$3585
  creating $alu cell for $flatten\u_core.\u_act.$ge$/home/danieltyukov/workspace/personal/tt-ihp-int8-npu/src/npu_activation.sv:48$9: $auto$alumacc.cc:485:replace_alu$3592
  creating $alu cell for $flatten\u_core.$lt$/home/danieltyukov/workspace/personal/tt-ihp-int8-npu/src/npu_core.sv:530$1007: $auto$alumacc.cc:485:replace_alu$3603
  creating $alu cell for $flatten\u_core.$le$/home/danieltyukov/workspace/personal/tt-ihp-int8-npu/src/npu_core.sv:231$1060: $auto$alumacc.cc:485:replace_alu$3614
  creating $alu cell for $flatten\u_core.$le$/home/danieltyukov/workspace/personal/tt-ihp-int8-npu/src/npu_core.sv:231$1047: $auto$alumacc.cc:485:replace_alu$3627
  creating $alu cell for $flatten\u_core.$le$/home/danieltyukov/workspace/personal/tt-ihp-int8-npu/src/npu_core.sv:231$1034: $auto$alumacc.cc:485:replace_alu$3640
  creating $alu cell for $flatten\u_core.$le$/home/danieltyukov/workspace/personal/tt-ihp-int8-npu/src/npu_core.sv:229$1021: $auto$alumacc.cc:485:replace_alu$3653
  creating $alu cell for $flatten\u_core.$ge$/home/danieltyukov/workspace/personal/tt-ihp-int8-npu/src/npu_core.sv:231$1058: $auto$alumacc.cc:485:replace_alu$3666
  creating $alu cell for $flatten\u_core.$ge$/home/danieltyukov/workspace/personal/tt-ihp-int8-npu/src/npu_core.sv:231$1045: $auto$alumacc.cc:485:replace_alu$3675
  creating $alu cell for $flatten\u_core.$add$/home/danieltyukov/workspace/personal/tt-ihp-int8-npu/src/npu_core.sv:234$1038: $auto$alumacc.cc:485:replace_alu$3684
  creating $alu cell for $flatten\u_core.$add$/home/danieltyukov/workspace/personal/tt-ihp-int8-npu/src/npu_core.sv:234$1051: $auto$alumacc.cc:485:replace_alu$3687
  creating $alu cell for $flatten\u_core.$add$/home/danieltyukov/workspace/personal/tt-ihp-int8-npu/src/npu_core.sv:234$1064: $auto$alumacc.cc:485:replace_alu$3690
  creating $alu cell for $flatten\u_core.$add$/home/danieltyukov/workspace/personal/tt-ihp-int8-npu/src/npu_core.sv:272$973: $auto$alumacc.cc:485:replace_alu$3693
  creating $alu cell for $flatten\u_core.$add$/home/danieltyukov/workspace/personal/tt-ihp-int8-npu/src/npu_core.sv:298$1106: $auto$alumacc.cc:485:replace_alu$3696
  creating $alu cell for $flatten\u_core.$add$/home/danieltyukov/workspace/personal/tt-ihp-int8-npu/src/npu_core.sv:298$1141: $auto$alumacc.cc:485:replace_alu$3699
  creating $alu cell for $flatten\u_core.$add$/home/danieltyukov/workspace/personal/tt-ihp-int8-npu/src/npu_core.sv:298$1176: $auto$alumacc.cc:485:replace_alu$3702
  creating $alu cell for $flatten\u_core.$add$/home/danieltyukov/workspace/personal/tt-ihp-int8-npu/src/npu_core.sv:348$982: $auto$alumacc.cc:485:replace_alu$3705
  creating $alu cell for $flatten\u_core.$add$/home/danieltyukov/workspace/personal/tt-ihp-int8-npu/src/npu_core.sv:411$986: $auto$alumacc.cc:485:replace_alu$3708
  creating $alu cell for $flatten\u_core.$ge$/home/danieltyukov/workspace/personal/tt-ihp-int8-npu/src/npu_core.sv:231$1032: $auto$alumacc.cc:485:replace_alu$3711
  creating $alu cell for $flatten\u_core.$add$/home/danieltyukov/workspace/personal/tt-ihp-int8-npu/src/npu_core.sv:468$996: $auto$alumacc.cc:485:replace_alu$3720
  creating $alu cell for $flatten\u_core.$add$/home/danieltyukov/workspace/personal/tt-ihp-int8-npu/src/npu_core.sv:490$998: $auto$alumacc.cc:485:replace_alu$3723
  creating $alu cell for $flatten\u_core.$add$/home/danieltyukov/workspace/personal/tt-ihp-int8-npu/src/npu_core.sv:492$999: $auto$alumacc.cc:485:replace_alu$3726
  creating $alu cell for $flatten\u_core.$add$/home/danieltyukov/workspace/personal/tt-ihp-int8-npu/src/npu_core.sv:525$1003: $auto$alumacc.cc:485:replace_alu$3729
  creating $alu cell for $flatten\u_core.$sub$/home/danieltyukov/workspace/personal/tt-ihp-int8-npu/src/npu_core.sv:226$1030: $auto$alumacc.cc:485:replace_alu$3732
  creating $alu cell for $flatten\u_core.$sub$/home/danieltyukov/workspace/personal/tt-ihp-int8-npu/src/npu_core.sv:226$1043: $auto$alumacc.cc:485:replace_alu$3735
  creating $alu cell for $flatten\u_core.$sub$/home/danieltyukov/workspace/personal/tt-ihp-int8-npu/src/npu_core.sv:226$1056: $auto$alumacc.cc:485:replace_alu$3738
  creating $alu cell for $flatten\u_core.\u_act.$add$/home/danieltyukov/workspace/personal/tt-ihp-int8-npu/src/npu_activation.sv:43$3: $auto$alumacc.cc:485:replace_alu$3741
  creating $alu cell for $flatten\u_core.\u_act.$sub$/home/danieltyukov/workspace/personal/tt-ihp-int8-npu/src/npu_activation.sv:41$1: $auto$alumacc.cc:485:replace_alu$3744
  creating $alu cell for $flatten\u_core.\u_host.$add$/home/danieltyukov/workspace/personal/tt-ihp-int8-npu/src/npu_host_if.sv:197$1606: $auto$alumacc.cc:485:replace_alu$3747
  creating $alu cell for $flatten\u_core.\u_host.$add$/home/danieltyukov/workspace/personal/tt-ihp-int8-npu/src/npu_host_if.sv:215$1607: $auto$alumacc.cc:485:replace_alu$3750
  creating $alu cell for $flatten\u_core.\u_requant.$add$/home/danieltyukov/workspace/personal/tt-ihp-int8-npu/src/npu_requant.sv:157$1542: $auto$alumacc.cc:485:replace_alu$3753
  creating $alu cell for $flatten\u_core.\u_requant.$sub$/home/danieltyukov/workspace/personal/tt-ihp-int8-npu/src/npu_requant.sv:167$1543: $auto$alumacc.cc:485:replace_alu$3756
  creating $alu cell for $flatten\u_core.\u_requant.$sub$/home/danieltyukov/workspace/personal/tt-ihp-int8-npu/src/npu_requant.sv:178$1552: $auto$alumacc.cc:485:replace_alu$3759
  creating $alu cell for $flatten\u_core.\u_requant.$sub$/home/danieltyukov/workspace/personal/tt-ihp-int8-npu/src/npu_requant.sv:184$1555: $auto$alumacc.cc:485:replace_alu$3762
  created 41 $alu and 7 $macc cells.

16.14. Executing SHARE pass (SAT-based resource sharing).
Found 2 cells in module tt_um_danieltyukov_int8_npu that may be considered for resource sharing.
  Analyzing resource sharing options for $flatten\u_core.\u_host.$auto$mem.cc:273:emit$2091 ($memrd_v2):
    Found 1 activation_patterns using ctrl signal { $flatten\u_core.\u_host.$logic_and$/home/danieltyukov/workspace/personal/tt-ihp-int8-npu/src/npu_host_if.sv:160$1587_Y $flatten\u_core.\u_host.$logic_and$/home/danieltyukov/workspace/personal/tt-ihp-int8-npu/src/npu_host_if.sv:156$1580_Y }.
    No candidates found.
  Analyzing resource sharing options for $flatten\u_core.\u_act.$sshr$/home/danieltyukov/workspace/personal/tt-ihp-int8-npu/src/npu_activation.sv:42$2 ($sshr):
    Found 144 activation_patterns using ctrl signal { \u_core.g_res[0].wen \u_core.g_res[1].wen \u_core.g_res[2].wen \u_core.g_res[3].wen \u_core.g_res[4].wen \u_core.g_res[5].wen \u_core.g_res[6].wen \u_core.g_res[7].wen \u_core.g_res[8].wen \u_core.g_res[9].wen \u_core.g_res[10].wen \u_core.g_res[11].wen \u_core.g_res[12].wen \u_core.g_res[13].wen \u_core.g_res[14].wen \u_core.g_res[15].wen $auto$rtlil.cc:2405:ReduceOr$3602 \u_core.u_host.soft_rst $auto$rtlil.cc:2401:Not$3571 $auto$rtlil.cc:2433:Xor$3558 $auto$rtlil.cc:2401:Not$3584 $auto$rtlil.cc:2433:Xor$3591 $flatten\u_core.\u_act.$eq$/home/danieltyukov/workspace/personal/tt-ihp-int8-npu/src/npu_activation.sv:48$8_Y }.
    No candidates found.

16.15. Executing OPT pass (performing simple optimizations).

16.15.1. Executing OPT_EXPR pass (perform const folding).
Optimizing module tt_um_danieltyukov_int8_npu.
<suppressed ~5 debug messages>

16.15.2. Executing OPT_MERGE pass (detect identical cells).
Finding identical cells in module `\tt_um_danieltyukov_int8_npu'.
<suppressed ~3 debug messages>
Removed a total of 1 cells.

16.15.3. Executing OPT_MUXTREE pass (detect dead branches in mux trees).
Running muxtree optimizer on module \tt_um_danieltyukov_int8_npu..
  Creating internal representation of mux trees.
  Evaluating internal representation of mux trees.
  Analyzing evaluation results.
Removed 0 multiplexer ports.
<suppressed ~105 debug messages>

16.15.4. Executing OPT_REDUCE pass (consolidate $*mux and $reduce_* inputs).
  Optimizing cells in module \tt_um_danieltyukov_int8_npu.
Performed a total of 0 changes.

16.15.5. Executing OPT_MERGE pass (detect identical cells).
Finding identical cells in module `\tt_um_danieltyukov_int8_npu'.
Removed a total of 0 cells.

16.15.6. Executing OPT_DFF pass (perform DFF optimizations).

16.15.7. Executing OPT_CLEAN pass (remove unused cells and wires).
Finding unused cells or wires in module \tt_um_danieltyukov_int8_npu..
Removed 3 unused cells and 22 unused wires.
<suppressed ~5 debug messages>

16.15.8. Executing OPT_EXPR pass (perform const folding).
Optimizing module tt_um_danieltyukov_int8_npu.

16.15.9. Rerunning OPT passes. (Maybe there is more to do..)

16.15.10. Executing OPT_MUXTREE pass (detect dead branches in mux trees).
Running muxtree optimizer on module \tt_um_danieltyukov_int8_npu..
  Creating internal representation of mux trees.
  Evaluating internal representation of mux trees.
  Analyzing evaluation results.
Removed 0 multiplexer ports.
<suppressed ~105 debug messages>

16.15.11. Executing OPT_REDUCE pass (consolidate $*mux and $reduce_* inputs).
  Optimizing cells in module \tt_um_danieltyukov_int8_npu.
Performed a total of 0 changes.

16.15.12. Executing OPT_MERGE pass (detect identical cells).
Finding identical cells in module `\tt_um_danieltyukov_int8_npu'.
Removed a total of 0 cells.

16.15.13. Executing OPT_DFF pass (perform DFF optimizations).

16.15.14. Executing OPT_CLEAN pass (remove unused cells and wires).
Finding unused cells or wires in module \tt_um_danieltyukov_int8_npu..

16.15.15. Executing OPT_EXPR pass (perform const folding).
Optimizing module tt_um_danieltyukov_int8_npu.

16.15.16. Finished OPT passes. (There is nothing left to do.)

16.16. Executing MEMORY pass.

16.16.1. Executing OPT_MEM pass (optimize memories).
Performed a total of 0 transformations.

16.16.2. Executing OPT_MEM_PRIORITY pass (removing unnecessary memory write priority relations).
Performed a total of 0 transformations.

16.16.3. Executing OPT_MEM_FEEDBACK pass (finding memory read-to-write feedback paths).

16.16.4. Executing MEMORY_BMUX2ROM pass (converting muxes to ROMs).

16.16.5. Executing MEMORY_DFF pass (merging $dff cells to $memrd).
Checking read port `$flatten\u_core.\u_host.$auto$proc_rom.cc:150:do_switch$2090'[0] in module `\tt_um_danieltyukov_int8_npu': no output FF found.
Checking read port address `$flatten\u_core.\u_host.$auto$proc_rom.cc:150:do_switch$2090'[0] in module `\tt_um_danieltyukov_int8_npu': no address FF found.

16.16.6. Executing OPT_CLEAN pass (remove unused cells and wires).
Finding unused cells or wires in module \tt_um_danieltyukov_int8_npu..

16.16.7. Executing MEMORY_SHARE pass (consolidating $memrd/$memwr cells).

16.16.8. Executing OPT_MEM_WIDEN pass (optimize memories where all ports are wide).
Performed a total of 0 transformations.

16.16.9. Executing OPT_CLEAN pass (remove unused cells and wires).
Finding unused cells or wires in module \tt_um_danieltyukov_int8_npu..

16.16.10. Executing MEMORY_COLLECT pass (generating $mem cells).

16.17. Executing OPT_CLEAN pass (remove unused cells and wires).
Finding unused cells or wires in module \tt_um_danieltyukov_int8_npu..

16.18. Executing OPT pass (performing simple optimizations).

16.18.1. Executing OPT_EXPR pass (perform const folding).
Optimizing module tt_um_danieltyukov_int8_npu.
<suppressed ~15201 debug messages>

16.18.2. Executing OPT_MERGE pass (detect identical cells).
Finding identical cells in module `\tt_um_danieltyukov_int8_npu'.
<suppressed ~87 debug messages>
Removed a total of 29 cells.

16.18.3. Executing OPT_DFF pass (perform DFF optimizations).
Adding EN signal on $auto$ff.cc:266:slice$3088 ($adffe) from module tt_um_danieltyukov_int8_npu (D = $flatten\u_core.\u_requant.$0\shcnt[5:0] [1:0], Q = \u_core.u_requant.shcnt [1:0]).

16.18.4. Executing OPT_CLEAN pass (remove unused cells and wires).
Finding unused cells or wires in module \tt_um_danieltyukov_int8_npu..
Removed 114 unused cells and 4616 unused wires.
<suppressed ~118 debug messages>

16.18.5. Rerunning OPT passes. (Removed registers in this run.)

16.18.6. Executing OPT_EXPR pass (perform const folding).
Optimizing module tt_um_danieltyukov_int8_npu.
<suppressed ~99 debug messages>

16.18.7. Executing OPT_MERGE pass (detect identical cells).
Finding identical cells in module `\tt_um_danieltyukov_int8_npu'.
Removed a total of 0 cells.

16.18.8. Executing OPT_DFF pass (perform DFF optimizations).

16.18.9. Executing OPT_CLEAN pass (remove unused cells and wires).
Finding unused cells or wires in module \tt_um_danieltyukov_int8_npu..

16.18.10. Finished fast OPT passes.

16.19. Executing MEMORY_MAP pass (converting memories to logic and flip-flops).
Mapping memory $flatten\u_core.\u_host.$auto$proc_rom.cc:150:do_switch$2090 in module \tt_um_danieltyukov_int8_npu:
  created 16 $dff cells and 0 static cells of width 1.
  read interface: 0 $dff and 15 $mux cells.
  write interface: 0 write mux blocks.

16.20. Executing OPT pass (performing simple optimizations).

16.20.1. Executing OPT_EXPR pass (perform const folding).
Optimizing module tt_um_danieltyukov_int8_npu.
<suppressed ~9 debug messages>

16.20.2. Executing OPT_MERGE pass (detect identical cells).
Finding identical cells in module `\tt_um_danieltyukov_int8_npu'.
Removed a total of 0 cells.

16.20.3. Executing OPT_MUXTREE pass (detect dead branches in mux trees).
Running muxtree optimizer on module \tt_um_danieltyukov_int8_npu..
  Creating internal representation of mux trees.
  Evaluating internal representation of mux trees.
  Analyzing evaluation results.
Removed 0 multiplexer ports.
<suppressed ~74 debug messages>

16.20.4. Executing OPT_REDUCE pass (consolidate $*mux and $reduce_* inputs).
  Optimizing cells in module \tt_um_danieltyukov_int8_npu.
    New input vector for $reduce_and cell $auto$opt_dff.cc:220:make_patterns_logic$11222: { $auto$opt_dff.cc:194:make_patterns_logic$3075 $auto$opt_dff.cc:194:make_patterns_logic$11219 $auto$opt_dff.cc:194:make_patterns_logic$3077 }
    Consolidated identical input bits for $mux cell $flatten\u_core.$ternary$/home/danieltyukov/workspace/personal/tt-ihp-int8-npu/src/npu_core.sv:322$1077:
      Old ports: A=24'011111111111111111111111, B=24'100000000000000000000000, Y=$flatten\u_core.$ternary$/home/danieltyukov/workspace/personal/tt-ihp-int8-npu/src/npu_core.sv:322$1077_Y
      New ports: A=2'01, B=2'10, Y={ $flatten\u_core.$ternary$/home/danieltyukov/workspace/personal/tt-ihp-int8-npu/src/npu_core.sv:322$1077_Y [23] $flatten\u_core.$ternary$/home/danieltyukov/workspace/personal/tt-ihp-int8-npu/src/npu_core.sv:322$1077_Y [0] }
      New connections: $flatten\u_core.$ternary$/home/danieltyukov/workspace/personal/tt-ihp-int8-npu/src/npu_core.sv:322$1077_Y [22:1] = { $flatten\u_core.$ternary$/home/danieltyukov/workspace/personal/tt-ihp-int8-npu/src/npu_core.sv:322$1077_Y [0] $flatten\u_core.$ternary$/home/danieltyukov/workspace/personal/tt-ihp-int8-npu/src/npu_core.sv:322$1077_Y [0] $flatten\u_core.$ternary$/home/danieltyukov/workspace/personal/tt-ihp-int8-npu/src/npu_core.sv:322$1077_Y [0] $flatten\u_core.$ternary$/home/danieltyukov/workspace/personal/tt-ihp-int8-npu/src/npu_core.sv:322$1077_Y [0] $flatten\u_core.$ternary$/home/danieltyukov/workspace/personal/tt-ihp-int8-npu/src/npu_core.sv:322$1077_Y [0] $flatten\u_core.$ternary$/home/danieltyukov/workspace/personal/tt-ihp-int8-npu/src/npu_core.sv:322$1077_Y [0] $flatten\u_core.$ternary$/home/danieltyukov/workspace/personal/tt-ihp-int8-npu/src/npu_core.sv:322$1077_Y [0] $flatten\u_core.$ternary$/home/danieltyukov/workspace/personal/tt-ihp-int8-npu/src/npu_core.sv:322$1077_Y [0] $flatten\u_core.$ternary$/home/danieltyukov/workspace/personal/tt-ihp-int8-npu/src/npu_core.sv:322$1077_Y [0] $flatten\u_core.$ternary$/home/danieltyukov/workspace/personal/tt-ihp-int8-npu/src/npu_core.sv:322$1077_Y [0] $flatten\u_core.$ternary$/home/danieltyukov/workspace/personal/tt-ihp-int8-npu/src/npu_core.sv:322$1077_Y [0] $flatten\u_core.$ternary$/home/danieltyukov/workspace/personal/tt-ihp-int8-npu/src/npu_core.sv:322$1077_Y [0] $flatten\u_core.$ternary$/home/danieltyukov/workspace/personal/tt-ihp-int8-npu/src/npu_core.sv:322$1077_Y [0] $flatten\u_core.$ternary$/home/danieltyukov/workspace/personal/tt-ihp-int8-npu/src/npu_core.sv:322$1077_Y [0] $flatten\u_core.$ternary$/home/danieltyukov/workspace/personal/tt-ihp-int8-npu/src/npu_core.sv:322$1077_Y [0] $flatten\u_core.$ternary$/home/danieltyukov/workspace/personal/tt-ihp-int8-npu/src/npu_core.sv:322$1077_Y [0] $flatten\u_core.$ternary$/home/danieltyukov/workspace/personal/tt-ihp-int8-npu/src/npu_core.sv:322$1077_Y [0] $flatten\u_core.$ternary$/home/danieltyukov/workspace/personal/tt-ihp-int8-npu/src/npu_core.sv:322$1077_Y [0] $flatten\u_core.$ternary$/home/danieltyukov/workspace/personal/tt-ihp-int8-npu/src/npu_core.sv:322$1077_Y [0] $flatten\u_core.$ternary$/home/danieltyukov/workspace/personal/tt-ihp-int8-npu/src/npu_core.sv:322$1077_Y [0] $flatten\u_core.$ternary$/home/danieltyukov/workspace/personal/tt-ihp-int8-npu/src/npu_core.sv:322$1077_Y [0] $flatten\u_core.$ternary$/home/danieltyukov/workspace/personal/tt-ihp-int8-npu/src/npu_core.sv:322$1077_Y [0] }
    Consolidated identical input bits for $mux cell $flatten\u_core.$ternary$/home/danieltyukov/workspace/personal/tt-ihp-int8-npu/src/npu_core.sv:322$1112:
      Old ports: A=24'011111111111111111111111, B=24'100000000000000000000000, Y=$flatten\u_core.$ternary$/home/danieltyukov/workspace/personal/tt-ihp-int8-npu/src/npu_core.sv:322$1112_Y
      New ports: A=2'01, B=2'10, Y={ $flatten\u_core.$ternary$/home/danieltyukov/workspace/personal/tt-ihp-int8-npu/src/npu_core.sv:322$1112_Y [23] $flatten\u_core.$ternary$/home/danieltyukov/workspace/personal/tt-ihp-int8-npu/src/npu_core.sv:322$1112_Y [0] }
      New connections: $flatten\u_core.$ternary$/home/danieltyukov/workspace/personal/tt-ihp-int8-npu/src/npu_core.sv:322$1112_Y [22:1] = { $flatten\u_core.$ternary$/home/danieltyukov/workspace/personal/tt-ihp-int8-npu/src/npu_core.sv:322$1112_Y [0] $flatten\u_core.$ternary$/home/danieltyukov/workspace/personal/tt-ihp-int8-npu/src/npu_core.sv:322$1112_Y [0] $flatten\u_core.$ternary$/home/danieltyukov/workspace/personal/tt-ihp-int8-npu/src/npu_core.sv:322$1112_Y [0] $flatten\u_core.$ternary$/home/danieltyukov/workspace/personal/tt-ihp-int8-npu/src/npu_core.sv:322$1112_Y [0] $flatten\u_core.$ternary$/home/danieltyukov/workspace/personal/tt-ihp-int8-npu/src/npu_core.sv:322$1112_Y [0] $flatten\u_core.$ternary$/home/danieltyukov/workspace/personal/tt-ihp-int8-npu/src/npu_core.sv:322$1112_Y [0] $flatten\u_core.$ternary$/home/danieltyukov/workspace/personal/tt-ihp-int8-npu/src/npu_core.sv:322$1112_Y [0] $flatten\u_core.$ternary$/home/danieltyukov/workspace/personal/tt-ihp-int8-npu/src/npu_core.sv:322$1112_Y [0] $flatten\u_core.$ternary$/home/danieltyukov/workspace/personal/tt-ihp-int8-npu/src/npu_core.sv:322$1112_Y [0] $flatten\u_core.$ternary$/home/danieltyukov/workspace/personal/tt-ihp-int8-npu/src/npu_core.sv:322$1112_Y [0] $flatten\u_core.$ternary$/home/danieltyukov/workspace/personal/tt-ihp-int8-npu/src/npu_core.sv:322$1112_Y [0] $flatten\u_core.$ternary$/home/danieltyukov/workspace/personal/tt-ihp-int8-npu/src/npu_core.sv:322$1112_Y [0] $flatten\u_core.$ternary$/home/danieltyukov/workspace/personal/tt-ihp-int8-npu/src/npu_core.sv:322$1112_Y [0] $flatten\u_core.$ternary$/home/danieltyukov/workspace/personal/tt-ihp-int8-npu/src/npu_core.sv:322$1112_Y [0] $flatten\u_core.$ternary$/home/danieltyukov/workspace/personal/tt-ihp-int8-npu/src/npu_core.sv:322$1112_Y [0] $flatten\u_core.$ternary$/home/danieltyukov/workspace/personal/tt-ihp-int8-npu/src/npu_core.sv:322$1112_Y [0] $flatten\u_core.$ternary$/home/danieltyukov/workspace/personal/tt-ihp-int8-npu/src/npu_core.sv:322$1112_Y [0] $flatten\u_core.$ternary$/home/danieltyukov/workspace/personal/tt-ihp-int8-npu/src/npu_core.sv:322$1112_Y [0] $flatten\u_core.$ternary$/home/danieltyukov/workspace/personal/tt-ihp-int8-npu/src/npu_core.sv:322$1112_Y [0] $flatten\u_core.$ternary$/home/danieltyukov/workspace/personal/tt-ihp-int8-npu/src/npu_core.sv:322$1112_Y [0] $flatten\u_core.$ternary$/home/danieltyukov/workspace/personal/tt-ihp-int8-npu/src/npu_core.sv:322$1112_Y [0] $flatten\u_core.$ternary$/home/danieltyukov/workspace/personal/tt-ihp-int8-npu/src/npu_core.sv:322$1112_Y [0] }
    Consolidated identical input bits for $mux cell $flatten\u_core.$ternary$/home/danieltyukov/workspace/personal/tt-ihp-int8-npu/src/npu_core.sv:322$1147:
      Old ports: A=24'011111111111111111111111, B=24'100000000000000000000000, Y=$flatten\u_core.$ternary$/home/danieltyukov/workspace/personal/tt-ihp-int8-npu/src/npu_core.sv:322$1147_Y
      New ports: A=2'01, B=2'10, Y={ $flatten\u_core.$ternary$/home/danieltyukov/workspace/personal/tt-ihp-int8-npu/src/npu_core.sv:322$1147_Y [23] $flatten\u_core.$ternary$/home/danieltyukov/workspace/personal/tt-ihp-int8-npu/src/npu_core.sv:322$1147_Y [0] }
      New connections: $flatten\u_core.$ternary$/home/danieltyukov/workspace/personal/tt-ihp-int8-npu/src/npu_core.sv:322$1147_Y [22:1] = { $flatten\u_core.$ternary$/home/danieltyukov/workspace/personal/tt-ihp-int8-npu/src/npu_core.sv:322$1147_Y [0] $flatten\u_core.$ternary$/home/danieltyukov/workspace/personal/tt-ihp-int8-npu/src/npu_core.sv:322$1147_Y [0] $flatten\u_core.$ternary$/home/danieltyukov/workspace/personal/tt-ihp-int8-npu/src/npu_core.sv:322$1147_Y [0] $flatten\u_core.$ternary$/home/danieltyukov/workspace/personal/tt-ihp-int8-npu/src/npu_core.sv:322$1147_Y [0] $flatten\u_core.$ternary$/home/danieltyukov/workspace/personal/tt-ihp-int8-npu/src/npu_core.sv:322$1147_Y [0] $flatten\u_core.$ternary$/home/danieltyukov/workspace/personal/tt-ihp-int8-npu/src/npu_core.sv:322$1147_Y [0] $flatten\u_core.$ternary$/home/danieltyukov/workspace/personal/tt-ihp-int8-npu/src/npu_core.sv:322$1147_Y [0] $flatten\u_core.$ternary$/home/danieltyukov/workspace/personal/tt-ihp-int8-npu/src/npu_core.sv:322$1147_Y [0] $flatten\u_core.$ternary$/home/danieltyukov/workspace/personal/tt-ihp-int8-npu/src/npu_core.sv:322$1147_Y [0] $flatten\u_core.$ternary$/home/danieltyukov/workspace/personal/tt-ihp-int8-npu/src/npu_core.sv:322$1147_Y [0] $flatten\u_core.$ternary$/home/danieltyukov/workspace/personal/tt-ihp-int8-npu/src/npu_core.sv:322$1147_Y [0] $flatten\u_core.$ternary$/home/danieltyukov/workspace/personal/tt-ihp-int8-npu/src/npu_core.sv:322$1147_Y [0] $flatten\u_core.$ternary$/home/danieltyukov/workspace/personal/tt-ihp-int8-npu/src/npu_core.sv:322$1147_Y [0] $flatten\u_core.$ternary$/home/danieltyukov/workspace/personal/tt-ihp-int8-npu/src/npu_core.sv:322$1147_Y [0] $flatten\u_core.$ternary$/home/danieltyukov/workspace/personal/tt-ihp-int8-npu/src/npu_core.sv:322$1147_Y [0] $flatten\u_core.$ternary$/home/danieltyukov/workspace/personal/tt-ihp-int8-npu/src/npu_core.sv:322$1147_Y [0] $flatten\u_core.$ternary$/home/danieltyukov/workspace/personal/tt-ihp-int8-npu/src/npu_core.sv:322$1147_Y [0] $flatten\u_core.$ternary$/home/danieltyukov/workspace/personal/tt-ihp-int8-npu/src/npu_core.sv:322$1147_Y [0] $flatten\u_core.$ternary$/home/danieltyukov/workspace/personal/tt-ihp-int8-npu/src/npu_core.sv:322$1147_Y [0] $flatten\u_core.$ternary$/home/danieltyukov/workspace/personal/tt-ihp-int8-npu/src/npu_core.sv:322$1147_Y [0] $flatten\u_core.$ternary$/home/danieltyukov/workspace/personal/tt-ihp-int8-npu/src/npu_core.sv:322$1147_Y [0] $flatten\u_core.$ternary$/home/danieltyukov/workspace/personal/tt-ihp-int8-npu/src/npu_core.sv:322$1147_Y [0] }
    Consolidated identical input bits for $mux cell $flatten\u_core.$ternary$/home/danieltyukov/workspace/personal/tt-ihp-int8-npu/src/npu_core.sv:322$1182:
      Old ports: A=24'011111111111111111111111, B=24'100000000000000000000000, Y=$flatten\u_core.$ternary$/home/danieltyukov/workspace/personal/tt-ihp-int8-npu/src/npu_core.sv:322$1182_Y
      New ports: A=2'01, B=2'10, Y={ $flatten\u_core.$ternary$/home/danieltyukov/workspace/personal/tt-ihp-int8-npu/src/npu_core.sv:322$1182_Y [23] $flatten\u_core.$ternary$/home/danieltyukov/workspace/personal/tt-ihp-int8-npu/src/npu_core.sv:322$1182_Y [0] }
      New connections: $flatten\u_core.$ternary$/home/danieltyukov/workspace/personal/tt-ihp-int8-npu/src/npu_core.sv:322$1182_Y [22:1] = { $flatten\u_core.$ternary$/home/danieltyukov/workspace/personal/tt-ihp-int8-npu/src/npu_core.sv:322$1182_Y [0] $flatten\u_core.$ternary$/home/danieltyukov/workspace/personal/tt-ihp-int8-npu/src/npu_core.sv:322$1182_Y [0] $flatten\u_core.$ternary$/home/danieltyukov/workspace/personal/tt-ihp-int8-npu/src/npu_core.sv:322$1182_Y [0] $flatten\u_core.$ternary$/home/danieltyukov/workspace/personal/tt-ihp-int8-npu/src/npu_core.sv:322$1182_Y [0] $flatten\u_core.$ternary$/home/danieltyukov/workspace/personal/tt-ihp-int8-npu/src/npu_core.sv:322$1182_Y [0] $flatten\u_core.$ternary$/home/danieltyukov/workspace/personal/tt-ihp-int8-npu/src/npu_core.sv:322$1182_Y [0] $flatten\u_core.$ternary$/home/danieltyukov/workspace/personal/tt-ihp-int8-npu/src/npu_core.sv:322$1182_Y [0] $flatten\u_core.$ternary$/home/danieltyukov/workspace/personal/tt-ihp-int8-npu/src/npu_core.sv:322$1182_Y [0] $flatten\u_core.$ternary$/home/danieltyukov/workspace/personal/tt-ihp-int8-npu/src/npu_core.sv:322$1182_Y [0] $flatten\u_core.$ternary$/home/danieltyukov/workspace/personal/tt-ihp-int8-npu/src/npu_core.sv:322$1182_Y [0] $flatten\u_core.$ternary$/home/danieltyukov/workspace/personal/tt-ihp-int8-npu/src/npu_core.sv:322$1182_Y [0] $flatten\u_core.$ternary$/home/danieltyukov/workspace/personal/tt-ihp-int8-npu/src/npu_core.sv:322$1182_Y [0] $flatten\u_core.$ternary$/home/danieltyukov/workspace/personal/tt-ihp-int8-npu/src/npu_core.sv:322$1182_Y [0] $flatten\u_core.$ternary$/home/danieltyukov/workspace/personal/tt-ihp-int8-npu/src/npu_core.sv:322$1182_Y [0] $flatten\u_core.$ternary$/home/danieltyukov/workspace/personal/tt-ihp-int8-npu/src/npu_core.sv:322$1182_Y [0] $flatten\u_core.$ternary$/home/danieltyukov/workspace/personal/tt-ihp-int8-npu/src/npu_core.sv:322$1182_Y [0] $flatten\u_core.$ternary$/home/danieltyukov/workspace/personal/tt-ihp-int8-npu/src/npu_core.sv:322$1182_Y [0] $flatten\u_core.$ternary$/home/danieltyukov/workspace/personal/tt-ihp-int8-npu/src/npu_core.sv:322$1182_Y [0] $flatten\u_core.$ternary$/home/danieltyukov/workspace/personal/tt-ihp-int8-npu/src/npu_core.sv:322$1182_Y [0] $flatten\u_core.$ternary$/home/danieltyukov/workspace/personal/tt-ihp-int8-npu/src/npu_core.sv:322$1182_Y [0] $flatten\u_core.$ternary$/home/danieltyukov/workspace/personal/tt-ihp-int8-npu/src/npu_core.sv:322$1182_Y [0] $flatten\u_core.$ternary$/home/danieltyukov/workspace/personal/tt-ihp-int8-npu/src/npu_core.sv:322$1182_Y [0] }
    Consolidated identical input bits for $pmux cell $flatten\u_core.\u_host.$procmux$2097:
      Old ports: A=5'00000, B=20'10000011000010000001, Y=$flatten\u_core.\u_host.$4\payload_len$func$/home/danieltyukov/workspace/personal/tt-ihp-int8-npu/src/npu_host_if.sv:163$1563.$result[7:0]$1594 [4:0]
      New ports: A=4'0000, B=16'1000011000100001, Y={ $flatten\u_core.\u_host.$4\payload_len$func$/home/danieltyukov/workspace/personal/tt-ihp-int8-npu/src/npu_host_if.sv:163$1563.$result[7:0]$1594 [4:2] $flatten\u_core.\u_host.$4\payload_len$func$/home/danieltyukov/workspace/personal/tt-ihp-int8-npu/src/npu_host_if.sv:163$1563.$result[7:0]$1594 [0] }
      New connections: $flatten\u_core.\u_host.$4\payload_len$func$/home/danieltyukov/workspace/personal/tt-ihp-int8-npu/src/npu_host_if.sv:163$1563.$result[7:0]$1594 [1] = 1'0
    Consolidated identical input bits for $mux cell $flatten\u_core.\u_host.$procmux$2393:
      Old ports: A=2'01, B=2'11, Y=$flatten\u_core.\u_host.$procmux$2393_Y
      New ports: A=1'0, B=1'1, Y=$flatten\u_core.\u_host.$procmux$2393_Y [1]
      New connections: $flatten\u_core.\u_host.$procmux$2393_Y [0] = 1'1
    Consolidated identical input bits for $mux cell $flatten\u_core.\u_requant.$ternary$/home/danieltyukov/workspace/personal/tt-ihp-int8-npu/src/npu_requant.sv:98$1525:
      Old ports: A=26'00000000000000000000000000, B={ \u_core.acc_req_val [23] \u_core.acc_req_val [23] \u_core.acc_req_val }, Y=$flatten\u_core.\u_requant.$ternary$/home/danieltyukov/workspace/personal/tt-ihp-int8-npu/src/npu_requant.sv:98$1525_Y
      New ports: A=24'000000000000000000000000, B=\u_core.acc_req_val, Y=$flatten\u_core.\u_requant.$ternary$/home/danieltyukov/workspace/personal/tt-ihp-int8-npu/src/npu_requant.sv:98$1525_Y [23:0]
      New connections: $flatten\u_core.\u_requant.$ternary$/home/danieltyukov/workspace/personal/tt-ihp-int8-npu/src/npu_requant.sv:98$1525_Y [25:24] = { $flatten\u_core.\u_requant.$ternary$/home/danieltyukov/workspace/personal/tt-ihp-int8-npu/src/npu_requant.sv:98$1525_Y [23] $flatten\u_core.\u_requant.$ternary$/home/danieltyukov/workspace/personal/tt-ihp-int8-npu/src/npu_requant.sv:98$1525_Y [23] }
  Optimizing cells in module \tt_um_danieltyukov_int8_npu.
    Consolidated identical input bits for $mux cell $flatten\u_core.\u_host.$procmux$2395:
      Old ports: A=2'11, B=$flatten\u_core.\u_host.$procmux$2393_Y, Y=$flatten\u_core.\u_host.$procmux$2395_Y
      New ports: A=1'1, B=$flatten\u_core.\u_host.$procmux$2393_Y [1], Y=$flatten\u_core.\u_host.$procmux$2395_Y [1]
      New connections: $flatten\u_core.\u_host.$procmux$2395_Y [0] = 1'1
    Consolidated identical input bits for $mux cell $flatten\u_core.\u_requant.$ternary$/home/danieltyukov/workspace/personal/tt-ihp-int8-npu/src/npu_requant.sv:97$1526:
      Old ports: A=$flatten\u_core.\u_requant.$ternary$/home/danieltyukov/workspace/personal/tt-ihp-int8-npu/src/npu_requant.sv:98$1525_Y, B={ \u_core.acc_req_val [23] \u_core.acc_req_val 1'0 }, Y=\u_core.u_requant.boo_mag
      New ports: A={ $flatten\u_core.\u_requant.$ternary$/home/danieltyukov/workspace/personal/tt-ihp-int8-npu/src/npu_requant.sv:98$1525_Y [23] $flatten\u_core.\u_requant.$ternary$/home/danieltyukov/workspace/personal/tt-ihp-int8-npu/src/npu_requant.sv:98$1525_Y [23:0] }, B={ \u_core.acc_req_val 1'0 }, Y=\u_core.u_requant.boo_mag [24:0]
      New connections: \u_core.u_requant.boo_mag [25] = \u_core.u_requant.boo_mag [24]
  Optimizing cells in module \tt_um_danieltyukov_int8_npu.
Performed a total of 10 changes.

16.20.5. Executing OPT_MERGE pass (detect identical cells).
Finding identical cells in module `\tt_um_danieltyukov_int8_npu'.
Removed a total of 0 cells.

16.20.6. Executing OPT_SHARE pass.

16.20.7. Executing OPT_DFF pass (perform DFF optimizations).

16.20.8. Executing OPT_CLEAN pass (remove unused cells and wires).
Finding unused cells or wires in module \tt_um_danieltyukov_int8_npu..
Removed 0 unused cells and 25 unused wires.
<suppressed ~1 debug messages>

16.20.9. Executing OPT_EXPR pass (perform const folding).
Optimizing module tt_um_danieltyukov_int8_npu.
<suppressed ~8 debug messages>

16.20.10. Rerunning OPT passes. (Maybe there is more to do..)

16.20.11. Executing OPT_MUXTREE pass (detect dead branches in mux trees).
Running muxtree optimizer on module \tt_um_danieltyukov_int8_npu..
  Creating internal representation of mux trees.
  Evaluating internal representation of mux trees.
  Analyzing evaluation results.
Removed 0 multiplexer ports.
<suppressed ~74 debug messages>

16.20.12. Executing OPT_REDUCE pass (consolidate $*mux and $reduce_* inputs).
  Optimizing cells in module \tt_um_danieltyukov_int8_npu.
    Consolidated identical input bits for $mux cell $flatten\u_core.\u_requant.$ternary$/home/danieltyukov/workspace/personal/tt-ihp-int8-npu/src/npu_requant.sv:110$1533:
      Old ports: A=\u_core.u_requant.boo_addend, B={ \u_core.zp_reg [7] \u_core.zp_reg [7] \u_core.zp_reg [7] \u_core.zp_reg [7] \u_core.zp_reg [7] \u_core.zp_reg [7] \u_core.zp_reg [7] \u_core.zp_reg [7] \u_core.zp_reg [7] \u_core.zp_reg [7] \u_core.zp_reg [7] \u_core.zp_reg [7] \u_core.zp_reg [7] \u_core.zp_reg [7] \u_core.zp_reg [7] \u_core.zp_reg [7] \u_core.zp_reg [7] \u_core.zp_reg [7] \u_core.zp_reg }, Y=\u_core.u_requant.u_add.b
      New ports: A=$auto$opt_expr.cc:205:group_cell_inputs$11269, B={ \u_core.zp_reg [7] \u_core.zp_reg [7] \u_core.zp_reg [7] \u_core.zp_reg [7] \u_core.zp_reg [7] \u_core.zp_reg [7] \u_core.zp_reg [7] \u_core.zp_reg [7] \u_core.zp_reg [7] \u_core.zp_reg [7] \u_core.zp_reg [7] \u_core.zp_reg [7] \u_core.zp_reg [7] \u_core.zp_reg [7] \u_core.zp_reg [7] \u_core.zp_reg [7] \u_core.zp_reg [7] \u_core.zp_reg }, Y=\u_core.u_requant.u_add.b [24:0]
      New connections: \u_core.u_requant.u_add.b [25] = \u_core.u_requant.u_add.b [24]
  Optimizing cells in module \tt_um_danieltyukov_int8_npu.
Performed a total of 1 changes.

16.20.13. Executing OPT_MERGE pass (detect identical cells).
Finding identical cells in module `\tt_um_danieltyukov_int8_npu'.
Removed a total of 0 cells.

16.20.14. Executing OPT_SHARE pass.

16.20.15. Executing OPT_DFF pass (perform DFF optimizations).

16.20.16. Executing OPT_CLEAN pass (remove unused cells and wires).
Finding unused cells or wires in module \tt_um_danieltyukov_int8_npu..
Removed 0 unused cells and 3 unused wires.
<suppressed ~1 debug messages>

16.20.17. Executing OPT_EXPR pass (perform const folding).
Optimizing module tt_um_danieltyukov_int8_npu.

16.20.18. Rerunning OPT passes. (Maybe there is more to do..)

16.20.19. Executing OPT_MUXTREE pass (detect dead branches in mux trees).
Running muxtree optimizer on module \tt_um_danieltyukov_int8_npu..
  Creating internal representation of mux trees.
  Evaluating internal representation of mux trees.
  Analyzing evaluation results.
Removed 0 multiplexer ports.
<suppressed ~74 debug messages>

16.20.20. Executing OPT_REDUCE pass (consolidate $*mux and $reduce_* inputs).
  Optimizing cells in module \tt_um_danieltyukov_int8_npu.
Performed a total of 0 changes.

16.20.21. Executing OPT_MERGE pass (detect identical cells).
Finding identical cells in module `\tt_um_danieltyukov_int8_npu'.
Removed a total of 0 cells.

16.20.22. Executing OPT_SHARE pass.

16.20.23. Executing OPT_DFF pass (perform DFF optimizations).

16.20.24. Executing OPT_CLEAN pass (remove unused cells and wires).
Finding unused cells or wires in module \tt_um_danieltyukov_int8_npu..

16.20.25. Executing OPT_EXPR pass (perform const folding).
Optimizing module tt_um_danieltyukov_int8_npu.

16.20.26. Finished OPT passes. (There is nothing left to do.)

16.21. Executing TECHMAP pass (map to technology primitives).

16.21.1. Executing Verilog-2005 frontend: /usr/bin/../share/yosys/techmap.v
Parsing Verilog input from `/usr/bin/../share/yosys/techmap.v' to AST representation.
Generating RTLIL representation for module `\_90_simplemap_bool_ops'.
Generating RTLIL representation for module `\_90_simplemap_reduce_ops'.
Generating RTLIL representation for module `\_90_simplemap_logic_ops'.
Generating RTLIL representation for module `\_90_simplemap_compare_ops'.
Generating RTLIL representation for module `\_90_simplemap_various'.
Generating RTLIL representation for module `\_90_simplemap_registers'.
Generating RTLIL representation for module `\_90_shift_ops_shr_shl_sshl_sshr'.
Generating RTLIL representation for module `\_90_shift_shiftx'.
Generating RTLIL representation for module `\_90_fa'.
Generating RTLIL representation for module `\_90_lcu'.
Generating RTLIL representation for module `\_90_alu'.
Generating RTLIL representation for module `\_90_macc'.
Generating RTLIL representation for module `\_90_alumacc'.
Generating RTLIL representation for module `\$__div_mod_u'.
Generating RTLIL representation for module `\$__div_mod_trunc'.
Generating RTLIL representation for module `\_90_div'.
Generating RTLIL representation for module `\_90_mod'.
Generating RTLIL representation for module `\$__div_mod_floor'.
Generating RTLIL representation for module `\_90_divfloor'.
Generating RTLIL representation for module `\_90_modfloor'.
Generating RTLIL representation for module `\_90_pow'.
Generating RTLIL representation for module `\_90_pmux'.
Generating RTLIL representation for module `\_90_demux'.
Generating RTLIL representation for module `\_90_lut'.
Successfully finished Verilog frontend.

16.21.2. Continuing TECHMAP pass.
Using extmapper simplemap for cells of type $or.
Using extmapper simplemap for cells of type $mux.
Using extmapper simplemap for cells of type $not.
Using extmapper maccmap for cells of type $macc.
  add \u_core.g_bank[0].rd_i * 2'11 (2x2 bits, unsigned)
Using extmapper simplemap for cells of type $reduce_and.
Using extmapper simplemap for cells of type $ne.
Using extmapper simplemap for cells of type $reduce_bool.
Using extmapper simplemap for cells of type $xor.
Using extmapper simplemap for cells of type $adffe.
Using extmapper simplemap for cells of type $and.
Using template $paramod$2e1494a4b447defe52efe982567c833830ffcd42\_90_alu for cells of type $alu.
Using extmapper simplemap for cells of type $reduce_or.
Using template $paramod$d2fa05d38998afabc6d4f34471305d0af4b8b2df\_90_alu for cells of type $alu.
Using template $paramod$constmap:149243966e55990447b265bf363262ee2324aa0c$paramod$6853d0b0c182b1b1cdf760d90bf5412efbf03c5a\_90_shift_ops_shr_shl_sshl_sshr for cells of type $sshr.
Using template $paramod$08c2d337fba0d8fba53e35b89be96dd105931d9e\_90_alu for cells of type $alu.
Using extmapper simplemap for cells of type $eq.
Using template $paramod$e04283ca12514baf3d204c6994bec8f178dd89f8\_90_alu for cells of type $alu.
Using extmapper simplemap for cells of type $logic_or.
Using template $paramod$484d51534650924b7ed4c69e46eed3a56904771f\_90_alu for cells of type $alu.
Using template $paramod$5404fad1a86b446f39b010a8ce9b5ebc058574c5\_90_alu for cells of type $alu.
Using template $paramod$1a6407745a4b939fc01b3599f611fd1c90656484\_90_alu for cells of type $alu.
Using template $paramod$4f7462fd7944a40ab328577064922bdf555975a5\_90_alu for cells of type $alu.
Using template $paramod$9d89fb639f737cac60740e160831d647469879cc\_90_alu for cells of type $alu.
Using template $paramod$8742280fdebca84e1c87f2a86ed84f62d558f4cc\_90_alu for cells of type $alu.
Using extmapper simplemap for cells of type $logic_not.
Using template $paramod$a04dd9d4d8b430140c4ff94b50470fb380fda2a0\_90_alu for cells of type $alu.
Using template $paramod$20d3ee62d72123142eb855d7ddafd835e31ba009\_90_pmux for cells of type $pmux.
Using template $paramod$a1bc51c02ce12ac21eb18988e83292af48ed7d72\_90_alu for cells of type $alu.
Using template $paramod$740b056ede97228d3eae64ea2fdc81f0a33e0fe7\_90_alu for cells of type $alu.
Using template $paramod$constmap:e3ddfdcbb4f12b26ea0da22b0cbeec3a5e220226$paramod$48d6192a04a24a7f5c71ddaf17f8b1f50ea5edfa\_90_shift_shiftx for cells of type $shiftx.
Using template $paramod$0482edde3ea394805a540f3e6a413d0dac29852d\_90_pmux for cells of type $pmux.
Using template $paramod$97565c3687be688407d1272a293bd9d0ae6852dc\_90_pmux for cells of type $pmux.
Using extmapper simplemap for cells of type $adff.
Using extmapper simplemap for cells of type $logic_and.
Using template $paramod$32efbfac1c4dc57230cf86180788fdfd12e3b511\_90_alu for cells of type $alu.
Using template $paramod$constmap:e466e6d4284e5267561ce7ea9c5d9886b49df7b4$paramod$e3c28480cd524dc49d36e9234fe177b1016d4ce1\_90_shift_shiftx for cells of type $shiftx.
Using template $paramod$719aadea7a94d31a13cd25a777432aacb0e462b5\_90_alu for cells of type $alu.
Using template $paramod$c5c783b17ab1d780abfad8cfe6563a0a7b47a3b0\_90_pmux for cells of type $pmux.
Using template $paramod$a9f023b7f9387cc24984a8fa4722169e6d5f74aa\_90_pmux for cells of type $pmux.
Using template $paramod$constmap:e691f0b00a505b4bd3a1b23b00ebc98f387bdbff$paramod$9f7c5bca55434690baea9ec969022108da4e1f77\_90_shift_shiftx for cells of type $shiftx.
Using template $paramod$constmap:3efe09016514a92804508649fa479f54369b05be$paramod$282e2f6c0b1116d84b8f8102ddacd7ff760b6794\_90_shift_shiftx for cells of type $shiftx.
Using template $paramod$645fe0cc96ae5edb83bff90cc2c78f4a20ca3e3c\_90_pmux for cells of type $pmux.
  add { 3'010 \u_core.g_bank[2].rd_i } * 2'11 (5x2 bits, unsigned)
  add { 2'01 \u_core.g_bank[1].rd_i } * 2'11 (4x2 bits, unsigned)
Using template $paramod$constmap:bc445bf9b59980bb1d1358a2378e2af149bc39df$paramod$60b6591f4f793f66c0004a820a99815f1927eca7\_90_shift_shiftx for cells of type $shiftx.
Using template $paramod$constmap:b0b478e3a939805b48530cb0610b66ec2294d5b6$paramod$f698cf6b9ab452c8d12b30e36e32dd31e5b9d004\_90_shift_shiftx for cells of type $shiftx.
Using template $paramod$175e67c02b86e96b1288b9dc100122520d7240d8\_90_alu for cells of type $alu.
Using template $paramod$b8c0a997bce700f23568a5ada79cc6781d1f5ca0\_90_alu for cells of type $alu.
Using template $paramod$f85408ed1aa3d09e465edae8a7bf590332ae9f7b\_90_alu for cells of type $alu.
Using template $paramod$constmap:98bd4e2a67f0e6eca82733f2b0de21246bc7b098$paramod$49f11f8e3a4c2b12f8a6d2636d76a569271872b9\_90_shift_shiftx for cells of type $shiftx.
Using template $paramod$5ccf584370207a3ccc3032757a8e590623d4de56\_90_alu for cells of type $alu.
Using template $paramod$constmap:dab26b5aad7e0d31d21892f328648248c1456326$paramod$6ba0f8dba03b9579f1a817bef133002a88a931b3\_90_shift_shiftx for cells of type $shiftx.
Using template $paramod$32a7b7b86c07519b7537abc18e96f0331f97914d\_90_alu for cells of type $alu.
Using template $paramod$constmap:bd4efcb2d64a3db3658306f5b047e1e123af3e8c$paramod$87abbcfdecbdda5dcdd3760a14f89d0e3f96089e\_90_shift_shiftx for cells of type $shiftx.
Using template $paramod$d1615bf4e5e328245ffd1550e5fe105901cda77b\_90_alu for cells of type $alu.
Using template $paramod$constmap:b932cf6f5b744e7a22fe56014111479eed600561$paramod$6b401fce98938c3da90dba3992a2381126d14c86\_90_shift_shiftx for cells of type $shiftx.
  add \u_core.req_c * 2'11 (2x2 bits, unsigned)
Using template $paramod$7af24cf7f572852703f08ef7a936c59efa2c57af\_90_alu for cells of type $alu.
Using template $paramod$c3cd1564c35d873179656addd6052d7ea8b6d991\_90_alu for cells of type $alu.
  add { 1'0 \u_core.u_host.rd_ptr [3:2] \u_core.u_host.rd_ptr [5:4] } * 2'11 (5x2 bits, unsigned)
Using template $paramod$constmap:11590015fa4ec766b097fff5cf226c63165bf0db$paramod$44be9fd3ef1d7cbd55c5c3f5a70abf9c0c49aa86\_90_shift_shiftx for cells of type $shiftx.
  add { 3'011 \u_core.g_bank[3].rd_i } * 2'11 (5x2 bits, unsigned)
Using template $paramod$88ebedc0964674c5b2e447c66b33a42fc7e7abe0\_90_alu for cells of type $alu.
Using extmapper simplemap for cells of type $pos.
Using template $paramod\_90_lcu\WIDTH=32'00000000000000000000000000001000 for cells of type $lcu.
Using template $paramod\_90_lcu\WIDTH=32'00000000000000000000000000000011 for cells of type $lcu.
Using template $paramod\_90_lcu\WIDTH=32'00000000000000000000000000000010 for cells of type $lcu.
Using template $paramod\_90_lcu\WIDTH=32'00000000000000000000000000000100 for cells of type $lcu.
Using template $paramod\_90_lcu\WIDTH=32'00000000000000000000000000000110 for cells of type $lcu.
Using template $paramod\_90_lcu\WIDTH=32'00000000000000000000000000001001 for cells of type $lcu.
Using template $paramod\_90_lcu\WIDTH=32'00000000000000000000000000011010 for cells of type $lcu.
Using template $paramod\_90_lcu\WIDTH=32'00000000000000000000000000010011 for cells of type $lcu.
Using template $paramod\_90_lcu\WIDTH=32'00000000000000000000000000001010 for cells of type $lcu.
Using template $paramod\_90_lcu\WIDTH=32'00000000000000000000000000011101 for cells of type $lcu.
No more expansions possible.
<suppressed ~10947 debug messages>

16.22. Executing OPT pass (performing simple optimizations).

16.22.1. Executing OPT_EXPR pass (perform const folding).
Optimizing module tt_um_danieltyukov_int8_npu.
<suppressed ~50758 debug messages>

16.22.2. Executing OPT_MERGE pass (detect identical cells).
Finding identical cells in module `\tt_um_danieltyukov_int8_npu'.
<suppressed ~1227 debug messages>
Removed a total of 409 cells.

16.22.3. Executing OPT_DFF pass (perform DFF optimizations).

16.22.4. Executing OPT_CLEAN pass (remove unused cells and wires).
Finding unused cells or wires in module \tt_um_danieltyukov_int8_npu..
Removed 8628 unused cells and 2530 unused wires.
<suppressed ~8629 debug messages>

16.22.5. Finished fast OPT passes.

16.23. Executing ABC pass (technology mapping using ABC).

16.23.1. Extracting gate netlist of module `\tt_um_danieltyukov_int8_npu' to `<abc-temp-dir>/input.blif'..
Extracted 16300 gates and 17857 wires to a netlist network with 1554 inputs and 616 outputs.

16.23.1.1. Executing ABC.
Running ABC command: "<yosys-exe-dir>/yosys-abc" -s -f <abc-temp-dir>/abc.script 2>&1
ABC: ABC command line: "source <abc-temp-dir>/abc.script".
ABC: 
ABC: + read_blif <abc-temp-dir>/input.blif 
ABC: + read_library <abc-temp-dir>/stdcells.genlib 
ABC: Entered genlib library with 13 gates from file "<abc-temp-dir>/stdcells.genlib".
ABC: + strash 
ABC: + dretime 
ABC: + map 
ABC: + write_blif <abc-temp-dir>/output.blif 

16.23.1.2. Re-integrating ABC results.
ABC RESULTS:              NAND cells:      190
ABC RESULTS:              XNOR cells:      736
ABC RESULTS:               NOT cells:      969
ABC RESULTS:               NOR cells:     1082
ABC RESULTS:               AND cells:     1657
ABC RESULTS:               XOR cells:     1992
ABC RESULTS:                OR cells:     1232
ABC RESULTS:               MUX cells:     3609
ABC RESULTS:             ORNOT cells:      632
ABC RESULTS:            ANDNOT cells:     4072
ABC RESULTS:        internal signals:    15687
ABC RESULTS:           input signals:     1554
ABC RESULTS:          output signals:      616
Removing temp directory.

16.24. Executing OPT pass (performing simple optimizations).

16.24.1. Executing OPT_EXPR pass (perform const folding).
Optimizing module tt_um_danieltyukov_int8_npu.
<suppressed ~552 debug messages>

16.24.2. Executing OPT_MERGE pass (detect identical cells).
Finding identical cells in module `\tt_um_danieltyukov_int8_npu'.
<suppressed ~99 debug messages>
Removed a total of 33 cells.

16.24.3. Executing OPT_DFF pass (perform DFF optimizations).

16.24.4. Executing OPT_CLEAN pass (remove unused cells and wires).
Finding unused cells or wires in module \tt_um_danieltyukov_int8_npu..
Removed 4 unused cells and 4708 unused wires.
<suppressed ~211 debug messages>

16.24.5. Finished fast OPT passes.

16.25. Executing HIERARCHY pass (managing design hierarchy).

16.25.1. Analyzing design hierarchy..
Top module:  \tt_um_danieltyukov_int8_npu

16.25.2. Analyzing design hierarchy..
Top module:  \tt_um_danieltyukov_int8_npu
Removed 0 unused modules.

16.26. Printing statistics.

=== tt_um_danieltyukov_int8_npu ===

   Number of wires:              17554
   Number of wire bits:          68818
   Number of public wires:        1807
   Number of public wire bits:   53026
   Number of memories:               0
   Number of memory bits:            0
   Number of processes:              0
   Number of cells:              17703
     $_ANDNOT_                    4061
     $_AND_                       1655
     $_DFFE_PN0P_                 1101
     $_DFFE_PN1P_                    9
     $_DFF_PN0_                    459
     $_MUX_                       3607
     $_NAND_                       190
     $_NOR_                       1077
     $_NOT_                        965
     $_ORNOT_                      632
     $_OR_                        1223
     $_XNOR_                       736
     $_XOR_                       1988

16.27. Executing CHECK pass (checking for obvious problems).
Checking module tt_um_danieltyukov_int8_npu...
Found and reported 0 problems.

17. Executing CHECK pass (checking for obvious problems).
Checking module tt_um_danieltyukov_int8_npu...
Found and reported 0 problems.

18. Executing ABC pass (technology mapping using ABC).

18.1. Extracting gate netlist of module `\tt_um_danieltyukov_int8_npu' to `<abc-temp-dir>/input.blif'..
Extracted 16134 gates and 17688 wires to a netlist network with 1554 inputs and 614 outputs.

18.1.1. Executing ABC.
Running ABC command: "<yosys-exe-dir>/yosys-abc" -s -f <abc-temp-dir>/abc.script 2>&1
ABC: ABC command line: "source <abc-temp-dir>/abc.script".
ABC: 
ABC: + read_blif <abc-temp-dir>/input.blif 
ABC: + read_lib -w /home/danieltyukov/workspace/personal/tt-ihp-int8-npu/pdk/sg13g2_stdcell_typ_1p20V_25C.lib 
ABC: Parsing finished successfully.  Parsing time =     0.01 sec
ABC: Scl_LibertyReadGenlib() skipped cell "sg13g2_antennanp" due to dont_use attribute.
ABC: Scl_LibertyReadGenlib() skipped cell "sg13g2_decap_4" due to dont_use attribute.
ABC: Scl_LibertyReadGenlib() skipped cell "sg13g2_decap_8" due to dont_use attribute.
ABC: Scl_LibertyReadGenlib() skipped sequential cell "sg13g2_dfrbp_1".
ABC: Scl_LibertyReadGenlib() skipped sequential cell "sg13g2_dfrbp_2".
ABC: Scl_LibertyReadGenlib() skipped sequential cell "sg13g2_dfrbpq_1".
ABC: Scl_LibertyReadGenlib() skipped sequential cell "sg13g2_dfrbpq_2".
ABC: Scl_LibertyReadGenlib() skipped sequential cell "sg13g2_dlhq_1".
ABC: Scl_LibertyReadGenlib() skipped sequential cell "sg13g2_dlhr_1".
ABC: Scl_LibertyReadGenlib() skipped sequential cell "sg13g2_dlhrq_1".
ABC: Scl_LibertyReadGenlib() skipped sequential cell "sg13g2_dllr_1".
ABC: Scl_LibertyReadGenlib() skipped sequential cell "sg13g2_dllrq_1".
ABC: Scl_LibertyReadGenlib() skipped three-state cell "sg13g2_ebufn_2".
ABC: Scl_LibertyReadGenlib() skipped three-state cell "sg13g2_ebufn_4".
ABC: Scl_LibertyReadGenlib() skipped three-state cell "sg13g2_ebufn_8".
ABC: Scl_LibertyReadGenlib() skipped three-state cell "sg13g2_einvn_2".
ABC: Scl_LibertyReadGenlib() skipped three-state cell "sg13g2_einvn_4".
ABC: Scl_LibertyReadGenlib() skipped three-state cell "sg13g2_einvn_8".
ABC: Scl_LibertyReadGenlib() skipped cell "sg13g2_fill_1" due to dont_use attribute.
ABC: Scl_LibertyReadGenlib() skipped cell "sg13g2_fill_2" due to dont_use attribute.
ABC: Scl_LibertyReadGenlib() skipped cell "sg13g2_fill_4" due to dont_use attribute.
ABC: Scl_LibertyReadGenlib() skipped cell "sg13g2_fill_8" due to dont_use attribute.
ABC: Scl_LibertyReadGenlib() skipped cell "sg13g2_lgcp_1" due to dont_use attribute.
ABC: Scl_LibertyReadGenlib() skipped sequential cell "sg13g2_sdfbbp_1".
ABC: Scl_LibertyReadGenlib() skipped sequential cell "sg13g2_sdfrbp_1".
ABC: Scl_LibertyReadGenlib() skipped sequential cell "sg13g2_sdfrbp_2".
ABC: Scl_LibertyReadGenlib() skipped sequential cell "sg13g2_sdfrbpq_1".
ABC: Scl_LibertyReadGenlib() skipped sequential cell "sg13g2_sdfrbpq_2".
ABC: Scl_LibertyReadGenlib() skipped cell "sg13g2_sighold" due to dont_use attribute.
ABC: Scl_LibertyReadGenlib() skipped cell "sg13g2_slgcp_1" due to dont_use attribute.
ABC: Library "sg13g2_stdcell_typ_1p20V_25C" from "/home/danieltyukov/workspace/personal/tt-ihp-int8-npu/pdk/sg13g2_stdcell_typ_1p20V_25C.lib" has 54 cells (20 skipped: 14 seq; 6 tri-state; 0 no func; 10 dont_use).  Time =     0.02 sec
ABC: Memory =    2.86 MB. Time =     0.02 sec
ABC: + strash 
ABC: + &get -n 
ABC: + &fraig -x 
ABC: + &put 
ABC: + scorr 
ABC: Warning: The network is combinational (run "fraig" or "fraig_sweep").
ABC: + dc2 
ABC: + dretime 
ABC: + strash 
ABC: + &get -n 
ABC: + &dch -f 
ABC: + &nf 
ABC: + &put 
ABC: + write_blif <abc-temp-dir>/output.blif 

18.1.2. Re-integrating ABC results.
ABC RESULTS:   sg13g2_a221oi_1 cells:       24
ABC RESULTS:     sg13g2_nor4_1 cells:       24
ABC RESULTS:     sg13g2_mux4_1 cells:      343
ABC RESULTS:      sg13g2_or4_1 cells:       13
ABC RESULTS:     sg13g2_and4_1 cells:       68
ABC RESULTS:   sg13g2_nand3b_1 cells:       26
ABC RESULTS:     sg13g2_and3_1 cells:       64
ABC RESULTS:   sg13g2_nand2b_1 cells:      387
ABC RESULTS:      sg13g2_or2_1 cells:      117
ABC RESULTS:    sg13g2_nand4_1 cells:      157
ABC RESULTS:     sg13g2_nor3_1 cells:      123
ABC RESULTS:    sg13g2_a22oi_1 cells:      342
ABC RESULTS:      sg13g2_or3_1 cells:       62
ABC RESULTS:      sg13g2_inv_1 cells:      201
ABC RESULTS:    sg13g2_nand2_1 cells:     1269
ABC RESULTS:    sg13g2_a21oi_1 cells:      740
ABC RESULTS:     sg13g2_a21o_1 cells:      224
ABC RESULTS:     sg13g2_mux2_1 cells:      369
ABC RESULTS:     sg13g2_xor2_1 cells:      535
ABC RESULTS:    sg13g2_nor2b_1 cells:      582
ABC RESULTS:    sg13g2_nand3_1 cells:      300
ABC RESULTS:     sg13g2_and2_1 cells:      288
ABC RESULTS:    sg13g2_xnor2_1 cells:     1321
ABC RESULTS:     sg13g2_nor2_1 cells:      753
ABC RESULTS:    sg13g2_o21ai_1 cells:      675
ABC RESULTS:        internal signals:    15520
ABC RESULTS:           input signals:     1554
ABC RESULTS:          output signals:      614
Removing temp directory.

19. Executing SETUNDEF pass (replace undef values with defined constants).

20. Executing OPT_CLEAN pass (remove unused cells and wires).
Finding unused cells or wires in module \tt_um_danieltyukov_int8_npu..
Removed 0 unused cells and 19355 unused wires.
<suppressed ~1668 debug messages>

21. Executing LTP pass (find longest path).

Longest topological path in tt_um_danieltyukov_int8_npu (length=29):
    0: \u_core.u_array.g_row[3].g_col[2].u_pe.w_in [4]
    1: $abc$106978$new_n5864_ (via $abc$106978$auto$blifparse.cc:386:parse_blif$110674)
    2: $abc$106978$new_n5865_ (via $abc$106978$auto$blifparse.cc:386:parse_blif$110675)
    3: $abc$106978$new_n5866_ (via $abc$106978$auto$blifparse.cc:386:parse_blif$110676)
    4: $abc$106978$new_n5918_ (via $abc$106978$auto$blifparse.cc:386:parse_blif$110728)
    5: $abc$106978$new_n5919_ (via $abc$106978$auto$blifparse.cc:386:parse_blif$110729)
    6: $abc$106978$new_n5921_ (via $abc$106978$auto$blifparse.cc:386:parse_blif$110731)
    7: $abc$106978$new_n5922_ (via $abc$106978$auto$blifparse.cc:386:parse_blif$110732)
    8: $abc$106978$new_n5923_ (via $abc$106978$auto$blifparse.cc:386:parse_blif$110733)
    9: $abc$106978$new_n5926_ (via $abc$106978$auto$blifparse.cc:386:parse_blif$110736)
   10: $abc$106978$new_n5927_ (via $abc$106978$auto$blifparse.cc:386:parse_blif$110737)
   11: $abc$106978$new_n5928_ (via $abc$106978$auto$blifparse.cc:386:parse_blif$110738)
   12: $abc$106978$new_n5930_ (via $abc$106978$auto$blifparse.cc:386:parse_blif$110740)
   13: $abc$106978$new_n5931_ (via $abc$106978$auto$blifparse.cc:386:parse_blif$110741)
   14: $abc$106978$new_n5976_ (via $abc$106978$auto$blifparse.cc:386:parse_blif$110786)
   15: $abc$106978$new_n5977_ (via $abc$106978$auto$blifparse.cc:386:parse_blif$110787)
   16: $abc$106978$new_n5979_ (via $abc$106978$auto$blifparse.cc:386:parse_blif$110789)
   17: $abc$106978$new_n5980_ (via $abc$106978$auto$blifparse.cc:386:parse_blif$110790)
   18: $abc$106978$new_n6020_ (via $abc$106978$auto$blifparse.cc:386:parse_blif$110830)
   19: $abc$106978$new_n6058_ (via $abc$106978$auto$blifparse.cc:386:parse_blif$110868)
   20: $abc$106978$new_n6091_ (via $abc$106978$auto$blifparse.cc:386:parse_blif$110901)
   21: $abc$106978$new_n6120_ (via $abc$106978$auto$blifparse.cc:386:parse_blif$110930)
   22: $abc$106978$new_n6138_ (via $abc$106978$auto$blifparse.cc:386:parse_blif$110948)
   23: $abc$106978$new_n6153_ (via $abc$106978$auto$blifparse.cc:386:parse_blif$110963)
   24: $abc$106978$new_n6160_ (via $abc$106978$auto$blifparse.cc:386:parse_blif$110970)
   25: $abc$106978$new_n6164_ (via $abc$106978$auto$blifparse.cc:386:parse_blif$110974)
   26: $abc$106978$new_n6167_ (via $abc$106978$auto$blifparse.cc:386:parse_blif$110977)
   27: $abc$106978$new_n6170_ (via $abc$106978$auto$blifparse.cc:386:parse_blif$110980)
   28: $abc$106978$new_n6171_ (via $abc$106978$auto$blifparse.cc:386:parse_blif$110981)
   29: \u_core.u_array.g_row[3].g_col[3].u_pe.psum_sum [18] (via $abc$106978$auto$blifparse.cc:386:parse_blif$110982)
   ff: \u_core.g_bank[3].ps [18] (via $auto$ff.cc:266:slice$19248)

22. Executing DFFLIBMAP pass (mapping DFF cells to sequential cells from liberty file).
Warning: Found unsupported expression 'SCE*SCD+!SCE*D' in pin attribute of cell 'sg13g2_sdfrbp_1' - skipping.
Warning: Found unsupported expression 'SCE*SCD+!SCE*D' in pin attribute of cell 'sg13g2_sdfrbp_2' - skipping.
Warning: Found unsupported expression 'SCE*SCD+!SCE*D' in pin attribute of cell 'sg13g2_sdfrbpq_1' - skipping.
Warning: Found unsupported expression 'SCE*SCD+!SCE*D' in pin attribute of cell 'sg13g2_sdfrbpq_2' - skipping.
Warning: Found unsupported expression 'SCE*SCD+!SCE*D' in pin attribute of cell 'sg13g2_sdfrbp_1' - skipping.
Warning: Found unsupported expression 'SCE*SCD+!SCE*D' in pin attribute of cell 'sg13g2_sdfrbp_2' - skipping.
Warning: Found unsupported expression 'SCE*SCD+!SCE*D' in pin attribute of cell 'sg13g2_sdfrbpq_1' - skipping.
Warning: Found unsupported expression 'SCE*SCD+!SCE*D' in pin attribute of cell 'sg13g2_sdfrbpq_2' - skipping.
  cell sg13g2_dfrbpq_1 (noninv, pins=4, area=48.99) is a direct match for cell type $_DFF_PN0_.
Warning: Found unsupported expression 'SCE*SCD+!SCE*D' in pin attribute of cell 'sg13g2_sdfrbp_1' - skipping.
Warning: Found unsupported expression 'SCE*SCD+!SCE*D' in pin attribute of cell 'sg13g2_sdfrbp_2' - skipping.
Warning: Found unsupported expression 'SCE*SCD+!SCE*D' in pin attribute of cell 'sg13g2_sdfrbpq_1' - skipping.
Warning: Found unsupported expression 'SCE*SCD+!SCE*D' in pin attribute of cell 'sg13g2_sdfrbpq_2' - skipping.
Warning: Found unsupported expression 'SCE*SCD+!SCE*D' in pin attribute of cell 'sg13g2_sdfrbp_1' - skipping.
Warning: Found unsupported expression 'SCE*SCD+!SCE*D' in pin attribute of cell 'sg13g2_sdfrbp_2' - skipping.
Warning: Found unsupported expression 'SCE*SCD+!SCE*D' in pin attribute of cell 'sg13g2_sdfrbpq_1' - skipping.
Warning: Found unsupported expression 'SCE*SCD+!SCE*D' in pin attribute of cell 'sg13g2_sdfrbpq_2' - skipping.
Warning: Found unsupported expression 'SCE*SCD+!SCE*D' in pin attribute of cell 'sg13g2_sdfrbp_1' - skipping.
Warning: Found unsupported expression 'SCE*SCD+!SCE*D' in pin attribute of cell 'sg13g2_sdfrbp_2' - skipping.
Warning: Found unsupported expression 'SCE*SCD+!SCE*D' in pin attribute of cell 'sg13g2_sdfrbpq_1' - skipping.
Warning: Found unsupported expression 'SCE*SCD+!SCE*D' in pin attribute of cell 'sg13g2_sdfrbpq_2' - skipping.
Warning: Found unsupported expression 'SCE*SCD+!SCE*D' in pin attribute of cell 'sg13g2_sdfrbp_1' - skipping.
Warning: Found unsupported expression 'SCE*SCD+!SCE*D' in pin attribute of cell 'sg13g2_sdfrbp_2' - skipping.
Warning: Found unsupported expression 'SCE*SCD+!SCE*D' in pin attribute of cell 'sg13g2_sdfrbpq_1' - skipping.
Warning: Found unsupported expression 'SCE*SCD+!SCE*D' in pin attribute of cell 'sg13g2_sdfrbpq_2' - skipping.
Warning: Found unsupported expression 'SCE*SCD+!SCE*D' in pin attribute of cell 'sg13g2_sdfrbp_1' - skipping.
Warning: Found unsupported expression 'SCE*SCD+!SCE*D' in pin attribute of cell 'sg13g2_sdfrbp_2' - skipping.
Warning: Found unsupported expression 'SCE*SCD+!SCE*D' in pin attribute of cell 'sg13g2_sdfrbpq_1' - skipping.
Warning: Found unsupported expression 'SCE*SCD+!SCE*D' in pin attribute of cell 'sg13g2_sdfrbpq_2' - skipping.
Warning: Found unsupported expression 'SCE*SCD+!SCE*D' in pin attribute of cell 'sg13g2_sdfrbp_1' - skipping.
Warning: Found unsupported expression 'SCE*SCD+!SCE*D' in pin attribute of cell 'sg13g2_sdfrbp_2' - skipping.
Warning: Found unsupported expression 'SCE*SCD+!SCE*D' in pin attribute of cell 'sg13g2_sdfrbpq_1' - skipping.
Warning: Found unsupported expression 'SCE*SCD+!SCE*D' in pin attribute of cell 'sg13g2_sdfrbpq_2' - skipping.
Warning: Found unsupported expression 'SCE*SCD+!SCE*D' in pin attribute of cell 'sg13g2_sdfrbp_1' - skipping.
Warning: Found unsupported expression 'SCE*SCD+!SCE*D' in pin attribute of cell 'sg13g2_sdfrbp_2' - skipping.
Warning: Found unsupported expression 'SCE*SCD+!SCE*D' in pin attribute of cell 'sg13g2_sdfrbpq_1' - skipping.
Warning: Found unsupported expression 'SCE*SCD+!SCE*D' in pin attribute of cell 'sg13g2_sdfrbpq_2' - skipping.
  final dff cell mappings:
    unmapped dff cell: $_DFF_N_
    unmapped dff cell: $_DFF_P_
    unmapped dff cell: $_DFF_NN0_
    unmapped dff cell: $_DFF_NN1_
    unmapped dff cell: $_DFF_NP0_
    unmapped dff cell: $_DFF_NP1_
    \sg13g2_dfrbpq_1 _DFF_PN0_ (.CLK( C), .D( D), .Q( Q), .RESET_B( R));
    unmapped dff cell: $_DFF_PN1_
    unmapped dff cell: $_DFF_PP0_
    unmapped dff cell: $_DFF_PP1_
    unmapped dff cell: $_DFFSR_NNN_
    unmapped dff cell: $_DFFSR_NNP_
    unmapped dff cell: $_DFFSR_NPN_
    unmapped dff cell: $_DFFSR_NPP_
    unmapped dff cell: $_DFFSR_PNN_
    unmapped dff cell: $_DFFSR_PNP_
    unmapped dff cell: $_DFFSR_PPN_
    unmapped dff cell: $_DFFSR_PPP_

22.1. Executing DFFLEGALIZE pass (convert FFs to types supported by the target).
Mapping DFF cells in module `\tt_um_danieltyukov_int8_npu':
  mapped 1569 $_DFF_PN0_ cells to \sg13g2_dfrbpq_1 cells.

23. Executing ABC pass (technology mapping using ABC).

23.1. Extracting gate netlist of module `\tt_um_danieltyukov_int8_npu' to `<abc-temp-dir>/input.blif'..
Extracted 17262 gates and 18830 wires to a netlist network with 1568 inputs and 1459 outputs.

23.1.1. Executing ABC.
Running ABC command: "<yosys-exe-dir>/yosys-abc" -s -f <abc-temp-dir>/abc.script 2>&1
ABC: ABC command line: "source <abc-temp-dir>/abc.script".
ABC: 
ABC: + read_blif <abc-temp-dir>/input.blif 
ABC: + read_lib -w /home/danieltyukov/workspace/personal/tt-ihp-int8-npu/pdk/sg13g2_stdcell_typ_1p20V_25C.lib 
ABC: Parsing finished successfully.  Parsing time =     0.02 sec
ABC: Scl_LibertyReadGenlib() skipped cell "sg13g2_antennanp" due to dont_use attribute.
ABC: Scl_LibertyReadGenlib() skipped cell "sg13g2_decap_4" due to dont_use attribute.
ABC: Scl_LibertyReadGenlib() skipped cell "sg13g2_decap_8" due to dont_use attribute.
ABC: Scl_LibertyReadGenlib() skipped sequential cell "sg13g2_dfrbp_1".
ABC: Scl_LibertyReadGenlib() skipped sequential cell "sg13g2_dfrbp_2".
ABC: Scl_LibertyReadGenlib() skipped sequential cell "sg13g2_dfrbpq_1".
ABC: Scl_LibertyReadGenlib() skipped sequential cell "sg13g2_dfrbpq_2".
ABC: Scl_LibertyReadGenlib() skipped sequential cell "sg13g2_dlhq_1".
ABC: Scl_LibertyReadGenlib() skipped sequential cell "sg13g2_dlhr_1".
ABC: Scl_LibertyReadGenlib() skipped sequential cell "sg13g2_dlhrq_1".
ABC: Scl_LibertyReadGenlib() skipped sequential cell "sg13g2_dllr_1".
ABC: Scl_LibertyReadGenlib() skipped sequential cell "sg13g2_dllrq_1".
ABC: Scl_LibertyReadGenlib() skipped three-state cell "sg13g2_ebufn_2".
ABC: Scl_LibertyReadGenlib() skipped three-state cell "sg13g2_ebufn_4".
ABC: Scl_LibertyReadGenlib() skipped three-state cell "sg13g2_ebufn_8".
ABC: Scl_LibertyReadGenlib() skipped three-state cell "sg13g2_einvn_2".
ABC: Scl_LibertyReadGenlib() skipped three-state cell "sg13g2_einvn_4".
ABC: Scl_LibertyReadGenlib() skipped three-state cell "sg13g2_einvn_8".
ABC: Scl_LibertyReadGenlib() skipped cell "sg13g2_fill_1" due to dont_use attribute.
ABC: Scl_LibertyReadGenlib() skipped cell "sg13g2_fill_2" due to dont_use attribute.
ABC: Scl_LibertyReadGenlib() skipped cell "sg13g2_fill_4" due to dont_use attribute.
ABC: Scl_LibertyReadGenlib() skipped cell "sg13g2_fill_8" due to dont_use attribute.
ABC: Scl_LibertyReadGenlib() skipped cell "sg13g2_lgcp_1" due to dont_use attribute.
ABC: Scl_LibertyReadGenlib() skipped sequential cell "sg13g2_sdfbbp_1".
ABC: Scl_LibertyReadGenlib() skipped sequential cell "sg13g2_sdfrbp_1".
ABC: Scl_LibertyReadGenlib() skipped sequential cell "sg13g2_sdfrbp_2".
ABC: Scl_LibertyReadGenlib() skipped sequential cell "sg13g2_sdfrbpq_1".
ABC: Scl_LibertyReadGenlib() skipped sequential cell "sg13g2_sdfrbpq_2".
ABC: Scl_LibertyReadGenlib() skipped cell "sg13g2_sighold" due to dont_use attribute.
ABC: Scl_LibertyReadGenlib() skipped cell "sg13g2_slgcp_1" due to dont_use attribute.
ABC: Library "sg13g2_stdcell_typ_1p20V_25C" from "/home/danieltyukov/workspace/personal/tt-ihp-int8-npu/pdk/sg13g2_stdcell_typ_1p20V_25C.lib" has 54 cells (20 skipped: 14 seq; 6 tri-state; 0 no func; 10 dont_use).  Time =     0.02 sec
ABC: Memory =    2.86 MB. Time =     0.02 sec
ABC: + strash 
ABC: + &get -n 
ABC: + &fraig -x 
ABC: + &put 
ABC: + scorr 
ABC: Warning: The network is combinational (run "fraig" or "fraig_sweep").
ABC: + dc2 
ABC: + dretime 
ABC: + strash 
ABC: + &get -n 
ABC: + &dch -f 
ABC: + &nf 
ABC: + &put 
ABC: + write_blif <abc-temp-dir>/output.blif 

23.1.2. Re-integrating ABC results.
ABC RESULTS:     sg13g2_and4_1 cells:       66
ABC RESULTS:      sg13g2_or4_1 cells:        3
ABC RESULTS:      sg13g2_or3_1 cells:       70
ABC RESULTS:     sg13g2_nor4_1 cells:       25
ABC RESULTS:    sg13g2_nand4_1 cells:      160
ABC RESULTS:      sg13g2_inv_1 cells:      228
ABC RESULTS:     sg13g2_and3_1 cells:       68
ABC RESULTS:     sg13g2_and2_1 cells:      294
ABC RESULTS:   sg13g2_nand3b_1 cells:       26
ABC RESULTS:     sg13g2_mux4_1 cells:      336
ABC RESULTS:   sg13g2_a221oi_1 cells:       58
ABC RESULTS:     sg13g2_a21o_1 cells:      242
ABC RESULTS:     sg13g2_xor2_1 cells:      516
ABC RESULTS:    sg13g2_xnor2_1 cells:     1301
ABC RESULTS:    sg13g2_nor2b_1 cells:      560
ABC RESULTS:   sg13g2_nand2b_1 cells:      394
ABC RESULTS:      sg13g2_or2_1 cells:      137
ABC RESULTS:    sg13g2_a22oi_1 cells:      348
ABC RESULTS:     sg13g2_nor3_1 cells:      113
ABC RESULTS:    sg13g2_nand2_1 cells:     1383
ABC RESULTS:    sg13g2_nand3_1 cells:      338
ABC RESULTS:     sg13g2_nor2_1 cells:      713
ABC RESULTS:    sg13g2_a21oi_1 cells:      769
ABC RESULTS:     sg13g2_mux2_1 cells:     1295
ABC RESULTS:    sg13g2_o21ai_1 cells:      766
ABC RESULTS:        internal signals:    15803
ABC RESULTS:           input signals:     1568
ABC RESULTS:          output signals:     1459
Removing temp directory.

24. Executing SETUNDEF pass (replace undef values with defined constants).

25. Executing OPT_CLEAN pass (remove unused cells and wires).
Finding unused cells or wires in module \tt_um_danieltyukov_int8_npu..
Removed 0 unused cells and 20437 unused wires.
<suppressed ~1670 debug messages>

26. Printing statistics.

=== tt_um_danieltyukov_int8_npu ===

   Number of wires:              10022
   Number of wire bits:          11881
   Number of public wires:         138
   Number of public wire bits:    1997
   Number of memories:               0
   Number of memory bits:            0
   Number of processes:              0
   Number of cells:              11778
     sg13g2_a21o_1                 242
     sg13g2_a21oi_1                769
     sg13g2_a221oi_1                58
     sg13g2_a22oi_1                348
     sg13g2_and2_1                 294
     sg13g2_and3_1                  68
     sg13g2_and4_1                  66
     sg13g2_dfrbpq_1              1569
     sg13g2_inv_1                  228
     sg13g2_mux2_1                1295
     sg13g2_mux4_1                 336
     sg13g2_nand2_1               1383
     sg13g2_nand2b_1               394
     sg13g2_nand3_1                338
     sg13g2_nand3b_1                26
     sg13g2_nand4_1                160
     sg13g2_nor2_1                 713
     sg13g2_nor2b_1                560
     sg13g2_nor3_1                 113
     sg13g2_nor4_1                  25
     sg13g2_o21ai_1                766
     sg13g2_or2_1                  137
     sg13g2_or3_1                   70
     sg13g2_or4_1                    3
     sg13g2_xnor2_1               1301
     sg13g2_xor2_1                 516

   Chip area for module '\tt_um_danieltyukov_int8_npu': 199360.375200

Warnings: 4 unique messages, 36 total
End of script. Logfile hash: b4fdded3cc, CPU: user 46.60s system 0.39s, MEM: 356.60 MB peak
Yosys 0.33 (git sha1 2584903a060)
Time spent: 28% 64x opt_expr (15 sec), 17% 32x opt_clean (9 sec), ...
