
 /----------------------------------------------------------------------------\
 |                                                                            |
 |  yosys -- Yosys Open SYnthesis Suite                                       |
 |                                                                            |
 |  Copyright (C) 2012 - 2020  Claire Xenia Wolf <claire@yosyshq.com>         |
 |                                                                            |
 |  Permission to use, copy, modify, and/or distribute this software for any  |
 |  purpose with or without fee is hereby granted, provided that the above    |
 |  copyright notice and this permission notice appear in all copies.         |
 |                                                                            |
 |  THE SOFTWARE IS PROVIDED "AS IS" AND THE AUTHOR DISCLAIMS ALL WARRANTIES  |
 |  WITH REGARD TO THIS SOFTWARE INCLUDING ALL IMPLIED WARRANTIES OF          |
 |  MERCHANTABILITY AND FITNESS. IN NO EVENT SHALL THE AUTHOR BE LIABLE FOR   |
 |  ANY SPECIAL, DIRECT, INDIRECT, OR CONSEQUENTIAL DAMAGES OR ANY DAMAGES    |
 |  WHATSOEVER RESULTING FROM LOSS OF USE, DATA OR PROFITS, WHETHER IN AN     |
 |  ACTION OF CONTRACT, NEGLIGENCE OR OTHER TORTIOUS ACTION, ARISING OUT OF   |
 |  OR IN CONNECTION WITH THE USE OR PERFORMANCE OF THIS SOFTWARE.            |
 |                                                                            |
 \----------------------------------------------------------------------------/

 Yosys 0.33 (git sha1 2584903a060)


-- Running command `read_liberty -lib /home/danieltyukov/workspace/personal/tt-ihp-int8-npu/pdk/sg13g2_stdcell_typ_1p20V_25C.lib; read_verilog -sv /home/danieltyukov/workspace/personal/tt-ihp-int8-npu/src/npu_activation.sv /home/danieltyukov/workspace/personal/tt-ihp-int8-npu/src/npu_adder.sv /home/danieltyukov/workspace/personal/tt-ihp-int8-npu/src/npu_array.sv /home/danieltyukov/workspace/personal/tt-ihp-int8-npu/src/npu_core.sv /home/danieltyukov/workspace/personal/tt-ihp-int8-npu/src/npu_csa_reduce.sv /home/danieltyukov/workspace/personal/tt-ihp-int8-npu/src/npu_host_if.sv /home/danieltyukov/workspace/personal/tt-ihp-int8-npu/src/npu_mult.sv /home/danieltyukov/workspace/personal/tt-ihp-int8-npu/src/npu_pe.sv /home/danieltyukov/workspace/personal/tt-ihp-int8-npu/src/npu_pp_baugh_wooley.sv /home/danieltyukov/workspace/personal/tt-ihp-int8-npu/src/npu_pp_booth4.sv /home/danieltyukov/workspace/personal/tt-ihp-int8-npu/src/npu_requant.sv /home/danieltyukov/workspace/personal/tt-ihp-int8-npu/src/tt_um_danieltyukov_int8_npu.sv; chparam -set ROWS 4 -set COLS 2 -set S_MAX 8 tt_um_danieltyukov_int8_npu; hierarchy -top tt_um_danieltyukov_int8_npu -check; synth -top tt_um_danieltyukov_int8_npu -flatten; check -assert; design -save prepped; abc -liberty /home/danieltyukov/workspace/personal/tt-ihp-int8-npu/pdk/sg13g2_stdcell_typ_1p20V_25C.lib; setundef -zero; opt_clean -purge; ltp -noff; design -load prepped; dfflibmap -liberty /home/danieltyukov/workspace/personal/tt-ihp-int8-npu/pdk/sg13g2_stdcell_typ_1p20V_25C.lib; abc -liberty /home/danieltyukov/workspace/personal/tt-ihp-int8-npu/pdk/sg13g2_stdcell_typ_1p20V_25C.lib; setundef -zero; opt_clean -purge; stat -liberty /home/danieltyukov/workspace/personal/tt-ihp-int8-npu/pdk/sg13g2_stdcell_typ_1p20V_25C.lib' --

1. Executing Liberty frontend: /home/danieltyukov/workspace/personal/tt-ihp-int8-npu/pdk/sg13g2_stdcell_typ_1p20V_25C.lib
Imported 84 cell types from liberty file.

2. Executing Verilog-2005 frontend: /home/danieltyukov/workspace/personal/tt-ihp-int8-npu/src/npu_activation.sv
Parsing SystemVerilog input from `/home/danieltyukov/workspace/personal/tt-ihp-int8-npu/src/npu_activation.sv' to AST representation.
Generating RTLIL representation for module `\npu_activation'.
Successfully finished Verilog frontend.

3. Executing Verilog-2005 frontend: /home/danieltyukov/workspace/personal/tt-ihp-int8-npu/src/npu_adder.sv
Parsing SystemVerilog input from `/home/danieltyukov/workspace/personal/tt-ihp-int8-npu/src/npu_adder.sv' to AST representation.
Generating RTLIL representation for module `\npu_adder'.
Successfully finished Verilog frontend.

4. Executing Verilog-2005 frontend: /home/danieltyukov/workspace/personal/tt-ihp-int8-npu/src/npu_array.sv
Parsing SystemVerilog input from `/home/danieltyukov/workspace/personal/tt-ihp-int8-npu/src/npu_array.sv' to AST representation.
Generating RTLIL representation for module `\npu_array'.
Successfully finished Verilog frontend.

5. Executing Verilog-2005 frontend: /home/danieltyukov/workspace/personal/tt-ihp-int8-npu/src/npu_core.sv
Parsing SystemVerilog input from `/home/danieltyukov/workspace/personal/tt-ihp-int8-npu/src/npu_core.sv' to AST representation.
Generating RTLIL representation for module `\npu_core'.
Successfully finished Verilog frontend.

6. Executing Verilog-2005 frontend: /home/danieltyukov/workspace/personal/tt-ihp-int8-npu/src/npu_csa_reduce.sv
Parsing SystemVerilog input from `/home/danieltyukov/workspace/personal/tt-ihp-int8-npu/src/npu_csa_reduce.sv' to AST representation.
Generating RTLIL representation for module `\npu_csa_reduce'.
Successfully finished Verilog frontend.

7. Executing Verilog-2005 frontend: /home/danieltyukov/workspace/personal/tt-ihp-int8-npu/src/npu_host_if.sv
Parsing SystemVerilog input from `/home/danieltyukov/workspace/personal/tt-ihp-int8-npu/src/npu_host_if.sv' to AST representation.
Generating RTLIL representation for module `\npu_host_if'.
Successfully finished Verilog frontend.

8. Executing Verilog-2005 frontend: /home/danieltyukov/workspace/personal/tt-ihp-int8-npu/src/npu_mult.sv
Parsing SystemVerilog input from `/home/danieltyukov/workspace/personal/tt-ihp-int8-npu/src/npu_mult.sv' to AST representation.
Generating RTLIL representation for module `\npu_mult'.
Successfully finished Verilog frontend.

9. Executing Verilog-2005 frontend: /home/danieltyukov/workspace/personal/tt-ihp-int8-npu/src/npu_pe.sv
Parsing SystemVerilog input from `/home/danieltyukov/workspace/personal/tt-ihp-int8-npu/src/npu_pe.sv' to AST representation.
Generating RTLIL representation for module `\npu_pe'.
Successfully finished Verilog frontend.

10. Executing Verilog-2005 frontend: /home/danieltyukov/workspace/personal/tt-ihp-int8-npu/src/npu_pp_baugh_wooley.sv
Parsing SystemVerilog input from `/home/danieltyukov/workspace/personal/tt-ihp-int8-npu/src/npu_pp_baugh_wooley.sv' to AST representation.
Generating RTLIL representation for module `\npu_pp_baugh_wooley'.
Successfully finished Verilog frontend.

11. Executing Verilog-2005 frontend: /home/danieltyukov/workspace/personal/tt-ihp-int8-npu/src/npu_pp_booth4.sv
Parsing SystemVerilog input from `/home/danieltyukov/workspace/personal/tt-ihp-int8-npu/src/npu_pp_booth4.sv' to AST representation.
Generating RTLIL representation for module `\npu_pp_booth4'.
Successfully finished Verilog frontend.

12. Executing Verilog-2005 frontend: /home/danieltyukov/workspace/personal/tt-ihp-int8-npu/src/npu_requant.sv
Parsing SystemVerilog input from `/home/danieltyukov/workspace/personal/tt-ihp-int8-npu/src/npu_requant.sv' to AST representation.
Generating RTLIL representation for module `\npu_requant'.
Successfully finished Verilog frontend.

13. Executing Verilog-2005 frontend: /home/danieltyukov/workspace/personal/tt-ihp-int8-npu/src/tt_um_danieltyukov_int8_npu.sv
Parsing SystemVerilog input from `/home/danieltyukov/workspace/personal/tt-ihp-int8-npu/src/tt_um_danieltyukov_int8_npu.sv' to AST representation.
Generating RTLIL representation for module `\tt_um_danieltyukov_int8_npu'.
Successfully finished Verilog frontend.
Parameter \ROWS = 4
Parameter \COLS = 2
Parameter \S_MAX = 8

14. Executing AST frontend in derive mode using pre-parsed AST for module `\tt_um_danieltyukov_int8_npu'.
Parameter \ROWS = 4
Parameter \COLS = 2
Parameter \S_MAX = 8
Generating RTLIL representation for module `$paramod$04c8b02e98348b98c14aece06247b0da6bf318f6\tt_um_danieltyukov_int8_npu'.

15. Executing HIERARCHY pass (managing design hierarchy).

15.1. Analyzing design hierarchy..
Top module:  \tt_um_danieltyukov_int8_npu
Used module:     \npu_core
Used module:         \npu_adder
Used module:         \npu_activation
Used module:         \npu_requant
Used module:         \npu_array
Used module:             \npu_pe
Used module:                 \npu_mult
Used module:                     \npu_pp_baugh_wooley
Used module:         \npu_host_if
Parameter \PSUM_W = 19
Parameter \MUL_ARCH = 0
Parameter \ADD_ARCH = 0

15.2. Executing AST frontend in derive mode using pre-parsed AST for module `\npu_pe'.
Parameter \PSUM_W = 19
Parameter \MUL_ARCH = 0
Parameter \ADD_ARCH = 0
Generating RTLIL representation for module `$paramod$ff257773bd01275f0d043df288de414e423018a5\npu_pe'.
Parameter \PSUM_W = 19
Parameter \MUL_ARCH = 0
Parameter \ADD_ARCH = 0
Found cached RTLIL representation for module `$paramod$ff257773bd01275f0d043df288de414e423018a5\npu_pe'.
Parameter \PSUM_W = 19
Parameter \MUL_ARCH = 0
Parameter \ADD_ARCH = 0
Found cached RTLIL representation for module `$paramod$ff257773bd01275f0d043df288de414e423018a5\npu_pe'.
Parameter \PSUM_W = 19
Parameter \MUL_ARCH = 0
Parameter \ADD_ARCH = 0
Found cached RTLIL representation for module `$paramod$ff257773bd01275f0d043df288de414e423018a5\npu_pe'.
Parameter \PSUM_W = 19
Parameter \MUL_ARCH = 0
Parameter \ADD_ARCH = 0
Found cached RTLIL representation for module `$paramod$ff257773bd01275f0d043df288de414e423018a5\npu_pe'.
Parameter \PSUM_W = 19
Parameter \MUL_ARCH = 0
Parameter \ADD_ARCH = 0
Found cached RTLIL representation for module `$paramod$ff257773bd01275f0d043df288de414e423018a5\npu_pe'.
Parameter \PSUM_W = 19
Parameter \MUL_ARCH = 0
Parameter \ADD_ARCH = 0
Found cached RTLIL representation for module `$paramod$ff257773bd01275f0d043df288de414e423018a5\npu_pe'.
Parameter \PSUM_W = 19
Parameter \MUL_ARCH = 0
Parameter \ADD_ARCH = 0
Found cached RTLIL representation for module `$paramod$ff257773bd01275f0d043df288de414e423018a5\npu_pe'.
Parameter \WIDTH = 19
Parameter \ARCH = 0

15.3. Executing AST frontend in derive mode using pre-parsed AST for module `\npu_adder'.
Parameter \WIDTH = 19
Parameter \ARCH = 0
Generating RTLIL representation for module `$paramod$fb8eb8dcaf3ef364e4d47beadacd83e06bae8163\npu_adder'.
Parameter \A_W = 8
Parameter \B_W = 8
Parameter \MUL_ARCH = 0
Parameter \ADD_ARCH = 0

15.4. Executing AST frontend in derive mode using pre-parsed AST for module `\npu_mult'.
Parameter \A_W = 8
Parameter \B_W = 8
Parameter \MUL_ARCH = 0
Parameter \ADD_ARCH = 0
Generating RTLIL representation for module `$paramod$a1cbd45a87523b3aa3376e3b8d05abd91c4cb6bf\npu_mult'.
Parameter \WIDTH = 25
Parameter \ARCH = 0

15.5. Executing AST frontend in derive mode using pre-parsed AST for module `\npu_adder'.
Parameter \WIDTH = 25
Parameter \ARCH = 0
Generating RTLIL representation for module `$paramod$ba7bff7ae67ca0921cf86cd97b8021e2ec0c5424\npu_adder'.
Parameter \WIDTH = 25
Parameter \ARCH = 0
Found cached RTLIL representation for module `$paramod$ba7bff7ae67ca0921cf86cd97b8021e2ec0c5424\npu_adder'.
Parameter \T_W = 24
Parameter \M_W = 16
Parameter \SH_W = 5
Parameter \ADD_ARCH = 0

15.6. Executing AST frontend in derive mode using pre-parsed AST for module `\npu_requant'.
Parameter \T_W = 24
Parameter \M_W = 16
Parameter \SH_W = 5
Parameter \ADD_ARCH = 0
Generating RTLIL representation for module `$paramod$30391a695cf76b71d765391e92da753473a83243\npu_requant'.
Parameter \ROWS = 4
Parameter \COLS = 2
Parameter \PSUM_W = 19
Parameter \MUL_ARCH = 0
Parameter \ADD_ARCH = 0

15.7. Executing AST frontend in derive mode using pre-parsed AST for module `\npu_array'.
Parameter \ROWS = 4
Parameter \COLS = 2
Parameter \PSUM_W = 19
Parameter \MUL_ARCH = 0
Parameter \ADD_ARCH = 0
Generating RTLIL representation for module `$paramod$666da260e2ee1dff8ff77b4606c64809bcab2bb0\npu_array'.
Parameter \W_LEN = 8
Parameter \ACT_LEN = 16
Parameter \BIAS_LEN = 6
Parameter \QUANT_LEN = 6
Parameter \RPTR_W = 5

15.8. Executing AST frontend in derive mode using pre-parsed AST for module `\npu_host_if'.
Parameter \W_LEN = 8
Parameter \ACT_LEN = 16
Parameter \BIAS_LEN = 6
Parameter \QUANT_LEN = 6
Parameter \RPTR_W = 5
Generating RTLIL representation for module `$paramod$529a98eedf781dfdd5b6499ee6f6fb7d2878c518\npu_host_if'.
Parameter \WIDTH = 26
Parameter \ARCH = 0

15.9. Executing AST frontend in derive mode using pre-parsed AST for module `\npu_adder'.
Parameter \WIDTH = 26
Parameter \ARCH = 0
Generating RTLIL representation for module `$paramod$d9c2f9dfb5e64c8dbdf33064c2b44a2f73ce6cb6\npu_adder'.
Parameter \A_W = 8
Parameter \B_W = 8

15.10. Executing AST frontend in derive mode using pre-parsed AST for module `\npu_pp_baugh_wooley'.
Parameter \A_W = 8
Parameter \B_W = 8
Generating RTLIL representation for module `$paramod$1ed99f1253f88f2664ca886b8b7f7f8ea7f768dd\npu_pp_baugh_wooley'.
Parameter \WIDTH = 16
Parameter \ARCH = 0

15.11. Executing AST frontend in derive mode using pre-parsed AST for module `\npu_adder'.
Parameter \WIDTH = 16
Parameter \ARCH = 0
Generating RTLIL representation for module `$paramod$60b3baad27a8ade2b24a1797a14779826394a681\npu_adder'.
Parameter \ROWS = 4
Parameter \COLS = 2
Parameter \S_MAX = 8
Parameter \ACC_W = 24
Parameter \M_W = 16
Parameter \SH_W = 5
Parameter \MUL_ARCH = 1
Parameter \ADD_ARCH = 4

15.12. Executing AST frontend in derive mode using pre-parsed AST for module `\npu_core'.
Parameter \ROWS = 4
Parameter \COLS = 2
Parameter \S_MAX = 8
Parameter \ACC_W = 24
Parameter \M_W = 16
Parameter \SH_W = 5
Parameter \MUL_ARCH = 1
Parameter \ADD_ARCH = 4
Generating RTLIL representation for module `$paramod$30113e79297c892e4c10dd5b4ca807f7a7823615\npu_core'.

15.13. Analyzing design hierarchy..
Top module:  \tt_um_danieltyukov_int8_npu
Used module:     $paramod$30113e79297c892e4c10dd5b4ca807f7a7823615\npu_core
Used module:         \npu_adder
Used module:         \npu_activation
Used module:         \npu_requant
Used module:             $paramod$d9c2f9dfb5e64c8dbdf33064c2b44a2f73ce6cb6\npu_adder
Used module:         \npu_array
Used module:             $paramod$ff257773bd01275f0d043df288de414e423018a5\npu_pe
Used module:                 \npu_mult
Used module:                     $paramod$1ed99f1253f88f2664ca886b8b7f7f8ea7f768dd\npu_pp_baugh_wooley
Used module:                     $paramod$60b3baad27a8ade2b24a1797a14779826394a681\npu_adder
Used module:         \npu_host_if
Parameter \WIDTH = 19
Parameter \ARCH = 0
Found cached RTLIL representation for module `$paramod$fb8eb8dcaf3ef364e4d47beadacd83e06bae8163\npu_adder'.
Parameter \A_W = 8
Parameter \B_W = 8
Parameter \MUL_ARCH = 0
Parameter \ADD_ARCH = 0
Found cached RTLIL representation for module `$paramod$a1cbd45a87523b3aa3376e3b8d05abd91c4cb6bf\npu_mult'.
Parameter \WIDTH = 25
Parameter \ARCH = 4

15.14. Executing AST frontend in derive mode using pre-parsed AST for module `\npu_adder'.
Parameter \WIDTH = 25
Parameter \ARCH = 4
Generating RTLIL representation for module `$paramod$2d6c54a146b5c9bc63af6521ae2fae94a8696de1\npu_adder'.
Parameter \WIDTH = 25
Parameter \ARCH = 4
Found cached RTLIL representation for module `$paramod$2d6c54a146b5c9bc63af6521ae2fae94a8696de1\npu_adder'.
Parameter \T_W = 24
Parameter \M_W = 16
Parameter \SH_W = 5
Parameter \ADD_ARCH = 4

15.15. Executing AST frontend in derive mode using pre-parsed AST for module `\npu_requant'.
Parameter \T_W = 24
Parameter \M_W = 16
Parameter \SH_W = 5
Parameter \ADD_ARCH = 4
Generating RTLIL representation for module `$paramod$9762f17314fc00bcc8483d811536c717be533d3b\npu_requant'.
Parameter \ROWS = 4
Parameter \COLS = 2
Parameter \PSUM_W = 19
Parameter \MUL_ARCH = 1
Parameter \ADD_ARCH = 4

15.16. Executing AST frontend in derive mode using pre-parsed AST for module `\npu_array'.
Parameter \ROWS = 4
Parameter \COLS = 2
Parameter \PSUM_W = 19
Parameter \MUL_ARCH = 1
Parameter \ADD_ARCH = 4
Generating RTLIL representation for module `$paramod$dd13fb79ecc7134c504489cf60fd3e03faadd8f0\npu_array'.
Parameter \W_LEN = 8
Parameter \ACT_LEN = 32
Parameter \BIAS_LEN = 6
Parameter \QUANT_LEN = 6
Parameter \RPTR_W = 6

15.17. Executing AST frontend in derive mode using pre-parsed AST for module `\npu_host_if'.
Parameter \W_LEN = 8
Parameter \ACT_LEN = 32
Parameter \BIAS_LEN = 6
Parameter \QUANT_LEN = 6
Parameter \RPTR_W = 6
Generating RTLIL representation for module `$paramod$8eda7e2dfd1e76bc948309fd2e766fe6102324c8\npu_host_if'.

15.18. Analyzing design hierarchy..
Top module:  \tt_um_danieltyukov_int8_npu
Used module:     $paramod$30113e79297c892e4c10dd5b4ca807f7a7823615\npu_core
Used module:         $paramod$2d6c54a146b5c9bc63af6521ae2fae94a8696de1\npu_adder
Used module:         \npu_activation
Used module:         $paramod$9762f17314fc00bcc8483d811536c717be533d3b\npu_requant
Used module:             \npu_adder
Used module:         $paramod$dd13fb79ecc7134c504489cf60fd3e03faadd8f0\npu_array
Used module:             \npu_pe
Used module:                 $paramod$fb8eb8dcaf3ef364e4d47beadacd83e06bae8163\npu_adder
Used module:                 $paramod$a1cbd45a87523b3aa3376e3b8d05abd91c4cb6bf\npu_mult
Used module:                     \npu_pp_baugh_wooley
Used module:         $paramod$8eda7e2dfd1e76bc948309fd2e766fe6102324c8\npu_host_if
Parameter \A_W = 8
Parameter \B_W = 8
Found cached RTLIL representation for module `$paramod$1ed99f1253f88f2664ca886b8b7f7f8ea7f768dd\npu_pp_baugh_wooley'.
Parameter \WIDTH = 16
Parameter \ARCH = 0
Found cached RTLIL representation for module `$paramod$60b3baad27a8ade2b24a1797a14779826394a681\npu_adder'.
Parameter \WIDTH = 26
Parameter \ARCH = 4

15.19. Executing AST frontend in derive mode using pre-parsed AST for module `\npu_adder'.
Parameter \WIDTH = 26
Parameter \ARCH = 4
Generating RTLIL representation for module `$paramod$00e50bd1d9329584e2110eb397cc8a22011310c9\npu_adder'.
Parameter \PSUM_W = 19
Parameter \MUL_ARCH = 1
Parameter \ADD_ARCH = 4

15.20. Executing AST frontend in derive mode using pre-parsed AST for module `\npu_pe'.
Parameter \PSUM_W = 19
Parameter \MUL_ARCH = 1
Parameter \ADD_ARCH = 4
Generating RTLIL representation for module `$paramod$67ba8969b455a9921a0ce9d05bfcb7563f4a488b\npu_pe'.
Parameter \PSUM_W = 19
Parameter \MUL_ARCH = 1
Parameter \ADD_ARCH = 4
Found cached RTLIL representation for module `$paramod$67ba8969b455a9921a0ce9d05bfcb7563f4a488b\npu_pe'.
Parameter \PSUM_W = 19
Parameter \MUL_ARCH = 1
Parameter \ADD_ARCH = 4
Found cached RTLIL representation for module `$paramod$67ba8969b455a9921a0ce9d05bfcb7563f4a488b\npu_pe'.
Parameter \PSUM_W = 19
Parameter \MUL_ARCH = 1
Parameter \ADD_ARCH = 4
Found cached RTLIL representation for module `$paramod$67ba8969b455a9921a0ce9d05bfcb7563f4a488b\npu_pe'.
Parameter \PSUM_W = 19
Parameter \MUL_ARCH = 1
Parameter \ADD_ARCH = 4
Found cached RTLIL representation for module `$paramod$67ba8969b455a9921a0ce9d05bfcb7563f4a488b\npu_pe'.
Parameter \PSUM_W = 19
Parameter \MUL_ARCH = 1
Parameter \ADD_ARCH = 4
Found cached RTLIL representation for module `$paramod$67ba8969b455a9921a0ce9d05bfcb7563f4a488b\npu_pe'.
Parameter \PSUM_W = 19
Parameter \MUL_ARCH = 1
Parameter \ADD_ARCH = 4
Found cached RTLIL representation for module `$paramod$67ba8969b455a9921a0ce9d05bfcb7563f4a488b\npu_pe'.
Parameter \PSUM_W = 19
Parameter \MUL_ARCH = 1
Parameter \ADD_ARCH = 4
Found cached RTLIL representation for module `$paramod$67ba8969b455a9921a0ce9d05bfcb7563f4a488b\npu_pe'.

15.21. Analyzing design hierarchy..
Top module:  \tt_um_danieltyukov_int8_npu
Used module:     $paramod$30113e79297c892e4c10dd5b4ca807f7a7823615\npu_core
Used module:         $paramod$2d6c54a146b5c9bc63af6521ae2fae94a8696de1\npu_adder
Used module:         \npu_activation
Used module:         $paramod$9762f17314fc00bcc8483d811536c717be533d3b\npu_requant
Used module:             $paramod$00e50bd1d9329584e2110eb397cc8a22011310c9\npu_adder
Used module:         $paramod$dd13fb79ecc7134c504489cf60fd3e03faadd8f0\npu_array
Used module:             $paramod$67ba8969b455a9921a0ce9d05bfcb7563f4a488b\npu_pe
Used module:                 \npu_adder
Used module:                 \npu_mult
Used module:                     $paramod$1ed99f1253f88f2664ca886b8b7f7f8ea7f768dd\npu_pp_baugh_wooley
Used module:                     $paramod$60b3baad27a8ade2b24a1797a14779826394a681\npu_adder
Used module:         $paramod$8eda7e2dfd1e76bc948309fd2e766fe6102324c8\npu_host_if
Parameter \WIDTH = 19
Parameter \ARCH = 4

15.22. Executing AST frontend in derive mode using pre-parsed AST for module `\npu_adder'.
Parameter \WIDTH = 19
Parameter \ARCH = 4
Generating RTLIL representation for module `$paramod$249e2fefde2cea6485f1861c172b2e75dba89233\npu_adder'.
Parameter \A_W = 8
Parameter \B_W = 8
Parameter \MUL_ARCH = 1
Parameter \ADD_ARCH = 4

15.23. Executing AST frontend in derive mode using pre-parsed AST for module `\npu_mult'.
Parameter \A_W = 8
Parameter \B_W = 8
Parameter \MUL_ARCH = 1
Parameter \ADD_ARCH = 4
Generating RTLIL representation for module `$paramod$67e98feaf73b54d35f9441170982b8d89b9a2316\npu_mult'.

15.24. Analyzing design hierarchy..
Top module:  \tt_um_danieltyukov_int8_npu
Used module:     $paramod$30113e79297c892e4c10dd5b4ca807f7a7823615\npu_core
Used module:         $paramod$2d6c54a146b5c9bc63af6521ae2fae94a8696de1\npu_adder
Used module:         \npu_activation
Used module:         $paramod$9762f17314fc00bcc8483d811536c717be533d3b\npu_requant
Used module:             $paramod$00e50bd1d9329584e2110eb397cc8a22011310c9\npu_adder
Used module:         $paramod$dd13fb79ecc7134c504489cf60fd3e03faadd8f0\npu_array
Used module:             $paramod$67ba8969b455a9921a0ce9d05bfcb7563f4a488b\npu_pe
Used module:                 $paramod$249e2fefde2cea6485f1861c172b2e75dba89233\npu_adder
Used module:                 $paramod$67e98feaf73b54d35f9441170982b8d89b9a2316\npu_mult
Used module:                     \npu_csa_reduce
Used module:                     \npu_pp_baugh_wooley
Used module:                     \npu_adder
Used module:         $paramod$8eda7e2dfd1e76bc948309fd2e766fe6102324c8\npu_host_if
Parameter \WIDTH = 16
Parameter \N = 3

15.25. Executing AST frontend in derive mode using pre-parsed AST for module `\npu_csa_reduce'.
Parameter \WIDTH = 16
Parameter \N = 3
Generating RTLIL representation for module `$paramod$17604f602797e3202e357decf915a5bc29aa0ca3\npu_csa_reduce'.
Parameter \WIDTH = 16
Parameter \N = 9

15.26. Executing AST frontend in derive mode using pre-parsed AST for module `\npu_csa_reduce'.
Parameter \WIDTH = 16
Parameter \N = 9
Generating RTLIL representation for module `$paramod$27a8bd94657cc90e38f275422f31847ddfd4487e\npu_csa_reduce'.
Parameter \A_W = 8
Parameter \B_W = 8
Found cached RTLIL representation for module `$paramod$1ed99f1253f88f2664ca886b8b7f7f8ea7f768dd\npu_pp_baugh_wooley'.
Parameter \WIDTH = 16
Parameter \ARCH = 4

15.27. Executing AST frontend in derive mode using pre-parsed AST for module `\npu_adder'.
Parameter \WIDTH = 16
Parameter \ARCH = 4
Generating RTLIL representation for module `$paramod$29b69393125ca7ee80b32022bd2decdec691949f\npu_adder'.

15.28. Analyzing design hierarchy..
Top module:  \tt_um_danieltyukov_int8_npu
Used module:     $paramod$30113e79297c892e4c10dd5b4ca807f7a7823615\npu_core
Used module:         $paramod$2d6c54a146b5c9bc63af6521ae2fae94a8696de1\npu_adder
Used module:         \npu_activation
Used module:         $paramod$9762f17314fc00bcc8483d811536c717be533d3b\npu_requant
Used module:             $paramod$00e50bd1d9329584e2110eb397cc8a22011310c9\npu_adder
Used module:         $paramod$dd13fb79ecc7134c504489cf60fd3e03faadd8f0\npu_array
Used module:             $paramod$67ba8969b455a9921a0ce9d05bfcb7563f4a488b\npu_pe
Used module:                 $paramod$249e2fefde2cea6485f1861c172b2e75dba89233\npu_adder
Used module:                 $paramod$67e98feaf73b54d35f9441170982b8d89b9a2316\npu_mult
Used module:                     $paramod$27a8bd94657cc90e38f275422f31847ddfd4487e\npu_csa_reduce
Used module:                         \npu_csa_reduce
Used module:                             $paramod$17604f602797e3202e357decf915a5bc29aa0ca3\npu_csa_reduce
Used module:                     $paramod$1ed99f1253f88f2664ca886b8b7f7f8ea7f768dd\npu_pp_baugh_wooley
Used module:                     $paramod$29b69393125ca7ee80b32022bd2decdec691949f\npu_adder
Used module:         $paramod$8eda7e2dfd1e76bc948309fd2e766fe6102324c8\npu_host_if
Parameter \WIDTH = 16
Parameter \N = 2

15.29. Executing AST frontend in derive mode using pre-parsed AST for module `\npu_csa_reduce'.
Parameter \WIDTH = 16
Parameter \N = 2
Generating RTLIL representation for module `$paramod$1eb2e9d021a26f5457ad6970e0ac2d330aaa366a\npu_csa_reduce'.
Parameter \WIDTH = 16
Parameter \N = 6

15.30. Executing AST frontend in derive mode using pre-parsed AST for module `\npu_csa_reduce'.
Parameter \WIDTH = 16
Parameter \N = 6
Generating RTLIL representation for module `$paramod$2b1d745c338a0a6e50bcd9a4dc82bdf12badc2b0\npu_csa_reduce'.

15.31. Analyzing design hierarchy..
Top module:  \tt_um_danieltyukov_int8_npu
Used module:     $paramod$30113e79297c892e4c10dd5b4ca807f7a7823615\npu_core
Used module:         $paramod$2d6c54a146b5c9bc63af6521ae2fae94a8696de1\npu_adder
Used module:         \npu_activation
Used module:         $paramod$9762f17314fc00bcc8483d811536c717be533d3b\npu_requant
Used module:             $paramod$00e50bd1d9329584e2110eb397cc8a22011310c9\npu_adder
Used module:         $paramod$dd13fb79ecc7134c504489cf60fd3e03faadd8f0\npu_array
Used module:             $paramod$67ba8969b455a9921a0ce9d05bfcb7563f4a488b\npu_pe
Used module:                 $paramod$249e2fefde2cea6485f1861c172b2e75dba89233\npu_adder
Used module:                 $paramod$67e98feaf73b54d35f9441170982b8d89b9a2316\npu_mult
Used module:                     $paramod$27a8bd94657cc90e38f275422f31847ddfd4487e\npu_csa_reduce
Used module:                         $paramod$2b1d745c338a0a6e50bcd9a4dc82bdf12badc2b0\npu_csa_reduce
Used module:                             \npu_csa_reduce
Used module:                                 $paramod$17604f602797e3202e357decf915a5bc29aa0ca3\npu_csa_reduce
Used module:                                     $paramod$1eb2e9d021a26f5457ad6970e0ac2d330aaa366a\npu_csa_reduce
Used module:                     $paramod$1ed99f1253f88f2664ca886b8b7f7f8ea7f768dd\npu_pp_baugh_wooley
Used module:                     $paramod$29b69393125ca7ee80b32022bd2decdec691949f\npu_adder
Used module:         $paramod$8eda7e2dfd1e76bc948309fd2e766fe6102324c8\npu_host_if
Parameter \WIDTH = 16
Parameter \N = 4

15.32. Executing AST frontend in derive mode using pre-parsed AST for module `\npu_csa_reduce'.
Parameter \WIDTH = 16
Parameter \N = 4
Generating RTLIL representation for module `$paramod$c023b5faa9c785d07331b76839e06bd1ab774764\npu_csa_reduce'.

15.33. Analyzing design hierarchy..
Top module:  \tt_um_danieltyukov_int8_npu
Used module:     $paramod$30113e79297c892e4c10dd5b4ca807f7a7823615\npu_core
Used module:         $paramod$2d6c54a146b5c9bc63af6521ae2fae94a8696de1\npu_adder
Used module:         \npu_activation
Used module:         $paramod$9762f17314fc00bcc8483d811536c717be533d3b\npu_requant
Used module:             $paramod$00e50bd1d9329584e2110eb397cc8a22011310c9\npu_adder
Used module:         $paramod$dd13fb79ecc7134c504489cf60fd3e03faadd8f0\npu_array
Used module:             $paramod$67ba8969b455a9921a0ce9d05bfcb7563f4a488b\npu_pe
Used module:                 $paramod$249e2fefde2cea6485f1861c172b2e75dba89233\npu_adder
Used module:                 $paramod$67e98feaf73b54d35f9441170982b8d89b9a2316\npu_mult
Used module:                     $paramod$27a8bd94657cc90e38f275422f31847ddfd4487e\npu_csa_reduce
Used module:                         $paramod$2b1d745c338a0a6e50bcd9a4dc82bdf12badc2b0\npu_csa_reduce
Used module:                             $paramod$c023b5faa9c785d07331b76839e06bd1ab774764\npu_csa_reduce
Used module:                                 \npu_csa_reduce
Used module:                                     $paramod$17604f602797e3202e357decf915a5bc29aa0ca3\npu_csa_reduce
Used module:                                         $paramod$1eb2e9d021a26f5457ad6970e0ac2d330aaa366a\npu_csa_reduce
Used module:                     $paramod$1ed99f1253f88f2664ca886b8b7f7f8ea7f768dd\npu_pp_baugh_wooley
Used module:                     $paramod$29b69393125ca7ee80b32022bd2decdec691949f\npu_adder
Used module:         $paramod$8eda7e2dfd1e76bc948309fd2e766fe6102324c8\npu_host_if
Parameter \WIDTH = 16
Parameter \N = 3
Found cached RTLIL representation for module `$paramod$17604f602797e3202e357decf915a5bc29aa0ca3\npu_csa_reduce'.

15.34. Analyzing design hierarchy..
Top module:  \tt_um_danieltyukov_int8_npu
Used module:     $paramod$30113e79297c892e4c10dd5b4ca807f7a7823615\npu_core
Used module:         $paramod$2d6c54a146b5c9bc63af6521ae2fae94a8696de1\npu_adder
Used module:         \npu_activation
Used module:         $paramod$9762f17314fc00bcc8483d811536c717be533d3b\npu_requant
Used module:             $paramod$00e50bd1d9329584e2110eb397cc8a22011310c9\npu_adder
Used module:         $paramod$dd13fb79ecc7134c504489cf60fd3e03faadd8f0\npu_array
Used module:             $paramod$67ba8969b455a9921a0ce9d05bfcb7563f4a488b\npu_pe
Used module:                 $paramod$249e2fefde2cea6485f1861c172b2e75dba89233\npu_adder
Used module:                 $paramod$67e98feaf73b54d35f9441170982b8d89b9a2316\npu_mult
Used module:                     $paramod$27a8bd94657cc90e38f275422f31847ddfd4487e\npu_csa_reduce
Used module:                         $paramod$2b1d745c338a0a6e50bcd9a4dc82bdf12badc2b0\npu_csa_reduce
Used module:                             $paramod$c023b5faa9c785d07331b76839e06bd1ab774764\npu_csa_reduce
Used module:                                 $paramod$17604f602797e3202e357decf915a5bc29aa0ca3\npu_csa_reduce
Used module:                                     $paramod$1eb2e9d021a26f5457ad6970e0ac2d330aaa366a\npu_csa_reduce
Used module:                     $paramod$1ed99f1253f88f2664ca886b8b7f7f8ea7f768dd\npu_pp_baugh_wooley
Used module:                     $paramod$29b69393125ca7ee80b32022bd2decdec691949f\npu_adder
Used module:         $paramod$8eda7e2dfd1e76bc948309fd2e766fe6102324c8\npu_host_if

15.35. Analyzing design hierarchy..
Top module:  \tt_um_danieltyukov_int8_npu
Used module:     $paramod$30113e79297c892e4c10dd5b4ca807f7a7823615\npu_core
Used module:         $paramod$2d6c54a146b5c9bc63af6521ae2fae94a8696de1\npu_adder
Used module:         \npu_activation
Used module:         $paramod$9762f17314fc00bcc8483d811536c717be533d3b\npu_requant
Used module:             $paramod$00e50bd1d9329584e2110eb397cc8a22011310c9\npu_adder
Used module:         $paramod$dd13fb79ecc7134c504489cf60fd3e03faadd8f0\npu_array
Used module:             $paramod$67ba8969b455a9921a0ce9d05bfcb7563f4a488b\npu_pe
Used module:                 $paramod$249e2fefde2cea6485f1861c172b2e75dba89233\npu_adder
Used module:                 $paramod$67e98feaf73b54d35f9441170982b8d89b9a2316\npu_mult
Used module:                     $paramod$27a8bd94657cc90e38f275422f31847ddfd4487e\npu_csa_reduce
Used module:                         $paramod$2b1d745c338a0a6e50bcd9a4dc82bdf12badc2b0\npu_csa_reduce
Used module:                             $paramod$c023b5faa9c785d07331b76839e06bd1ab774764\npu_csa_reduce
Used module:                                 $paramod$17604f602797e3202e357decf915a5bc29aa0ca3\npu_csa_reduce
Used module:                                     $paramod$1eb2e9d021a26f5457ad6970e0ac2d330aaa366a\npu_csa_reduce
Used module:                     $paramod$1ed99f1253f88f2664ca886b8b7f7f8ea7f768dd\npu_pp_baugh_wooley
Used module:                     $paramod$29b69393125ca7ee80b32022bd2decdec691949f\npu_adder
Used module:         $paramod$8eda7e2dfd1e76bc948309fd2e766fe6102324c8\npu_host_if
Removing unused module `$paramod$60b3baad27a8ade2b24a1797a14779826394a681\npu_adder'.
Removing unused module `$paramod$d9c2f9dfb5e64c8dbdf33064c2b44a2f73ce6cb6\npu_adder'.
Removing unused module `$paramod$529a98eedf781dfdd5b6499ee6f6fb7d2878c518\npu_host_if'.
Removing unused module `$paramod$666da260e2ee1dff8ff77b4606c64809bcab2bb0\npu_array'.
Removing unused module `$paramod$30391a695cf76b71d765391e92da753473a83243\npu_requant'.
Removing unused module `$paramod$ba7bff7ae67ca0921cf86cd97b8021e2ec0c5424\npu_adder'.
Removing unused module `$paramod$a1cbd45a87523b3aa3376e3b8d05abd91c4cb6bf\npu_mult'.
Removing unused module `$paramod$fb8eb8dcaf3ef364e4d47beadacd83e06bae8163\npu_adder'.
Removing unused module `$paramod$ff257773bd01275f0d043df288de414e423018a5\npu_pe'.
Removing unused module `\npu_requant'.
Removing unused module `\npu_pp_booth4'.
Removing unused module `\npu_pp_baugh_wooley'.
Removing unused module `\npu_pe'.
Removing unused module `\npu_mult'.
Removing unused module `\npu_host_if'.
Removing unused module `\npu_csa_reduce'.
Removing unused module `\npu_core'.
Removing unused module `\npu_array'.
Removing unused module `\npu_adder'.
Removed 19 unused modules.

16. Executing SYNTH pass.

16.1. Executing HIERARCHY pass (managing design hierarchy).

16.1.1. Analyzing design hierarchy..
Top module:  \tt_um_danieltyukov_int8_npu
Used module:     $paramod$30113e79297c892e4c10dd5b4ca807f7a7823615\npu_core
Used module:         $paramod$2d6c54a146b5c9bc63af6521ae2fae94a8696de1\npu_adder
Used module:         \npu_activation
Used module:         $paramod$9762f17314fc00bcc8483d811536c717be533d3b\npu_requant
Used module:             $paramod$00e50bd1d9329584e2110eb397cc8a22011310c9\npu_adder
Used module:         $paramod$dd13fb79ecc7134c504489cf60fd3e03faadd8f0\npu_array
Used module:             $paramod$67ba8969b455a9921a0ce9d05bfcb7563f4a488b\npu_pe
Used module:                 $paramod$249e2fefde2cea6485f1861c172b2e75dba89233\npu_adder
Used module:                 $paramod$67e98feaf73b54d35f9441170982b8d89b9a2316\npu_mult
Used module:                     $paramod$27a8bd94657cc90e38f275422f31847ddfd4487e\npu_csa_reduce
Used module:                         $paramod$2b1d745c338a0a6e50bcd9a4dc82bdf12badc2b0\npu_csa_reduce
Used module:                             $paramod$c023b5faa9c785d07331b76839e06bd1ab774764\npu_csa_reduce
Used module:                                 $paramod$17604f602797e3202e357decf915a5bc29aa0ca3\npu_csa_reduce
Used module:                                     $paramod$1eb2e9d021a26f5457ad6970e0ac2d330aaa366a\npu_csa_reduce
Used module:                     $paramod$1ed99f1253f88f2664ca886b8b7f7f8ea7f768dd\npu_pp_baugh_wooley
Used module:                     $paramod$29b69393125ca7ee80b32022bd2decdec691949f\npu_adder
Used module:         $paramod$8eda7e2dfd1e76bc948309fd2e766fe6102324c8\npu_host_if

16.1.2. Analyzing design hierarchy..
Top module:  \tt_um_danieltyukov_int8_npu
Used module:     $paramod$30113e79297c892e4c10dd5b4ca807f7a7823615\npu_core
Used module:         $paramod$2d6c54a146b5c9bc63af6521ae2fae94a8696de1\npu_adder
Used module:         \npu_activation
Used module:         $paramod$9762f17314fc00bcc8483d811536c717be533d3b\npu_requant
Used module:             $paramod$00e50bd1d9329584e2110eb397cc8a22011310c9\npu_adder
Used module:         $paramod$dd13fb79ecc7134c504489cf60fd3e03faadd8f0\npu_array
Used module:             $paramod$67ba8969b455a9921a0ce9d05bfcb7563f4a488b\npu_pe
Used module:                 $paramod$249e2fefde2cea6485f1861c172b2e75dba89233\npu_adder
Used module:                 $paramod$67e98feaf73b54d35f9441170982b8d89b9a2316\npu_mult
Used module:                     $paramod$27a8bd94657cc90e38f275422f31847ddfd4487e\npu_csa_reduce
Used module:                         $paramod$2b1d745c338a0a6e50bcd9a4dc82bdf12badc2b0\npu_csa_reduce
Used module:                             $paramod$c023b5faa9c785d07331b76839e06bd1ab774764\npu_csa_reduce
Used module:                                 $paramod$17604f602797e3202e357decf915a5bc29aa0ca3\npu_csa_reduce
Used module:                                     $paramod$1eb2e9d021a26f5457ad6970e0ac2d330aaa366a\npu_csa_reduce
Used module:                     $paramod$1ed99f1253f88f2664ca886b8b7f7f8ea7f768dd\npu_pp_baugh_wooley
Used module:                     $paramod$29b69393125ca7ee80b32022bd2decdec691949f\npu_adder
Used module:         $paramod$8eda7e2dfd1e76bc948309fd2e766fe6102324c8\npu_host_if
Removed 0 unused modules.

16.2. Executing PROC pass (convert processes to netlists).

16.2.1. Executing PROC_CLEAN pass (remove empty switches from decision trees).
Found and cleaned up 2 empty switches in `$paramod$29b69393125ca7ee80b32022bd2decdec691949f\npu_adder.$proc$/home/danieltyukov/workspace/personal/tt-ihp-int8-npu/src/npu_adder.sv:0$2042'.
Removing empty process `$paramod$29b69393125ca7ee80b32022bd2decdec691949f\npu_adder.$proc$/home/danieltyukov/workspace/personal/tt-ihp-int8-npu/src/npu_adder.sv:0$2042'.
Found and cleaned up 1 empty switch in `$paramod$27a8bd94657cc90e38f275422f31847ddfd4487e\npu_csa_reduce.$proc$/home/danieltyukov/workspace/personal/tt-ihp-int8-npu/src/npu_csa_reduce.sv:0$1939'.
Removing empty process `$paramod$27a8bd94657cc90e38f275422f31847ddfd4487e\npu_csa_reduce.$proc$/home/danieltyukov/workspace/personal/tt-ihp-int8-npu/src/npu_csa_reduce.sv:0$1939'.
Found and cleaned up 1 empty switch in `$paramod$17604f602797e3202e357decf915a5bc29aa0ca3\npu_csa_reduce.$proc$/home/danieltyukov/workspace/personal/tt-ihp-int8-npu/src/npu_csa_reduce.sv:0$1917'.
Removing empty process `$paramod$17604f602797e3202e357decf915a5bc29aa0ca3\npu_csa_reduce.$proc$/home/danieltyukov/workspace/personal/tt-ihp-int8-npu/src/npu_csa_reduce.sv:0$1917'.
Found and cleaned up 1 empty switch in `$paramod$67e98feaf73b54d35f9441170982b8d89b9a2316\npu_mult.$proc$/home/danieltyukov/workspace/personal/tt-ihp-int8-npu/src/npu_mult.sv:0$1909'.
Removing empty process `$paramod$67e98feaf73b54d35f9441170982b8d89b9a2316\npu_mult.$proc$/home/danieltyukov/workspace/personal/tt-ihp-int8-npu/src/npu_mult.sv:0$1909'.
Found and cleaned up 2 empty switches in `$paramod$249e2fefde2cea6485f1861c172b2e75dba89233\npu_adder.$proc$/home/danieltyukov/workspace/personal/tt-ihp-int8-npu/src/npu_adder.sv:0$1907'.
Removing empty process `$paramod$249e2fefde2cea6485f1861c172b2e75dba89233\npu_adder.$proc$/home/danieltyukov/workspace/personal/tt-ihp-int8-npu/src/npu_adder.sv:0$1907'.
Found and cleaned up 1 empty switch in `$paramod$67ba8969b455a9921a0ce9d05bfcb7563f4a488b\npu_pe.$proc$/home/danieltyukov/workspace/personal/tt-ihp-int8-npu/src/npu_pe.sv:0$1783'.
Removing empty process `$paramod$67ba8969b455a9921a0ce9d05bfcb7563f4a488b\npu_pe.$proc$/home/danieltyukov/workspace/personal/tt-ihp-int8-npu/src/npu_pe.sv:0$1783'.
Found and cleaned up 2 empty switches in `$paramod$00e50bd1d9329584e2110eb397cc8a22011310c9\npu_adder.$proc$/home/danieltyukov/workspace/personal/tt-ihp-int8-npu/src/npu_adder.sv:0$1779'.
Removing empty process `$paramod$00e50bd1d9329584e2110eb397cc8a22011310c9\npu_adder.$proc$/home/danieltyukov/workspace/personal/tt-ihp-int8-npu/src/npu_adder.sv:0$1779'.
Found and cleaned up 3 empty switches in `$paramod$dd13fb79ecc7134c504489cf60fd3e03faadd8f0\npu_array.$proc$/home/danieltyukov/workspace/personal/tt-ihp-int8-npu/src/npu_array.sv:0$1540'.
Removing empty process `$paramod$dd13fb79ecc7134c504489cf60fd3e03faadd8f0\npu_array.$proc$/home/danieltyukov/workspace/personal/tt-ihp-int8-npu/src/npu_array.sv:0$1540'.
Found and cleaned up 4 empty switches in `$paramod$9762f17314fc00bcc8483d811536c717be533d3b\npu_requant.$proc$/home/danieltyukov/workspace/personal/tt-ihp-int8-npu/src/npu_requant.sv:0$1538'.
Removing empty process `$paramod$9762f17314fc00bcc8483d811536c717be533d3b\npu_requant.$proc$/home/danieltyukov/workspace/personal/tt-ihp-int8-npu/src/npu_requant.sv:0$1538'.
Found and cleaned up 2 empty switches in `$paramod$2d6c54a146b5c9bc63af6521ae2fae94a8696de1\npu_adder.$proc$/home/danieltyukov/workspace/personal/tt-ihp-int8-npu/src/npu_adder.sv:0$1493'.
Removing empty process `$paramod$2d6c54a146b5c9bc63af6521ae2fae94a8696de1\npu_adder.$proc$/home/danieltyukov/workspace/personal/tt-ihp-int8-npu/src/npu_adder.sv:0$1493'.
Found and cleaned up 8 empty switches in `$paramod$30113e79297c892e4c10dd5b4ca807f7a7823615\npu_core.$proc$/home/danieltyukov/workspace/personal/tt-ihp-int8-npu/src/npu_core.sv:0$1315'.
Removing empty process `$paramod$30113e79297c892e4c10dd5b4ca807f7a7823615\npu_core.$proc$/home/danieltyukov/workspace/personal/tt-ihp-int8-npu/src/npu_core.sv:0$1315'.
Found and cleaned up 1 empty switch in `$paramod$c023b5faa9c785d07331b76839e06bd1ab774764\npu_csa_reduce.$proc$/home/danieltyukov/workspace/personal/tt-ihp-int8-npu/src/npu_csa_reduce.sv:0$2066'.
Removing empty process `$paramod$c023b5faa9c785d07331b76839e06bd1ab774764\npu_csa_reduce.$proc$/home/danieltyukov/workspace/personal/tt-ihp-int8-npu/src/npu_csa_reduce.sv:0$2066'.
Found and cleaned up 1 empty switch in `$paramod$1ed99f1253f88f2664ca886b8b7f7f8ea7f768dd\npu_pp_baugh_wooley.$proc$/home/danieltyukov/workspace/personal/tt-ihp-int8-npu/src/npu_pp_baugh_wooley.sv:0$926'.
Removing empty process `$paramod$1ed99f1253f88f2664ca886b8b7f7f8ea7f768dd\npu_pp_baugh_wooley.$proc$/home/danieltyukov/workspace/personal/tt-ihp-int8-npu/src/npu_pp_baugh_wooley.sv:0$926'.
Found and cleaned up 1 empty switch in `$paramod$2b1d745c338a0a6e50bcd9a4dc82bdf12badc2b0\npu_csa_reduce.$proc$/home/danieltyukov/workspace/personal/tt-ihp-int8-npu/src/npu_csa_reduce.sv:0$2058'.
Removing empty process `$paramod$2b1d745c338a0a6e50bcd9a4dc82bdf12badc2b0\npu_csa_reduce.$proc$/home/danieltyukov/workspace/personal/tt-ihp-int8-npu/src/npu_csa_reduce.sv:0$2058'.
Found and cleaned up 1 empty switch in `$paramod$1eb2e9d021a26f5457ad6970e0ac2d330aaa366a\npu_csa_reduce.$proc$/home/danieltyukov/workspace/personal/tt-ihp-int8-npu/src/npu_csa_reduce.sv:0$2043'.
Removing empty process `$paramod$1eb2e9d021a26f5457ad6970e0ac2d330aaa366a\npu_csa_reduce.$proc$/home/danieltyukov/workspace/personal/tt-ihp-int8-npu/src/npu_csa_reduce.sv:0$2043'.
Cleaned up 31 empty switches.

16.2.2. Executing PROC_RMDEAD pass (remove dead branches from decision trees).
Marked 1 switch rules as full_case in process $proc$/home/danieltyukov/workspace/personal/tt-ihp-int8-npu/src/npu_pe.sv:84$1780 in module $paramod$67ba8969b455a9921a0ce9d05bfcb7563f4a488b\npu_pe.
Marked 9 switch rules as full_case in process $proc$/home/danieltyukov/workspace/personal/tt-ihp-int8-npu/src/npu_host_if.sv:123$1544 in module $paramod$8eda7e2dfd1e76bc948309fd2e766fe6102324c8\npu_host_if.
Marked 3 switch rules as full_case in process $proc$/home/danieltyukov/workspace/personal/tt-ihp-int8-npu/src/npu_requant.sv:137$1518 in module $paramod$9762f17314fc00bcc8483d811536c717be533d3b\npu_requant.
Marked 2 switch rules as full_case in process $proc$/home/danieltyukov/workspace/personal/tt-ihp-int8-npu/src/npu_core.sv:396$1313 in module $paramod$30113e79297c892e4c10dd5b4ca807f7a7823615\npu_core.
Marked 2 switch rules as full_case in process $proc$/home/danieltyukov/workspace/personal/tt-ihp-int8-npu/src/npu_core.sv:396$1305 in module $paramod$30113e79297c892e4c10dd5b4ca807f7a7823615\npu_core.
Marked 2 switch rules as full_case in process $proc$/home/danieltyukov/workspace/personal/tt-ihp-int8-npu/src/npu_core.sv:396$1297 in module $paramod$30113e79297c892e4c10dd5b4ca807f7a7823615\npu_core.
Marked 2 switch rules as full_case in process $proc$/home/danieltyukov/workspace/personal/tt-ihp-int8-npu/src/npu_core.sv:396$1289 in module $paramod$30113e79297c892e4c10dd5b4ca807f7a7823615\npu_core.
Marked 2 switch rules as full_case in process $proc$/home/danieltyukov/workspace/personal/tt-ihp-int8-npu/src/npu_core.sv:396$1281 in module $paramod$30113e79297c892e4c10dd5b4ca807f7a7823615\npu_core.
Marked 2 switch rules as full_case in process $proc$/home/danieltyukov/workspace/personal/tt-ihp-int8-npu/src/npu_core.sv:396$1273 in module $paramod$30113e79297c892e4c10dd5b4ca807f7a7823615\npu_core.
Marked 2 switch rules as full_case in process $proc$/home/danieltyukov/workspace/personal/tt-ihp-int8-npu/src/npu_core.sv:396$1265 in module $paramod$30113e79297c892e4c10dd5b4ca807f7a7823615\npu_core.
Marked 2 switch rules as full_case in process $proc$/home/danieltyukov/workspace/personal/tt-ihp-int8-npu/src/npu_core.sv:396$1257 in module $paramod$30113e79297c892e4c10dd5b4ca807f7a7823615\npu_core.
Marked 2 switch rules as full_case in process $proc$/home/danieltyukov/workspace/personal/tt-ihp-int8-npu/src/npu_core.sv:396$1249 in module $paramod$30113e79297c892e4c10dd5b4ca807f7a7823615\npu_core.
Marked 2 switch rules as full_case in process $proc$/home/danieltyukov/workspace/personal/tt-ihp-int8-npu/src/npu_core.sv:396$1241 in module $paramod$30113e79297c892e4c10dd5b4ca807f7a7823615\npu_core.
Marked 2 switch rules as full_case in process $proc$/home/danieltyukov/workspace/personal/tt-ihp-int8-npu/src/npu_core.sv:396$1233 in module $paramod$30113e79297c892e4c10dd5b4ca807f7a7823615\npu_core.
Marked 2 switch rules as full_case in process $proc$/home/danieltyukov/workspace/personal/tt-ihp-int8-npu/src/npu_core.sv:396$1225 in module $paramod$30113e79297c892e4c10dd5b4ca807f7a7823615\npu_core.
Marked 2 switch rules as full_case in process $proc$/home/danieltyukov/workspace/personal/tt-ihp-int8-npu/src/npu_core.sv:396$1217 in module $paramod$30113e79297c892e4c10dd5b4ca807f7a7823615\npu_core.
Marked 2 switch rules as full_case in process $proc$/home/danieltyukov/workspace/personal/tt-ihp-int8-npu/src/npu_core.sv:396$1209 in module $paramod$30113e79297c892e4c10dd5b4ca807f7a7823615\npu_core.
Marked 2 switch rules as full_case in process $proc$/home/danieltyukov/workspace/personal/tt-ihp-int8-npu/src/npu_core.sv:396$1201 in module $paramod$30113e79297c892e4c10dd5b4ca807f7a7823615\npu_core.
Marked 2 switch rules as full_case in process $proc$/home/danieltyukov/workspace/personal/tt-ihp-int8-npu/src/npu_core.sv:396$1193 in module $paramod$30113e79297c892e4c10dd5b4ca807f7a7823615\npu_core.
Marked 2 switch rules as full_case in process $proc$/home/danieltyukov/workspace/personal/tt-ihp-int8-npu/src/npu_core.sv:330$1184 in module $paramod$30113e79297c892e4c10dd5b4ca807f7a7823615\npu_core.
Marked 2 switch rules as full_case in process $proc$/home/danieltyukov/workspace/personal/tt-ihp-int8-npu/src/npu_core.sv:330$1178 in module $paramod$30113e79297c892e4c10dd5b4ca807f7a7823615\npu_core.
Marked 2 switch rules as full_case in process $proc$/home/danieltyukov/workspace/personal/tt-ihp-int8-npu/src/npu_core.sv:330$1172 in module $paramod$30113e79297c892e4c10dd5b4ca807f7a7823615\npu_core.
Marked 2 switch rules as full_case in process $proc$/home/danieltyukov/workspace/personal/tt-ihp-int8-npu/src/npu_core.sv:330$1166 in module $paramod$30113e79297c892e4c10dd5b4ca807f7a7823615\npu_core.
Marked 2 switch rules as full_case in process $proc$/home/danieltyukov/workspace/personal/tt-ihp-int8-npu/src/npu_core.sv:330$1160 in module $paramod$30113e79297c892e4c10dd5b4ca807f7a7823615\npu_core.
Marked 2 switch rules as full_case in process $proc$/home/danieltyukov/workspace/personal/tt-ihp-int8-npu/src/npu_core.sv:330$1154 in module $paramod$30113e79297c892e4c10dd5b4ca807f7a7823615\npu_core.
Marked 2 switch rules as full_case in process $proc$/home/danieltyukov/workspace/personal/tt-ihp-int8-npu/src/npu_core.sv:330$1148 in module $paramod$30113e79297c892e4c10dd5b4ca807f7a7823615\npu_core.
Marked 2 switch rules as full_case in process $proc$/home/danieltyukov/workspace/personal/tt-ihp-int8-npu/src/npu_core.sv:330$1142 in module $paramod$30113e79297c892e4c10dd5b4ca807f7a7823615\npu_core.
Marked 2 switch rules as full_case in process $proc$/home/danieltyukov/workspace/personal/tt-ihp-int8-npu/src/npu_core.sv:330$1125 in module $paramod$30113e79297c892e4c10dd5b4ca807f7a7823615\npu_core.
Marked 2 switch rules as full_case in process $proc$/home/danieltyukov/workspace/personal/tt-ihp-int8-npu/src/npu_core.sv:330$1119 in module $paramod$30113e79297c892e4c10dd5b4ca807f7a7823615\npu_core.
Marked 2 switch rules as full_case in process $proc$/home/danieltyukov/workspace/personal/tt-ihp-int8-npu/src/npu_core.sv:330$1113 in module $paramod$30113e79297c892e4c10dd5b4ca807f7a7823615\npu_core.
Marked 2 switch rules as full_case in process $proc$/home/danieltyukov/workspace/personal/tt-ihp-int8-npu/src/npu_core.sv:330$1107 in module $paramod$30113e79297c892e4c10dd5b4ca807f7a7823615\npu_core.
Marked 2 switch rules as full_case in process $proc$/home/danieltyukov/workspace/personal/tt-ihp-int8-npu/src/npu_core.sv:330$1101 in module $paramod$30113e79297c892e4c10dd5b4ca807f7a7823615\npu_core.
Marked 2 switch rules as full_case in process $proc$/home/danieltyukov/workspace/personal/tt-ihp-int8-npu/src/npu_core.sv:330$1095 in module $paramod$30113e79297c892e4c10dd5b4ca807f7a7823615\npu_core.
Marked 2 switch rules as full_case in process $proc$/home/danieltyukov/workspace/personal/tt-ihp-int8-npu/src/npu_core.sv:330$1089 in module $paramod$30113e79297c892e4c10dd5b4ca807f7a7823615\npu_core.
Marked 2 switch rules as full_case in process $proc$/home/danieltyukov/workspace/personal/tt-ihp-int8-npu/src/npu_core.sv:330$1083 in module $paramod$30113e79297c892e4c10dd5b4ca807f7a7823615\npu_core.
Marked 1 switch rules as full_case in process $proc$/home/danieltyukov/workspace/personal/tt-ihp-int8-npu/src/npu_core.sv:0$1010 in module $paramod$30113e79297c892e4c10dd5b4ca807f7a7823615\npu_core.
Marked 1 switch rules as full_case in process $proc$/home/danieltyukov/workspace/personal/tt-ihp-int8-npu/src/npu_core.sv:0$1009 in module $paramod$30113e79297c892e4c10dd5b4ca807f7a7823615\npu_core.
Marked 6 switch rules as full_case in process $proc$/home/danieltyukov/workspace/personal/tt-ihp-int8-npu/src/npu_core.sv:415$993 in module $paramod$30113e79297c892e4c10dd5b4ca807f7a7823615\npu_core.
Marked 2 switch rules as full_case in process $proc$/home/danieltyukov/workspace/personal/tt-ihp-int8-npu/src/npu_core.sv:263$971 in module $paramod$30113e79297c892e4c10dd5b4ca807f7a7823615\npu_core.
Marked 2 switch rules as full_case in process $proc$/home/danieltyukov/workspace/personal/tt-ihp-int8-npu/src/npu_core.sv:173$966 in module $paramod$30113e79297c892e4c10dd5b4ca807f7a7823615\npu_core.
Removed a total of 0 dead cases.

16.2.3. Executing PROC_PRUNE pass (remove redundant assignments in processes).
Removed 16 redundant assignments.
Promoted 8 assignments to connections.

16.2.4. Executing PROC_INIT pass (extract init attributes).

16.2.5. Executing PROC_ARST pass (detect async resets in processes).
Found async reset \rst_n in `$paramod$67ba8969b455a9921a0ce9d05bfcb7563f4a488b\npu_pe.$proc$/home/danieltyukov/workspace/personal/tt-ihp-int8-npu/src/npu_pe.sv:84$1780'.
Found async reset \rst_n in `$paramod$8eda7e2dfd1e76bc948309fd2e766fe6102324c8\npu_host_if.$proc$/home/danieltyukov/workspace/personal/tt-ihp-int8-npu/src/npu_host_if.sv:123$1544'.
Found async reset \rst_n in `$paramod$9762f17314fc00bcc8483d811536c717be533d3b\npu_requant.$proc$/home/danieltyukov/workspace/personal/tt-ihp-int8-npu/src/npu_requant.sv:137$1518'.
Found async reset \rst_n in `$paramod$30113e79297c892e4c10dd5b4ca807f7a7823615\npu_core.$proc$/home/danieltyukov/workspace/personal/tt-ihp-int8-npu/src/npu_core.sv:396$1313'.
Found async reset \rst_n in `$paramod$30113e79297c892e4c10dd5b4ca807f7a7823615\npu_core.$proc$/home/danieltyukov/workspace/personal/tt-ihp-int8-npu/src/npu_core.sv:396$1305'.
Found async reset \rst_n in `$paramod$30113e79297c892e4c10dd5b4ca807f7a7823615\npu_core.$proc$/home/danieltyukov/workspace/personal/tt-ihp-int8-npu/src/npu_core.sv:396$1297'.
Found async reset \rst_n in `$paramod$30113e79297c892e4c10dd5b4ca807f7a7823615\npu_core.$proc$/home/danieltyukov/workspace/personal/tt-ihp-int8-npu/src/npu_core.sv:396$1289'.
Found async reset \rst_n in `$paramod$30113e79297c892e4c10dd5b4ca807f7a7823615\npu_core.$proc$/home/danieltyukov/workspace/personal/tt-ihp-int8-npu/src/npu_core.sv:396$1281'.
Found async reset \rst_n in `$paramod$30113e79297c892e4c10dd5b4ca807f7a7823615\npu_core.$proc$/home/danieltyukov/workspace/personal/tt-ihp-int8-npu/src/npu_core.sv:396$1273'.
Found async reset \rst_n in `$paramod$30113e79297c892e4c10dd5b4ca807f7a7823615\npu_core.$proc$/home/danieltyukov/workspace/personal/tt-ihp-int8-npu/src/npu_core.sv:396$1265'.
Found async reset \rst_n in `$paramod$30113e79297c892e4c10dd5b4ca807f7a7823615\npu_core.$proc$/home/danieltyukov/workspace/personal/tt-ihp-int8-npu/src/npu_core.sv:396$1257'.
Found async reset \rst_n in `$paramod$30113e79297c892e4c10dd5b4ca807f7a7823615\npu_core.$proc$/home/danieltyukov/workspace/personal/tt-ihp-int8-npu/src/npu_core.sv:396$1249'.
Found async reset \rst_n in `$paramod$30113e79297c892e4c10dd5b4ca807f7a7823615\npu_core.$proc$/home/danieltyukov/workspace/personal/tt-ihp-int8-npu/src/npu_core.sv:396$1241'.
Found async reset \rst_n in `$paramod$30113e79297c892e4c10dd5b4ca807f7a7823615\npu_core.$proc$/home/danieltyukov/workspace/personal/tt-ihp-int8-npu/src/npu_core.sv:396$1233'.
Found async reset \rst_n in `$paramod$30113e79297c892e4c10dd5b4ca807f7a7823615\npu_core.$proc$/home/danieltyukov/workspace/personal/tt-ihp-int8-npu/src/npu_core.sv:396$1225'.
Found async reset \rst_n in `$paramod$30113e79297c892e4c10dd5b4ca807f7a7823615\npu_core.$proc$/home/danieltyukov/workspace/personal/tt-ihp-int8-npu/src/npu_core.sv:396$1217'.
Found async reset \rst_n in `$paramod$30113e79297c892e4c10dd5b4ca807f7a7823615\npu_core.$proc$/home/danieltyukov/workspace/personal/tt-ihp-int8-npu/src/npu_core.sv:396$1209'.
Found async reset \rst_n in `$paramod$30113e79297c892e4c10dd5b4ca807f7a7823615\npu_core.$proc$/home/danieltyukov/workspace/personal/tt-ihp-int8-npu/src/npu_core.sv:396$1201'.
Found async reset \rst_n in `$paramod$30113e79297c892e4c10dd5b4ca807f7a7823615\npu_core.$proc$/home/danieltyukov/workspace/personal/tt-ihp-int8-npu/src/npu_core.sv:396$1193'.
Found async reset \rst_n in `$paramod$30113e79297c892e4c10dd5b4ca807f7a7823615\npu_core.$proc$/home/danieltyukov/workspace/personal/tt-ihp-int8-npu/src/npu_core.sv:330$1184'.
Found async reset \rst_n in `$paramod$30113e79297c892e4c10dd5b4ca807f7a7823615\npu_core.$proc$/home/danieltyukov/workspace/personal/tt-ihp-int8-npu/src/npu_core.sv:330$1178'.
Found async reset \rst_n in `$paramod$30113e79297c892e4c10dd5b4ca807f7a7823615\npu_core.$proc$/home/danieltyukov/workspace/personal/tt-ihp-int8-npu/src/npu_core.sv:330$1172'.
Found async reset \rst_n in `$paramod$30113e79297c892e4c10dd5b4ca807f7a7823615\npu_core.$proc$/home/danieltyukov/workspace/personal/tt-ihp-int8-npu/src/npu_core.sv:330$1166'.
Found async reset \rst_n in `$paramod$30113e79297c892e4c10dd5b4ca807f7a7823615\npu_core.$proc$/home/danieltyukov/workspace/personal/tt-ihp-int8-npu/src/npu_core.sv:330$1160'.
Found async reset \rst_n in `$paramod$30113e79297c892e4c10dd5b4ca807f7a7823615\npu_core.$proc$/home/danieltyukov/workspace/personal/tt-ihp-int8-npu/src/npu_core.sv:330$1154'.
Found async reset \rst_n in `$paramod$30113e79297c892e4c10dd5b4ca807f7a7823615\npu_core.$proc$/home/danieltyukov/workspace/personal/tt-ihp-int8-npu/src/npu_core.sv:330$1148'.
Found async reset \rst_n in `$paramod$30113e79297c892e4c10dd5b4ca807f7a7823615\npu_core.$proc$/home/danieltyukov/workspace/personal/tt-ihp-int8-npu/src/npu_core.sv:330$1142'.
Found async reset \rst_n in `$paramod$30113e79297c892e4c10dd5b4ca807f7a7823615\npu_core.$proc$/home/danieltyukov/workspace/personal/tt-ihp-int8-npu/src/npu_core.sv:330$1125'.
Found async reset \rst_n in `$paramod$30113e79297c892e4c10dd5b4ca807f7a7823615\npu_core.$proc$/home/danieltyukov/workspace/personal/tt-ihp-int8-npu/src/npu_core.sv:330$1119'.
Found async reset \rst_n in `$paramod$30113e79297c892e4c10dd5b4ca807f7a7823615\npu_core.$proc$/home/danieltyukov/workspace/personal/tt-ihp-int8-npu/src/npu_core.sv:330$1113'.
Found async reset \rst_n in `$paramod$30113e79297c892e4c10dd5b4ca807f7a7823615\npu_core.$proc$/home/danieltyukov/workspace/personal/tt-ihp-int8-npu/src/npu_core.sv:330$1107'.
Found async reset \rst_n in `$paramod$30113e79297c892e4c10dd5b4ca807f7a7823615\npu_core.$proc$/home/danieltyukov/workspace/personal/tt-ihp-int8-npu/src/npu_core.sv:330$1101'.
Found async reset \rst_n in `$paramod$30113e79297c892e4c10dd5b4ca807f7a7823615\npu_core.$proc$/home/danieltyukov/workspace/personal/tt-ihp-int8-npu/src/npu_core.sv:330$1095'.
Found async reset \rst_n in `$paramod$30113e79297c892e4c10dd5b4ca807f7a7823615\npu_core.$proc$/home/danieltyukov/workspace/personal/tt-ihp-int8-npu/src/npu_core.sv:330$1089'.
Found async reset \rst_n in `$paramod$30113e79297c892e4c10dd5b4ca807f7a7823615\npu_core.$proc$/home/danieltyukov/workspace/personal/tt-ihp-int8-npu/src/npu_core.sv:330$1083'.
Found async reset \rst_n in `$paramod$30113e79297c892e4c10dd5b4ca807f7a7823615\npu_core.$proc$/home/danieltyukov/workspace/personal/tt-ihp-int8-npu/src/npu_core.sv:415$993'.
Found async reset \rst_n in `$paramod$30113e79297c892e4c10dd5b4ca807f7a7823615\npu_core.$proc$/home/danieltyukov/workspace/personal/tt-ihp-int8-npu/src/npu_core.sv:263$971'.
Found async reset \rst_n in `$paramod$30113e79297c892e4c10dd5b4ca807f7a7823615\npu_core.$proc$/home/danieltyukov/workspace/personal/tt-ihp-int8-npu/src/npu_core.sv:173$966'.

16.2.6. Executing PROC_ROM pass (convert switches to ROMs).
Converted 1 switch.
<suppressed ~104 debug messages>

16.2.7. Executing PROC_MUX pass (convert decision trees to multiplexers).
Creating decoders for process `$paramod$67ba8969b455a9921a0ce9d05bfcb7563f4a488b\npu_pe.$proc$/home/danieltyukov/workspace/personal/tt-ihp-int8-npu/src/npu_pe.sv:84$1780'.
     1/3: $0\psum_reg[18:0]
     2/3: $0\a_reg[7:0]
     3/3: $0\w_reg[7:0]
Creating decoders for process `$paramod$8eda7e2dfd1e76bc948309fd2e766fe6102324c8\npu_host_if.$proc$/home/danieltyukov/workspace/personal/tt-ihp-int8-npu/src/npu_host_if.sv:123$1544'.
     1/42: $5\payload_len$func$/home/danieltyukov/workspace/personal/tt-ihp-int8-npu/src/npu_host_if.sv:193$1543.$result[7:0]$1582
     2/42: $4\payload_len$func$/home/danieltyukov/workspace/personal/tt-ihp-int8-npu/src/npu_host_if.sv:193$1543.$result[7:0]$1580
     3/42: $4\payload_len$func$/home/danieltyukov/workspace/personal/tt-ihp-int8-npu/src/npu_host_if.sv:193$1543.o[3:0]$1581
     4/42: $4\known_op$func$/home/danieltyukov/workspace/personal/tt-ihp-int8-npu/src/npu_host_if.sv:167$1542.$result[0:0]$1576
     5/42: $4\payload_len$func$/home/danieltyukov/workspace/personal/tt-ihp-int8-npu/src/npu_host_if.sv:163$1541.$result[7:0]$1572
     6/42: $3\known_op$func$/home/danieltyukov/workspace/personal/tt-ihp-int8-npu/src/npu_host_if.sv:167$1542.$result[0:0]$1568
     7/42: $3\known_op$func$/home/danieltyukov/workspace/personal/tt-ihp-int8-npu/src/npu_host_if.sv:167$1542.o[3:0]$1569
     8/42: $3\payload_len$func$/home/danieltyukov/workspace/personal/tt-ihp-int8-npu/src/npu_host_if.sv:163$1541.$result[7:0]$1566
     9/42: $3\payload_len$func$/home/danieltyukov/workspace/personal/tt-ihp-int8-npu/src/npu_host_if.sv:163$1541.o[3:0]$1567
    10/42: $3\payload_len$func$/home/danieltyukov/workspace/personal/tt-ihp-int8-npu/src/npu_host_if.sv:193$1543.o[3:0]$1571
    11/42: $3\payload_len$func$/home/danieltyukov/workspace/personal/tt-ihp-int8-npu/src/npu_host_if.sv:193$1543.$result[7:0]$1570
    12/42: $2\payload_len$func$/home/danieltyukov/workspace/personal/tt-ihp-int8-npu/src/npu_host_if.sv:193$1543.o[3:0]$1564
    13/42: $2\payload_len$func$/home/danieltyukov/workspace/personal/tt-ihp-int8-npu/src/npu_host_if.sv:193$1543.$result[7:0]$1563
    14/42: $2\known_op$func$/home/danieltyukov/workspace/personal/tt-ihp-int8-npu/src/npu_host_if.sv:167$1542.o[3:0]$1562
    15/42: $2\known_op$func$/home/danieltyukov/workspace/personal/tt-ihp-int8-npu/src/npu_host_if.sv:167$1542.$result[0:0]$1561
    16/42: $2\payload_len$func$/home/danieltyukov/workspace/personal/tt-ihp-int8-npu/src/npu_host_if.sv:163$1541.o[3:0]$1560
    17/42: $2\payload_len$func$/home/danieltyukov/workspace/personal/tt-ihp-int8-npu/src/npu_host_if.sv:163$1541.$result[7:0]$1559
    18/42: $1\payload_len$func$/home/danieltyukov/workspace/personal/tt-ihp-int8-npu/src/npu_host_if.sv:193$1543.o[3:0]$1557
    19/42: $1\payload_len$func$/home/danieltyukov/workspace/personal/tt-ihp-int8-npu/src/npu_host_if.sv:193$1543.$result[7:0]$1556
    20/42: $1\known_op$func$/home/danieltyukov/workspace/personal/tt-ihp-int8-npu/src/npu_host_if.sv:167$1542.o[3:0]$1555
    21/42: $1\known_op$func$/home/danieltyukov/workspace/personal/tt-ihp-int8-npu/src/npu_host_if.sv:167$1542.$result[0:0]$1554
    22/42: $1\payload_len$func$/home/danieltyukov/workspace/personal/tt-ihp-int8-npu/src/npu_host_if.sv:163$1541.o[3:0]$1553
    23/42: $1\payload_len$func$/home/danieltyukov/workspace/personal/tt-ihp-int8-npu/src/npu_host_if.sv:163$1541.$result[7:0]$1552
    24/42: $0\err_set[0:0]
    25/42: $0\soft_rst[0:0]
    26/42: $0\clr_flags[0:0]
    27/42: $0\run[0:0]
    28/42: $0\wr_cfg[0:0]
    29/42: $0\wr_post[0:0]
    30/42: $0\wr_quant[0:0]
    31/42: $0\wr_bias[0:0]
    32/42: $0\wr_act[0:0]
    33/42: $0\wr_w[0:0]
    34/42: $0\pcount[7:0]
    35/42: $0\op[3:0]
    36/42: $0\err_code[1:0]
    37/42: $0\run_req[0:0]
    38/42: $0\run_acc[0:0]
    39/42: $0\byte_out[7:0]
    40/42: $0\rd_ptr[5:0]
    41/42: $0\rd_src[1:0]
    42/42: $0\post_idx[1:0]
Creating decoders for process `$paramod$9762f17314fc00bcc8483d811536c717be533d3b\npu_requant.$proc$/home/danieltyukov/workspace/personal/tt-ihp-int8-npu/src/npu_requant.sv:137$1518'.
     1/9: $0\done[0:0]
     2/9: $0\sbit[0:0]
     3/9: $0\rbit[0:0]
     4/9: $0\shcnt[5:0]
     5/9: $0\digcnt[3:0]
     6/9: $0\pr[44:0]
     7/9: $0\sat_out[0:0]
     8/9: $0\q_out[7:0]
     9/9: $0\state[1:0]
Creating decoders for process `$paramod$30113e79297c892e4c10dd5b4ca807f7a7823615\npu_core.$proc$/home/danieltyukov/workspace/personal/tt-ihp-int8-npu/src/npu_core.sv:396$1313'.
     1/1: $0\g_res[15].q[7:0]
Creating decoders for process `$paramod$30113e79297c892e4c10dd5b4ca807f7a7823615\npu_core.$proc$/home/danieltyukov/workspace/personal/tt-ihp-int8-npu/src/npu_core.sv:396$1305'.
     1/1: $0\g_res[14].q[7:0]
Creating decoders for process `$paramod$30113e79297c892e4c10dd5b4ca807f7a7823615\npu_core.$proc$/home/danieltyukov/workspace/personal/tt-ihp-int8-npu/src/npu_core.sv:396$1297'.
     1/1: $0\g_res[13].q[7:0]
Creating decoders for process `$paramod$30113e79297c892e4c10dd5b4ca807f7a7823615\npu_core.$proc$/home/danieltyukov/workspace/personal/tt-ihp-int8-npu/src/npu_core.sv:396$1289'.
     1/1: $0\g_res[12].q[7:0]
Creating decoders for process `$paramod$30113e79297c892e4c10dd5b4ca807f7a7823615\npu_core.$proc$/home/danieltyukov/workspace/personal/tt-ihp-int8-npu/src/npu_core.sv:396$1281'.
     1/1: $0\g_res[11].q[7:0]
Creating decoders for process `$paramod$30113e79297c892e4c10dd5b4ca807f7a7823615\npu_core.$proc$/home/danieltyukov/workspace/personal/tt-ihp-int8-npu/src/npu_core.sv:396$1273'.
     1/1: $0\g_res[10].q[7:0]
Creating decoders for process `$paramod$30113e79297c892e4c10dd5b4ca807f7a7823615\npu_core.$proc$/home/danieltyukov/workspace/personal/tt-ihp-int8-npu/src/npu_core.sv:396$1265'.
     1/1: $0\g_res[9].q[7:0]
Creating decoders for process `$paramod$30113e79297c892e4c10dd5b4ca807f7a7823615\npu_core.$proc$/home/danieltyukov/workspace/personal/tt-ihp-int8-npu/src/npu_core.sv:396$1257'.
     1/1: $0\g_res[8].q[7:0]
Creating decoders for process `$paramod$30113e79297c892e4c10dd5b4ca807f7a7823615\npu_core.$proc$/home/danieltyukov/workspace/personal/tt-ihp-int8-npu/src/npu_core.sv:396$1249'.
     1/1: $0\g_res[7].q[7:0]
Creating decoders for process `$paramod$30113e79297c892e4c10dd5b4ca807f7a7823615\npu_core.$proc$/home/danieltyukov/workspace/personal/tt-ihp-int8-npu/src/npu_core.sv:396$1241'.
     1/1: $0\g_res[6].q[7:0]
Creating decoders for process `$paramod$30113e79297c892e4c10dd5b4ca807f7a7823615\npu_core.$proc$/home/danieltyukov/workspace/personal/tt-ihp-int8-npu/src/npu_core.sv:396$1233'.
     1/1: $0\g_res[5].q[7:0]
Creating decoders for process `$paramod$30113e79297c892e4c10dd5b4ca807f7a7823615\npu_core.$proc$/home/danieltyukov/workspace/personal/tt-ihp-int8-npu/src/npu_core.sv:396$1225'.
     1/1: $0\g_res[4].q[7:0]
Creating decoders for process `$paramod$30113e79297c892e4c10dd5b4ca807f7a7823615\npu_core.$proc$/home/danieltyukov/workspace/personal/tt-ihp-int8-npu/src/npu_core.sv:396$1217'.
     1/1: $0\g_res[3].q[7:0]
Creating decoders for process `$paramod$30113e79297c892e4c10dd5b4ca807f7a7823615\npu_core.$proc$/home/danieltyukov/workspace/personal/tt-ihp-int8-npu/src/npu_core.sv:396$1209'.
     1/1: $0\g_res[2].q[7:0]
Creating decoders for process `$paramod$30113e79297c892e4c10dd5b4ca807f7a7823615\npu_core.$proc$/home/danieltyukov/workspace/personal/tt-ihp-int8-npu/src/npu_core.sv:396$1201'.
     1/1: $0\g_res[1].q[7:0]
Creating decoders for process `$paramod$30113e79297c892e4c10dd5b4ca807f7a7823615\npu_core.$proc$/home/danieltyukov/workspace/personal/tt-ihp-int8-npu/src/npu_core.sv:396$1193'.
     1/1: $0\g_res[0].q[7:0]
Creating decoders for process `$paramod$30113e79297c892e4c10dd5b4ca807f7a7823615\npu_core.$proc$/home/danieltyukov/workspace/personal/tt-ihp-int8-npu/src/npu_core.sv:330$1184'.
     1/1: $0\g_bank[1].g_ent[7].q[23:0]
Creating decoders for process `$paramod$30113e79297c892e4c10dd5b4ca807f7a7823615\npu_core.$proc$/home/danieltyukov/workspace/personal/tt-ihp-int8-npu/src/npu_core.sv:330$1178'.
     1/1: $0\g_bank[1].g_ent[6].q[23:0]
Creating decoders for process `$paramod$30113e79297c892e4c10dd5b4ca807f7a7823615\npu_core.$proc$/home/danieltyukov/workspace/personal/tt-ihp-int8-npu/src/npu_core.sv:330$1172'.
     1/1: $0\g_bank[1].g_ent[5].q[23:0]
Creating decoders for process `$paramod$30113e79297c892e4c10dd5b4ca807f7a7823615\npu_core.$proc$/home/danieltyukov/workspace/personal/tt-ihp-int8-npu/src/npu_core.sv:330$1166'.
     1/1: $0\g_bank[1].g_ent[4].q[23:0]
Creating decoders for process `$paramod$30113e79297c892e4c10dd5b4ca807f7a7823615\npu_core.$proc$/home/danieltyukov/workspace/personal/tt-ihp-int8-npu/src/npu_core.sv:330$1160'.
     1/1: $0\g_bank[1].g_ent[3].q[23:0]
Creating decoders for process `$paramod$30113e79297c892e4c10dd5b4ca807f7a7823615\npu_core.$proc$/home/danieltyukov/workspace/personal/tt-ihp-int8-npu/src/npu_core.sv:330$1154'.
     1/1: $0\g_bank[1].g_ent[2].q[23:0]
Creating decoders for process `$paramod$30113e79297c892e4c10dd5b4ca807f7a7823615\npu_core.$proc$/home/danieltyukov/workspace/personal/tt-ihp-int8-npu/src/npu_core.sv:330$1148'.
     1/1: $0\g_bank[1].g_ent[1].q[23:0]
Creating decoders for process `$paramod$30113e79297c892e4c10dd5b4ca807f7a7823615\npu_core.$proc$/home/danieltyukov/workspace/personal/tt-ihp-int8-npu/src/npu_core.sv:330$1142'.
     1/1: $0\g_bank[1].g_ent[0].q[23:0]
Creating decoders for process `$paramod$30113e79297c892e4c10dd5b4ca807f7a7823615\npu_core.$proc$/home/danieltyukov/workspace/personal/tt-ihp-int8-npu/src/npu_core.sv:330$1125'.
     1/1: $0\g_bank[0].g_ent[7].q[23:0]
Creating decoders for process `$paramod$30113e79297c892e4c10dd5b4ca807f7a7823615\npu_core.$proc$/home/danieltyukov/workspace/personal/tt-ihp-int8-npu/src/npu_core.sv:330$1119'.
     1/1: $0\g_bank[0].g_ent[6].q[23:0]
Creating decoders for process `$paramod$30113e79297c892e4c10dd5b4ca807f7a7823615\npu_core.$proc$/home/danieltyukov/workspace/personal/tt-ihp-int8-npu/src/npu_core.sv:330$1113'.
     1/1: $0\g_bank[0].g_ent[5].q[23:0]
Creating decoders for process `$paramod$30113e79297c892e4c10dd5b4ca807f7a7823615\npu_core.$proc$/home/danieltyukov/workspace/personal/tt-ihp-int8-npu/src/npu_core.sv:330$1107'.
     1/1: $0\g_bank[0].g_ent[4].q[23:0]
Creating decoders for process `$paramod$30113e79297c892e4c10dd5b4ca807f7a7823615\npu_core.$proc$/home/danieltyukov/workspace/personal/tt-ihp-int8-npu/src/npu_core.sv:330$1101'.
     1/1: $0\g_bank[0].g_ent[3].q[23:0]
Creating decoders for process `$paramod$30113e79297c892e4c10dd5b4ca807f7a7823615\npu_core.$proc$/home/danieltyukov/workspace/personal/tt-ihp-int8-npu/src/npu_core.sv:330$1095'.
     1/1: $0\g_bank[0].g_ent[2].q[23:0]
Creating decoders for process `$paramod$30113e79297c892e4c10dd5b4ca807f7a7823615\npu_core.$proc$/home/danieltyukov/workspace/personal/tt-ihp-int8-npu/src/npu_core.sv:330$1089'.
     1/1: $0\g_bank[0].g_ent[1].q[23:0]
Creating decoders for process `$paramod$30113e79297c892e4c10dd5b4ca807f7a7823615\npu_core.$proc$/home/danieltyukov/workspace/personal/tt-ihp-int8-npu/src/npu_core.sv:330$1083'.
     1/1: $0\g_bank[0].g_ent[0].q[23:0]
Creating decoders for process `$paramod$30113e79297c892e4c10dd5b4ca807f7a7823615\npu_core.$proc$/home/danieltyukov/workspace/personal/tt-ihp-int8-npu/src/npu_core.sv:0$1010'.
     1/1: $1\rb[7:0]
Creating decoders for process `$paramod$30113e79297c892e4c10dd5b4ca807f7a7823615\npu_core.$proc$/home/danieltyukov/workspace/personal/tt-ihp-int8-npu/src/npu_core.sv:0$1009'.
     1/1: $1\id_byte[7:0]
Creating decoders for process `$paramod$30113e79297c892e4c10dd5b4ca807f7a7823615\npu_core.$proc$/home/danieltyukov/workspace/personal/tt-ihp-int8-npu/src/npu_core.sv:415$993'.
     1/12: $0\req_start[0:0]
     2/12: $0\err_code_reg[1:0]
     3/12: $0\ovf_reg[0:0]
     4/12: $0\sat_reg[0:0]
     5/12: $0\err_reg[0:0]
     6/12: $0\done_reg[0:0]
     7/12: $0\req_c[0:0]
     8/12: $0\req_s[2:0]
     9/12: $0\do_req[0:0]
    10/12: $0\acc_first[0:0]
    11/12: $0\cyc[3:0]
    12/12: $0\state[1:0]
Creating decoders for process `$paramod$30113e79297c892e4c10dd5b4ca807f7a7823615\npu_core.$proc$/home/danieltyukov/workspace/personal/tt-ihp-int8-npu/src/npu_core.sv:263$971'.
     1/3: $0\ipipe[17:0]
     2/3: $0\vpipe[5:0]
     3/3: $0\inj_idx[2:0]
Creating decoders for process `$paramod$30113e79297c892e4c10dd5b4ca807f7a7823615\npu_core.$proc$/home/danieltyukov/workspace/personal/tt-ihp-int8-npu/src/npu_core.sv:173$966'.
     1/9: $0\s_cnt_m1[2:0]
     2/9: $0\leaky_k_reg[2:0]
     3/9: $0\act_sel_reg[1:0]
     4/9: $0\clamp_hi_reg[7:0]
     5/9: $0\clamp_lo_reg[7:0]
     6/9: $0\zp_reg[7:0]
     7/9: $0\quant_buf[47:0]
     8/9: $0\bias_buf[47:0]
     9/9: $0\act_buf[255:0]

16.2.8. Executing PROC_DLATCH pass (convert process syncs to latches).
No latch inferred for signal `$paramod$30113e79297c892e4c10dd5b4ca807f7a7823615\npu_core.\rb' from process `$paramod$30113e79297c892e4c10dd5b4ca807f7a7823615\npu_core.$proc$/home/danieltyukov/workspace/personal/tt-ihp-int8-npu/src/npu_core.sv:0$1010'.
No latch inferred for signal `$paramod$30113e79297c892e4c10dd5b4ca807f7a7823615\npu_core.\id_byte' from process `$paramod$30113e79297c892e4c10dd5b4ca807f7a7823615\npu_core.$proc$/home/danieltyukov/workspace/personal/tt-ihp-int8-npu/src/npu_core.sv:0$1009'.

16.2.9. Executing PROC_DFF pass (convert process syncs to FFs).
Creating register for signal `$paramod$67ba8969b455a9921a0ce9d05bfcb7563f4a488b\npu_pe.\w_reg' using process `$paramod$67ba8969b455a9921a0ce9d05bfcb7563f4a488b\npu_pe.$proc$/home/danieltyukov/workspace/personal/tt-ihp-int8-npu/src/npu_pe.sv:84$1780'.
  created $adff cell `$procdff$2903' with positive edge clock and negative level reset.
Creating register for signal `$paramod$67ba8969b455a9921a0ce9d05bfcb7563f4a488b\npu_pe.\a_reg' using process `$paramod$67ba8969b455a9921a0ce9d05bfcb7563f4a488b\npu_pe.$proc$/home/danieltyukov/workspace/personal/tt-ihp-int8-npu/src/npu_pe.sv:84$1780'.
  created $adff cell `$procdff$2904' with positive edge clock and negative level reset.
Creating register for signal `$paramod$67ba8969b455a9921a0ce9d05bfcb7563f4a488b\npu_pe.\psum_reg' using process `$paramod$67ba8969b455a9921a0ce9d05bfcb7563f4a488b\npu_pe.$proc$/home/danieltyukov/workspace/personal/tt-ihp-int8-npu/src/npu_pe.sv:84$1780'.
  created $adff cell `$procdff$2905' with positive edge clock and negative level reset.
Creating register for signal `$paramod$8eda7e2dfd1e76bc948309fd2e766fe6102324c8\npu_host_if.\wr_w' using process `$paramod$8eda7e2dfd1e76bc948309fd2e766fe6102324c8\npu_host_if.$proc$/home/danieltyukov/workspace/personal/tt-ihp-int8-npu/src/npu_host_if.sv:123$1544'.
  created $adff cell `$procdff$2906' with positive edge clock and negative level reset.
Creating register for signal `$paramod$8eda7e2dfd1e76bc948309fd2e766fe6102324c8\npu_host_if.\wr_act' using process `$paramod$8eda7e2dfd1e76bc948309fd2e766fe6102324c8\npu_host_if.$proc$/home/danieltyukov/workspace/personal/tt-ihp-int8-npu/src/npu_host_if.sv:123$1544'.
  created $adff cell `$procdff$2907' with positive edge clock and negative level reset.
Creating register for signal `$paramod$8eda7e2dfd1e76bc948309fd2e766fe6102324c8\npu_host_if.\wr_bias' using process `$paramod$8eda7e2dfd1e76bc948309fd2e766fe6102324c8\npu_host_if.$proc$/home/danieltyukov/workspace/personal/tt-ihp-int8-npu/src/npu_host_if.sv:123$1544'.
  created $adff cell `$procdff$2908' with positive edge clock and negative level reset.
Creating register for signal `$paramod$8eda7e2dfd1e76bc948309fd2e766fe6102324c8\npu_host_if.\wr_quant' using process `$paramod$8eda7e2dfd1e76bc948309fd2e766fe6102324c8\npu_host_if.$proc$/home/danieltyukov/workspace/personal/tt-ihp-int8-npu/src/npu_host_if.sv:123$1544'.
  created $adff cell `$procdff$2909' with positive edge clock and negative level reset.
Creating register for signal `$paramod$8eda7e2dfd1e76bc948309fd2e766fe6102324c8\npu_host_if.\wr_post' using process `$paramod$8eda7e2dfd1e76bc948309fd2e766fe6102324c8\npu_host_if.$proc$/home/danieltyukov/workspace/personal/tt-ihp-int8-npu/src/npu_host_if.sv:123$1544'.
  created $adff cell `$procdff$2910' with positive edge clock and negative level reset.
Creating register for signal `$paramod$8eda7e2dfd1e76bc948309fd2e766fe6102324c8\npu_host_if.\wr_cfg' using process `$paramod$8eda7e2dfd1e76bc948309fd2e766fe6102324c8\npu_host_if.$proc$/home/danieltyukov/workspace/personal/tt-ihp-int8-npu/src/npu_host_if.sv:123$1544'.
  created $adff cell `$procdff$2911' with positive edge clock and negative level reset.
Creating register for signal `$paramod$8eda7e2dfd1e76bc948309fd2e766fe6102324c8\npu_host_if.\post_idx' using process `$paramod$8eda7e2dfd1e76bc948309fd2e766fe6102324c8\npu_host_if.$proc$/home/danieltyukov/workspace/personal/tt-ihp-int8-npu/src/npu_host_if.sv:123$1544'.
  created $adff cell `$procdff$2912' with positive edge clock and negative level reset.
Creating register for signal `$paramod$8eda7e2dfd1e76bc948309fd2e766fe6102324c8\npu_host_if.\clr_flags' using process `$paramod$8eda7e2dfd1e76bc948309fd2e766fe6102324c8\npu_host_if.$proc$/home/danieltyukov/workspace/personal/tt-ihp-int8-npu/src/npu_host_if.sv:123$1544'.
  created $adff cell `$procdff$2913' with positive edge clock and negative level reset.
Creating register for signal `$paramod$8eda7e2dfd1e76bc948309fd2e766fe6102324c8\npu_host_if.\soft_rst' using process `$paramod$8eda7e2dfd1e76bc948309fd2e766fe6102324c8\npu_host_if.$proc$/home/danieltyukov/workspace/personal/tt-ihp-int8-npu/src/npu_host_if.sv:123$1544'.
  created $adff cell `$procdff$2914' with positive edge clock and negative level reset.
Creating register for signal `$paramod$8eda7e2dfd1e76bc948309fd2e766fe6102324c8\npu_host_if.\rd_src' using process `$paramod$8eda7e2dfd1e76bc948309fd2e766fe6102324c8\npu_host_if.$proc$/home/danieltyukov/workspace/personal/tt-ihp-int8-npu/src/npu_host_if.sv:123$1544'.
  created $adff cell `$procdff$2915' with positive edge clock and negative level reset.
Creating register for signal `$paramod$8eda7e2dfd1e76bc948309fd2e766fe6102324c8\npu_host_if.\rd_ptr' using process `$paramod$8eda7e2dfd1e76bc948309fd2e766fe6102324c8\npu_host_if.$proc$/home/danieltyukov/workspace/personal/tt-ihp-int8-npu/src/npu_host_if.sv:123$1544'.
  created $adff cell `$procdff$2916' with positive edge clock and negative level reset.
Creating register for signal `$paramod$8eda7e2dfd1e76bc948309fd2e766fe6102324c8\npu_host_if.\err_set' using process `$paramod$8eda7e2dfd1e76bc948309fd2e766fe6102324c8\npu_host_if.$proc$/home/danieltyukov/workspace/personal/tt-ihp-int8-npu/src/npu_host_if.sv:123$1544'.
  created $adff cell `$procdff$2917' with positive edge clock and negative level reset.
Creating register for signal `$paramod$8eda7e2dfd1e76bc948309fd2e766fe6102324c8\npu_host_if.\byte_out' using process `$paramod$8eda7e2dfd1e76bc948309fd2e766fe6102324c8\npu_host_if.$proc$/home/danieltyukov/workspace/personal/tt-ihp-int8-npu/src/npu_host_if.sv:123$1544'.
  created $adff cell `$procdff$2918' with positive edge clock and negative level reset.
Creating register for signal `$paramod$8eda7e2dfd1e76bc948309fd2e766fe6102324c8\npu_host_if.\run' using process `$paramod$8eda7e2dfd1e76bc948309fd2e766fe6102324c8\npu_host_if.$proc$/home/danieltyukov/workspace/personal/tt-ihp-int8-npu/src/npu_host_if.sv:123$1544'.
  created $adff cell `$procdff$2919' with positive edge clock and negative level reset.
Creating register for signal `$paramod$8eda7e2dfd1e76bc948309fd2e766fe6102324c8\npu_host_if.\run_acc' using process `$paramod$8eda7e2dfd1e76bc948309fd2e766fe6102324c8\npu_host_if.$proc$/home/danieltyukov/workspace/personal/tt-ihp-int8-npu/src/npu_host_if.sv:123$1544'.
  created $adff cell `$procdff$2920' with positive edge clock and negative level reset.
Creating register for signal `$paramod$8eda7e2dfd1e76bc948309fd2e766fe6102324c8\npu_host_if.\run_req' using process `$paramod$8eda7e2dfd1e76bc948309fd2e766fe6102324c8\npu_host_if.$proc$/home/danieltyukov/workspace/personal/tt-ihp-int8-npu/src/npu_host_if.sv:123$1544'.
  created $adff cell `$procdff$2921' with positive edge clock and negative level reset.
Creating register for signal `$paramod$8eda7e2dfd1e76bc948309fd2e766fe6102324c8\npu_host_if.\err_code' using process `$paramod$8eda7e2dfd1e76bc948309fd2e766fe6102324c8\npu_host_if.$proc$/home/danieltyukov/workspace/personal/tt-ihp-int8-npu/src/npu_host_if.sv:123$1544'.
  created $adff cell `$procdff$2922' with positive edge clock and negative level reset.
Creating register for signal `$paramod$8eda7e2dfd1e76bc948309fd2e766fe6102324c8\npu_host_if.\op' using process `$paramod$8eda7e2dfd1e76bc948309fd2e766fe6102324c8\npu_host_if.$proc$/home/danieltyukov/workspace/personal/tt-ihp-int8-npu/src/npu_host_if.sv:123$1544'.
  created $adff cell `$procdff$2923' with positive edge clock and negative level reset.
Creating register for signal `$paramod$8eda7e2dfd1e76bc948309fd2e766fe6102324c8\npu_host_if.\pcount' using process `$paramod$8eda7e2dfd1e76bc948309fd2e766fe6102324c8\npu_host_if.$proc$/home/danieltyukov/workspace/personal/tt-ihp-int8-npu/src/npu_host_if.sv:123$1544'.
  created $adff cell `$procdff$2924' with positive edge clock and negative level reset.
Creating register for signal `$paramod$8eda7e2dfd1e76bc948309fd2e766fe6102324c8\npu_host_if.\payload_len$func$/home/danieltyukov/workspace/personal/tt-ihp-int8-npu/src/npu_host_if.sv:163$1541.$result' using process `$paramod$8eda7e2dfd1e76bc948309fd2e766fe6102324c8\npu_host_if.$proc$/home/danieltyukov/workspace/personal/tt-ihp-int8-npu/src/npu_host_if.sv:123$1544'.
  created $adff cell `$procdff$2925' with positive edge clock and negative level reset.
Creating register for signal `$paramod$8eda7e2dfd1e76bc948309fd2e766fe6102324c8\npu_host_if.\payload_len$func$/home/danieltyukov/workspace/personal/tt-ihp-int8-npu/src/npu_host_if.sv:163$1541.o' using process `$paramod$8eda7e2dfd1e76bc948309fd2e766fe6102324c8\npu_host_if.$proc$/home/danieltyukov/workspace/personal/tt-ihp-int8-npu/src/npu_host_if.sv:123$1544'.
  created $adff cell `$procdff$2926' with positive edge clock and negative level reset.
Creating register for signal `$paramod$8eda7e2dfd1e76bc948309fd2e766fe6102324c8\npu_host_if.\known_op$func$/home/danieltyukov/workspace/personal/tt-ihp-int8-npu/src/npu_host_if.sv:167$1542.$result' using process `$paramod$8eda7e2dfd1e76bc948309fd2e766fe6102324c8\npu_host_if.$proc$/home/danieltyukov/workspace/personal/tt-ihp-int8-npu/src/npu_host_if.sv:123$1544'.
  created $adff cell `$procdff$2927' with positive edge clock and negative level reset.
Creating register for signal `$paramod$8eda7e2dfd1e76bc948309fd2e766fe6102324c8\npu_host_if.\known_op$func$/home/danieltyukov/workspace/personal/tt-ihp-int8-npu/src/npu_host_if.sv:167$1542.o' using process `$paramod$8eda7e2dfd1e76bc948309fd2e766fe6102324c8\npu_host_if.$proc$/home/danieltyukov/workspace/personal/tt-ihp-int8-npu/src/npu_host_if.sv:123$1544'.
  created $adff cell `$procdff$2928' with positive edge clock and negative level reset.
Creating register for signal `$paramod$8eda7e2dfd1e76bc948309fd2e766fe6102324c8\npu_host_if.\payload_len$func$/home/danieltyukov/workspace/personal/tt-ihp-int8-npu/src/npu_host_if.sv:193$1543.$result' using process `$paramod$8eda7e2dfd1e76bc948309fd2e766fe6102324c8\npu_host_if.$proc$/home/danieltyukov/workspace/personal/tt-ihp-int8-npu/src/npu_host_if.sv:123$1544'.
  created $adff cell `$procdff$2929' with positive edge clock and negative level reset.
Creating register for signal `$paramod$8eda7e2dfd1e76bc948309fd2e766fe6102324c8\npu_host_if.\payload_len$func$/home/danieltyukov/workspace/personal/tt-ihp-int8-npu/src/npu_host_if.sv:193$1543.o' using process `$paramod$8eda7e2dfd1e76bc948309fd2e766fe6102324c8\npu_host_if.$proc$/home/danieltyukov/workspace/personal/tt-ihp-int8-npu/src/npu_host_if.sv:123$1544'.
  created $adff cell `$procdff$2930' with positive edge clock and negative level reset.
Creating register for signal `$paramod$9762f17314fc00bcc8483d811536c717be533d3b\npu_requant.\done' using process `$paramod$9762f17314fc00bcc8483d811536c717be533d3b\npu_requant.$proc$/home/danieltyukov/workspace/personal/tt-ihp-int8-npu/src/npu_requant.sv:137$1518'.
  created $adff cell `$procdff$2931' with positive edge clock and negative level reset.
Creating register for signal `$paramod$9762f17314fc00bcc8483d811536c717be533d3b\npu_requant.\state' using process `$paramod$9762f17314fc00bcc8483d811536c717be533d3b\npu_requant.$proc$/home/danieltyukov/workspace/personal/tt-ihp-int8-npu/src/npu_requant.sv:137$1518'.
  created $adff cell `$procdff$2932' with positive edge clock and negative level reset.
Creating register for signal `$paramod$9762f17314fc00bcc8483d811536c717be533d3b\npu_requant.\q_out' using process `$paramod$9762f17314fc00bcc8483d811536c717be533d3b\npu_requant.$proc$/home/danieltyukov/workspace/personal/tt-ihp-int8-npu/src/npu_requant.sv:137$1518'.
  created $adff cell `$procdff$2933' with positive edge clock and negative level reset.
Creating register for signal `$paramod$9762f17314fc00bcc8483d811536c717be533d3b\npu_requant.\sat_out' using process `$paramod$9762f17314fc00bcc8483d811536c717be533d3b\npu_requant.$proc$/home/danieltyukov/workspace/personal/tt-ihp-int8-npu/src/npu_requant.sv:137$1518'.
  created $adff cell `$procdff$2934' with positive edge clock and negative level reset.
Creating register for signal `$paramod$9762f17314fc00bcc8483d811536c717be533d3b\npu_requant.\pr' using process `$paramod$9762f17314fc00bcc8483d811536c717be533d3b\npu_requant.$proc$/home/danieltyukov/workspace/personal/tt-ihp-int8-npu/src/npu_requant.sv:137$1518'.
  created $adff cell `$procdff$2935' with positive edge clock and negative level reset.
Creating register for signal `$paramod$9762f17314fc00bcc8483d811536c717be533d3b\npu_requant.\digcnt' using process `$paramod$9762f17314fc00bcc8483d811536c717be533d3b\npu_requant.$proc$/home/danieltyukov/workspace/personal/tt-ihp-int8-npu/src/npu_requant.sv:137$1518'.
  created $adff cell `$procdff$2936' with positive edge clock and negative level reset.
Creating register for signal `$paramod$9762f17314fc00bcc8483d811536c717be533d3b\npu_requant.\shcnt' using process `$paramod$9762f17314fc00bcc8483d811536c717be533d3b\npu_requant.$proc$/home/danieltyukov/workspace/personal/tt-ihp-int8-npu/src/npu_requant.sv:137$1518'.
  created $adff cell `$procdff$2937' with positive edge clock and negative level reset.
Creating register for signal `$paramod$9762f17314fc00bcc8483d811536c717be533d3b\npu_requant.\rbit' using process `$paramod$9762f17314fc00bcc8483d811536c717be533d3b\npu_requant.$proc$/home/danieltyukov/workspace/personal/tt-ihp-int8-npu/src/npu_requant.sv:137$1518'.
  created $adff cell `$procdff$2938' with positive edge clock and negative level reset.
Creating register for signal `$paramod$9762f17314fc00bcc8483d811536c717be533d3b\npu_requant.\sbit' using process `$paramod$9762f17314fc00bcc8483d811536c717be533d3b\npu_requant.$proc$/home/danieltyukov/workspace/personal/tt-ihp-int8-npu/src/npu_requant.sv:137$1518'.
  created $adff cell `$procdff$2939' with positive edge clock and negative level reset.
Creating register for signal `$paramod$30113e79297c892e4c10dd5b4ca807f7a7823615\npu_core.\g_res[15].q' using process `$paramod$30113e79297c892e4c10dd5b4ca807f7a7823615\npu_core.$proc$/home/danieltyukov/workspace/personal/tt-ihp-int8-npu/src/npu_core.sv:396$1313'.
  created $adff cell `$procdff$2940' with positive edge clock and negative level reset.
Creating register for signal `$paramod$30113e79297c892e4c10dd5b4ca807f7a7823615\npu_core.\g_res[14].q' using process `$paramod$30113e79297c892e4c10dd5b4ca807f7a7823615\npu_core.$proc$/home/danieltyukov/workspace/personal/tt-ihp-int8-npu/src/npu_core.sv:396$1305'.
  created $adff cell `$procdff$2941' with positive edge clock and negative level reset.
Creating register for signal `$paramod$30113e79297c892e4c10dd5b4ca807f7a7823615\npu_core.\g_res[13].q' using process `$paramod$30113e79297c892e4c10dd5b4ca807f7a7823615\npu_core.$proc$/home/danieltyukov/workspace/personal/tt-ihp-int8-npu/src/npu_core.sv:396$1297'.
  created $adff cell `$procdff$2942' with positive edge clock and negative level reset.
Creating register for signal `$paramod$30113e79297c892e4c10dd5b4ca807f7a7823615\npu_core.\g_res[12].q' using process `$paramod$30113e79297c892e4c10dd5b4ca807f7a7823615\npu_core.$proc$/home/danieltyukov/workspace/personal/tt-ihp-int8-npu/src/npu_core.sv:396$1289'.
  created $adff cell `$procdff$2943' with positive edge clock and negative level reset.
Creating register for signal `$paramod$30113e79297c892e4c10dd5b4ca807f7a7823615\npu_core.\g_res[11].q' using process `$paramod$30113e79297c892e4c10dd5b4ca807f7a7823615\npu_core.$proc$/home/danieltyukov/workspace/personal/tt-ihp-int8-npu/src/npu_core.sv:396$1281'.
  created $adff cell `$procdff$2944' with positive edge clock and negative level reset.
Creating register for signal `$paramod$30113e79297c892e4c10dd5b4ca807f7a7823615\npu_core.\g_res[10].q' using process `$paramod$30113e79297c892e4c10dd5b4ca807f7a7823615\npu_core.$proc$/home/danieltyukov/workspace/personal/tt-ihp-int8-npu/src/npu_core.sv:396$1273'.
  created $adff cell `$procdff$2945' with positive edge clock and negative level reset.
Creating register for signal `$paramod$30113e79297c892e4c10dd5b4ca807f7a7823615\npu_core.\g_res[9].q' using process `$paramod$30113e79297c892e4c10dd5b4ca807f7a7823615\npu_core.$proc$/home/danieltyukov/workspace/personal/tt-ihp-int8-npu/src/npu_core.sv:396$1265'.
  created $adff cell `$procdff$2946' with positive edge clock and negative level reset.
Creating register for signal `$paramod$30113e79297c892e4c10dd5b4ca807f7a7823615\npu_core.\g_res[8].q' using process `$paramod$30113e79297c892e4c10dd5b4ca807f7a7823615\npu_core.$proc$/home/danieltyukov/workspace/personal/tt-ihp-int8-npu/src/npu_core.sv:396$1257'.
  created $adff cell `$procdff$2947' with positive edge clock and negative level reset.
Creating register for signal `$paramod$30113e79297c892e4c10dd5b4ca807f7a7823615\npu_core.\g_res[7].q' using process `$paramod$30113e79297c892e4c10dd5b4ca807f7a7823615\npu_core.$proc$/home/danieltyukov/workspace/personal/tt-ihp-int8-npu/src/npu_core.sv:396$1249'.
  created $adff cell `$procdff$2948' with positive edge clock and negative level reset.
Creating register for signal `$paramod$30113e79297c892e4c10dd5b4ca807f7a7823615\npu_core.\g_res[6].q' using process `$paramod$30113e79297c892e4c10dd5b4ca807f7a7823615\npu_core.$proc$/home/danieltyukov/workspace/personal/tt-ihp-int8-npu/src/npu_core.sv:396$1241'.
  created $adff cell `$procdff$2949' with positive edge clock and negative level reset.
Creating register for signal `$paramod$30113e79297c892e4c10dd5b4ca807f7a7823615\npu_core.\g_res[5].q' using process `$paramod$30113e79297c892e4c10dd5b4ca807f7a7823615\npu_core.$proc$/home/danieltyukov/workspace/personal/tt-ihp-int8-npu/src/npu_core.sv:396$1233'.
  created $adff cell `$procdff$2950' with positive edge clock and negative level reset.
Creating register for signal `$paramod$30113e79297c892e4c10dd5b4ca807f7a7823615\npu_core.\g_res[4].q' using process `$paramod$30113e79297c892e4c10dd5b4ca807f7a7823615\npu_core.$proc$/home/danieltyukov/workspace/personal/tt-ihp-int8-npu/src/npu_core.sv:396$1225'.
  created $adff cell `$procdff$2951' with positive edge clock and negative level reset.
Creating register for signal `$paramod$30113e79297c892e4c10dd5b4ca807f7a7823615\npu_core.\g_res[3].q' using process `$paramod$30113e79297c892e4c10dd5b4ca807f7a7823615\npu_core.$proc$/home/danieltyukov/workspace/personal/tt-ihp-int8-npu/src/npu_core.sv:396$1217'.
  created $adff cell `$procdff$2952' with positive edge clock and negative level reset.
Creating register for signal `$paramod$30113e79297c892e4c10dd5b4ca807f7a7823615\npu_core.\g_res[2].q' using process `$paramod$30113e79297c892e4c10dd5b4ca807f7a7823615\npu_core.$proc$/home/danieltyukov/workspace/personal/tt-ihp-int8-npu/src/npu_core.sv:396$1209'.
  created $adff cell `$procdff$2953' with positive edge clock and negative level reset.
Creating register for signal `$paramod$30113e79297c892e4c10dd5b4ca807f7a7823615\npu_core.\g_res[1].q' using process `$paramod$30113e79297c892e4c10dd5b4ca807f7a7823615\npu_core.$proc$/home/danieltyukov/workspace/personal/tt-ihp-int8-npu/src/npu_core.sv:396$1201'.
  created $adff cell `$procdff$2954' with positive edge clock and negative level reset.
Creating register for signal `$paramod$30113e79297c892e4c10dd5b4ca807f7a7823615\npu_core.\g_res[0].q' using process `$paramod$30113e79297c892e4c10dd5b4ca807f7a7823615\npu_core.$proc$/home/danieltyukov/workspace/personal/tt-ihp-int8-npu/src/npu_core.sv:396$1193'.
  created $adff cell `$procdff$2955' with positive edge clock and negative level reset.
Creating register for signal `$paramod$30113e79297c892e4c10dd5b4ca807f7a7823615\npu_core.\g_bank[1].g_ent[7].q' using process `$paramod$30113e79297c892e4c10dd5b4ca807f7a7823615\npu_core.$proc$/home/danieltyukov/workspace/personal/tt-ihp-int8-npu/src/npu_core.sv:330$1184'.
  created $adff cell `$procdff$2956' with positive edge clock and negative level reset.
Creating register for signal `$paramod$30113e79297c892e4c10dd5b4ca807f7a7823615\npu_core.\g_bank[1].g_ent[6].q' using process `$paramod$30113e79297c892e4c10dd5b4ca807f7a7823615\npu_core.$proc$/home/danieltyukov/workspace/personal/tt-ihp-int8-npu/src/npu_core.sv:330$1178'.
  created $adff cell `$procdff$2957' with positive edge clock and negative level reset.
Creating register for signal `$paramod$30113e79297c892e4c10dd5b4ca807f7a7823615\npu_core.\g_bank[1].g_ent[5].q' using process `$paramod$30113e79297c892e4c10dd5b4ca807f7a7823615\npu_core.$proc$/home/danieltyukov/workspace/personal/tt-ihp-int8-npu/src/npu_core.sv:330$1172'.
  created $adff cell `$procdff$2958' with positive edge clock and negative level reset.
Creating register for signal `$paramod$30113e79297c892e4c10dd5b4ca807f7a7823615\npu_core.\g_bank[1].g_ent[4].q' using process `$paramod$30113e79297c892e4c10dd5b4ca807f7a7823615\npu_core.$proc$/home/danieltyukov/workspace/personal/tt-ihp-int8-npu/src/npu_core.sv:330$1166'.
  created $adff cell `$procdff$2959' with positive edge clock and negative level reset.
Creating register for signal `$paramod$30113e79297c892e4c10dd5b4ca807f7a7823615\npu_core.\g_bank[1].g_ent[3].q' using process `$paramod$30113e79297c892e4c10dd5b4ca807f7a7823615\npu_core.$proc$/home/danieltyukov/workspace/personal/tt-ihp-int8-npu/src/npu_core.sv:330$1160'.
  created $adff cell `$procdff$2960' with positive edge clock and negative level reset.
Creating register for signal `$paramod$30113e79297c892e4c10dd5b4ca807f7a7823615\npu_core.\g_bank[1].g_ent[2].q' using process `$paramod$30113e79297c892e4c10dd5b4ca807f7a7823615\npu_core.$proc$/home/danieltyukov/workspace/personal/tt-ihp-int8-npu/src/npu_core.sv:330$1154'.
  created $adff cell `$procdff$2961' with positive edge clock and negative level reset.
Creating register for signal `$paramod$30113e79297c892e4c10dd5b4ca807f7a7823615\npu_core.\g_bank[1].g_ent[1].q' using process `$paramod$30113e79297c892e4c10dd5b4ca807f7a7823615\npu_core.$proc$/home/danieltyukov/workspace/personal/tt-ihp-int8-npu/src/npu_core.sv:330$1148'.
  created $adff cell `$procdff$2962' with positive edge clock and negative level reset.
Creating register for signal `$paramod$30113e79297c892e4c10dd5b4ca807f7a7823615\npu_core.\g_bank[1].g_ent[0].q' using process `$paramod$30113e79297c892e4c10dd5b4ca807f7a7823615\npu_core.$proc$/home/danieltyukov/workspace/personal/tt-ihp-int8-npu/src/npu_core.sv:330$1142'.
  created $adff cell `$procdff$2963' with positive edge clock and negative level reset.
Creating register for signal `$paramod$30113e79297c892e4c10dd5b4ca807f7a7823615\npu_core.\g_bank[0].g_ent[7].q' using process `$paramod$30113e79297c892e4c10dd5b4ca807f7a7823615\npu_core.$proc$/home/danieltyukov/workspace/personal/tt-ihp-int8-npu/src/npu_core.sv:330$1125'.
  created $adff cell `$procdff$2964' with positive edge clock and negative level reset.
Creating register for signal `$paramod$30113e79297c892e4c10dd5b4ca807f7a7823615\npu_core.\g_bank[0].g_ent[6].q' using process `$paramod$30113e79297c892e4c10dd5b4ca807f7a7823615\npu_core.$proc$/home/danieltyukov/workspace/personal/tt-ihp-int8-npu/src/npu_core.sv:330$1119'.
  created $adff cell `$procdff$2965' with positive edge clock and negative level reset.
Creating register for signal `$paramod$30113e79297c892e4c10dd5b4ca807f7a7823615\npu_core.\g_bank[0].g_ent[5].q' using process `$paramod$30113e79297c892e4c10dd5b4ca807f7a7823615\npu_core.$proc$/home/danieltyukov/workspace/personal/tt-ihp-int8-npu/src/npu_core.sv:330$1113'.
  created $adff cell `$procdff$2966' with positive edge clock and negative level reset.
Creating register for signal `$paramod$30113e79297c892e4c10dd5b4ca807f7a7823615\npu_core.\g_bank[0].g_ent[4].q' using process `$paramod$30113e79297c892e4c10dd5b4ca807f7a7823615\npu_core.$proc$/home/danieltyukov/workspace/personal/tt-ihp-int8-npu/src/npu_core.sv:330$1107'.
  created $adff cell `$procdff$2967' with positive edge clock and negative level reset.
Creating register for signal `$paramod$30113e79297c892e4c10dd5b4ca807f7a7823615\npu_core.\g_bank[0].g_ent[3].q' using process `$paramod$30113e79297c892e4c10dd5b4ca807f7a7823615\npu_core.$proc$/home/danieltyukov/workspace/personal/tt-ihp-int8-npu/src/npu_core.sv:330$1101'.
  created $adff cell `$procdff$2968' with positive edge clock and negative level reset.
Creating register for signal `$paramod$30113e79297c892e4c10dd5b4ca807f7a7823615\npu_core.\g_bank[0].g_ent[2].q' using process `$paramod$30113e79297c892e4c10dd5b4ca807f7a7823615\npu_core.$proc$/home/danieltyukov/workspace/personal/tt-ihp-int8-npu/src/npu_core.sv:330$1095'.
  created $adff cell `$procdff$2969' with positive edge clock and negative level reset.
Creating register for signal `$paramod$30113e79297c892e4c10dd5b4ca807f7a7823615\npu_core.\g_bank[0].g_ent[1].q' using process `$paramod$30113e79297c892e4c10dd5b4ca807f7a7823615\npu_core.$proc$/home/danieltyukov/workspace/personal/tt-ihp-int8-npu/src/npu_core.sv:330$1089'.
  created $adff cell `$procdff$2970' with positive edge clock and negative level reset.
Creating register for signal `$paramod$30113e79297c892e4c10dd5b4ca807f7a7823615\npu_core.\g_bank[0].g_ent[0].q' using process `$paramod$30113e79297c892e4c10dd5b4ca807f7a7823615\npu_core.$proc$/home/danieltyukov/workspace/personal/tt-ihp-int8-npu/src/npu_core.sv:330$1083'.
  created $adff cell `$procdff$2971' with positive edge clock and negative level reset.
Creating register for signal `$paramod$30113e79297c892e4c10dd5b4ca807f7a7823615\npu_core.\state' using process `$paramod$30113e79297c892e4c10dd5b4ca807f7a7823615\npu_core.$proc$/home/danieltyukov/workspace/personal/tt-ihp-int8-npu/src/npu_core.sv:415$993'.
  created $adff cell `$procdff$2972' with positive edge clock and negative level reset.
Creating register for signal `$paramod$30113e79297c892e4c10dd5b4ca807f7a7823615\npu_core.\cyc' using process `$paramod$30113e79297c892e4c10dd5b4ca807f7a7823615\npu_core.$proc$/home/danieltyukov/workspace/personal/tt-ihp-int8-npu/src/npu_core.sv:415$993'.
  created $adff cell `$procdff$2973' with positive edge clock and negative level reset.
Creating register for signal `$paramod$30113e79297c892e4c10dd5b4ca807f7a7823615\npu_core.\acc_first' using process `$paramod$30113e79297c892e4c10dd5b4ca807f7a7823615\npu_core.$proc$/home/danieltyukov/workspace/personal/tt-ihp-int8-npu/src/npu_core.sv:415$993'.
  created $adff cell `$procdff$2974' with positive edge clock and negative level reset.
Creating register for signal `$paramod$30113e79297c892e4c10dd5b4ca807f7a7823615\npu_core.\do_req' using process `$paramod$30113e79297c892e4c10dd5b4ca807f7a7823615\npu_core.$proc$/home/danieltyukov/workspace/personal/tt-ihp-int8-npu/src/npu_core.sv:415$993'.
  created $adff cell `$procdff$2975' with positive edge clock and negative level reset.
Creating register for signal `$paramod$30113e79297c892e4c10dd5b4ca807f7a7823615\npu_core.\req_s' using process `$paramod$30113e79297c892e4c10dd5b4ca807f7a7823615\npu_core.$proc$/home/danieltyukov/workspace/personal/tt-ihp-int8-npu/src/npu_core.sv:415$993'.
  created $adff cell `$procdff$2976' with positive edge clock and negative level reset.
Creating register for signal `$paramod$30113e79297c892e4c10dd5b4ca807f7a7823615\npu_core.\req_c' using process `$paramod$30113e79297c892e4c10dd5b4ca807f7a7823615\npu_core.$proc$/home/danieltyukov/workspace/personal/tt-ihp-int8-npu/src/npu_core.sv:415$993'.
  created $adff cell `$procdff$2977' with positive edge clock and negative level reset.
Creating register for signal `$paramod$30113e79297c892e4c10dd5b4ca807f7a7823615\npu_core.\req_start' using process `$paramod$30113e79297c892e4c10dd5b4ca807f7a7823615\npu_core.$proc$/home/danieltyukov/workspace/personal/tt-ihp-int8-npu/src/npu_core.sv:415$993'.
  created $adff cell `$procdff$2978' with positive edge clock and negative level reset.
Creating register for signal `$paramod$30113e79297c892e4c10dd5b4ca807f7a7823615\npu_core.\done_reg' using process `$paramod$30113e79297c892e4c10dd5b4ca807f7a7823615\npu_core.$proc$/home/danieltyukov/workspace/personal/tt-ihp-int8-npu/src/npu_core.sv:415$993'.
  created $adff cell `$procdff$2979' with positive edge clock and negative level reset.
Creating register for signal `$paramod$30113e79297c892e4c10dd5b4ca807f7a7823615\npu_core.\err_reg' using process `$paramod$30113e79297c892e4c10dd5b4ca807f7a7823615\npu_core.$proc$/home/danieltyukov/workspace/personal/tt-ihp-int8-npu/src/npu_core.sv:415$993'.
  created $adff cell `$procdff$2980' with positive edge clock and negative level reset.
Creating register for signal `$paramod$30113e79297c892e4c10dd5b4ca807f7a7823615\npu_core.\sat_reg' using process `$paramod$30113e79297c892e4c10dd5b4ca807f7a7823615\npu_core.$proc$/home/danieltyukov/workspace/personal/tt-ihp-int8-npu/src/npu_core.sv:415$993'.
  created $adff cell `$procdff$2981' with positive edge clock and negative level reset.
Creating register for signal `$paramod$30113e79297c892e4c10dd5b4ca807f7a7823615\npu_core.\ovf_reg' using process `$paramod$30113e79297c892e4c10dd5b4ca807f7a7823615\npu_core.$proc$/home/danieltyukov/workspace/personal/tt-ihp-int8-npu/src/npu_core.sv:415$993'.
  created $adff cell `$procdff$2982' with positive edge clock and negative level reset.
Creating register for signal `$paramod$30113e79297c892e4c10dd5b4ca807f7a7823615\npu_core.\err_code_reg' using process `$paramod$30113e79297c892e4c10dd5b4ca807f7a7823615\npu_core.$proc$/home/danieltyukov/workspace/personal/tt-ihp-int8-npu/src/npu_core.sv:415$993'.
  created $adff cell `$procdff$2983' with positive edge clock and negative level reset.
Creating register for signal `$paramod$30113e79297c892e4c10dd5b4ca807f7a7823615\npu_core.\vpipe' using process `$paramod$30113e79297c892e4c10dd5b4ca807f7a7823615\npu_core.$proc$/home/danieltyukov/workspace/personal/tt-ihp-int8-npu/src/npu_core.sv:263$971'.
  created $adff cell `$procdff$2984' with positive edge clock and negative level reset.
Creating register for signal `$paramod$30113e79297c892e4c10dd5b4ca807f7a7823615\npu_core.\ipipe' using process `$paramod$30113e79297c892e4c10dd5b4ca807f7a7823615\npu_core.$proc$/home/danieltyukov/workspace/personal/tt-ihp-int8-npu/src/npu_core.sv:263$971'.
  created $adff cell `$procdff$2985' with positive edge clock and negative level reset.
Creating register for signal `$paramod$30113e79297c892e4c10dd5b4ca807f7a7823615\npu_core.\inj_idx' using process `$paramod$30113e79297c892e4c10dd5b4ca807f7a7823615\npu_core.$proc$/home/danieltyukov/workspace/personal/tt-ihp-int8-npu/src/npu_core.sv:263$971'.
  created $adff cell `$procdff$2986' with positive edge clock and negative level reset.
Creating register for signal `$paramod$30113e79297c892e4c10dd5b4ca807f7a7823615\npu_core.\act_buf' using process `$paramod$30113e79297c892e4c10dd5b4ca807f7a7823615\npu_core.$proc$/home/danieltyukov/workspace/personal/tt-ihp-int8-npu/src/npu_core.sv:173$966'.
  created $adff cell `$procdff$2987' with positive edge clock and negative level reset.
Creating register for signal `$paramod$30113e79297c892e4c10dd5b4ca807f7a7823615\npu_core.\bias_buf' using process `$paramod$30113e79297c892e4c10dd5b4ca807f7a7823615\npu_core.$proc$/home/danieltyukov/workspace/personal/tt-ihp-int8-npu/src/npu_core.sv:173$966'.
  created $adff cell `$procdff$2988' with positive edge clock and negative level reset.
Creating register for signal `$paramod$30113e79297c892e4c10dd5b4ca807f7a7823615\npu_core.\quant_buf' using process `$paramod$30113e79297c892e4c10dd5b4ca807f7a7823615\npu_core.$proc$/home/danieltyukov/workspace/personal/tt-ihp-int8-npu/src/npu_core.sv:173$966'.
  created $adff cell `$procdff$2989' with positive edge clock and negative level reset.
Creating register for signal `$paramod$30113e79297c892e4c10dd5b4ca807f7a7823615\npu_core.\zp_reg' using process `$paramod$30113e79297c892e4c10dd5b4ca807f7a7823615\npu_core.$proc$/home/danieltyukov/workspace/personal/tt-ihp-int8-npu/src/npu_core.sv:173$966'.
  created $adff cell `$procdff$2990' with positive edge clock and negative level reset.
Creating register for signal `$paramod$30113e79297c892e4c10dd5b4ca807f7a7823615\npu_core.\clamp_lo_reg' using process `$paramod$30113e79297c892e4c10dd5b4ca807f7a7823615\npu_core.$proc$/home/danieltyukov/workspace/personal/tt-ihp-int8-npu/src/npu_core.sv:173$966'.
  created $adff cell `$procdff$2991' with positive edge clock and negative level reset.
Creating register for signal `$paramod$30113e79297c892e4c10dd5b4ca807f7a7823615\npu_core.\clamp_hi_reg' using process `$paramod$30113e79297c892e4c10dd5b4ca807f7a7823615\npu_core.$proc$/home/danieltyukov/workspace/personal/tt-ihp-int8-npu/src/npu_core.sv:173$966'.
  created $adff cell `$procdff$2992' with positive edge clock and negative level reset.
Creating register for signal `$paramod$30113e79297c892e4c10dd5b4ca807f7a7823615\npu_core.\act_sel_reg' using process `$paramod$30113e79297c892e4c10dd5b4ca807f7a7823615\npu_core.$proc$/home/danieltyukov/workspace/personal/tt-ihp-int8-npu/src/npu_core.sv:173$966'.
  created $adff cell `$procdff$2993' with positive edge clock and negative level reset.
Creating register for signal `$paramod$30113e79297c892e4c10dd5b4ca807f7a7823615\npu_core.\leaky_k_reg' using process `$paramod$30113e79297c892e4c10dd5b4ca807f7a7823615\npu_core.$proc$/home/danieltyukov/workspace/personal/tt-ihp-int8-npu/src/npu_core.sv:173$966'.
  created $adff cell `$procdff$2994' with positive edge clock and negative level reset.
Creating register for signal `$paramod$30113e79297c892e4c10dd5b4ca807f7a7823615\npu_core.\s_cnt_m1' using process `$paramod$30113e79297c892e4c10dd5b4ca807f7a7823615\npu_core.$proc$/home/danieltyukov/workspace/personal/tt-ihp-int8-npu/src/npu_core.sv:173$966'.
  created $adff cell `$procdff$2995' with positive edge clock and negative level reset.

16.2.10. Executing PROC_MEMWR pass (convert process memory writes to cells).

16.2.11. Executing PROC_CLEAN pass (remove empty switches from decision trees).
Found and cleaned up 1 empty switch in `$paramod$67ba8969b455a9921a0ce9d05bfcb7563f4a488b\npu_pe.$proc$/home/danieltyukov/workspace/personal/tt-ihp-int8-npu/src/npu_pe.sv:84$1780'.
Removing empty process `$paramod$67ba8969b455a9921a0ce9d05bfcb7563f4a488b\npu_pe.$proc$/home/danieltyukov/workspace/personal/tt-ihp-int8-npu/src/npu_pe.sv:84$1780'.
Found and cleaned up 12 empty switches in `$paramod$8eda7e2dfd1e76bc948309fd2e766fe6102324c8\npu_host_if.$proc$/home/danieltyukov/workspace/personal/tt-ihp-int8-npu/src/npu_host_if.sv:123$1544'.
Removing empty process `$paramod$8eda7e2dfd1e76bc948309fd2e766fe6102324c8\npu_host_if.$proc$/home/danieltyukov/workspace/personal/tt-ihp-int8-npu/src/npu_host_if.sv:123$1544'.
Found and cleaned up 6 empty switches in `$paramod$9762f17314fc00bcc8483d811536c717be533d3b\npu_requant.$proc$/home/danieltyukov/workspace/personal/tt-ihp-int8-npu/src/npu_requant.sv:137$1518'.
Removing empty process `$paramod$9762f17314fc00bcc8483d811536c717be533d3b\npu_requant.$proc$/home/danieltyukov/workspace/personal/tt-ihp-int8-npu/src/npu_requant.sv:137$1518'.
Found and cleaned up 2 empty switches in `$paramod$30113e79297c892e4c10dd5b4ca807f7a7823615\npu_core.$proc$/home/danieltyukov/workspace/personal/tt-ihp-int8-npu/src/npu_core.sv:396$1313'.
Removing empty process `$paramod$30113e79297c892e4c10dd5b4ca807f7a7823615\npu_core.$proc$/home/danieltyukov/workspace/personal/tt-ihp-int8-npu/src/npu_core.sv:396$1313'.
Found and cleaned up 2 empty switches in `$paramod$30113e79297c892e4c10dd5b4ca807f7a7823615\npu_core.$proc$/home/danieltyukov/workspace/personal/tt-ihp-int8-npu/src/npu_core.sv:396$1305'.
Removing empty process `$paramod$30113e79297c892e4c10dd5b4ca807f7a7823615\npu_core.$proc$/home/danieltyukov/workspace/personal/tt-ihp-int8-npu/src/npu_core.sv:396$1305'.
Found and cleaned up 2 empty switches in `$paramod$30113e79297c892e4c10dd5b4ca807f7a7823615\npu_core.$proc$/home/danieltyukov/workspace/personal/tt-ihp-int8-npu/src/npu_core.sv:396$1297'.
Removing empty process `$paramod$30113e79297c892e4c10dd5b4ca807f7a7823615\npu_core.$proc$/home/danieltyukov/workspace/personal/tt-ihp-int8-npu/src/npu_core.sv:396$1297'.
Found and cleaned up 2 empty switches in `$paramod$30113e79297c892e4c10dd5b4ca807f7a7823615\npu_core.$proc$/home/danieltyukov/workspace/personal/tt-ihp-int8-npu/src/npu_core.sv:396$1289'.
Removing empty process `$paramod$30113e79297c892e4c10dd5b4ca807f7a7823615\npu_core.$proc$/home/danieltyukov/workspace/personal/tt-ihp-int8-npu/src/npu_core.sv:396$1289'.
Found and cleaned up 2 empty switches in `$paramod$30113e79297c892e4c10dd5b4ca807f7a7823615\npu_core.$proc$/home/danieltyukov/workspace/personal/tt-ihp-int8-npu/src/npu_core.sv:396$1281'.
Removing empty process `$paramod$30113e79297c892e4c10dd5b4ca807f7a7823615\npu_core.$proc$/home/danieltyukov/workspace/personal/tt-ihp-int8-npu/src/npu_core.sv:396$1281'.
Found and cleaned up 2 empty switches in `$paramod$30113e79297c892e4c10dd5b4ca807f7a7823615\npu_core.$proc$/home/danieltyukov/workspace/personal/tt-ihp-int8-npu/src/npu_core.sv:396$1273'.
Removing empty process `$paramod$30113e79297c892e4c10dd5b4ca807f7a7823615\npu_core.$proc$/home/danieltyukov/workspace/personal/tt-ihp-int8-npu/src/npu_core.sv:396$1273'.
Found and cleaned up 2 empty switches in `$paramod$30113e79297c892e4c10dd5b4ca807f7a7823615\npu_core.$proc$/home/danieltyukov/workspace/personal/tt-ihp-int8-npu/src/npu_core.sv:396$1265'.
Removing empty process `$paramod$30113e79297c892e4c10dd5b4ca807f7a7823615\npu_core.$proc$/home/danieltyukov/workspace/personal/tt-ihp-int8-npu/src/npu_core.sv:396$1265'.
Found and cleaned up 2 empty switches in `$paramod$30113e79297c892e4c10dd5b4ca807f7a7823615\npu_core.$proc$/home/danieltyukov/workspace/personal/tt-ihp-int8-npu/src/npu_core.sv:396$1257'.
Removing empty process `$paramod$30113e79297c892e4c10dd5b4ca807f7a7823615\npu_core.$proc$/home/danieltyukov/workspace/personal/tt-ihp-int8-npu/src/npu_core.sv:396$1257'.
Found and cleaned up 2 empty switches in `$paramod$30113e79297c892e4c10dd5b4ca807f7a7823615\npu_core.$proc$/home/danieltyukov/workspace/personal/tt-ihp-int8-npu/src/npu_core.sv:396$1249'.
Removing empty process `$paramod$30113e79297c892e4c10dd5b4ca807f7a7823615\npu_core.$proc$/home/danieltyukov/workspace/personal/tt-ihp-int8-npu/src/npu_core.sv:396$1249'.
Found and cleaned up 2 empty switches in `$paramod$30113e79297c892e4c10dd5b4ca807f7a7823615\npu_core.$proc$/home/danieltyukov/workspace/personal/tt-ihp-int8-npu/src/npu_core.sv:396$1241'.
Removing empty process `$paramod$30113e79297c892e4c10dd5b4ca807f7a7823615\npu_core.$proc$/home/danieltyukov/workspace/personal/tt-ihp-int8-npu/src/npu_core.sv:396$1241'.
Found and cleaned up 2 empty switches in `$paramod$30113e79297c892e4c10dd5b4ca807f7a7823615\npu_core.$proc$/home/danieltyukov/workspace/personal/tt-ihp-int8-npu/src/npu_core.sv:396$1233'.
Removing empty process `$paramod$30113e79297c892e4c10dd5b4ca807f7a7823615\npu_core.$proc$/home/danieltyukov/workspace/personal/tt-ihp-int8-npu/src/npu_core.sv:396$1233'.
Found and cleaned up 2 empty switches in `$paramod$30113e79297c892e4c10dd5b4ca807f7a7823615\npu_core.$proc$/home/danieltyukov/workspace/personal/tt-ihp-int8-npu/src/npu_core.sv:396$1225'.
Removing empty process `$paramod$30113e79297c892e4c10dd5b4ca807f7a7823615\npu_core.$proc$/home/danieltyukov/workspace/personal/tt-ihp-int8-npu/src/npu_core.sv:396$1225'.
Found and cleaned up 2 empty switches in `$paramod$30113e79297c892e4c10dd5b4ca807f7a7823615\npu_core.$proc$/home/danieltyukov/workspace/personal/tt-ihp-int8-npu/src/npu_core.sv:396$1217'.
Removing empty process `$paramod$30113e79297c892e4c10dd5b4ca807f7a7823615\npu_core.$proc$/home/danieltyukov/workspace/personal/tt-ihp-int8-npu/src/npu_core.sv:396$1217'.
Found and cleaned up 2 empty switches in `$paramod$30113e79297c892e4c10dd5b4ca807f7a7823615\npu_core.$proc$/home/danieltyukov/workspace/personal/tt-ihp-int8-npu/src/npu_core.sv:396$1209'.
Removing empty process `$paramod$30113e79297c892e4c10dd5b4ca807f7a7823615\npu_core.$proc$/home/danieltyukov/workspace/personal/tt-ihp-int8-npu/src/npu_core.sv:396$1209'.
Found and cleaned up 2 empty switches in `$paramod$30113e79297c892e4c10dd5b4ca807f7a7823615\npu_core.$proc$/home/danieltyukov/workspace/personal/tt-ihp-int8-npu/src/npu_core.sv:396$1201'.
Removing empty process `$paramod$30113e79297c892e4c10dd5b4ca807f7a7823615\npu_core.$proc$/home/danieltyukov/workspace/personal/tt-ihp-int8-npu/src/npu_core.sv:396$1201'.
Found and cleaned up 2 empty switches in `$paramod$30113e79297c892e4c10dd5b4ca807f7a7823615\npu_core.$proc$/home/danieltyukov/workspace/personal/tt-ihp-int8-npu/src/npu_core.sv:396$1193'.
Removing empty process `$paramod$30113e79297c892e4c10dd5b4ca807f7a7823615\npu_core.$proc$/home/danieltyukov/workspace/personal/tt-ihp-int8-npu/src/npu_core.sv:396$1193'.
Found and cleaned up 2 empty switches in `$paramod$30113e79297c892e4c10dd5b4ca807f7a7823615\npu_core.$proc$/home/danieltyukov/workspace/personal/tt-ihp-int8-npu/src/npu_core.sv:330$1184'.
Removing empty process `$paramod$30113e79297c892e4c10dd5b4ca807f7a7823615\npu_core.$proc$/home/danieltyukov/workspace/personal/tt-ihp-int8-npu/src/npu_core.sv:330$1184'.
Found and cleaned up 2 empty switches in `$paramod$30113e79297c892e4c10dd5b4ca807f7a7823615\npu_core.$proc$/home/danieltyukov/workspace/personal/tt-ihp-int8-npu/src/npu_core.sv:330$1178'.
Removing empty process `$paramod$30113e79297c892e4c10dd5b4ca807f7a7823615\npu_core.$proc$/home/danieltyukov/workspace/personal/tt-ihp-int8-npu/src/npu_core.sv:330$1178'.
Found and cleaned up 2 empty switches in `$paramod$30113e79297c892e4c10dd5b4ca807f7a7823615\npu_core.$proc$/home/danieltyukov/workspace/personal/tt-ihp-int8-npu/src/npu_core.sv:330$1172'.
Removing empty process `$paramod$30113e79297c892e4c10dd5b4ca807f7a7823615\npu_core.$proc$/home/danieltyukov/workspace/personal/tt-ihp-int8-npu/src/npu_core.sv:330$1172'.
Found and cleaned up 2 empty switches in `$paramod$30113e79297c892e4c10dd5b4ca807f7a7823615\npu_core.$proc$/home/danieltyukov/workspace/personal/tt-ihp-int8-npu/src/npu_core.sv:330$1166'.
Removing empty process `$paramod$30113e79297c892e4c10dd5b4ca807f7a7823615\npu_core.$proc$/home/danieltyukov/workspace/personal/tt-ihp-int8-npu/src/npu_core.sv:330$1166'.
Found and cleaned up 2 empty switches in `$paramod$30113e79297c892e4c10dd5b4ca807f7a7823615\npu_core.$proc$/home/danieltyukov/workspace/personal/tt-ihp-int8-npu/src/npu_core.sv:330$1160'.
Removing empty process `$paramod$30113e79297c892e4c10dd5b4ca807f7a7823615\npu_core.$proc$/home/danieltyukov/workspace/personal/tt-ihp-int8-npu/src/npu_core.sv:330$1160'.
Found and cleaned up 2 empty switches in `$paramod$30113e79297c892e4c10dd5b4ca807f7a7823615\npu_core.$proc$/home/danieltyukov/workspace/personal/tt-ihp-int8-npu/src/npu_core.sv:330$1154'.
Removing empty process `$paramod$30113e79297c892e4c10dd5b4ca807f7a7823615\npu_core.$proc$/home/danieltyukov/workspace/personal/tt-ihp-int8-npu/src/npu_core.sv:330$1154'.
Found and cleaned up 2 empty switches in `$paramod$30113e79297c892e4c10dd5b4ca807f7a7823615\npu_core.$proc$/home/danieltyukov/workspace/personal/tt-ihp-int8-npu/src/npu_core.sv:330$1148'.
Removing empty process `$paramod$30113e79297c892e4c10dd5b4ca807f7a7823615\npu_core.$proc$/home/danieltyukov/workspace/personal/tt-ihp-int8-npu/src/npu_core.sv:330$1148'.
Found and cleaned up 2 empty switches in `$paramod$30113e79297c892e4c10dd5b4ca807f7a7823615\npu_core.$proc$/home/danieltyukov/workspace/personal/tt-ihp-int8-npu/src/npu_core.sv:330$1142'.
Removing empty process `$paramod$30113e79297c892e4c10dd5b4ca807f7a7823615\npu_core.$proc$/home/danieltyukov/workspace/personal/tt-ihp-int8-npu/src/npu_core.sv:330$1142'.
Found and cleaned up 2 empty switches in `$paramod$30113e79297c892e4c10dd5b4ca807f7a7823615\npu_core.$proc$/home/danieltyukov/workspace/personal/tt-ihp-int8-npu/src/npu_core.sv:330$1125'.
Removing empty process `$paramod$30113e79297c892e4c10dd5b4ca807f7a7823615\npu_core.$proc$/home/danieltyukov/workspace/personal/tt-ihp-int8-npu/src/npu_core.sv:330$1125'.
Found and cleaned up 2 empty switches in `$paramod$30113e79297c892e4c10dd5b4ca807f7a7823615\npu_core.$proc$/home/danieltyukov/workspace/personal/tt-ihp-int8-npu/src/npu_core.sv:330$1119'.
Removing empty process `$paramod$30113e79297c892e4c10dd5b4ca807f7a7823615\npu_core.$proc$/home/danieltyukov/workspace/personal/tt-ihp-int8-npu/src/npu_core.sv:330$1119'.
Found and cleaned up 2 empty switches in `$paramod$30113e79297c892e4c10dd5b4ca807f7a7823615\npu_core.$proc$/home/danieltyukov/workspace/personal/tt-ihp-int8-npu/src/npu_core.sv:330$1113'.
Removing empty process `$paramod$30113e79297c892e4c10dd5b4ca807f7a7823615\npu_core.$proc$/home/danieltyukov/workspace/personal/tt-ihp-int8-npu/src/npu_core.sv:330$1113'.
Found and cleaned up 2 empty switches in `$paramod$30113e79297c892e4c10dd5b4ca807f7a7823615\npu_core.$proc$/home/danieltyukov/workspace/personal/tt-ihp-int8-npu/src/npu_core.sv:330$1107'.
Removing empty process `$paramod$30113e79297c892e4c10dd5b4ca807f7a7823615\npu_core.$proc$/home/danieltyukov/workspace/personal/tt-ihp-int8-npu/src/npu_core.sv:330$1107'.
Found and cleaned up 2 empty switches in `$paramod$30113e79297c892e4c10dd5b4ca807f7a7823615\npu_core.$proc$/home/danieltyukov/workspace/personal/tt-ihp-int8-npu/src/npu_core.sv:330$1101'.
Removing empty process `$paramod$30113e79297c892e4c10dd5b4ca807f7a7823615\npu_core.$proc$/home/danieltyukov/workspace/personal/tt-ihp-int8-npu/src/npu_core.sv:330$1101'.
Found and cleaned up 2 empty switches in `$paramod$30113e79297c892e4c10dd5b4ca807f7a7823615\npu_core.$proc$/home/danieltyukov/workspace/personal/tt-ihp-int8-npu/src/npu_core.sv:330$1095'.
Removing empty process `$paramod$30113e79297c892e4c10dd5b4ca807f7a7823615\npu_core.$proc$/home/danieltyukov/workspace/personal/tt-ihp-int8-npu/src/npu_core.sv:330$1095'.
Found and cleaned up 2 empty switches in `$paramod$30113e79297c892e4c10dd5b4ca807f7a7823615\npu_core.$proc$/home/danieltyukov/workspace/personal/tt-ihp-int8-npu/src/npu_core.sv:330$1089'.
Removing empty process `$paramod$30113e79297c892e4c10dd5b4ca807f7a7823615\npu_core.$proc$/home/danieltyukov/workspace/personal/tt-ihp-int8-npu/src/npu_core.sv:330$1089'.
Found and cleaned up 2 empty switches in `$paramod$30113e79297c892e4c10dd5b4ca807f7a7823615\npu_core.$proc$/home/danieltyukov/workspace/personal/tt-ihp-int8-npu/src/npu_core.sv:330$1083'.
Removing empty process `$paramod$30113e79297c892e4c10dd5b4ca807f7a7823615\npu_core.$proc$/home/danieltyukov/workspace/personal/tt-ihp-int8-npu/src/npu_core.sv:330$1083'.
Found and cleaned up 1 empty switch in `$paramod$30113e79297c892e4c10dd5b4ca807f7a7823615\npu_core.$proc$/home/danieltyukov/workspace/personal/tt-ihp-int8-npu/src/npu_core.sv:0$1010'.
Removing empty process `$paramod$30113e79297c892e4c10dd5b4ca807f7a7823615\npu_core.$proc$/home/danieltyukov/workspace/personal/tt-ihp-int8-npu/src/npu_core.sv:0$1010'.
Found and cleaned up 1 empty switch in `$paramod$30113e79297c892e4c10dd5b4ca807f7a7823615\npu_core.$proc$/home/danieltyukov/workspace/personal/tt-ihp-int8-npu/src/npu_core.sv:0$1009'.
Removing empty process `$paramod$30113e79297c892e4c10dd5b4ca807f7a7823615\npu_core.$proc$/home/danieltyukov/workspace/personal/tt-ihp-int8-npu/src/npu_core.sv:0$1009'.
Found and cleaned up 12 empty switches in `$paramod$30113e79297c892e4c10dd5b4ca807f7a7823615\npu_core.$proc$/home/danieltyukov/workspace/personal/tt-ihp-int8-npu/src/npu_core.sv:415$993'.
Removing empty process `$paramod$30113e79297c892e4c10dd5b4ca807f7a7823615\npu_core.$proc$/home/danieltyukov/workspace/personal/tt-ihp-int8-npu/src/npu_core.sv:415$993'.
Found and cleaned up 2 empty switches in `$paramod$30113e79297c892e4c10dd5b4ca807f7a7823615\npu_core.$proc$/home/danieltyukov/workspace/personal/tt-ihp-int8-npu/src/npu_core.sv:263$971'.
Removing empty process `$paramod$30113e79297c892e4c10dd5b4ca807f7a7823615\npu_core.$proc$/home/danieltyukov/workspace/personal/tt-ihp-int8-npu/src/npu_core.sv:263$971'.
Found and cleaned up 6 empty switches in `$paramod$30113e79297c892e4c10dd5b4ca807f7a7823615\npu_core.$proc$/home/danieltyukov/workspace/personal/tt-ihp-int8-npu/src/npu_core.sv:173$966'.
Removing empty process `$paramod$30113e79297c892e4c10dd5b4ca807f7a7823615\npu_core.$proc$/home/danieltyukov/workspace/personal/tt-ihp-int8-npu/src/npu_core.sv:173$966'.
Cleaned up 105 empty switches.

16.2.12. Executing OPT_EXPR pass (perform const folding).
Optimizing module $paramod$29b69393125ca7ee80b32022bd2decdec691949f\npu_adder.
<suppressed ~1 debug messages>
Optimizing module $paramod$27a8bd94657cc90e38f275422f31847ddfd4487e\npu_csa_reduce.
Optimizing module $paramod$17604f602797e3202e357decf915a5bc29aa0ca3\npu_csa_reduce.
Optimizing module $paramod$67e98feaf73b54d35f9441170982b8d89b9a2316\npu_mult.
<suppressed ~1 debug messages>
Optimizing module $paramod$249e2fefde2cea6485f1861c172b2e75dba89233\npu_adder.
<suppressed ~1 debug messages>
Optimizing module $paramod$67ba8969b455a9921a0ce9d05bfcb7563f4a488b\npu_pe.
<suppressed ~1 debug messages>
Optimizing module tt_um_danieltyukov_int8_npu.
<suppressed ~1 debug messages>
Optimizing module $paramod$00e50bd1d9329584e2110eb397cc8a22011310c9\npu_adder.
<suppressed ~1 debug messages>
Optimizing module $paramod$8eda7e2dfd1e76bc948309fd2e766fe6102324c8\npu_host_if.
<suppressed ~5 debug messages>
Optimizing module $paramod$dd13fb79ecc7134c504489cf60fd3e03faadd8f0\npu_array.
<suppressed ~1 debug messages>
Optimizing module $paramod$9762f17314fc00bcc8483d811536c717be533d3b\npu_requant.
<suppressed ~12 debug messages>
Optimizing module $paramod$2d6c54a146b5c9bc63af6521ae2fae94a8696de1\npu_adder.
<suppressed ~1 debug messages>
Optimizing module $paramod$30113e79297c892e4c10dd5b4ca807f7a7823615\npu_core.
<suppressed ~36 debug messages>
Optimizing module $paramod$c023b5faa9c785d07331b76839e06bd1ab774764\npu_csa_reduce.
Optimizing module $paramod$1ed99f1253f88f2664ca886b8b7f7f8ea7f768dd\npu_pp_baugh_wooley.
Optimizing module $paramod$2b1d745c338a0a6e50bcd9a4dc82bdf12badc2b0\npu_csa_reduce.
Optimizing module $paramod$1eb2e9d021a26f5457ad6970e0ac2d330aaa366a\npu_csa_reduce.
Optimizing module npu_activation.

16.3. Executing FLATTEN pass (flatten design).
Deleting now unused module $paramod$29b69393125ca7ee80b32022bd2decdec691949f\npu_adder.
Deleting now unused module $paramod$27a8bd94657cc90e38f275422f31847ddfd4487e\npu_csa_reduce.
Deleting now unused module $paramod$17604f602797e3202e357decf915a5bc29aa0ca3\npu_csa_reduce.
Deleting now unused module $paramod$67e98feaf73b54d35f9441170982b8d89b9a2316\npu_mult.
Deleting now unused module $paramod$249e2fefde2cea6485f1861c172b2e75dba89233\npu_adder.
Deleting now unused module $paramod$67ba8969b455a9921a0ce9d05bfcb7563f4a488b\npu_pe.
Deleting now unused module $paramod$00e50bd1d9329584e2110eb397cc8a22011310c9\npu_adder.
Deleting now unused module $paramod$8eda7e2dfd1e76bc948309fd2e766fe6102324c8\npu_host_if.
Deleting now unused module $paramod$dd13fb79ecc7134c504489cf60fd3e03faadd8f0\npu_array.
Deleting now unused module $paramod$9762f17314fc00bcc8483d811536c717be533d3b\npu_requant.
Deleting now unused module $paramod$2d6c54a146b5c9bc63af6521ae2fae94a8696de1\npu_adder.
Deleting now unused module $paramod$30113e79297c892e4c10dd5b4ca807f7a7823615\npu_core.
Deleting now unused module $paramod$c023b5faa9c785d07331b76839e06bd1ab774764\npu_csa_reduce.
Deleting now unused module $paramod$1ed99f1253f88f2664ca886b8b7f7f8ea7f768dd\npu_pp_baugh_wooley.
Deleting now unused module $paramod$2b1d745c338a0a6e50bcd9a4dc82bdf12badc2b0\npu_csa_reduce.
Deleting now unused module $paramod$1eb2e9d021a26f5457ad6970e0ac2d330aaa366a\npu_csa_reduce.
Deleting now unused module npu_activation.
<suppressed ~25 debug messages>

16.4. Executing OPT_EXPR pass (perform const folding).
Optimizing module tt_um_danieltyukov_int8_npu.
<suppressed ~269 debug messages>

16.5. Executing OPT_CLEAN pass (remove unused cells and wires).
Finding unused cells or wires in module \tt_um_danieltyukov_int8_npu..
Removed 571 unused cells and 2626 unused wires.
<suppressed ~622 debug messages>

16.6. Executing CHECK pass (checking for obvious problems).
Checking module tt_um_danieltyukov_int8_npu...
Found and reported 0 problems.

16.7. Executing OPT pass (performing simple optimizations).

16.7.1. Executing OPT_EXPR pass (perform const folding).
Optimizing module tt_um_danieltyukov_int8_npu.

16.7.2. Executing OPT_MERGE pass (detect identical cells).
Finding identical cells in module `\tt_um_danieltyukov_int8_npu'.
<suppressed ~468 debug messages>
Removed a total of 156 cells.

16.7.3. Executing OPT_MUXTREE pass (detect dead branches in mux trees).
Running muxtree optimizer on module \tt_um_danieltyukov_int8_npu..
  Creating internal representation of mux trees.
  Evaluating internal representation of mux trees.
  Analyzing evaluation results.
Removed 0 multiplexer ports.
<suppressed ~120 debug messages>

16.7.4. Executing OPT_REDUCE pass (consolidate $*mux and $reduce_* inputs).
  Optimizing cells in module \tt_um_danieltyukov_int8_npu.
    New ctrl vector for $pmux cell $flatten\u_core.$procmux$2759: { $flatten\u_core.$procmux$2764_CMP $auto$opt_reduce.cc:134:opt_pmux$3013 }
    New ctrl vector for $pmux cell $flatten\u_core.$procmux$2866: $auto$opt_reduce.cc:134:opt_pmux$3015
    New ctrl vector for $pmux cell $flatten\u_core.$procmux$2873: $auto$opt_reduce.cc:134:opt_pmux$3017
    New ctrl vector for $pmux cell $flatten\u_core.\u_host.$procmux$2075: { $flatten\u_core.\u_host.$procmux$2081_CMP $flatten\u_core.\u_host.$procmux$2080_CMP $auto$opt_reduce.cc:134:opt_pmux$3021 $flatten\u_core.\u_host.$procmux$2077_CMP $auto$opt_reduce.cc:134:opt_pmux$3019 }
    New ctrl vector for $pmux cell $flatten\u_core.\u_host.$procmux$2118: { $flatten\u_core.\u_host.$procmux$2081_CMP $flatten\u_core.\u_host.$procmux$2080_CMP $auto$opt_reduce.cc:134:opt_pmux$3025 $flatten\u_core.\u_host.$procmux$2077_CMP $auto$opt_reduce.cc:134:opt_pmux$3023 }
    New ctrl vector for $pmux cell $flatten\u_core.\u_requant.$procmux$2454: $auto$opt_reduce.cc:134:opt_pmux$3027
    New ctrl vector for $pmux cell $flatten\u_core.\u_requant.$procmux$2503: $auto$opt_reduce.cc:134:opt_pmux$3029
    New ctrl vector for $pmux cell $flatten\u_core.\u_requant.$procmux$2508: $auto$opt_reduce.cc:134:opt_pmux$3031
  Optimizing cells in module \tt_um_danieltyukov_int8_npu.
Performed a total of 8 changes.

16.7.5. Executing OPT_MERGE pass (detect identical cells).
Finding identical cells in module `\tt_um_danieltyukov_int8_npu'.
<suppressed ~18 debug messages>
Removed a total of 6 cells.

16.7.6. Executing OPT_DFF pass (perform DFF optimizations).

16.7.7. Executing OPT_CLEAN pass (remove unused cells and wires).
Finding unused cells or wires in module \tt_um_danieltyukov_int8_npu..
Removed 0 unused cells and 163 unused wires.
<suppressed ~3 debug messages>

16.7.8. Executing OPT_EXPR pass (perform const folding).
Optimizing module tt_um_danieltyukov_int8_npu.

16.7.9. Rerunning OPT passes. (Maybe there is more to do..)

16.7.10. Executing OPT_MUXTREE pass (detect dead branches in mux trees).
Running muxtree optimizer on module \tt_um_danieltyukov_int8_npu..
  Creating internal representation of mux trees.
  Evaluating internal representation of mux trees.
  Analyzing evaluation results.
Removed 0 multiplexer ports.
<suppressed ~121 debug messages>

16.7.11. Executing OPT_REDUCE pass (consolidate $*mux and $reduce_* inputs).
  Optimizing cells in module \tt_um_danieltyukov_int8_npu.
Performed a total of 0 changes.

16.7.12. Executing OPT_MERGE pass (detect identical cells).
Finding identical cells in module `\tt_um_danieltyukov_int8_npu'.
Removed a total of 0 cells.

16.7.13. Executing OPT_DFF pass (perform DFF optimizations).

16.7.14. Executing OPT_CLEAN pass (remove unused cells and wires).
Finding unused cells or wires in module \tt_um_danieltyukov_int8_npu..

16.7.15. Executing OPT_EXPR pass (perform const folding).
Optimizing module tt_um_danieltyukov_int8_npu.

16.7.16. Finished OPT passes. (There is nothing left to do.)

16.8. Executing FSM pass (extract and optimize FSM).

16.8.1. Executing FSM_DETECT pass (finding FSMs in design).
Not marking tt_um_danieltyukov_int8_npu.u_core.state as FSM state register:
    Users of register don't seem to benefit from recoding.
Not marking tt_um_danieltyukov_int8_npu.u_core.u_host.err_code as FSM state register:
    Users of register don't seem to benefit from recoding.
Not marking tt_um_danieltyukov_int8_npu.u_core.u_requant.state as FSM state register:
    Users of register don't seem to benefit from recoding.
    Circuit seems to be self-resetting.

16.8.2. Executing FSM_EXTRACT pass (extracting FSM from design).

16.8.3. Executing FSM_OPT pass (simple optimizations of FSMs).

16.8.4. Executing OPT_CLEAN pass (remove unused cells and wires).
Finding unused cells or wires in module \tt_um_danieltyukov_int8_npu..

16.8.5. Executing FSM_OPT pass (simple optimizations of FSMs).

16.8.6. Executing FSM_RECODE pass (re-assigning FSM state encoding).

16.8.7. Executing FSM_INFO pass (dumping all available information on FSM cells).

16.8.8. Executing FSM_MAP pass (mapping FSMs to basic logic).

16.9. Executing OPT pass (performing simple optimizations).

16.9.1. Executing OPT_EXPR pass (perform const folding).
Optimizing module tt_um_danieltyukov_int8_npu.

16.9.2. Executing OPT_MERGE pass (detect identical cells).
Finding identical cells in module `\tt_um_danieltyukov_int8_npu'.
Removed a total of 0 cells.

16.9.3. Executing OPT_MUXTREE pass (detect dead branches in mux trees).
Running muxtree optimizer on module \tt_um_danieltyukov_int8_npu..
  Creating internal representation of mux trees.
  Evaluating internal representation of mux trees.
  Analyzing evaluation results.
Removed 0 multiplexer ports.
<suppressed ~121 debug messages>

16.9.4. Executing OPT_REDUCE pass (consolidate $*mux and $reduce_* inputs).
  Optimizing cells in module \tt_um_danieltyukov_int8_npu.
Performed a total of 0 changes.

16.9.5. Executing OPT_MERGE pass (detect identical cells).
Finding identical cells in module `\tt_um_danieltyukov_int8_npu'.
Removed a total of 0 cells.

16.9.6. Executing OPT_DFF pass (perform DFF optimizations).
Adding EN signal on $flatten\u_core.\u_requant.$procdff$2939 ($adff) from module tt_um_danieltyukov_int8_npu (D = $flatten\u_core.\u_requant.$0\sbit[0:0], Q = \u_core.u_requant.sbit).
Adding EN signal on $flatten\u_core.\u_requant.$procdff$2938 ($adff) from module tt_um_danieltyukov_int8_npu (D = $flatten\u_core.\u_requant.$0\rbit[0:0], Q = \u_core.u_requant.rbit).
Adding EN signal on $flatten\u_core.\u_requant.$procdff$2937 ($adff) from module tt_um_danieltyukov_int8_npu (D = $flatten\u_core.\u_requant.$0\shcnt[5:0], Q = \u_core.u_requant.shcnt).
Adding EN signal on $flatten\u_core.\u_requant.$procdff$2936 ($adff) from module tt_um_danieltyukov_int8_npu (D = $flatten\u_core.\u_requant.$0\digcnt[3:0], Q = \u_core.u_requant.digcnt).
Adding EN signal on $flatten\u_core.\u_requant.$procdff$2935 ($adff) from module tt_um_danieltyukov_int8_npu (D = $flatten\u_core.\u_requant.$0\pr[44:0] [44], Q = \u_core.u_requant.pr [44]).
Adding EN signal on $flatten\u_core.\u_requant.$procdff$2935 ($adff) from module tt_um_danieltyukov_int8_npu (D = $flatten\u_core.\u_requant.$0\pr[44:0] [43:0], Q = \u_core.u_requant.pr [43:0]).
Adding EN signal on $flatten\u_core.\u_requant.$procdff$2934 ($adff) from module tt_um_danieltyukov_int8_npu (D = $flatten\u_core.\u_requant.$or$/home/danieltyukov/workspace/personal/tt-ihp-int8-npu/src/npu_requant.sv:191$1535_Y, Q = \u_core.u_requant.sat_out).
Adding EN signal on $flatten\u_core.\u_requant.$procdff$2933 ($adff) from module tt_um_danieltyukov_int8_npu (D = \u_core.u_requant.y_clamp, Q = \u_core.u_requant.q_out).
Adding EN signal on $flatten\u_core.\u_requant.$procdff$2932 ($adff) from module tt_um_danieltyukov_int8_npu (D = $flatten\u_core.\u_requant.$0\state[1:0], Q = \u_core.u_requant.state).
Adding EN signal on $flatten\u_core.\u_host.$procdff$2924 ($adff) from module tt_um_danieltyukov_int8_npu (D = $flatten\u_core.\u_host.$procmux$2347_Y, Q = \u_core.u_host.pcount).
Adding EN signal on $flatten\u_core.\u_host.$procdff$2923 ($adff) from module tt_um_danieltyukov_int8_npu (D = $flatten\u_core.\u_host.$procmux$2354_Y, Q = \u_core.u_host.op).
Adding EN signal on $flatten\u_core.\u_host.$procdff$2922 ($adff) from module tt_um_danieltyukov_int8_npu (D = $flatten\u_core.\u_host.$0\err_code[1:0], Q = \u_core.u_host.err_code).
Adding EN signal on $flatten\u_core.\u_host.$procdff$2921 ($adff) from module tt_um_danieltyukov_int8_npu (D = \ui_in [1], Q = \u_core.u_host.run_req).
Adding EN signal on $flatten\u_core.\u_host.$procdff$2920 ($adff) from module tt_um_danieltyukov_int8_npu (D = \ui_in [0], Q = \u_core.u_host.run_acc).
Adding EN signal on $flatten\u_core.\u_host.$procdff$2918 ($adff) from module tt_um_danieltyukov_int8_npu (D = \ui_in, Q = \u_core.u_host.byte_out).
Adding EN signal on $flatten\u_core.\u_host.$procdff$2916 ($adff) from module tt_um_danieltyukov_int8_npu (D = $flatten\u_core.\u_host.$procmux$2427_Y, Q = \u_core.u_host.rd_ptr).
Adding EN signal on $flatten\u_core.\u_host.$procdff$2915 ($adff) from module tt_um_danieltyukov_int8_npu (D = $flatten\u_core.\u_host.$procmux$2433_Y, Q = \u_core.u_host.rd_src).
Adding EN signal on $flatten\u_core.\u_host.$procdff$2912 ($adff) from module tt_um_danieltyukov_int8_npu (D = \u_core.u_host.pcount [1:0], Q = \u_core.u_host.post_idx).
Adding EN signal on $flatten\u_core.\u_array.\g_row[3].g_col[1].u_pe.$procdff$2903 ($adff) from module tt_um_danieltyukov_int8_npu (D = \u_core.u_host.byte_out, Q = \u_core.u_array.g_row[3].g_col[1].u_pe.w_reg).
Adding EN signal on $flatten\u_core.\u_array.\g_row[3].g_col[0].u_pe.$procdff$2903 ($adff) from module tt_um_danieltyukov_int8_npu (D = \u_core.u_array.g_row[3].g_col[1].u_pe.w_reg, Q = \u_core.u_array.g_row[3].g_col[0].u_pe.w_reg).
Adding EN signal on $flatten\u_core.\u_array.\g_row[2].g_col[1].u_pe.$procdff$2903 ($adff) from module tt_um_danieltyukov_int8_npu (D = \u_core.u_array.g_row[3].g_col[0].u_pe.w_reg, Q = \u_core.u_array.g_row[2].g_col[1].u_pe.w_reg).
Adding EN signal on $flatten\u_core.\u_array.\g_row[2].g_col[0].u_pe.$procdff$2903 ($adff) from module tt_um_danieltyukov_int8_npu (D = \u_core.u_array.g_row[2].g_col[1].u_pe.w_reg, Q = \u_core.u_array.g_row[2].g_col[0].u_pe.w_reg).
Adding EN signal on $flatten\u_core.\u_array.\g_row[1].g_col[1].u_pe.$procdff$2903 ($adff) from module tt_um_danieltyukov_int8_npu (D = \u_core.u_array.g_row[2].g_col[0].u_pe.w_reg, Q = \u_core.u_array.g_row[1].g_col[1].u_pe.w_reg).
Adding EN signal on $flatten\u_core.\u_array.\g_row[1].g_col[0].u_pe.$procdff$2903 ($adff) from module tt_um_danieltyukov_int8_npu (D = \u_core.u_array.g_row[1].g_col[1].u_pe.w_reg, Q = \u_core.u_array.g_row[1].g_col[0].u_pe.w_reg).
Adding EN signal on $flatten\u_core.\u_array.\g_row[0].g_col[1].u_pe.$procdff$2903 ($adff) from module tt_um_danieltyukov_int8_npu (D = \u_core.u_array.g_row[1].g_col[0].u_pe.w_reg, Q = \u_core.u_array.g_row[0].g_col[1].u_pe.w_reg).
Adding EN signal on $flatten\u_core.\u_array.\g_row[0].g_col[0].u_pe.$procdff$2903 ($adff) from module tt_um_danieltyukov_int8_npu (D = \u_core.u_array.g_row[0].g_col[1].u_pe.w_reg, Q = \u_core.u_array.g_row[0].g_col[0].u_pe.w_reg).
Adding EN signal on $flatten\u_core.$procdff$2995 ($adff) from module tt_um_danieltyukov_int8_npu (D = \u_core.u_host.byte_out [2:0], Q = \u_core.s_cnt_m1).
Adding EN signal on $flatten\u_core.$procdff$2994 ($adff) from module tt_um_danieltyukov_int8_npu (D = \u_core.u_host.byte_out [4:2], Q = \u_core.leaky_k_reg).
Adding EN signal on $flatten\u_core.$procdff$2993 ($adff) from module tt_um_danieltyukov_int8_npu (D = \u_core.u_host.byte_out [1:0], Q = \u_core.act_sel_reg).
Adding EN signal on $flatten\u_core.$procdff$2992 ($adff) from module tt_um_danieltyukov_int8_npu (D = \u_core.u_host.byte_out, Q = \u_core.clamp_hi_reg).
Adding EN signal on $flatten\u_core.$procdff$2991 ($adff) from module tt_um_danieltyukov_int8_npu (D = \u_core.u_host.byte_out, Q = \u_core.clamp_lo_reg).
Adding EN signal on $flatten\u_core.$procdff$2990 ($adff) from module tt_um_danieltyukov_int8_npu (D = \u_core.u_host.byte_out, Q = \u_core.zp_reg).
Adding EN signal on $flatten\u_core.$procdff$2989 ($adff) from module tt_um_danieltyukov_int8_npu (D = { \u_core.u_host.byte_out \u_core.quant_buf [47:8] }, Q = \u_core.quant_buf).
Adding EN signal on $flatten\u_core.$procdff$2988 ($adff) from module tt_um_danieltyukov_int8_npu (D = { \u_core.u_host.byte_out \u_core.bias_buf [47:8] }, Q = \u_core.bias_buf).
Adding EN signal on $flatten\u_core.$procdff$2987 ($adff) from module tt_um_danieltyukov_int8_npu (D = { \u_core.u_host.byte_out \u_core.act_buf [255:8] }, Q = \u_core.act_buf).
Adding EN signal on $flatten\u_core.$procdff$2986 ($adff) from module tt_um_danieltyukov_int8_npu (D = $flatten\u_core.$0\inj_idx[2:0], Q = \u_core.inj_idx).
Adding EN signal on $flatten\u_core.$procdff$2983 ($adff) from module tt_um_danieltyukov_int8_npu (D = $flatten\u_core.$0\err_code_reg[1:0], Q = \u_core.err_code_reg).
Adding EN signal on $flatten\u_core.$procdff$2980 ($adff) from module tt_um_danieltyukov_int8_npu (D = $flatten\u_core.$0\err_reg[0:0], Q = \u_core.err_reg).
Adding EN signal on $flatten\u_core.$procdff$2977 ($adff) from module tt_um_danieltyukov_int8_npu (D = $flatten\u_core.$0\req_c[0:0], Q = \u_core.req_c).
Adding EN signal on $flatten\u_core.$procdff$2976 ($adff) from module tt_um_danieltyukov_int8_npu (D = $flatten\u_core.$0\req_s[2:0], Q = \u_core.req_s).
Adding EN signal on $flatten\u_core.$procdff$2975 ($adff) from module tt_um_danieltyukov_int8_npu (D = \u_core.u_host.run_req, Q = \u_core.do_req).
Adding EN signal on $flatten\u_core.$procdff$2974 ($adff) from module tt_um_danieltyukov_int8_npu (D = $flatten\u_core.$logic_not$/home/danieltyukov/workspace/personal/tt-ihp-int8-npu/src/npu_core.sv:461$995_Y, Q = \u_core.acc_first).
Adding EN signal on $flatten\u_core.$procdff$2973 ($adff) from module tt_um_danieltyukov_int8_npu (D = $flatten\u_core.$0\cyc[3:0], Q = \u_core.cyc).
Adding EN signal on $flatten\u_core.$procdff$2972 ($adff) from module tt_um_danieltyukov_int8_npu (D = $flatten\u_core.$0\state[1:0], Q = \u_core.state).
Adding EN signal on $flatten\u_core.$procdff$2971 ($adff) from module tt_um_danieltyukov_int8_npu (D = $flatten\u_core.$0\g_bank[0].g_ent[0].q[23:0], Q = \u_core.g_bank[0].g_ent[0].q).
Adding EN signal on $flatten\u_core.$procdff$2970 ($adff) from module tt_um_danieltyukov_int8_npu (D = $flatten\u_core.$0\g_bank[0].g_ent[1].q[23:0], Q = \u_core.g_bank[0].g_ent[1].q).
Adding EN signal on $flatten\u_core.$procdff$2969 ($adff) from module tt_um_danieltyukov_int8_npu (D = $flatten\u_core.$0\g_bank[0].g_ent[2].q[23:0], Q = \u_core.g_bank[0].g_ent[2].q).
Adding EN signal on $flatten\u_core.$procdff$2968 ($adff) from module tt_um_danieltyukov_int8_npu (D = $flatten\u_core.$0\g_bank[0].g_ent[3].q[23:0], Q = \u_core.g_bank[0].g_ent[3].q).
Adding EN signal on $flatten\u_core.$procdff$2967 ($adff) from module tt_um_danieltyukov_int8_npu (D = $flatten\u_core.$0\g_bank[0].g_ent[4].q[23:0], Q = \u_core.g_bank[0].g_ent[4].q).
Adding EN signal on $flatten\u_core.$procdff$2966 ($adff) from module tt_um_danieltyukov_int8_npu (D = $flatten\u_core.$0\g_bank[0].g_ent[5].q[23:0], Q = \u_core.g_bank[0].g_ent[5].q).
Adding EN signal on $flatten\u_core.$procdff$2965 ($adff) from module tt_um_danieltyukov_int8_npu (D = $flatten\u_core.$0\g_bank[0].g_ent[6].q[23:0], Q = \u_core.g_bank[0].g_ent[6].q).
Adding EN signal on $flatten\u_core.$procdff$2964 ($adff) from module tt_um_danieltyukov_int8_npu (D = $flatten\u_core.$0\g_bank[0].g_ent[7].q[23:0], Q = \u_core.g_bank[0].g_ent[7].q).
Adding EN signal on $flatten\u_core.$procdff$2963 ($adff) from module tt_um_danieltyukov_int8_npu (D = $flatten\u_core.$0\g_bank[1].g_ent[0].q[23:0], Q = \u_core.g_bank[1].g_ent[0].q).
Adding EN signal on $flatten\u_core.$procdff$2962 ($adff) from module tt_um_danieltyukov_int8_npu (D = $flatten\u_core.$0\g_bank[1].g_ent[1].q[23:0], Q = \u_core.g_bank[1].g_ent[1].q).
Adding EN signal on $flatten\u_core.$procdff$2961 ($adff) from module tt_um_danieltyukov_int8_npu (D = $flatten\u_core.$0\g_bank[1].g_ent[2].q[23:0], Q = \u_core.g_bank[1].g_ent[2].q).
Adding EN signal on $flatten\u_core.$procdff$2960 ($adff) from module tt_um_danieltyukov_int8_npu (D = $flatten\u_core.$0\g_bank[1].g_ent[3].q[23:0], Q = \u_core.g_bank[1].g_ent[3].q).
Adding EN signal on $flatten\u_core.$procdff$2959 ($adff) from module tt_um_danieltyukov_int8_npu (D = $flatten\u_core.$0\g_bank[1].g_ent[4].q[23:0], Q = \u_core.g_bank[1].g_ent[4].q).
Adding EN signal on $flatten\u_core.$procdff$2958 ($adff) from module tt_um_danieltyukov_int8_npu (D = $flatten\u_core.$0\g_bank[1].g_ent[5].q[23:0], Q = \u_core.g_bank[1].g_ent[5].q).
Adding EN signal on $flatten\u_core.$procdff$2957 ($adff) from module tt_um_danieltyukov_int8_npu (D = $flatten\u_core.$0\g_bank[1].g_ent[6].q[23:0], Q = \u_core.g_bank[1].g_ent[6].q).
Adding EN signal on $flatten\u_core.$procdff$2956 ($adff) from module tt_um_danieltyukov_int8_npu (D = $flatten\u_core.$0\g_bank[1].g_ent[7].q[23:0], Q = \u_core.g_bank[1].g_ent[7].q).
Adding EN signal on $flatten\u_core.$procdff$2955 ($adff) from module tt_um_danieltyukov_int8_npu (D = $flatten\u_core.$0\g_res[0].q[7:0], Q = \u_core.g_res[0].q).
Adding EN signal on $flatten\u_core.$procdff$2954 ($adff) from module tt_um_danieltyukov_int8_npu (D = $flatten\u_core.$0\g_res[1].q[7:0], Q = \u_core.g_res[1].q).
Adding EN signal on $flatten\u_core.$procdff$2953 ($adff) from module tt_um_danieltyukov_int8_npu (D = $flatten\u_core.$0\g_res[2].q[7:0], Q = \u_core.g_res[2].q).
Adding EN signal on $flatten\u_core.$procdff$2952 ($adff) from module tt_um_danieltyukov_int8_npu (D = $flatten\u_core.$0\g_res[3].q[7:0], Q = \u_core.g_res[3].q).
Adding EN signal on $flatten\u_core.$procdff$2951 ($adff) from module tt_um_danieltyukov_int8_npu (D = $flatten\u_core.$0\g_res[4].q[7:0], Q = \u_core.g_res[4].q).
Adding EN signal on $flatten\u_core.$procdff$2950 ($adff) from module tt_um_danieltyukov_int8_npu (D = $flatten\u_core.$0\g_res[5].q[7:0], Q = \u_core.g_res[5].q).
Adding EN signal on $flatten\u_core.$procdff$2949 ($adff) from module tt_um_danieltyukov_int8_npu (D = $flatten\u_core.$0\g_res[6].q[7:0], Q = \u_core.g_res[6].q).
Adding EN signal on $flatten\u_core.$procdff$2948 ($adff) from module tt_um_danieltyukov_int8_npu (D = $flatten\u_core.$0\g_res[7].q[7:0], Q = \u_core.g_res[7].q).
Adding EN signal on $flatten\u_core.$procdff$2947 ($adff) from module tt_um_danieltyukov_int8_npu (D = $flatten\u_core.$0\g_res[8].q[7:0], Q = \u_core.g_res[8].q).
Adding EN signal on $flatten\u_core.$procdff$2946 ($adff) from module tt_um_danieltyukov_int8_npu (D = $flatten\u_core.$0\g_res[9].q[7:0], Q = \u_core.g_res[9].q).
Adding EN signal on $flatten\u_core.$procdff$2945 ($adff) from module tt_um_danieltyukov_int8_npu (D = $flatten\u_core.$0\g_res[10].q[7:0], Q = \u_core.g_res[10].q).
Adding EN signal on $flatten\u_core.$procdff$2944 ($adff) from module tt_um_danieltyukov_int8_npu (D = $flatten\u_core.$0\g_res[11].q[7:0], Q = \u_core.g_res[11].q).
Adding EN signal on $flatten\u_core.$procdff$2943 ($adff) from module tt_um_danieltyukov_int8_npu (D = $flatten\u_core.$0\g_res[12].q[7:0], Q = \u_core.g_res[12].q).
Adding EN signal on $flatten\u_core.$procdff$2942 ($adff) from module tt_um_danieltyukov_int8_npu (D = $flatten\u_core.$0\g_res[13].q[7:0], Q = \u_core.g_res[13].q).
Adding EN signal on $flatten\u_core.$procdff$2941 ($adff) from module tt_um_danieltyukov_int8_npu (D = $flatten\u_core.$0\g_res[14].q[7:0], Q = \u_core.g_res[14].q).
Adding EN signal on $flatten\u_core.$procdff$2940 ($adff) from module tt_um_danieltyukov_int8_npu (D = $flatten\u_core.$0\g_res[15].q[7:0], Q = \u_core.g_res[15].q).

16.9.7. Executing OPT_CLEAN pass (remove unused cells and wires).
Finding unused cells or wires in module \tt_um_danieltyukov_int8_npu..
Removed 50 unused cells and 50 unused wires.
<suppressed ~51 debug messages>

16.9.8. Executing OPT_EXPR pass (perform const folding).
Optimizing module tt_um_danieltyukov_int8_npu.
<suppressed ~48 debug messages>

16.9.9. Rerunning OPT passes. (Maybe there is more to do..)

16.9.10. Executing OPT_MUXTREE pass (detect dead branches in mux trees).
Running muxtree optimizer on module \tt_um_danieltyukov_int8_npu..
  Creating internal representation of mux trees.
  Evaluating internal representation of mux trees.
  Analyzing evaluation results.
Removed 0 multiplexer ports.
<suppressed ~97 debug messages>

16.9.11. Executing OPT_REDUCE pass (consolidate $*mux and $reduce_* inputs).
  Optimizing cells in module \tt_um_danieltyukov_int8_npu.
Performed a total of 0 changes.

16.9.12. Executing OPT_MERGE pass (detect identical cells).
Finding identical cells in module `\tt_um_danieltyukov_int8_npu'.
<suppressed ~111 debug messages>
Removed a total of 37 cells.

16.9.13. Executing OPT_DFF pass (perform DFF optimizations).

16.9.14. Executing OPT_CLEAN pass (remove unused cells and wires).
Finding unused cells or wires in module \tt_um_danieltyukov_int8_npu..
Removed 0 unused cells and 37 unused wires.
<suppressed ~1 debug messages>

16.9.15. Executing OPT_EXPR pass (perform const folding).
Optimizing module tt_um_danieltyukov_int8_npu.

16.9.16. Rerunning OPT passes. (Maybe there is more to do..)

16.9.17. Executing OPT_MUXTREE pass (detect dead branches in mux trees).
Running muxtree optimizer on module \tt_um_danieltyukov_int8_npu..
  Creating internal representation of mux trees.
  Evaluating internal representation of mux trees.
  Analyzing evaluation results.
Removed 0 multiplexer ports.
<suppressed ~98 debug messages>

16.9.18. Executing OPT_REDUCE pass (consolidate $*mux and $reduce_* inputs).
  Optimizing cells in module \tt_um_danieltyukov_int8_npu.
Performed a total of 0 changes.

16.9.19. Executing OPT_MERGE pass (detect identical cells).
Finding identical cells in module `\tt_um_danieltyukov_int8_npu'.
Removed a total of 0 cells.

16.9.20. Executing OPT_DFF pass (perform DFF optimizations).

16.9.21. Executing OPT_CLEAN pass (remove unused cells and wires).
Finding unused cells or wires in module \tt_um_danieltyukov_int8_npu..

16.9.22. Executing OPT_EXPR pass (perform const folding).
Optimizing module tt_um_danieltyukov_int8_npu.

16.9.23. Finished OPT passes. (There is nothing left to do.)

16.10. Executing WREDUCE pass (reducing word size of cells).
Removed top 28 address bits (of 32) from memory init port tt_um_danieltyukov_int8_npu.$flatten\u_core.\u_host.$auto$mem.cc:319:emit$2070 ($flatten\u_core.\u_host.$auto$proc_rom.cc:150:do_switch$2068).
Removed top 1 bits (of 3) from port B of cell tt_um_danieltyukov_int8_npu.$auto$opt_dff.cc:195:make_patterns_logic$3210 ($ne).
Removed top 1 bits (of 4) from port B of cell tt_um_danieltyukov_int8_npu.$auto$opt_dff.cc:195:make_patterns_logic$3212 ($ne).
Removed top 2 bits (of 5) from port B of cell tt_um_danieltyukov_int8_npu.$auto$opt_dff.cc:195:make_patterns_logic$3219 ($ne).
Removed top 1 bits (of 2) from port B of cell tt_um_danieltyukov_int8_npu.$auto$opt_dff.cc:195:make_patterns_logic$3141 ($ne).
Removed top 2 bits (of 4) from port B of cell tt_um_danieltyukov_int8_npu.$auto$opt_dff.cc:195:make_patterns_logic$3137 ($ne).
Removed top 1 bits (of 4) from port B of cell tt_um_danieltyukov_int8_npu.$auto$opt_dff.cc:195:make_patterns_logic$3109 ($ne).
Removed top 1 bits (of 25) from port Y of cell tt_um_danieltyukov_int8_npu.$flatten\u_core.\g_bank[1].u_acc_add.$and$/home/danieltyukov/workspace/personal/tt-ihp-int8-npu/src/npu_adder.sv:60$1317 ($and).
Removed top 1 bits (of 25) from port A of cell tt_um_danieltyukov_int8_npu.$flatten\u_core.\g_bank[1].u_acc_add.$and$/home/danieltyukov/workspace/personal/tt-ihp-int8-npu/src/npu_adder.sv:60$1317 ($and).
Removed top 1 bits (of 25) from port B of cell tt_um_danieltyukov_int8_npu.$flatten\u_core.\g_bank[1].u_acc_add.$and$/home/danieltyukov/workspace/personal/tt-ihp-int8-npu/src/npu_adder.sv:60$1317 ($and).
Removed top 1 bits (of 25) from port Y of cell tt_um_danieltyukov_int8_npu.$flatten\u_core.\g_bank[0].u_acc_add.$and$/home/danieltyukov/workspace/personal/tt-ihp-int8-npu/src/npu_adder.sv:60$1317 ($and).
Removed top 1 bits (of 25) from port A of cell tt_um_danieltyukov_int8_npu.$flatten\u_core.\g_bank[0].u_acc_add.$and$/home/danieltyukov/workspace/personal/tt-ihp-int8-npu/src/npu_adder.sv:60$1317 ($and).
Removed top 1 bits (of 25) from port B of cell tt_um_danieltyukov_int8_npu.$flatten\u_core.\g_bank[0].u_acc_add.$and$/home/danieltyukov/workspace/personal/tt-ihp-int8-npu/src/npu_adder.sv:60$1317 ($and).
Removed top 2 bits (of 10) from port B of cell tt_um_danieltyukov_int8_npu.$flatten\u_core.\u_act.$gt$/home/danieltyukov/workspace/personal/tt-ihp-int8-npu/src/npu_activation.sv:44$4 ($gt).
Removed top 2 bits (of 10) from port B of cell tt_um_danieltyukov_int8_npu.$flatten\u_core.\u_act.$lt$/home/danieltyukov/workspace/personal/tt-ihp-int8-npu/src/npu_activation.sv:45$5 ($lt).
Removed top 1 bits (of 2) from port B of cell tt_um_danieltyukov_int8_npu.$flatten\u_core.\u_act.$eq$/home/danieltyukov/workspace/personal/tt-ihp-int8-npu/src/npu_activation.sv:51$12 ($eq).
Removed top 18 bits (of 26) from port B of cell tt_um_danieltyukov_int8_npu.$flatten\u_core.\u_requant.$gt$/home/danieltyukov/workspace/personal/tt-ihp-int8-npu/src/npu_requant.sv:130$1514 ($gt).
Removed top 18 bits (of 26) from port B of cell tt_um_danieltyukov_int8_npu.$flatten\u_core.\u_requant.$lt$/home/danieltyukov/workspace/personal/tt-ihp-int8-npu/src/npu_requant.sv:131$1515 ($lt).
Removed top 1 bits (of 6) from port A of cell tt_um_danieltyukov_int8_npu.$flatten\u_core.\u_requant.$add$/home/danieltyukov/workspace/personal/tt-ihp-int8-npu/src/npu_requant.sv:157$1520 ($add).
Removed top 1 bits (of 6) from port B of cell tt_um_danieltyukov_int8_npu.$flatten\u_core.\u_requant.$add$/home/danieltyukov/workspace/personal/tt-ihp-int8-npu/src/npu_requant.sv:157$1520 ($add).
Removed top 3 bits (of 4) from port B of cell tt_um_danieltyukov_int8_npu.$flatten\u_core.\u_requant.$eq$/home/danieltyukov/workspace/personal/tt-ihp-int8-npu/src/npu_requant.sv:168$1522 ($eq).
Removed top 1 bits (of 2) from mux cell tt_um_danieltyukov_int8_npu.$flatten\u_core.\u_requant.$ternary$/home/danieltyukov/workspace/personal/tt-ihp-int8-npu/src/npu_requant.sv:168$1524 ($mux).
Removed top 3 bits (of 6) from port B of cell tt_um_danieltyukov_int8_npu.$flatten\u_core.\u_requant.$ge$/home/danieltyukov/workspace/personal/tt-ihp-int8-npu/src/npu_requant.sv:174$1525 ($ge).
Removed top 3 bits (of 6) from port B of cell tt_um_danieltyukov_int8_npu.$flatten\u_core.\u_requant.$sub$/home/danieltyukov/workspace/personal/tt-ihp-int8-npu/src/npu_requant.sv:178$1530 ($sub).
Removed top 3 bits (of 6) from port B of cell tt_um_danieltyukov_int8_npu.$flatten\u_core.\u_requant.$eq$/home/danieltyukov/workspace/personal/tt-ihp-int8-npu/src/npu_requant.sv:179$1531 ($eq).
Removed top 5 bits (of 6) from port B of cell tt_um_danieltyukov_int8_npu.$flatten\u_core.\u_requant.$sub$/home/danieltyukov/workspace/personal/tt-ihp-int8-npu/src/npu_requant.sv:184$1533 ($sub).
Removed top 5 bits (of 6) from port B of cell tt_um_danieltyukov_int8_npu.$flatten\u_core.\u_requant.$eq$/home/danieltyukov/workspace/personal/tt-ihp-int8-npu/src/npu_requant.sv:185$1534 ($eq).
Removed top 1 bits (of 2) from port B of cell tt_um_danieltyukov_int8_npu.$flatten\u_core.\u_requant.$procmux$2456_CMP0 ($eq).
Removed top 2 bits (of 45) from mux cell tt_um_danieltyukov_int8_npu.$flatten\u_core.\u_requant.$procmux$2494 ($mux).
Removed top 1 bits (of 2) from port B of cell tt_um_danieltyukov_int8_npu.$auto$opt_dff.cc:195:make_patterns_logic$3036 ($ne).
Removed top 1 bits (of 26) from port Y of cell tt_um_danieltyukov_int8_npu.$flatten\u_core.\u_requant.\u_add.$and$/home/danieltyukov/workspace/personal/tt-ihp-int8-npu/src/npu_adder.sv:60$1588 ($and).
Removed top 1 bits (of 26) from port A of cell tt_um_danieltyukov_int8_npu.$flatten\u_core.\u_requant.\u_add.$and$/home/danieltyukov/workspace/personal/tt-ihp-int8-npu/src/npu_adder.sv:60$1588 ($and).
Removed top 1 bits (of 26) from port B of cell tt_um_danieltyukov_int8_npu.$flatten\u_core.\u_requant.\u_add.$and$/home/danieltyukov/workspace/personal/tt-ihp-int8-npu/src/npu_adder.sv:60$1588 ($and).
Removed top 1 bits (of 19) from port Y of cell tt_um_danieltyukov_int8_npu.$flatten\u_core.\u_array.\g_row[3].g_col[1].u_pe.\u_add.$and$/home/danieltyukov/workspace/personal/tt-ihp-int8-npu/src/npu_adder.sv:60$1785 ($and).
Removed top 1 bits (of 19) from port A of cell tt_um_danieltyukov_int8_npu.$flatten\u_core.\u_array.\g_row[3].g_col[1].u_pe.\u_add.$and$/home/danieltyukov/workspace/personal/tt-ihp-int8-npu/src/npu_adder.sv:60$1785 ($and).
Removed top 1 bits (of 19) from port B of cell tt_um_danieltyukov_int8_npu.$flatten\u_core.\u_array.\g_row[3].g_col[1].u_pe.\u_add.$and$/home/danieltyukov/workspace/personal/tt-ihp-int8-npu/src/npu_adder.sv:60$1785 ($and).
Removed top 8 bits (of 16) from port A of cell tt_um_danieltyukov_int8_npu.$flatten\u_core.\u_array.\g_row[3].g_col[1].u_pe.\u_mul.\g_bw.g_wallace.u_tree.$xor$/home/danieltyukov/workspace/personal/tt-ihp-int8-npu/src/npu_csa_reduce.sv:49$1918 ($xor).
Removed top 7 bits (of 16) from port B of cell tt_um_danieltyukov_int8_npu.$flatten\u_core.\u_array.\g_row[3].g_col[1].u_pe.\u_mul.\g_bw.g_wallace.u_tree.$xor$/home/danieltyukov/workspace/personal/tt-ihp-int8-npu/src/npu_csa_reduce.sv:49$1918 ($xor).
Removed top 7 bits (of 16) from port Y of cell tt_um_danieltyukov_int8_npu.$flatten\u_core.\u_array.\g_row[3].g_col[1].u_pe.\u_mul.\g_bw.g_wallace.u_tree.$xor$/home/danieltyukov/workspace/personal/tt-ihp-int8-npu/src/npu_csa_reduce.sv:49$1918 ($xor).
Removed top 1 bits (of 16) from port Y of cell tt_um_danieltyukov_int8_npu.$flatten\u_core.\u_array.\g_row[3].g_col[1].u_pe.\u_mul.\u_cpa.$and$/home/danieltyukov/workspace/personal/tt-ihp-int8-npu/src/npu_adder.sv:60$1941 ($and).
Removed top 1 bits (of 16) from port A of cell tt_um_danieltyukov_int8_npu.$flatten\u_core.\u_array.\g_row[3].g_col[1].u_pe.\u_mul.\u_cpa.$and$/home/danieltyukov/workspace/personal/tt-ihp-int8-npu/src/npu_adder.sv:60$1941 ($and).
Removed top 1 bits (of 16) from port B of cell tt_um_danieltyukov_int8_npu.$flatten\u_core.\u_array.\g_row[3].g_col[1].u_pe.\u_mul.\u_cpa.$and$/home/danieltyukov/workspace/personal/tt-ihp-int8-npu/src/npu_adder.sv:60$1941 ($and).
Removed top 1 bits (of 16) from port Y of cell tt_um_danieltyukov_int8_npu.$flatten\u_core.\u_array.\g_row[3].g_col[1].u_pe.\u_mul.\g_bw.g_wallace.u_tree.\genblk1.g_reduce.u_next.$or$/home/danieltyukov/workspace/personal/tt-ihp-int8-npu/src/npu_csa_reduce.sv:53$2050 ($or).
Removed top 1 bits (of 16) from port A of cell tt_um_danieltyukov_int8_npu.$flatten\u_core.\u_array.\g_row[3].g_col[1].u_pe.\u_mul.\g_bw.g_wallace.u_tree.\genblk1.g_reduce.u_next.$or$/home/danieltyukov/workspace/personal/tt-ihp-int8-npu/src/npu_csa_reduce.sv:53$2050 ($or).
Removed top 1 bits (of 16) from port B of cell tt_um_danieltyukov_int8_npu.$flatten\u_core.\u_array.\g_row[3].g_col[1].u_pe.\u_mul.\g_bw.g_wallace.u_tree.\genblk1.g_reduce.u_next.$or$/home/danieltyukov/workspace/personal/tt-ihp-int8-npu/src/npu_csa_reduce.sv:53$2050 ($or).
Removed top 1 bits (of 16) from port Y of cell tt_um_danieltyukov_int8_npu.$flatten\u_core.\u_array.\g_row[3].g_col[1].u_pe.\u_mul.\g_bw.g_wallace.u_tree.\genblk1.g_reduce.u_next.$or$/home/danieltyukov/workspace/personal/tt-ihp-int8-npu/src/npu_csa_reduce.sv:53$2057 ($or).
Removed top 1 bits (of 16) from port A of cell tt_um_danieltyukov_int8_npu.$flatten\u_core.\u_array.\g_row[3].g_col[1].u_pe.\u_mul.\g_bw.g_wallace.u_tree.\genblk1.g_reduce.u_next.$or$/home/danieltyukov/workspace/personal/tt-ihp-int8-npu/src/npu_csa_reduce.sv:53$2057 ($or).
Removed top 1 bits (of 16) from port B of cell tt_um_danieltyukov_int8_npu.$flatten\u_core.\u_array.\g_row[3].g_col[1].u_pe.\u_mul.\g_bw.g_wallace.u_tree.\genblk1.g_reduce.u_next.$or$/home/danieltyukov/workspace/personal/tt-ihp-int8-npu/src/npu_csa_reduce.sv:53$2057 ($or).
Removed top 1 bits (of 16) from port Y of cell tt_um_danieltyukov_int8_npu.$flatten\u_core.\u_array.\g_row[3].g_col[1].u_pe.\u_mul.\g_bw.g_wallace.u_tree.\genblk1.g_reduce.u_next.\genblk1.g_reduce.u_next.\genblk1.g_reduce.u_next.$or$/home/danieltyukov/workspace/personal/tt-ihp-int8-npu/src/npu_csa_reduce.sv:53$1916 ($or).
Removed top 1 bits (of 16) from port A of cell tt_um_danieltyukov_int8_npu.$flatten\u_core.\u_array.\g_row[3].g_col[1].u_pe.\u_mul.\g_bw.g_wallace.u_tree.\genblk1.g_reduce.u_next.\genblk1.g_reduce.u_next.\genblk1.g_reduce.u_next.$or$/home/danieltyukov/workspace/personal/tt-ihp-int8-npu/src/npu_csa_reduce.sv:53$1916 ($or).
Removed top 1 bits (of 16) from port B of cell tt_um_danieltyukov_int8_npu.$flatten\u_core.\u_array.\g_row[3].g_col[1].u_pe.\u_mul.\g_bw.g_wallace.u_tree.\genblk1.g_reduce.u_next.\genblk1.g_reduce.u_next.\genblk1.g_reduce.u_next.$or$/home/danieltyukov/workspace/personal/tt-ihp-int8-npu/src/npu_csa_reduce.sv:53$1916 ($or).
Removed top 1 bits (of 16) from port Y of cell tt_um_danieltyukov_int8_npu.$flatten\u_core.\u_array.\g_row[3].g_col[1].u_pe.\u_mul.\g_bw.g_wallace.u_tree.\genblk1.g_reduce.u_next.\genblk1.g_reduce.u_next.$or$/home/danieltyukov/workspace/personal/tt-ihp-int8-npu/src/npu_csa_reduce.sv:53$2065 ($or).
Removed top 1 bits (of 16) from port A of cell tt_um_danieltyukov_int8_npu.$flatten\u_core.\u_array.\g_row[3].g_col[1].u_pe.\u_mul.\g_bw.g_wallace.u_tree.\genblk1.g_reduce.u_next.\genblk1.g_reduce.u_next.$or$/home/danieltyukov/workspace/personal/tt-ihp-int8-npu/src/npu_csa_reduce.sv:53$2065 ($or).
Removed top 1 bits (of 16) from port B of cell tt_um_danieltyukov_int8_npu.$flatten\u_core.\u_array.\g_row[3].g_col[1].u_pe.\u_mul.\g_bw.g_wallace.u_tree.\genblk1.g_reduce.u_next.\genblk1.g_reduce.u_next.$or$/home/danieltyukov/workspace/personal/tt-ihp-int8-npu/src/npu_csa_reduce.sv:53$2065 ($or).
Removed top 1 bits (of 16) from port Y of cell tt_um_danieltyukov_int8_npu.$flatten\u_core.\u_array.\g_row[3].g_col[1].u_pe.\u_mul.\g_bw.g_wallace.u_tree.\genblk1.g_reduce.u_next.\genblk1.g_reduce.u_next.$and$/home/danieltyukov/workspace/personal/tt-ihp-int8-npu/src/npu_csa_reduce.sv:53$2064 ($and).
Removed top 1 bits (of 16) from port A of cell tt_um_danieltyukov_int8_npu.$flatten\u_core.\u_array.\g_row[3].g_col[1].u_pe.\u_mul.\g_bw.g_wallace.u_tree.\genblk1.g_reduce.u_next.\genblk1.g_reduce.u_next.$and$/home/danieltyukov/workspace/personal/tt-ihp-int8-npu/src/npu_csa_reduce.sv:53$2064 ($and).
Removed top 1 bits (of 16) from port B of cell tt_um_danieltyukov_int8_npu.$flatten\u_core.\u_array.\g_row[3].g_col[1].u_pe.\u_mul.\g_bw.g_wallace.u_tree.\genblk1.g_reduce.u_next.\genblk1.g_reduce.u_next.$and$/home/danieltyukov/workspace/personal/tt-ihp-int8-npu/src/npu_csa_reduce.sv:53$2064 ($and).
Removed top 1 bits (of 16) from port Y of cell tt_um_danieltyukov_int8_npu.$flatten\u_core.\u_array.\g_row[3].g_col[1].u_pe.\u_mul.\g_bw.g_wallace.u_tree.\genblk1.g_reduce.u_next.\genblk1.g_reduce.u_next.$or$/home/danieltyukov/workspace/personal/tt-ihp-int8-npu/src/npu_csa_reduce.sv:53$2063 ($or).
Removed top 1 bits (of 16) from port A of cell tt_um_danieltyukov_int8_npu.$flatten\u_core.\u_array.\g_row[3].g_col[1].u_pe.\u_mul.\g_bw.g_wallace.u_tree.\genblk1.g_reduce.u_next.\genblk1.g_reduce.u_next.$or$/home/danieltyukov/workspace/personal/tt-ihp-int8-npu/src/npu_csa_reduce.sv:53$2063 ($or).
Removed top 1 bits (of 16) from port B of cell tt_um_danieltyukov_int8_npu.$flatten\u_core.\u_array.\g_row[3].g_col[1].u_pe.\u_mul.\g_bw.g_wallace.u_tree.\genblk1.g_reduce.u_next.\genblk1.g_reduce.u_next.$or$/home/danieltyukov/workspace/personal/tt-ihp-int8-npu/src/npu_csa_reduce.sv:53$2063 ($or).
Removed top 1 bits (of 16) from port Y of cell tt_um_danieltyukov_int8_npu.$flatten\u_core.\u_array.\g_row[3].g_col[1].u_pe.\u_mul.\g_bw.g_wallace.u_tree.\genblk1.g_reduce.u_next.\genblk1.g_reduce.u_next.$and$/home/danieltyukov/workspace/personal/tt-ihp-int8-npu/src/npu_csa_reduce.sv:53$2062 ($and).
Removed top 1 bits (of 16) from port A of cell tt_um_danieltyukov_int8_npu.$flatten\u_core.\u_array.\g_row[3].g_col[1].u_pe.\u_mul.\g_bw.g_wallace.u_tree.\genblk1.g_reduce.u_next.\genblk1.g_reduce.u_next.$and$/home/danieltyukov/workspace/personal/tt-ihp-int8-npu/src/npu_csa_reduce.sv:53$2062 ($and).
Removed top 1 bits (of 16) from port B of cell tt_um_danieltyukov_int8_npu.$flatten\u_core.\u_array.\g_row[3].g_col[1].u_pe.\u_mul.\g_bw.g_wallace.u_tree.\genblk1.g_reduce.u_next.\genblk1.g_reduce.u_next.$and$/home/danieltyukov/workspace/personal/tt-ihp-int8-npu/src/npu_csa_reduce.sv:53$2062 ($and).
Removed top 1 bits (of 16) from port Y of cell tt_um_danieltyukov_int8_npu.$flatten\u_core.\u_array.\g_row[3].g_col[1].u_pe.\u_mul.\g_bw.g_wallace.u_tree.\genblk1.g_reduce.u_next.\genblk1.g_reduce.u_next.$and$/home/danieltyukov/workspace/personal/tt-ihp-int8-npu/src/npu_csa_reduce.sv:53$2061 ($and).
Removed top 1 bits (of 16) from port A of cell tt_um_danieltyukov_int8_npu.$flatten\u_core.\u_array.\g_row[3].g_col[1].u_pe.\u_mul.\g_bw.g_wallace.u_tree.\genblk1.g_reduce.u_next.\genblk1.g_reduce.u_next.$and$/home/danieltyukov/workspace/personal/tt-ihp-int8-npu/src/npu_csa_reduce.sv:53$2061 ($and).
Removed top 1 bits (of 16) from port B of cell tt_um_danieltyukov_int8_npu.$flatten\u_core.\u_array.\g_row[3].g_col[1].u_pe.\u_mul.\g_bw.g_wallace.u_tree.\genblk1.g_reduce.u_next.\genblk1.g_reduce.u_next.$and$/home/danieltyukov/workspace/personal/tt-ihp-int8-npu/src/npu_csa_reduce.sv:53$2061 ($and).
Removed top 7 bits (of 16) from port B of cell tt_um_danieltyukov_int8_npu.$flatten\u_core.\u_array.\g_row[3].g_col[1].u_pe.\u_mul.\g_bw.g_wallace.u_tree.$or$/home/danieltyukov/workspace/personal/tt-ihp-int8-npu/src/npu_csa_reduce.sv:53$1938 ($or).
Removed top 1 bits (of 16) from port Y of cell tt_um_danieltyukov_int8_npu.$flatten\u_core.\u_array.\g_row[3].g_col[1].u_pe.\u_mul.\g_bw.g_wallace.u_tree.$or$/home/danieltyukov/workspace/personal/tt-ihp-int8-npu/src/npu_csa_reduce.sv:53$1938 ($or).
Removed top 1 bits (of 16) from port A of cell tt_um_danieltyukov_int8_npu.$flatten\u_core.\u_array.\g_row[3].g_col[1].u_pe.\u_mul.\g_bw.g_wallace.u_tree.$or$/home/danieltyukov/workspace/personal/tt-ihp-int8-npu/src/npu_csa_reduce.sv:53$1938 ($or).
Removed top 7 bits (of 16) from port B of cell tt_um_danieltyukov_int8_npu.$flatten\u_core.\u_array.\g_row[3].g_col[1].u_pe.\u_mul.\g_bw.g_wallace.u_tree.$or$/home/danieltyukov/workspace/personal/tt-ihp-int8-npu/src/npu_csa_reduce.sv:53$1936 ($or).
Removed top 1 bits (of 16) from port Y of cell tt_um_danieltyukov_int8_npu.$flatten\u_core.\u_array.\g_row[3].g_col[1].u_pe.\u_mul.\g_bw.g_wallace.u_tree.$or$/home/danieltyukov/workspace/personal/tt-ihp-int8-npu/src/npu_csa_reduce.sv:53$1936 ($or).
Removed top 1 bits (of 16) from port A of cell tt_um_danieltyukov_int8_npu.$flatten\u_core.\u_array.\g_row[3].g_col[1].u_pe.\u_mul.\g_bw.g_wallace.u_tree.$or$/home/danieltyukov/workspace/personal/tt-ihp-int8-npu/src/npu_csa_reduce.sv:53$1936 ($or).
Removed top 2 bits (of 16) from port A of cell tt_um_danieltyukov_int8_npu.$flatten\u_core.\u_array.\g_row[3].g_col[1].u_pe.\u_mul.\g_bw.g_wallace.u_tree.$and$/home/danieltyukov/workspace/personal/tt-ihp-int8-npu/src/npu_csa_reduce.sv:53$1934 ($and).
Removed top 1 bits (of 16) from port B of cell tt_um_danieltyukov_int8_npu.$flatten\u_core.\u_array.\g_row[3].g_col[1].u_pe.\u_mul.\g_bw.g_wallace.u_tree.$and$/home/danieltyukov/workspace/personal/tt-ihp-int8-npu/src/npu_csa_reduce.sv:53$1934 ($and).
Removed top 1 bits (of 16) from port Y of cell tt_um_danieltyukov_int8_npu.$flatten\u_core.\u_array.\g_row[3].g_col[1].u_pe.\u_mul.\g_bw.g_wallace.u_tree.$and$/home/danieltyukov/workspace/personal/tt-ihp-int8-npu/src/npu_csa_reduce.sv:53$1934 ($and).
Removed top 2 bits (of 16) from port A of cell tt_um_danieltyukov_int8_npu.$flatten\u_core.\u_array.\g_row[3].g_col[1].u_pe.\u_mul.\g_bw.g_wallace.u_tree.$xor$/home/danieltyukov/workspace/personal/tt-ihp-int8-npu/src/npu_csa_reduce.sv:49$1932 ($xor).
Removed top 1 bits (of 16) from port B of cell tt_um_danieltyukov_int8_npu.$flatten\u_core.\u_array.\g_row[3].g_col[1].u_pe.\u_mul.\g_bw.g_wallace.u_tree.$xor$/home/danieltyukov/workspace/personal/tt-ihp-int8-npu/src/npu_csa_reduce.sv:49$1932 ($xor).
Removed top 1 bits (of 16) from port Y of cell tt_um_danieltyukov_int8_npu.$flatten\u_core.\u_array.\g_row[3].g_col[1].u_pe.\u_mul.\g_bw.g_wallace.u_tree.$xor$/home/danieltyukov/workspace/personal/tt-ihp-int8-npu/src/npu_csa_reduce.sv:49$1932 ($xor).
Removed top 1 bits (of 16) from port Y of cell tt_um_danieltyukov_int8_npu.$flatten\u_core.\u_array.\g_row[3].g_col[1].u_pe.\u_mul.\g_bw.g_wallace.u_tree.$or$/home/danieltyukov/workspace/personal/tt-ihp-int8-npu/src/npu_csa_reduce.sv:53$1931 ($or).
Removed top 1 bits (of 16) from port A of cell tt_um_danieltyukov_int8_npu.$flatten\u_core.\u_array.\g_row[3].g_col[1].u_pe.\u_mul.\g_bw.g_wallace.u_tree.$or$/home/danieltyukov/workspace/personal/tt-ihp-int8-npu/src/npu_csa_reduce.sv:53$1931 ($or).
Removed top 1 bits (of 16) from port B of cell tt_um_danieltyukov_int8_npu.$flatten\u_core.\u_array.\g_row[3].g_col[1].u_pe.\u_mul.\g_bw.g_wallace.u_tree.$or$/home/danieltyukov/workspace/personal/tt-ihp-int8-npu/src/npu_csa_reduce.sv:53$1931 ($or).
Removed top 4 bits (of 16) from port A of cell tt_um_danieltyukov_int8_npu.$flatten\u_core.\u_array.\g_row[3].g_col[1].u_pe.\u_mul.\g_bw.g_wallace.u_tree.$and$/home/danieltyukov/workspace/personal/tt-ihp-int8-npu/src/npu_csa_reduce.sv:53$1930 ($and).
Removed top 3 bits (of 16) from port B of cell tt_um_danieltyukov_int8_npu.$flatten\u_core.\u_array.\g_row[3].g_col[1].u_pe.\u_mul.\g_bw.g_wallace.u_tree.$and$/home/danieltyukov/workspace/personal/tt-ihp-int8-npu/src/npu_csa_reduce.sv:53$1930 ($and).
Removed top 3 bits (of 16) from port Y of cell tt_um_danieltyukov_int8_npu.$flatten\u_core.\u_array.\g_row[3].g_col[1].u_pe.\u_mul.\g_bw.g_wallace.u_tree.$and$/home/danieltyukov/workspace/personal/tt-ihp-int8-npu/src/npu_csa_reduce.sv:53$1930 ($and).
Removed top 1 bits (of 16) from port Y of cell tt_um_danieltyukov_int8_npu.$flatten\u_core.\u_array.\g_row[3].g_col[1].u_pe.\u_mul.\g_bw.g_wallace.u_tree.$or$/home/danieltyukov/workspace/personal/tt-ihp-int8-npu/src/npu_csa_reduce.sv:53$1929 ($or).
Removed top 1 bits (of 16) from port A of cell tt_um_danieltyukov_int8_npu.$flatten\u_core.\u_array.\g_row[3].g_col[1].u_pe.\u_mul.\g_bw.g_wallace.u_tree.$or$/home/danieltyukov/workspace/personal/tt-ihp-int8-npu/src/npu_csa_reduce.sv:53$1929 ($or).
Removed top 1 bits (of 16) from port B of cell tt_um_danieltyukov_int8_npu.$flatten\u_core.\u_array.\g_row[3].g_col[1].u_pe.\u_mul.\g_bw.g_wallace.u_tree.$or$/home/danieltyukov/workspace/personal/tt-ihp-int8-npu/src/npu_csa_reduce.sv:53$1929 ($or).
Removed top 5 bits (of 16) from port A of cell tt_um_danieltyukov_int8_npu.$flatten\u_core.\u_array.\g_row[3].g_col[1].u_pe.\u_mul.\g_bw.g_wallace.u_tree.$and$/home/danieltyukov/workspace/personal/tt-ihp-int8-npu/src/npu_csa_reduce.sv:53$1928 ($and).
Removed top 3 bits (of 16) from port B of cell tt_um_danieltyukov_int8_npu.$flatten\u_core.\u_array.\g_row[3].g_col[1].u_pe.\u_mul.\g_bw.g_wallace.u_tree.$and$/home/danieltyukov/workspace/personal/tt-ihp-int8-npu/src/npu_csa_reduce.sv:53$1928 ($and).
Removed top 3 bits (of 16) from port Y of cell tt_um_danieltyukov_int8_npu.$flatten\u_core.\u_array.\g_row[3].g_col[1].u_pe.\u_mul.\g_bw.g_wallace.u_tree.$and$/home/danieltyukov/workspace/personal/tt-ihp-int8-npu/src/npu_csa_reduce.sv:53$1928 ($and).
Removed top 5 bits (of 16) from port A of cell tt_um_danieltyukov_int8_npu.$flatten\u_core.\u_array.\g_row[3].g_col[1].u_pe.\u_mul.\g_bw.g_wallace.u_tree.$and$/home/danieltyukov/workspace/personal/tt-ihp-int8-npu/src/npu_csa_reduce.sv:53$1927 ($and).
Removed top 4 bits (of 16) from port B of cell tt_um_danieltyukov_int8_npu.$flatten\u_core.\u_array.\g_row[3].g_col[1].u_pe.\u_mul.\g_bw.g_wallace.u_tree.$and$/home/danieltyukov/workspace/personal/tt-ihp-int8-npu/src/npu_csa_reduce.sv:53$1927 ($and).
Removed top 4 bits (of 16) from port Y of cell tt_um_danieltyukov_int8_npu.$flatten\u_core.\u_array.\g_row[3].g_col[1].u_pe.\u_mul.\g_bw.g_wallace.u_tree.$and$/home/danieltyukov/workspace/personal/tt-ihp-int8-npu/src/npu_csa_reduce.sv:53$1927 ($and).
Removed top 3 bits (of 16) from port B of cell tt_um_danieltyukov_int8_npu.$flatten\u_core.\u_array.\g_row[3].g_col[1].u_pe.\u_mul.\g_bw.g_wallace.u_tree.$xor$/home/danieltyukov/workspace/personal/tt-ihp-int8-npu/src/npu_csa_reduce.sv:49$1926 ($xor).
Removed top 5 bits (of 16) from port A of cell tt_um_danieltyukov_int8_npu.$flatten\u_core.\u_array.\g_row[3].g_col[1].u_pe.\u_mul.\g_bw.g_wallace.u_tree.$xor$/home/danieltyukov/workspace/personal/tt-ihp-int8-npu/src/npu_csa_reduce.sv:49$1925 ($xor).
Removed top 4 bits (of 16) from port B of cell tt_um_danieltyukov_int8_npu.$flatten\u_core.\u_array.\g_row[3].g_col[1].u_pe.\u_mul.\g_bw.g_wallace.u_tree.$xor$/home/danieltyukov/workspace/personal/tt-ihp-int8-npu/src/npu_csa_reduce.sv:49$1925 ($xor).
Removed top 4 bits (of 16) from port Y of cell tt_um_danieltyukov_int8_npu.$flatten\u_core.\u_array.\g_row[3].g_col[1].u_pe.\u_mul.\g_bw.g_wallace.u_tree.$xor$/home/danieltyukov/workspace/personal/tt-ihp-int8-npu/src/npu_csa_reduce.sv:49$1925 ($xor).
Removed top 1 bits (of 16) from port Y of cell tt_um_danieltyukov_int8_npu.$flatten\u_core.\u_array.\g_row[3].g_col[1].u_pe.\u_mul.\g_bw.g_wallace.u_tree.$or$/home/danieltyukov/workspace/personal/tt-ihp-int8-npu/src/npu_csa_reduce.sv:53$1924 ($or).
Removed top 1 bits (of 16) from port A of cell tt_um_danieltyukov_int8_npu.$flatten\u_core.\u_array.\g_row[3].g_col[1].u_pe.\u_mul.\g_bw.g_wallace.u_tree.$or$/home/danieltyukov/workspace/personal/tt-ihp-int8-npu/src/npu_csa_reduce.sv:53$1924 ($or).
Removed top 1 bits (of 16) from port B of cell tt_um_danieltyukov_int8_npu.$flatten\u_core.\u_array.\g_row[3].g_col[1].u_pe.\u_mul.\g_bw.g_wallace.u_tree.$or$/home/danieltyukov/workspace/personal/tt-ihp-int8-npu/src/npu_csa_reduce.sv:53$1924 ($or).
Removed top 7 bits (of 16) from port A of cell tt_um_danieltyukov_int8_npu.$flatten\u_core.\u_array.\g_row[3].g_col[1].u_pe.\u_mul.\g_bw.g_wallace.u_tree.$and$/home/danieltyukov/workspace/personal/tt-ihp-int8-npu/src/npu_csa_reduce.sv:53$1923 ($and).
Removed top 6 bits (of 16) from port B of cell tt_um_danieltyukov_int8_npu.$flatten\u_core.\u_array.\g_row[3].g_col[1].u_pe.\u_mul.\g_bw.g_wallace.u_tree.$and$/home/danieltyukov/workspace/personal/tt-ihp-int8-npu/src/npu_csa_reduce.sv:53$1923 ($and).
Removed top 6 bits (of 16) from port Y of cell tt_um_danieltyukov_int8_npu.$flatten\u_core.\u_array.\g_row[3].g_col[1].u_pe.\u_mul.\g_bw.g_wallace.u_tree.$and$/home/danieltyukov/workspace/personal/tt-ihp-int8-npu/src/npu_csa_reduce.sv:53$1923 ($and).
Removed top 1 bits (of 16) from port Y of cell tt_um_danieltyukov_int8_npu.$flatten\u_core.\u_array.\g_row[3].g_col[1].u_pe.\u_mul.\g_bw.g_wallace.u_tree.$or$/home/danieltyukov/workspace/personal/tt-ihp-int8-npu/src/npu_csa_reduce.sv:53$1922 ($or).
Removed top 1 bits (of 16) from port A of cell tt_um_danieltyukov_int8_npu.$flatten\u_core.\u_array.\g_row[3].g_col[1].u_pe.\u_mul.\g_bw.g_wallace.u_tree.$or$/home/danieltyukov/workspace/personal/tt-ihp-int8-npu/src/npu_csa_reduce.sv:53$1922 ($or).
Removed top 1 bits (of 16) from port B of cell tt_um_danieltyukov_int8_npu.$flatten\u_core.\u_array.\g_row[3].g_col[1].u_pe.\u_mul.\g_bw.g_wallace.u_tree.$or$/home/danieltyukov/workspace/personal/tt-ihp-int8-npu/src/npu_csa_reduce.sv:53$1922 ($or).
Removed top 8 bits (of 16) from port A of cell tt_um_danieltyukov_int8_npu.$flatten\u_core.\u_array.\g_row[3].g_col[1].u_pe.\u_mul.\g_bw.g_wallace.u_tree.$and$/home/danieltyukov/workspace/personal/tt-ihp-int8-npu/src/npu_csa_reduce.sv:53$1921 ($and).
Removed top 6 bits (of 16) from port B of cell tt_um_danieltyukov_int8_npu.$flatten\u_core.\u_array.\g_row[3].g_col[1].u_pe.\u_mul.\g_bw.g_wallace.u_tree.$and$/home/danieltyukov/workspace/personal/tt-ihp-int8-npu/src/npu_csa_reduce.sv:53$1921 ($and).
Removed top 6 bits (of 16) from port Y of cell tt_um_danieltyukov_int8_npu.$flatten\u_core.\u_array.\g_row[3].g_col[1].u_pe.\u_mul.\g_bw.g_wallace.u_tree.$and$/home/danieltyukov/workspace/personal/tt-ihp-int8-npu/src/npu_csa_reduce.sv:53$1921 ($and).
Removed top 8 bits (of 16) from port A of cell tt_um_danieltyukov_int8_npu.$flatten\u_core.\u_array.\g_row[3].g_col[1].u_pe.\u_mul.\g_bw.g_wallace.u_tree.$and$/home/danieltyukov/workspace/personal/tt-ihp-int8-npu/src/npu_csa_reduce.sv:53$1920 ($and).
Removed top 7 bits (of 16) from port B of cell tt_um_danieltyukov_int8_npu.$flatten\u_core.\u_array.\g_row[3].g_col[1].u_pe.\u_mul.\g_bw.g_wallace.u_tree.$and$/home/danieltyukov/workspace/personal/tt-ihp-int8-npu/src/npu_csa_reduce.sv:53$1920 ($and).
Removed top 7 bits (of 16) from port Y of cell tt_um_danieltyukov_int8_npu.$flatten\u_core.\u_array.\g_row[3].g_col[1].u_pe.\u_mul.\g_bw.g_wallace.u_tree.$and$/home/danieltyukov/workspace/personal/tt-ihp-int8-npu/src/npu_csa_reduce.sv:53$1920 ($and).
Removed top 7 bits (of 16) from port A of cell tt_um_danieltyukov_int8_npu.$flatten\u_core.\u_array.\g_row[3].g_col[1].u_pe.\u_mul.\g_bw.g_wallace.u_tree.$xor$/home/danieltyukov/workspace/personal/tt-ihp-int8-npu/src/npu_csa_reduce.sv:49$1919 ($xor).
Removed top 6 bits (of 16) from port B of cell tt_um_danieltyukov_int8_npu.$flatten\u_core.\u_array.\g_row[3].g_col[1].u_pe.\u_mul.\g_bw.g_wallace.u_tree.$xor$/home/danieltyukov/workspace/personal/tt-ihp-int8-npu/src/npu_csa_reduce.sv:49$1919 ($xor).
Removed top 6 bits (of 16) from port Y of cell tt_um_danieltyukov_int8_npu.$flatten\u_core.\u_array.\g_row[3].g_col[1].u_pe.\u_mul.\g_bw.g_wallace.u_tree.$xor$/home/danieltyukov/workspace/personal/tt-ihp-int8-npu/src/npu_csa_reduce.sv:49$1919 ($xor).
Removed top 8 bits (of 16) from port A of cell tt_um_danieltyukov_int8_npu.$flatten\u_core.\u_array.\g_row[0].g_col[0].u_pe.\u_mul.\g_bw.g_wallace.u_tree.$xor$/home/danieltyukov/workspace/personal/tt-ihp-int8-npu/src/npu_csa_reduce.sv:49$1918 ($xor).
Removed top 7 bits (of 16) from port B of cell tt_um_danieltyukov_int8_npu.$flatten\u_core.\u_array.\g_row[0].g_col[0].u_pe.\u_mul.\g_bw.g_wallace.u_tree.$xor$/home/danieltyukov/workspace/personal/tt-ihp-int8-npu/src/npu_csa_reduce.sv:49$1918 ($xor).
Removed top 7 bits (of 16) from port Y of cell tt_um_danieltyukov_int8_npu.$flatten\u_core.\u_array.\g_row[0].g_col[0].u_pe.\u_mul.\g_bw.g_wallace.u_tree.$xor$/home/danieltyukov/workspace/personal/tt-ihp-int8-npu/src/npu_csa_reduce.sv:49$1918 ($xor).
Removed top 1 bits (of 16) from port Y of cell tt_um_danieltyukov_int8_npu.$flatten\u_core.\u_array.\g_row[0].g_col[0].u_pe.\u_mul.\u_cpa.$and$/home/danieltyukov/workspace/personal/tt-ihp-int8-npu/src/npu_adder.sv:60$1941 ($and).
Removed top 1 bits (of 16) from port A of cell tt_um_danieltyukov_int8_npu.$flatten\u_core.\u_array.\g_row[0].g_col[0].u_pe.\u_mul.\u_cpa.$and$/home/danieltyukov/workspace/personal/tt-ihp-int8-npu/src/npu_adder.sv:60$1941 ($and).
Removed top 1 bits (of 16) from port B of cell tt_um_danieltyukov_int8_npu.$flatten\u_core.\u_array.\g_row[0].g_col[0].u_pe.\u_mul.\u_cpa.$and$/home/danieltyukov/workspace/personal/tt-ihp-int8-npu/src/npu_adder.sv:60$1941 ($and).
Removed top 1 bits (of 16) from port Y of cell tt_um_danieltyukov_int8_npu.$flatten\u_core.\u_array.\g_row[0].g_col[0].u_pe.\u_mul.\g_bw.g_wallace.u_tree.\genblk1.g_reduce.u_next.$or$/home/danieltyukov/workspace/personal/tt-ihp-int8-npu/src/npu_csa_reduce.sv:53$2050 ($or).
Removed top 1 bits (of 16) from port A of cell tt_um_danieltyukov_int8_npu.$flatten\u_core.\u_array.\g_row[0].g_col[0].u_pe.\u_mul.\g_bw.g_wallace.u_tree.\genblk1.g_reduce.u_next.$or$/home/danieltyukov/workspace/personal/tt-ihp-int8-npu/src/npu_csa_reduce.sv:53$2050 ($or).
Removed top 1 bits (of 16) from port B of cell tt_um_danieltyukov_int8_npu.$flatten\u_core.\u_array.\g_row[0].g_col[0].u_pe.\u_mul.\g_bw.g_wallace.u_tree.\genblk1.g_reduce.u_next.$or$/home/danieltyukov/workspace/personal/tt-ihp-int8-npu/src/npu_csa_reduce.sv:53$2050 ($or).
Removed top 1 bits (of 16) from port Y of cell tt_um_danieltyukov_int8_npu.$flatten\u_core.\u_array.\g_row[0].g_col[0].u_pe.\u_mul.\g_bw.g_wallace.u_tree.\genblk1.g_reduce.u_next.$or$/home/danieltyukov/workspace/personal/tt-ihp-int8-npu/src/npu_csa_reduce.sv:53$2057 ($or).
Removed top 1 bits (of 16) from port A of cell tt_um_danieltyukov_int8_npu.$flatten\u_core.\u_array.\g_row[0].g_col[0].u_pe.\u_mul.\g_bw.g_wallace.u_tree.\genblk1.g_reduce.u_next.$or$/home/danieltyukov/workspace/personal/tt-ihp-int8-npu/src/npu_csa_reduce.sv:53$2057 ($or).
Removed top 1 bits (of 16) from port B of cell tt_um_danieltyukov_int8_npu.$flatten\u_core.\u_array.\g_row[0].g_col[0].u_pe.\u_mul.\g_bw.g_wallace.u_tree.\genblk1.g_reduce.u_next.$or$/home/danieltyukov/workspace/personal/tt-ihp-int8-npu/src/npu_csa_reduce.sv:53$2057 ($or).
Removed top 1 bits (of 16) from port Y of cell tt_um_danieltyukov_int8_npu.$flatten\u_core.\u_array.\g_row[0].g_col[0].u_pe.\u_mul.\g_bw.g_wallace.u_tree.\genblk1.g_reduce.u_next.\genblk1.g_reduce.u_next.\genblk1.g_reduce.u_next.$or$/home/danieltyukov/workspace/personal/tt-ihp-int8-npu/src/npu_csa_reduce.sv:53$1916 ($or).
Removed top 1 bits (of 16) from port A of cell tt_um_danieltyukov_int8_npu.$flatten\u_core.\u_array.\g_row[0].g_col[0].u_pe.\u_mul.\g_bw.g_wallace.u_tree.\genblk1.g_reduce.u_next.\genblk1.g_reduce.u_next.\genblk1.g_reduce.u_next.$or$/home/danieltyukov/workspace/personal/tt-ihp-int8-npu/src/npu_csa_reduce.sv:53$1916 ($or).
Removed top 1 bits (of 16) from port B of cell tt_um_danieltyukov_int8_npu.$flatten\u_core.\u_array.\g_row[0].g_col[0].u_pe.\u_mul.\g_bw.g_wallace.u_tree.\genblk1.g_reduce.u_next.\genblk1.g_reduce.u_next.\genblk1.g_reduce.u_next.$or$/home/danieltyukov/workspace/personal/tt-ihp-int8-npu/src/npu_csa_reduce.sv:53$1916 ($or).
Removed top 1 bits (of 16) from port Y of cell tt_um_danieltyukov_int8_npu.$flatten\u_core.\u_array.\g_row[0].g_col[0].u_pe.\u_mul.\g_bw.g_wallace.u_tree.\genblk1.g_reduce.u_next.\genblk1.g_reduce.u_next.$or$/home/danieltyukov/workspace/personal/tt-ihp-int8-npu/src/npu_csa_reduce.sv:53$2065 ($or).
Removed top 1 bits (of 16) from port A of cell tt_um_danieltyukov_int8_npu.$flatten\u_core.\u_array.\g_row[0].g_col[0].u_pe.\u_mul.\g_bw.g_wallace.u_tree.\genblk1.g_reduce.u_next.\genblk1.g_reduce.u_next.$or$/home/danieltyukov/workspace/personal/tt-ihp-int8-npu/src/npu_csa_reduce.sv:53$2065 ($or).
Removed top 1 bits (of 16) from port B of cell tt_um_danieltyukov_int8_npu.$flatten\u_core.\u_array.\g_row[0].g_col[0].u_pe.\u_mul.\g_bw.g_wallace.u_tree.\genblk1.g_reduce.u_next.\genblk1.g_reduce.u_next.$or$/home/danieltyukov/workspace/personal/tt-ihp-int8-npu/src/npu_csa_reduce.sv:53$2065 ($or).
Removed top 1 bits (of 16) from port Y of cell tt_um_danieltyukov_int8_npu.$flatten\u_core.\u_array.\g_row[0].g_col[0].u_pe.\u_mul.\g_bw.g_wallace.u_tree.\genblk1.g_reduce.u_next.\genblk1.g_reduce.u_next.$and$/home/danieltyukov/workspace/personal/tt-ihp-int8-npu/src/npu_csa_reduce.sv:53$2064 ($and).
Removed top 1 bits (of 16) from port A of cell tt_um_danieltyukov_int8_npu.$flatten\u_core.\u_array.\g_row[0].g_col[0].u_pe.\u_mul.\g_bw.g_wallace.u_tree.\genblk1.g_reduce.u_next.\genblk1.g_reduce.u_next.$and$/home/danieltyukov/workspace/personal/tt-ihp-int8-npu/src/npu_csa_reduce.sv:53$2064 ($and).
Removed top 1 bits (of 16) from port B of cell tt_um_danieltyukov_int8_npu.$flatten\u_core.\u_array.\g_row[0].g_col[0].u_pe.\u_mul.\g_bw.g_wallace.u_tree.\genblk1.g_reduce.u_next.\genblk1.g_reduce.u_next.$and$/home/danieltyukov/workspace/personal/tt-ihp-int8-npu/src/npu_csa_reduce.sv:53$2064 ($and).
Removed top 1 bits (of 16) from port Y of cell tt_um_danieltyukov_int8_npu.$flatten\u_core.\u_array.\g_row[0].g_col[0].u_pe.\u_mul.\g_bw.g_wallace.u_tree.\genblk1.g_reduce.u_next.\genblk1.g_reduce.u_next.$or$/home/danieltyukov/workspace/personal/tt-ihp-int8-npu/src/npu_csa_reduce.sv:53$2063 ($or).
Removed top 1 bits (of 16) from port A of cell tt_um_danieltyukov_int8_npu.$flatten\u_core.\u_array.\g_row[0].g_col[0].u_pe.\u_mul.\g_bw.g_wallace.u_tree.\genblk1.g_reduce.u_next.\genblk1.g_reduce.u_next.$or$/home/danieltyukov/workspace/personal/tt-ihp-int8-npu/src/npu_csa_reduce.sv:53$2063 ($or).
Removed top 1 bits (of 16) from port B of cell tt_um_danieltyukov_int8_npu.$flatten\u_core.\u_array.\g_row[0].g_col[0].u_pe.\u_mul.\g_bw.g_wallace.u_tree.\genblk1.g_reduce.u_next.\genblk1.g_reduce.u_next.$or$/home/danieltyukov/workspace/personal/tt-ihp-int8-npu/src/npu_csa_reduce.sv:53$2063 ($or).
Removed top 1 bits (of 16) from port Y of cell tt_um_danieltyukov_int8_npu.$flatten\u_core.\u_array.\g_row[0].g_col[0].u_pe.\u_mul.\g_bw.g_wallace.u_tree.\genblk1.g_reduce.u_next.\genblk1.g_reduce.u_next.$and$/home/danieltyukov/workspace/personal/tt-ihp-int8-npu/src/npu_csa_reduce.sv:53$2062 ($and).
Removed top 1 bits (of 16) from port A of cell tt_um_danieltyukov_int8_npu.$flatten\u_core.\u_array.\g_row[0].g_col[0].u_pe.\u_mul.\g_bw.g_wallace.u_tree.\genblk1.g_reduce.u_next.\genblk1.g_reduce.u_next.$and$/home/danieltyukov/workspace/personal/tt-ihp-int8-npu/src/npu_csa_reduce.sv:53$2062 ($and).
Removed top 1 bits (of 16) from port B of cell tt_um_danieltyukov_int8_npu.$flatten\u_core.\u_array.\g_row[0].g_col[0].u_pe.\u_mul.\g_bw.g_wallace.u_tree.\genblk1.g_reduce.u_next.\genblk1.g_reduce.u_next.$and$/home/danieltyukov/workspace/personal/tt-ihp-int8-npu/src/npu_csa_reduce.sv:53$2062 ($and).
Removed top 1 bits (of 16) from port Y of cell tt_um_danieltyukov_int8_npu.$flatten\u_core.\u_array.\g_row[0].g_col[0].u_pe.\u_mul.\g_bw.g_wallace.u_tree.\genblk1.g_reduce.u_next.\genblk1.g_reduce.u_next.$and$/home/danieltyukov/workspace/personal/tt-ihp-int8-npu/src/npu_csa_reduce.sv:53$2061 ($and).
Removed top 1 bits (of 16) from port A of cell tt_um_danieltyukov_int8_npu.$flatten\u_core.\u_array.\g_row[0].g_col[0].u_pe.\u_mul.\g_bw.g_wallace.u_tree.\genblk1.g_reduce.u_next.\genblk1.g_reduce.u_next.$and$/home/danieltyukov/workspace/personal/tt-ihp-int8-npu/src/npu_csa_reduce.sv:53$2061 ($and).
Removed top 1 bits (of 16) from port B of cell tt_um_danieltyukov_int8_npu.$flatten\u_core.\u_array.\g_row[0].g_col[0].u_pe.\u_mul.\g_bw.g_wallace.u_tree.\genblk1.g_reduce.u_next.\genblk1.g_reduce.u_next.$and$/home/danieltyukov/workspace/personal/tt-ihp-int8-npu/src/npu_csa_reduce.sv:53$2061 ($and).
Removed top 7 bits (of 16) from port B of cell tt_um_danieltyukov_int8_npu.$flatten\u_core.\u_array.\g_row[0].g_col[0].u_pe.\u_mul.\g_bw.g_wallace.u_tree.$or$/home/danieltyukov/workspace/personal/tt-ihp-int8-npu/src/npu_csa_reduce.sv:53$1938 ($or).
Removed top 1 bits (of 16) from port Y of cell tt_um_danieltyukov_int8_npu.$flatten\u_core.\u_array.\g_row[0].g_col[0].u_pe.\u_mul.\g_bw.g_wallace.u_tree.$or$/home/danieltyukov/workspace/personal/tt-ihp-int8-npu/src/npu_csa_reduce.sv:53$1938 ($or).
Removed top 1 bits (of 16) from port A of cell tt_um_danieltyukov_int8_npu.$flatten\u_core.\u_array.\g_row[0].g_col[0].u_pe.\u_mul.\g_bw.g_wallace.u_tree.$or$/home/danieltyukov/workspace/personal/tt-ihp-int8-npu/src/npu_csa_reduce.sv:53$1938 ($or).
Removed top 7 bits (of 16) from port B of cell tt_um_danieltyukov_int8_npu.$flatten\u_core.\u_array.\g_row[0].g_col[0].u_pe.\u_mul.\g_bw.g_wallace.u_tree.$or$/home/danieltyukov/workspace/personal/tt-ihp-int8-npu/src/npu_csa_reduce.sv:53$1936 ($or).
Removed top 1 bits (of 16) from port Y of cell tt_um_danieltyukov_int8_npu.$flatten\u_core.\u_array.\g_row[0].g_col[0].u_pe.\u_mul.\g_bw.g_wallace.u_tree.$or$/home/danieltyukov/workspace/personal/tt-ihp-int8-npu/src/npu_csa_reduce.sv:53$1936 ($or).
Removed top 1 bits (of 16) from port A of cell tt_um_danieltyukov_int8_npu.$flatten\u_core.\u_array.\g_row[0].g_col[0].u_pe.\u_mul.\g_bw.g_wallace.u_tree.$or$/home/danieltyukov/workspace/personal/tt-ihp-int8-npu/src/npu_csa_reduce.sv:53$1936 ($or).
Removed top 2 bits (of 16) from port A of cell tt_um_danieltyukov_int8_npu.$flatten\u_core.\u_array.\g_row[0].g_col[0].u_pe.\u_mul.\g_bw.g_wallace.u_tree.$and$/home/danieltyukov/workspace/personal/tt-ihp-int8-npu/src/npu_csa_reduce.sv:53$1934 ($and).
Removed top 1 bits (of 16) from port B of cell tt_um_danieltyukov_int8_npu.$flatten\u_core.\u_array.\g_row[0].g_col[0].u_pe.\u_mul.\g_bw.g_wallace.u_tree.$and$/home/danieltyukov/workspace/personal/tt-ihp-int8-npu/src/npu_csa_reduce.sv:53$1934 ($and).
Removed top 1 bits (of 16) from port Y of cell tt_um_danieltyukov_int8_npu.$flatten\u_core.\u_array.\g_row[0].g_col[0].u_pe.\u_mul.\g_bw.g_wallace.u_tree.$and$/home/danieltyukov/workspace/personal/tt-ihp-int8-npu/src/npu_csa_reduce.sv:53$1934 ($and).
Removed top 2 bits (of 16) from port A of cell tt_um_danieltyukov_int8_npu.$flatten\u_core.\u_array.\g_row[0].g_col[0].u_pe.\u_mul.\g_bw.g_wallace.u_tree.$xor$/home/danieltyukov/workspace/personal/tt-ihp-int8-npu/src/npu_csa_reduce.sv:49$1932 ($xor).
Removed top 1 bits (of 16) from port B of cell tt_um_danieltyukov_int8_npu.$flatten\u_core.\u_array.\g_row[0].g_col[0].u_pe.\u_mul.\g_bw.g_wallace.u_tree.$xor$/home/danieltyukov/workspace/personal/tt-ihp-int8-npu/src/npu_csa_reduce.sv:49$1932 ($xor).
Removed top 1 bits (of 16) from port Y of cell tt_um_danieltyukov_int8_npu.$flatten\u_core.\u_array.\g_row[0].g_col[0].u_pe.\u_mul.\g_bw.g_wallace.u_tree.$xor$/home/danieltyukov/workspace/personal/tt-ihp-int8-npu/src/npu_csa_reduce.sv:49$1932 ($xor).
Removed top 1 bits (of 16) from port Y of cell tt_um_danieltyukov_int8_npu.$flatten\u_core.\u_array.\g_row[0].g_col[0].u_pe.\u_mul.\g_bw.g_wallace.u_tree.$or$/home/danieltyukov/workspace/personal/tt-ihp-int8-npu/src/npu_csa_reduce.sv:53$1931 ($or).
Removed top 1 bits (of 16) from port A of cell tt_um_danieltyukov_int8_npu.$flatten\u_core.\u_array.\g_row[0].g_col[0].u_pe.\u_mul.\g_bw.g_wallace.u_tree.$or$/home/danieltyukov/workspace/personal/tt-ihp-int8-npu/src/npu_csa_reduce.sv:53$1931 ($or).
Removed top 1 bits (of 16) from port B of cell tt_um_danieltyukov_int8_npu.$flatten\u_core.\u_array.\g_row[0].g_col[0].u_pe.\u_mul.\g_bw.g_wallace.u_tree.$or$/home/danieltyukov/workspace/personal/tt-ihp-int8-npu/src/npu_csa_reduce.sv:53$1931 ($or).
Removed top 4 bits (of 16) from port A of cell tt_um_danieltyukov_int8_npu.$flatten\u_core.\u_array.\g_row[0].g_col[0].u_pe.\u_mul.\g_bw.g_wallace.u_tree.$and$/home/danieltyukov/workspace/personal/tt-ihp-int8-npu/src/npu_csa_reduce.sv:53$1930 ($and).
Removed top 3 bits (of 16) from port B of cell tt_um_danieltyukov_int8_npu.$flatten\u_core.\u_array.\g_row[0].g_col[0].u_pe.\u_mul.\g_bw.g_wallace.u_tree.$and$/home/danieltyukov/workspace/personal/tt-ihp-int8-npu/src/npu_csa_reduce.sv:53$1930 ($and).
Removed top 3 bits (of 16) from port Y of cell tt_um_danieltyukov_int8_npu.$flatten\u_core.\u_array.\g_row[0].g_col[0].u_pe.\u_mul.\g_bw.g_wallace.u_tree.$and$/home/danieltyukov/workspace/personal/tt-ihp-int8-npu/src/npu_csa_reduce.sv:53$1930 ($and).
Removed top 1 bits (of 16) from port Y of cell tt_um_danieltyukov_int8_npu.$flatten\u_core.\u_array.\g_row[0].g_col[0].u_pe.\u_mul.\g_bw.g_wallace.u_tree.$or$/home/danieltyukov/workspace/personal/tt-ihp-int8-npu/src/npu_csa_reduce.sv:53$1929 ($or).
Removed top 1 bits (of 16) from port A of cell tt_um_danieltyukov_int8_npu.$flatten\u_core.\u_array.\g_row[0].g_col[0].u_pe.\u_mul.\g_bw.g_wallace.u_tree.$or$/home/danieltyukov/workspace/personal/tt-ihp-int8-npu/src/npu_csa_reduce.sv:53$1929 ($or).
Removed top 1 bits (of 16) from port B of cell tt_um_danieltyukov_int8_npu.$flatten\u_core.\u_array.\g_row[0].g_col[0].u_pe.\u_mul.\g_bw.g_wallace.u_tree.$or$/home/danieltyukov/workspace/personal/tt-ihp-int8-npu/src/npu_csa_reduce.sv:53$1929 ($or).
Removed top 5 bits (of 16) from port A of cell tt_um_danieltyukov_int8_npu.$flatten\u_core.\u_array.\g_row[0].g_col[0].u_pe.\u_mul.\g_bw.g_wallace.u_tree.$and$/home/danieltyukov/workspace/personal/tt-ihp-int8-npu/src/npu_csa_reduce.sv:53$1928 ($and).
Removed top 3 bits (of 16) from port B of cell tt_um_danieltyukov_int8_npu.$flatten\u_core.\u_array.\g_row[0].g_col[0].u_pe.\u_mul.\g_bw.g_wallace.u_tree.$and$/home/danieltyukov/workspace/personal/tt-ihp-int8-npu/src/npu_csa_reduce.sv:53$1928 ($and).
Removed top 3 bits (of 16) from port Y of cell tt_um_danieltyukov_int8_npu.$flatten\u_core.\u_array.\g_row[0].g_col[0].u_pe.\u_mul.\g_bw.g_wallace.u_tree.$and$/home/danieltyukov/workspace/personal/tt-ihp-int8-npu/src/npu_csa_reduce.sv:53$1928 ($and).
Removed top 5 bits (of 16) from port A of cell tt_um_danieltyukov_int8_npu.$flatten\u_core.\u_array.\g_row[0].g_col[0].u_pe.\u_mul.\g_bw.g_wallace.u_tree.$and$/home/danieltyukov/workspace/personal/tt-ihp-int8-npu/src/npu_csa_reduce.sv:53$1927 ($and).
Removed top 4 bits (of 16) from port B of cell tt_um_danieltyukov_int8_npu.$flatten\u_core.\u_array.\g_row[0].g_col[0].u_pe.\u_mul.\g_bw.g_wallace.u_tree.$and$/home/danieltyukov/workspace/personal/tt-ihp-int8-npu/src/npu_csa_reduce.sv:53$1927 ($and).
Removed top 4 bits (of 16) from port Y of cell tt_um_danieltyukov_int8_npu.$flatten\u_core.\u_array.\g_row[0].g_col[0].u_pe.\u_mul.\g_bw.g_wallace.u_tree.$and$/home/danieltyukov/workspace/personal/tt-ihp-int8-npu/src/npu_csa_reduce.sv:53$1927 ($and).
Removed top 3 bits (of 16) from port B of cell tt_um_danieltyukov_int8_npu.$flatten\u_core.\u_array.\g_row[0].g_col[0].u_pe.\u_mul.\g_bw.g_wallace.u_tree.$xor$/home/danieltyukov/workspace/personal/tt-ihp-int8-npu/src/npu_csa_reduce.sv:49$1926 ($xor).
Removed top 5 bits (of 16) from port A of cell tt_um_danieltyukov_int8_npu.$flatten\u_core.\u_array.\g_row[0].g_col[0].u_pe.\u_mul.\g_bw.g_wallace.u_tree.$xor$/home/danieltyukov/workspace/personal/tt-ihp-int8-npu/src/npu_csa_reduce.sv:49$1925 ($xor).
Removed top 4 bits (of 16) from port B of cell tt_um_danieltyukov_int8_npu.$flatten\u_core.\u_array.\g_row[0].g_col[0].u_pe.\u_mul.\g_bw.g_wallace.u_tree.$xor$/home/danieltyukov/workspace/personal/tt-ihp-int8-npu/src/npu_csa_reduce.sv:49$1925 ($xor).
Removed top 4 bits (of 16) from port Y of cell tt_um_danieltyukov_int8_npu.$flatten\u_core.\u_array.\g_row[0].g_col[0].u_pe.\u_mul.\g_bw.g_wallace.u_tree.$xor$/home/danieltyukov/workspace/personal/tt-ihp-int8-npu/src/npu_csa_reduce.sv:49$1925 ($xor).
Removed top 1 bits (of 16) from port Y of cell tt_um_danieltyukov_int8_npu.$flatten\u_core.\u_array.\g_row[0].g_col[0].u_pe.\u_mul.\g_bw.g_wallace.u_tree.$or$/home/danieltyukov/workspace/personal/tt-ihp-int8-npu/src/npu_csa_reduce.sv:53$1924 ($or).
Removed top 1 bits (of 16) from port A of cell tt_um_danieltyukov_int8_npu.$flatten\u_core.\u_array.\g_row[0].g_col[0].u_pe.\u_mul.\g_bw.g_wallace.u_tree.$or$/home/danieltyukov/workspace/personal/tt-ihp-int8-npu/src/npu_csa_reduce.sv:53$1924 ($or).
Removed top 1 bits (of 16) from port B of cell tt_um_danieltyukov_int8_npu.$flatten\u_core.\u_array.\g_row[0].g_col[0].u_pe.\u_mul.\g_bw.g_wallace.u_tree.$or$/home/danieltyukov/workspace/personal/tt-ihp-int8-npu/src/npu_csa_reduce.sv:53$1924 ($or).
Removed top 7 bits (of 16) from port A of cell tt_um_danieltyukov_int8_npu.$flatten\u_core.\u_array.\g_row[0].g_col[0].u_pe.\u_mul.\g_bw.g_wallace.u_tree.$and$/home/danieltyukov/workspace/personal/tt-ihp-int8-npu/src/npu_csa_reduce.sv:53$1923 ($and).
Removed top 6 bits (of 16) from port B of cell tt_um_danieltyukov_int8_npu.$flatten\u_core.\u_array.\g_row[0].g_col[0].u_pe.\u_mul.\g_bw.g_wallace.u_tree.$and$/home/danieltyukov/workspace/personal/tt-ihp-int8-npu/src/npu_csa_reduce.sv:53$1923 ($and).
Removed top 6 bits (of 16) from port Y of cell tt_um_danieltyukov_int8_npu.$flatten\u_core.\u_array.\g_row[0].g_col[0].u_pe.\u_mul.\g_bw.g_wallace.u_tree.$and$/home/danieltyukov/workspace/personal/tt-ihp-int8-npu/src/npu_csa_reduce.sv:53$1923 ($and).
Removed top 1 bits (of 16) from port Y of cell tt_um_danieltyukov_int8_npu.$flatten\u_core.\u_array.\g_row[0].g_col[0].u_pe.\u_mul.\g_bw.g_wallace.u_tree.$or$/home/danieltyukov/workspace/personal/tt-ihp-int8-npu/src/npu_csa_reduce.sv:53$1922 ($or).
Removed top 1 bits (of 16) from port A of cell tt_um_danieltyukov_int8_npu.$flatten\u_core.\u_array.\g_row[0].g_col[0].u_pe.\u_mul.\g_bw.g_wallace.u_tree.$or$/home/danieltyukov/workspace/personal/tt-ihp-int8-npu/src/npu_csa_reduce.sv:53$1922 ($or).
Removed top 1 bits (of 16) from port B of cell tt_um_danieltyukov_int8_npu.$flatten\u_core.\u_array.\g_row[0].g_col[0].u_pe.\u_mul.\g_bw.g_wallace.u_tree.$or$/home/danieltyukov/workspace/personal/tt-ihp-int8-npu/src/npu_csa_reduce.sv:53$1922 ($or).
Removed top 8 bits (of 16) from port A of cell tt_um_danieltyukov_int8_npu.$flatten\u_core.\u_array.\g_row[0].g_col[0].u_pe.\u_mul.\g_bw.g_wallace.u_tree.$and$/home/danieltyukov/workspace/personal/tt-ihp-int8-npu/src/npu_csa_reduce.sv:53$1921 ($and).
Removed top 6 bits (of 16) from port B of cell tt_um_danieltyukov_int8_npu.$flatten\u_core.\u_array.\g_row[0].g_col[0].u_pe.\u_mul.\g_bw.g_wallace.u_tree.$and$/home/danieltyukov/workspace/personal/tt-ihp-int8-npu/src/npu_csa_reduce.sv:53$1921 ($and).
Removed top 6 bits (of 16) from port Y of cell tt_um_danieltyukov_int8_npu.$flatten\u_core.\u_array.\g_row[0].g_col[0].u_pe.\u_mul.\g_bw.g_wallace.u_tree.$and$/home/danieltyukov/workspace/personal/tt-ihp-int8-npu/src/npu_csa_reduce.sv:53$1921 ($and).
Removed top 8 bits (of 16) from port A of cell tt_um_danieltyukov_int8_npu.$flatten\u_core.\u_array.\g_row[0].g_col[0].u_pe.\u_mul.\g_bw.g_wallace.u_tree.$and$/home/danieltyukov/workspace/personal/tt-ihp-int8-npu/src/npu_csa_reduce.sv:53$1920 ($and).
Removed top 7 bits (of 16) from port B of cell tt_um_danieltyukov_int8_npu.$flatten\u_core.\u_array.\g_row[0].g_col[0].u_pe.\u_mul.\g_bw.g_wallace.u_tree.$and$/home/danieltyukov/workspace/personal/tt-ihp-int8-npu/src/npu_csa_reduce.sv:53$1920 ($and).
Removed top 7 bits (of 16) from port Y of cell tt_um_danieltyukov_int8_npu.$flatten\u_core.\u_array.\g_row[0].g_col[0].u_pe.\u_mul.\g_bw.g_wallace.u_tree.$and$/home/danieltyukov/workspace/personal/tt-ihp-int8-npu/src/npu_csa_reduce.sv:53$1920 ($and).
Removed top 7 bits (of 16) from port A of cell tt_um_danieltyukov_int8_npu.$flatten\u_core.\u_array.\g_row[0].g_col[0].u_pe.\u_mul.\g_bw.g_wallace.u_tree.$xor$/home/danieltyukov/workspace/personal/tt-ihp-int8-npu/src/npu_csa_reduce.sv:49$1919 ($xor).
Removed top 6 bits (of 16) from port B of cell tt_um_danieltyukov_int8_npu.$flatten\u_core.\u_array.\g_row[0].g_col[0].u_pe.\u_mul.\g_bw.g_wallace.u_tree.$xor$/home/danieltyukov/workspace/personal/tt-ihp-int8-npu/src/npu_csa_reduce.sv:49$1919 ($xor).
Removed top 6 bits (of 16) from port Y of cell tt_um_danieltyukov_int8_npu.$flatten\u_core.\u_array.\g_row[0].g_col[0].u_pe.\u_mul.\g_bw.g_wallace.u_tree.$xor$/home/danieltyukov/workspace/personal/tt-ihp-int8-npu/src/npu_csa_reduce.sv:49$1919 ($xor).
Removed top 3 bits (of 19) from FF cell tt_um_danieltyukov_int8_npu.$flatten\u_core.\u_array.\g_row[0].g_col[0].u_pe.$procdff$2905 ($adff).
Removed top 8 bits (of 16) from port A of cell tt_um_danieltyukov_int8_npu.$flatten\u_core.\u_array.\g_row[0].g_col[1].u_pe.\u_mul.\g_bw.g_wallace.u_tree.$xor$/home/danieltyukov/workspace/personal/tt-ihp-int8-npu/src/npu_csa_reduce.sv:49$1918 ($xor).
Removed top 7 bits (of 16) from port B of cell tt_um_danieltyukov_int8_npu.$flatten\u_core.\u_array.\g_row[0].g_col[1].u_pe.\u_mul.\g_bw.g_wallace.u_tree.$xor$/home/danieltyukov/workspace/personal/tt-ihp-int8-npu/src/npu_csa_reduce.sv:49$1918 ($xor).
Removed top 7 bits (of 16) from port Y of cell tt_um_danieltyukov_int8_npu.$flatten\u_core.\u_array.\g_row[0].g_col[1].u_pe.\u_mul.\g_bw.g_wallace.u_tree.$xor$/home/danieltyukov/workspace/personal/tt-ihp-int8-npu/src/npu_csa_reduce.sv:49$1918 ($xor).
Removed top 1 bits (of 16) from port Y of cell tt_um_danieltyukov_int8_npu.$flatten\u_core.\u_array.\g_row[0].g_col[1].u_pe.\u_mul.\u_cpa.$and$/home/danieltyukov/workspace/personal/tt-ihp-int8-npu/src/npu_adder.sv:60$1941 ($and).
Removed top 1 bits (of 16) from port A of cell tt_um_danieltyukov_int8_npu.$flatten\u_core.\u_array.\g_row[0].g_col[1].u_pe.\u_mul.\u_cpa.$and$/home/danieltyukov/workspace/personal/tt-ihp-int8-npu/src/npu_adder.sv:60$1941 ($and).
Removed top 1 bits (of 16) from port B of cell tt_um_danieltyukov_int8_npu.$flatten\u_core.\u_array.\g_row[0].g_col[1].u_pe.\u_mul.\u_cpa.$and$/home/danieltyukov/workspace/personal/tt-ihp-int8-npu/src/npu_adder.sv:60$1941 ($and).
Removed top 1 bits (of 16) from port Y of cell tt_um_danieltyukov_int8_npu.$flatten\u_core.\u_array.\g_row[0].g_col[1].u_pe.\u_mul.\g_bw.g_wallace.u_tree.\genblk1.g_reduce.u_next.$or$/home/danieltyukov/workspace/personal/tt-ihp-int8-npu/src/npu_csa_reduce.sv:53$2050 ($or).
Removed top 1 bits (of 16) from port A of cell tt_um_danieltyukov_int8_npu.$flatten\u_core.\u_array.\g_row[0].g_col[1].u_pe.\u_mul.\g_bw.g_wallace.u_tree.\genblk1.g_reduce.u_next.$or$/home/danieltyukov/workspace/personal/tt-ihp-int8-npu/src/npu_csa_reduce.sv:53$2050 ($or).
Removed top 1 bits (of 16) from port B of cell tt_um_danieltyukov_int8_npu.$flatten\u_core.\u_array.\g_row[0].g_col[1].u_pe.\u_mul.\g_bw.g_wallace.u_tree.\genblk1.g_reduce.u_next.$or$/home/danieltyukov/workspace/personal/tt-ihp-int8-npu/src/npu_csa_reduce.sv:53$2050 ($or).
Removed top 1 bits (of 16) from port Y of cell tt_um_danieltyukov_int8_npu.$flatten\u_core.\u_array.\g_row[0].g_col[1].u_pe.\u_mul.\g_bw.g_wallace.u_tree.\genblk1.g_reduce.u_next.$or$/home/danieltyukov/workspace/personal/tt-ihp-int8-npu/src/npu_csa_reduce.sv:53$2057 ($or).
Removed top 1 bits (of 16) from port A of cell tt_um_danieltyukov_int8_npu.$flatten\u_core.\u_array.\g_row[0].g_col[1].u_pe.\u_mul.\g_bw.g_wallace.u_tree.\genblk1.g_reduce.u_next.$or$/home/danieltyukov/workspace/personal/tt-ihp-int8-npu/src/npu_csa_reduce.sv:53$2057 ($or).
Removed top 1 bits (of 16) from port B of cell tt_um_danieltyukov_int8_npu.$flatten\u_core.\u_array.\g_row[0].g_col[1].u_pe.\u_mul.\g_bw.g_wallace.u_tree.\genblk1.g_reduce.u_next.$or$/home/danieltyukov/workspace/personal/tt-ihp-int8-npu/src/npu_csa_reduce.sv:53$2057 ($or).
Removed top 1 bits (of 16) from port Y of cell tt_um_danieltyukov_int8_npu.$flatten\u_core.\u_array.\g_row[0].g_col[1].u_pe.\u_mul.\g_bw.g_wallace.u_tree.\genblk1.g_reduce.u_next.\genblk1.g_reduce.u_next.\genblk1.g_reduce.u_next.$or$/home/danieltyukov/workspace/personal/tt-ihp-int8-npu/src/npu_csa_reduce.sv:53$1916 ($or).
Removed top 1 bits (of 16) from port A of cell tt_um_danieltyukov_int8_npu.$flatten\u_core.\u_array.\g_row[0].g_col[1].u_pe.\u_mul.\g_bw.g_wallace.u_tree.\genblk1.g_reduce.u_next.\genblk1.g_reduce.u_next.\genblk1.g_reduce.u_next.$or$/home/danieltyukov/workspace/personal/tt-ihp-int8-npu/src/npu_csa_reduce.sv:53$1916 ($or).
Removed top 1 bits (of 16) from port B of cell tt_um_danieltyukov_int8_npu.$flatten\u_core.\u_array.\g_row[0].g_col[1].u_pe.\u_mul.\g_bw.g_wallace.u_tree.\genblk1.g_reduce.u_next.\genblk1.g_reduce.u_next.\genblk1.g_reduce.u_next.$or$/home/danieltyukov/workspace/personal/tt-ihp-int8-npu/src/npu_csa_reduce.sv:53$1916 ($or).
Removed top 1 bits (of 16) from port Y of cell tt_um_danieltyukov_int8_npu.$flatten\u_core.\u_array.\g_row[0].g_col[1].u_pe.\u_mul.\g_bw.g_wallace.u_tree.\genblk1.g_reduce.u_next.\genblk1.g_reduce.u_next.$or$/home/danieltyukov/workspace/personal/tt-ihp-int8-npu/src/npu_csa_reduce.sv:53$2065 ($or).
Removed top 1 bits (of 16) from port A of cell tt_um_danieltyukov_int8_npu.$flatten\u_core.\u_array.\g_row[0].g_col[1].u_pe.\u_mul.\g_bw.g_wallace.u_tree.\genblk1.g_reduce.u_next.\genblk1.g_reduce.u_next.$or$/home/danieltyukov/workspace/personal/tt-ihp-int8-npu/src/npu_csa_reduce.sv:53$2065 ($or).
Removed top 1 bits (of 16) from port B of cell tt_um_danieltyukov_int8_npu.$flatten\u_core.\u_array.\g_row[0].g_col[1].u_pe.\u_mul.\g_bw.g_wallace.u_tree.\genblk1.g_reduce.u_next.\genblk1.g_reduce.u_next.$or$/home/danieltyukov/workspace/personal/tt-ihp-int8-npu/src/npu_csa_reduce.sv:53$2065 ($or).
Removed top 1 bits (of 16) from port Y of cell tt_um_danieltyukov_int8_npu.$flatten\u_core.\u_array.\g_row[0].g_col[1].u_pe.\u_mul.\g_bw.g_wallace.u_tree.\genblk1.g_reduce.u_next.\genblk1.g_reduce.u_next.$and$/home/danieltyukov/workspace/personal/tt-ihp-int8-npu/src/npu_csa_reduce.sv:53$2064 ($and).
Removed top 1 bits (of 16) from port A of cell tt_um_danieltyukov_int8_npu.$flatten\u_core.\u_array.\g_row[0].g_col[1].u_pe.\u_mul.\g_bw.g_wallace.u_tree.\genblk1.g_reduce.u_next.\genblk1.g_reduce.u_next.$and$/home/danieltyukov/workspace/personal/tt-ihp-int8-npu/src/npu_csa_reduce.sv:53$2064 ($and).
Removed top 1 bits (of 16) from port B of cell tt_um_danieltyukov_int8_npu.$flatten\u_core.\u_array.\g_row[0].g_col[1].u_pe.\u_mul.\g_bw.g_wallace.u_tree.\genblk1.g_reduce.u_next.\genblk1.g_reduce.u_next.$and$/home/danieltyukov/workspace/personal/tt-ihp-int8-npu/src/npu_csa_reduce.sv:53$2064 ($and).
Removed top 1 bits (of 16) from port Y of cell tt_um_danieltyukov_int8_npu.$flatten\u_core.\u_array.\g_row[0].g_col[1].u_pe.\u_mul.\g_bw.g_wallace.u_tree.\genblk1.g_reduce.u_next.\genblk1.g_reduce.u_next.$or$/home/danieltyukov/workspace/personal/tt-ihp-int8-npu/src/npu_csa_reduce.sv:53$2063 ($or).
Removed top 1 bits (of 16) from port A of cell tt_um_danieltyukov_int8_npu.$flatten\u_core.\u_array.\g_row[0].g_col[1].u_pe.\u_mul.\g_bw.g_wallace.u_tree.\genblk1.g_reduce.u_next.\genblk1.g_reduce.u_next.$or$/home/danieltyukov/workspace/personal/tt-ihp-int8-npu/src/npu_csa_reduce.sv:53$2063 ($or).
Removed top 1 bits (of 16) from port B of cell tt_um_danieltyukov_int8_npu.$flatten\u_core.\u_array.\g_row[0].g_col[1].u_pe.\u_mul.\g_bw.g_wallace.u_tree.\genblk1.g_reduce.u_next.\genblk1.g_reduce.u_next.$or$/home/danieltyukov/workspace/personal/tt-ihp-int8-npu/src/npu_csa_reduce.sv:53$2063 ($or).
Removed top 1 bits (of 16) from port Y of cell tt_um_danieltyukov_int8_npu.$flatten\u_core.\u_array.\g_row[0].g_col[1].u_pe.\u_mul.\g_bw.g_wallace.u_tree.\genblk1.g_reduce.u_next.\genblk1.g_reduce.u_next.$and$/home/danieltyukov/workspace/personal/tt-ihp-int8-npu/src/npu_csa_reduce.sv:53$2062 ($and).
Removed top 1 bits (of 16) from port A of cell tt_um_danieltyukov_int8_npu.$flatten\u_core.\u_array.\g_row[0].g_col[1].u_pe.\u_mul.\g_bw.g_wallace.u_tree.\genblk1.g_reduce.u_next.\genblk1.g_reduce.u_next.$and$/home/danieltyukov/workspace/personal/tt-ihp-int8-npu/src/npu_csa_reduce.sv:53$2062 ($and).
Removed top 1 bits (of 16) from port B of cell tt_um_danieltyukov_int8_npu.$flatten\u_core.\u_array.\g_row[0].g_col[1].u_pe.\u_mul.\g_bw.g_wallace.u_tree.\genblk1.g_reduce.u_next.\genblk1.g_reduce.u_next.$and$/home/danieltyukov/workspace/personal/tt-ihp-int8-npu/src/npu_csa_reduce.sv:53$2062 ($and).
Removed top 1 bits (of 16) from port Y of cell tt_um_danieltyukov_int8_npu.$flatten\u_core.\u_array.\g_row[0].g_col[1].u_pe.\u_mul.\g_bw.g_wallace.u_tree.\genblk1.g_reduce.u_next.\genblk1.g_reduce.u_next.$and$/home/danieltyukov/workspace/personal/tt-ihp-int8-npu/src/npu_csa_reduce.sv:53$2061 ($and).
Removed top 1 bits (of 16) from port A of cell tt_um_danieltyukov_int8_npu.$flatten\u_core.\u_array.\g_row[0].g_col[1].u_pe.\u_mul.\g_bw.g_wallace.u_tree.\genblk1.g_reduce.u_next.\genblk1.g_reduce.u_next.$and$/home/danieltyukov/workspace/personal/tt-ihp-int8-npu/src/npu_csa_reduce.sv:53$2061 ($and).
Removed top 1 bits (of 16) from port B of cell tt_um_danieltyukov_int8_npu.$flatten\u_core.\u_array.\g_row[0].g_col[1].u_pe.\u_mul.\g_bw.g_wallace.u_tree.\genblk1.g_reduce.u_next.\genblk1.g_reduce.u_next.$and$/home/danieltyukov/workspace/personal/tt-ihp-int8-npu/src/npu_csa_reduce.sv:53$2061 ($and).
Removed top 7 bits (of 16) from port B of cell tt_um_danieltyukov_int8_npu.$flatten\u_core.\u_array.\g_row[0].g_col[1].u_pe.\u_mul.\g_bw.g_wallace.u_tree.$or$/home/danieltyukov/workspace/personal/tt-ihp-int8-npu/src/npu_csa_reduce.sv:53$1938 ($or).
Removed top 1 bits (of 16) from port Y of cell tt_um_danieltyukov_int8_npu.$flatten\u_core.\u_array.\g_row[0].g_col[1].u_pe.\u_mul.\g_bw.g_wallace.u_tree.$or$/home/danieltyukov/workspace/personal/tt-ihp-int8-npu/src/npu_csa_reduce.sv:53$1938 ($or).
Removed top 1 bits (of 16) from port A of cell tt_um_danieltyukov_int8_npu.$flatten\u_core.\u_array.\g_row[0].g_col[1].u_pe.\u_mul.\g_bw.g_wallace.u_tree.$or$/home/danieltyukov/workspace/personal/tt-ihp-int8-npu/src/npu_csa_reduce.sv:53$1938 ($or).
Removed top 7 bits (of 16) from port B of cell tt_um_danieltyukov_int8_npu.$flatten\u_core.\u_array.\g_row[0].g_col[1].u_pe.\u_mul.\g_bw.g_wallace.u_tree.$or$/home/danieltyukov/workspace/personal/tt-ihp-int8-npu/src/npu_csa_reduce.sv:53$1936 ($or).
Removed top 1 bits (of 16) from port Y of cell tt_um_danieltyukov_int8_npu.$flatten\u_core.\u_array.\g_row[0].g_col[1].u_pe.\u_mul.\g_bw.g_wallace.u_tree.$or$/home/danieltyukov/workspace/personal/tt-ihp-int8-npu/src/npu_csa_reduce.sv:53$1936 ($or).
Removed top 1 bits (of 16) from port A of cell tt_um_danieltyukov_int8_npu.$flatten\u_core.\u_array.\g_row[0].g_col[1].u_pe.\u_mul.\g_bw.g_wallace.u_tree.$or$/home/danieltyukov/workspace/personal/tt-ihp-int8-npu/src/npu_csa_reduce.sv:53$1936 ($or).
Removed top 2 bits (of 16) from port A of cell tt_um_danieltyukov_int8_npu.$flatten\u_core.\u_array.\g_row[0].g_col[1].u_pe.\u_mul.\g_bw.g_wallace.u_tree.$and$/home/danieltyukov/workspace/personal/tt-ihp-int8-npu/src/npu_csa_reduce.sv:53$1934 ($and).
Removed top 1 bits (of 16) from port B of cell tt_um_danieltyukov_int8_npu.$flatten\u_core.\u_array.\g_row[0].g_col[1].u_pe.\u_mul.\g_bw.g_wallace.u_tree.$and$/home/danieltyukov/workspace/personal/tt-ihp-int8-npu/src/npu_csa_reduce.sv:53$1934 ($and).
Removed top 1 bits (of 16) from port Y of cell tt_um_danieltyukov_int8_npu.$flatten\u_core.\u_array.\g_row[0].g_col[1].u_pe.\u_mul.\g_bw.g_wallace.u_tree.$and$/home/danieltyukov/workspace/personal/tt-ihp-int8-npu/src/npu_csa_reduce.sv:53$1934 ($and).
Removed top 2 bits (of 16) from port A of cell tt_um_danieltyukov_int8_npu.$flatten\u_core.\u_array.\g_row[0].g_col[1].u_pe.\u_mul.\g_bw.g_wallace.u_tree.$xor$/home/danieltyukov/workspace/personal/tt-ihp-int8-npu/src/npu_csa_reduce.sv:49$1932 ($xor).
Removed top 1 bits (of 16) from port B of cell tt_um_danieltyukov_int8_npu.$flatten\u_core.\u_array.\g_row[0].g_col[1].u_pe.\u_mul.\g_bw.g_wallace.u_tree.$xor$/home/danieltyukov/workspace/personal/tt-ihp-int8-npu/src/npu_csa_reduce.sv:49$1932 ($xor).
Removed top 1 bits (of 16) from port Y of cell tt_um_danieltyukov_int8_npu.$flatten\u_core.\u_array.\g_row[0].g_col[1].u_pe.\u_mul.\g_bw.g_wallace.u_tree.$xor$/home/danieltyukov/workspace/personal/tt-ihp-int8-npu/src/npu_csa_reduce.sv:49$1932 ($xor).
Removed top 1 bits (of 16) from port Y of cell tt_um_danieltyukov_int8_npu.$flatten\u_core.\u_array.\g_row[0].g_col[1].u_pe.\u_mul.\g_bw.g_wallace.u_tree.$or$/home/danieltyukov/workspace/personal/tt-ihp-int8-npu/src/npu_csa_reduce.sv:53$1931 ($or).
Removed top 1 bits (of 16) from port A of cell tt_um_danieltyukov_int8_npu.$flatten\u_core.\u_array.\g_row[0].g_col[1].u_pe.\u_mul.\g_bw.g_wallace.u_tree.$or$/home/danieltyukov/workspace/personal/tt-ihp-int8-npu/src/npu_csa_reduce.sv:53$1931 ($or).
Removed top 1 bits (of 16) from port B of cell tt_um_danieltyukov_int8_npu.$flatten\u_core.\u_array.\g_row[0].g_col[1].u_pe.\u_mul.\g_bw.g_wallace.u_tree.$or$/home/danieltyukov/workspace/personal/tt-ihp-int8-npu/src/npu_csa_reduce.sv:53$1931 ($or).
Removed top 4 bits (of 16) from port A of cell tt_um_danieltyukov_int8_npu.$flatten\u_core.\u_array.\g_row[0].g_col[1].u_pe.\u_mul.\g_bw.g_wallace.u_tree.$and$/home/danieltyukov/workspace/personal/tt-ihp-int8-npu/src/npu_csa_reduce.sv:53$1930 ($and).
Removed top 3 bits (of 16) from port B of cell tt_um_danieltyukov_int8_npu.$flatten\u_core.\u_array.\g_row[0].g_col[1].u_pe.\u_mul.\g_bw.g_wallace.u_tree.$and$/home/danieltyukov/workspace/personal/tt-ihp-int8-npu/src/npu_csa_reduce.sv:53$1930 ($and).
Removed top 3 bits (of 16) from port Y of cell tt_um_danieltyukov_int8_npu.$flatten\u_core.\u_array.\g_row[0].g_col[1].u_pe.\u_mul.\g_bw.g_wallace.u_tree.$and$/home/danieltyukov/workspace/personal/tt-ihp-int8-npu/src/npu_csa_reduce.sv:53$1930 ($and).
Removed top 1 bits (of 16) from port Y of cell tt_um_danieltyukov_int8_npu.$flatten\u_core.\u_array.\g_row[0].g_col[1].u_pe.\u_mul.\g_bw.g_wallace.u_tree.$or$/home/danieltyukov/workspace/personal/tt-ihp-int8-npu/src/npu_csa_reduce.sv:53$1929 ($or).
Removed top 1 bits (of 16) from port A of cell tt_um_danieltyukov_int8_npu.$flatten\u_core.\u_array.\g_row[0].g_col[1].u_pe.\u_mul.\g_bw.g_wallace.u_tree.$or$/home/danieltyukov/workspace/personal/tt-ihp-int8-npu/src/npu_csa_reduce.sv:53$1929 ($or).
Removed top 1 bits (of 16) from port B of cell tt_um_danieltyukov_int8_npu.$flatten\u_core.\u_array.\g_row[0].g_col[1].u_pe.\u_mul.\g_bw.g_wallace.u_tree.$or$/home/danieltyukov/workspace/personal/tt-ihp-int8-npu/src/npu_csa_reduce.sv:53$1929 ($or).
Removed top 5 bits (of 16) from port A of cell tt_um_danieltyukov_int8_npu.$flatten\u_core.\u_array.\g_row[0].g_col[1].u_pe.\u_mul.\g_bw.g_wallace.u_tree.$and$/home/danieltyukov/workspace/personal/tt-ihp-int8-npu/src/npu_csa_reduce.sv:53$1928 ($and).
Removed top 3 bits (of 16) from port B of cell tt_um_danieltyukov_int8_npu.$flatten\u_core.\u_array.\g_row[0].g_col[1].u_pe.\u_mul.\g_bw.g_wallace.u_tree.$and$/home/danieltyukov/workspace/personal/tt-ihp-int8-npu/src/npu_csa_reduce.sv:53$1928 ($and).
Removed top 3 bits (of 16) from port Y of cell tt_um_danieltyukov_int8_npu.$flatten\u_core.\u_array.\g_row[0].g_col[1].u_pe.\u_mul.\g_bw.g_wallace.u_tree.$and$/home/danieltyukov/workspace/personal/tt-ihp-int8-npu/src/npu_csa_reduce.sv:53$1928 ($and).
Removed top 5 bits (of 16) from port A of cell tt_um_danieltyukov_int8_npu.$flatten\u_core.\u_array.\g_row[0].g_col[1].u_pe.\u_mul.\g_bw.g_wallace.u_tree.$and$/home/danieltyukov/workspace/personal/tt-ihp-int8-npu/src/npu_csa_reduce.sv:53$1927 ($and).
Removed top 4 bits (of 16) from port B of cell tt_um_danieltyukov_int8_npu.$flatten\u_core.\u_array.\g_row[0].g_col[1].u_pe.\u_mul.\g_bw.g_wallace.u_tree.$and$/home/danieltyukov/workspace/personal/tt-ihp-int8-npu/src/npu_csa_reduce.sv:53$1927 ($and).
Removed top 4 bits (of 16) from port Y of cell tt_um_danieltyukov_int8_npu.$flatten\u_core.\u_array.\g_row[0].g_col[1].u_pe.\u_mul.\g_bw.g_wallace.u_tree.$and$/home/danieltyukov/workspace/personal/tt-ihp-int8-npu/src/npu_csa_reduce.sv:53$1927 ($and).
Removed top 3 bits (of 16) from port B of cell tt_um_danieltyukov_int8_npu.$flatten\u_core.\u_array.\g_row[0].g_col[1].u_pe.\u_mul.\g_bw.g_wallace.u_tree.$xor$/home/danieltyukov/workspace/personal/tt-ihp-int8-npu/src/npu_csa_reduce.sv:49$1926 ($xor).
Removed top 5 bits (of 16) from port A of cell tt_um_danieltyukov_int8_npu.$flatten\u_core.\u_array.\g_row[0].g_col[1].u_pe.\u_mul.\g_bw.g_wallace.u_tree.$xor$/home/danieltyukov/workspace/personal/tt-ihp-int8-npu/src/npu_csa_reduce.sv:49$1925 ($xor).
Removed top 4 bits (of 16) from port B of cell tt_um_danieltyukov_int8_npu.$flatten\u_core.\u_array.\g_row[0].g_col[1].u_pe.\u_mul.\g_bw.g_wallace.u_tree.$xor$/home/danieltyukov/workspace/personal/tt-ihp-int8-npu/src/npu_csa_reduce.sv:49$1925 ($xor).
Removed top 4 bits (of 16) from port Y of cell tt_um_danieltyukov_int8_npu.$flatten\u_core.\u_array.\g_row[0].g_col[1].u_pe.\u_mul.\g_bw.g_wallace.u_tree.$xor$/home/danieltyukov/workspace/personal/tt-ihp-int8-npu/src/npu_csa_reduce.sv:49$1925 ($xor).
Removed top 1 bits (of 16) from port Y of cell tt_um_danieltyukov_int8_npu.$flatten\u_core.\u_array.\g_row[0].g_col[1].u_pe.\u_mul.\g_bw.g_wallace.u_tree.$or$/home/danieltyukov/workspace/personal/tt-ihp-int8-npu/src/npu_csa_reduce.sv:53$1924 ($or).
Removed top 1 bits (of 16) from port A of cell tt_um_danieltyukov_int8_npu.$flatten\u_core.\u_array.\g_row[0].g_col[1].u_pe.\u_mul.\g_bw.g_wallace.u_tree.$or$/home/danieltyukov/workspace/personal/tt-ihp-int8-npu/src/npu_csa_reduce.sv:53$1924 ($or).
Removed top 1 bits (of 16) from port B of cell tt_um_danieltyukov_int8_npu.$flatten\u_core.\u_array.\g_row[0].g_col[1].u_pe.\u_mul.\g_bw.g_wallace.u_tree.$or$/home/danieltyukov/workspace/personal/tt-ihp-int8-npu/src/npu_csa_reduce.sv:53$1924 ($or).
Removed top 7 bits (of 16) from port A of cell tt_um_danieltyukov_int8_npu.$flatten\u_core.\u_array.\g_row[0].g_col[1].u_pe.\u_mul.\g_bw.g_wallace.u_tree.$and$/home/danieltyukov/workspace/personal/tt-ihp-int8-npu/src/npu_csa_reduce.sv:53$1923 ($and).
Removed top 6 bits (of 16) from port B of cell tt_um_danieltyukov_int8_npu.$flatten\u_core.\u_array.\g_row[0].g_col[1].u_pe.\u_mul.\g_bw.g_wallace.u_tree.$and$/home/danieltyukov/workspace/personal/tt-ihp-int8-npu/src/npu_csa_reduce.sv:53$1923 ($and).
Removed top 6 bits (of 16) from port Y of cell tt_um_danieltyukov_int8_npu.$flatten\u_core.\u_array.\g_row[0].g_col[1].u_pe.\u_mul.\g_bw.g_wallace.u_tree.$and$/home/danieltyukov/workspace/personal/tt-ihp-int8-npu/src/npu_csa_reduce.sv:53$1923 ($and).
Removed top 1 bits (of 16) from port Y of cell tt_um_danieltyukov_int8_npu.$flatten\u_core.\u_array.\g_row[0].g_col[1].u_pe.\u_mul.\g_bw.g_wallace.u_tree.$or$/home/danieltyukov/workspace/personal/tt-ihp-int8-npu/src/npu_csa_reduce.sv:53$1922 ($or).
Removed top 1 bits (of 16) from port A of cell tt_um_danieltyukov_int8_npu.$flatten\u_core.\u_array.\g_row[0].g_col[1].u_pe.\u_mul.\g_bw.g_wallace.u_tree.$or$/home/danieltyukov/workspace/personal/tt-ihp-int8-npu/src/npu_csa_reduce.sv:53$1922 ($or).
Removed top 1 bits (of 16) from port B of cell tt_um_danieltyukov_int8_npu.$flatten\u_core.\u_array.\g_row[0].g_col[1].u_pe.\u_mul.\g_bw.g_wallace.u_tree.$or$/home/danieltyukov/workspace/personal/tt-ihp-int8-npu/src/npu_csa_reduce.sv:53$1922 ($or).
Removed top 8 bits (of 16) from port A of cell tt_um_danieltyukov_int8_npu.$flatten\u_core.\u_array.\g_row[0].g_col[1].u_pe.\u_mul.\g_bw.g_wallace.u_tree.$and$/home/danieltyukov/workspace/personal/tt-ihp-int8-npu/src/npu_csa_reduce.sv:53$1921 ($and).
Removed top 6 bits (of 16) from port B of cell tt_um_danieltyukov_int8_npu.$flatten\u_core.\u_array.\g_row[0].g_col[1].u_pe.\u_mul.\g_bw.g_wallace.u_tree.$and$/home/danieltyukov/workspace/personal/tt-ihp-int8-npu/src/npu_csa_reduce.sv:53$1921 ($and).
Removed top 6 bits (of 16) from port Y of cell tt_um_danieltyukov_int8_npu.$flatten\u_core.\u_array.\g_row[0].g_col[1].u_pe.\u_mul.\g_bw.g_wallace.u_tree.$and$/home/danieltyukov/workspace/personal/tt-ihp-int8-npu/src/npu_csa_reduce.sv:53$1921 ($and).
Removed top 8 bits (of 16) from port A of cell tt_um_danieltyukov_int8_npu.$flatten\u_core.\u_array.\g_row[0].g_col[1].u_pe.\u_mul.\g_bw.g_wallace.u_tree.$and$/home/danieltyukov/workspace/personal/tt-ihp-int8-npu/src/npu_csa_reduce.sv:53$1920 ($and).
Removed top 7 bits (of 16) from port B of cell tt_um_danieltyukov_int8_npu.$flatten\u_core.\u_array.\g_row[0].g_col[1].u_pe.\u_mul.\g_bw.g_wallace.u_tree.$and$/home/danieltyukov/workspace/personal/tt-ihp-int8-npu/src/npu_csa_reduce.sv:53$1920 ($and).
Removed top 7 bits (of 16) from port Y of cell tt_um_danieltyukov_int8_npu.$flatten\u_core.\u_array.\g_row[0].g_col[1].u_pe.\u_mul.\g_bw.g_wallace.u_tree.$and$/home/danieltyukov/workspace/personal/tt-ihp-int8-npu/src/npu_csa_reduce.sv:53$1920 ($and).
Removed top 7 bits (of 16) from port A of cell tt_um_danieltyukov_int8_npu.$flatten\u_core.\u_array.\g_row[0].g_col[1].u_pe.\u_mul.\g_bw.g_wallace.u_tree.$xor$/home/danieltyukov/workspace/personal/tt-ihp-int8-npu/src/npu_csa_reduce.sv:49$1919 ($xor).
Removed top 6 bits (of 16) from port B of cell tt_um_danieltyukov_int8_npu.$flatten\u_core.\u_array.\g_row[0].g_col[1].u_pe.\u_mul.\g_bw.g_wallace.u_tree.$xor$/home/danieltyukov/workspace/personal/tt-ihp-int8-npu/src/npu_csa_reduce.sv:49$1919 ($xor).
Removed top 6 bits (of 16) from port Y of cell tt_um_danieltyukov_int8_npu.$flatten\u_core.\u_array.\g_row[0].g_col[1].u_pe.\u_mul.\g_bw.g_wallace.u_tree.$xor$/home/danieltyukov/workspace/personal/tt-ihp-int8-npu/src/npu_csa_reduce.sv:49$1919 ($xor).
Removed top 3 bits (of 19) from FF cell tt_um_danieltyukov_int8_npu.$flatten\u_core.\u_array.\g_row[0].g_col[1].u_pe.$procdff$2905 ($adff).
Removed top 1 bits (of 19) from port Y of cell tt_um_danieltyukov_int8_npu.$flatten\u_core.\u_array.\g_row[1].g_col[0].u_pe.\u_add.$and$/home/danieltyukov/workspace/personal/tt-ihp-int8-npu/src/npu_adder.sv:60$1785 ($and).
Removed top 1 bits (of 19) from port A of cell tt_um_danieltyukov_int8_npu.$flatten\u_core.\u_array.\g_row[1].g_col[0].u_pe.\u_add.$and$/home/danieltyukov/workspace/personal/tt-ihp-int8-npu/src/npu_adder.sv:60$1785 ($and).
Removed top 1 bits (of 19) from port B of cell tt_um_danieltyukov_int8_npu.$flatten\u_core.\u_array.\g_row[1].g_col[0].u_pe.\u_add.$and$/home/danieltyukov/workspace/personal/tt-ihp-int8-npu/src/npu_adder.sv:60$1785 ($and).
Removed top 8 bits (of 16) from port A of cell tt_um_danieltyukov_int8_npu.$flatten\u_core.\u_array.\g_row[1].g_col[0].u_pe.\u_mul.\g_bw.g_wallace.u_tree.$xor$/home/danieltyukov/workspace/personal/tt-ihp-int8-npu/src/npu_csa_reduce.sv:49$1918 ($xor).
Removed top 7 bits (of 16) from port B of cell tt_um_danieltyukov_int8_npu.$flatten\u_core.\u_array.\g_row[1].g_col[0].u_pe.\u_mul.\g_bw.g_wallace.u_tree.$xor$/home/danieltyukov/workspace/personal/tt-ihp-int8-npu/src/npu_csa_reduce.sv:49$1918 ($xor).
Removed top 7 bits (of 16) from port Y of cell tt_um_danieltyukov_int8_npu.$flatten\u_core.\u_array.\g_row[1].g_col[0].u_pe.\u_mul.\g_bw.g_wallace.u_tree.$xor$/home/danieltyukov/workspace/personal/tt-ihp-int8-npu/src/npu_csa_reduce.sv:49$1918 ($xor).
Removed top 1 bits (of 16) from port Y of cell tt_um_danieltyukov_int8_npu.$flatten\u_core.\u_array.\g_row[1].g_col[0].u_pe.\u_mul.\u_cpa.$and$/home/danieltyukov/workspace/personal/tt-ihp-int8-npu/src/npu_adder.sv:60$1941 ($and).
Removed top 1 bits (of 16) from port A of cell tt_um_danieltyukov_int8_npu.$flatten\u_core.\u_array.\g_row[1].g_col[0].u_pe.\u_mul.\u_cpa.$and$/home/danieltyukov/workspace/personal/tt-ihp-int8-npu/src/npu_adder.sv:60$1941 ($and).
Removed top 1 bits (of 16) from port B of cell tt_um_danieltyukov_int8_npu.$flatten\u_core.\u_array.\g_row[1].g_col[0].u_pe.\u_mul.\u_cpa.$and$/home/danieltyukov/workspace/personal/tt-ihp-int8-npu/src/npu_adder.sv:60$1941 ($and).
Removed top 1 bits (of 16) from port Y of cell tt_um_danieltyukov_int8_npu.$flatten\u_core.\u_array.\g_row[1].g_col[0].u_pe.\u_mul.\g_bw.g_wallace.u_tree.\genblk1.g_reduce.u_next.$or$/home/danieltyukov/workspace/personal/tt-ihp-int8-npu/src/npu_csa_reduce.sv:53$2050 ($or).
Removed top 1 bits (of 16) from port A of cell tt_um_danieltyukov_int8_npu.$flatten\u_core.\u_array.\g_row[1].g_col[0].u_pe.\u_mul.\g_bw.g_wallace.u_tree.\genblk1.g_reduce.u_next.$or$/home/danieltyukov/workspace/personal/tt-ihp-int8-npu/src/npu_csa_reduce.sv:53$2050 ($or).
Removed top 1 bits (of 16) from port B of cell tt_um_danieltyukov_int8_npu.$flatten\u_core.\u_array.\g_row[1].g_col[0].u_pe.\u_mul.\g_bw.g_wallace.u_tree.\genblk1.g_reduce.u_next.$or$/home/danieltyukov/workspace/personal/tt-ihp-int8-npu/src/npu_csa_reduce.sv:53$2050 ($or).
Removed top 1 bits (of 16) from port Y of cell tt_um_danieltyukov_int8_npu.$flatten\u_core.\u_array.\g_row[1].g_col[0].u_pe.\u_mul.\g_bw.g_wallace.u_tree.\genblk1.g_reduce.u_next.$or$/home/danieltyukov/workspace/personal/tt-ihp-int8-npu/src/npu_csa_reduce.sv:53$2057 ($or).
Removed top 1 bits (of 16) from port A of cell tt_um_danieltyukov_int8_npu.$flatten\u_core.\u_array.\g_row[1].g_col[0].u_pe.\u_mul.\g_bw.g_wallace.u_tree.\genblk1.g_reduce.u_next.$or$/home/danieltyukov/workspace/personal/tt-ihp-int8-npu/src/npu_csa_reduce.sv:53$2057 ($or).
Removed top 1 bits (of 16) from port B of cell tt_um_danieltyukov_int8_npu.$flatten\u_core.\u_array.\g_row[1].g_col[0].u_pe.\u_mul.\g_bw.g_wallace.u_tree.\genblk1.g_reduce.u_next.$or$/home/danieltyukov/workspace/personal/tt-ihp-int8-npu/src/npu_csa_reduce.sv:53$2057 ($or).
Removed top 1 bits (of 16) from port Y of cell tt_um_danieltyukov_int8_npu.$flatten\u_core.\u_array.\g_row[1].g_col[0].u_pe.\u_mul.\g_bw.g_wallace.u_tree.\genblk1.g_reduce.u_next.\genblk1.g_reduce.u_next.\genblk1.g_reduce.u_next.$or$/home/danieltyukov/workspace/personal/tt-ihp-int8-npu/src/npu_csa_reduce.sv:53$1916 ($or).
Removed top 1 bits (of 16) from port A of cell tt_um_danieltyukov_int8_npu.$flatten\u_core.\u_array.\g_row[1].g_col[0].u_pe.\u_mul.\g_bw.g_wallace.u_tree.\genblk1.g_reduce.u_next.\genblk1.g_reduce.u_next.\genblk1.g_reduce.u_next.$or$/home/danieltyukov/workspace/personal/tt-ihp-int8-npu/src/npu_csa_reduce.sv:53$1916 ($or).
Removed top 1 bits (of 16) from port B of cell tt_um_danieltyukov_int8_npu.$flatten\u_core.\u_array.\g_row[1].g_col[0].u_pe.\u_mul.\g_bw.g_wallace.u_tree.\genblk1.g_reduce.u_next.\genblk1.g_reduce.u_next.\genblk1.g_reduce.u_next.$or$/home/danieltyukov/workspace/personal/tt-ihp-int8-npu/src/npu_csa_reduce.sv:53$1916 ($or).
Removed top 1 bits (of 16) from port Y of cell tt_um_danieltyukov_int8_npu.$flatten\u_core.\u_array.\g_row[1].g_col[0].u_pe.\u_mul.\g_bw.g_wallace.u_tree.\genblk1.g_reduce.u_next.\genblk1.g_reduce.u_next.$or$/home/danieltyukov/workspace/personal/tt-ihp-int8-npu/src/npu_csa_reduce.sv:53$2065 ($or).
Removed top 1 bits (of 16) from port A of cell tt_um_danieltyukov_int8_npu.$flatten\u_core.\u_array.\g_row[1].g_col[0].u_pe.\u_mul.\g_bw.g_wallace.u_tree.\genblk1.g_reduce.u_next.\genblk1.g_reduce.u_next.$or$/home/danieltyukov/workspace/personal/tt-ihp-int8-npu/src/npu_csa_reduce.sv:53$2065 ($or).
Removed top 1 bits (of 16) from port B of cell tt_um_danieltyukov_int8_npu.$flatten\u_core.\u_array.\g_row[1].g_col[0].u_pe.\u_mul.\g_bw.g_wallace.u_tree.\genblk1.g_reduce.u_next.\genblk1.g_reduce.u_next.$or$/home/danieltyukov/workspace/personal/tt-ihp-int8-npu/src/npu_csa_reduce.sv:53$2065 ($or).
Removed top 1 bits (of 16) from port Y of cell tt_um_danieltyukov_int8_npu.$flatten\u_core.\u_array.\g_row[1].g_col[0].u_pe.\u_mul.\g_bw.g_wallace.u_tree.\genblk1.g_reduce.u_next.\genblk1.g_reduce.u_next.$and$/home/danieltyukov/workspace/personal/tt-ihp-int8-npu/src/npu_csa_reduce.sv:53$2064 ($and).
Removed top 1 bits (of 16) from port A of cell tt_um_danieltyukov_int8_npu.$flatten\u_core.\u_array.\g_row[1].g_col[0].u_pe.\u_mul.\g_bw.g_wallace.u_tree.\genblk1.g_reduce.u_next.\genblk1.g_reduce.u_next.$and$/home/danieltyukov/workspace/personal/tt-ihp-int8-npu/src/npu_csa_reduce.sv:53$2064 ($and).
Removed top 1 bits (of 16) from port B of cell tt_um_danieltyukov_int8_npu.$flatten\u_core.\u_array.\g_row[1].g_col[0].u_pe.\u_mul.\g_bw.g_wallace.u_tree.\genblk1.g_reduce.u_next.\genblk1.g_reduce.u_next.$and$/home/danieltyukov/workspace/personal/tt-ihp-int8-npu/src/npu_csa_reduce.sv:53$2064 ($and).
Removed top 1 bits (of 16) from port Y of cell tt_um_danieltyukov_int8_npu.$flatten\u_core.\u_array.\g_row[1].g_col[0].u_pe.\u_mul.\g_bw.g_wallace.u_tree.\genblk1.g_reduce.u_next.\genblk1.g_reduce.u_next.$or$/home/danieltyukov/workspace/personal/tt-ihp-int8-npu/src/npu_csa_reduce.sv:53$2063 ($or).
Removed top 1 bits (of 16) from port A of cell tt_um_danieltyukov_int8_npu.$flatten\u_core.\u_array.\g_row[1].g_col[0].u_pe.\u_mul.\g_bw.g_wallace.u_tree.\genblk1.g_reduce.u_next.\genblk1.g_reduce.u_next.$or$/home/danieltyukov/workspace/personal/tt-ihp-int8-npu/src/npu_csa_reduce.sv:53$2063 ($or).
Removed top 1 bits (of 16) from port B of cell tt_um_danieltyukov_int8_npu.$flatten\u_core.\u_array.\g_row[1].g_col[0].u_pe.\u_mul.\g_bw.g_wallace.u_tree.\genblk1.g_reduce.u_next.\genblk1.g_reduce.u_next.$or$/home/danieltyukov/workspace/personal/tt-ihp-int8-npu/src/npu_csa_reduce.sv:53$2063 ($or).
Removed top 1 bits (of 16) from port Y of cell tt_um_danieltyukov_int8_npu.$flatten\u_core.\u_array.\g_row[1].g_col[0].u_pe.\u_mul.\g_bw.g_wallace.u_tree.\genblk1.g_reduce.u_next.\genblk1.g_reduce.u_next.$and$/home/danieltyukov/workspace/personal/tt-ihp-int8-npu/src/npu_csa_reduce.sv:53$2062 ($and).
Removed top 1 bits (of 16) from port A of cell tt_um_danieltyukov_int8_npu.$flatten\u_core.\u_array.\g_row[1].g_col[0].u_pe.\u_mul.\g_bw.g_wallace.u_tree.\genblk1.g_reduce.u_next.\genblk1.g_reduce.u_next.$and$/home/danieltyukov/workspace/personal/tt-ihp-int8-npu/src/npu_csa_reduce.sv:53$2062 ($and).
Removed top 1 bits (of 16) from port B of cell tt_um_danieltyukov_int8_npu.$flatten\u_core.\u_array.\g_row[1].g_col[0].u_pe.\u_mul.\g_bw.g_wallace.u_tree.\genblk1.g_reduce.u_next.\genblk1.g_reduce.u_next.$and$/home/danieltyukov/workspace/personal/tt-ihp-int8-npu/src/npu_csa_reduce.sv:53$2062 ($and).
Removed top 1 bits (of 16) from port Y of cell tt_um_danieltyukov_int8_npu.$flatten\u_core.\u_array.\g_row[1].g_col[0].u_pe.\u_mul.\g_bw.g_wallace.u_tree.\genblk1.g_reduce.u_next.\genblk1.g_reduce.u_next.$and$/home/danieltyukov/workspace/personal/tt-ihp-int8-npu/src/npu_csa_reduce.sv:53$2061 ($and).
Removed top 1 bits (of 16) from port A of cell tt_um_danieltyukov_int8_npu.$flatten\u_core.\u_array.\g_row[1].g_col[0].u_pe.\u_mul.\g_bw.g_wallace.u_tree.\genblk1.g_reduce.u_next.\genblk1.g_reduce.u_next.$and$/home/danieltyukov/workspace/personal/tt-ihp-int8-npu/src/npu_csa_reduce.sv:53$2061 ($and).
Removed top 1 bits (of 16) from port B of cell tt_um_danieltyukov_int8_npu.$flatten\u_core.\u_array.\g_row[1].g_col[0].u_pe.\u_mul.\g_bw.g_wallace.u_tree.\genblk1.g_reduce.u_next.\genblk1.g_reduce.u_next.$and$/home/danieltyukov/workspace/personal/tt-ihp-int8-npu/src/npu_csa_reduce.sv:53$2061 ($and).
Removed top 7 bits (of 16) from port B of cell tt_um_danieltyukov_int8_npu.$flatten\u_core.\u_array.\g_row[1].g_col[0].u_pe.\u_mul.\g_bw.g_wallace.u_tree.$or$/home/danieltyukov/workspace/personal/tt-ihp-int8-npu/src/npu_csa_reduce.sv:53$1938 ($or).
Removed top 1 bits (of 16) from port Y of cell tt_um_danieltyukov_int8_npu.$flatten\u_core.\u_array.\g_row[1].g_col[0].u_pe.\u_mul.\g_bw.g_wallace.u_tree.$or$/home/danieltyukov/workspace/personal/tt-ihp-int8-npu/src/npu_csa_reduce.sv:53$1938 ($or).
Removed top 1 bits (of 16) from port A of cell tt_um_danieltyukov_int8_npu.$flatten\u_core.\u_array.\g_row[1].g_col[0].u_pe.\u_mul.\g_bw.g_wallace.u_tree.$or$/home/danieltyukov/workspace/personal/tt-ihp-int8-npu/src/npu_csa_reduce.sv:53$1938 ($or).
Removed top 7 bits (of 16) from port B of cell tt_um_danieltyukov_int8_npu.$flatten\u_core.\u_array.\g_row[1].g_col[0].u_pe.\u_mul.\g_bw.g_wallace.u_tree.$or$/home/danieltyukov/workspace/personal/tt-ihp-int8-npu/src/npu_csa_reduce.sv:53$1936 ($or).
Removed top 1 bits (of 16) from port Y of cell tt_um_danieltyukov_int8_npu.$flatten\u_core.\u_array.\g_row[1].g_col[0].u_pe.\u_mul.\g_bw.g_wallace.u_tree.$or$/home/danieltyukov/workspace/personal/tt-ihp-int8-npu/src/npu_csa_reduce.sv:53$1936 ($or).
Removed top 1 bits (of 16) from port A of cell tt_um_danieltyukov_int8_npu.$flatten\u_core.\u_array.\g_row[1].g_col[0].u_pe.\u_mul.\g_bw.g_wallace.u_tree.$or$/home/danieltyukov/workspace/personal/tt-ihp-int8-npu/src/npu_csa_reduce.sv:53$1936 ($or).
Removed top 2 bits (of 16) from port A of cell tt_um_danieltyukov_int8_npu.$flatten\u_core.\u_array.\g_row[1].g_col[0].u_pe.\u_mul.\g_bw.g_wallace.u_tree.$and$/home/danieltyukov/workspace/personal/tt-ihp-int8-npu/src/npu_csa_reduce.sv:53$1934 ($and).
Removed top 1 bits (of 16) from port B of cell tt_um_danieltyukov_int8_npu.$flatten\u_core.\u_array.\g_row[1].g_col[0].u_pe.\u_mul.\g_bw.g_wallace.u_tree.$and$/home/danieltyukov/workspace/personal/tt-ihp-int8-npu/src/npu_csa_reduce.sv:53$1934 ($and).
Removed top 1 bits (of 16) from port Y of cell tt_um_danieltyukov_int8_npu.$flatten\u_core.\u_array.\g_row[1].g_col[0].u_pe.\u_mul.\g_bw.g_wallace.u_tree.$and$/home/danieltyukov/workspace/personal/tt-ihp-int8-npu/src/npu_csa_reduce.sv:53$1934 ($and).
Removed top 2 bits (of 16) from port A of cell tt_um_danieltyukov_int8_npu.$flatten\u_core.\u_array.\g_row[1].g_col[0].u_pe.\u_mul.\g_bw.g_wallace.u_tree.$xor$/home/danieltyukov/workspace/personal/tt-ihp-int8-npu/src/npu_csa_reduce.sv:49$1932 ($xor).
Removed top 1 bits (of 16) from port B of cell tt_um_danieltyukov_int8_npu.$flatten\u_core.\u_array.\g_row[1].g_col[0].u_pe.\u_mul.\g_bw.g_wallace.u_tree.$xor$/home/danieltyukov/workspace/personal/tt-ihp-int8-npu/src/npu_csa_reduce.sv:49$1932 ($xor).
Removed top 1 bits (of 16) from port Y of cell tt_um_danieltyukov_int8_npu.$flatten\u_core.\u_array.\g_row[1].g_col[0].u_pe.\u_mul.\g_bw.g_wallace.u_tree.$xor$/home/danieltyukov/workspace/personal/tt-ihp-int8-npu/src/npu_csa_reduce.sv:49$1932 ($xor).
Removed top 1 bits (of 16) from port Y of cell tt_um_danieltyukov_int8_npu.$flatten\u_core.\u_array.\g_row[1].g_col[0].u_pe.\u_mul.\g_bw.g_wallace.u_tree.$or$/home/danieltyukov/workspace/personal/tt-ihp-int8-npu/src/npu_csa_reduce.sv:53$1931 ($or).
Removed top 1 bits (of 16) from port A of cell tt_um_danieltyukov_int8_npu.$flatten\u_core.\u_array.\g_row[1].g_col[0].u_pe.\u_mul.\g_bw.g_wallace.u_tree.$or$/home/danieltyukov/workspace/personal/tt-ihp-int8-npu/src/npu_csa_reduce.sv:53$1931 ($or).
Removed top 1 bits (of 16) from port B of cell tt_um_danieltyukov_int8_npu.$flatten\u_core.\u_array.\g_row[1].g_col[0].u_pe.\u_mul.\g_bw.g_wallace.u_tree.$or$/home/danieltyukov/workspace/personal/tt-ihp-int8-npu/src/npu_csa_reduce.sv:53$1931 ($or).
Removed top 4 bits (of 16) from port A of cell tt_um_danieltyukov_int8_npu.$flatten\u_core.\u_array.\g_row[1].g_col[0].u_pe.\u_mul.\g_bw.g_wallace.u_tree.$and$/home/danieltyukov/workspace/personal/tt-ihp-int8-npu/src/npu_csa_reduce.sv:53$1930 ($and).
Removed top 3 bits (of 16) from port B of cell tt_um_danieltyukov_int8_npu.$flatten\u_core.\u_array.\g_row[1].g_col[0].u_pe.\u_mul.\g_bw.g_wallace.u_tree.$and$/home/danieltyukov/workspace/personal/tt-ihp-int8-npu/src/npu_csa_reduce.sv:53$1930 ($and).
Removed top 3 bits (of 16) from port Y of cell tt_um_danieltyukov_int8_npu.$flatten\u_core.\u_array.\g_row[1].g_col[0].u_pe.\u_mul.\g_bw.g_wallace.u_tree.$and$/home/danieltyukov/workspace/personal/tt-ihp-int8-npu/src/npu_csa_reduce.sv:53$1930 ($and).
Removed top 1 bits (of 16) from port Y of cell tt_um_danieltyukov_int8_npu.$flatten\u_core.\u_array.\g_row[1].g_col[0].u_pe.\u_mul.\g_bw.g_wallace.u_tree.$or$/home/danieltyukov/workspace/personal/tt-ihp-int8-npu/src/npu_csa_reduce.sv:53$1929 ($or).
Removed top 1 bits (of 16) from port A of cell tt_um_danieltyukov_int8_npu.$flatten\u_core.\u_array.\g_row[1].g_col[0].u_pe.\u_mul.\g_bw.g_wallace.u_tree.$or$/home/danieltyukov/workspace/personal/tt-ihp-int8-npu/src/npu_csa_reduce.sv:53$1929 ($or).
Removed top 1 bits (of 16) from port B of cell tt_um_danieltyukov_int8_npu.$flatten\u_core.\u_array.\g_row[1].g_col[0].u_pe.\u_mul.\g_bw.g_wallace.u_tree.$or$/home/danieltyukov/workspace/personal/tt-ihp-int8-npu/src/npu_csa_reduce.sv:53$1929 ($or).
Removed top 5 bits (of 16) from port A of cell tt_um_danieltyukov_int8_npu.$flatten\u_core.\u_array.\g_row[1].g_col[0].u_pe.\u_mul.\g_bw.g_wallace.u_tree.$and$/home/danieltyukov/workspace/personal/tt-ihp-int8-npu/src/npu_csa_reduce.sv:53$1928 ($and).
Removed top 3 bits (of 16) from port B of cell tt_um_danieltyukov_int8_npu.$flatten\u_core.\u_array.\g_row[1].g_col[0].u_pe.\u_mul.\g_bw.g_wallace.u_tree.$and$/home/danieltyukov/workspace/personal/tt-ihp-int8-npu/src/npu_csa_reduce.sv:53$1928 ($and).
Removed top 3 bits (of 16) from port Y of cell tt_um_danieltyukov_int8_npu.$flatten\u_core.\u_array.\g_row[1].g_col[0].u_pe.\u_mul.\g_bw.g_wallace.u_tree.$and$/home/danieltyukov/workspace/personal/tt-ihp-int8-npu/src/npu_csa_reduce.sv:53$1928 ($and).
Removed top 5 bits (of 16) from port A of cell tt_um_danieltyukov_int8_npu.$flatten\u_core.\u_array.\g_row[1].g_col[0].u_pe.\u_mul.\g_bw.g_wallace.u_tree.$and$/home/danieltyukov/workspace/personal/tt-ihp-int8-npu/src/npu_csa_reduce.sv:53$1927 ($and).
Removed top 4 bits (of 16) from port B of cell tt_um_danieltyukov_int8_npu.$flatten\u_core.\u_array.\g_row[1].g_col[0].u_pe.\u_mul.\g_bw.g_wallace.u_tree.$and$/home/danieltyukov/workspace/personal/tt-ihp-int8-npu/src/npu_csa_reduce.sv:53$1927 ($and).
Removed top 4 bits (of 16) from port Y of cell tt_um_danieltyukov_int8_npu.$flatten\u_core.\u_array.\g_row[1].g_col[0].u_pe.\u_mul.\g_bw.g_wallace.u_tree.$and$/home/danieltyukov/workspace/personal/tt-ihp-int8-npu/src/npu_csa_reduce.sv:53$1927 ($and).
Removed top 3 bits (of 16) from port B of cell tt_um_danieltyukov_int8_npu.$flatten\u_core.\u_array.\g_row[1].g_col[0].u_pe.\u_mul.\g_bw.g_wallace.u_tree.$xor$/home/danieltyukov/workspace/personal/tt-ihp-int8-npu/src/npu_csa_reduce.sv:49$1926 ($xor).
Removed top 5 bits (of 16) from port A of cell tt_um_danieltyukov_int8_npu.$flatten\u_core.\u_array.\g_row[1].g_col[0].u_pe.\u_mul.\g_bw.g_wallace.u_tree.$xor$/home/danieltyukov/workspace/personal/tt-ihp-int8-npu/src/npu_csa_reduce.sv:49$1925 ($xor).
Removed top 4 bits (of 16) from port B of cell tt_um_danieltyukov_int8_npu.$flatten\u_core.\u_array.\g_row[1].g_col[0].u_pe.\u_mul.\g_bw.g_wallace.u_tree.$xor$/home/danieltyukov/workspace/personal/tt-ihp-int8-npu/src/npu_csa_reduce.sv:49$1925 ($xor).
Removed top 4 bits (of 16) from port Y of cell tt_um_danieltyukov_int8_npu.$flatten\u_core.\u_array.\g_row[1].g_col[0].u_pe.\u_mul.\g_bw.g_wallace.u_tree.$xor$/home/danieltyukov/workspace/personal/tt-ihp-int8-npu/src/npu_csa_reduce.sv:49$1925 ($xor).
Removed top 1 bits (of 16) from port Y of cell tt_um_danieltyukov_int8_npu.$flatten\u_core.\u_array.\g_row[1].g_col[0].u_pe.\u_mul.\g_bw.g_wallace.u_tree.$or$/home/danieltyukov/workspace/personal/tt-ihp-int8-npu/src/npu_csa_reduce.sv:53$1924 ($or).
Removed top 1 bits (of 16) from port A of cell tt_um_danieltyukov_int8_npu.$flatten\u_core.\u_array.\g_row[1].g_col[0].u_pe.\u_mul.\g_bw.g_wallace.u_tree.$or$/home/danieltyukov/workspace/personal/tt-ihp-int8-npu/src/npu_csa_reduce.sv:53$1924 ($or).
Removed top 1 bits (of 16) from port B of cell tt_um_danieltyukov_int8_npu.$flatten\u_core.\u_array.\g_row[1].g_col[0].u_pe.\u_mul.\g_bw.g_wallace.u_tree.$or$/home/danieltyukov/workspace/personal/tt-ihp-int8-npu/src/npu_csa_reduce.sv:53$1924 ($or).
Removed top 7 bits (of 16) from port A of cell tt_um_danieltyukov_int8_npu.$flatten\u_core.\u_array.\g_row[1].g_col[0].u_pe.\u_mul.\g_bw.g_wallace.u_tree.$and$/home/danieltyukov/workspace/personal/tt-ihp-int8-npu/src/npu_csa_reduce.sv:53$1923 ($and).
Removed top 6 bits (of 16) from port B of cell tt_um_danieltyukov_int8_npu.$flatten\u_core.\u_array.\g_row[1].g_col[0].u_pe.\u_mul.\g_bw.g_wallace.u_tree.$and$/home/danieltyukov/workspace/personal/tt-ihp-int8-npu/src/npu_csa_reduce.sv:53$1923 ($and).
Removed top 6 bits (of 16) from port Y of cell tt_um_danieltyukov_int8_npu.$flatten\u_core.\u_array.\g_row[1].g_col[0].u_pe.\u_mul.\g_bw.g_wallace.u_tree.$and$/home/danieltyukov/workspace/personal/tt-ihp-int8-npu/src/npu_csa_reduce.sv:53$1923 ($and).
Removed top 1 bits (of 16) from port Y of cell tt_um_danieltyukov_int8_npu.$flatten\u_core.\u_array.\g_row[1].g_col[0].u_pe.\u_mul.\g_bw.g_wallace.u_tree.$or$/home/danieltyukov/workspace/personal/tt-ihp-int8-npu/src/npu_csa_reduce.sv:53$1922 ($or).
Removed top 1 bits (of 16) from port A of cell tt_um_danieltyukov_int8_npu.$flatten\u_core.\u_array.\g_row[1].g_col[0].u_pe.\u_mul.\g_bw.g_wallace.u_tree.$or$/home/danieltyukov/workspace/personal/tt-ihp-int8-npu/src/npu_csa_reduce.sv:53$1922 ($or).
Removed top 1 bits (of 16) from port B of cell tt_um_danieltyukov_int8_npu.$flatten\u_core.\u_array.\g_row[1].g_col[0].u_pe.\u_mul.\g_bw.g_wallace.u_tree.$or$/home/danieltyukov/workspace/personal/tt-ihp-int8-npu/src/npu_csa_reduce.sv:53$1922 ($or).
Removed top 8 bits (of 16) from port A of cell tt_um_danieltyukov_int8_npu.$flatten\u_core.\u_array.\g_row[1].g_col[0].u_pe.\u_mul.\g_bw.g_wallace.u_tree.$and$/home/danieltyukov/workspace/personal/tt-ihp-int8-npu/src/npu_csa_reduce.sv:53$1921 ($and).
Removed top 6 bits (of 16) from port B of cell tt_um_danieltyukov_int8_npu.$flatten\u_core.\u_array.\g_row[1].g_col[0].u_pe.\u_mul.\g_bw.g_wallace.u_tree.$and$/home/danieltyukov/workspace/personal/tt-ihp-int8-npu/src/npu_csa_reduce.sv:53$1921 ($and).
Removed top 6 bits (of 16) from port Y of cell tt_um_danieltyukov_int8_npu.$flatten\u_core.\u_array.\g_row[1].g_col[0].u_pe.\u_mul.\g_bw.g_wallace.u_tree.$and$/home/danieltyukov/workspace/personal/tt-ihp-int8-npu/src/npu_csa_reduce.sv:53$1921 ($and).
Removed top 8 bits (of 16) from port A of cell tt_um_danieltyukov_int8_npu.$flatten\u_core.\u_array.\g_row[1].g_col[0].u_pe.\u_mul.\g_bw.g_wallace.u_tree.$and$/home/danieltyukov/workspace/personal/tt-ihp-int8-npu/src/npu_csa_reduce.sv:53$1920 ($and).
Removed top 7 bits (of 16) from port B of cell tt_um_danieltyukov_int8_npu.$flatten\u_core.\u_array.\g_row[1].g_col[0].u_pe.\u_mul.\g_bw.g_wallace.u_tree.$and$/home/danieltyukov/workspace/personal/tt-ihp-int8-npu/src/npu_csa_reduce.sv:53$1920 ($and).
Removed top 7 bits (of 16) from port Y of cell tt_um_danieltyukov_int8_npu.$flatten\u_core.\u_array.\g_row[1].g_col[0].u_pe.\u_mul.\g_bw.g_wallace.u_tree.$and$/home/danieltyukov/workspace/personal/tt-ihp-int8-npu/src/npu_csa_reduce.sv:53$1920 ($and).
Removed top 7 bits (of 16) from port A of cell tt_um_danieltyukov_int8_npu.$flatten\u_core.\u_array.\g_row[1].g_col[0].u_pe.\u_mul.\g_bw.g_wallace.u_tree.$xor$/home/danieltyukov/workspace/personal/tt-ihp-int8-npu/src/npu_csa_reduce.sv:49$1919 ($xor).
Removed top 6 bits (of 16) from port B of cell tt_um_danieltyukov_int8_npu.$flatten\u_core.\u_array.\g_row[1].g_col[0].u_pe.\u_mul.\g_bw.g_wallace.u_tree.$xor$/home/danieltyukov/workspace/personal/tt-ihp-int8-npu/src/npu_csa_reduce.sv:49$1919 ($xor).
Removed top 6 bits (of 16) from port Y of cell tt_um_danieltyukov_int8_npu.$flatten\u_core.\u_array.\g_row[1].g_col[0].u_pe.\u_mul.\g_bw.g_wallace.u_tree.$xor$/home/danieltyukov/workspace/personal/tt-ihp-int8-npu/src/npu_csa_reduce.sv:49$1919 ($xor).
Removed top 1 bits (of 19) from port Y of cell tt_um_danieltyukov_int8_npu.$flatten\u_core.\u_array.\g_row[1].g_col[1].u_pe.\u_add.$and$/home/danieltyukov/workspace/personal/tt-ihp-int8-npu/src/npu_adder.sv:60$1785 ($and).
Removed top 1 bits (of 19) from port A of cell tt_um_danieltyukov_int8_npu.$flatten\u_core.\u_array.\g_row[1].g_col[1].u_pe.\u_add.$and$/home/danieltyukov/workspace/personal/tt-ihp-int8-npu/src/npu_adder.sv:60$1785 ($and).
Removed top 1 bits (of 19) from port B of cell tt_um_danieltyukov_int8_npu.$flatten\u_core.\u_array.\g_row[1].g_col[1].u_pe.\u_add.$and$/home/danieltyukov/workspace/personal/tt-ihp-int8-npu/src/npu_adder.sv:60$1785 ($and).
Removed top 8 bits (of 16) from port A of cell tt_um_danieltyukov_int8_npu.$flatten\u_core.\u_array.\g_row[1].g_col[1].u_pe.\u_mul.\g_bw.g_wallace.u_tree.$xor$/home/danieltyukov/workspace/personal/tt-ihp-int8-npu/src/npu_csa_reduce.sv:49$1918 ($xor).
Removed top 7 bits (of 16) from port B of cell tt_um_danieltyukov_int8_npu.$flatten\u_core.\u_array.\g_row[1].g_col[1].u_pe.\u_mul.\g_bw.g_wallace.u_tree.$xor$/home/danieltyukov/workspace/personal/tt-ihp-int8-npu/src/npu_csa_reduce.sv:49$1918 ($xor).
Removed top 7 bits (of 16) from port Y of cell tt_um_danieltyukov_int8_npu.$flatten\u_core.\u_array.\g_row[1].g_col[1].u_pe.\u_mul.\g_bw.g_wallace.u_tree.$xor$/home/danieltyukov/workspace/personal/tt-ihp-int8-npu/src/npu_csa_reduce.sv:49$1918 ($xor).
Removed top 1 bits (of 16) from port Y of cell tt_um_danieltyukov_int8_npu.$flatten\u_core.\u_array.\g_row[1].g_col[1].u_pe.\u_mul.\u_cpa.$and$/home/danieltyukov/workspace/personal/tt-ihp-int8-npu/src/npu_adder.sv:60$1941 ($and).
Removed top 1 bits (of 16) from port A of cell tt_um_danieltyukov_int8_npu.$flatten\u_core.\u_array.\g_row[1].g_col[1].u_pe.\u_mul.\u_cpa.$and$/home/danieltyukov/workspace/personal/tt-ihp-int8-npu/src/npu_adder.sv:60$1941 ($and).
Removed top 1 bits (of 16) from port B of cell tt_um_danieltyukov_int8_npu.$flatten\u_core.\u_array.\g_row[1].g_col[1].u_pe.\u_mul.\u_cpa.$and$/home/danieltyukov/workspace/personal/tt-ihp-int8-npu/src/npu_adder.sv:60$1941 ($and).
Removed top 1 bits (of 16) from port Y of cell tt_um_danieltyukov_int8_npu.$flatten\u_core.\u_array.\g_row[1].g_col[1].u_pe.\u_mul.\g_bw.g_wallace.u_tree.\genblk1.g_reduce.u_next.$or$/home/danieltyukov/workspace/personal/tt-ihp-int8-npu/src/npu_csa_reduce.sv:53$2050 ($or).
Removed top 1 bits (of 16) from port A of cell tt_um_danieltyukov_int8_npu.$flatten\u_core.\u_array.\g_row[1].g_col[1].u_pe.\u_mul.\g_bw.g_wallace.u_tree.\genblk1.g_reduce.u_next.$or$/home/danieltyukov/workspace/personal/tt-ihp-int8-npu/src/npu_csa_reduce.sv:53$2050 ($or).
Removed top 1 bits (of 16) from port B of cell tt_um_danieltyukov_int8_npu.$flatten\u_core.\u_array.\g_row[1].g_col[1].u_pe.\u_mul.\g_bw.g_wallace.u_tree.\genblk1.g_reduce.u_next.$or$/home/danieltyukov/workspace/personal/tt-ihp-int8-npu/src/npu_csa_reduce.sv:53$2050 ($or).
Removed top 1 bits (of 16) from port Y of cell tt_um_danieltyukov_int8_npu.$flatten\u_core.\u_array.\g_row[1].g_col[1].u_pe.\u_mul.\g_bw.g_wallace.u_tree.\genblk1.g_reduce.u_next.$or$/home/danieltyukov/workspace/personal/tt-ihp-int8-npu/src/npu_csa_reduce.sv:53$2057 ($or).
Removed top 1 bits (of 16) from port A of cell tt_um_danieltyukov_int8_npu.$flatten\u_core.\u_array.\g_row[1].g_col[1].u_pe.\u_mul.\g_bw.g_wallace.u_tree.\genblk1.g_reduce.u_next.$or$/home/danieltyukov/workspace/personal/tt-ihp-int8-npu/src/npu_csa_reduce.sv:53$2057 ($or).
Removed top 1 bits (of 16) from port B of cell tt_um_danieltyukov_int8_npu.$flatten\u_core.\u_array.\g_row[1].g_col[1].u_pe.\u_mul.\g_bw.g_wallace.u_tree.\genblk1.g_reduce.u_next.$or$/home/danieltyukov/workspace/personal/tt-ihp-int8-npu/src/npu_csa_reduce.sv:53$2057 ($or).
Removed top 1 bits (of 16) from port Y of cell tt_um_danieltyukov_int8_npu.$flatten\u_core.\u_array.\g_row[1].g_col[1].u_pe.\u_mul.\g_bw.g_wallace.u_tree.\genblk1.g_reduce.u_next.\genblk1.g_reduce.u_next.\genblk1.g_reduce.u_next.$or$/home/danieltyukov/workspace/personal/tt-ihp-int8-npu/src/npu_csa_reduce.sv:53$1916 ($or).
Removed top 1 bits (of 16) from port A of cell tt_um_danieltyukov_int8_npu.$flatten\u_core.\u_array.\g_row[1].g_col[1].u_pe.\u_mul.\g_bw.g_wallace.u_tree.\genblk1.g_reduce.u_next.\genblk1.g_reduce.u_next.\genblk1.g_reduce.u_next.$or$/home/danieltyukov/workspace/personal/tt-ihp-int8-npu/src/npu_csa_reduce.sv:53$1916 ($or).
Removed top 1 bits (of 16) from port B of cell tt_um_danieltyukov_int8_npu.$flatten\u_core.\u_array.\g_row[1].g_col[1].u_pe.\u_mul.\g_bw.g_wallace.u_tree.\genblk1.g_reduce.u_next.\genblk1.g_reduce.u_next.\genblk1.g_reduce.u_next.$or$/home/danieltyukov/workspace/personal/tt-ihp-int8-npu/src/npu_csa_reduce.sv:53$1916 ($or).
Removed top 1 bits (of 16) from port Y of cell tt_um_danieltyukov_int8_npu.$flatten\u_core.\u_array.\g_row[1].g_col[1].u_pe.\u_mul.\g_bw.g_wallace.u_tree.\genblk1.g_reduce.u_next.\genblk1.g_reduce.u_next.$or$/home/danieltyukov/workspace/personal/tt-ihp-int8-npu/src/npu_csa_reduce.sv:53$2065 ($or).
Removed top 1 bits (of 16) from port A of cell tt_um_danieltyukov_int8_npu.$flatten\u_core.\u_array.\g_row[1].g_col[1].u_pe.\u_mul.\g_bw.g_wallace.u_tree.\genblk1.g_reduce.u_next.\genblk1.g_reduce.u_next.$or$/home/danieltyukov/workspace/personal/tt-ihp-int8-npu/src/npu_csa_reduce.sv:53$2065 ($or).
Removed top 1 bits (of 16) from port B of cell tt_um_danieltyukov_int8_npu.$flatten\u_core.\u_array.\g_row[1].g_col[1].u_pe.\u_mul.\g_bw.g_wallace.u_tree.\genblk1.g_reduce.u_next.\genblk1.g_reduce.u_next.$or$/home/danieltyukov/workspace/personal/tt-ihp-int8-npu/src/npu_csa_reduce.sv:53$2065 ($or).
Removed top 1 bits (of 16) from port Y of cell tt_um_danieltyukov_int8_npu.$flatten\u_core.\u_array.\g_row[1].g_col[1].u_pe.\u_mul.\g_bw.g_wallace.u_tree.\genblk1.g_reduce.u_next.\genblk1.g_reduce.u_next.$and$/home/danieltyukov/workspace/personal/tt-ihp-int8-npu/src/npu_csa_reduce.sv:53$2064 ($and).
Removed top 1 bits (of 16) from port A of cell tt_um_danieltyukov_int8_npu.$flatten\u_core.\u_array.\g_row[1].g_col[1].u_pe.\u_mul.\g_bw.g_wallace.u_tree.\genblk1.g_reduce.u_next.\genblk1.g_reduce.u_next.$and$/home/danieltyukov/workspace/personal/tt-ihp-int8-npu/src/npu_csa_reduce.sv:53$2064 ($and).
Removed top 1 bits (of 16) from port B of cell tt_um_danieltyukov_int8_npu.$flatten\u_core.\u_array.\g_row[1].g_col[1].u_pe.\u_mul.\g_bw.g_wallace.u_tree.\genblk1.g_reduce.u_next.\genblk1.g_reduce.u_next.$and$/home/danieltyukov/workspace/personal/tt-ihp-int8-npu/src/npu_csa_reduce.sv:53$2064 ($and).
Removed top 1 bits (of 16) from port Y of cell tt_um_danieltyukov_int8_npu.$flatten\u_core.\u_array.\g_row[1].g_col[1].u_pe.\u_mul.\g_bw.g_wallace.u_tree.\genblk1.g_reduce.u_next.\genblk1.g_reduce.u_next.$or$/home/danieltyukov/workspace/personal/tt-ihp-int8-npu/src/npu_csa_reduce.sv:53$2063 ($or).
Removed top 1 bits (of 16) from port A of cell tt_um_danieltyukov_int8_npu.$flatten\u_core.\u_array.\g_row[1].g_col[1].u_pe.\u_mul.\g_bw.g_wallace.u_tree.\genblk1.g_reduce.u_next.\genblk1.g_reduce.u_next.$or$/home/danieltyukov/workspace/personal/tt-ihp-int8-npu/src/npu_csa_reduce.sv:53$2063 ($or).
Removed top 1 bits (of 16) from port B of cell tt_um_danieltyukov_int8_npu.$flatten\u_core.\u_array.\g_row[1].g_col[1].u_pe.\u_mul.\g_bw.g_wallace.u_tree.\genblk1.g_reduce.u_next.\genblk1.g_reduce.u_next.$or$/home/danieltyukov/workspace/personal/tt-ihp-int8-npu/src/npu_csa_reduce.sv:53$2063 ($or).
Removed top 1 bits (of 16) from port Y of cell tt_um_danieltyukov_int8_npu.$flatten\u_core.\u_array.\g_row[1].g_col[1].u_pe.\u_mul.\g_bw.g_wallace.u_tree.\genblk1.g_reduce.u_next.\genblk1.g_reduce.u_next.$and$/home/danieltyukov/workspace/personal/tt-ihp-int8-npu/src/npu_csa_reduce.sv:53$2062 ($and).
Removed top 1 bits (of 16) from port A of cell tt_um_danieltyukov_int8_npu.$flatten\u_core.\u_array.\g_row[1].g_col[1].u_pe.\u_mul.\g_bw.g_wallace.u_tree.\genblk1.g_reduce.u_next.\genblk1.g_reduce.u_next.$and$/home/danieltyukov/workspace/personal/tt-ihp-int8-npu/src/npu_csa_reduce.sv:53$2062 ($and).
Removed top 1 bits (of 16) from port B of cell tt_um_danieltyukov_int8_npu.$flatten\u_core.\u_array.\g_row[1].g_col[1].u_pe.\u_mul.\g_bw.g_wallace.u_tree.\genblk1.g_reduce.u_next.\genblk1.g_reduce.u_next.$and$/home/danieltyukov/workspace/personal/tt-ihp-int8-npu/src/npu_csa_reduce.sv:53$2062 ($and).
Removed top 1 bits (of 16) from port Y of cell tt_um_danieltyukov_int8_npu.$flatten\u_core.\u_array.\g_row[1].g_col[1].u_pe.\u_mul.\g_bw.g_wallace.u_tree.\genblk1.g_reduce.u_next.\genblk1.g_reduce.u_next.$and$/home/danieltyukov/workspace/personal/tt-ihp-int8-npu/src/npu_csa_reduce.sv:53$2061 ($and).
Removed top 1 bits (of 16) from port A of cell tt_um_danieltyukov_int8_npu.$flatten\u_core.\u_array.\g_row[1].g_col[1].u_pe.\u_mul.\g_bw.g_wallace.u_tree.\genblk1.g_reduce.u_next.\genblk1.g_reduce.u_next.$and$/home/danieltyukov/workspace/personal/tt-ihp-int8-npu/src/npu_csa_reduce.sv:53$2061 ($and).
Removed top 1 bits (of 16) from port B of cell tt_um_danieltyukov_int8_npu.$flatten\u_core.\u_array.\g_row[1].g_col[1].u_pe.\u_mul.\g_bw.g_wallace.u_tree.\genblk1.g_reduce.u_next.\genblk1.g_reduce.u_next.$and$/home/danieltyukov/workspace/personal/tt-ihp-int8-npu/src/npu_csa_reduce.sv:53$2061 ($and).
Removed top 7 bits (of 16) from port B of cell tt_um_danieltyukov_int8_npu.$flatten\u_core.\u_array.\g_row[1].g_col[1].u_pe.\u_mul.\g_bw.g_wallace.u_tree.$or$/home/danieltyukov/workspace/personal/tt-ihp-int8-npu/src/npu_csa_reduce.sv:53$1938 ($or).
Removed top 1 bits (of 16) from port Y of cell tt_um_danieltyukov_int8_npu.$flatten\u_core.\u_array.\g_row[1].g_col[1].u_pe.\u_mul.\g_bw.g_wallace.u_tree.$or$/home/danieltyukov/workspace/personal/tt-ihp-int8-npu/src/npu_csa_reduce.sv:53$1938 ($or).
Removed top 1 bits (of 16) from port A of cell tt_um_danieltyukov_int8_npu.$flatten\u_core.\u_array.\g_row[1].g_col[1].u_pe.\u_mul.\g_bw.g_wallace.u_tree.$or$/home/danieltyukov/workspace/personal/tt-ihp-int8-npu/src/npu_csa_reduce.sv:53$1938 ($or).
Removed top 7 bits (of 16) from port B of cell tt_um_danieltyukov_int8_npu.$flatten\u_core.\u_array.\g_row[1].g_col[1].u_pe.\u_mul.\g_bw.g_wallace.u_tree.$or$/home/danieltyukov/workspace/personal/tt-ihp-int8-npu/src/npu_csa_reduce.sv:53$1936 ($or).
Removed top 1 bits (of 16) from port Y of cell tt_um_danieltyukov_int8_npu.$flatten\u_core.\u_array.\g_row[1].g_col[1].u_pe.\u_mul.\g_bw.g_wallace.u_tree.$or$/home/danieltyukov/workspace/personal/tt-ihp-int8-npu/src/npu_csa_reduce.sv:53$1936 ($or).
Removed top 1 bits (of 16) from port A of cell tt_um_danieltyukov_int8_npu.$flatten\u_core.\u_array.\g_row[1].g_col[1].u_pe.\u_mul.\g_bw.g_wallace.u_tree.$or$/home/danieltyukov/workspace/personal/tt-ihp-int8-npu/src/npu_csa_reduce.sv:53$1936 ($or).
Removed top 2 bits (of 16) from port A of cell tt_um_danieltyukov_int8_npu.$flatten\u_core.\u_array.\g_row[1].g_col[1].u_pe.\u_mul.\g_bw.g_wallace.u_tree.$and$/home/danieltyukov/workspace/personal/tt-ihp-int8-npu/src/npu_csa_reduce.sv:53$1934 ($and).
Removed top 1 bits (of 16) from port B of cell tt_um_danieltyukov_int8_npu.$flatten\u_core.\u_array.\g_row[1].g_col[1].u_pe.\u_mul.\g_bw.g_wallace.u_tree.$and$/home/danieltyukov/workspace/personal/tt-ihp-int8-npu/src/npu_csa_reduce.sv:53$1934 ($and).
Removed top 1 bits (of 16) from port Y of cell tt_um_danieltyukov_int8_npu.$flatten\u_core.\u_array.\g_row[1].g_col[1].u_pe.\u_mul.\g_bw.g_wallace.u_tree.$and$/home/danieltyukov/workspace/personal/tt-ihp-int8-npu/src/npu_csa_reduce.sv:53$1934 ($and).
Removed top 2 bits (of 16) from port A of cell tt_um_danieltyukov_int8_npu.$flatten\u_core.\u_array.\g_row[1].g_col[1].u_pe.\u_mul.\g_bw.g_wallace.u_tree.$xor$/home/danieltyukov/workspace/personal/tt-ihp-int8-npu/src/npu_csa_reduce.sv:49$1932 ($xor).
Removed top 1 bits (of 16) from port B of cell tt_um_danieltyukov_int8_npu.$flatten\u_core.\u_array.\g_row[1].g_col[1].u_pe.\u_mul.\g_bw.g_wallace.u_tree.$xor$/home/danieltyukov/workspace/personal/tt-ihp-int8-npu/src/npu_csa_reduce.sv:49$1932 ($xor).
Removed top 1 bits (of 16) from port Y of cell tt_um_danieltyukov_int8_npu.$flatten\u_core.\u_array.\g_row[1].g_col[1].u_pe.\u_mul.\g_bw.g_wallace.u_tree.$xor$/home/danieltyukov/workspace/personal/tt-ihp-int8-npu/src/npu_csa_reduce.sv:49$1932 ($xor).
Removed top 1 bits (of 16) from port Y of cell tt_um_danieltyukov_int8_npu.$flatten\u_core.\u_array.\g_row[1].g_col[1].u_pe.\u_mul.\g_bw.g_wallace.u_tree.$or$/home/danieltyukov/workspace/personal/tt-ihp-int8-npu/src/npu_csa_reduce.sv:53$1931 ($or).
Removed top 1 bits (of 16) from port A of cell tt_um_danieltyukov_int8_npu.$flatten\u_core.\u_array.\g_row[1].g_col[1].u_pe.\u_mul.\g_bw.g_wallace.u_tree.$or$/home/danieltyukov/workspace/personal/tt-ihp-int8-npu/src/npu_csa_reduce.sv:53$1931 ($or).
Removed top 1 bits (of 16) from port B of cell tt_um_danieltyukov_int8_npu.$flatten\u_core.\u_array.\g_row[1].g_col[1].u_pe.\u_mul.\g_bw.g_wallace.u_tree.$or$/home/danieltyukov/workspace/personal/tt-ihp-int8-npu/src/npu_csa_reduce.sv:53$1931 ($or).
Removed top 4 bits (of 16) from port A of cell tt_um_danieltyukov_int8_npu.$flatten\u_core.\u_array.\g_row[1].g_col[1].u_pe.\u_mul.\g_bw.g_wallace.u_tree.$and$/home/danieltyukov/workspace/personal/tt-ihp-int8-npu/src/npu_csa_reduce.sv:53$1930 ($and).
Removed top 3 bits (of 16) from port B of cell tt_um_danieltyukov_int8_npu.$flatten\u_core.\u_array.\g_row[1].g_col[1].u_pe.\u_mul.\g_bw.g_wallace.u_tree.$and$/home/danieltyukov/workspace/personal/tt-ihp-int8-npu/src/npu_csa_reduce.sv:53$1930 ($and).
Removed top 3 bits (of 16) from port Y of cell tt_um_danieltyukov_int8_npu.$flatten\u_core.\u_array.\g_row[1].g_col[1].u_pe.\u_mul.\g_bw.g_wallace.u_tree.$and$/home/danieltyukov/workspace/personal/tt-ihp-int8-npu/src/npu_csa_reduce.sv:53$1930 ($and).
Removed top 1 bits (of 16) from port Y of cell tt_um_danieltyukov_int8_npu.$flatten\u_core.\u_array.\g_row[1].g_col[1].u_pe.\u_mul.\g_bw.g_wallace.u_tree.$or$/home/danieltyukov/workspace/personal/tt-ihp-int8-npu/src/npu_csa_reduce.sv:53$1929 ($or).
Removed top 1 bits (of 16) from port A of cell tt_um_danieltyukov_int8_npu.$flatten\u_core.\u_array.\g_row[1].g_col[1].u_pe.\u_mul.\g_bw.g_wallace.u_tree.$or$/home/danieltyukov/workspace/personal/tt-ihp-int8-npu/src/npu_csa_reduce.sv:53$1929 ($or).
Removed top 1 bits (of 16) from port B of cell tt_um_danieltyukov_int8_npu.$flatten\u_core.\u_array.\g_row[1].g_col[1].u_pe.\u_mul.\g_bw.g_wallace.u_tree.$or$/home/danieltyukov/workspace/personal/tt-ihp-int8-npu/src/npu_csa_reduce.sv:53$1929 ($or).
Removed top 5 bits (of 16) from port A of cell tt_um_danieltyukov_int8_npu.$flatten\u_core.\u_array.\g_row[1].g_col[1].u_pe.\u_mul.\g_bw.g_wallace.u_tree.$and$/home/danieltyukov/workspace/personal/tt-ihp-int8-npu/src/npu_csa_reduce.sv:53$1928 ($and).
Removed top 3 bits (of 16) from port B of cell tt_um_danieltyukov_int8_npu.$flatten\u_core.\u_array.\g_row[1].g_col[1].u_pe.\u_mul.\g_bw.g_wallace.u_tree.$and$/home/danieltyukov/workspace/personal/tt-ihp-int8-npu/src/npu_csa_reduce.sv:53$1928 ($and).
Removed top 3 bits (of 16) from port Y of cell tt_um_danieltyukov_int8_npu.$flatten\u_core.\u_array.\g_row[1].g_col[1].u_pe.\u_mul.\g_bw.g_wallace.u_tree.$and$/home/danieltyukov/workspace/personal/tt-ihp-int8-npu/src/npu_csa_reduce.sv:53$1928 ($and).
Removed top 5 bits (of 16) from port A of cell tt_um_danieltyukov_int8_npu.$flatten\u_core.\u_array.\g_row[1].g_col[1].u_pe.\u_mul.\g_bw.g_wallace.u_tree.$and$/home/danieltyukov/workspace/personal/tt-ihp-int8-npu/src/npu_csa_reduce.sv:53$1927 ($and).
Removed top 4 bits (of 16) from port B of cell tt_um_danieltyukov_int8_npu.$flatten\u_core.\u_array.\g_row[1].g_col[1].u_pe.\u_mul.\g_bw.g_wallace.u_tree.$and$/home/danieltyukov/workspace/personal/tt-ihp-int8-npu/src/npu_csa_reduce.sv:53$1927 ($and).
Removed top 4 bits (of 16) from port Y of cell tt_um_danieltyukov_int8_npu.$flatten\u_core.\u_array.\g_row[1].g_col[1].u_pe.\u_mul.\g_bw.g_wallace.u_tree.$and$/home/danieltyukov/workspace/personal/tt-ihp-int8-npu/src/npu_csa_reduce.sv:53$1927 ($and).
Removed top 3 bits (of 16) from port B of cell tt_um_danieltyukov_int8_npu.$flatten\u_core.\u_array.\g_row[1].g_col[1].u_pe.\u_mul.\g_bw.g_wallace.u_tree.$xor$/home/danieltyukov/workspace/personal/tt-ihp-int8-npu/src/npu_csa_reduce.sv:49$1926 ($xor).
Removed top 5 bits (of 16) from port A of cell tt_um_danieltyukov_int8_npu.$flatten\u_core.\u_array.\g_row[1].g_col[1].u_pe.\u_mul.\g_bw.g_wallace.u_tree.$xor$/home/danieltyukov/workspace/personal/tt-ihp-int8-npu/src/npu_csa_reduce.sv:49$1925 ($xor).
Removed top 4 bits (of 16) from port B of cell tt_um_danieltyukov_int8_npu.$flatten\u_core.\u_array.\g_row[1].g_col[1].u_pe.\u_mul.\g_bw.g_wallace.u_tree.$xor$/home/danieltyukov/workspace/personal/tt-ihp-int8-npu/src/npu_csa_reduce.sv:49$1925 ($xor).
Removed top 4 bits (of 16) from port Y of cell tt_um_danieltyukov_int8_npu.$flatten\u_core.\u_array.\g_row[1].g_col[1].u_pe.\u_mul.\g_bw.g_wallace.u_tree.$xor$/home/danieltyukov/workspace/personal/tt-ihp-int8-npu/src/npu_csa_reduce.sv:49$1925 ($xor).
Removed top 1 bits (of 16) from port Y of cell tt_um_danieltyukov_int8_npu.$flatten\u_core.\u_array.\g_row[1].g_col[1].u_pe.\u_mul.\g_bw.g_wallace.u_tree.$or$/home/danieltyukov/workspace/personal/tt-ihp-int8-npu/src/npu_csa_reduce.sv:53$1924 ($or).
Removed top 1 bits (of 16) from port A of cell tt_um_danieltyukov_int8_npu.$flatten\u_core.\u_array.\g_row[1].g_col[1].u_pe.\u_mul.\g_bw.g_wallace.u_tree.$or$/home/danieltyukov/workspace/personal/tt-ihp-int8-npu/src/npu_csa_reduce.sv:53$1924 ($or).
Removed top 1 bits (of 16) from port B of cell tt_um_danieltyukov_int8_npu.$flatten\u_core.\u_array.\g_row[1].g_col[1].u_pe.\u_mul.\g_bw.g_wallace.u_tree.$or$/home/danieltyukov/workspace/personal/tt-ihp-int8-npu/src/npu_csa_reduce.sv:53$1924 ($or).
Removed top 7 bits (of 16) from port A of cell tt_um_danieltyukov_int8_npu.$flatten\u_core.\u_array.\g_row[1].g_col[1].u_pe.\u_mul.\g_bw.g_wallace.u_tree.$and$/home/danieltyukov/workspace/personal/tt-ihp-int8-npu/src/npu_csa_reduce.sv:53$1923 ($and).
Removed top 6 bits (of 16) from port B of cell tt_um_danieltyukov_int8_npu.$flatten\u_core.\u_array.\g_row[1].g_col[1].u_pe.\u_mul.\g_bw.g_wallace.u_tree.$and$/home/danieltyukov/workspace/personal/tt-ihp-int8-npu/src/npu_csa_reduce.sv:53$1923 ($and).
Removed top 6 bits (of 16) from port Y of cell tt_um_danieltyukov_int8_npu.$flatten\u_core.\u_array.\g_row[1].g_col[1].u_pe.\u_mul.\g_bw.g_wallace.u_tree.$and$/home/danieltyukov/workspace/personal/tt-ihp-int8-npu/src/npu_csa_reduce.sv:53$1923 ($and).
Removed top 1 bits (of 16) from port Y of cell tt_um_danieltyukov_int8_npu.$flatten\u_core.\u_array.\g_row[1].g_col[1].u_pe.\u_mul.\g_bw.g_wallace.u_tree.$or$/home/danieltyukov/workspace/personal/tt-ihp-int8-npu/src/npu_csa_reduce.sv:53$1922 ($or).
Removed top 1 bits (of 16) from port A of cell tt_um_danieltyukov_int8_npu.$flatten\u_core.\u_array.\g_row[1].g_col[1].u_pe.\u_mul.\g_bw.g_wallace.u_tree.$or$/home/danieltyukov/workspace/personal/tt-ihp-int8-npu/src/npu_csa_reduce.sv:53$1922 ($or).
Removed top 1 bits (of 16) from port B of cell tt_um_danieltyukov_int8_npu.$flatten\u_core.\u_array.\g_row[1].g_col[1].u_pe.\u_mul.\g_bw.g_wallace.u_tree.$or$/home/danieltyukov/workspace/personal/tt-ihp-int8-npu/src/npu_csa_reduce.sv:53$1922 ($or).
Removed top 8 bits (of 16) from port A of cell tt_um_danieltyukov_int8_npu.$flatten\u_core.\u_array.\g_row[1].g_col[1].u_pe.\u_mul.\g_bw.g_wallace.u_tree.$and$/home/danieltyukov/workspace/personal/tt-ihp-int8-npu/src/npu_csa_reduce.sv:53$1921 ($and).
Removed top 6 bits (of 16) from port B of cell tt_um_danieltyukov_int8_npu.$flatten\u_core.\u_array.\g_row[1].g_col[1].u_pe.\u_mul.\g_bw.g_wallace.u_tree.$and$/home/danieltyukov/workspace/personal/tt-ihp-int8-npu/src/npu_csa_reduce.sv:53$1921 ($and).
Removed top 6 bits (of 16) from port Y of cell tt_um_danieltyukov_int8_npu.$flatten\u_core.\u_array.\g_row[1].g_col[1].u_pe.\u_mul.\g_bw.g_wallace.u_tree.$and$/home/danieltyukov/workspace/personal/tt-ihp-int8-npu/src/npu_csa_reduce.sv:53$1921 ($and).
Removed top 8 bits (of 16) from port A of cell tt_um_danieltyukov_int8_npu.$flatten\u_core.\u_array.\g_row[1].g_col[1].u_pe.\u_mul.\g_bw.g_wallace.u_tree.$and$/home/danieltyukov/workspace/personal/tt-ihp-int8-npu/src/npu_csa_reduce.sv:53$1920 ($and).
Removed top 7 bits (of 16) from port B of cell tt_um_danieltyukov_int8_npu.$flatten\u_core.\u_array.\g_row[1].g_col[1].u_pe.\u_mul.\g_bw.g_wallace.u_tree.$and$/home/danieltyukov/workspace/personal/tt-ihp-int8-npu/src/npu_csa_reduce.sv:53$1920 ($and).
Removed top 7 bits (of 16) from port Y of cell tt_um_danieltyukov_int8_npu.$flatten\u_core.\u_array.\g_row[1].g_col[1].u_pe.\u_mul.\g_bw.g_wallace.u_tree.$and$/home/danieltyukov/workspace/personal/tt-ihp-int8-npu/src/npu_csa_reduce.sv:53$1920 ($and).
Removed top 7 bits (of 16) from port A of cell tt_um_danieltyukov_int8_npu.$flatten\u_core.\u_array.\g_row[1].g_col[1].u_pe.\u_mul.\g_bw.g_wallace.u_tree.$xor$/home/danieltyukov/workspace/personal/tt-ihp-int8-npu/src/npu_csa_reduce.sv:49$1919 ($xor).
Removed top 6 bits (of 16) from port B of cell tt_um_danieltyukov_int8_npu.$flatten\u_core.\u_array.\g_row[1].g_col[1].u_pe.\u_mul.\g_bw.g_wallace.u_tree.$xor$/home/danieltyukov/workspace/personal/tt-ihp-int8-npu/src/npu_csa_reduce.sv:49$1919 ($xor).
Removed top 6 bits (of 16) from port Y of cell tt_um_danieltyukov_int8_npu.$flatten\u_core.\u_array.\g_row[1].g_col[1].u_pe.\u_mul.\g_bw.g_wallace.u_tree.$xor$/home/danieltyukov/workspace/personal/tt-ihp-int8-npu/src/npu_csa_reduce.sv:49$1919 ($xor).
Removed top 1 bits (of 19) from port Y of cell tt_um_danieltyukov_int8_npu.$flatten\u_core.\u_array.\g_row[2].g_col[0].u_pe.\u_add.$and$/home/danieltyukov/workspace/personal/tt-ihp-int8-npu/src/npu_adder.sv:60$1785 ($and).
Removed top 1 bits (of 19) from port A of cell tt_um_danieltyukov_int8_npu.$flatten\u_core.\u_array.\g_row[2].g_col[0].u_pe.\u_add.$and$/home/danieltyukov/workspace/personal/tt-ihp-int8-npu/src/npu_adder.sv:60$1785 ($and).
Removed top 1 bits (of 19) from port B of cell tt_um_danieltyukov_int8_npu.$flatten\u_core.\u_array.\g_row[2].g_col[0].u_pe.\u_add.$and$/home/danieltyukov/workspace/personal/tt-ihp-int8-npu/src/npu_adder.sv:60$1785 ($and).
Removed top 8 bits (of 16) from port A of cell tt_um_danieltyukov_int8_npu.$flatten\u_core.\u_array.\g_row[2].g_col[0].u_pe.\u_mul.\g_bw.g_wallace.u_tree.$xor$/home/danieltyukov/workspace/personal/tt-ihp-int8-npu/src/npu_csa_reduce.sv:49$1918 ($xor).
Removed top 7 bits (of 16) from port B of cell tt_um_danieltyukov_int8_npu.$flatten\u_core.\u_array.\g_row[2].g_col[0].u_pe.\u_mul.\g_bw.g_wallace.u_tree.$xor$/home/danieltyukov/workspace/personal/tt-ihp-int8-npu/src/npu_csa_reduce.sv:49$1918 ($xor).
Removed top 7 bits (of 16) from port Y of cell tt_um_danieltyukov_int8_npu.$flatten\u_core.\u_array.\g_row[2].g_col[0].u_pe.\u_mul.\g_bw.g_wallace.u_tree.$xor$/home/danieltyukov/workspace/personal/tt-ihp-int8-npu/src/npu_csa_reduce.sv:49$1918 ($xor).
Removed top 1 bits (of 16) from port Y of cell tt_um_danieltyukov_int8_npu.$flatten\u_core.\u_array.\g_row[2].g_col[0].u_pe.\u_mul.\u_cpa.$and$/home/danieltyukov/workspace/personal/tt-ihp-int8-npu/src/npu_adder.sv:60$1941 ($and).
Removed top 1 bits (of 16) from port A of cell tt_um_danieltyukov_int8_npu.$flatten\u_core.\u_array.\g_row[2].g_col[0].u_pe.\u_mul.\u_cpa.$and$/home/danieltyukov/workspace/personal/tt-ihp-int8-npu/src/npu_adder.sv:60$1941 ($and).
Removed top 1 bits (of 16) from port B of cell tt_um_danieltyukov_int8_npu.$flatten\u_core.\u_array.\g_row[2].g_col[0].u_pe.\u_mul.\u_cpa.$and$/home/danieltyukov/workspace/personal/tt-ihp-int8-npu/src/npu_adder.sv:60$1941 ($and).
Removed top 1 bits (of 16) from port Y of cell tt_um_danieltyukov_int8_npu.$flatten\u_core.\u_array.\g_row[2].g_col[0].u_pe.\u_mul.\g_bw.g_wallace.u_tree.\genblk1.g_reduce.u_next.$or$/home/danieltyukov/workspace/personal/tt-ihp-int8-npu/src/npu_csa_reduce.sv:53$2050 ($or).
Removed top 1 bits (of 16) from port A of cell tt_um_danieltyukov_int8_npu.$flatten\u_core.\u_array.\g_row[2].g_col[0].u_pe.\u_mul.\g_bw.g_wallace.u_tree.\genblk1.g_reduce.u_next.$or$/home/danieltyukov/workspace/personal/tt-ihp-int8-npu/src/npu_csa_reduce.sv:53$2050 ($or).
Removed top 1 bits (of 16) from port B of cell tt_um_danieltyukov_int8_npu.$flatten\u_core.\u_array.\g_row[2].g_col[0].u_pe.\u_mul.\g_bw.g_wallace.u_tree.\genblk1.g_reduce.u_next.$or$/home/danieltyukov/workspace/personal/tt-ihp-int8-npu/src/npu_csa_reduce.sv:53$2050 ($or).
Removed top 1 bits (of 16) from port Y of cell tt_um_danieltyukov_int8_npu.$flatten\u_core.\u_array.\g_row[2].g_col[0].u_pe.\u_mul.\g_bw.g_wallace.u_tree.\genblk1.g_reduce.u_next.$or$/home/danieltyukov/workspace/personal/tt-ihp-int8-npu/src/npu_csa_reduce.sv:53$2057 ($or).
Removed top 1 bits (of 16) from port A of cell tt_um_danieltyukov_int8_npu.$flatten\u_core.\u_array.\g_row[2].g_col[0].u_pe.\u_mul.\g_bw.g_wallace.u_tree.\genblk1.g_reduce.u_next.$or$/home/danieltyukov/workspace/personal/tt-ihp-int8-npu/src/npu_csa_reduce.sv:53$2057 ($or).
Removed top 1 bits (of 16) from port B of cell tt_um_danieltyukov_int8_npu.$flatten\u_core.\u_array.\g_row[2].g_col[0].u_pe.\u_mul.\g_bw.g_wallace.u_tree.\genblk1.g_reduce.u_next.$or$/home/danieltyukov/workspace/personal/tt-ihp-int8-npu/src/npu_csa_reduce.sv:53$2057 ($or).
Removed top 1 bits (of 16) from port Y of cell tt_um_danieltyukov_int8_npu.$flatten\u_core.\u_array.\g_row[2].g_col[0].u_pe.\u_mul.\g_bw.g_wallace.u_tree.\genblk1.g_reduce.u_next.\genblk1.g_reduce.u_next.\genblk1.g_reduce.u_next.$or$/home/danieltyukov/workspace/personal/tt-ihp-int8-npu/src/npu_csa_reduce.sv:53$1916 ($or).
Removed top 1 bits (of 16) from port A of cell tt_um_danieltyukov_int8_npu.$flatten\u_core.\u_array.\g_row[2].g_col[0].u_pe.\u_mul.\g_bw.g_wallace.u_tree.\genblk1.g_reduce.u_next.\genblk1.g_reduce.u_next.\genblk1.g_reduce.u_next.$or$/home/danieltyukov/workspace/personal/tt-ihp-int8-npu/src/npu_csa_reduce.sv:53$1916 ($or).
Removed top 1 bits (of 16) from port B of cell tt_um_danieltyukov_int8_npu.$flatten\u_core.\u_array.\g_row[2].g_col[0].u_pe.\u_mul.\g_bw.g_wallace.u_tree.\genblk1.g_reduce.u_next.\genblk1.g_reduce.u_next.\genblk1.g_reduce.u_next.$or$/home/danieltyukov/workspace/personal/tt-ihp-int8-npu/src/npu_csa_reduce.sv:53$1916 ($or).
Removed top 1 bits (of 16) from port Y of cell tt_um_danieltyukov_int8_npu.$flatten\u_core.\u_array.\g_row[2].g_col[0].u_pe.\u_mul.\g_bw.g_wallace.u_tree.\genblk1.g_reduce.u_next.\genblk1.g_reduce.u_next.$or$/home/danieltyukov/workspace/personal/tt-ihp-int8-npu/src/npu_csa_reduce.sv:53$2065 ($or).
Removed top 1 bits (of 16) from port A of cell tt_um_danieltyukov_int8_npu.$flatten\u_core.\u_array.\g_row[2].g_col[0].u_pe.\u_mul.\g_bw.g_wallace.u_tree.\genblk1.g_reduce.u_next.\genblk1.g_reduce.u_next.$or$/home/danieltyukov/workspace/personal/tt-ihp-int8-npu/src/npu_csa_reduce.sv:53$2065 ($or).
Removed top 1 bits (of 16) from port B of cell tt_um_danieltyukov_int8_npu.$flatten\u_core.\u_array.\g_row[2].g_col[0].u_pe.\u_mul.\g_bw.g_wallace.u_tree.\genblk1.g_reduce.u_next.\genblk1.g_reduce.u_next.$or$/home/danieltyukov/workspace/personal/tt-ihp-int8-npu/src/npu_csa_reduce.sv:53$2065 ($or).
Removed top 1 bits (of 16) from port Y of cell tt_um_danieltyukov_int8_npu.$flatten\u_core.\u_array.\g_row[2].g_col[0].u_pe.\u_mul.\g_bw.g_wallace.u_tree.\genblk1.g_reduce.u_next.\genblk1.g_reduce.u_next.$and$/home/danieltyukov/workspace/personal/tt-ihp-int8-npu/src/npu_csa_reduce.sv:53$2064 ($and).
Removed top 1 bits (of 16) from port A of cell tt_um_danieltyukov_int8_npu.$flatten\u_core.\u_array.\g_row[2].g_col[0].u_pe.\u_mul.\g_bw.g_wallace.u_tree.\genblk1.g_reduce.u_next.\genblk1.g_reduce.u_next.$and$/home/danieltyukov/workspace/personal/tt-ihp-int8-npu/src/npu_csa_reduce.sv:53$2064 ($and).
Removed top 1 bits (of 16) from port B of cell tt_um_danieltyukov_int8_npu.$flatten\u_core.\u_array.\g_row[2].g_col[0].u_pe.\u_mul.\g_bw.g_wallace.u_tree.\genblk1.g_reduce.u_next.\genblk1.g_reduce.u_next.$and$/home/danieltyukov/workspace/personal/tt-ihp-int8-npu/src/npu_csa_reduce.sv:53$2064 ($and).
Removed top 1 bits (of 16) from port Y of cell tt_um_danieltyukov_int8_npu.$flatten\u_core.\u_array.\g_row[2].g_col[0].u_pe.\u_mul.\g_bw.g_wallace.u_tree.\genblk1.g_reduce.u_next.\genblk1.g_reduce.u_next.$or$/home/danieltyukov/workspace/personal/tt-ihp-int8-npu/src/npu_csa_reduce.sv:53$2063 ($or).
Removed top 1 bits (of 16) from port A of cell tt_um_danieltyukov_int8_npu.$flatten\u_core.\u_array.\g_row[2].g_col[0].u_pe.\u_mul.\g_bw.g_wallace.u_tree.\genblk1.g_reduce.u_next.\genblk1.g_reduce.u_next.$or$/home/danieltyukov/workspace/personal/tt-ihp-int8-npu/src/npu_csa_reduce.sv:53$2063 ($or).
Removed top 1 bits (of 16) from port B of cell tt_um_danieltyukov_int8_npu.$flatten\u_core.\u_array.\g_row[2].g_col[0].u_pe.\u_mul.\g_bw.g_wallace.u_tree.\genblk1.g_reduce.u_next.\genblk1.g_reduce.u_next.$or$/home/danieltyukov/workspace/personal/tt-ihp-int8-npu/src/npu_csa_reduce.sv:53$2063 ($or).
Removed top 1 bits (of 16) from port Y of cell tt_um_danieltyukov_int8_npu.$flatten\u_core.\u_array.\g_row[2].g_col[0].u_pe.\u_mul.\g_bw.g_wallace.u_tree.\genblk1.g_reduce.u_next.\genblk1.g_reduce.u_next.$and$/home/danieltyukov/workspace/personal/tt-ihp-int8-npu/src/npu_csa_reduce.sv:53$2062 ($and).
Removed top 1 bits (of 16) from port A of cell tt_um_danieltyukov_int8_npu.$flatten\u_core.\u_array.\g_row[2].g_col[0].u_pe.\u_mul.\g_bw.g_wallace.u_tree.\genblk1.g_reduce.u_next.\genblk1.g_reduce.u_next.$and$/home/danieltyukov/workspace/personal/tt-ihp-int8-npu/src/npu_csa_reduce.sv:53$2062 ($and).
Removed top 1 bits (of 16) from port B of cell tt_um_danieltyukov_int8_npu.$flatten\u_core.\u_array.\g_row[2].g_col[0].u_pe.\u_mul.\g_bw.g_wallace.u_tree.\genblk1.g_reduce.u_next.\genblk1.g_reduce.u_next.$and$/home/danieltyukov/workspace/personal/tt-ihp-int8-npu/src/npu_csa_reduce.sv:53$2062 ($and).
Removed top 1 bits (of 16) from port Y of cell tt_um_danieltyukov_int8_npu.$flatten\u_core.\u_array.\g_row[2].g_col[0].u_pe.\u_mul.\g_bw.g_wallace.u_tree.\genblk1.g_reduce.u_next.\genblk1.g_reduce.u_next.$and$/home/danieltyukov/workspace/personal/tt-ihp-int8-npu/src/npu_csa_reduce.sv:53$2061 ($and).
Removed top 1 bits (of 16) from port A of cell tt_um_danieltyukov_int8_npu.$flatten\u_core.\u_array.\g_row[2].g_col[0].u_pe.\u_mul.\g_bw.g_wallace.u_tree.\genblk1.g_reduce.u_next.\genblk1.g_reduce.u_next.$and$/home/danieltyukov/workspace/personal/tt-ihp-int8-npu/src/npu_csa_reduce.sv:53$2061 ($and).
Removed top 1 bits (of 16) from port B of cell tt_um_danieltyukov_int8_npu.$flatten\u_core.\u_array.\g_row[2].g_col[0].u_pe.\u_mul.\g_bw.g_wallace.u_tree.\genblk1.g_reduce.u_next.\genblk1.g_reduce.u_next.$and$/home/danieltyukov/workspace/personal/tt-ihp-int8-npu/src/npu_csa_reduce.sv:53$2061 ($and).
Removed top 7 bits (of 16) from port B of cell tt_um_danieltyukov_int8_npu.$flatten\u_core.\u_array.\g_row[2].g_col[0].u_pe.\u_mul.\g_bw.g_wallace.u_tree.$or$/home/danieltyukov/workspace/personal/tt-ihp-int8-npu/src/npu_csa_reduce.sv:53$1938 ($or).
Removed top 1 bits (of 16) from port Y of cell tt_um_danieltyukov_int8_npu.$flatten\u_core.\u_array.\g_row[2].g_col[0].u_pe.\u_mul.\g_bw.g_wallace.u_tree.$or$/home/danieltyukov/workspace/personal/tt-ihp-int8-npu/src/npu_csa_reduce.sv:53$1938 ($or).
Removed top 1 bits (of 16) from port A of cell tt_um_danieltyukov_int8_npu.$flatten\u_core.\u_array.\g_row[2].g_col[0].u_pe.\u_mul.\g_bw.g_wallace.u_tree.$or$/home/danieltyukov/workspace/personal/tt-ihp-int8-npu/src/npu_csa_reduce.sv:53$1938 ($or).
Removed top 7 bits (of 16) from port B of cell tt_um_danieltyukov_int8_npu.$flatten\u_core.\u_array.\g_row[2].g_col[0].u_pe.\u_mul.\g_bw.g_wallace.u_tree.$or$/home/danieltyukov/workspace/personal/tt-ihp-int8-npu/src/npu_csa_reduce.sv:53$1936 ($or).
Removed top 1 bits (of 16) from port Y of cell tt_um_danieltyukov_int8_npu.$flatten\u_core.\u_array.\g_row[2].g_col[0].u_pe.\u_mul.\g_bw.g_wallace.u_tree.$or$/home/danieltyukov/workspace/personal/tt-ihp-int8-npu/src/npu_csa_reduce.sv:53$1936 ($or).
Removed top 1 bits (of 16) from port A of cell tt_um_danieltyukov_int8_npu.$flatten\u_core.\u_array.\g_row[2].g_col[0].u_pe.\u_mul.\g_bw.g_wallace.u_tree.$or$/home/danieltyukov/workspace/personal/tt-ihp-int8-npu/src/npu_csa_reduce.sv:53$1936 ($or).
Removed top 2 bits (of 16) from port A of cell tt_um_danieltyukov_int8_npu.$flatten\u_core.\u_array.\g_row[2].g_col[0].u_pe.\u_mul.\g_bw.g_wallace.u_tree.$and$/home/danieltyukov/workspace/personal/tt-ihp-int8-npu/src/npu_csa_reduce.sv:53$1934 ($and).
Removed top 1 bits (of 16) from port B of cell tt_um_danieltyukov_int8_npu.$flatten\u_core.\u_array.\g_row[2].g_col[0].u_pe.\u_mul.\g_bw.g_wallace.u_tree.$and$/home/danieltyukov/workspace/personal/tt-ihp-int8-npu/src/npu_csa_reduce.sv:53$1934 ($and).
Removed top 1 bits (of 16) from port Y of cell tt_um_danieltyukov_int8_npu.$flatten\u_core.\u_array.\g_row[2].g_col[0].u_pe.\u_mul.\g_bw.g_wallace.u_tree.$and$/home/danieltyukov/workspace/personal/tt-ihp-int8-npu/src/npu_csa_reduce.sv:53$1934 ($and).
Removed top 2 bits (of 16) from port A of cell tt_um_danieltyukov_int8_npu.$flatten\u_core.\u_array.\g_row[2].g_col[0].u_pe.\u_mul.\g_bw.g_wallace.u_tree.$xor$/home/danieltyukov/workspace/personal/tt-ihp-int8-npu/src/npu_csa_reduce.sv:49$1932 ($xor).
Removed top 1 bits (of 16) from port B of cell tt_um_danieltyukov_int8_npu.$flatten\u_core.\u_array.\g_row[2].g_col[0].u_pe.\u_mul.\g_bw.g_wallace.u_tree.$xor$/home/danieltyukov/workspace/personal/tt-ihp-int8-npu/src/npu_csa_reduce.sv:49$1932 ($xor).
Removed top 1 bits (of 16) from port Y of cell tt_um_danieltyukov_int8_npu.$flatten\u_core.\u_array.\g_row[2].g_col[0].u_pe.\u_mul.\g_bw.g_wallace.u_tree.$xor$/home/danieltyukov/workspace/personal/tt-ihp-int8-npu/src/npu_csa_reduce.sv:49$1932 ($xor).
Removed top 1 bits (of 16) from port Y of cell tt_um_danieltyukov_int8_npu.$flatten\u_core.\u_array.\g_row[2].g_col[0].u_pe.\u_mul.\g_bw.g_wallace.u_tree.$or$/home/danieltyukov/workspace/personal/tt-ihp-int8-npu/src/npu_csa_reduce.sv:53$1931 ($or).
Removed top 1 bits (of 16) from port A of cell tt_um_danieltyukov_int8_npu.$flatten\u_core.\u_array.\g_row[2].g_col[0].u_pe.\u_mul.\g_bw.g_wallace.u_tree.$or$/home/danieltyukov/workspace/personal/tt-ihp-int8-npu/src/npu_csa_reduce.sv:53$1931 ($or).
Removed top 1 bits (of 16) from port B of cell tt_um_danieltyukov_int8_npu.$flatten\u_core.\u_array.\g_row[2].g_col[0].u_pe.\u_mul.\g_bw.g_wallace.u_tree.$or$/home/danieltyukov/workspace/personal/tt-ihp-int8-npu/src/npu_csa_reduce.sv:53$1931 ($or).
Removed top 4 bits (of 16) from port A of cell tt_um_danieltyukov_int8_npu.$flatten\u_core.\u_array.\g_row[2].g_col[0].u_pe.\u_mul.\g_bw.g_wallace.u_tree.$and$/home/danieltyukov/workspace/personal/tt-ihp-int8-npu/src/npu_csa_reduce.sv:53$1930 ($and).
Removed top 3 bits (of 16) from port B of cell tt_um_danieltyukov_int8_npu.$flatten\u_core.\u_array.\g_row[2].g_col[0].u_pe.\u_mul.\g_bw.g_wallace.u_tree.$and$/home/danieltyukov/workspace/personal/tt-ihp-int8-npu/src/npu_csa_reduce.sv:53$1930 ($and).
Removed top 3 bits (of 16) from port Y of cell tt_um_danieltyukov_int8_npu.$flatten\u_core.\u_array.\g_row[2].g_col[0].u_pe.\u_mul.\g_bw.g_wallace.u_tree.$and$/home/danieltyukov/workspace/personal/tt-ihp-int8-npu/src/npu_csa_reduce.sv:53$1930 ($and).
Removed top 1 bits (of 16) from port Y of cell tt_um_danieltyukov_int8_npu.$flatten\u_core.\u_array.\g_row[2].g_col[0].u_pe.\u_mul.\g_bw.g_wallace.u_tree.$or$/home/danieltyukov/workspace/personal/tt-ihp-int8-npu/src/npu_csa_reduce.sv:53$1929 ($or).
Removed top 1 bits (of 16) from port A of cell tt_um_danieltyukov_int8_npu.$flatten\u_core.\u_array.\g_row[2].g_col[0].u_pe.\u_mul.\g_bw.g_wallace.u_tree.$or$/home/danieltyukov/workspace/personal/tt-ihp-int8-npu/src/npu_csa_reduce.sv:53$1929 ($or).
Removed top 1 bits (of 16) from port B of cell tt_um_danieltyukov_int8_npu.$flatten\u_core.\u_array.\g_row[2].g_col[0].u_pe.\u_mul.\g_bw.g_wallace.u_tree.$or$/home/danieltyukov/workspace/personal/tt-ihp-int8-npu/src/npu_csa_reduce.sv:53$1929 ($or).
Removed top 5 bits (of 16) from port A of cell tt_um_danieltyukov_int8_npu.$flatten\u_core.\u_array.\g_row[2].g_col[0].u_pe.\u_mul.\g_bw.g_wallace.u_tree.$and$/home/danieltyukov/workspace/personal/tt-ihp-int8-npu/src/npu_csa_reduce.sv:53$1928 ($and).
Removed top 3 bits (of 16) from port B of cell tt_um_danieltyukov_int8_npu.$flatten\u_core.\u_array.\g_row[2].g_col[0].u_pe.\u_mul.\g_bw.g_wallace.u_tree.$and$/home/danieltyukov/workspace/personal/tt-ihp-int8-npu/src/npu_csa_reduce.sv:53$1928 ($and).
Removed top 3 bits (of 16) from port Y of cell tt_um_danieltyukov_int8_npu.$flatten\u_core.\u_array.\g_row[2].g_col[0].u_pe.\u_mul.\g_bw.g_wallace.u_tree.$and$/home/danieltyukov/workspace/personal/tt-ihp-int8-npu/src/npu_csa_reduce.sv:53$1928 ($and).
Removed top 5 bits (of 16) from port A of cell tt_um_danieltyukov_int8_npu.$flatten\u_core.\u_array.\g_row[2].g_col[0].u_pe.\u_mul.\g_bw.g_wallace.u_tree.$and$/home/danieltyukov/workspace/personal/tt-ihp-int8-npu/src/npu_csa_reduce.sv:53$1927 ($and).
Removed top 4 bits (of 16) from port B of cell tt_um_danieltyukov_int8_npu.$flatten\u_core.\u_array.\g_row[2].g_col[0].u_pe.\u_mul.\g_bw.g_wallace.u_tree.$and$/home/danieltyukov/workspace/personal/tt-ihp-int8-npu/src/npu_csa_reduce.sv:53$1927 ($and).
Removed top 4 bits (of 16) from port Y of cell tt_um_danieltyukov_int8_npu.$flatten\u_core.\u_array.\g_row[2].g_col[0].u_pe.\u_mul.\g_bw.g_wallace.u_tree.$and$/home/danieltyukov/workspace/personal/tt-ihp-int8-npu/src/npu_csa_reduce.sv:53$1927 ($and).
Removed top 3 bits (of 16) from port B of cell tt_um_danieltyukov_int8_npu.$flatten\u_core.\u_array.\g_row[2].g_col[0].u_pe.\u_mul.\g_bw.g_wallace.u_tree.$xor$/home/danieltyukov/workspace/personal/tt-ihp-int8-npu/src/npu_csa_reduce.sv:49$1926 ($xor).
Removed top 5 bits (of 16) from port A of cell tt_um_danieltyukov_int8_npu.$flatten\u_core.\u_array.\g_row[2].g_col[0].u_pe.\u_mul.\g_bw.g_wallace.u_tree.$xor$/home/danieltyukov/workspace/personal/tt-ihp-int8-npu/src/npu_csa_reduce.sv:49$1925 ($xor).
Removed top 4 bits (of 16) from port B of cell tt_um_danieltyukov_int8_npu.$flatten\u_core.\u_array.\g_row[2].g_col[0].u_pe.\u_mul.\g_bw.g_wallace.u_tree.$xor$/home/danieltyukov/workspace/personal/tt-ihp-int8-npu/src/npu_csa_reduce.sv:49$1925 ($xor).
Removed top 4 bits (of 16) from port Y of cell tt_um_danieltyukov_int8_npu.$flatten\u_core.\u_array.\g_row[2].g_col[0].u_pe.\u_mul.\g_bw.g_wallace.u_tree.$xor$/home/danieltyukov/workspace/personal/tt-ihp-int8-npu/src/npu_csa_reduce.sv:49$1925 ($xor).
Removed top 1 bits (of 16) from port Y of cell tt_um_danieltyukov_int8_npu.$flatten\u_core.\u_array.\g_row[2].g_col[0].u_pe.\u_mul.\g_bw.g_wallace.u_tree.$or$/home/danieltyukov/workspace/personal/tt-ihp-int8-npu/src/npu_csa_reduce.sv:53$1924 ($or).
Removed top 1 bits (of 16) from port A of cell tt_um_danieltyukov_int8_npu.$flatten\u_core.\u_array.\g_row[2].g_col[0].u_pe.\u_mul.\g_bw.g_wallace.u_tree.$or$/home/danieltyukov/workspace/personal/tt-ihp-int8-npu/src/npu_csa_reduce.sv:53$1924 ($or).
Removed top 1 bits (of 16) from port B of cell tt_um_danieltyukov_int8_npu.$flatten\u_core.\u_array.\g_row[2].g_col[0].u_pe.\u_mul.\g_bw.g_wallace.u_tree.$or$/home/danieltyukov/workspace/personal/tt-ihp-int8-npu/src/npu_csa_reduce.sv:53$1924 ($or).
Removed top 7 bits (of 16) from port A of cell tt_um_danieltyukov_int8_npu.$flatten\u_core.\u_array.\g_row[2].g_col[0].u_pe.\u_mul.\g_bw.g_wallace.u_tree.$and$/home/danieltyukov/workspace/personal/tt-ihp-int8-npu/src/npu_csa_reduce.sv:53$1923 ($and).
Removed top 6 bits (of 16) from port B of cell tt_um_danieltyukov_int8_npu.$flatten\u_core.\u_array.\g_row[2].g_col[0].u_pe.\u_mul.\g_bw.g_wallace.u_tree.$and$/home/danieltyukov/workspace/personal/tt-ihp-int8-npu/src/npu_csa_reduce.sv:53$1923 ($and).
Removed top 6 bits (of 16) from port Y of cell tt_um_danieltyukov_int8_npu.$flatten\u_core.\u_array.\g_row[2].g_col[0].u_pe.\u_mul.\g_bw.g_wallace.u_tree.$and$/home/danieltyukov/workspace/personal/tt-ihp-int8-npu/src/npu_csa_reduce.sv:53$1923 ($and).
Removed top 1 bits (of 16) from port Y of cell tt_um_danieltyukov_int8_npu.$flatten\u_core.\u_array.\g_row[2].g_col[0].u_pe.\u_mul.\g_bw.g_wallace.u_tree.$or$/home/danieltyukov/workspace/personal/tt-ihp-int8-npu/src/npu_csa_reduce.sv:53$1922 ($or).
Removed top 1 bits (of 16) from port A of cell tt_um_danieltyukov_int8_npu.$flatten\u_core.\u_array.\g_row[2].g_col[0].u_pe.\u_mul.\g_bw.g_wallace.u_tree.$or$/home/danieltyukov/workspace/personal/tt-ihp-int8-npu/src/npu_csa_reduce.sv:53$1922 ($or).
Removed top 1 bits (of 16) from port B of cell tt_um_danieltyukov_int8_npu.$flatten\u_core.\u_array.\g_row[2].g_col[0].u_pe.\u_mul.\g_bw.g_wallace.u_tree.$or$/home/danieltyukov/workspace/personal/tt-ihp-int8-npu/src/npu_csa_reduce.sv:53$1922 ($or).
Removed top 8 bits (of 16) from port A of cell tt_um_danieltyukov_int8_npu.$flatten\u_core.\u_array.\g_row[2].g_col[0].u_pe.\u_mul.\g_bw.g_wallace.u_tree.$and$/home/danieltyukov/workspace/personal/tt-ihp-int8-npu/src/npu_csa_reduce.sv:53$1921 ($and).
Removed top 6 bits (of 16) from port B of cell tt_um_danieltyukov_int8_npu.$flatten\u_core.\u_array.\g_row[2].g_col[0].u_pe.\u_mul.\g_bw.g_wallace.u_tree.$and$/home/danieltyukov/workspace/personal/tt-ihp-int8-npu/src/npu_csa_reduce.sv:53$1921 ($and).
Removed top 6 bits (of 16) from port Y of cell tt_um_danieltyukov_int8_npu.$flatten\u_core.\u_array.\g_row[2].g_col[0].u_pe.\u_mul.\g_bw.g_wallace.u_tree.$and$/home/danieltyukov/workspace/personal/tt-ihp-int8-npu/src/npu_csa_reduce.sv:53$1921 ($and).
Removed top 8 bits (of 16) from port A of cell tt_um_danieltyukov_int8_npu.$flatten\u_core.\u_array.\g_row[2].g_col[0].u_pe.\u_mul.\g_bw.g_wallace.u_tree.$and$/home/danieltyukov/workspace/personal/tt-ihp-int8-npu/src/npu_csa_reduce.sv:53$1920 ($and).
Removed top 7 bits (of 16) from port B of cell tt_um_danieltyukov_int8_npu.$flatten\u_core.\u_array.\g_row[2].g_col[0].u_pe.\u_mul.\g_bw.g_wallace.u_tree.$and$/home/danieltyukov/workspace/personal/tt-ihp-int8-npu/src/npu_csa_reduce.sv:53$1920 ($and).
Removed top 7 bits (of 16) from port Y of cell tt_um_danieltyukov_int8_npu.$flatten\u_core.\u_array.\g_row[2].g_col[0].u_pe.\u_mul.\g_bw.g_wallace.u_tree.$and$/home/danieltyukov/workspace/personal/tt-ihp-int8-npu/src/npu_csa_reduce.sv:53$1920 ($and).
Removed top 7 bits (of 16) from port A of cell tt_um_danieltyukov_int8_npu.$flatten\u_core.\u_array.\g_row[2].g_col[0].u_pe.\u_mul.\g_bw.g_wallace.u_tree.$xor$/home/danieltyukov/workspace/personal/tt-ihp-int8-npu/src/npu_csa_reduce.sv:49$1919 ($xor).
Removed top 6 bits (of 16) from port B of cell tt_um_danieltyukov_int8_npu.$flatten\u_core.\u_array.\g_row[2].g_col[0].u_pe.\u_mul.\g_bw.g_wallace.u_tree.$xor$/home/danieltyukov/workspace/personal/tt-ihp-int8-npu/src/npu_csa_reduce.sv:49$1919 ($xor).
Removed top 6 bits (of 16) from port Y of cell tt_um_danieltyukov_int8_npu.$flatten\u_core.\u_array.\g_row[2].g_col[0].u_pe.\u_mul.\g_bw.g_wallace.u_tree.$xor$/home/danieltyukov/workspace/personal/tt-ihp-int8-npu/src/npu_csa_reduce.sv:49$1919 ($xor).
Removed top 1 bits (of 19) from port Y of cell tt_um_danieltyukov_int8_npu.$flatten\u_core.\u_array.\g_row[2].g_col[1].u_pe.\u_add.$and$/home/danieltyukov/workspace/personal/tt-ihp-int8-npu/src/npu_adder.sv:60$1785 ($and).
Removed top 1 bits (of 19) from port A of cell tt_um_danieltyukov_int8_npu.$flatten\u_core.\u_array.\g_row[2].g_col[1].u_pe.\u_add.$and$/home/danieltyukov/workspace/personal/tt-ihp-int8-npu/src/npu_adder.sv:60$1785 ($and).
Removed top 1 bits (of 19) from port B of cell tt_um_danieltyukov_int8_npu.$flatten\u_core.\u_array.\g_row[2].g_col[1].u_pe.\u_add.$and$/home/danieltyukov/workspace/personal/tt-ihp-int8-npu/src/npu_adder.sv:60$1785 ($and).
Removed top 8 bits (of 16) from port A of cell tt_um_danieltyukov_int8_npu.$flatten\u_core.\u_array.\g_row[2].g_col[1].u_pe.\u_mul.\g_bw.g_wallace.u_tree.$xor$/home/danieltyukov/workspace/personal/tt-ihp-int8-npu/src/npu_csa_reduce.sv:49$1918 ($xor).
Removed top 7 bits (of 16) from port B of cell tt_um_danieltyukov_int8_npu.$flatten\u_core.\u_array.\g_row[2].g_col[1].u_pe.\u_mul.\g_bw.g_wallace.u_tree.$xor$/home/danieltyukov/workspace/personal/tt-ihp-int8-npu/src/npu_csa_reduce.sv:49$1918 ($xor).
Removed top 7 bits (of 16) from port Y of cell tt_um_danieltyukov_int8_npu.$flatten\u_core.\u_array.\g_row[2].g_col[1].u_pe.\u_mul.\g_bw.g_wallace.u_tree.$xor$/home/danieltyukov/workspace/personal/tt-ihp-int8-npu/src/npu_csa_reduce.sv:49$1918 ($xor).
Removed top 1 bits (of 16) from port Y of cell tt_um_danieltyukov_int8_npu.$flatten\u_core.\u_array.\g_row[2].g_col[1].u_pe.\u_mul.\u_cpa.$and$/home/danieltyukov/workspace/personal/tt-ihp-int8-npu/src/npu_adder.sv:60$1941 ($and).
Removed top 1 bits (of 16) from port A of cell tt_um_danieltyukov_int8_npu.$flatten\u_core.\u_array.\g_row[2].g_col[1].u_pe.\u_mul.\u_cpa.$and$/home/danieltyukov/workspace/personal/tt-ihp-int8-npu/src/npu_adder.sv:60$1941 ($and).
Removed top 1 bits (of 16) from port B of cell tt_um_danieltyukov_int8_npu.$flatten\u_core.\u_array.\g_row[2].g_col[1].u_pe.\u_mul.\u_cpa.$and$/home/danieltyukov/workspace/personal/tt-ihp-int8-npu/src/npu_adder.sv:60$1941 ($and).
Removed top 1 bits (of 16) from port Y of cell tt_um_danieltyukov_int8_npu.$flatten\u_core.\u_array.\g_row[2].g_col[1].u_pe.\u_mul.\g_bw.g_wallace.u_tree.\genblk1.g_reduce.u_next.$or$/home/danieltyukov/workspace/personal/tt-ihp-int8-npu/src/npu_csa_reduce.sv:53$2050 ($or).
Removed top 1 bits (of 16) from port A of cell tt_um_danieltyukov_int8_npu.$flatten\u_core.\u_array.\g_row[2].g_col[1].u_pe.\u_mul.\g_bw.g_wallace.u_tree.\genblk1.g_reduce.u_next.$or$/home/danieltyukov/workspace/personal/tt-ihp-int8-npu/src/npu_csa_reduce.sv:53$2050 ($or).
Removed top 1 bits (of 16) from port B of cell tt_um_danieltyukov_int8_npu.$flatten\u_core.\u_array.\g_row[2].g_col[1].u_pe.\u_mul.\g_bw.g_wallace.u_tree.\genblk1.g_reduce.u_next.$or$/home/danieltyukov/workspace/personal/tt-ihp-int8-npu/src/npu_csa_reduce.sv:53$2050 ($or).
Removed top 1 bits (of 16) from port Y of cell tt_um_danieltyukov_int8_npu.$flatten\u_core.\u_array.\g_row[2].g_col[1].u_pe.\u_mul.\g_bw.g_wallace.u_tree.\genblk1.g_reduce.u_next.$or$/home/danieltyukov/workspace/personal/tt-ihp-int8-npu/src/npu_csa_reduce.sv:53$2057 ($or).
Removed top 1 bits (of 16) from port A of cell tt_um_danieltyukov_int8_npu.$flatten\u_core.\u_array.\g_row[2].g_col[1].u_pe.\u_mul.\g_bw.g_wallace.u_tree.\genblk1.g_reduce.u_next.$or$/home/danieltyukov/workspace/personal/tt-ihp-int8-npu/src/npu_csa_reduce.sv:53$2057 ($or).
Removed top 1 bits (of 16) from port B of cell tt_um_danieltyukov_int8_npu.$flatten\u_core.\u_array.\g_row[2].g_col[1].u_pe.\u_mul.\g_bw.g_wallace.u_tree.\genblk1.g_reduce.u_next.$or$/home/danieltyukov/workspace/personal/tt-ihp-int8-npu/src/npu_csa_reduce.sv:53$2057 ($or).
Removed top 1 bits (of 16) from port Y of cell tt_um_danieltyukov_int8_npu.$flatten\u_core.\u_array.\g_row[2].g_col[1].u_pe.\u_mul.\g_bw.g_wallace.u_tree.\genblk1.g_reduce.u_next.\genblk1.g_reduce.u_next.\genblk1.g_reduce.u_next.$or$/home/danieltyukov/workspace/personal/tt-ihp-int8-npu/src/npu_csa_reduce.sv:53$1916 ($or).
Removed top 1 bits (of 16) from port A of cell tt_um_danieltyukov_int8_npu.$flatten\u_core.\u_array.\g_row[2].g_col[1].u_pe.\u_mul.\g_bw.g_wallace.u_tree.\genblk1.g_reduce.u_next.\genblk1.g_reduce.u_next.\genblk1.g_reduce.u_next.$or$/home/danieltyukov/workspace/personal/tt-ihp-int8-npu/src/npu_csa_reduce.sv:53$1916 ($or).
Removed top 1 bits (of 16) from port B of cell tt_um_danieltyukov_int8_npu.$flatten\u_core.\u_array.\g_row[2].g_col[1].u_pe.\u_mul.\g_bw.g_wallace.u_tree.\genblk1.g_reduce.u_next.\genblk1.g_reduce.u_next.\genblk1.g_reduce.u_next.$or$/home/danieltyukov/workspace/personal/tt-ihp-int8-npu/src/npu_csa_reduce.sv:53$1916 ($or).
Removed top 1 bits (of 16) from port Y of cell tt_um_danieltyukov_int8_npu.$flatten\u_core.\u_array.\g_row[2].g_col[1].u_pe.\u_mul.\g_bw.g_wallace.u_tree.\genblk1.g_reduce.u_next.\genblk1.g_reduce.u_next.$or$/home/danieltyukov/workspace/personal/tt-ihp-int8-npu/src/npu_csa_reduce.sv:53$2065 ($or).
Removed top 1 bits (of 16) from port A of cell tt_um_danieltyukov_int8_npu.$flatten\u_core.\u_array.\g_row[2].g_col[1].u_pe.\u_mul.\g_bw.g_wallace.u_tree.\genblk1.g_reduce.u_next.\genblk1.g_reduce.u_next.$or$/home/danieltyukov/workspace/personal/tt-ihp-int8-npu/src/npu_csa_reduce.sv:53$2065 ($or).
Removed top 1 bits (of 16) from port B of cell tt_um_danieltyukov_int8_npu.$flatten\u_core.\u_array.\g_row[2].g_col[1].u_pe.\u_mul.\g_bw.g_wallace.u_tree.\genblk1.g_reduce.u_next.\genblk1.g_reduce.u_next.$or$/home/danieltyukov/workspace/personal/tt-ihp-int8-npu/src/npu_csa_reduce.sv:53$2065 ($or).
Removed top 1 bits (of 16) from port Y of cell tt_um_danieltyukov_int8_npu.$flatten\u_core.\u_array.\g_row[2].g_col[1].u_pe.\u_mul.\g_bw.g_wallace.u_tree.\genblk1.g_reduce.u_next.\genblk1.g_reduce.u_next.$and$/home/danieltyukov/workspace/personal/tt-ihp-int8-npu/src/npu_csa_reduce.sv:53$2064 ($and).
Removed top 1 bits (of 16) from port A of cell tt_um_danieltyukov_int8_npu.$flatten\u_core.\u_array.\g_row[2].g_col[1].u_pe.\u_mul.\g_bw.g_wallace.u_tree.\genblk1.g_reduce.u_next.\genblk1.g_reduce.u_next.$and$/home/danieltyukov/workspace/personal/tt-ihp-int8-npu/src/npu_csa_reduce.sv:53$2064 ($and).
Removed top 1 bits (of 16) from port B of cell tt_um_danieltyukov_int8_npu.$flatten\u_core.\u_array.\g_row[2].g_col[1].u_pe.\u_mul.\g_bw.g_wallace.u_tree.\genblk1.g_reduce.u_next.\genblk1.g_reduce.u_next.$and$/home/danieltyukov/workspace/personal/tt-ihp-int8-npu/src/npu_csa_reduce.sv:53$2064 ($and).
Removed top 1 bits (of 16) from port Y of cell tt_um_danieltyukov_int8_npu.$flatten\u_core.\u_array.\g_row[2].g_col[1].u_pe.\u_mul.\g_bw.g_wallace.u_tree.\genblk1.g_reduce.u_next.\genblk1.g_reduce.u_next.$or$/home/danieltyukov/workspace/personal/tt-ihp-int8-npu/src/npu_csa_reduce.sv:53$2063 ($or).
Removed top 1 bits (of 16) from port A of cell tt_um_danieltyukov_int8_npu.$flatten\u_core.\u_array.\g_row[2].g_col[1].u_pe.\u_mul.\g_bw.g_wallace.u_tree.\genblk1.g_reduce.u_next.\genblk1.g_reduce.u_next.$or$/home/danieltyukov/workspace/personal/tt-ihp-int8-npu/src/npu_csa_reduce.sv:53$2063 ($or).
Removed top 1 bits (of 16) from port B of cell tt_um_danieltyukov_int8_npu.$flatten\u_core.\u_array.\g_row[2].g_col[1].u_pe.\u_mul.\g_bw.g_wallace.u_tree.\genblk1.g_reduce.u_next.\genblk1.g_reduce.u_next.$or$/home/danieltyukov/workspace/personal/tt-ihp-int8-npu/src/npu_csa_reduce.sv:53$2063 ($or).
Removed top 1 bits (of 16) from port Y of cell tt_um_danieltyukov_int8_npu.$flatten\u_core.\u_array.\g_row[2].g_col[1].u_pe.\u_mul.\g_bw.g_wallace.u_tree.\genblk1.g_reduce.u_next.\genblk1.g_reduce.u_next.$and$/home/danieltyukov/workspace/personal/tt-ihp-int8-npu/src/npu_csa_reduce.sv:53$2062 ($and).
Removed top 1 bits (of 16) from port A of cell tt_um_danieltyukov_int8_npu.$flatten\u_core.\u_array.\g_row[2].g_col[1].u_pe.\u_mul.\g_bw.g_wallace.u_tree.\genblk1.g_reduce.u_next.\genblk1.g_reduce.u_next.$and$/home/danieltyukov/workspace/personal/tt-ihp-int8-npu/src/npu_csa_reduce.sv:53$2062 ($and).
Removed top 1 bits (of 16) from port B of cell tt_um_danieltyukov_int8_npu.$flatten\u_core.\u_array.\g_row[2].g_col[1].u_pe.\u_mul.\g_bw.g_wallace.u_tree.\genblk1.g_reduce.u_next.\genblk1.g_reduce.u_next.$and$/home/danieltyukov/workspace/personal/tt-ihp-int8-npu/src/npu_csa_reduce.sv:53$2062 ($and).
Removed top 1 bits (of 16) from port Y of cell tt_um_danieltyukov_int8_npu.$flatten\u_core.\u_array.\g_row[2].g_col[1].u_pe.\u_mul.\g_bw.g_wallace.u_tree.\genblk1.g_reduce.u_next.\genblk1.g_reduce.u_next.$and$/home/danieltyukov/workspace/personal/tt-ihp-int8-npu/src/npu_csa_reduce.sv:53$2061 ($and).
Removed top 1 bits (of 16) from port A of cell tt_um_danieltyukov_int8_npu.$flatten\u_core.\u_array.\g_row[2].g_col[1].u_pe.\u_mul.\g_bw.g_wallace.u_tree.\genblk1.g_reduce.u_next.\genblk1.g_reduce.u_next.$and$/home/danieltyukov/workspace/personal/tt-ihp-int8-npu/src/npu_csa_reduce.sv:53$2061 ($and).
Removed top 1 bits (of 16) from port B of cell tt_um_danieltyukov_int8_npu.$flatten\u_core.\u_array.\g_row[2].g_col[1].u_pe.\u_mul.\g_bw.g_wallace.u_tree.\genblk1.g_reduce.u_next.\genblk1.g_reduce.u_next.$and$/home/danieltyukov/workspace/personal/tt-ihp-int8-npu/src/npu_csa_reduce.sv:53$2061 ($and).
Removed top 7 bits (of 16) from port B of cell tt_um_danieltyukov_int8_npu.$flatten\u_core.\u_array.\g_row[2].g_col[1].u_pe.\u_mul.\g_bw.g_wallace.u_tree.$or$/home/danieltyukov/workspace/personal/tt-ihp-int8-npu/src/npu_csa_reduce.sv:53$1938 ($or).
Removed top 1 bits (of 16) from port Y of cell tt_um_danieltyukov_int8_npu.$flatten\u_core.\u_array.\g_row[2].g_col[1].u_pe.\u_mul.\g_bw.g_wallace.u_tree.$or$/home/danieltyukov/workspace/personal/tt-ihp-int8-npu/src/npu_csa_reduce.sv:53$1938 ($or).
Removed top 1 bits (of 16) from port A of cell tt_um_danieltyukov_int8_npu.$flatten\u_core.\u_array.\g_row[2].g_col[1].u_pe.\u_mul.\g_bw.g_wallace.u_tree.$or$/home/danieltyukov/workspace/personal/tt-ihp-int8-npu/src/npu_csa_reduce.sv:53$1938 ($or).
Removed top 7 bits (of 16) from port B of cell tt_um_danieltyukov_int8_npu.$flatten\u_core.\u_array.\g_row[2].g_col[1].u_pe.\u_mul.\g_bw.g_wallace.u_tree.$or$/home/danieltyukov/workspace/personal/tt-ihp-int8-npu/src/npu_csa_reduce.sv:53$1936 ($or).
Removed top 1 bits (of 16) from port Y of cell tt_um_danieltyukov_int8_npu.$flatten\u_core.\u_array.\g_row[2].g_col[1].u_pe.\u_mul.\g_bw.g_wallace.u_tree.$or$/home/danieltyukov/workspace/personal/tt-ihp-int8-npu/src/npu_csa_reduce.sv:53$1936 ($or).
Removed top 1 bits (of 16) from port A of cell tt_um_danieltyukov_int8_npu.$flatten\u_core.\u_array.\g_row[2].g_col[1].u_pe.\u_mul.\g_bw.g_wallace.u_tree.$or$/home/danieltyukov/workspace/personal/tt-ihp-int8-npu/src/npu_csa_reduce.sv:53$1936 ($or).
Removed top 2 bits (of 16) from port A of cell tt_um_danieltyukov_int8_npu.$flatten\u_core.\u_array.\g_row[2].g_col[1].u_pe.\u_mul.\g_bw.g_wallace.u_tree.$and$/home/danieltyukov/workspace/personal/tt-ihp-int8-npu/src/npu_csa_reduce.sv:53$1934 ($and).
Removed top 1 bits (of 16) from port B of cell tt_um_danieltyukov_int8_npu.$flatten\u_core.\u_array.\g_row[2].g_col[1].u_pe.\u_mul.\g_bw.g_wallace.u_tree.$and$/home/danieltyukov/workspace/personal/tt-ihp-int8-npu/src/npu_csa_reduce.sv:53$1934 ($and).
Removed top 1 bits (of 16) from port Y of cell tt_um_danieltyukov_int8_npu.$flatten\u_core.\u_array.\g_row[2].g_col[1].u_pe.\u_mul.\g_bw.g_wallace.u_tree.$and$/home/danieltyukov/workspace/personal/tt-ihp-int8-npu/src/npu_csa_reduce.sv:53$1934 ($and).
Removed top 2 bits (of 16) from port A of cell tt_um_danieltyukov_int8_npu.$flatten\u_core.\u_array.\g_row[2].g_col[1].u_pe.\u_mul.\g_bw.g_wallace.u_tree.$xor$/home/danieltyukov/workspace/personal/tt-ihp-int8-npu/src/npu_csa_reduce.sv:49$1932 ($xor).
Removed top 1 bits (of 16) from port B of cell tt_um_danieltyukov_int8_npu.$flatten\u_core.\u_array.\g_row[2].g_col[1].u_pe.\u_mul.\g_bw.g_wallace.u_tree.$xor$/home/danieltyukov/workspace/personal/tt-ihp-int8-npu/src/npu_csa_reduce.sv:49$1932 ($xor).
Removed top 1 bits (of 16) from port Y of cell tt_um_danieltyukov_int8_npu.$flatten\u_core.\u_array.\g_row[2].g_col[1].u_pe.\u_mul.\g_bw.g_wallace.u_tree.$xor$/home/danieltyukov/workspace/personal/tt-ihp-int8-npu/src/npu_csa_reduce.sv:49$1932 ($xor).
Removed top 1 bits (of 16) from port Y of cell tt_um_danieltyukov_int8_npu.$flatten\u_core.\u_array.\g_row[2].g_col[1].u_pe.\u_mul.\g_bw.g_wallace.u_tree.$or$/home/danieltyukov/workspace/personal/tt-ihp-int8-npu/src/npu_csa_reduce.sv:53$1931 ($or).
Removed top 1 bits (of 16) from port A of cell tt_um_danieltyukov_int8_npu.$flatten\u_core.\u_array.\g_row[2].g_col[1].u_pe.\u_mul.\g_bw.g_wallace.u_tree.$or$/home/danieltyukov/workspace/personal/tt-ihp-int8-npu/src/npu_csa_reduce.sv:53$1931 ($or).
Removed top 1 bits (of 16) from port B of cell tt_um_danieltyukov_int8_npu.$flatten\u_core.\u_array.\g_row[2].g_col[1].u_pe.\u_mul.\g_bw.g_wallace.u_tree.$or$/home/danieltyukov/workspace/personal/tt-ihp-int8-npu/src/npu_csa_reduce.sv:53$1931 ($or).
Removed top 4 bits (of 16) from port A of cell tt_um_danieltyukov_int8_npu.$flatten\u_core.\u_array.\g_row[2].g_col[1].u_pe.\u_mul.\g_bw.g_wallace.u_tree.$and$/home/danieltyukov/workspace/personal/tt-ihp-int8-npu/src/npu_csa_reduce.sv:53$1930 ($and).
Removed top 3 bits (of 16) from port B of cell tt_um_danieltyukov_int8_npu.$flatten\u_core.\u_array.\g_row[2].g_col[1].u_pe.\u_mul.\g_bw.g_wallace.u_tree.$and$/home/danieltyukov/workspace/personal/tt-ihp-int8-npu/src/npu_csa_reduce.sv:53$1930 ($and).
Removed top 3 bits (of 16) from port Y of cell tt_um_danieltyukov_int8_npu.$flatten\u_core.\u_array.\g_row[2].g_col[1].u_pe.\u_mul.\g_bw.g_wallace.u_tree.$and$/home/danieltyukov/workspace/personal/tt-ihp-int8-npu/src/npu_csa_reduce.sv:53$1930 ($and).
Removed top 1 bits (of 16) from port Y of cell tt_um_danieltyukov_int8_npu.$flatten\u_core.\u_array.\g_row[2].g_col[1].u_pe.\u_mul.\g_bw.g_wallace.u_tree.$or$/home/danieltyukov/workspace/personal/tt-ihp-int8-npu/src/npu_csa_reduce.sv:53$1929 ($or).
Removed top 1 bits (of 16) from port A of cell tt_um_danieltyukov_int8_npu.$flatten\u_core.\u_array.\g_row[2].g_col[1].u_pe.\u_mul.\g_bw.g_wallace.u_tree.$or$/home/danieltyukov/workspace/personal/tt-ihp-int8-npu/src/npu_csa_reduce.sv:53$1929 ($or).
Removed top 1 bits (of 16) from port B of cell tt_um_danieltyukov_int8_npu.$flatten\u_core.\u_array.\g_row[2].g_col[1].u_pe.\u_mul.\g_bw.g_wallace.u_tree.$or$/home/danieltyukov/workspace/personal/tt-ihp-int8-npu/src/npu_csa_reduce.sv:53$1929 ($or).
Removed top 5 bits (of 16) from port A of cell tt_um_danieltyukov_int8_npu.$flatten\u_core.\u_array.\g_row[2].g_col[1].u_pe.\u_mul.\g_bw.g_wallace.u_tree.$and$/home/danieltyukov/workspace/personal/tt-ihp-int8-npu/src/npu_csa_reduce.sv:53$1928 ($and).
Removed top 3 bits (of 16) from port B of cell tt_um_danieltyukov_int8_npu.$flatten\u_core.\u_array.\g_row[2].g_col[1].u_pe.\u_mul.\g_bw.g_wallace.u_tree.$and$/home/danieltyukov/workspace/personal/tt-ihp-int8-npu/src/npu_csa_reduce.sv:53$1928 ($and).
Removed top 3 bits (of 16) from port Y of cell tt_um_danieltyukov_int8_npu.$flatten\u_core.\u_array.\g_row[2].g_col[1].u_pe.\u_mul.\g_bw.g_wallace.u_tree.$and$/home/danieltyukov/workspace/personal/tt-ihp-int8-npu/src/npu_csa_reduce.sv:53$1928 ($and).
Removed top 5 bits (of 16) from port A of cell tt_um_danieltyukov_int8_npu.$flatten\u_core.\u_array.\g_row[2].g_col[1].u_pe.\u_mul.\g_bw.g_wallace.u_tree.$and$/home/danieltyukov/workspace/personal/tt-ihp-int8-npu/src/npu_csa_reduce.sv:53$1927 ($and).
Removed top 4 bits (of 16) from port B of cell tt_um_danieltyukov_int8_npu.$flatten\u_core.\u_array.\g_row[2].g_col[1].u_pe.\u_mul.\g_bw.g_wallace.u_tree.$and$/home/danieltyukov/workspace/personal/tt-ihp-int8-npu/src/npu_csa_reduce.sv:53$1927 ($and).
Removed top 4 bits (of 16) from port Y of cell tt_um_danieltyukov_int8_npu.$flatten\u_core.\u_array.\g_row[2].g_col[1].u_pe.\u_mul.\g_bw.g_wallace.u_tree.$and$/home/danieltyukov/workspace/personal/tt-ihp-int8-npu/src/npu_csa_reduce.sv:53$1927 ($and).
Removed top 3 bits (of 16) from port B of cell tt_um_danieltyukov_int8_npu.$flatten\u_core.\u_array.\g_row[2].g_col[1].u_pe.\u_mul.\g_bw.g_wallace.u_tree.$xor$/home/danieltyukov/workspace/personal/tt-ihp-int8-npu/src/npu_csa_reduce.sv:49$1926 ($xor).
Removed top 5 bits (of 16) from port A of cell tt_um_danieltyukov_int8_npu.$flatten\u_core.\u_array.\g_row[2].g_col[1].u_pe.\u_mul.\g_bw.g_wallace.u_tree.$xor$/home/danieltyukov/workspace/personal/tt-ihp-int8-npu/src/npu_csa_reduce.sv:49$1925 ($xor).
Removed top 4 bits (of 16) from port B of cell tt_um_danieltyukov_int8_npu.$flatten\u_core.\u_array.\g_row[2].g_col[1].u_pe.\u_mul.\g_bw.g_wallace.u_tree.$xor$/home/danieltyukov/workspace/personal/tt-ihp-int8-npu/src/npu_csa_reduce.sv:49$1925 ($xor).
Removed top 4 bits (of 16) from port Y of cell tt_um_danieltyukov_int8_npu.$flatten\u_core.\u_array.\g_row[2].g_col[1].u_pe.\u_mul.\g_bw.g_wallace.u_tree.$xor$/home/danieltyukov/workspace/personal/tt-ihp-int8-npu/src/npu_csa_reduce.sv:49$1925 ($xor).
Removed top 1 bits (of 16) from port Y of cell tt_um_danieltyukov_int8_npu.$flatten\u_core.\u_array.\g_row[2].g_col[1].u_pe.\u_mul.\g_bw.g_wallace.u_tree.$or$/home/danieltyukov/workspace/personal/tt-ihp-int8-npu/src/npu_csa_reduce.sv:53$1924 ($or).
Removed top 1 bits (of 16) from port A of cell tt_um_danieltyukov_int8_npu.$flatten\u_core.\u_array.\g_row[2].g_col[1].u_pe.\u_mul.\g_bw.g_wallace.u_tree.$or$/home/danieltyukov/workspace/personal/tt-ihp-int8-npu/src/npu_csa_reduce.sv:53$1924 ($or).
Removed top 1 bits (of 16) from port B of cell tt_um_danieltyukov_int8_npu.$flatten\u_core.\u_array.\g_row[2].g_col[1].u_pe.\u_mul.\g_bw.g_wallace.u_tree.$or$/home/danieltyukov/workspace/personal/tt-ihp-int8-npu/src/npu_csa_reduce.sv:53$1924 ($or).
Removed top 7 bits (of 16) from port A of cell tt_um_danieltyukov_int8_npu.$flatten\u_core.\u_array.\g_row[2].g_col[1].u_pe.\u_mul.\g_bw.g_wallace.u_tree.$and$/home/danieltyukov/workspace/personal/tt-ihp-int8-npu/src/npu_csa_reduce.sv:53$1923 ($and).
Removed top 6 bits (of 16) from port B of cell tt_um_danieltyukov_int8_npu.$flatten\u_core.\u_array.\g_row[2].g_col[1].u_pe.\u_mul.\g_bw.g_wallace.u_tree.$and$/home/danieltyukov/workspace/personal/tt-ihp-int8-npu/src/npu_csa_reduce.sv:53$1923 ($and).
Removed top 6 bits (of 16) from port Y of cell tt_um_danieltyukov_int8_npu.$flatten\u_core.\u_array.\g_row[2].g_col[1].u_pe.\u_mul.\g_bw.g_wallace.u_tree.$and$/home/danieltyukov/workspace/personal/tt-ihp-int8-npu/src/npu_csa_reduce.sv:53$1923 ($and).
Removed top 1 bits (of 16) from port Y of cell tt_um_danieltyukov_int8_npu.$flatten\u_core.\u_array.\g_row[2].g_col[1].u_pe.\u_mul.\g_bw.g_wallace.u_tree.$or$/home/danieltyukov/workspace/personal/tt-ihp-int8-npu/src/npu_csa_reduce.sv:53$1922 ($or).
Removed top 1 bits (of 16) from port A of cell tt_um_danieltyukov_int8_npu.$flatten\u_core.\u_array.\g_row[2].g_col[1].u_pe.\u_mul.\g_bw.g_wallace.u_tree.$or$/home/danieltyukov/workspace/personal/tt-ihp-int8-npu/src/npu_csa_reduce.sv:53$1922 ($or).
Removed top 1 bits (of 16) from port B of cell tt_um_danieltyukov_int8_npu.$flatten\u_core.\u_array.\g_row[2].g_col[1].u_pe.\u_mul.\g_bw.g_wallace.u_tree.$or$/home/danieltyukov/workspace/personal/tt-ihp-int8-npu/src/npu_csa_reduce.sv:53$1922 ($or).
Removed top 8 bits (of 16) from port A of cell tt_um_danieltyukov_int8_npu.$flatten\u_core.\u_array.\g_row[2].g_col[1].u_pe.\u_mul.\g_bw.g_wallace.u_tree.$and$/home/danieltyukov/workspace/personal/tt-ihp-int8-npu/src/npu_csa_reduce.sv:53$1921 ($and).
Removed top 6 bits (of 16) from port B of cell tt_um_danieltyukov_int8_npu.$flatten\u_core.\u_array.\g_row[2].g_col[1].u_pe.\u_mul.\g_bw.g_wallace.u_tree.$and$/home/danieltyukov/workspace/personal/tt-ihp-int8-npu/src/npu_csa_reduce.sv:53$1921 ($and).
Removed top 6 bits (of 16) from port Y of cell tt_um_danieltyukov_int8_npu.$flatten\u_core.\u_array.\g_row[2].g_col[1].u_pe.\u_mul.\g_bw.g_wallace.u_tree.$and$/home/danieltyukov/workspace/personal/tt-ihp-int8-npu/src/npu_csa_reduce.sv:53$1921 ($and).
Removed top 8 bits (of 16) from port A of cell tt_um_danieltyukov_int8_npu.$flatten\u_core.\u_array.\g_row[2].g_col[1].u_pe.\u_mul.\g_bw.g_wallace.u_tree.$and$/home/danieltyukov/workspace/personal/tt-ihp-int8-npu/src/npu_csa_reduce.sv:53$1920 ($and).
Removed top 7 bits (of 16) from port B of cell tt_um_danieltyukov_int8_npu.$flatten\u_core.\u_array.\g_row[2].g_col[1].u_pe.\u_mul.\g_bw.g_wallace.u_tree.$and$/home/danieltyukov/workspace/personal/tt-ihp-int8-npu/src/npu_csa_reduce.sv:53$1920 ($and).
Removed top 7 bits (of 16) from port Y of cell tt_um_danieltyukov_int8_npu.$flatten\u_core.\u_array.\g_row[2].g_col[1].u_pe.\u_mul.\g_bw.g_wallace.u_tree.$and$/home/danieltyukov/workspace/personal/tt-ihp-int8-npu/src/npu_csa_reduce.sv:53$1920 ($and).
Removed top 7 bits (of 16) from port A of cell tt_um_danieltyukov_int8_npu.$flatten\u_core.\u_array.\g_row[2].g_col[1].u_pe.\u_mul.\g_bw.g_wallace.u_tree.$xor$/home/danieltyukov/workspace/personal/tt-ihp-int8-npu/src/npu_csa_reduce.sv:49$1919 ($xor).
Removed top 6 bits (of 16) from port B of cell tt_um_danieltyukov_int8_npu.$flatten\u_core.\u_array.\g_row[2].g_col[1].u_pe.\u_mul.\g_bw.g_wallace.u_tree.$xor$/home/danieltyukov/workspace/personal/tt-ihp-int8-npu/src/npu_csa_reduce.sv:49$1919 ($xor).
Removed top 6 bits (of 16) from port Y of cell tt_um_danieltyukov_int8_npu.$flatten\u_core.\u_array.\g_row[2].g_col[1].u_pe.\u_mul.\g_bw.g_wallace.u_tree.$xor$/home/danieltyukov/workspace/personal/tt-ihp-int8-npu/src/npu_csa_reduce.sv:49$1919 ($xor).
Removed top 1 bits (of 19) from port Y of cell tt_um_danieltyukov_int8_npu.$flatten\u_core.\u_array.\g_row[3].g_col[0].u_pe.\u_add.$and$/home/danieltyukov/workspace/personal/tt-ihp-int8-npu/src/npu_adder.sv:60$1785 ($and).
Removed top 1 bits (of 19) from port A of cell tt_um_danieltyukov_int8_npu.$flatten\u_core.\u_array.\g_row[3].g_col[0].u_pe.\u_add.$and$/home/danieltyukov/workspace/personal/tt-ihp-int8-npu/src/npu_adder.sv:60$1785 ($and).
Removed top 1 bits (of 19) from port B of cell tt_um_danieltyukov_int8_npu.$flatten\u_core.\u_array.\g_row[3].g_col[0].u_pe.\u_add.$and$/home/danieltyukov/workspace/personal/tt-ihp-int8-npu/src/npu_adder.sv:60$1785 ($and).
Removed top 8 bits (of 16) from port A of cell tt_um_danieltyukov_int8_npu.$flatten\u_core.\u_array.\g_row[3].g_col[0].u_pe.\u_mul.\g_bw.g_wallace.u_tree.$xor$/home/danieltyukov/workspace/personal/tt-ihp-int8-npu/src/npu_csa_reduce.sv:49$1918 ($xor).
Removed top 7 bits (of 16) from port B of cell tt_um_danieltyukov_int8_npu.$flatten\u_core.\u_array.\g_row[3].g_col[0].u_pe.\u_mul.\g_bw.g_wallace.u_tree.$xor$/home/danieltyukov/workspace/personal/tt-ihp-int8-npu/src/npu_csa_reduce.sv:49$1918 ($xor).
Removed top 7 bits (of 16) from port Y of cell tt_um_danieltyukov_int8_npu.$flatten\u_core.\u_array.\g_row[3].g_col[0].u_pe.\u_mul.\g_bw.g_wallace.u_tree.$xor$/home/danieltyukov/workspace/personal/tt-ihp-int8-npu/src/npu_csa_reduce.sv:49$1918 ($xor).
Removed top 1 bits (of 16) from port Y of cell tt_um_danieltyukov_int8_npu.$flatten\u_core.\u_array.\g_row[3].g_col[0].u_pe.\u_mul.\u_cpa.$and$/home/danieltyukov/workspace/personal/tt-ihp-int8-npu/src/npu_adder.sv:60$1941 ($and).
Removed top 1 bits (of 16) from port A of cell tt_um_danieltyukov_int8_npu.$flatten\u_core.\u_array.\g_row[3].g_col[0].u_pe.\u_mul.\u_cpa.$and$/home/danieltyukov/workspace/personal/tt-ihp-int8-npu/src/npu_adder.sv:60$1941 ($and).
Removed top 1 bits (of 16) from port B of cell tt_um_danieltyukov_int8_npu.$flatten\u_core.\u_array.\g_row[3].g_col[0].u_pe.\u_mul.\u_cpa.$and$/home/danieltyukov/workspace/personal/tt-ihp-int8-npu/src/npu_adder.sv:60$1941 ($and).
Removed top 1 bits (of 16) from port Y of cell tt_um_danieltyukov_int8_npu.$flatten\u_core.\u_array.\g_row[3].g_col[0].u_pe.\u_mul.\g_bw.g_wallace.u_tree.\genblk1.g_reduce.u_next.$or$/home/danieltyukov/workspace/personal/tt-ihp-int8-npu/src/npu_csa_reduce.sv:53$2050 ($or).
Removed top 1 bits (of 16) from port A of cell tt_um_danieltyukov_int8_npu.$flatten\u_core.\u_array.\g_row[3].g_col[0].u_pe.\u_mul.\g_bw.g_wallace.u_tree.\genblk1.g_reduce.u_next.$or$/home/danieltyukov/workspace/personal/tt-ihp-int8-npu/src/npu_csa_reduce.sv:53$2050 ($or).
Removed top 1 bits (of 16) from port B of cell tt_um_danieltyukov_int8_npu.$flatten\u_core.\u_array.\g_row[3].g_col[0].u_pe.\u_mul.\g_bw.g_wallace.u_tree.\genblk1.g_reduce.u_next.$or$/home/danieltyukov/workspace/personal/tt-ihp-int8-npu/src/npu_csa_reduce.sv:53$2050 ($or).
Removed top 1 bits (of 16) from port Y of cell tt_um_danieltyukov_int8_npu.$flatten\u_core.\u_array.\g_row[3].g_col[0].u_pe.\u_mul.\g_bw.g_wallace.u_tree.\genblk1.g_reduce.u_next.$or$/home/danieltyukov/workspace/personal/tt-ihp-int8-npu/src/npu_csa_reduce.sv:53$2057 ($or).
Removed top 1 bits (of 16) from port A of cell tt_um_danieltyukov_int8_npu.$flatten\u_core.\u_array.\g_row[3].g_col[0].u_pe.\u_mul.\g_bw.g_wallace.u_tree.\genblk1.g_reduce.u_next.$or$/home/danieltyukov/workspace/personal/tt-ihp-int8-npu/src/npu_csa_reduce.sv:53$2057 ($or).
Removed top 1 bits (of 16) from port B of cell tt_um_danieltyukov_int8_npu.$flatten\u_core.\u_array.\g_row[3].g_col[0].u_pe.\u_mul.\g_bw.g_wallace.u_tree.\genblk1.g_reduce.u_next.$or$/home/danieltyukov/workspace/personal/tt-ihp-int8-npu/src/npu_csa_reduce.sv:53$2057 ($or).
Removed top 1 bits (of 16) from port Y of cell tt_um_danieltyukov_int8_npu.$flatten\u_core.\u_array.\g_row[3].g_col[0].u_pe.\u_mul.\g_bw.g_wallace.u_tree.\genblk1.g_reduce.u_next.\genblk1.g_reduce.u_next.\genblk1.g_reduce.u_next.$or$/home/danieltyukov/workspace/personal/tt-ihp-int8-npu/src/npu_csa_reduce.sv:53$1916 ($or).
Removed top 1 bits (of 16) from port A of cell tt_um_danieltyukov_int8_npu.$flatten\u_core.\u_array.\g_row[3].g_col[0].u_pe.\u_mul.\g_bw.g_wallace.u_tree.\genblk1.g_reduce.u_next.\genblk1.g_reduce.u_next.\genblk1.g_reduce.u_next.$or$/home/danieltyukov/workspace/personal/tt-ihp-int8-npu/src/npu_csa_reduce.sv:53$1916 ($or).
Removed top 1 bits (of 16) from port B of cell tt_um_danieltyukov_int8_npu.$flatten\u_core.\u_array.\g_row[3].g_col[0].u_pe.\u_mul.\g_bw.g_wallace.u_tree.\genblk1.g_reduce.u_next.\genblk1.g_reduce.u_next.\genblk1.g_reduce.u_next.$or$/home/danieltyukov/workspace/personal/tt-ihp-int8-npu/src/npu_csa_reduce.sv:53$1916 ($or).
Removed top 1 bits (of 16) from port Y of cell tt_um_danieltyukov_int8_npu.$flatten\u_core.\u_array.\g_row[3].g_col[0].u_pe.\u_mul.\g_bw.g_wallace.u_tree.\genblk1.g_reduce.u_next.\genblk1.g_reduce.u_next.$or$/home/danieltyukov/workspace/personal/tt-ihp-int8-npu/src/npu_csa_reduce.sv:53$2065 ($or).
Removed top 1 bits (of 16) from port A of cell tt_um_danieltyukov_int8_npu.$flatten\u_core.\u_array.\g_row[3].g_col[0].u_pe.\u_mul.\g_bw.g_wallace.u_tree.\genblk1.g_reduce.u_next.\genblk1.g_reduce.u_next.$or$/home/danieltyukov/workspace/personal/tt-ihp-int8-npu/src/npu_csa_reduce.sv:53$2065 ($or).
Removed top 1 bits (of 16) from port B of cell tt_um_danieltyukov_int8_npu.$flatten\u_core.\u_array.\g_row[3].g_col[0].u_pe.\u_mul.\g_bw.g_wallace.u_tree.\genblk1.g_reduce.u_next.\genblk1.g_reduce.u_next.$or$/home/danieltyukov/workspace/personal/tt-ihp-int8-npu/src/npu_csa_reduce.sv:53$2065 ($or).
Removed top 1 bits (of 16) from port Y of cell tt_um_danieltyukov_int8_npu.$flatten\u_core.\u_array.\g_row[3].g_col[0].u_pe.\u_mul.\g_bw.g_wallace.u_tree.\genblk1.g_reduce.u_next.\genblk1.g_reduce.u_next.$and$/home/danieltyukov/workspace/personal/tt-ihp-int8-npu/src/npu_csa_reduce.sv:53$2064 ($and).
Removed top 1 bits (of 16) from port A of cell tt_um_danieltyukov_int8_npu.$flatten\u_core.\u_array.\g_row[3].g_col[0].u_pe.\u_mul.\g_bw.g_wallace.u_tree.\genblk1.g_reduce.u_next.\genblk1.g_reduce.u_next.$and$/home/danieltyukov/workspace/personal/tt-ihp-int8-npu/src/npu_csa_reduce.sv:53$2064 ($and).
Removed top 1 bits (of 16) from port B of cell tt_um_danieltyukov_int8_npu.$flatten\u_core.\u_array.\g_row[3].g_col[0].u_pe.\u_mul.\g_bw.g_wallace.u_tree.\genblk1.g_reduce.u_next.\genblk1.g_reduce.u_next.$and$/home/danieltyukov/workspace/personal/tt-ihp-int8-npu/src/npu_csa_reduce.sv:53$2064 ($and).
Removed top 1 bits (of 16) from port Y of cell tt_um_danieltyukov_int8_npu.$flatten\u_core.\u_array.\g_row[3].g_col[0].u_pe.\u_mul.\g_bw.g_wallace.u_tree.\genblk1.g_reduce.u_next.\genblk1.g_reduce.u_next.$or$/home/danieltyukov/workspace/personal/tt-ihp-int8-npu/src/npu_csa_reduce.sv:53$2063 ($or).
Removed top 1 bits (of 16) from port A of cell tt_um_danieltyukov_int8_npu.$flatten\u_core.\u_array.\g_row[3].g_col[0].u_pe.\u_mul.\g_bw.g_wallace.u_tree.\genblk1.g_reduce.u_next.\genblk1.g_reduce.u_next.$or$/home/danieltyukov/workspace/personal/tt-ihp-int8-npu/src/npu_csa_reduce.sv:53$2063 ($or).
Removed top 1 bits (of 16) from port B of cell tt_um_danieltyukov_int8_npu.$flatten\u_core.\u_array.\g_row[3].g_col[0].u_pe.\u_mul.\g_bw.g_wallace.u_tree.\genblk1.g_reduce.u_next.\genblk1.g_reduce.u_next.$or$/home/danieltyukov/workspace/personal/tt-ihp-int8-npu/src/npu_csa_reduce.sv:53$2063 ($or).
Removed top 1 bits (of 16) from port Y of cell tt_um_danieltyukov_int8_npu.$flatten\u_core.\u_array.\g_row[3].g_col[0].u_pe.\u_mul.\g_bw.g_wallace.u_tree.\genblk1.g_reduce.u_next.\genblk1.g_reduce.u_next.$and$/home/danieltyukov/workspace/personal/tt-ihp-int8-npu/src/npu_csa_reduce.sv:53$2062 ($and).
Removed top 1 bits (of 16) from port A of cell tt_um_danieltyukov_int8_npu.$flatten\u_core.\u_array.\g_row[3].g_col[0].u_pe.\u_mul.\g_bw.g_wallace.u_tree.\genblk1.g_reduce.u_next.\genblk1.g_reduce.u_next.$and$/home/danieltyukov/workspace/personal/tt-ihp-int8-npu/src/npu_csa_reduce.sv:53$2062 ($and).
Removed top 1 bits (of 16) from port B of cell tt_um_danieltyukov_int8_npu.$flatten\u_core.\u_array.\g_row[3].g_col[0].u_pe.\u_mul.\g_bw.g_wallace.u_tree.\genblk1.g_reduce.u_next.\genblk1.g_reduce.u_next.$and$/home/danieltyukov/workspace/personal/tt-ihp-int8-npu/src/npu_csa_reduce.sv:53$2062 ($and).
Removed top 1 bits (of 16) from port Y of cell tt_um_danieltyukov_int8_npu.$flatten\u_core.\u_array.\g_row[3].g_col[0].u_pe.\u_mul.\g_bw.g_wallace.u_tree.\genblk1.g_reduce.u_next.\genblk1.g_reduce.u_next.$and$/home/danieltyukov/workspace/personal/tt-ihp-int8-npu/src/npu_csa_reduce.sv:53$2061 ($and).
Removed top 1 bits (of 16) from port A of cell tt_um_danieltyukov_int8_npu.$flatten\u_core.\u_array.\g_row[3].g_col[0].u_pe.\u_mul.\g_bw.g_wallace.u_tree.\genblk1.g_reduce.u_next.\genblk1.g_reduce.u_next.$and$/home/danieltyukov/workspace/personal/tt-ihp-int8-npu/src/npu_csa_reduce.sv:53$2061 ($and).
Removed top 1 bits (of 16) from port B of cell tt_um_danieltyukov_int8_npu.$flatten\u_core.\u_array.\g_row[3].g_col[0].u_pe.\u_mul.\g_bw.g_wallace.u_tree.\genblk1.g_reduce.u_next.\genblk1.g_reduce.u_next.$and$/home/danieltyukov/workspace/personal/tt-ihp-int8-npu/src/npu_csa_reduce.sv:53$2061 ($and).
Removed top 7 bits (of 16) from port B of cell tt_um_danieltyukov_int8_npu.$flatten\u_core.\u_array.\g_row[3].g_col[0].u_pe.\u_mul.\g_bw.g_wallace.u_tree.$or$/home/danieltyukov/workspace/personal/tt-ihp-int8-npu/src/npu_csa_reduce.sv:53$1938 ($or).
Removed top 1 bits (of 16) from port Y of cell tt_um_danieltyukov_int8_npu.$flatten\u_core.\u_array.\g_row[3].g_col[0].u_pe.\u_mul.\g_bw.g_wallace.u_tree.$or$/home/danieltyukov/workspace/personal/tt-ihp-int8-npu/src/npu_csa_reduce.sv:53$1938 ($or).
Removed top 1 bits (of 16) from port A of cell tt_um_danieltyukov_int8_npu.$flatten\u_core.\u_array.\g_row[3].g_col[0].u_pe.\u_mul.\g_bw.g_wallace.u_tree.$or$/home/danieltyukov/workspace/personal/tt-ihp-int8-npu/src/npu_csa_reduce.sv:53$1938 ($or).
Removed top 7 bits (of 16) from port B of cell tt_um_danieltyukov_int8_npu.$flatten\u_core.\u_array.\g_row[3].g_col[0].u_pe.\u_mul.\g_bw.g_wallace.u_tree.$or$/home/danieltyukov/workspace/personal/tt-ihp-int8-npu/src/npu_csa_reduce.sv:53$1936 ($or).
Removed top 1 bits (of 16) from port Y of cell tt_um_danieltyukov_int8_npu.$flatten\u_core.\u_array.\g_row[3].g_col[0].u_pe.\u_mul.\g_bw.g_wallace.u_tree.$or$/home/danieltyukov/workspace/personal/tt-ihp-int8-npu/src/npu_csa_reduce.sv:53$1936 ($or).
Removed top 1 bits (of 16) from port A of cell tt_um_danieltyukov_int8_npu.$flatten\u_core.\u_array.\g_row[3].g_col[0].u_pe.\u_mul.\g_bw.g_wallace.u_tree.$or$/home/danieltyukov/workspace/personal/tt-ihp-int8-npu/src/npu_csa_reduce.sv:53$1936 ($or).
Removed top 1 bits (of 2) from port A of cell tt_um_danieltyukov_int8_npu.$auto$opt_expr.cc:706:replace_const_cells$3010 ($not).
Removed top 2 bits (of 16) from port A of cell tt_um_danieltyukov_int8_npu.$flatten\u_core.\u_array.\g_row[3].g_col[0].u_pe.\u_mul.\g_bw.g_wallace.u_tree.$and$/home/danieltyukov/workspace/personal/tt-ihp-int8-npu/src/npu_csa_reduce.sv:53$1934 ($and).
Removed top 1 bits (of 16) from port B of cell tt_um_danieltyukov_int8_npu.$flatten\u_core.\u_array.\g_row[3].g_col[0].u_pe.\u_mul.\g_bw.g_wallace.u_tree.$and$/home/danieltyukov/workspace/personal/tt-ihp-int8-npu/src/npu_csa_reduce.sv:53$1934 ($and).
Removed top 1 bits (of 16) from port Y of cell tt_um_danieltyukov_int8_npu.$flatten\u_core.\u_array.\g_row[3].g_col[0].u_pe.\u_mul.\g_bw.g_wallace.u_tree.$and$/home/danieltyukov/workspace/personal/tt-ihp-int8-npu/src/npu_csa_reduce.sv:53$1934 ($and).
Removed top 2 bits (of 16) from port A of cell tt_um_danieltyukov_int8_npu.$flatten\u_core.\u_array.\g_row[3].g_col[0].u_pe.\u_mul.\g_bw.g_wallace.u_tree.$xor$/home/danieltyukov/workspace/personal/tt-ihp-int8-npu/src/npu_csa_reduce.sv:49$1932 ($xor).
Removed top 1 bits (of 16) from port B of cell tt_um_danieltyukov_int8_npu.$flatten\u_core.\u_array.\g_row[3].g_col[0].u_pe.\u_mul.\g_bw.g_wallace.u_tree.$xor$/home/danieltyukov/workspace/personal/tt-ihp-int8-npu/src/npu_csa_reduce.sv:49$1932 ($xor).
Removed top 1 bits (of 16) from port Y of cell tt_um_danieltyukov_int8_npu.$flatten\u_core.\u_array.\g_row[3].g_col[0].u_pe.\u_mul.\g_bw.g_wallace.u_tree.$xor$/home/danieltyukov/workspace/personal/tt-ihp-int8-npu/src/npu_csa_reduce.sv:49$1932 ($xor).
Removed top 1 bits (of 16) from port Y of cell tt_um_danieltyukov_int8_npu.$flatten\u_core.\u_array.\g_row[3].g_col[0].u_pe.\u_mul.\g_bw.g_wallace.u_tree.$or$/home/danieltyukov/workspace/personal/tt-ihp-int8-npu/src/npu_csa_reduce.sv:53$1931 ($or).
Removed top 1 bits (of 16) from port A of cell tt_um_danieltyukov_int8_npu.$flatten\u_core.\u_array.\g_row[3].g_col[0].u_pe.\u_mul.\g_bw.g_wallace.u_tree.$or$/home/danieltyukov/workspace/personal/tt-ihp-int8-npu/src/npu_csa_reduce.sv:53$1931 ($or).
Removed top 1 bits (of 16) from port B of cell tt_um_danieltyukov_int8_npu.$flatten\u_core.\u_array.\g_row[3].g_col[0].u_pe.\u_mul.\g_bw.g_wallace.u_tree.$or$/home/danieltyukov/workspace/personal/tt-ihp-int8-npu/src/npu_csa_reduce.sv:53$1931 ($or).
Removed top 4 bits (of 16) from port A of cell tt_um_danieltyukov_int8_npu.$flatten\u_core.\u_array.\g_row[3].g_col[0].u_pe.\u_mul.\g_bw.g_wallace.u_tree.$and$/home/danieltyukov/workspace/personal/tt-ihp-int8-npu/src/npu_csa_reduce.sv:53$1930 ($and).
Removed top 3 bits (of 16) from port B of cell tt_um_danieltyukov_int8_npu.$flatten\u_core.\u_array.\g_row[3].g_col[0].u_pe.\u_mul.\g_bw.g_wallace.u_tree.$and$/home/danieltyukov/workspace/personal/tt-ihp-int8-npu/src/npu_csa_reduce.sv:53$1930 ($and).
Removed top 3 bits (of 16) from port Y of cell tt_um_danieltyukov_int8_npu.$flatten\u_core.\u_array.\g_row[3].g_col[0].u_pe.\u_mul.\g_bw.g_wallace.u_tree.$and$/home/danieltyukov/workspace/personal/tt-ihp-int8-npu/src/npu_csa_reduce.sv:53$1930 ($and).
Removed top 1 bits (of 16) from port Y of cell tt_um_danieltyukov_int8_npu.$flatten\u_core.\u_array.\g_row[3].g_col[0].u_pe.\u_mul.\g_bw.g_wallace.u_tree.$or$/home/danieltyukov/workspace/personal/tt-ihp-int8-npu/src/npu_csa_reduce.sv:53$1929 ($or).
Removed top 1 bits (of 16) from port A of cell tt_um_danieltyukov_int8_npu.$flatten\u_core.\u_array.\g_row[3].g_col[0].u_pe.\u_mul.\g_bw.g_wallace.u_tree.$or$/home/danieltyukov/workspace/personal/tt-ihp-int8-npu/src/npu_csa_reduce.sv:53$1929 ($or).
Removed top 1 bits (of 16) from port B of cell tt_um_danieltyukov_int8_npu.$flatten\u_core.\u_array.\g_row[3].g_col[0].u_pe.\u_mul.\g_bw.g_wallace.u_tree.$or$/home/danieltyukov/workspace/personal/tt-ihp-int8-npu/src/npu_csa_reduce.sv:53$1929 ($or).
Removed top 5 bits (of 16) from port A of cell tt_um_danieltyukov_int8_npu.$flatten\u_core.\u_array.\g_row[3].g_col[0].u_pe.\u_mul.\g_bw.g_wallace.u_tree.$and$/home/danieltyukov/workspace/personal/tt-ihp-int8-npu/src/npu_csa_reduce.sv:53$1928 ($and).
Removed top 3 bits (of 16) from port B of cell tt_um_danieltyukov_int8_npu.$flatten\u_core.\u_array.\g_row[3].g_col[0].u_pe.\u_mul.\g_bw.g_wallace.u_tree.$and$/home/danieltyukov/workspace/personal/tt-ihp-int8-npu/src/npu_csa_reduce.sv:53$1928 ($and).
Removed top 3 bits (of 16) from port Y of cell tt_um_danieltyukov_int8_npu.$flatten\u_core.\u_array.\g_row[3].g_col[0].u_pe.\u_mul.\g_bw.g_wallace.u_tree.$and$/home/danieltyukov/workspace/personal/tt-ihp-int8-npu/src/npu_csa_reduce.sv:53$1928 ($and).
Removed top 5 bits (of 16) from port A of cell tt_um_danieltyukov_int8_npu.$flatten\u_core.\u_array.\g_row[3].g_col[0].u_pe.\u_mul.\g_bw.g_wallace.u_tree.$and$/home/danieltyukov/workspace/personal/tt-ihp-int8-npu/src/npu_csa_reduce.sv:53$1927 ($and).
Removed top 4 bits (of 16) from port B of cell tt_um_danieltyukov_int8_npu.$flatten\u_core.\u_array.\g_row[3].g_col[0].u_pe.\u_mul.\g_bw.g_wallace.u_tree.$and$/home/danieltyukov/workspace/personal/tt-ihp-int8-npu/src/npu_csa_reduce.sv:53$1927 ($and).
Removed top 4 bits (of 16) from port Y of cell tt_um_danieltyukov_int8_npu.$flatten\u_core.\u_array.\g_row[3].g_col[0].u_pe.\u_mul.\g_bw.g_wallace.u_tree.$and$/home/danieltyukov/workspace/personal/tt-ihp-int8-npu/src/npu_csa_reduce.sv:53$1927 ($and).
Removed top 3 bits (of 16) from port B of cell tt_um_danieltyukov_int8_npu.$flatten\u_core.\u_array.\g_row[3].g_col[0].u_pe.\u_mul.\g_bw.g_wallace.u_tree.$xor$/home/danieltyukov/workspace/personal/tt-ihp-int8-npu/src/npu_csa_reduce.sv:49$1926 ($xor).
Removed top 5 bits (of 16) from port A of cell tt_um_danieltyukov_int8_npu.$flatten\u_core.\u_array.\g_row[3].g_col[0].u_pe.\u_mul.\g_bw.g_wallace.u_tree.$xor$/home/danieltyukov/workspace/personal/tt-ihp-int8-npu/src/npu_csa_reduce.sv:49$1925 ($xor).
Removed top 4 bits (of 16) from port B of cell tt_um_danieltyukov_int8_npu.$flatten\u_core.\u_array.\g_row[3].g_col[0].u_pe.\u_mul.\g_bw.g_wallace.u_tree.$xor$/home/danieltyukov/workspace/personal/tt-ihp-int8-npu/src/npu_csa_reduce.sv:49$1925 ($xor).
Removed top 4 bits (of 16) from port Y of cell tt_um_danieltyukov_int8_npu.$flatten\u_core.\u_array.\g_row[3].g_col[0].u_pe.\u_mul.\g_bw.g_wallace.u_tree.$xor$/home/danieltyukov/workspace/personal/tt-ihp-int8-npu/src/npu_csa_reduce.sv:49$1925 ($xor).
Removed top 1 bits (of 16) from port Y of cell tt_um_danieltyukov_int8_npu.$flatten\u_core.\u_array.\g_row[3].g_col[0].u_pe.\u_mul.\g_bw.g_wallace.u_tree.$or$/home/danieltyukov/workspace/personal/tt-ihp-int8-npu/src/npu_csa_reduce.sv:53$1924 ($or).
Removed top 1 bits (of 16) from port A of cell tt_um_danieltyukov_int8_npu.$flatten\u_core.\u_array.\g_row[3].g_col[0].u_pe.\u_mul.\g_bw.g_wallace.u_tree.$or$/home/danieltyukov/workspace/personal/tt-ihp-int8-npu/src/npu_csa_reduce.sv:53$1924 ($or).
Removed top 1 bits (of 16) from port B of cell tt_um_danieltyukov_int8_npu.$flatten\u_core.\u_array.\g_row[3].g_col[0].u_pe.\u_mul.\g_bw.g_wallace.u_tree.$or$/home/danieltyukov/workspace/personal/tt-ihp-int8-npu/src/npu_csa_reduce.sv:53$1924 ($or).
Removed top 7 bits (of 16) from port A of cell tt_um_danieltyukov_int8_npu.$flatten\u_core.\u_array.\g_row[3].g_col[0].u_pe.\u_mul.\g_bw.g_wallace.u_tree.$and$/home/danieltyukov/workspace/personal/tt-ihp-int8-npu/src/npu_csa_reduce.sv:53$1923 ($and).
Removed top 6 bits (of 16) from port B of cell tt_um_danieltyukov_int8_npu.$flatten\u_core.\u_array.\g_row[3].g_col[0].u_pe.\u_mul.\g_bw.g_wallace.u_tree.$and$/home/danieltyukov/workspace/personal/tt-ihp-int8-npu/src/npu_csa_reduce.sv:53$1923 ($and).
Removed top 6 bits (of 16) from port Y of cell tt_um_danieltyukov_int8_npu.$flatten\u_core.\u_array.\g_row[3].g_col[0].u_pe.\u_mul.\g_bw.g_wallace.u_tree.$and$/home/danieltyukov/workspace/personal/tt-ihp-int8-npu/src/npu_csa_reduce.sv:53$1923 ($and).
Removed top 1 bits (of 16) from port Y of cell tt_um_danieltyukov_int8_npu.$flatten\u_core.\u_array.\g_row[3].g_col[0].u_pe.\u_mul.\g_bw.g_wallace.u_tree.$or$/home/danieltyukov/workspace/personal/tt-ihp-int8-npu/src/npu_csa_reduce.sv:53$1922 ($or).
Removed top 1 bits (of 16) from port A of cell tt_um_danieltyukov_int8_npu.$flatten\u_core.\u_array.\g_row[3].g_col[0].u_pe.\u_mul.\g_bw.g_wallace.u_tree.$or$/home/danieltyukov/workspace/personal/tt-ihp-int8-npu/src/npu_csa_reduce.sv:53$1922 ($or).
Removed top 1 bits (of 16) from port B of cell tt_um_danieltyukov_int8_npu.$flatten\u_core.\u_array.\g_row[3].g_col[0].u_pe.\u_mul.\g_bw.g_wallace.u_tree.$or$/home/danieltyukov/workspace/personal/tt-ihp-int8-npu/src/npu_csa_reduce.sv:53$1922 ($or).
Removed top 8 bits (of 16) from port A of cell tt_um_danieltyukov_int8_npu.$flatten\u_core.\u_array.\g_row[3].g_col[0].u_pe.\u_mul.\g_bw.g_wallace.u_tree.$and$/home/danieltyukov/workspace/personal/tt-ihp-int8-npu/src/npu_csa_reduce.sv:53$1921 ($and).
Removed top 6 bits (of 16) from port B of cell tt_um_danieltyukov_int8_npu.$flatten\u_core.\u_array.\g_row[3].g_col[0].u_pe.\u_mul.\g_bw.g_wallace.u_tree.$and$/home/danieltyukov/workspace/personal/tt-ihp-int8-npu/src/npu_csa_reduce.sv:53$1921 ($and).
Removed top 6 bits (of 16) from port Y of cell tt_um_danieltyukov_int8_npu.$flatten\u_core.\u_array.\g_row[3].g_col[0].u_pe.\u_mul.\g_bw.g_wallace.u_tree.$and$/home/danieltyukov/workspace/personal/tt-ihp-int8-npu/src/npu_csa_reduce.sv:53$1921 ($and).
Removed top 8 bits (of 16) from port A of cell tt_um_danieltyukov_int8_npu.$flatten\u_core.\u_array.\g_row[3].g_col[0].u_pe.\u_mul.\g_bw.g_wallace.u_tree.$and$/home/danieltyukov/workspace/personal/tt-ihp-int8-npu/src/npu_csa_reduce.sv:53$1920 ($and).
Removed top 7 bits (of 16) from port B of cell tt_um_danieltyukov_int8_npu.$flatten\u_core.\u_array.\g_row[3].g_col[0].u_pe.\u_mul.\g_bw.g_wallace.u_tree.$and$/home/danieltyukov/workspace/personal/tt-ihp-int8-npu/src/npu_csa_reduce.sv:53$1920 ($and).
Removed top 7 bits (of 16) from port Y of cell tt_um_danieltyukov_int8_npu.$flatten\u_core.\u_array.\g_row[3].g_col[0].u_pe.\u_mul.\g_bw.g_wallace.u_tree.$and$/home/danieltyukov/workspace/personal/tt-ihp-int8-npu/src/npu_csa_reduce.sv:53$1920 ($and).
Removed top 7 bits (of 16) from port A of cell tt_um_danieltyukov_int8_npu.$flatten\u_core.\u_array.\g_row[3].g_col[0].u_pe.\u_mul.\g_bw.g_wallace.u_tree.$xor$/home/danieltyukov/workspace/personal/tt-ihp-int8-npu/src/npu_csa_reduce.sv:49$1919 ($xor).
Removed top 6 bits (of 16) from port B of cell tt_um_danieltyukov_int8_npu.$flatten\u_core.\u_array.\g_row[3].g_col[0].u_pe.\u_mul.\g_bw.g_wallace.u_tree.$xor$/home/danieltyukov/workspace/personal/tt-ihp-int8-npu/src/npu_csa_reduce.sv:49$1919 ($xor).
Removed top 6 bits (of 16) from port Y of cell tt_um_danieltyukov_int8_npu.$flatten\u_core.\u_array.\g_row[3].g_col[0].u_pe.\u_mul.\g_bw.g_wallace.u_tree.$xor$/home/danieltyukov/workspace/personal/tt-ihp-int8-npu/src/npu_csa_reduce.sv:49$1919 ($xor).
Removed top 7 bits (of 8) from port B of cell tt_um_danieltyukov_int8_npu.$flatten\u_core.\u_host.$add$/home/danieltyukov/workspace/personal/tt-ihp-int8-npu/src/npu_host_if.sv:197$1584 ($add).
Removed top 5 bits (of 6) from port B of cell tt_um_danieltyukov_int8_npu.$flatten\u_core.\u_host.$add$/home/danieltyukov/workspace/personal/tt-ihp-int8-npu/src/npu_host_if.sv:215$1585 ($add).
Removed top 2 bits (of 8) from mux cell tt_um_danieltyukov_int8_npu.$flatten\u_core.\u_host.$procmux$2075 ($pmux).
Removed top 1 bits (of 4) from port B of cell tt_um_danieltyukov_int8_npu.$flatten\u_core.\u_host.$procmux$2077_CMP0 ($eq).
Removed top 1 bits (of 4) from port B of cell tt_um_danieltyukov_int8_npu.$flatten\u_core.\u_host.$procmux$2078_CMP0 ($eq).
Removed top 1 bits (of 4) from port B of cell tt_um_danieltyukov_int8_npu.$flatten\u_core.\u_host.$procmux$2079_CMP0 ($eq).
Removed top 2 bits (of 4) from port B of cell tt_um_danieltyukov_int8_npu.$flatten\u_core.\u_host.$procmux$2080_CMP0 ($eq).
Removed top 2 bits (of 4) from port B of cell tt_um_danieltyukov_int8_npu.$flatten\u_core.\u_host.$procmux$2081_CMP0 ($eq).
Removed top 3 bits (of 4) from port B of cell tt_um_danieltyukov_int8_npu.$flatten\u_core.\u_host.$procmux$2082_CMP0 ($eq).
Removed top 1 bits (of 4) from port B of cell tt_um_danieltyukov_int8_npu.$flatten\u_core.\u_host.$procmux$2229_CMP0 ($eq).
Removed top 1 bits (of 4) from port B of cell tt_um_danieltyukov_int8_npu.$auto$opt_dff.cc:195:make_patterns_logic$3251 ($ne).
Removed top 1 bits (of 2) from port B of cell tt_um_danieltyukov_int8_npu.$flatten\u_core.$procmux$2868_CMP0 ($eq).
Removed top 1 bits (of 2) from mux cell tt_um_danieltyukov_int8_npu.$flatten\u_core.$procmux$2847 ($mux).
Removed top 2 bits (of 3) from port B of cell tt_um_danieltyukov_int8_npu.$flatten\u_core.$procmux$2700_CMP0 ($eq).
Removed top 1 bits (of 3) from port B of cell tt_um_danieltyukov_int8_npu.$flatten\u_core.$procmux$2699_CMP0 ($eq).
Removed top 1 bits (of 3) from port B of cell tt_um_danieltyukov_int8_npu.$flatten\u_core.$procmux$2698_CMP0 ($eq).
Removed top 1 bits (of 2) from port B of cell tt_um_danieltyukov_int8_npu.$flatten\u_core.$procmux$2691_CMP0 ($eq).
Removed top 1 bits (of 3) from port B of cell tt_um_danieltyukov_int8_npu.$flatten\u_core.$eq$/home/danieltyukov/workspace/personal/tt-ihp-int8-npu/src/npu_core.sv:395$1237 ($eq).
Removed top 1 bits (of 3) from port B of cell tt_um_danieltyukov_int8_npu.$flatten\u_core.$eq$/home/danieltyukov/workspace/personal/tt-ihp-int8-npu/src/npu_core.sv:395$1221 ($eq).
Removed top 2 bits (of 3) from port B of cell tt_um_danieltyukov_int8_npu.$flatten\u_core.$eq$/home/danieltyukov/workspace/personal/tt-ihp-int8-npu/src/npu_core.sv:395$1205 ($eq).
Removed top 1 bits (of 3) from port B of cell tt_um_danieltyukov_int8_npu.$flatten\u_core.$eq$/home/danieltyukov/workspace/personal/tt-ihp-int8-npu/src/npu_core.sv:329$1158 ($eq).
Removed top 1 bits (of 3) from port B of cell tt_um_danieltyukov_int8_npu.$flatten\u_core.$eq$/home/danieltyukov/workspace/personal/tt-ihp-int8-npu/src/npu_core.sv:329$1152 ($eq).
Removed top 2 bits (of 3) from port B of cell tt_um_danieltyukov_int8_npu.$flatten\u_core.$eq$/home/danieltyukov/workspace/personal/tt-ihp-int8-npu/src/npu_core.sv:329$1146 ($eq).
Removed top 27 bits (of 29) from port B of cell tt_um_danieltyukov_int8_npu.$flatten\u_core.$mul$/home/danieltyukov/workspace/personal/tt-ihp-int8-npu/src/npu_core.sv:299$1131 ($mul).
Removed top 28 bits (of 32) from port A of cell tt_um_danieltyukov_int8_npu.$flatten\u_core.$add$/home/danieltyukov/workspace/personal/tt-ihp-int8-npu/src/npu_core.sv:298$1130 ($add).
Removed top 29 bits (of 32) from port B of cell tt_um_danieltyukov_int8_npu.$flatten\u_core.$add$/home/danieltyukov/workspace/personal/tt-ihp-int8-npu/src/npu_core.sv:298$1130 ($add).
Removed top 27 bits (of 32) from port Y of cell tt_um_danieltyukov_int8_npu.$flatten\u_core.$add$/home/danieltyukov/workspace/personal/tt-ihp-int8-npu/src/npu_core.sv:298$1130 ($add).
Removed top 1 bits (of 3) from port B of cell tt_um_danieltyukov_int8_npu.$flatten\u_core.$eq$/home/danieltyukov/workspace/personal/tt-ihp-int8-npu/src/npu_core.sv:329$1099 ($eq).
Removed top 1 bits (of 3) from port B of cell tt_um_danieltyukov_int8_npu.$flatten\u_core.$eq$/home/danieltyukov/workspace/personal/tt-ihp-int8-npu/src/npu_core.sv:329$1093 ($eq).
Removed top 2 bits (of 3) from port B of cell tt_um_danieltyukov_int8_npu.$flatten\u_core.$eq$/home/danieltyukov/workspace/personal/tt-ihp-int8-npu/src/npu_core.sv:329$1087 ($eq).
Removed top 29 bits (of 32) from port A of cell tt_um_danieltyukov_int8_npu.$flatten\u_core.$mul$/home/danieltyukov/workspace/personal/tt-ihp-int8-npu/src/npu_core.sv:299$1072 ($mul).
Removed top 27 bits (of 29) from port B of cell tt_um_danieltyukov_int8_npu.$flatten\u_core.$mul$/home/danieltyukov/workspace/personal/tt-ihp-int8-npu/src/npu_core.sv:299$1072 ($mul).
Removed top 24 bits (of 29) from port Y of cell tt_um_danieltyukov_int8_npu.$flatten\u_core.$mul$/home/danieltyukov/workspace/personal/tt-ihp-int8-npu/src/npu_core.sv:299$1072 ($mul).
Removed top 27 bits (of 32) from port A of cell tt_um_danieltyukov_int8_npu.$flatten\u_core.$add$/home/danieltyukov/workspace/personal/tt-ihp-int8-npu/src/npu_core.sv:234$1064 ($add).
Removed top 30 bits (of 32) from port B of cell tt_um_danieltyukov_int8_npu.$flatten\u_core.$add$/home/danieltyukov/workspace/personal/tt-ihp-int8-npu/src/npu_core.sv:234$1064 ($add).
Removed top 26 bits (of 32) from port Y of cell tt_um_danieltyukov_int8_npu.$flatten\u_core.$add$/home/danieltyukov/workspace/personal/tt-ihp-int8-npu/src/npu_core.sv:234$1064 ($add).
Removed top 1 bits (of 4) from port B of cell tt_um_danieltyukov_int8_npu.$flatten\u_core.$le$/home/danieltyukov/workspace/personal/tt-ihp-int8-npu/src/npu_core.sv:231$1060 ($le).
Removed top 2 bits (of 4) from port B of cell tt_um_danieltyukov_int8_npu.$flatten\u_core.$ge$/home/danieltyukov/workspace/personal/tt-ihp-int8-npu/src/npu_core.sv:231$1058 ($ge).
Removed top 2 bits (of 4) from port B of cell tt_um_danieltyukov_int8_npu.$flatten\u_core.$sub$/home/danieltyukov/workspace/personal/tt-ihp-int8-npu/src/npu_core.sv:226$1056 ($sub).
Removed top 27 bits (of 32) from port A of cell tt_um_danieltyukov_int8_npu.$flatten\u_core.$add$/home/danieltyukov/workspace/personal/tt-ihp-int8-npu/src/npu_core.sv:234$1051 ($add).
Removed top 30 bits (of 32) from port B of cell tt_um_danieltyukov_int8_npu.$flatten\u_core.$add$/home/danieltyukov/workspace/personal/tt-ihp-int8-npu/src/npu_core.sv:234$1051 ($add).
Removed top 26 bits (of 32) from port Y of cell tt_um_danieltyukov_int8_npu.$flatten\u_core.$add$/home/danieltyukov/workspace/personal/tt-ihp-int8-npu/src/npu_core.sv:234$1051 ($add).
Removed top 1 bits (of 4) from port B of cell tt_um_danieltyukov_int8_npu.$flatten\u_core.$le$/home/danieltyukov/workspace/personal/tt-ihp-int8-npu/src/npu_core.sv:231$1047 ($le).
Removed top 2 bits (of 4) from port B of cell tt_um_danieltyukov_int8_npu.$flatten\u_core.$ge$/home/danieltyukov/workspace/personal/tt-ihp-int8-npu/src/npu_core.sv:231$1045 ($ge).
Removed top 2 bits (of 4) from port B of cell tt_um_danieltyukov_int8_npu.$flatten\u_core.$sub$/home/danieltyukov/workspace/personal/tt-ihp-int8-npu/src/npu_core.sv:226$1043 ($sub).
Removed top 27 bits (of 32) from port A of cell tt_um_danieltyukov_int8_npu.$flatten\u_core.$add$/home/danieltyukov/workspace/personal/tt-ihp-int8-npu/src/npu_core.sv:234$1038 ($add).
Removed top 31 bits (of 32) from port B of cell tt_um_danieltyukov_int8_npu.$flatten\u_core.$add$/home/danieltyukov/workspace/personal/tt-ihp-int8-npu/src/npu_core.sv:234$1038 ($add).
Removed top 26 bits (of 32) from port Y of cell tt_um_danieltyukov_int8_npu.$flatten\u_core.$add$/home/danieltyukov/workspace/personal/tt-ihp-int8-npu/src/npu_core.sv:234$1038 ($add).
Removed top 1 bits (of 4) from port B of cell tt_um_danieltyukov_int8_npu.$flatten\u_core.$le$/home/danieltyukov/workspace/personal/tt-ihp-int8-npu/src/npu_core.sv:231$1034 ($le).
Removed top 3 bits (of 4) from port B of cell tt_um_danieltyukov_int8_npu.$flatten\u_core.$ge$/home/danieltyukov/workspace/personal/tt-ihp-int8-npu/src/npu_core.sv:231$1032 ($ge).
Removed top 3 bits (of 4) from port B of cell tt_um_danieltyukov_int8_npu.$flatten\u_core.$sub$/home/danieltyukov/workspace/personal/tt-ihp-int8-npu/src/npu_core.sv:226$1030 ($sub).
Removed top 23 bits (of 32) from port B of cell tt_um_danieltyukov_int8_npu.$flatten\u_core.$shiftx$/home/danieltyukov/workspace/personal/tt-ihp-int8-npu/src/npu_core.sv:0$1028 ($shiftx).
Removed top 1 bits (of 4) from port B of cell tt_um_danieltyukov_int8_npu.$flatten\u_core.$le$/home/danieltyukov/workspace/personal/tt-ihp-int8-npu/src/npu_core.sv:229$1021 ($le).
Removed top 1 bits (of 2) from port B of cell tt_um_danieltyukov_int8_npu.$flatten\u_core.$eq$/home/danieltyukov/workspace/personal/tt-ihp-int8-npu/src/npu_core.sv:229$1020 ($eq).
Removed top 26 bits (of 32) from port B of cell tt_um_danieltyukov_int8_npu.$flatten\u_core.$shiftx$/home/danieltyukov/workspace/personal/tt-ihp-int8-npu/src/npu_core.sv:0$1017 ($shiftx).
Removed top 24 bits (of 32) from port B of cell tt_um_danieltyukov_int8_npu.$flatten\u_core.$shiftx$/home/danieltyukov/workspace/personal/tt-ihp-int8-npu/src/npu_core.sv:0$1013 ($shiftx).
Removed top 1 bits (of 6) from port B of cell tt_um_danieltyukov_int8_npu.$flatten\u_core.$lt$/home/danieltyukov/workspace/personal/tt-ihp-int8-npu/src/npu_core.sv:530$1007 ($lt).
Removed top 27 bits (of 29) from port B of cell tt_um_danieltyukov_int8_npu.$flatten\u_core.$mul$/home/danieltyukov/workspace/personal/tt-ihp-int8-npu/src/npu_core.sv:527$1004 ($mul).
Removed top 28 bits (of 32) from port A of cell tt_um_danieltyukov_int8_npu.$flatten\u_core.$add$/home/danieltyukov/workspace/personal/tt-ihp-int8-npu/src/npu_core.sv:525$1003 ($add).
Removed top 29 bits (of 32) from port B of cell tt_um_danieltyukov_int8_npu.$flatten\u_core.$add$/home/danieltyukov/workspace/personal/tt-ihp-int8-npu/src/npu_core.sv:525$1003 ($add).
Removed top 27 bits (of 32) from port Y of cell tt_um_danieltyukov_int8_npu.$flatten\u_core.$add$/home/danieltyukov/workspace/personal/tt-ihp-int8-npu/src/npu_core.sv:525$1003 ($add).
Removed top 2 bits (of 3) from port B of cell tt_um_danieltyukov_int8_npu.$flatten\u_core.$add$/home/danieltyukov/workspace/personal/tt-ihp-int8-npu/src/npu_core.sv:490$998 ($add).
Removed top 3 bits (of 4) from port B of cell tt_um_danieltyukov_int8_npu.$flatten\u_core.$add$/home/danieltyukov/workspace/personal/tt-ihp-int8-npu/src/npu_core.sv:468$996 ($add).
Removed top 1 bits (of 4) from port A of cell tt_um_danieltyukov_int8_npu.$flatten\u_core.$add$/home/danieltyukov/workspace/personal/tt-ihp-int8-npu/src/npu_core.sv:411$986 ($add).
Removed top 1 bits (of 4) from port B of cell tt_um_danieltyukov_int8_npu.$flatten\u_core.$add$/home/danieltyukov/workspace/personal/tt-ihp-int8-npu/src/npu_core.sv:411$986 ($add).
Removed top 30 bits (of 32) from port B of cell tt_um_danieltyukov_int8_npu.$flatten\u_core.$add$/home/danieltyukov/workspace/personal/tt-ihp-int8-npu/src/npu_core.sv:348$982 ($add).
Removed top 3 bits (of 32) from port Y of cell tt_um_danieltyukov_int8_npu.$flatten\u_core.$add$/home/danieltyukov/workspace/personal/tt-ihp-int8-npu/src/npu_core.sv:348$982 ($add).
Removed top 3 bits (of 32) from port A of cell tt_um_danieltyukov_int8_npu.$flatten\u_core.$add$/home/danieltyukov/workspace/personal/tt-ihp-int8-npu/src/npu_core.sv:348$982 ($add).
Removed top 30 bits (of 32) from port B of cell tt_um_danieltyukov_int8_npu.$flatten\u_core.$mul$/home/danieltyukov/workspace/personal/tt-ihp-int8-npu/src/npu_core.sv:347$977 ($mul).
Removed top 29 bits (of 32) from port Y of cell tt_um_danieltyukov_int8_npu.$flatten\u_core.$mul$/home/danieltyukov/workspace/personal/tt-ihp-int8-npu/src/npu_core.sv:347$977 ($mul).
Removed top 27 bits (of 29) from port B of cell tt_um_danieltyukov_int8_npu.$flatten\u_core.$mul$/home/danieltyukov/workspace/personal/tt-ihp-int8-npu/src/npu_core.sv:342$974 ($mul).
Removed top 26 bits (of 29) from port Y of cell tt_um_danieltyukov_int8_npu.$flatten\u_core.$mul$/home/danieltyukov/workspace/personal/tt-ihp-int8-npu/src/npu_core.sv:342$974 ($mul).
Removed top 2 bits (of 3) from port B of cell tt_um_danieltyukov_int8_npu.$flatten\u_core.$add$/home/danieltyukov/workspace/personal/tt-ihp-int8-npu/src/npu_core.sv:272$973 ($add).
Removed top 1 bits (of 16) from port Y of cell tt_um_danieltyukov_int8_npu.$flatten\u_core.\u_array.\g_row[3].g_col[1].u_pe.\u_mul.\g_bw.g_wallace.u_tree.\genblk1.g_reduce.u_next.$or$/home/danieltyukov/workspace/personal/tt-ihp-int8-npu/src/npu_csa_reduce.sv:53$2048 ($or).
Removed top 1 bits (of 16) from port A of cell tt_um_danieltyukov_int8_npu.$flatten\u_core.\u_array.\g_row[3].g_col[1].u_pe.\u_mul.\g_bw.g_wallace.u_tree.\genblk1.g_reduce.u_next.$or$/home/danieltyukov/workspace/personal/tt-ihp-int8-npu/src/npu_csa_reduce.sv:53$2048 ($or).
Removed top 1 bits (of 16) from port B of cell tt_um_danieltyukov_int8_npu.$flatten\u_core.\u_array.\g_row[3].g_col[1].u_pe.\u_mul.\g_bw.g_wallace.u_tree.\genblk1.g_reduce.u_next.$or$/home/danieltyukov/workspace/personal/tt-ihp-int8-npu/src/npu_csa_reduce.sv:53$2048 ($or).
Removed top 1 bits (of 16) from port Y of cell tt_um_danieltyukov_int8_npu.$flatten\u_core.\u_array.\g_row[3].g_col[1].u_pe.\u_mul.\g_bw.g_wallace.u_tree.\genblk1.g_reduce.u_next.$and$/home/danieltyukov/workspace/personal/tt-ihp-int8-npu/src/npu_csa_reduce.sv:53$2049 ($and).
Removed top 1 bits (of 16) from port A of cell tt_um_danieltyukov_int8_npu.$flatten\u_core.\u_array.\g_row[3].g_col[1].u_pe.\u_mul.\g_bw.g_wallace.u_tree.\genblk1.g_reduce.u_next.$and$/home/danieltyukov/workspace/personal/tt-ihp-int8-npu/src/npu_csa_reduce.sv:53$2049 ($and).
Removed top 1 bits (of 16) from port B of cell tt_um_danieltyukov_int8_npu.$flatten\u_core.\u_array.\g_row[3].g_col[1].u_pe.\u_mul.\g_bw.g_wallace.u_tree.\genblk1.g_reduce.u_next.$and$/home/danieltyukov/workspace/personal/tt-ihp-int8-npu/src/npu_csa_reduce.sv:53$2049 ($and).
Removed top 1 bits (of 16) from port Y of cell tt_um_danieltyukov_int8_npu.$flatten\u_core.\u_array.\g_row[3].g_col[1].u_pe.\u_mul.\g_bw.g_wallace.u_tree.\genblk1.g_reduce.u_next.$or$/home/danieltyukov/workspace/personal/tt-ihp-int8-npu/src/npu_csa_reduce.sv:53$2055 ($or).
Removed top 1 bits (of 16) from port A of cell tt_um_danieltyukov_int8_npu.$flatten\u_core.\u_array.\g_row[3].g_col[1].u_pe.\u_mul.\g_bw.g_wallace.u_tree.\genblk1.g_reduce.u_next.$or$/home/danieltyukov/workspace/personal/tt-ihp-int8-npu/src/npu_csa_reduce.sv:53$2055 ($or).
Removed top 1 bits (of 16) from port B of cell tt_um_danieltyukov_int8_npu.$flatten\u_core.\u_array.\g_row[3].g_col[1].u_pe.\u_mul.\g_bw.g_wallace.u_tree.\genblk1.g_reduce.u_next.$or$/home/danieltyukov/workspace/personal/tt-ihp-int8-npu/src/npu_csa_reduce.sv:53$2055 ($or).
Removed top 1 bits (of 16) from port Y of cell tt_um_danieltyukov_int8_npu.$flatten\u_core.\u_array.\g_row[3].g_col[1].u_pe.\u_mul.\g_bw.g_wallace.u_tree.\genblk1.g_reduce.u_next.$and$/home/danieltyukov/workspace/personal/tt-ihp-int8-npu/src/npu_csa_reduce.sv:53$2056 ($and).
Removed top 1 bits (of 16) from port A of cell tt_um_danieltyukov_int8_npu.$flatten\u_core.\u_array.\g_row[3].g_col[1].u_pe.\u_mul.\g_bw.g_wallace.u_tree.\genblk1.g_reduce.u_next.$and$/home/danieltyukov/workspace/personal/tt-ihp-int8-npu/src/npu_csa_reduce.sv:53$2056 ($and).
Removed top 1 bits (of 16) from port B of cell tt_um_danieltyukov_int8_npu.$flatten\u_core.\u_array.\g_row[3].g_col[1].u_pe.\u_mul.\g_bw.g_wallace.u_tree.\genblk1.g_reduce.u_next.$and$/home/danieltyukov/workspace/personal/tt-ihp-int8-npu/src/npu_csa_reduce.sv:53$2056 ($and).
Removed top 1 bits (of 16) from port Y of cell tt_um_danieltyukov_int8_npu.$flatten\u_core.\u_array.\g_row[3].g_col[1].u_pe.\u_mul.\g_bw.g_wallace.u_tree.\genblk1.g_reduce.u_next.\genblk1.g_reduce.u_next.\genblk1.g_reduce.u_next.$or$/home/danieltyukov/workspace/personal/tt-ihp-int8-npu/src/npu_csa_reduce.sv:53$1914 ($or).
Removed top 1 bits (of 16) from port A of cell tt_um_danieltyukov_int8_npu.$flatten\u_core.\u_array.\g_row[3].g_col[1].u_pe.\u_mul.\g_bw.g_wallace.u_tree.\genblk1.g_reduce.u_next.\genblk1.g_reduce.u_next.\genblk1.g_reduce.u_next.$or$/home/danieltyukov/workspace/personal/tt-ihp-int8-npu/src/npu_csa_reduce.sv:53$1914 ($or).
Removed top 1 bits (of 16) from port B of cell tt_um_danieltyukov_int8_npu.$flatten\u_core.\u_array.\g_row[3].g_col[1].u_pe.\u_mul.\g_bw.g_wallace.u_tree.\genblk1.g_reduce.u_next.\genblk1.g_reduce.u_next.\genblk1.g_reduce.u_next.$or$/home/danieltyukov/workspace/personal/tt-ihp-int8-npu/src/npu_csa_reduce.sv:53$1914 ($or).
Removed top 1 bits (of 16) from port Y of cell tt_um_danieltyukov_int8_npu.$flatten\u_core.\u_array.\g_row[3].g_col[1].u_pe.\u_mul.\g_bw.g_wallace.u_tree.\genblk1.g_reduce.u_next.\genblk1.g_reduce.u_next.\genblk1.g_reduce.u_next.$and$/home/danieltyukov/workspace/personal/tt-ihp-int8-npu/src/npu_csa_reduce.sv:53$1915 ($and).
Removed top 1 bits (of 16) from port A of cell tt_um_danieltyukov_int8_npu.$flatten\u_core.\u_array.\g_row[3].g_col[1].u_pe.\u_mul.\g_bw.g_wallace.u_tree.\genblk1.g_reduce.u_next.\genblk1.g_reduce.u_next.\genblk1.g_reduce.u_next.$and$/home/danieltyukov/workspace/personal/tt-ihp-int8-npu/src/npu_csa_reduce.sv:53$1915 ($and).
Removed top 1 bits (of 16) from port B of cell tt_um_danieltyukov_int8_npu.$flatten\u_core.\u_array.\g_row[3].g_col[1].u_pe.\u_mul.\g_bw.g_wallace.u_tree.\genblk1.g_reduce.u_next.\genblk1.g_reduce.u_next.\genblk1.g_reduce.u_next.$and$/home/danieltyukov/workspace/personal/tt-ihp-int8-npu/src/npu_csa_reduce.sv:53$1915 ($and).
Removed top 1 bits (of 16) from port Y of cell tt_um_danieltyukov_int8_npu.$flatten\u_core.\u_array.\g_row[0].g_col[0].u_pe.\u_mul.\g_bw.g_wallace.u_tree.\genblk1.g_reduce.u_next.$or$/home/danieltyukov/workspace/personal/tt-ihp-int8-npu/src/npu_csa_reduce.sv:53$2048 ($or).
Removed top 1 bits (of 16) from port A of cell tt_um_danieltyukov_int8_npu.$flatten\u_core.\u_array.\g_row[0].g_col[0].u_pe.\u_mul.\g_bw.g_wallace.u_tree.\genblk1.g_reduce.u_next.$or$/home/danieltyukov/workspace/personal/tt-ihp-int8-npu/src/npu_csa_reduce.sv:53$2048 ($or).
Removed top 1 bits (of 16) from port B of cell tt_um_danieltyukov_int8_npu.$flatten\u_core.\u_array.\g_row[0].g_col[0].u_pe.\u_mul.\g_bw.g_wallace.u_tree.\genblk1.g_reduce.u_next.$or$/home/danieltyukov/workspace/personal/tt-ihp-int8-npu/src/npu_csa_reduce.sv:53$2048 ($or).
Removed top 1 bits (of 16) from port Y of cell tt_um_danieltyukov_int8_npu.$flatten\u_core.\u_array.\g_row[0].g_col[0].u_pe.\u_mul.\g_bw.g_wallace.u_tree.\genblk1.g_reduce.u_next.$and$/home/danieltyukov/workspace/personal/tt-ihp-int8-npu/src/npu_csa_reduce.sv:53$2049 ($and).
Removed top 1 bits (of 16) from port A of cell tt_um_danieltyukov_int8_npu.$flatten\u_core.\u_array.\g_row[0].g_col[0].u_pe.\u_mul.\g_bw.g_wallace.u_tree.\genblk1.g_reduce.u_next.$and$/home/danieltyukov/workspace/personal/tt-ihp-int8-npu/src/npu_csa_reduce.sv:53$2049 ($and).
Removed top 1 bits (of 16) from port B of cell tt_um_danieltyukov_int8_npu.$flatten\u_core.\u_array.\g_row[0].g_col[0].u_pe.\u_mul.\g_bw.g_wallace.u_tree.\genblk1.g_reduce.u_next.$and$/home/danieltyukov/workspace/personal/tt-ihp-int8-npu/src/npu_csa_reduce.sv:53$2049 ($and).
Removed top 1 bits (of 16) from port Y of cell tt_um_danieltyukov_int8_npu.$flatten\u_core.\u_array.\g_row[0].g_col[0].u_pe.\u_mul.\g_bw.g_wallace.u_tree.\genblk1.g_reduce.u_next.$or$/home/danieltyukov/workspace/personal/tt-ihp-int8-npu/src/npu_csa_reduce.sv:53$2055 ($or).
Removed top 1 bits (of 16) from port A of cell tt_um_danieltyukov_int8_npu.$flatten\u_core.\u_array.\g_row[0].g_col[0].u_pe.\u_mul.\g_bw.g_wallace.u_tree.\genblk1.g_reduce.u_next.$or$/home/danieltyukov/workspace/personal/tt-ihp-int8-npu/src/npu_csa_reduce.sv:53$2055 ($or).
Removed top 1 bits (of 16) from port B of cell tt_um_danieltyukov_int8_npu.$flatten\u_core.\u_array.\g_row[0].g_col[0].u_pe.\u_mul.\g_bw.g_wallace.u_tree.\genblk1.g_reduce.u_next.$or$/home/danieltyukov/workspace/personal/tt-ihp-int8-npu/src/npu_csa_reduce.sv:53$2055 ($or).
Removed top 1 bits (of 16) from port Y of cell tt_um_danieltyukov_int8_npu.$flatten\u_core.\u_array.\g_row[0].g_col[0].u_pe.\u_mul.\g_bw.g_wallace.u_tree.\genblk1.g_reduce.u_next.$and$/home/danieltyukov/workspace/personal/tt-ihp-int8-npu/src/npu_csa_reduce.sv:53$2056 ($and).
Removed top 1 bits (of 16) from port A of cell tt_um_danieltyukov_int8_npu.$flatten\u_core.\u_array.\g_row[0].g_col[0].u_pe.\u_mul.\g_bw.g_wallace.u_tree.\genblk1.g_reduce.u_next.$and$/home/danieltyukov/workspace/personal/tt-ihp-int8-npu/src/npu_csa_reduce.sv:53$2056 ($and).
Removed top 1 bits (of 16) from port B of cell tt_um_danieltyukov_int8_npu.$flatten\u_core.\u_array.\g_row[0].g_col[0].u_pe.\u_mul.\g_bw.g_wallace.u_tree.\genblk1.g_reduce.u_next.$and$/home/danieltyukov/workspace/personal/tt-ihp-int8-npu/src/npu_csa_reduce.sv:53$2056 ($and).
Removed top 1 bits (of 16) from port Y of cell tt_um_danieltyukov_int8_npu.$flatten\u_core.\u_array.\g_row[0].g_col[0].u_pe.\u_mul.\g_bw.g_wallace.u_tree.\genblk1.g_reduce.u_next.\genblk1.g_reduce.u_next.\genblk1.g_reduce.u_next.$or$/home/danieltyukov/workspace/personal/tt-ihp-int8-npu/src/npu_csa_reduce.sv:53$1914 ($or).
Removed top 1 bits (of 16) from port A of cell tt_um_danieltyukov_int8_npu.$flatten\u_core.\u_array.\g_row[0].g_col[0].u_pe.\u_mul.\g_bw.g_wallace.u_tree.\genblk1.g_reduce.u_next.\genblk1.g_reduce.u_next.\genblk1.g_reduce.u_next.$or$/home/danieltyukov/workspace/personal/tt-ihp-int8-npu/src/npu_csa_reduce.sv:53$1914 ($or).
Removed top 1 bits (of 16) from port B of cell tt_um_danieltyukov_int8_npu.$flatten\u_core.\u_array.\g_row[0].g_col[0].u_pe.\u_mul.\g_bw.g_wallace.u_tree.\genblk1.g_reduce.u_next.\genblk1.g_reduce.u_next.\genblk1.g_reduce.u_next.$or$/home/danieltyukov/workspace/personal/tt-ihp-int8-npu/src/npu_csa_reduce.sv:53$1914 ($or).
Removed top 1 bits (of 16) from port Y of cell tt_um_danieltyukov_int8_npu.$flatten\u_core.\u_array.\g_row[0].g_col[0].u_pe.\u_mul.\g_bw.g_wallace.u_tree.\genblk1.g_reduce.u_next.\genblk1.g_reduce.u_next.\genblk1.g_reduce.u_next.$and$/home/danieltyukov/workspace/personal/tt-ihp-int8-npu/src/npu_csa_reduce.sv:53$1915 ($and).
Removed top 1 bits (of 16) from port A of cell tt_um_danieltyukov_int8_npu.$flatten\u_core.\u_array.\g_row[0].g_col[0].u_pe.\u_mul.\g_bw.g_wallace.u_tree.\genblk1.g_reduce.u_next.\genblk1.g_reduce.u_next.\genblk1.g_reduce.u_next.$and$/home/danieltyukov/workspace/personal/tt-ihp-int8-npu/src/npu_csa_reduce.sv:53$1915 ($and).
Removed top 1 bits (of 16) from port B of cell tt_um_danieltyukov_int8_npu.$flatten\u_core.\u_array.\g_row[0].g_col[0].u_pe.\u_mul.\g_bw.g_wallace.u_tree.\genblk1.g_reduce.u_next.\genblk1.g_reduce.u_next.\genblk1.g_reduce.u_next.$and$/home/danieltyukov/workspace/personal/tt-ihp-int8-npu/src/npu_csa_reduce.sv:53$1915 ($and).
Removed top 1 bits (of 16) from port Y of cell tt_um_danieltyukov_int8_npu.$flatten\u_core.\u_array.\g_row[0].g_col[1].u_pe.\u_mul.\g_bw.g_wallace.u_tree.\genblk1.g_reduce.u_next.$or$/home/danieltyukov/workspace/personal/tt-ihp-int8-npu/src/npu_csa_reduce.sv:53$2048 ($or).
Removed top 1 bits (of 16) from port A of cell tt_um_danieltyukov_int8_npu.$flatten\u_core.\u_array.\g_row[0].g_col[1].u_pe.\u_mul.\g_bw.g_wallace.u_tree.\genblk1.g_reduce.u_next.$or$/home/danieltyukov/workspace/personal/tt-ihp-int8-npu/src/npu_csa_reduce.sv:53$2048 ($or).
Removed top 1 bits (of 16) from port B of cell tt_um_danieltyukov_int8_npu.$flatten\u_core.\u_array.\g_row[0].g_col[1].u_pe.\u_mul.\g_bw.g_wallace.u_tree.\genblk1.g_reduce.u_next.$or$/home/danieltyukov/workspace/personal/tt-ihp-int8-npu/src/npu_csa_reduce.sv:53$2048 ($or).
Removed top 1 bits (of 16) from port Y of cell tt_um_danieltyukov_int8_npu.$flatten\u_core.\u_array.\g_row[0].g_col[1].u_pe.\u_mul.\g_bw.g_wallace.u_tree.\genblk1.g_reduce.u_next.$and$/home/danieltyukov/workspace/personal/tt-ihp-int8-npu/src/npu_csa_reduce.sv:53$2049 ($and).
Removed top 1 bits (of 16) from port A of cell tt_um_danieltyukov_int8_npu.$flatten\u_core.\u_array.\g_row[0].g_col[1].u_pe.\u_mul.\g_bw.g_wallace.u_tree.\genblk1.g_reduce.u_next.$and$/home/danieltyukov/workspace/personal/tt-ihp-int8-npu/src/npu_csa_reduce.sv:53$2049 ($and).
Removed top 1 bits (of 16) from port B of cell tt_um_danieltyukov_int8_npu.$flatten\u_core.\u_array.\g_row[0].g_col[1].u_pe.\u_mul.\g_bw.g_wallace.u_tree.\genblk1.g_reduce.u_next.$and$/home/danieltyukov/workspace/personal/tt-ihp-int8-npu/src/npu_csa_reduce.sv:53$2049 ($and).
Removed top 1 bits (of 16) from port Y of cell tt_um_danieltyukov_int8_npu.$flatten\u_core.\u_array.\g_row[0].g_col[1].u_pe.\u_mul.\g_bw.g_wallace.u_tree.\genblk1.g_reduce.u_next.$or$/home/danieltyukov/workspace/personal/tt-ihp-int8-npu/src/npu_csa_reduce.sv:53$2055 ($or).
Removed top 1 bits (of 16) from port A of cell tt_um_danieltyukov_int8_npu.$flatten\u_core.\u_array.\g_row[0].g_col[1].u_pe.\u_mul.\g_bw.g_wallace.u_tree.\genblk1.g_reduce.u_next.$or$/home/danieltyukov/workspace/personal/tt-ihp-int8-npu/src/npu_csa_reduce.sv:53$2055 ($or).
Removed top 1 bits (of 16) from port B of cell tt_um_danieltyukov_int8_npu.$flatten\u_core.\u_array.\g_row[0].g_col[1].u_pe.\u_mul.\g_bw.g_wallace.u_tree.\genblk1.g_reduce.u_next.$or$/home/danieltyukov/workspace/personal/tt-ihp-int8-npu/src/npu_csa_reduce.sv:53$2055 ($or).
Removed top 1 bits (of 16) from port Y of cell tt_um_danieltyukov_int8_npu.$flatten\u_core.\u_array.\g_row[0].g_col[1].u_pe.\u_mul.\g_bw.g_wallace.u_tree.\genblk1.g_reduce.u_next.$and$/home/danieltyukov/workspace/personal/tt-ihp-int8-npu/src/npu_csa_reduce.sv:53$2056 ($and).
Removed top 1 bits (of 16) from port A of cell tt_um_danieltyukov_int8_npu.$flatten\u_core.\u_array.\g_row[0].g_col[1].u_pe.\u_mul.\g_bw.g_wallace.u_tree.\genblk1.g_reduce.u_next.$and$/home/danieltyukov/workspace/personal/tt-ihp-int8-npu/src/npu_csa_reduce.sv:53$2056 ($and).
Removed top 1 bits (of 16) from port B of cell tt_um_danieltyukov_int8_npu.$flatten\u_core.\u_array.\g_row[0].g_col[1].u_pe.\u_mul.\g_bw.g_wallace.u_tree.\genblk1.g_reduce.u_next.$and$/home/danieltyukov/workspace/personal/tt-ihp-int8-npu/src/npu_csa_reduce.sv:53$2056 ($and).
Removed top 1 bits (of 16) from port Y of cell tt_um_danieltyukov_int8_npu.$flatten\u_core.\u_array.\g_row[0].g_col[1].u_pe.\u_mul.\g_bw.g_wallace.u_tree.\genblk1.g_reduce.u_next.\genblk1.g_reduce.u_next.\genblk1.g_reduce.u_next.$or$/home/danieltyukov/workspace/personal/tt-ihp-int8-npu/src/npu_csa_reduce.sv:53$1914 ($or).
Removed top 1 bits (of 16) from port A of cell tt_um_danieltyukov_int8_npu.$flatten\u_core.\u_array.\g_row[0].g_col[1].u_pe.\u_mul.\g_bw.g_wallace.u_tree.\genblk1.g_reduce.u_next.\genblk1.g_reduce.u_next.\genblk1.g_reduce.u_next.$or$/home/danieltyukov/workspace/personal/tt-ihp-int8-npu/src/npu_csa_reduce.sv:53$1914 ($or).
Removed top 1 bits (of 16) from port B of cell tt_um_danieltyukov_int8_npu.$flatten\u_core.\u_array.\g_row[0].g_col[1].u_pe.\u_mul.\g_bw.g_wallace.u_tree.\genblk1.g_reduce.u_next.\genblk1.g_reduce.u_next.\genblk1.g_reduce.u_next.$or$/home/danieltyukov/workspace/personal/tt-ihp-int8-npu/src/npu_csa_reduce.sv:53$1914 ($or).
Removed top 1 bits (of 16) from port Y of cell tt_um_danieltyukov_int8_npu.$flatten\u_core.\u_array.\g_row[0].g_col[1].u_pe.\u_mul.\g_bw.g_wallace.u_tree.\genblk1.g_reduce.u_next.\genblk1.g_reduce.u_next.\genblk1.g_reduce.u_next.$and$/home/danieltyukov/workspace/personal/tt-ihp-int8-npu/src/npu_csa_reduce.sv:53$1915 ($and).
Removed top 1 bits (of 16) from port A of cell tt_um_danieltyukov_int8_npu.$flatten\u_core.\u_array.\g_row[0].g_col[1].u_pe.\u_mul.\g_bw.g_wallace.u_tree.\genblk1.g_reduce.u_next.\genblk1.g_reduce.u_next.\genblk1.g_reduce.u_next.$and$/home/danieltyukov/workspace/personal/tt-ihp-int8-npu/src/npu_csa_reduce.sv:53$1915 ($and).
Removed top 1 bits (of 16) from port B of cell tt_um_danieltyukov_int8_npu.$flatten\u_core.\u_array.\g_row[0].g_col[1].u_pe.\u_mul.\g_bw.g_wallace.u_tree.\genblk1.g_reduce.u_next.\genblk1.g_reduce.u_next.\genblk1.g_reduce.u_next.$and$/home/danieltyukov/workspace/personal/tt-ihp-int8-npu/src/npu_csa_reduce.sv:53$1915 ($and).
Removed top 1 bits (of 16) from port Y of cell tt_um_danieltyukov_int8_npu.$flatten\u_core.\u_array.\g_row[1].g_col[0].u_pe.\u_mul.\g_bw.g_wallace.u_tree.\genblk1.g_reduce.u_next.$or$/home/danieltyukov/workspace/personal/tt-ihp-int8-npu/src/npu_csa_reduce.sv:53$2048 ($or).
Removed top 1 bits (of 16) from port A of cell tt_um_danieltyukov_int8_npu.$flatten\u_core.\u_array.\g_row[1].g_col[0].u_pe.\u_mul.\g_bw.g_wallace.u_tree.\genblk1.g_reduce.u_next.$or$/home/danieltyukov/workspace/personal/tt-ihp-int8-npu/src/npu_csa_reduce.sv:53$2048 ($or).
Removed top 1 bits (of 16) from port B of cell tt_um_danieltyukov_int8_npu.$flatten\u_core.\u_array.\g_row[1].g_col[0].u_pe.\u_mul.\g_bw.g_wallace.u_tree.\genblk1.g_reduce.u_next.$or$/home/danieltyukov/workspace/personal/tt-ihp-int8-npu/src/npu_csa_reduce.sv:53$2048 ($or).
Removed top 1 bits (of 16) from port Y of cell tt_um_danieltyukov_int8_npu.$flatten\u_core.\u_array.\g_row[1].g_col[0].u_pe.\u_mul.\g_bw.g_wallace.u_tree.\genblk1.g_reduce.u_next.$and$/home/danieltyukov/workspace/personal/tt-ihp-int8-npu/src/npu_csa_reduce.sv:53$2049 ($and).
Removed top 1 bits (of 16) from port A of cell tt_um_danieltyukov_int8_npu.$flatten\u_core.\u_array.\g_row[1].g_col[0].u_pe.\u_mul.\g_bw.g_wallace.u_tree.\genblk1.g_reduce.u_next.$and$/home/danieltyukov/workspace/personal/tt-ihp-int8-npu/src/npu_csa_reduce.sv:53$2049 ($and).
Removed top 1 bits (of 16) from port B of cell tt_um_danieltyukov_int8_npu.$flatten\u_core.\u_array.\g_row[1].g_col[0].u_pe.\u_mul.\g_bw.g_wallace.u_tree.\genblk1.g_reduce.u_next.$and$/home/danieltyukov/workspace/personal/tt-ihp-int8-npu/src/npu_csa_reduce.sv:53$2049 ($and).
Removed top 1 bits (of 16) from port Y of cell tt_um_danieltyukov_int8_npu.$flatten\u_core.\u_array.\g_row[1].g_col[0].u_pe.\u_mul.\g_bw.g_wallace.u_tree.\genblk1.g_reduce.u_next.$or$/home/danieltyukov/workspace/personal/tt-ihp-int8-npu/src/npu_csa_reduce.sv:53$2055 ($or).
Removed top 1 bits (of 16) from port A of cell tt_um_danieltyukov_int8_npu.$flatten\u_core.\u_array.\g_row[1].g_col[0].u_pe.\u_mul.\g_bw.g_wallace.u_tree.\genblk1.g_reduce.u_next.$or$/home/danieltyukov/workspace/personal/tt-ihp-int8-npu/src/npu_csa_reduce.sv:53$2055 ($or).
Removed top 1 bits (of 16) from port B of cell tt_um_danieltyukov_int8_npu.$flatten\u_core.\u_array.\g_row[1].g_col[0].u_pe.\u_mul.\g_bw.g_wallace.u_tree.\genblk1.g_reduce.u_next.$or$/home/danieltyukov/workspace/personal/tt-ihp-int8-npu/src/npu_csa_reduce.sv:53$2055 ($or).
Removed top 1 bits (of 16) from port Y of cell tt_um_danieltyukov_int8_npu.$flatten\u_core.\u_array.\g_row[1].g_col[0].u_pe.\u_mul.\g_bw.g_wallace.u_tree.\genblk1.g_reduce.u_next.$and$/home/danieltyukov/workspace/personal/tt-ihp-int8-npu/src/npu_csa_reduce.sv:53$2056 ($and).
Removed top 1 bits (of 16) from port A of cell tt_um_danieltyukov_int8_npu.$flatten\u_core.\u_array.\g_row[1].g_col[0].u_pe.\u_mul.\g_bw.g_wallace.u_tree.\genblk1.g_reduce.u_next.$and$/home/danieltyukov/workspace/personal/tt-ihp-int8-npu/src/npu_csa_reduce.sv:53$2056 ($and).
Removed top 1 bits (of 16) from port B of cell tt_um_danieltyukov_int8_npu.$flatten\u_core.\u_array.\g_row[1].g_col[0].u_pe.\u_mul.\g_bw.g_wallace.u_tree.\genblk1.g_reduce.u_next.$and$/home/danieltyukov/workspace/personal/tt-ihp-int8-npu/src/npu_csa_reduce.sv:53$2056 ($and).
Removed top 1 bits (of 16) from port Y of cell tt_um_danieltyukov_int8_npu.$flatten\u_core.\u_array.\g_row[1].g_col[0].u_pe.\u_mul.\g_bw.g_wallace.u_tree.\genblk1.g_reduce.u_next.\genblk1.g_reduce.u_next.\genblk1.g_reduce.u_next.$or$/home/danieltyukov/workspace/personal/tt-ihp-int8-npu/src/npu_csa_reduce.sv:53$1914 ($or).
Removed top 1 bits (of 16) from port A of cell tt_um_danieltyukov_int8_npu.$flatten\u_core.\u_array.\g_row[1].g_col[0].u_pe.\u_mul.\g_bw.g_wallace.u_tree.\genblk1.g_reduce.u_next.\genblk1.g_reduce.u_next.\genblk1.g_reduce.u_next.$or$/home/danieltyukov/workspace/personal/tt-ihp-int8-npu/src/npu_csa_reduce.sv:53$1914 ($or).
Removed top 1 bits (of 16) from port B of cell tt_um_danieltyukov_int8_npu.$flatten\u_core.\u_array.\g_row[1].g_col[0].u_pe.\u_mul.\g_bw.g_wallace.u_tree.\genblk1.g_reduce.u_next.\genblk1.g_reduce.u_next.\genblk1.g_reduce.u_next.$or$/home/danieltyukov/workspace/personal/tt-ihp-int8-npu/src/npu_csa_reduce.sv:53$1914 ($or).
Removed top 1 bits (of 16) from port Y of cell tt_um_danieltyukov_int8_npu.$flatten\u_core.\u_array.\g_row[1].g_col[0].u_pe.\u_mul.\g_bw.g_wallace.u_tree.\genblk1.g_reduce.u_next.\genblk1.g_reduce.u_next.\genblk1.g_reduce.u_next.$and$/home/danieltyukov/workspace/personal/tt-ihp-int8-npu/src/npu_csa_reduce.sv:53$1915 ($and).
Removed top 1 bits (of 16) from port A of cell tt_um_danieltyukov_int8_npu.$flatten\u_core.\u_array.\g_row[1].g_col[0].u_pe.\u_mul.\g_bw.g_wallace.u_tree.\genblk1.g_reduce.u_next.\genblk1.g_reduce.u_next.\genblk1.g_reduce.u_next.$and$/home/danieltyukov/workspace/personal/tt-ihp-int8-npu/src/npu_csa_reduce.sv:53$1915 ($and).
Removed top 1 bits (of 16) from port B of cell tt_um_danieltyukov_int8_npu.$flatten\u_core.\u_array.\g_row[1].g_col[0].u_pe.\u_mul.\g_bw.g_wallace.u_tree.\genblk1.g_reduce.u_next.\genblk1.g_reduce.u_next.\genblk1.g_reduce.u_next.$and$/home/danieltyukov/workspace/personal/tt-ihp-int8-npu/src/npu_csa_reduce.sv:53$1915 ($and).
Removed top 1 bits (of 16) from port Y of cell tt_um_danieltyukov_int8_npu.$flatten\u_core.\u_array.\g_row[1].g_col[1].u_pe.\u_mul.\g_bw.g_wallace.u_tree.\genblk1.g_reduce.u_next.$or$/home/danieltyukov/workspace/personal/tt-ihp-int8-npu/src/npu_csa_reduce.sv:53$2048 ($or).
Removed top 1 bits (of 16) from port A of cell tt_um_danieltyukov_int8_npu.$flatten\u_core.\u_array.\g_row[1].g_col[1].u_pe.\u_mul.\g_bw.g_wallace.u_tree.\genblk1.g_reduce.u_next.$or$/home/danieltyukov/workspace/personal/tt-ihp-int8-npu/src/npu_csa_reduce.sv:53$2048 ($or).
Removed top 1 bits (of 16) from port B of cell tt_um_danieltyukov_int8_npu.$flatten\u_core.\u_array.\g_row[1].g_col[1].u_pe.\u_mul.\g_bw.g_wallace.u_tree.\genblk1.g_reduce.u_next.$or$/home/danieltyukov/workspace/personal/tt-ihp-int8-npu/src/npu_csa_reduce.sv:53$2048 ($or).
Removed top 1 bits (of 16) from port Y of cell tt_um_danieltyukov_int8_npu.$flatten\u_core.\u_array.\g_row[1].g_col[1].u_pe.\u_mul.\g_bw.g_wallace.u_tree.\genblk1.g_reduce.u_next.$and$/home/danieltyukov/workspace/personal/tt-ihp-int8-npu/src/npu_csa_reduce.sv:53$2049 ($and).
Removed top 1 bits (of 16) from port A of cell tt_um_danieltyukov_int8_npu.$flatten\u_core.\u_array.\g_row[1].g_col[1].u_pe.\u_mul.\g_bw.g_wallace.u_tree.\genblk1.g_reduce.u_next.$and$/home/danieltyukov/workspace/personal/tt-ihp-int8-npu/src/npu_csa_reduce.sv:53$2049 ($and).
Removed top 1 bits (of 16) from port B of cell tt_um_danieltyukov_int8_npu.$flatten\u_core.\u_array.\g_row[1].g_col[1].u_pe.\u_mul.\g_bw.g_wallace.u_tree.\genblk1.g_reduce.u_next.$and$/home/danieltyukov/workspace/personal/tt-ihp-int8-npu/src/npu_csa_reduce.sv:53$2049 ($and).
Removed top 1 bits (of 16) from port Y of cell tt_um_danieltyukov_int8_npu.$flatten\u_core.\u_array.\g_row[1].g_col[1].u_pe.\u_mul.\g_bw.g_wallace.u_tree.\genblk1.g_reduce.u_next.$or$/home/danieltyukov/workspace/personal/tt-ihp-int8-npu/src/npu_csa_reduce.sv:53$2055 ($or).
Removed top 1 bits (of 16) from port A of cell tt_um_danieltyukov_int8_npu.$flatten\u_core.\u_array.\g_row[1].g_col[1].u_pe.\u_mul.\g_bw.g_wallace.u_tree.\genblk1.g_reduce.u_next.$or$/home/danieltyukov/workspace/personal/tt-ihp-int8-npu/src/npu_csa_reduce.sv:53$2055 ($or).
Removed top 1 bits (of 16) from port B of cell tt_um_danieltyukov_int8_npu.$flatten\u_core.\u_array.\g_row[1].g_col[1].u_pe.\u_mul.\g_bw.g_wallace.u_tree.\genblk1.g_reduce.u_next.$or$/home/danieltyukov/workspace/personal/tt-ihp-int8-npu/src/npu_csa_reduce.sv:53$2055 ($or).
Removed top 1 bits (of 16) from port Y of cell tt_um_danieltyukov_int8_npu.$flatten\u_core.\u_array.\g_row[1].g_col[1].u_pe.\u_mul.\g_bw.g_wallace.u_tree.\genblk1.g_reduce.u_next.$and$/home/danieltyukov/workspace/personal/tt-ihp-int8-npu/src/npu_csa_reduce.sv:53$2056 ($and).
Removed top 1 bits (of 16) from port A of cell tt_um_danieltyukov_int8_npu.$flatten\u_core.\u_array.\g_row[1].g_col[1].u_pe.\u_mul.\g_bw.g_wallace.u_tree.\genblk1.g_reduce.u_next.$and$/home/danieltyukov/workspace/personal/tt-ihp-int8-npu/src/npu_csa_reduce.sv:53$2056 ($and).
Removed top 1 bits (of 16) from port B of cell tt_um_danieltyukov_int8_npu.$flatten\u_core.\u_array.\g_row[1].g_col[1].u_pe.\u_mul.\g_bw.g_wallace.u_tree.\genblk1.g_reduce.u_next.$and$/home/danieltyukov/workspace/personal/tt-ihp-int8-npu/src/npu_csa_reduce.sv:53$2056 ($and).
Removed top 1 bits (of 16) from port Y of cell tt_um_danieltyukov_int8_npu.$flatten\u_core.\u_array.\g_row[1].g_col[1].u_pe.\u_mul.\g_bw.g_wallace.u_tree.\genblk1.g_reduce.u_next.\genblk1.g_reduce.u_next.\genblk1.g_reduce.u_next.$or$/home/danieltyukov/workspace/personal/tt-ihp-int8-npu/src/npu_csa_reduce.sv:53$1914 ($or).
Removed top 1 bits (of 16) from port A of cell tt_um_danieltyukov_int8_npu.$flatten\u_core.\u_array.\g_row[1].g_col[1].u_pe.\u_mul.\g_bw.g_wallace.u_tree.\genblk1.g_reduce.u_next.\genblk1.g_reduce.u_next.\genblk1.g_reduce.u_next.$or$/home/danieltyukov/workspace/personal/tt-ihp-int8-npu/src/npu_csa_reduce.sv:53$1914 ($or).
Removed top 1 bits (of 16) from port B of cell tt_um_danieltyukov_int8_npu.$flatten\u_core.\u_array.\g_row[1].g_col[1].u_pe.\u_mul.\g_bw.g_wallace.u_tree.\genblk1.g_reduce.u_next.\genblk1.g_reduce.u_next.\genblk1.g_reduce.u_next.$or$/home/danieltyukov/workspace/personal/tt-ihp-int8-npu/src/npu_csa_reduce.sv:53$1914 ($or).
Removed top 1 bits (of 16) from port Y of cell tt_um_danieltyukov_int8_npu.$flatten\u_core.\u_array.\g_row[1].g_col[1].u_pe.\u_mul.\g_bw.g_wallace.u_tree.\genblk1.g_reduce.u_next.\genblk1.g_reduce.u_next.\genblk1.g_reduce.u_next.$and$/home/danieltyukov/workspace/personal/tt-ihp-int8-npu/src/npu_csa_reduce.sv:53$1915 ($and).
Removed top 1 bits (of 16) from port A of cell tt_um_danieltyukov_int8_npu.$flatten\u_core.\u_array.\g_row[1].g_col[1].u_pe.\u_mul.\g_bw.g_wallace.u_tree.\genblk1.g_reduce.u_next.\genblk1.g_reduce.u_next.\genblk1.g_reduce.u_next.$and$/home/danieltyukov/workspace/personal/tt-ihp-int8-npu/src/npu_csa_reduce.sv:53$1915 ($and).
Removed top 1 bits (of 16) from port B of cell tt_um_danieltyukov_int8_npu.$flatten\u_core.\u_array.\g_row[1].g_col[1].u_pe.\u_mul.\g_bw.g_wallace.u_tree.\genblk1.g_reduce.u_next.\genblk1.g_reduce.u_next.\genblk1.g_reduce.u_next.$and$/home/danieltyukov/workspace/personal/tt-ihp-int8-npu/src/npu_csa_reduce.sv:53$1915 ($and).
Removed top 1 bits (of 16) from port Y of cell tt_um_danieltyukov_int8_npu.$flatten\u_core.\u_array.\g_row[2].g_col[0].u_pe.\u_mul.\g_bw.g_wallace.u_tree.\genblk1.g_reduce.u_next.$or$/home/danieltyukov/workspace/personal/tt-ihp-int8-npu/src/npu_csa_reduce.sv:53$2048 ($or).
Removed top 1 bits (of 16) from port A of cell tt_um_danieltyukov_int8_npu.$flatten\u_core.\u_array.\g_row[2].g_col[0].u_pe.\u_mul.\g_bw.g_wallace.u_tree.\genblk1.g_reduce.u_next.$or$/home/danieltyukov/workspace/personal/tt-ihp-int8-npu/src/npu_csa_reduce.sv:53$2048 ($or).
Removed top 1 bits (of 16) from port B of cell tt_um_danieltyukov_int8_npu.$flatten\u_core.\u_array.\g_row[2].g_col[0].u_pe.\u_mul.\g_bw.g_wallace.u_tree.\genblk1.g_reduce.u_next.$or$/home/danieltyukov/workspace/personal/tt-ihp-int8-npu/src/npu_csa_reduce.sv:53$2048 ($or).
Removed top 1 bits (of 16) from port Y of cell tt_um_danieltyukov_int8_npu.$flatten\u_core.\u_array.\g_row[2].g_col[0].u_pe.\u_mul.\g_bw.g_wallace.u_tree.\genblk1.g_reduce.u_next.$and$/home/danieltyukov/workspace/personal/tt-ihp-int8-npu/src/npu_csa_reduce.sv:53$2049 ($and).
Removed top 1 bits (of 16) from port A of cell tt_um_danieltyukov_int8_npu.$flatten\u_core.\u_array.\g_row[2].g_col[0].u_pe.\u_mul.\g_bw.g_wallace.u_tree.\genblk1.g_reduce.u_next.$and$/home/danieltyukov/workspace/personal/tt-ihp-int8-npu/src/npu_csa_reduce.sv:53$2049 ($and).
Removed top 1 bits (of 16) from port B of cell tt_um_danieltyukov_int8_npu.$flatten\u_core.\u_array.\g_row[2].g_col[0].u_pe.\u_mul.\g_bw.g_wallace.u_tree.\genblk1.g_reduce.u_next.$and$/home/danieltyukov/workspace/personal/tt-ihp-int8-npu/src/npu_csa_reduce.sv:53$2049 ($and).
Removed top 1 bits (of 16) from port Y of cell tt_um_danieltyukov_int8_npu.$flatten\u_core.\u_array.\g_row[2].g_col[0].u_pe.\u_mul.\g_bw.g_wallace.u_tree.\genblk1.g_reduce.u_next.$or$/home/danieltyukov/workspace/personal/tt-ihp-int8-npu/src/npu_csa_reduce.sv:53$2055 ($or).
Removed top 1 bits (of 16) from port A of cell tt_um_danieltyukov_int8_npu.$flatten\u_core.\u_array.\g_row[2].g_col[0].u_pe.\u_mul.\g_bw.g_wallace.u_tree.\genblk1.g_reduce.u_next.$or$/home/danieltyukov/workspace/personal/tt-ihp-int8-npu/src/npu_csa_reduce.sv:53$2055 ($or).
Removed top 1 bits (of 16) from port B of cell tt_um_danieltyukov_int8_npu.$flatten\u_core.\u_array.\g_row[2].g_col[0].u_pe.\u_mul.\g_bw.g_wallace.u_tree.\genblk1.g_reduce.u_next.$or$/home/danieltyukov/workspace/personal/tt-ihp-int8-npu/src/npu_csa_reduce.sv:53$2055 ($or).
Removed top 1 bits (of 16) from port Y of cell tt_um_danieltyukov_int8_npu.$flatten\u_core.\u_array.\g_row[2].g_col[0].u_pe.\u_mul.\g_bw.g_wallace.u_tree.\genblk1.g_reduce.u_next.$and$/home/danieltyukov/workspace/personal/tt-ihp-int8-npu/src/npu_csa_reduce.sv:53$2056 ($and).
Removed top 1 bits (of 16) from port A of cell tt_um_danieltyukov_int8_npu.$flatten\u_core.\u_array.\g_row[2].g_col[0].u_pe.\u_mul.\g_bw.g_wallace.u_tree.\genblk1.g_reduce.u_next.$and$/home/danieltyukov/workspace/personal/tt-ihp-int8-npu/src/npu_csa_reduce.sv:53$2056 ($and).
Removed top 1 bits (of 16) from port B of cell tt_um_danieltyukov_int8_npu.$flatten\u_core.\u_array.\g_row[2].g_col[0].u_pe.\u_mul.\g_bw.g_wallace.u_tree.\genblk1.g_reduce.u_next.$and$/home/danieltyukov/workspace/personal/tt-ihp-int8-npu/src/npu_csa_reduce.sv:53$2056 ($and).
Removed top 1 bits (of 16) from port Y of cell tt_um_danieltyukov_int8_npu.$flatten\u_core.\u_array.\g_row[2].g_col[0].u_pe.\u_mul.\g_bw.g_wallace.u_tree.\genblk1.g_reduce.u_next.\genblk1.g_reduce.u_next.\genblk1.g_reduce.u_next.$or$/home/danieltyukov/workspace/personal/tt-ihp-int8-npu/src/npu_csa_reduce.sv:53$1914 ($or).
Removed top 1 bits (of 16) from port A of cell tt_um_danieltyukov_int8_npu.$flatten\u_core.\u_array.\g_row[2].g_col[0].u_pe.\u_mul.\g_bw.g_wallace.u_tree.\genblk1.g_reduce.u_next.\genblk1.g_reduce.u_next.\genblk1.g_reduce.u_next.$or$/home/danieltyukov/workspace/personal/tt-ihp-int8-npu/src/npu_csa_reduce.sv:53$1914 ($or).
Removed top 1 bits (of 16) from port B of cell tt_um_danieltyukov_int8_npu.$flatten\u_core.\u_array.\g_row[2].g_col[0].u_pe.\u_mul.\g_bw.g_wallace.u_tree.\genblk1.g_reduce.u_next.\genblk1.g_reduce.u_next.\genblk1.g_reduce.u_next.$or$/home/danieltyukov/workspace/personal/tt-ihp-int8-npu/src/npu_csa_reduce.sv:53$1914 ($or).
Removed top 1 bits (of 16) from port Y of cell tt_um_danieltyukov_int8_npu.$flatten\u_core.\u_array.\g_row[2].g_col[0].u_pe.\u_mul.\g_bw.g_wallace.u_tree.\genblk1.g_reduce.u_next.\genblk1.g_reduce.u_next.\genblk1.g_reduce.u_next.$and$/home/danieltyukov/workspace/personal/tt-ihp-int8-npu/src/npu_csa_reduce.sv:53$1915 ($and).
Removed top 1 bits (of 16) from port A of cell tt_um_danieltyukov_int8_npu.$flatten\u_core.\u_array.\g_row[2].g_col[0].u_pe.\u_mul.\g_bw.g_wallace.u_tree.\genblk1.g_reduce.u_next.\genblk1.g_reduce.u_next.\genblk1.g_reduce.u_next.$and$/home/danieltyukov/workspace/personal/tt-ihp-int8-npu/src/npu_csa_reduce.sv:53$1915 ($and).
Removed top 1 bits (of 16) from port B of cell tt_um_danieltyukov_int8_npu.$flatten\u_core.\u_array.\g_row[2].g_col[0].u_pe.\u_mul.\g_bw.g_wallace.u_tree.\genblk1.g_reduce.u_next.\genblk1.g_reduce.u_next.\genblk1.g_reduce.u_next.$and$/home/danieltyukov/workspace/personal/tt-ihp-int8-npu/src/npu_csa_reduce.sv:53$1915 ($and).
Removed top 1 bits (of 16) from port Y of cell tt_um_danieltyukov_int8_npu.$flatten\u_core.\u_array.\g_row[2].g_col[1].u_pe.\u_mul.\g_bw.g_wallace.u_tree.\genblk1.g_reduce.u_next.$or$/home/danieltyukov/workspace/personal/tt-ihp-int8-npu/src/npu_csa_reduce.sv:53$2048 ($or).
Removed top 1 bits (of 16) from port A of cell tt_um_danieltyukov_int8_npu.$flatten\u_core.\u_array.\g_row[2].g_col[1].u_pe.\u_mul.\g_bw.g_wallace.u_tree.\genblk1.g_reduce.u_next.$or$/home/danieltyukov/workspace/personal/tt-ihp-int8-npu/src/npu_csa_reduce.sv:53$2048 ($or).
Removed top 1 bits (of 16) from port B of cell tt_um_danieltyukov_int8_npu.$flatten\u_core.\u_array.\g_row[2].g_col[1].u_pe.\u_mul.\g_bw.g_wallace.u_tree.\genblk1.g_reduce.u_next.$or$/home/danieltyukov/workspace/personal/tt-ihp-int8-npu/src/npu_csa_reduce.sv:53$2048 ($or).
Removed top 1 bits (of 16) from port Y of cell tt_um_danieltyukov_int8_npu.$flatten\u_core.\u_array.\g_row[2].g_col[1].u_pe.\u_mul.\g_bw.g_wallace.u_tree.\genblk1.g_reduce.u_next.$and$/home/danieltyukov/workspace/personal/tt-ihp-int8-npu/src/npu_csa_reduce.sv:53$2049 ($and).
Removed top 1 bits (of 16) from port A of cell tt_um_danieltyukov_int8_npu.$flatten\u_core.\u_array.\g_row[2].g_col[1].u_pe.\u_mul.\g_bw.g_wallace.u_tree.\genblk1.g_reduce.u_next.$and$/home/danieltyukov/workspace/personal/tt-ihp-int8-npu/src/npu_csa_reduce.sv:53$2049 ($and).
Removed top 1 bits (of 16) from port B of cell tt_um_danieltyukov_int8_npu.$flatten\u_core.\u_array.\g_row[2].g_col[1].u_pe.\u_mul.\g_bw.g_wallace.u_tree.\genblk1.g_reduce.u_next.$and$/home/danieltyukov/workspace/personal/tt-ihp-int8-npu/src/npu_csa_reduce.sv:53$2049 ($and).
Removed top 1 bits (of 16) from port Y of cell tt_um_danieltyukov_int8_npu.$flatten\u_core.\u_array.\g_row[2].g_col[1].u_pe.\u_mul.\g_bw.g_wallace.u_tree.\genblk1.g_reduce.u_next.$or$/home/danieltyukov/workspace/personal/tt-ihp-int8-npu/src/npu_csa_reduce.sv:53$2055 ($or).
Removed top 1 bits (of 16) from port A of cell tt_um_danieltyukov_int8_npu.$flatten\u_core.\u_array.\g_row[2].g_col[1].u_pe.\u_mul.\g_bw.g_wallace.u_tree.\genblk1.g_reduce.u_next.$or$/home/danieltyukov/workspace/personal/tt-ihp-int8-npu/src/npu_csa_reduce.sv:53$2055 ($or).
Removed top 1 bits (of 16) from port B of cell tt_um_danieltyukov_int8_npu.$flatten\u_core.\u_array.\g_row[2].g_col[1].u_pe.\u_mul.\g_bw.g_wallace.u_tree.\genblk1.g_reduce.u_next.$or$/home/danieltyukov/workspace/personal/tt-ihp-int8-npu/src/npu_csa_reduce.sv:53$2055 ($or).
Removed top 1 bits (of 16) from port Y of cell tt_um_danieltyukov_int8_npu.$flatten\u_core.\u_array.\g_row[2].g_col[1].u_pe.\u_mul.\g_bw.g_wallace.u_tree.\genblk1.g_reduce.u_next.$and$/home/danieltyukov/workspace/personal/tt-ihp-int8-npu/src/npu_csa_reduce.sv:53$2056 ($and).
Removed top 1 bits (of 16) from port A of cell tt_um_danieltyukov_int8_npu.$flatten\u_core.\u_array.\g_row[2].g_col[1].u_pe.\u_mul.\g_bw.g_wallace.u_tree.\genblk1.g_reduce.u_next.$and$/home/danieltyukov/workspace/personal/tt-ihp-int8-npu/src/npu_csa_reduce.sv:53$2056 ($and).
Removed top 1 bits (of 16) from port B of cell tt_um_danieltyukov_int8_npu.$flatten\u_core.\u_array.\g_row[2].g_col[1].u_pe.\u_mul.\g_bw.g_wallace.u_tree.\genblk1.g_reduce.u_next.$and$/home/danieltyukov/workspace/personal/tt-ihp-int8-npu/src/npu_csa_reduce.sv:53$2056 ($and).
Removed top 1 bits (of 16) from port Y of cell tt_um_danieltyukov_int8_npu.$flatten\u_core.\u_array.\g_row[2].g_col[1].u_pe.\u_mul.\g_bw.g_wallace.u_tree.\genblk1.g_reduce.u_next.\genblk1.g_reduce.u_next.\genblk1.g_reduce.u_next.$or$/home/danieltyukov/workspace/personal/tt-ihp-int8-npu/src/npu_csa_reduce.sv:53$1914 ($or).
Removed top 1 bits (of 16) from port A of cell tt_um_danieltyukov_int8_npu.$flatten\u_core.\u_array.\g_row[2].g_col[1].u_pe.\u_mul.\g_bw.g_wallace.u_tree.\genblk1.g_reduce.u_next.\genblk1.g_reduce.u_next.\genblk1.g_reduce.u_next.$or$/home/danieltyukov/workspace/personal/tt-ihp-int8-npu/src/npu_csa_reduce.sv:53$1914 ($or).
Removed top 1 bits (of 16) from port B of cell tt_um_danieltyukov_int8_npu.$flatten\u_core.\u_array.\g_row[2].g_col[1].u_pe.\u_mul.\g_bw.g_wallace.u_tree.\genblk1.g_reduce.u_next.\genblk1.g_reduce.u_next.\genblk1.g_reduce.u_next.$or$/home/danieltyukov/workspace/personal/tt-ihp-int8-npu/src/npu_csa_reduce.sv:53$1914 ($or).
Removed top 1 bits (of 16) from port Y of cell tt_um_danieltyukov_int8_npu.$flatten\u_core.\u_array.\g_row[2].g_col[1].u_pe.\u_mul.\g_bw.g_wallace.u_tree.\genblk1.g_reduce.u_next.\genblk1.g_reduce.u_next.\genblk1.g_reduce.u_next.$and$/home/danieltyukov/workspace/personal/tt-ihp-int8-npu/src/npu_csa_reduce.sv:53$1915 ($and).
Removed top 1 bits (of 16) from port A of cell tt_um_danieltyukov_int8_npu.$flatten\u_core.\u_array.\g_row[2].g_col[1].u_pe.\u_mul.\g_bw.g_wallace.u_tree.\genblk1.g_reduce.u_next.\genblk1.g_reduce.u_next.\genblk1.g_reduce.u_next.$and$/home/danieltyukov/workspace/personal/tt-ihp-int8-npu/src/npu_csa_reduce.sv:53$1915 ($and).
Removed top 1 bits (of 16) from port B of cell tt_um_danieltyukov_int8_npu.$flatten\u_core.\u_array.\g_row[2].g_col[1].u_pe.\u_mul.\g_bw.g_wallace.u_tree.\genblk1.g_reduce.u_next.\genblk1.g_reduce.u_next.\genblk1.g_reduce.u_next.$and$/home/danieltyukov/workspace/personal/tt-ihp-int8-npu/src/npu_csa_reduce.sv:53$1915 ($and).
Removed top 1 bits (of 16) from port Y of cell tt_um_danieltyukov_int8_npu.$flatten\u_core.\u_array.\g_row[3].g_col[0].u_pe.\u_mul.\g_bw.g_wallace.u_tree.\genblk1.g_reduce.u_next.$or$/home/danieltyukov/workspace/personal/tt-ihp-int8-npu/src/npu_csa_reduce.sv:53$2048 ($or).
Removed top 1 bits (of 16) from port A of cell tt_um_danieltyukov_int8_npu.$flatten\u_core.\u_array.\g_row[3].g_col[0].u_pe.\u_mul.\g_bw.g_wallace.u_tree.\genblk1.g_reduce.u_next.$or$/home/danieltyukov/workspace/personal/tt-ihp-int8-npu/src/npu_csa_reduce.sv:53$2048 ($or).
Removed top 1 bits (of 16) from port B of cell tt_um_danieltyukov_int8_npu.$flatten\u_core.\u_array.\g_row[3].g_col[0].u_pe.\u_mul.\g_bw.g_wallace.u_tree.\genblk1.g_reduce.u_next.$or$/home/danieltyukov/workspace/personal/tt-ihp-int8-npu/src/npu_csa_reduce.sv:53$2048 ($or).
Removed top 1 bits (of 16) from port Y of cell tt_um_danieltyukov_int8_npu.$flatten\u_core.\u_array.\g_row[3].g_col[0].u_pe.\u_mul.\g_bw.g_wallace.u_tree.\genblk1.g_reduce.u_next.$and$/home/danieltyukov/workspace/personal/tt-ihp-int8-npu/src/npu_csa_reduce.sv:53$2049 ($and).
Removed top 1 bits (of 16) from port A of cell tt_um_danieltyukov_int8_npu.$flatten\u_core.\u_array.\g_row[3].g_col[0].u_pe.\u_mul.\g_bw.g_wallace.u_tree.\genblk1.g_reduce.u_next.$and$/home/danieltyukov/workspace/personal/tt-ihp-int8-npu/src/npu_csa_reduce.sv:53$2049 ($and).
Removed top 1 bits (of 16) from port B of cell tt_um_danieltyukov_int8_npu.$flatten\u_core.\u_array.\g_row[3].g_col[0].u_pe.\u_mul.\g_bw.g_wallace.u_tree.\genblk1.g_reduce.u_next.$and$/home/danieltyukov/workspace/personal/tt-ihp-int8-npu/src/npu_csa_reduce.sv:53$2049 ($and).
Removed top 1 bits (of 16) from port Y of cell tt_um_danieltyukov_int8_npu.$flatten\u_core.\u_array.\g_row[3].g_col[0].u_pe.\u_mul.\g_bw.g_wallace.u_tree.\genblk1.g_reduce.u_next.$or$/home/danieltyukov/workspace/personal/tt-ihp-int8-npu/src/npu_csa_reduce.sv:53$2055 ($or).
Removed top 1 bits (of 16) from port A of cell tt_um_danieltyukov_int8_npu.$flatten\u_core.\u_array.\g_row[3].g_col[0].u_pe.\u_mul.\g_bw.g_wallace.u_tree.\genblk1.g_reduce.u_next.$or$/home/danieltyukov/workspace/personal/tt-ihp-int8-npu/src/npu_csa_reduce.sv:53$2055 ($or).
Removed top 1 bits (of 16) from port B of cell tt_um_danieltyukov_int8_npu.$flatten\u_core.\u_array.\g_row[3].g_col[0].u_pe.\u_mul.\g_bw.g_wallace.u_tree.\genblk1.g_reduce.u_next.$or$/home/danieltyukov/workspace/personal/tt-ihp-int8-npu/src/npu_csa_reduce.sv:53$2055 ($or).
Removed top 1 bits (of 16) from port Y of cell tt_um_danieltyukov_int8_npu.$flatten\u_core.\u_array.\g_row[3].g_col[0].u_pe.\u_mul.\g_bw.g_wallace.u_tree.\genblk1.g_reduce.u_next.$and$/home/danieltyukov/workspace/personal/tt-ihp-int8-npu/src/npu_csa_reduce.sv:53$2056 ($and).
Removed top 1 bits (of 16) from port A of cell tt_um_danieltyukov_int8_npu.$flatten\u_core.\u_array.\g_row[3].g_col[0].u_pe.\u_mul.\g_bw.g_wallace.u_tree.\genblk1.g_reduce.u_next.$and$/home/danieltyukov/workspace/personal/tt-ihp-int8-npu/src/npu_csa_reduce.sv:53$2056 ($and).
Removed top 1 bits (of 16) from port B of cell tt_um_danieltyukov_int8_npu.$flatten\u_core.\u_array.\g_row[3].g_col[0].u_pe.\u_mul.\g_bw.g_wallace.u_tree.\genblk1.g_reduce.u_next.$and$/home/danieltyukov/workspace/personal/tt-ihp-int8-npu/src/npu_csa_reduce.sv:53$2056 ($and).
Removed top 1 bits (of 16) from port Y of cell tt_um_danieltyukov_int8_npu.$flatten\u_core.\u_array.\g_row[3].g_col[0].u_pe.\u_mul.\g_bw.g_wallace.u_tree.\genblk1.g_reduce.u_next.\genblk1.g_reduce.u_next.\genblk1.g_reduce.u_next.$or$/home/danieltyukov/workspace/personal/tt-ihp-int8-npu/src/npu_csa_reduce.sv:53$1914 ($or).
Removed top 1 bits (of 16) from port A of cell tt_um_danieltyukov_int8_npu.$flatten\u_core.\u_array.\g_row[3].g_col[0].u_pe.\u_mul.\g_bw.g_wallace.u_tree.\genblk1.g_reduce.u_next.\genblk1.g_reduce.u_next.\genblk1.g_reduce.u_next.$or$/home/danieltyukov/workspace/personal/tt-ihp-int8-npu/src/npu_csa_reduce.sv:53$1914 ($or).
Removed top 1 bits (of 16) from port B of cell tt_um_danieltyukov_int8_npu.$flatten\u_core.\u_array.\g_row[3].g_col[0].u_pe.\u_mul.\g_bw.g_wallace.u_tree.\genblk1.g_reduce.u_next.\genblk1.g_reduce.u_next.\genblk1.g_reduce.u_next.$or$/home/danieltyukov/workspace/personal/tt-ihp-int8-npu/src/npu_csa_reduce.sv:53$1914 ($or).
Removed top 1 bits (of 16) from port Y of cell tt_um_danieltyukov_int8_npu.$flatten\u_core.\u_array.\g_row[3].g_col[0].u_pe.\u_mul.\g_bw.g_wallace.u_tree.\genblk1.g_reduce.u_next.\genblk1.g_reduce.u_next.\genblk1.g_reduce.u_next.$and$/home/danieltyukov/workspace/personal/tt-ihp-int8-npu/src/npu_csa_reduce.sv:53$1915 ($and).
Removed top 1 bits (of 16) from port A of cell tt_um_danieltyukov_int8_npu.$flatten\u_core.\u_array.\g_row[3].g_col[0].u_pe.\u_mul.\g_bw.g_wallace.u_tree.\genblk1.g_reduce.u_next.\genblk1.g_reduce.u_next.\genblk1.g_reduce.u_next.$and$/home/danieltyukov/workspace/personal/tt-ihp-int8-npu/src/npu_csa_reduce.sv:53$1915 ($and).
Removed top 1 bits (of 16) from port B of cell tt_um_danieltyukov_int8_npu.$flatten\u_core.\u_array.\g_row[3].g_col[0].u_pe.\u_mul.\g_bw.g_wallace.u_tree.\genblk1.g_reduce.u_next.\genblk1.g_reduce.u_next.\genblk1.g_reduce.u_next.$and$/home/danieltyukov/workspace/personal/tt-ihp-int8-npu/src/npu_csa_reduce.sv:53$1915 ($and).
Removed top 1 bits (of 2) from port A of cell tt_um_danieltyukov_int8_npu.$auto$opt_expr.cc:706:replace_const_cells$2996 ($not).
Removed top 6 bits (of 16) from port A of cell tt_um_danieltyukov_int8_npu.$flatten\u_core.\u_array.\g_row[3].g_col[1].u_pe.\u_mul.\g_bw.g_wallace.u_tree.\genblk1.g_reduce.u_next.$and$/home/danieltyukov/workspace/personal/tt-ihp-int8-npu/src/npu_csa_reduce.sv:53$2046 ($and).
Removed top 1 bits (of 16) from port Y of cell tt_um_danieltyukov_int8_npu.$flatten\u_core.\u_array.\g_row[3].g_col[1].u_pe.\u_mul.\g_bw.g_wallace.u_tree.\genblk1.g_reduce.u_next.$and$/home/danieltyukov/workspace/personal/tt-ihp-int8-npu/src/npu_csa_reduce.sv:53$2046 ($and).
Removed top 1 bits (of 16) from port B of cell tt_um_danieltyukov_int8_npu.$flatten\u_core.\u_array.\g_row[3].g_col[1].u_pe.\u_mul.\g_bw.g_wallace.u_tree.\genblk1.g_reduce.u_next.$and$/home/danieltyukov/workspace/personal/tt-ihp-int8-npu/src/npu_csa_reduce.sv:53$2046 ($and).
Removed top 6 bits (of 16) from port A of cell tt_um_danieltyukov_int8_npu.$flatten\u_core.\u_array.\g_row[3].g_col[1].u_pe.\u_mul.\g_bw.g_wallace.u_tree.\genblk1.g_reduce.u_next.$and$/home/danieltyukov/workspace/personal/tt-ihp-int8-npu/src/npu_csa_reduce.sv:53$2047 ($and).
Removed top 1 bits (of 16) from port Y of cell tt_um_danieltyukov_int8_npu.$flatten\u_core.\u_array.\g_row[3].g_col[1].u_pe.\u_mul.\g_bw.g_wallace.u_tree.\genblk1.g_reduce.u_next.$and$/home/danieltyukov/workspace/personal/tt-ihp-int8-npu/src/npu_csa_reduce.sv:53$2047 ($and).
Removed top 1 bits (of 16) from port B of cell tt_um_danieltyukov_int8_npu.$flatten\u_core.\u_array.\g_row[3].g_col[1].u_pe.\u_mul.\g_bw.g_wallace.u_tree.\genblk1.g_reduce.u_next.$and$/home/danieltyukov/workspace/personal/tt-ihp-int8-npu/src/npu_csa_reduce.sv:53$2047 ($and).
Removed top 1 bits (of 16) from port Y of cell tt_um_danieltyukov_int8_npu.$flatten\u_core.\u_array.\g_row[3].g_col[1].u_pe.\u_mul.\g_bw.g_wallace.u_tree.\genblk1.g_reduce.u_next.$and$/home/danieltyukov/workspace/personal/tt-ihp-int8-npu/src/npu_csa_reduce.sv:53$2053 ($and).
Removed top 1 bits (of 16) from port A of cell tt_um_danieltyukov_int8_npu.$flatten\u_core.\u_array.\g_row[3].g_col[1].u_pe.\u_mul.\g_bw.g_wallace.u_tree.\genblk1.g_reduce.u_next.$and$/home/danieltyukov/workspace/personal/tt-ihp-int8-npu/src/npu_csa_reduce.sv:53$2053 ($and).
Removed top 1 bits (of 16) from port B of cell tt_um_danieltyukov_int8_npu.$flatten\u_core.\u_array.\g_row[3].g_col[1].u_pe.\u_mul.\g_bw.g_wallace.u_tree.\genblk1.g_reduce.u_next.$and$/home/danieltyukov/workspace/personal/tt-ihp-int8-npu/src/npu_csa_reduce.sv:53$2053 ($and).
Removed top 1 bits (of 16) from port Y of cell tt_um_danieltyukov_int8_npu.$flatten\u_core.\u_array.\g_row[3].g_col[1].u_pe.\u_mul.\g_bw.g_wallace.u_tree.\genblk1.g_reduce.u_next.$and$/home/danieltyukov/workspace/personal/tt-ihp-int8-npu/src/npu_csa_reduce.sv:53$2054 ($and).
Removed top 1 bits (of 16) from port A of cell tt_um_danieltyukov_int8_npu.$flatten\u_core.\u_array.\g_row[3].g_col[1].u_pe.\u_mul.\g_bw.g_wallace.u_tree.\genblk1.g_reduce.u_next.$and$/home/danieltyukov/workspace/personal/tt-ihp-int8-npu/src/npu_csa_reduce.sv:53$2054 ($and).
Removed top 1 bits (of 16) from port B of cell tt_um_danieltyukov_int8_npu.$flatten\u_core.\u_array.\g_row[3].g_col[1].u_pe.\u_mul.\g_bw.g_wallace.u_tree.\genblk1.g_reduce.u_next.$and$/home/danieltyukov/workspace/personal/tt-ihp-int8-npu/src/npu_csa_reduce.sv:53$2054 ($and).
Removed top 1 bits (of 16) from port Y of cell tt_um_danieltyukov_int8_npu.$flatten\u_core.\u_array.\g_row[3].g_col[1].u_pe.\u_mul.\g_bw.g_wallace.u_tree.\genblk1.g_reduce.u_next.\genblk1.g_reduce.u_next.\genblk1.g_reduce.u_next.$and$/home/danieltyukov/workspace/personal/tt-ihp-int8-npu/src/npu_csa_reduce.sv:53$1912 ($and).
Removed top 1 bits (of 16) from port A of cell tt_um_danieltyukov_int8_npu.$flatten\u_core.\u_array.\g_row[3].g_col[1].u_pe.\u_mul.\g_bw.g_wallace.u_tree.\genblk1.g_reduce.u_next.\genblk1.g_reduce.u_next.\genblk1.g_reduce.u_next.$and$/home/danieltyukov/workspace/personal/tt-ihp-int8-npu/src/npu_csa_reduce.sv:53$1912 ($and).
Removed top 1 bits (of 16) from port B of cell tt_um_danieltyukov_int8_npu.$flatten\u_core.\u_array.\g_row[3].g_col[1].u_pe.\u_mul.\g_bw.g_wallace.u_tree.\genblk1.g_reduce.u_next.\genblk1.g_reduce.u_next.\genblk1.g_reduce.u_next.$and$/home/danieltyukov/workspace/personal/tt-ihp-int8-npu/src/npu_csa_reduce.sv:53$1912 ($and).
Removed top 1 bits (of 16) from port Y of cell tt_um_danieltyukov_int8_npu.$flatten\u_core.\u_array.\g_row[3].g_col[1].u_pe.\u_mul.\g_bw.g_wallace.u_tree.\genblk1.g_reduce.u_next.\genblk1.g_reduce.u_next.\genblk1.g_reduce.u_next.$and$/home/danieltyukov/workspace/personal/tt-ihp-int8-npu/src/npu_csa_reduce.sv:53$1913 ($and).
Removed top 1 bits (of 16) from port A of cell tt_um_danieltyukov_int8_npu.$flatten\u_core.\u_array.\g_row[3].g_col[1].u_pe.\u_mul.\g_bw.g_wallace.u_tree.\genblk1.g_reduce.u_next.\genblk1.g_reduce.u_next.\genblk1.g_reduce.u_next.$and$/home/danieltyukov/workspace/personal/tt-ihp-int8-npu/src/npu_csa_reduce.sv:53$1913 ($and).
Removed top 1 bits (of 16) from port B of cell tt_um_danieltyukov_int8_npu.$flatten\u_core.\u_array.\g_row[3].g_col[1].u_pe.\u_mul.\g_bw.g_wallace.u_tree.\genblk1.g_reduce.u_next.\genblk1.g_reduce.u_next.\genblk1.g_reduce.u_next.$and$/home/danieltyukov/workspace/personal/tt-ihp-int8-npu/src/npu_csa_reduce.sv:53$1913 ($and).
Removed top 6 bits (of 16) from port A of cell tt_um_danieltyukov_int8_npu.$flatten\u_core.\u_array.\g_row[3].g_col[1].u_pe.\u_mul.\g_bw.g_wallace.u_tree.\genblk1.g_reduce.u_next.$xor$/home/danieltyukov/workspace/personal/tt-ihp-int8-npu/src/npu_csa_reduce.sv:49$2044 ($xor).
Removed top 4 bits (of 16) from port A of cell tt_um_danieltyukov_int8_npu.$flatten\u_core.\u_array.\g_row[3].g_col[1].u_pe.\u_mul.\g_bw.g_wallace.u_tree.$xor$/home/danieltyukov/workspace/personal/tt-ihp-int8-npu/src/npu_csa_reduce.sv:49$1926 ($xor).
Removed top 3 bits (of 16) from port Y of cell tt_um_danieltyukov_int8_npu.$flatten\u_core.\u_array.\g_row[3].g_col[1].u_pe.\u_mul.\g_bw.g_wallace.u_tree.$xor$/home/danieltyukov/workspace/personal/tt-ihp-int8-npu/src/npu_csa_reduce.sv:49$1926 ($xor).
Removed top 5 bits (of 15) from port B of cell tt_um_danieltyukov_int8_npu.$flatten\u_core.\u_array.\g_row[3].g_col[1].u_pe.\u_mul.\g_bw.g_wallace.u_tree.$or$/home/danieltyukov/workspace/personal/tt-ihp-int8-npu/src/npu_csa_reduce.sv:53$1924 ($or).
Removed top 6 bits (of 16) from port A of cell tt_um_danieltyukov_int8_npu.$flatten\u_core.\u_array.\g_row[0].g_col[0].u_pe.\u_mul.\g_bw.g_wallace.u_tree.\genblk1.g_reduce.u_next.$and$/home/danieltyukov/workspace/personal/tt-ihp-int8-npu/src/npu_csa_reduce.sv:53$2046 ($and).
Removed top 1 bits (of 16) from port Y of cell tt_um_danieltyukov_int8_npu.$flatten\u_core.\u_array.\g_row[0].g_col[0].u_pe.\u_mul.\g_bw.g_wallace.u_tree.\genblk1.g_reduce.u_next.$and$/home/danieltyukov/workspace/personal/tt-ihp-int8-npu/src/npu_csa_reduce.sv:53$2046 ($and).
Removed top 1 bits (of 16) from port B of cell tt_um_danieltyukov_int8_npu.$flatten\u_core.\u_array.\g_row[0].g_col[0].u_pe.\u_mul.\g_bw.g_wallace.u_tree.\genblk1.g_reduce.u_next.$and$/home/danieltyukov/workspace/personal/tt-ihp-int8-npu/src/npu_csa_reduce.sv:53$2046 ($and).
Removed top 6 bits (of 16) from port A of cell tt_um_danieltyukov_int8_npu.$flatten\u_core.\u_array.\g_row[0].g_col[0].u_pe.\u_mul.\g_bw.g_wallace.u_tree.\genblk1.g_reduce.u_next.$and$/home/danieltyukov/workspace/personal/tt-ihp-int8-npu/src/npu_csa_reduce.sv:53$2047 ($and).
Removed top 1 bits (of 16) from port Y of cell tt_um_danieltyukov_int8_npu.$flatten\u_core.\u_array.\g_row[0].g_col[0].u_pe.\u_mul.\g_bw.g_wallace.u_tree.\genblk1.g_reduce.u_next.$and$/home/danieltyukov/workspace/personal/tt-ihp-int8-npu/src/npu_csa_reduce.sv:53$2047 ($and).
Removed top 1 bits (of 16) from port B of cell tt_um_danieltyukov_int8_npu.$flatten\u_core.\u_array.\g_row[0].g_col[0].u_pe.\u_mul.\g_bw.g_wallace.u_tree.\genblk1.g_reduce.u_next.$and$/home/danieltyukov/workspace/personal/tt-ihp-int8-npu/src/npu_csa_reduce.sv:53$2047 ($and).
Removed top 1 bits (of 16) from port Y of cell tt_um_danieltyukov_int8_npu.$flatten\u_core.\u_array.\g_row[0].g_col[0].u_pe.\u_mul.\g_bw.g_wallace.u_tree.\genblk1.g_reduce.u_next.$and$/home/danieltyukov/workspace/personal/tt-ihp-int8-npu/src/npu_csa_reduce.sv:53$2053 ($and).
Removed top 1 bits (of 16) from port A of cell tt_um_danieltyukov_int8_npu.$flatten\u_core.\u_array.\g_row[0].g_col[0].u_pe.\u_mul.\g_bw.g_wallace.u_tree.\genblk1.g_reduce.u_next.$and$/home/danieltyukov/workspace/personal/tt-ihp-int8-npu/src/npu_csa_reduce.sv:53$2053 ($and).
Removed top 1 bits (of 16) from port B of cell tt_um_danieltyukov_int8_npu.$flatten\u_core.\u_array.\g_row[0].g_col[0].u_pe.\u_mul.\g_bw.g_wallace.u_tree.\genblk1.g_reduce.u_next.$and$/home/danieltyukov/workspace/personal/tt-ihp-int8-npu/src/npu_csa_reduce.sv:53$2053 ($and).
Removed top 1 bits (of 16) from port Y of cell tt_um_danieltyukov_int8_npu.$flatten\u_core.\u_array.\g_row[0].g_col[0].u_pe.\u_mul.\g_bw.g_wallace.u_tree.\genblk1.g_reduce.u_next.$and$/home/danieltyukov/workspace/personal/tt-ihp-int8-npu/src/npu_csa_reduce.sv:53$2054 ($and).
Removed top 1 bits (of 16) from port A of cell tt_um_danieltyukov_int8_npu.$flatten\u_core.\u_array.\g_row[0].g_col[0].u_pe.\u_mul.\g_bw.g_wallace.u_tree.\genblk1.g_reduce.u_next.$and$/home/danieltyukov/workspace/personal/tt-ihp-int8-npu/src/npu_csa_reduce.sv:53$2054 ($and).
Removed top 1 bits (of 16) from port B of cell tt_um_danieltyukov_int8_npu.$flatten\u_core.\u_array.\g_row[0].g_col[0].u_pe.\u_mul.\g_bw.g_wallace.u_tree.\genblk1.g_reduce.u_next.$and$/home/danieltyukov/workspace/personal/tt-ihp-int8-npu/src/npu_csa_reduce.sv:53$2054 ($and).
Removed top 1 bits (of 16) from port Y of cell tt_um_danieltyukov_int8_npu.$flatten\u_core.\u_array.\g_row[0].g_col[0].u_pe.\u_mul.\g_bw.g_wallace.u_tree.\genblk1.g_reduce.u_next.\genblk1.g_reduce.u_next.\genblk1.g_reduce.u_next.$and$/home/danieltyukov/workspace/personal/tt-ihp-int8-npu/src/npu_csa_reduce.sv:53$1912 ($and).
Removed top 1 bits (of 16) from port A of cell tt_um_danieltyukov_int8_npu.$flatten\u_core.\u_array.\g_row[0].g_col[0].u_pe.\u_mul.\g_bw.g_wallace.u_tree.\genblk1.g_reduce.u_next.\genblk1.g_reduce.u_next.\genblk1.g_reduce.u_next.$and$/home/danieltyukov/workspace/personal/tt-ihp-int8-npu/src/npu_csa_reduce.sv:53$1912 ($and).
Removed top 1 bits (of 16) from port B of cell tt_um_danieltyukov_int8_npu.$flatten\u_core.\u_array.\g_row[0].g_col[0].u_pe.\u_mul.\g_bw.g_wallace.u_tree.\genblk1.g_reduce.u_next.\genblk1.g_reduce.u_next.\genblk1.g_reduce.u_next.$and$/home/danieltyukov/workspace/personal/tt-ihp-int8-npu/src/npu_csa_reduce.sv:53$1912 ($and).
Removed top 1 bits (of 16) from port Y of cell tt_um_danieltyukov_int8_npu.$flatten\u_core.\u_array.\g_row[0].g_col[0].u_pe.\u_mul.\g_bw.g_wallace.u_tree.\genblk1.g_reduce.u_next.\genblk1.g_reduce.u_next.\genblk1.g_reduce.u_next.$and$/home/danieltyukov/workspace/personal/tt-ihp-int8-npu/src/npu_csa_reduce.sv:53$1913 ($and).
Removed top 1 bits (of 16) from port A of cell tt_um_danieltyukov_int8_npu.$flatten\u_core.\u_array.\g_row[0].g_col[0].u_pe.\u_mul.\g_bw.g_wallace.u_tree.\genblk1.g_reduce.u_next.\genblk1.g_reduce.u_next.\genblk1.g_reduce.u_next.$and$/home/danieltyukov/workspace/personal/tt-ihp-int8-npu/src/npu_csa_reduce.sv:53$1913 ($and).
Removed top 1 bits (of 16) from port B of cell tt_um_danieltyukov_int8_npu.$flatten\u_core.\u_array.\g_row[0].g_col[0].u_pe.\u_mul.\g_bw.g_wallace.u_tree.\genblk1.g_reduce.u_next.\genblk1.g_reduce.u_next.\genblk1.g_reduce.u_next.$and$/home/danieltyukov/workspace/personal/tt-ihp-int8-npu/src/npu_csa_reduce.sv:53$1913 ($and).
Removed top 6 bits (of 16) from port A of cell tt_um_danieltyukov_int8_npu.$flatten\u_core.\u_array.\g_row[0].g_col[0].u_pe.\u_mul.\g_bw.g_wallace.u_tree.\genblk1.g_reduce.u_next.$xor$/home/danieltyukov/workspace/personal/tt-ihp-int8-npu/src/npu_csa_reduce.sv:49$2044 ($xor).
Removed top 1 bits (of 2) from port A of cell tt_um_danieltyukov_int8_npu.$auto$opt_expr.cc:706:replace_const_cells$2998 ($not).
Removed top 4 bits (of 16) from port A of cell tt_um_danieltyukov_int8_npu.$flatten\u_core.\u_array.\g_row[0].g_col[0].u_pe.\u_mul.\g_bw.g_wallace.u_tree.$xor$/home/danieltyukov/workspace/personal/tt-ihp-int8-npu/src/npu_csa_reduce.sv:49$1926 ($xor).
Removed top 3 bits (of 16) from port Y of cell tt_um_danieltyukov_int8_npu.$flatten\u_core.\u_array.\g_row[0].g_col[0].u_pe.\u_mul.\g_bw.g_wallace.u_tree.$xor$/home/danieltyukov/workspace/personal/tt-ihp-int8-npu/src/npu_csa_reduce.sv:49$1926 ($xor).
Removed top 5 bits (of 15) from port B of cell tt_um_danieltyukov_int8_npu.$flatten\u_core.\u_array.\g_row[0].g_col[0].u_pe.\u_mul.\g_bw.g_wallace.u_tree.$or$/home/danieltyukov/workspace/personal/tt-ihp-int8-npu/src/npu_csa_reduce.sv:53$1924 ($or).
Removed top 6 bits (of 16) from port A of cell tt_um_danieltyukov_int8_npu.$flatten\u_core.\u_array.\g_row[0].g_col[1].u_pe.\u_mul.\g_bw.g_wallace.u_tree.\genblk1.g_reduce.u_next.$and$/home/danieltyukov/workspace/personal/tt-ihp-int8-npu/src/npu_csa_reduce.sv:53$2046 ($and).
Removed top 1 bits (of 16) from port Y of cell tt_um_danieltyukov_int8_npu.$flatten\u_core.\u_array.\g_row[0].g_col[1].u_pe.\u_mul.\g_bw.g_wallace.u_tree.\genblk1.g_reduce.u_next.$and$/home/danieltyukov/workspace/personal/tt-ihp-int8-npu/src/npu_csa_reduce.sv:53$2046 ($and).
Removed top 1 bits (of 16) from port B of cell tt_um_danieltyukov_int8_npu.$flatten\u_core.\u_array.\g_row[0].g_col[1].u_pe.\u_mul.\g_bw.g_wallace.u_tree.\genblk1.g_reduce.u_next.$and$/home/danieltyukov/workspace/personal/tt-ihp-int8-npu/src/npu_csa_reduce.sv:53$2046 ($and).
Removed top 6 bits (of 16) from port A of cell tt_um_danieltyukov_int8_npu.$flatten\u_core.\u_array.\g_row[0].g_col[1].u_pe.\u_mul.\g_bw.g_wallace.u_tree.\genblk1.g_reduce.u_next.$and$/home/danieltyukov/workspace/personal/tt-ihp-int8-npu/src/npu_csa_reduce.sv:53$2047 ($and).
Removed top 1 bits (of 16) from port Y of cell tt_um_danieltyukov_int8_npu.$flatten\u_core.\u_array.\g_row[0].g_col[1].u_pe.\u_mul.\g_bw.g_wallace.u_tree.\genblk1.g_reduce.u_next.$and$/home/danieltyukov/workspace/personal/tt-ihp-int8-npu/src/npu_csa_reduce.sv:53$2047 ($and).
Removed top 1 bits (of 16) from port B of cell tt_um_danieltyukov_int8_npu.$flatten\u_core.\u_array.\g_row[0].g_col[1].u_pe.\u_mul.\g_bw.g_wallace.u_tree.\genblk1.g_reduce.u_next.$and$/home/danieltyukov/workspace/personal/tt-ihp-int8-npu/src/npu_csa_reduce.sv:53$2047 ($and).
Removed top 1 bits (of 16) from port Y of cell tt_um_danieltyukov_int8_npu.$flatten\u_core.\u_array.\g_row[0].g_col[1].u_pe.\u_mul.\g_bw.g_wallace.u_tree.\genblk1.g_reduce.u_next.$and$/home/danieltyukov/workspace/personal/tt-ihp-int8-npu/src/npu_csa_reduce.sv:53$2053 ($and).
Removed top 1 bits (of 16) from port A of cell tt_um_danieltyukov_int8_npu.$flatten\u_core.\u_array.\g_row[0].g_col[1].u_pe.\u_mul.\g_bw.g_wallace.u_tree.\genblk1.g_reduce.u_next.$and$/home/danieltyukov/workspace/personal/tt-ihp-int8-npu/src/npu_csa_reduce.sv:53$2053 ($and).
Removed top 1 bits (of 16) from port B of cell tt_um_danieltyukov_int8_npu.$flatten\u_core.\u_array.\g_row[0].g_col[1].u_pe.\u_mul.\g_bw.g_wallace.u_tree.\genblk1.g_reduce.u_next.$and$/home/danieltyukov/workspace/personal/tt-ihp-int8-npu/src/npu_csa_reduce.sv:53$2053 ($and).
Removed top 1 bits (of 16) from port Y of cell tt_um_danieltyukov_int8_npu.$flatten\u_core.\u_array.\g_row[0].g_col[1].u_pe.\u_mul.\g_bw.g_wallace.u_tree.\genblk1.g_reduce.u_next.$and$/home/danieltyukov/workspace/personal/tt-ihp-int8-npu/src/npu_csa_reduce.sv:53$2054 ($and).
Removed top 1 bits (of 16) from port A of cell tt_um_danieltyukov_int8_npu.$flatten\u_core.\u_array.\g_row[0].g_col[1].u_pe.\u_mul.\g_bw.g_wallace.u_tree.\genblk1.g_reduce.u_next.$and$/home/danieltyukov/workspace/personal/tt-ihp-int8-npu/src/npu_csa_reduce.sv:53$2054 ($and).
Removed top 1 bits (of 16) from port B of cell tt_um_danieltyukov_int8_npu.$flatten\u_core.\u_array.\g_row[0].g_col[1].u_pe.\u_mul.\g_bw.g_wallace.u_tree.\genblk1.g_reduce.u_next.$and$/home/danieltyukov/workspace/personal/tt-ihp-int8-npu/src/npu_csa_reduce.sv:53$2054 ($and).
Removed top 1 bits (of 16) from port Y of cell tt_um_danieltyukov_int8_npu.$flatten\u_core.\u_array.\g_row[0].g_col[1].u_pe.\u_mul.\g_bw.g_wallace.u_tree.\genblk1.g_reduce.u_next.\genblk1.g_reduce.u_next.\genblk1.g_reduce.u_next.$and$/home/danieltyukov/workspace/personal/tt-ihp-int8-npu/src/npu_csa_reduce.sv:53$1912 ($and).
Removed top 1 bits (of 16) from port A of cell tt_um_danieltyukov_int8_npu.$flatten\u_core.\u_array.\g_row[0].g_col[1].u_pe.\u_mul.\g_bw.g_wallace.u_tree.\genblk1.g_reduce.u_next.\genblk1.g_reduce.u_next.\genblk1.g_reduce.u_next.$and$/home/danieltyukov/workspace/personal/tt-ihp-int8-npu/src/npu_csa_reduce.sv:53$1912 ($and).
Removed top 1 bits (of 16) from port B of cell tt_um_danieltyukov_int8_npu.$flatten\u_core.\u_array.\g_row[0].g_col[1].u_pe.\u_mul.\g_bw.g_wallace.u_tree.\genblk1.g_reduce.u_next.\genblk1.g_reduce.u_next.\genblk1.g_reduce.u_next.$and$/home/danieltyukov/workspace/personal/tt-ihp-int8-npu/src/npu_csa_reduce.sv:53$1912 ($and).
Removed top 1 bits (of 16) from port Y of cell tt_um_danieltyukov_int8_npu.$flatten\u_core.\u_array.\g_row[0].g_col[1].u_pe.\u_mul.\g_bw.g_wallace.u_tree.\genblk1.g_reduce.u_next.\genblk1.g_reduce.u_next.\genblk1.g_reduce.u_next.$and$/home/danieltyukov/workspace/personal/tt-ihp-int8-npu/src/npu_csa_reduce.sv:53$1913 ($and).
Removed top 1 bits (of 16) from port A of cell tt_um_danieltyukov_int8_npu.$flatten\u_core.\u_array.\g_row[0].g_col[1].u_pe.\u_mul.\g_bw.g_wallace.u_tree.\genblk1.g_reduce.u_next.\genblk1.g_reduce.u_next.\genblk1.g_reduce.u_next.$and$/home/danieltyukov/workspace/personal/tt-ihp-int8-npu/src/npu_csa_reduce.sv:53$1913 ($and).
Removed top 1 bits (of 16) from port B of cell tt_um_danieltyukov_int8_npu.$flatten\u_core.\u_array.\g_row[0].g_col[1].u_pe.\u_mul.\g_bw.g_wallace.u_tree.\genblk1.g_reduce.u_next.\genblk1.g_reduce.u_next.\genblk1.g_reduce.u_next.$and$/home/danieltyukov/workspace/personal/tt-ihp-int8-npu/src/npu_csa_reduce.sv:53$1913 ($and).
Removed top 6 bits (of 16) from port A of cell tt_um_danieltyukov_int8_npu.$flatten\u_core.\u_array.\g_row[0].g_col[1].u_pe.\u_mul.\g_bw.g_wallace.u_tree.\genblk1.g_reduce.u_next.$xor$/home/danieltyukov/workspace/personal/tt-ihp-int8-npu/src/npu_csa_reduce.sv:49$2044 ($xor).
Removed top 1 bits (of 2) from port A of cell tt_um_danieltyukov_int8_npu.$auto$opt_expr.cc:706:replace_const_cells$3000 ($not).
Removed top 4 bits (of 16) from port A of cell tt_um_danieltyukov_int8_npu.$flatten\u_core.\u_array.\g_row[0].g_col[1].u_pe.\u_mul.\g_bw.g_wallace.u_tree.$xor$/home/danieltyukov/workspace/personal/tt-ihp-int8-npu/src/npu_csa_reduce.sv:49$1926 ($xor).
Removed top 3 bits (of 16) from port Y of cell tt_um_danieltyukov_int8_npu.$flatten\u_core.\u_array.\g_row[0].g_col[1].u_pe.\u_mul.\g_bw.g_wallace.u_tree.$xor$/home/danieltyukov/workspace/personal/tt-ihp-int8-npu/src/npu_csa_reduce.sv:49$1926 ($xor).
Removed top 5 bits (of 15) from port B of cell tt_um_danieltyukov_int8_npu.$flatten\u_core.\u_array.\g_row[0].g_col[1].u_pe.\u_mul.\g_bw.g_wallace.u_tree.$or$/home/danieltyukov/workspace/personal/tt-ihp-int8-npu/src/npu_csa_reduce.sv:53$1924 ($or).
Removed top 6 bits (of 16) from port A of cell tt_um_danieltyukov_int8_npu.$flatten\u_core.\u_array.\g_row[1].g_col[0].u_pe.\u_mul.\g_bw.g_wallace.u_tree.\genblk1.g_reduce.u_next.$and$/home/danieltyukov/workspace/personal/tt-ihp-int8-npu/src/npu_csa_reduce.sv:53$2046 ($and).
Removed top 1 bits (of 16) from port Y of cell tt_um_danieltyukov_int8_npu.$flatten\u_core.\u_array.\g_row[1].g_col[0].u_pe.\u_mul.\g_bw.g_wallace.u_tree.\genblk1.g_reduce.u_next.$and$/home/danieltyukov/workspace/personal/tt-ihp-int8-npu/src/npu_csa_reduce.sv:53$2046 ($and).
Removed top 1 bits (of 16) from port B of cell tt_um_danieltyukov_int8_npu.$flatten\u_core.\u_array.\g_row[1].g_col[0].u_pe.\u_mul.\g_bw.g_wallace.u_tree.\genblk1.g_reduce.u_next.$and$/home/danieltyukov/workspace/personal/tt-ihp-int8-npu/src/npu_csa_reduce.sv:53$2046 ($and).
Removed top 6 bits (of 16) from port A of cell tt_um_danieltyukov_int8_npu.$flatten\u_core.\u_array.\g_row[1].g_col[0].u_pe.\u_mul.\g_bw.g_wallace.u_tree.\genblk1.g_reduce.u_next.$and$/home/danieltyukov/workspace/personal/tt-ihp-int8-npu/src/npu_csa_reduce.sv:53$2047 ($and).
Removed top 1 bits (of 16) from port Y of cell tt_um_danieltyukov_int8_npu.$flatten\u_core.\u_array.\g_row[1].g_col[0].u_pe.\u_mul.\g_bw.g_wallace.u_tree.\genblk1.g_reduce.u_next.$and$/home/danieltyukov/workspace/personal/tt-ihp-int8-npu/src/npu_csa_reduce.sv:53$2047 ($and).
Removed top 1 bits (of 16) from port B of cell tt_um_danieltyukov_int8_npu.$flatten\u_core.\u_array.\g_row[1].g_col[0].u_pe.\u_mul.\g_bw.g_wallace.u_tree.\genblk1.g_reduce.u_next.$and$/home/danieltyukov/workspace/personal/tt-ihp-int8-npu/src/npu_csa_reduce.sv:53$2047 ($and).
Removed top 1 bits (of 16) from port Y of cell tt_um_danieltyukov_int8_npu.$flatten\u_core.\u_array.\g_row[1].g_col[0].u_pe.\u_mul.\g_bw.g_wallace.u_tree.\genblk1.g_reduce.u_next.$and$/home/danieltyukov/workspace/personal/tt-ihp-int8-npu/src/npu_csa_reduce.sv:53$2053 ($and).
Removed top 1 bits (of 16) from port A of cell tt_um_danieltyukov_int8_npu.$flatten\u_core.\u_array.\g_row[1].g_col[0].u_pe.\u_mul.\g_bw.g_wallace.u_tree.\genblk1.g_reduce.u_next.$and$/home/danieltyukov/workspace/personal/tt-ihp-int8-npu/src/npu_csa_reduce.sv:53$2053 ($and).
Removed top 1 bits (of 16) from port B of cell tt_um_danieltyukov_int8_npu.$flatten\u_core.\u_array.\g_row[1].g_col[0].u_pe.\u_mul.\g_bw.g_wallace.u_tree.\genblk1.g_reduce.u_next.$and$/home/danieltyukov/workspace/personal/tt-ihp-int8-npu/src/npu_csa_reduce.sv:53$2053 ($and).
Removed top 1 bits (of 16) from port Y of cell tt_um_danieltyukov_int8_npu.$flatten\u_core.\u_array.\g_row[1].g_col[0].u_pe.\u_mul.\g_bw.g_wallace.u_tree.\genblk1.g_reduce.u_next.$and$/home/danieltyukov/workspace/personal/tt-ihp-int8-npu/src/npu_csa_reduce.sv:53$2054 ($and).
Removed top 1 bits (of 16) from port A of cell tt_um_danieltyukov_int8_npu.$flatten\u_core.\u_array.\g_row[1].g_col[0].u_pe.\u_mul.\g_bw.g_wallace.u_tree.\genblk1.g_reduce.u_next.$and$/home/danieltyukov/workspace/personal/tt-ihp-int8-npu/src/npu_csa_reduce.sv:53$2054 ($and).
Removed top 1 bits (of 16) from port B of cell tt_um_danieltyukov_int8_npu.$flatten\u_core.\u_array.\g_row[1].g_col[0].u_pe.\u_mul.\g_bw.g_wallace.u_tree.\genblk1.g_reduce.u_next.$and$/home/danieltyukov/workspace/personal/tt-ihp-int8-npu/src/npu_csa_reduce.sv:53$2054 ($and).
Removed top 1 bits (of 16) from port Y of cell tt_um_danieltyukov_int8_npu.$flatten\u_core.\u_array.\g_row[1].g_col[0].u_pe.\u_mul.\g_bw.g_wallace.u_tree.\genblk1.g_reduce.u_next.\genblk1.g_reduce.u_next.\genblk1.g_reduce.u_next.$and$/home/danieltyukov/workspace/personal/tt-ihp-int8-npu/src/npu_csa_reduce.sv:53$1912 ($and).
Removed top 1 bits (of 16) from port A of cell tt_um_danieltyukov_int8_npu.$flatten\u_core.\u_array.\g_row[1].g_col[0].u_pe.\u_mul.\g_bw.g_wallace.u_tree.\genblk1.g_reduce.u_next.\genblk1.g_reduce.u_next.\genblk1.g_reduce.u_next.$and$/home/danieltyukov/workspace/personal/tt-ihp-int8-npu/src/npu_csa_reduce.sv:53$1912 ($and).
Removed top 1 bits (of 16) from port B of cell tt_um_danieltyukov_int8_npu.$flatten\u_core.\u_array.\g_row[1].g_col[0].u_pe.\u_mul.\g_bw.g_wallace.u_tree.\genblk1.g_reduce.u_next.\genblk1.g_reduce.u_next.\genblk1.g_reduce.u_next.$and$/home/danieltyukov/workspace/personal/tt-ihp-int8-npu/src/npu_csa_reduce.sv:53$1912 ($and).
Removed top 1 bits (of 16) from port Y of cell tt_um_danieltyukov_int8_npu.$flatten\u_core.\u_array.\g_row[1].g_col[0].u_pe.\u_mul.\g_bw.g_wallace.u_tree.\genblk1.g_reduce.u_next.\genblk1.g_reduce.u_next.\genblk1.g_reduce.u_next.$and$/home/danieltyukov/workspace/personal/tt-ihp-int8-npu/src/npu_csa_reduce.sv:53$1913 ($and).
Removed top 1 bits (of 16) from port A of cell tt_um_danieltyukov_int8_npu.$flatten\u_core.\u_array.\g_row[1].g_col[0].u_pe.\u_mul.\g_bw.g_wallace.u_tree.\genblk1.g_reduce.u_next.\genblk1.g_reduce.u_next.\genblk1.g_reduce.u_next.$and$/home/danieltyukov/workspace/personal/tt-ihp-int8-npu/src/npu_csa_reduce.sv:53$1913 ($and).
Removed top 1 bits (of 16) from port B of cell tt_um_danieltyukov_int8_npu.$flatten\u_core.\u_array.\g_row[1].g_col[0].u_pe.\u_mul.\g_bw.g_wallace.u_tree.\genblk1.g_reduce.u_next.\genblk1.g_reduce.u_next.\genblk1.g_reduce.u_next.$and$/home/danieltyukov/workspace/personal/tt-ihp-int8-npu/src/npu_csa_reduce.sv:53$1913 ($and).
Removed top 6 bits (of 16) from port A of cell tt_um_danieltyukov_int8_npu.$flatten\u_core.\u_array.\g_row[1].g_col[0].u_pe.\u_mul.\g_bw.g_wallace.u_tree.\genblk1.g_reduce.u_next.$xor$/home/danieltyukov/workspace/personal/tt-ihp-int8-npu/src/npu_csa_reduce.sv:49$2044 ($xor).
Removed top 1 bits (of 2) from port A of cell tt_um_danieltyukov_int8_npu.$auto$opt_expr.cc:706:replace_const_cells$3002 ($not).
Removed top 4 bits (of 16) from port A of cell tt_um_danieltyukov_int8_npu.$flatten\u_core.\u_array.\g_row[1].g_col[0].u_pe.\u_mul.\g_bw.g_wallace.u_tree.$xor$/home/danieltyukov/workspace/personal/tt-ihp-int8-npu/src/npu_csa_reduce.sv:49$1926 ($xor).
Removed top 3 bits (of 16) from port Y of cell tt_um_danieltyukov_int8_npu.$flatten\u_core.\u_array.\g_row[1].g_col[0].u_pe.\u_mul.\g_bw.g_wallace.u_tree.$xor$/home/danieltyukov/workspace/personal/tt-ihp-int8-npu/src/npu_csa_reduce.sv:49$1926 ($xor).
Removed top 5 bits (of 15) from port B of cell tt_um_danieltyukov_int8_npu.$flatten\u_core.\u_array.\g_row[1].g_col[0].u_pe.\u_mul.\g_bw.g_wallace.u_tree.$or$/home/danieltyukov/workspace/personal/tt-ihp-int8-npu/src/npu_csa_reduce.sv:53$1924 ($or).
Removed top 6 bits (of 16) from port A of cell tt_um_danieltyukov_int8_npu.$flatten\u_core.\u_array.\g_row[1].g_col[1].u_pe.\u_mul.\g_bw.g_wallace.u_tree.\genblk1.g_reduce.u_next.$and$/home/danieltyukov/workspace/personal/tt-ihp-int8-npu/src/npu_csa_reduce.sv:53$2046 ($and).
Removed top 1 bits (of 16) from port Y of cell tt_um_danieltyukov_int8_npu.$flatten\u_core.\u_array.\g_row[1].g_col[1].u_pe.\u_mul.\g_bw.g_wallace.u_tree.\genblk1.g_reduce.u_next.$and$/home/danieltyukov/workspace/personal/tt-ihp-int8-npu/src/npu_csa_reduce.sv:53$2046 ($and).
Removed top 1 bits (of 16) from port B of cell tt_um_danieltyukov_int8_npu.$flatten\u_core.\u_array.\g_row[1].g_col[1].u_pe.\u_mul.\g_bw.g_wallace.u_tree.\genblk1.g_reduce.u_next.$and$/home/danieltyukov/workspace/personal/tt-ihp-int8-npu/src/npu_csa_reduce.sv:53$2046 ($and).
Removed top 6 bits (of 16) from port A of cell tt_um_danieltyukov_int8_npu.$flatten\u_core.\u_array.\g_row[1].g_col[1].u_pe.\u_mul.\g_bw.g_wallace.u_tree.\genblk1.g_reduce.u_next.$and$/home/danieltyukov/workspace/personal/tt-ihp-int8-npu/src/npu_csa_reduce.sv:53$2047 ($and).
Removed top 1 bits (of 16) from port Y of cell tt_um_danieltyukov_int8_npu.$flatten\u_core.\u_array.\g_row[1].g_col[1].u_pe.\u_mul.\g_bw.g_wallace.u_tree.\genblk1.g_reduce.u_next.$and$/home/danieltyukov/workspace/personal/tt-ihp-int8-npu/src/npu_csa_reduce.sv:53$2047 ($and).
Removed top 1 bits (of 16) from port B of cell tt_um_danieltyukov_int8_npu.$flatten\u_core.\u_array.\g_row[1].g_col[1].u_pe.\u_mul.\g_bw.g_wallace.u_tree.\genblk1.g_reduce.u_next.$and$/home/danieltyukov/workspace/personal/tt-ihp-int8-npu/src/npu_csa_reduce.sv:53$2047 ($and).
Removed top 1 bits (of 16) from port Y of cell tt_um_danieltyukov_int8_npu.$flatten\u_core.\u_array.\g_row[1].g_col[1].u_pe.\u_mul.\g_bw.g_wallace.u_tree.\genblk1.g_reduce.u_next.$and$/home/danieltyukov/workspace/personal/tt-ihp-int8-npu/src/npu_csa_reduce.sv:53$2053 ($and).
Removed top 1 bits (of 16) from port A of cell tt_um_danieltyukov_int8_npu.$flatten\u_core.\u_array.\g_row[1].g_col[1].u_pe.\u_mul.\g_bw.g_wallace.u_tree.\genblk1.g_reduce.u_next.$and$/home/danieltyukov/workspace/personal/tt-ihp-int8-npu/src/npu_csa_reduce.sv:53$2053 ($and).
Removed top 1 bits (of 16) from port B of cell tt_um_danieltyukov_int8_npu.$flatten\u_core.\u_array.\g_row[1].g_col[1].u_pe.\u_mul.\g_bw.g_wallace.u_tree.\genblk1.g_reduce.u_next.$and$/home/danieltyukov/workspace/personal/tt-ihp-int8-npu/src/npu_csa_reduce.sv:53$2053 ($and).
Removed top 1 bits (of 16) from port Y of cell tt_um_danieltyukov_int8_npu.$flatten\u_core.\u_array.\g_row[1].g_col[1].u_pe.\u_mul.\g_bw.g_wallace.u_tree.\genblk1.g_reduce.u_next.$and$/home/danieltyukov/workspace/personal/tt-ihp-int8-npu/src/npu_csa_reduce.sv:53$2054 ($and).
Removed top 1 bits (of 16) from port A of cell tt_um_danieltyukov_int8_npu.$flatten\u_core.\u_array.\g_row[1].g_col[1].u_pe.\u_mul.\g_bw.g_wallace.u_tree.\genblk1.g_reduce.u_next.$and$/home/danieltyukov/workspace/personal/tt-ihp-int8-npu/src/npu_csa_reduce.sv:53$2054 ($and).
Removed top 1 bits (of 16) from port B of cell tt_um_danieltyukov_int8_npu.$flatten\u_core.\u_array.\g_row[1].g_col[1].u_pe.\u_mul.\g_bw.g_wallace.u_tree.\genblk1.g_reduce.u_next.$and$/home/danieltyukov/workspace/personal/tt-ihp-int8-npu/src/npu_csa_reduce.sv:53$2054 ($and).
Removed top 1 bits (of 16) from port Y of cell tt_um_danieltyukov_int8_npu.$flatten\u_core.\u_array.\g_row[1].g_col[1].u_pe.\u_mul.\g_bw.g_wallace.u_tree.\genblk1.g_reduce.u_next.\genblk1.g_reduce.u_next.\genblk1.g_reduce.u_next.$and$/home/danieltyukov/workspace/personal/tt-ihp-int8-npu/src/npu_csa_reduce.sv:53$1912 ($and).
Removed top 1 bits (of 16) from port A of cell tt_um_danieltyukov_int8_npu.$flatten\u_core.\u_array.\g_row[1].g_col[1].u_pe.\u_mul.\g_bw.g_wallace.u_tree.\genblk1.g_reduce.u_next.\genblk1.g_reduce.u_next.\genblk1.g_reduce.u_next.$and$/home/danieltyukov/workspace/personal/tt-ihp-int8-npu/src/npu_csa_reduce.sv:53$1912 ($and).
Removed top 1 bits (of 16) from port B of cell tt_um_danieltyukov_int8_npu.$flatten\u_core.\u_array.\g_row[1].g_col[1].u_pe.\u_mul.\g_bw.g_wallace.u_tree.\genblk1.g_reduce.u_next.\genblk1.g_reduce.u_next.\genblk1.g_reduce.u_next.$and$/home/danieltyukov/workspace/personal/tt-ihp-int8-npu/src/npu_csa_reduce.sv:53$1912 ($and).
Removed top 1 bits (of 16) from port Y of cell tt_um_danieltyukov_int8_npu.$flatten\u_core.\u_array.\g_row[1].g_col[1].u_pe.\u_mul.\g_bw.g_wallace.u_tree.\genblk1.g_reduce.u_next.\genblk1.g_reduce.u_next.\genblk1.g_reduce.u_next.$and$/home/danieltyukov/workspace/personal/tt-ihp-int8-npu/src/npu_csa_reduce.sv:53$1913 ($and).
Removed top 1 bits (of 16) from port A of cell tt_um_danieltyukov_int8_npu.$flatten\u_core.\u_array.\g_row[1].g_col[1].u_pe.\u_mul.\g_bw.g_wallace.u_tree.\genblk1.g_reduce.u_next.\genblk1.g_reduce.u_next.\genblk1.g_reduce.u_next.$and$/home/danieltyukov/workspace/personal/tt-ihp-int8-npu/src/npu_csa_reduce.sv:53$1913 ($and).
Removed top 1 bits (of 16) from port B of cell tt_um_danieltyukov_int8_npu.$flatten\u_core.\u_array.\g_row[1].g_col[1].u_pe.\u_mul.\g_bw.g_wallace.u_tree.\genblk1.g_reduce.u_next.\genblk1.g_reduce.u_next.\genblk1.g_reduce.u_next.$and$/home/danieltyukov/workspace/personal/tt-ihp-int8-npu/src/npu_csa_reduce.sv:53$1913 ($and).
Removed top 6 bits (of 16) from port A of cell tt_um_danieltyukov_int8_npu.$flatten\u_core.\u_array.\g_row[1].g_col[1].u_pe.\u_mul.\g_bw.g_wallace.u_tree.\genblk1.g_reduce.u_next.$xor$/home/danieltyukov/workspace/personal/tt-ihp-int8-npu/src/npu_csa_reduce.sv:49$2044 ($xor).
Removed top 1 bits (of 2) from port A of cell tt_um_danieltyukov_int8_npu.$auto$opt_expr.cc:706:replace_const_cells$3004 ($not).
Removed top 4 bits (of 16) from port A of cell tt_um_danieltyukov_int8_npu.$flatten\u_core.\u_array.\g_row[1].g_col[1].u_pe.\u_mul.\g_bw.g_wallace.u_tree.$xor$/home/danieltyukov/workspace/personal/tt-ihp-int8-npu/src/npu_csa_reduce.sv:49$1926 ($xor).
Removed top 3 bits (of 16) from port Y of cell tt_um_danieltyukov_int8_npu.$flatten\u_core.\u_array.\g_row[1].g_col[1].u_pe.\u_mul.\g_bw.g_wallace.u_tree.$xor$/home/danieltyukov/workspace/personal/tt-ihp-int8-npu/src/npu_csa_reduce.sv:49$1926 ($xor).
Removed top 5 bits (of 15) from port B of cell tt_um_danieltyukov_int8_npu.$flatten\u_core.\u_array.\g_row[1].g_col[1].u_pe.\u_mul.\g_bw.g_wallace.u_tree.$or$/home/danieltyukov/workspace/personal/tt-ihp-int8-npu/src/npu_csa_reduce.sv:53$1924 ($or).
Removed top 6 bits (of 16) from port A of cell tt_um_danieltyukov_int8_npu.$flatten\u_core.\u_array.\g_row[2].g_col[0].u_pe.\u_mul.\g_bw.g_wallace.u_tree.\genblk1.g_reduce.u_next.$and$/home/danieltyukov/workspace/personal/tt-ihp-int8-npu/src/npu_csa_reduce.sv:53$2046 ($and).
Removed top 1 bits (of 16) from port Y of cell tt_um_danieltyukov_int8_npu.$flatten\u_core.\u_array.\g_row[2].g_col[0].u_pe.\u_mul.\g_bw.g_wallace.u_tree.\genblk1.g_reduce.u_next.$and$/home/danieltyukov/workspace/personal/tt-ihp-int8-npu/src/npu_csa_reduce.sv:53$2046 ($and).
Removed top 1 bits (of 16) from port B of cell tt_um_danieltyukov_int8_npu.$flatten\u_core.\u_array.\g_row[2].g_col[0].u_pe.\u_mul.\g_bw.g_wallace.u_tree.\genblk1.g_reduce.u_next.$and$/home/danieltyukov/workspace/personal/tt-ihp-int8-npu/src/npu_csa_reduce.sv:53$2046 ($and).
Removed top 6 bits (of 16) from port A of cell tt_um_danieltyukov_int8_npu.$flatten\u_core.\u_array.\g_row[2].g_col[0].u_pe.\u_mul.\g_bw.g_wallace.u_tree.\genblk1.g_reduce.u_next.$and$/home/danieltyukov/workspace/personal/tt-ihp-int8-npu/src/npu_csa_reduce.sv:53$2047 ($and).
Removed top 1 bits (of 16) from port Y of cell tt_um_danieltyukov_int8_npu.$flatten\u_core.\u_array.\g_row[2].g_col[0].u_pe.\u_mul.\g_bw.g_wallace.u_tree.\genblk1.g_reduce.u_next.$and$/home/danieltyukov/workspace/personal/tt-ihp-int8-npu/src/npu_csa_reduce.sv:53$2047 ($and).
Removed top 1 bits (of 16) from port B of cell tt_um_danieltyukov_int8_npu.$flatten\u_core.\u_array.\g_row[2].g_col[0].u_pe.\u_mul.\g_bw.g_wallace.u_tree.\genblk1.g_reduce.u_next.$and$/home/danieltyukov/workspace/personal/tt-ihp-int8-npu/src/npu_csa_reduce.sv:53$2047 ($and).
Removed top 1 bits (of 16) from port Y of cell tt_um_danieltyukov_int8_npu.$flatten\u_core.\u_array.\g_row[2].g_col[0].u_pe.\u_mul.\g_bw.g_wallace.u_tree.\genblk1.g_reduce.u_next.$and$/home/danieltyukov/workspace/personal/tt-ihp-int8-npu/src/npu_csa_reduce.sv:53$2053 ($and).
Removed top 1 bits (of 16) from port A of cell tt_um_danieltyukov_int8_npu.$flatten\u_core.\u_array.\g_row[2].g_col[0].u_pe.\u_mul.\g_bw.g_wallace.u_tree.\genblk1.g_reduce.u_next.$and$/home/danieltyukov/workspace/personal/tt-ihp-int8-npu/src/npu_csa_reduce.sv:53$2053 ($and).
Removed top 1 bits (of 16) from port B of cell tt_um_danieltyukov_int8_npu.$flatten\u_core.\u_array.\g_row[2].g_col[0].u_pe.\u_mul.\g_bw.g_wallace.u_tree.\genblk1.g_reduce.u_next.$and$/home/danieltyukov/workspace/personal/tt-ihp-int8-npu/src/npu_csa_reduce.sv:53$2053 ($and).
Removed top 1 bits (of 16) from port Y of cell tt_um_danieltyukov_int8_npu.$flatten\u_core.\u_array.\g_row[2].g_col[0].u_pe.\u_mul.\g_bw.g_wallace.u_tree.\genblk1.g_reduce.u_next.$and$/home/danieltyukov/workspace/personal/tt-ihp-int8-npu/src/npu_csa_reduce.sv:53$2054 ($and).
Removed top 1 bits (of 16) from port A of cell tt_um_danieltyukov_int8_npu.$flatten\u_core.\u_array.\g_row[2].g_col[0].u_pe.\u_mul.\g_bw.g_wallace.u_tree.\genblk1.g_reduce.u_next.$and$/home/danieltyukov/workspace/personal/tt-ihp-int8-npu/src/npu_csa_reduce.sv:53$2054 ($and).
Removed top 1 bits (of 16) from port B of cell tt_um_danieltyukov_int8_npu.$flatten\u_core.\u_array.\g_row[2].g_col[0].u_pe.\u_mul.\g_bw.g_wallace.u_tree.\genblk1.g_reduce.u_next.$and$/home/danieltyukov/workspace/personal/tt-ihp-int8-npu/src/npu_csa_reduce.sv:53$2054 ($and).
Removed top 1 bits (of 16) from port Y of cell tt_um_danieltyukov_int8_npu.$flatten\u_core.\u_array.\g_row[2].g_col[0].u_pe.\u_mul.\g_bw.g_wallace.u_tree.\genblk1.g_reduce.u_next.\genblk1.g_reduce.u_next.\genblk1.g_reduce.u_next.$and$/home/danieltyukov/workspace/personal/tt-ihp-int8-npu/src/npu_csa_reduce.sv:53$1912 ($and).
Removed top 1 bits (of 16) from port A of cell tt_um_danieltyukov_int8_npu.$flatten\u_core.\u_array.\g_row[2].g_col[0].u_pe.\u_mul.\g_bw.g_wallace.u_tree.\genblk1.g_reduce.u_next.\genblk1.g_reduce.u_next.\genblk1.g_reduce.u_next.$and$/home/danieltyukov/workspace/personal/tt-ihp-int8-npu/src/npu_csa_reduce.sv:53$1912 ($and).
Removed top 1 bits (of 16) from port B of cell tt_um_danieltyukov_int8_npu.$flatten\u_core.\u_array.\g_row[2].g_col[0].u_pe.\u_mul.\g_bw.g_wallace.u_tree.\genblk1.g_reduce.u_next.\genblk1.g_reduce.u_next.\genblk1.g_reduce.u_next.$and$/home/danieltyukov/workspace/personal/tt-ihp-int8-npu/src/npu_csa_reduce.sv:53$1912 ($and).
Removed top 1 bits (of 16) from port Y of cell tt_um_danieltyukov_int8_npu.$flatten\u_core.\u_array.\g_row[2].g_col[0].u_pe.\u_mul.\g_bw.g_wallace.u_tree.\genblk1.g_reduce.u_next.\genblk1.g_reduce.u_next.\genblk1.g_reduce.u_next.$and$/home/danieltyukov/workspace/personal/tt-ihp-int8-npu/src/npu_csa_reduce.sv:53$1913 ($and).
Removed top 1 bits (of 16) from port A of cell tt_um_danieltyukov_int8_npu.$flatten\u_core.\u_array.\g_row[2].g_col[0].u_pe.\u_mul.\g_bw.g_wallace.u_tree.\genblk1.g_reduce.u_next.\genblk1.g_reduce.u_next.\genblk1.g_reduce.u_next.$and$/home/danieltyukov/workspace/personal/tt-ihp-int8-npu/src/npu_csa_reduce.sv:53$1913 ($and).
Removed top 1 bits (of 16) from port B of cell tt_um_danieltyukov_int8_npu.$flatten\u_core.\u_array.\g_row[2].g_col[0].u_pe.\u_mul.\g_bw.g_wallace.u_tree.\genblk1.g_reduce.u_next.\genblk1.g_reduce.u_next.\genblk1.g_reduce.u_next.$and$/home/danieltyukov/workspace/personal/tt-ihp-int8-npu/src/npu_csa_reduce.sv:53$1913 ($and).
Removed top 6 bits (of 16) from port A of cell tt_um_danieltyukov_int8_npu.$flatten\u_core.\u_array.\g_row[2].g_col[0].u_pe.\u_mul.\g_bw.g_wallace.u_tree.\genblk1.g_reduce.u_next.$xor$/home/danieltyukov/workspace/personal/tt-ihp-int8-npu/src/npu_csa_reduce.sv:49$2044 ($xor).
Removed top 1 bits (of 2) from port A of cell tt_um_danieltyukov_int8_npu.$auto$opt_expr.cc:706:replace_const_cells$3006 ($not).
Removed top 4 bits (of 16) from port A of cell tt_um_danieltyukov_int8_npu.$flatten\u_core.\u_array.\g_row[2].g_col[0].u_pe.\u_mul.\g_bw.g_wallace.u_tree.$xor$/home/danieltyukov/workspace/personal/tt-ihp-int8-npu/src/npu_csa_reduce.sv:49$1926 ($xor).
Removed top 3 bits (of 16) from port Y of cell tt_um_danieltyukov_int8_npu.$flatten\u_core.\u_array.\g_row[2].g_col[0].u_pe.\u_mul.\g_bw.g_wallace.u_tree.$xor$/home/danieltyukov/workspace/personal/tt-ihp-int8-npu/src/npu_csa_reduce.sv:49$1926 ($xor).
Removed top 5 bits (of 15) from port B of cell tt_um_danieltyukov_int8_npu.$flatten\u_core.\u_array.\g_row[2].g_col[0].u_pe.\u_mul.\g_bw.g_wallace.u_tree.$or$/home/danieltyukov/workspace/personal/tt-ihp-int8-npu/src/npu_csa_reduce.sv:53$1924 ($or).
Removed top 6 bits (of 16) from port A of cell tt_um_danieltyukov_int8_npu.$flatten\u_core.\u_array.\g_row[2].g_col[1].u_pe.\u_mul.\g_bw.g_wallace.u_tree.\genblk1.g_reduce.u_next.$and$/home/danieltyukov/workspace/personal/tt-ihp-int8-npu/src/npu_csa_reduce.sv:53$2046 ($and).
Removed top 1 bits (of 16) from port Y of cell tt_um_danieltyukov_int8_npu.$flatten\u_core.\u_array.\g_row[2].g_col[1].u_pe.\u_mul.\g_bw.g_wallace.u_tree.\genblk1.g_reduce.u_next.$and$/home/danieltyukov/workspace/personal/tt-ihp-int8-npu/src/npu_csa_reduce.sv:53$2046 ($and).
Removed top 1 bits (of 16) from port B of cell tt_um_danieltyukov_int8_npu.$flatten\u_core.\u_array.\g_row[2].g_col[1].u_pe.\u_mul.\g_bw.g_wallace.u_tree.\genblk1.g_reduce.u_next.$and$/home/danieltyukov/workspace/personal/tt-ihp-int8-npu/src/npu_csa_reduce.sv:53$2046 ($and).
Removed top 6 bits (of 16) from port A of cell tt_um_danieltyukov_int8_npu.$flatten\u_core.\u_array.\g_row[2].g_col[1].u_pe.\u_mul.\g_bw.g_wallace.u_tree.\genblk1.g_reduce.u_next.$and$/home/danieltyukov/workspace/personal/tt-ihp-int8-npu/src/npu_csa_reduce.sv:53$2047 ($and).
Removed top 1 bits (of 16) from port Y of cell tt_um_danieltyukov_int8_npu.$flatten\u_core.\u_array.\g_row[2].g_col[1].u_pe.\u_mul.\g_bw.g_wallace.u_tree.\genblk1.g_reduce.u_next.$and$/home/danieltyukov/workspace/personal/tt-ihp-int8-npu/src/npu_csa_reduce.sv:53$2047 ($and).
Removed top 1 bits (of 16) from port B of cell tt_um_danieltyukov_int8_npu.$flatten\u_core.\u_array.\g_row[2].g_col[1].u_pe.\u_mul.\g_bw.g_wallace.u_tree.\genblk1.g_reduce.u_next.$and$/home/danieltyukov/workspace/personal/tt-ihp-int8-npu/src/npu_csa_reduce.sv:53$2047 ($and).
Removed top 1 bits (of 16) from port Y of cell tt_um_danieltyukov_int8_npu.$flatten\u_core.\u_array.\g_row[2].g_col[1].u_pe.\u_mul.\g_bw.g_wallace.u_tree.\genblk1.g_reduce.u_next.$and$/home/danieltyukov/workspace/personal/tt-ihp-int8-npu/src/npu_csa_reduce.sv:53$2053 ($and).
Removed top 1 bits (of 16) from port A of cell tt_um_danieltyukov_int8_npu.$flatten\u_core.\u_array.\g_row[2].g_col[1].u_pe.\u_mul.\g_bw.g_wallace.u_tree.\genblk1.g_reduce.u_next.$and$/home/danieltyukov/workspace/personal/tt-ihp-int8-npu/src/npu_csa_reduce.sv:53$2053 ($and).
Removed top 1 bits (of 16) from port B of cell tt_um_danieltyukov_int8_npu.$flatten\u_core.\u_array.\g_row[2].g_col[1].u_pe.\u_mul.\g_bw.g_wallace.u_tree.\genblk1.g_reduce.u_next.$and$/home/danieltyukov/workspace/personal/tt-ihp-int8-npu/src/npu_csa_reduce.sv:53$2053 ($and).
Removed top 1 bits (of 16) from port Y of cell tt_um_danieltyukov_int8_npu.$flatten\u_core.\u_array.\g_row[2].g_col[1].u_pe.\u_mul.\g_bw.g_wallace.u_tree.\genblk1.g_reduce.u_next.$and$/home/danieltyukov/workspace/personal/tt-ihp-int8-npu/src/npu_csa_reduce.sv:53$2054 ($and).
Removed top 1 bits (of 16) from port A of cell tt_um_danieltyukov_int8_npu.$flatten\u_core.\u_array.\g_row[2].g_col[1].u_pe.\u_mul.\g_bw.g_wallace.u_tree.\genblk1.g_reduce.u_next.$and$/home/danieltyukov/workspace/personal/tt-ihp-int8-npu/src/npu_csa_reduce.sv:53$2054 ($and).
Removed top 1 bits (of 16) from port B of cell tt_um_danieltyukov_int8_npu.$flatten\u_core.\u_array.\g_row[2].g_col[1].u_pe.\u_mul.\g_bw.g_wallace.u_tree.\genblk1.g_reduce.u_next.$and$/home/danieltyukov/workspace/personal/tt-ihp-int8-npu/src/npu_csa_reduce.sv:53$2054 ($and).
Removed top 1 bits (of 16) from port Y of cell tt_um_danieltyukov_int8_npu.$flatten\u_core.\u_array.\g_row[2].g_col[1].u_pe.\u_mul.\g_bw.g_wallace.u_tree.\genblk1.g_reduce.u_next.\genblk1.g_reduce.u_next.\genblk1.g_reduce.u_next.$and$/home/danieltyukov/workspace/personal/tt-ihp-int8-npu/src/npu_csa_reduce.sv:53$1912 ($and).
Removed top 1 bits (of 16) from port A of cell tt_um_danieltyukov_int8_npu.$flatten\u_core.\u_array.\g_row[2].g_col[1].u_pe.\u_mul.\g_bw.g_wallace.u_tree.\genblk1.g_reduce.u_next.\genblk1.g_reduce.u_next.\genblk1.g_reduce.u_next.$and$/home/danieltyukov/workspace/personal/tt-ihp-int8-npu/src/npu_csa_reduce.sv:53$1912 ($and).
Removed top 1 bits (of 16) from port B of cell tt_um_danieltyukov_int8_npu.$flatten\u_core.\u_array.\g_row[2].g_col[1].u_pe.\u_mul.\g_bw.g_wallace.u_tree.\genblk1.g_reduce.u_next.\genblk1.g_reduce.u_next.\genblk1.g_reduce.u_next.$and$/home/danieltyukov/workspace/personal/tt-ihp-int8-npu/src/npu_csa_reduce.sv:53$1912 ($and).
Removed top 1 bits (of 16) from port Y of cell tt_um_danieltyukov_int8_npu.$flatten\u_core.\u_array.\g_row[2].g_col[1].u_pe.\u_mul.\g_bw.g_wallace.u_tree.\genblk1.g_reduce.u_next.\genblk1.g_reduce.u_next.\genblk1.g_reduce.u_next.$and$/home/danieltyukov/workspace/personal/tt-ihp-int8-npu/src/npu_csa_reduce.sv:53$1913 ($and).
Removed top 1 bits (of 16) from port A of cell tt_um_danieltyukov_int8_npu.$flatten\u_core.\u_array.\g_row[2].g_col[1].u_pe.\u_mul.\g_bw.g_wallace.u_tree.\genblk1.g_reduce.u_next.\genblk1.g_reduce.u_next.\genblk1.g_reduce.u_next.$and$/home/danieltyukov/workspace/personal/tt-ihp-int8-npu/src/npu_csa_reduce.sv:53$1913 ($and).
Removed top 1 bits (of 16) from port B of cell tt_um_danieltyukov_int8_npu.$flatten\u_core.\u_array.\g_row[2].g_col[1].u_pe.\u_mul.\g_bw.g_wallace.u_tree.\genblk1.g_reduce.u_next.\genblk1.g_reduce.u_next.\genblk1.g_reduce.u_next.$and$/home/danieltyukov/workspace/personal/tt-ihp-int8-npu/src/npu_csa_reduce.sv:53$1913 ($and).
Removed top 6 bits (of 16) from port A of cell tt_um_danieltyukov_int8_npu.$flatten\u_core.\u_array.\g_row[2].g_col[1].u_pe.\u_mul.\g_bw.g_wallace.u_tree.\genblk1.g_reduce.u_next.$xor$/home/danieltyukov/workspace/personal/tt-ihp-int8-npu/src/npu_csa_reduce.sv:49$2044 ($xor).
Removed top 1 bits (of 2) from port A of cell tt_um_danieltyukov_int8_npu.$auto$opt_expr.cc:706:replace_const_cells$3008 ($not).
Removed top 4 bits (of 16) from port A of cell tt_um_danieltyukov_int8_npu.$flatten\u_core.\u_array.\g_row[2].g_col[1].u_pe.\u_mul.\g_bw.g_wallace.u_tree.$xor$/home/danieltyukov/workspace/personal/tt-ihp-int8-npu/src/npu_csa_reduce.sv:49$1926 ($xor).
Removed top 3 bits (of 16) from port Y of cell tt_um_danieltyukov_int8_npu.$flatten\u_core.\u_array.\g_row[2].g_col[1].u_pe.\u_mul.\g_bw.g_wallace.u_tree.$xor$/home/danieltyukov/workspace/personal/tt-ihp-int8-npu/src/npu_csa_reduce.sv:49$1926 ($xor).
Removed top 5 bits (of 15) from port B of cell tt_um_danieltyukov_int8_npu.$flatten\u_core.\u_array.\g_row[2].g_col[1].u_pe.\u_mul.\g_bw.g_wallace.u_tree.$or$/home/danieltyukov/workspace/personal/tt-ihp-int8-npu/src/npu_csa_reduce.sv:53$1924 ($or).
Removed top 6 bits (of 16) from port A of cell tt_um_danieltyukov_int8_npu.$flatten\u_core.\u_array.\g_row[3].g_col[0].u_pe.\u_mul.\g_bw.g_wallace.u_tree.\genblk1.g_reduce.u_next.$and$/home/danieltyukov/workspace/personal/tt-ihp-int8-npu/src/npu_csa_reduce.sv:53$2046 ($and).
Removed top 1 bits (of 16) from port Y of cell tt_um_danieltyukov_int8_npu.$flatten\u_core.\u_array.\g_row[3].g_col[0].u_pe.\u_mul.\g_bw.g_wallace.u_tree.\genblk1.g_reduce.u_next.$and$/home/danieltyukov/workspace/personal/tt-ihp-int8-npu/src/npu_csa_reduce.sv:53$2046 ($and).
Removed top 1 bits (of 16) from port B of cell tt_um_danieltyukov_int8_npu.$flatten\u_core.\u_array.\g_row[3].g_col[0].u_pe.\u_mul.\g_bw.g_wallace.u_tree.\genblk1.g_reduce.u_next.$and$/home/danieltyukov/workspace/personal/tt-ihp-int8-npu/src/npu_csa_reduce.sv:53$2046 ($and).
Removed top 6 bits (of 16) from port A of cell tt_um_danieltyukov_int8_npu.$flatten\u_core.\u_array.\g_row[3].g_col[0].u_pe.\u_mul.\g_bw.g_wallace.u_tree.\genblk1.g_reduce.u_next.$and$/home/danieltyukov/workspace/personal/tt-ihp-int8-npu/src/npu_csa_reduce.sv:53$2047 ($and).
Removed top 1 bits (of 16) from port Y of cell tt_um_danieltyukov_int8_npu.$flatten\u_core.\u_array.\g_row[3].g_col[0].u_pe.\u_mul.\g_bw.g_wallace.u_tree.\genblk1.g_reduce.u_next.$and$/home/danieltyukov/workspace/personal/tt-ihp-int8-npu/src/npu_csa_reduce.sv:53$2047 ($and).
Removed top 1 bits (of 16) from port B of cell tt_um_danieltyukov_int8_npu.$flatten\u_core.\u_array.\g_row[3].g_col[0].u_pe.\u_mul.\g_bw.g_wallace.u_tree.\genblk1.g_reduce.u_next.$and$/home/danieltyukov/workspace/personal/tt-ihp-int8-npu/src/npu_csa_reduce.sv:53$2047 ($and).
Removed top 1 bits (of 16) from port Y of cell tt_um_danieltyukov_int8_npu.$flatten\u_core.\u_array.\g_row[3].g_col[0].u_pe.\u_mul.\g_bw.g_wallace.u_tree.\genblk1.g_reduce.u_next.$and$/home/danieltyukov/workspace/personal/tt-ihp-int8-npu/src/npu_csa_reduce.sv:53$2053 ($and).
Removed top 1 bits (of 16) from port A of cell tt_um_danieltyukov_int8_npu.$flatten\u_core.\u_array.\g_row[3].g_col[0].u_pe.\u_mul.\g_bw.g_wallace.u_tree.\genblk1.g_reduce.u_next.$and$/home/danieltyukov/workspace/personal/tt-ihp-int8-npu/src/npu_csa_reduce.sv:53$2053 ($and).
Removed top 1 bits (of 16) from port B of cell tt_um_danieltyukov_int8_npu.$flatten\u_core.\u_array.\g_row[3].g_col[0].u_pe.\u_mul.\g_bw.g_wallace.u_tree.\genblk1.g_reduce.u_next.$and$/home/danieltyukov/workspace/personal/tt-ihp-int8-npu/src/npu_csa_reduce.sv:53$2053 ($and).
Removed top 1 bits (of 16) from port Y of cell tt_um_danieltyukov_int8_npu.$flatten\u_core.\u_array.\g_row[3].g_col[0].u_pe.\u_mul.\g_bw.g_wallace.u_tree.\genblk1.g_reduce.u_next.$and$/home/danieltyukov/workspace/personal/tt-ihp-int8-npu/src/npu_csa_reduce.sv:53$2054 ($and).
Removed top 1 bits (of 16) from port A of cell tt_um_danieltyukov_int8_npu.$flatten\u_core.\u_array.\g_row[3].g_col[0].u_pe.\u_mul.\g_bw.g_wallace.u_tree.\genblk1.g_reduce.u_next.$and$/home/danieltyukov/workspace/personal/tt-ihp-int8-npu/src/npu_csa_reduce.sv:53$2054 ($and).
Removed top 1 bits (of 16) from port B of cell tt_um_danieltyukov_int8_npu.$flatten\u_core.\u_array.\g_row[3].g_col[0].u_pe.\u_mul.\g_bw.g_wallace.u_tree.\genblk1.g_reduce.u_next.$and$/home/danieltyukov/workspace/personal/tt-ihp-int8-npu/src/npu_csa_reduce.sv:53$2054 ($and).
Removed top 1 bits (of 16) from port Y of cell tt_um_danieltyukov_int8_npu.$flatten\u_core.\u_array.\g_row[3].g_col[0].u_pe.\u_mul.\g_bw.g_wallace.u_tree.\genblk1.g_reduce.u_next.\genblk1.g_reduce.u_next.\genblk1.g_reduce.u_next.$and$/home/danieltyukov/workspace/personal/tt-ihp-int8-npu/src/npu_csa_reduce.sv:53$1912 ($and).
Removed top 1 bits (of 16) from port A of cell tt_um_danieltyukov_int8_npu.$flatten\u_core.\u_array.\g_row[3].g_col[0].u_pe.\u_mul.\g_bw.g_wallace.u_tree.\genblk1.g_reduce.u_next.\genblk1.g_reduce.u_next.\genblk1.g_reduce.u_next.$and$/home/danieltyukov/workspace/personal/tt-ihp-int8-npu/src/npu_csa_reduce.sv:53$1912 ($and).
Removed top 1 bits (of 16) from port B of cell tt_um_danieltyukov_int8_npu.$flatten\u_core.\u_array.\g_row[3].g_col[0].u_pe.\u_mul.\g_bw.g_wallace.u_tree.\genblk1.g_reduce.u_next.\genblk1.g_reduce.u_next.\genblk1.g_reduce.u_next.$and$/home/danieltyukov/workspace/personal/tt-ihp-int8-npu/src/npu_csa_reduce.sv:53$1912 ($and).
Removed top 1 bits (of 16) from port Y of cell tt_um_danieltyukov_int8_npu.$flatten\u_core.\u_array.\g_row[3].g_col[0].u_pe.\u_mul.\g_bw.g_wallace.u_tree.\genblk1.g_reduce.u_next.\genblk1.g_reduce.u_next.\genblk1.g_reduce.u_next.$and$/home/danieltyukov/workspace/personal/tt-ihp-int8-npu/src/npu_csa_reduce.sv:53$1913 ($and).
Removed top 1 bits (of 16) from port A of cell tt_um_danieltyukov_int8_npu.$flatten\u_core.\u_array.\g_row[3].g_col[0].u_pe.\u_mul.\g_bw.g_wallace.u_tree.\genblk1.g_reduce.u_next.\genblk1.g_reduce.u_next.\genblk1.g_reduce.u_next.$and$/home/danieltyukov/workspace/personal/tt-ihp-int8-npu/src/npu_csa_reduce.sv:53$1913 ($and).
Removed top 1 bits (of 16) from port B of cell tt_um_danieltyukov_int8_npu.$flatten\u_core.\u_array.\g_row[3].g_col[0].u_pe.\u_mul.\g_bw.g_wallace.u_tree.\genblk1.g_reduce.u_next.\genblk1.g_reduce.u_next.\genblk1.g_reduce.u_next.$and$/home/danieltyukov/workspace/personal/tt-ihp-int8-npu/src/npu_csa_reduce.sv:53$1913 ($and).
Removed top 6 bits (of 16) from port A of cell tt_um_danieltyukov_int8_npu.$flatten\u_core.\u_array.\g_row[3].g_col[0].u_pe.\u_mul.\g_bw.g_wallace.u_tree.\genblk1.g_reduce.u_next.$xor$/home/danieltyukov/workspace/personal/tt-ihp-int8-npu/src/npu_csa_reduce.sv:49$2044 ($xor).
Removed top 4 bits (of 16) from port A of cell tt_um_danieltyukov_int8_npu.$flatten\u_core.\u_array.\g_row[3].g_col[0].u_pe.\u_mul.\g_bw.g_wallace.u_tree.$xor$/home/danieltyukov/workspace/personal/tt-ihp-int8-npu/src/npu_csa_reduce.sv:49$1926 ($xor).
Removed top 3 bits (of 16) from port Y of cell tt_um_danieltyukov_int8_npu.$flatten\u_core.\u_array.\g_row[3].g_col[0].u_pe.\u_mul.\g_bw.g_wallace.u_tree.$xor$/home/danieltyukov/workspace/personal/tt-ihp-int8-npu/src/npu_csa_reduce.sv:49$1926 ($xor).
Removed top 5 bits (of 15) from port B of cell tt_um_danieltyukov_int8_npu.$flatten\u_core.\u_array.\g_row[3].g_col[0].u_pe.\u_mul.\g_bw.g_wallace.u_tree.$or$/home/danieltyukov/workspace/personal/tt-ihp-int8-npu/src/npu_csa_reduce.sv:53$1924 ($or).
Removed top 2 bits (of 15) from port B of cell tt_um_danieltyukov_int8_npu.$flatten\u_core.\u_array.\g_row[3].g_col[1].u_pe.\u_mul.\g_bw.g_wallace.u_tree.$or$/home/danieltyukov/workspace/personal/tt-ihp-int8-npu/src/npu_csa_reduce.sv:53$1931 ($or).
Removed top 2 bits (of 15) from port B of cell tt_um_danieltyukov_int8_npu.$flatten\u_core.\u_array.\g_row[0].g_col[0].u_pe.\u_mul.\g_bw.g_wallace.u_tree.$or$/home/danieltyukov/workspace/personal/tt-ihp-int8-npu/src/npu_csa_reduce.sv:53$1931 ($or).
Removed top 2 bits (of 15) from port B of cell tt_um_danieltyukov_int8_npu.$flatten\u_core.\u_array.\g_row[0].g_col[1].u_pe.\u_mul.\g_bw.g_wallace.u_tree.$or$/home/danieltyukov/workspace/personal/tt-ihp-int8-npu/src/npu_csa_reduce.sv:53$1931 ($or).
Removed top 2 bits (of 15) from port B of cell tt_um_danieltyukov_int8_npu.$flatten\u_core.\u_array.\g_row[1].g_col[0].u_pe.\u_mul.\g_bw.g_wallace.u_tree.$or$/home/danieltyukov/workspace/personal/tt-ihp-int8-npu/src/npu_csa_reduce.sv:53$1931 ($or).
Removed top 2 bits (of 15) from port B of cell tt_um_danieltyukov_int8_npu.$flatten\u_core.\u_array.\g_row[1].g_col[1].u_pe.\u_mul.\g_bw.g_wallace.u_tree.$or$/home/danieltyukov/workspace/personal/tt-ihp-int8-npu/src/npu_csa_reduce.sv:53$1931 ($or).
Removed top 2 bits (of 15) from port B of cell tt_um_danieltyukov_int8_npu.$flatten\u_core.\u_array.\g_row[2].g_col[0].u_pe.\u_mul.\g_bw.g_wallace.u_tree.$or$/home/danieltyukov/workspace/personal/tt-ihp-int8-npu/src/npu_csa_reduce.sv:53$1931 ($or).
Removed top 2 bits (of 15) from port B of cell tt_um_danieltyukov_int8_npu.$flatten\u_core.\u_array.\g_row[2].g_col[1].u_pe.\u_mul.\g_bw.g_wallace.u_tree.$or$/home/danieltyukov/workspace/personal/tt-ihp-int8-npu/src/npu_csa_reduce.sv:53$1931 ($or).
Removed top 2 bits (of 15) from port B of cell tt_um_danieltyukov_int8_npu.$flatten\u_core.\u_array.\g_row[3].g_col[0].u_pe.\u_mul.\g_bw.g_wallace.u_tree.$or$/home/danieltyukov/workspace/personal/tt-ihp-int8-npu/src/npu_csa_reduce.sv:53$1931 ($or).
Removed top 23 bits (of 32) from wire tt_um_danieltyukov_int8_npu.$flatten\u_core.$add$/home/danieltyukov/workspace/personal/tt-ihp-int8-npu/src/npu_core.sv:0$1040_Y.
Removed top 23 bits (of 32) from wire tt_um_danieltyukov_int8_npu.$flatten\u_core.$add$/home/danieltyukov/workspace/personal/tt-ihp-int8-npu/src/npu_core.sv:0$1053_Y.
Removed top 23 bits (of 32) from wire tt_um_danieltyukov_int8_npu.$flatten\u_core.$add$/home/danieltyukov/workspace/personal/tt-ihp-int8-npu/src/npu_core.sv:0$1066_Y.
Removed top 24 bits (of 32) from wire tt_um_danieltyukov_int8_npu.$flatten\u_core.$add$/home/danieltyukov/workspace/personal/tt-ihp-int8-npu/src/npu_core.sv:0$1073_Y.
Removed top 26 bits (of 32) from wire tt_um_danieltyukov_int8_npu.$flatten\u_core.$add$/home/danieltyukov/workspace/personal/tt-ihp-int8-npu/src/npu_core.sv:0$975_Y.
Removed top 26 bits (of 32) from wire tt_um_danieltyukov_int8_npu.$flatten\u_core.$add$/home/danieltyukov/workspace/personal/tt-ihp-int8-npu/src/npu_core.sv:0$979_Y.
Removed top 3 bits (of 32) from wire tt_um_danieltyukov_int8_npu.$flatten\u_core.$add$/home/danieltyukov/workspace/personal/tt-ihp-int8-npu/src/npu_core.sv:348$982_Y.
Removed top 1 bits (of 2) from wire tt_um_danieltyukov_int8_npu.$flatten\u_core.$procmux$2847_Y.
Removed top 7 bits (of 16) from wire tt_um_danieltyukov_int8_npu.$flatten\u_core.\u_array.\g_row[0].g_col[0].u_pe.\u_mul.\g_bw.g_wallace.u_tree.$and$/home/danieltyukov/workspace/personal/tt-ihp-int8-npu/src/npu_csa_reduce.sv:53$1920_Y.
Removed top 6 bits (of 16) from wire tt_um_danieltyukov_int8_npu.$flatten\u_core.\u_array.\g_row[0].g_col[0].u_pe.\u_mul.\g_bw.g_wallace.u_tree.$and$/home/danieltyukov/workspace/personal/tt-ihp-int8-npu/src/npu_csa_reduce.sv:53$1921_Y.
Removed top 6 bits (of 16) from wire tt_um_danieltyukov_int8_npu.$flatten\u_core.\u_array.\g_row[0].g_col[0].u_pe.\u_mul.\g_bw.g_wallace.u_tree.$and$/home/danieltyukov/workspace/personal/tt-ihp-int8-npu/src/npu_csa_reduce.sv:53$1923_Y.
Removed top 4 bits (of 16) from wire tt_um_danieltyukov_int8_npu.$flatten\u_core.\u_array.\g_row[0].g_col[0].u_pe.\u_mul.\g_bw.g_wallace.u_tree.$and$/home/danieltyukov/workspace/personal/tt-ihp-int8-npu/src/npu_csa_reduce.sv:53$1927_Y.
Removed top 14 bits (of 16) from wire tt_um_danieltyukov_int8_npu.$flatten\u_core.\u_array.\g_row[0].g_col[0].u_pe.\u_mul.\g_bw.g_wallace.u_tree.$and$/home/danieltyukov/workspace/personal/tt-ihp-int8-npu/src/npu_csa_reduce.sv:53$1928_Y.
Removed top 3 bits (of 16) from wire tt_um_danieltyukov_int8_npu.$flatten\u_core.\u_array.\g_row[0].g_col[0].u_pe.\u_mul.\g_bw.g_wallace.u_tree.$and$/home/danieltyukov/workspace/personal/tt-ihp-int8-npu/src/npu_csa_reduce.sv:53$1930_Y.
Removed top 1 bits (of 16) from wire tt_um_danieltyukov_int8_npu.$flatten\u_core.\u_array.\g_row[0].g_col[0].u_pe.\u_mul.\g_bw.g_wallace.u_tree.$or$/home/danieltyukov/workspace/personal/tt-ihp-int8-npu/src/npu_csa_reduce.sv:53$1929_Y.
Removed top 4 bits (of 16) from wire tt_um_danieltyukov_int8_npu.$flatten\u_core.\u_array.\g_row[0].g_col[0].u_pe.\u_mul.\g_bw.g_wallace.u_tree.$xor$/home/danieltyukov/workspace/personal/tt-ihp-int8-npu/src/npu_csa_reduce.sv:49$1925_Y.
Removed top 1 bits (of 16) from wire tt_um_danieltyukov_int8_npu.$flatten\u_core.\u_array.\g_row[0].g_col[0].u_pe.\u_mul.\g_bw.g_wallace.u_tree.$xor$/home/danieltyukov/workspace/personal/tt-ihp-int8-npu/src/npu_csa_reduce.sv:49$1932_Y.
Removed top 1 bits (of 16) from wire tt_um_danieltyukov_int8_npu.$flatten\u_core.\u_array.\g_row[0].g_col[0].u_pe.\u_mul.\g_bw.g_wallace.u_tree.\genblk1.g_reduce.u_next.$and$/home/danieltyukov/workspace/personal/tt-ihp-int8-npu/src/npu_csa_reduce.sv:53$2046_Y.
Removed top 1 bits (of 16) from wire tt_um_danieltyukov_int8_npu.$flatten\u_core.\u_array.\g_row[0].g_col[0].u_pe.\u_mul.\g_bw.g_wallace.u_tree.\genblk1.g_reduce.u_next.$and$/home/danieltyukov/workspace/personal/tt-ihp-int8-npu/src/npu_csa_reduce.sv:53$2047_Y.
Removed top 1 bits (of 16) from wire tt_um_danieltyukov_int8_npu.$flatten\u_core.\u_array.\g_row[0].g_col[0].u_pe.\u_mul.\g_bw.g_wallace.u_tree.\genblk1.g_reduce.u_next.$and$/home/danieltyukov/workspace/personal/tt-ihp-int8-npu/src/npu_csa_reduce.sv:53$2053_Y.
Removed top 7 bits (of 16) from wire tt_um_danieltyukov_int8_npu.$flatten\u_core.\u_array.\g_row[0].g_col[1].u_pe.\u_mul.\g_bw.g_wallace.u_tree.$and$/home/danieltyukov/workspace/personal/tt-ihp-int8-npu/src/npu_csa_reduce.sv:53$1920_Y.
Removed top 6 bits (of 16) from wire tt_um_danieltyukov_int8_npu.$flatten\u_core.\u_array.\g_row[0].g_col[1].u_pe.\u_mul.\g_bw.g_wallace.u_tree.$and$/home/danieltyukov/workspace/personal/tt-ihp-int8-npu/src/npu_csa_reduce.sv:53$1921_Y.
Removed top 6 bits (of 16) from wire tt_um_danieltyukov_int8_npu.$flatten\u_core.\u_array.\g_row[0].g_col[1].u_pe.\u_mul.\g_bw.g_wallace.u_tree.$and$/home/danieltyukov/workspace/personal/tt-ihp-int8-npu/src/npu_csa_reduce.sv:53$1923_Y.
Removed top 4 bits (of 16) from wire tt_um_danieltyukov_int8_npu.$flatten\u_core.\u_array.\g_row[0].g_col[1].u_pe.\u_mul.\g_bw.g_wallace.u_tree.$and$/home/danieltyukov/workspace/personal/tt-ihp-int8-npu/src/npu_csa_reduce.sv:53$1927_Y.
Removed top 12 bits (of 16) from wire tt_um_danieltyukov_int8_npu.$flatten\u_core.\u_array.\g_row[0].g_col[1].u_pe.\u_mul.\g_bw.g_wallace.u_tree.$and$/home/danieltyukov/workspace/personal/tt-ihp-int8-npu/src/npu_csa_reduce.sv:53$1928_Y.
Removed top 3 bits (of 16) from wire tt_um_danieltyukov_int8_npu.$flatten\u_core.\u_array.\g_row[0].g_col[1].u_pe.\u_mul.\g_bw.g_wallace.u_tree.$and$/home/danieltyukov/workspace/personal/tt-ihp-int8-npu/src/npu_csa_reduce.sv:53$1930_Y.
Removed top 1 bits (of 16) from wire tt_um_danieltyukov_int8_npu.$flatten\u_core.\u_array.\g_row[0].g_col[1].u_pe.\u_mul.\g_bw.g_wallace.u_tree.$and$/home/danieltyukov/workspace/personal/tt-ihp-int8-npu/src/npu_csa_reduce.sv:53$1934_Y.
Removed top 1 bits (of 16) from wire tt_um_danieltyukov_int8_npu.$flatten\u_core.\u_array.\g_row[0].g_col[1].u_pe.\u_mul.\g_bw.g_wallace.u_tree.$or$/home/danieltyukov/workspace/personal/tt-ihp-int8-npu/src/npu_csa_reduce.sv:53$1936_Y.
Removed top 1 bits (of 16) from wire tt_um_danieltyukov_int8_npu.$flatten\u_core.\u_array.\g_row[0].g_col[1].u_pe.\u_mul.\g_bw.g_wallace.u_tree.\genblk1.g_reduce.u_next.$and$/home/danieltyukov/workspace/personal/tt-ihp-int8-npu/src/npu_csa_reduce.sv:53$2046_Y.
Removed top 1 bits (of 16) from wire tt_um_danieltyukov_int8_npu.$flatten\u_core.\u_array.\g_row[0].g_col[1].u_pe.\u_mul.\g_bw.g_wallace.u_tree.\genblk1.g_reduce.u_next.$and$/home/danieltyukov/workspace/personal/tt-ihp-int8-npu/src/npu_csa_reduce.sv:53$2049_Y.
Removed top 1 bits (of 16) from wire tt_um_danieltyukov_int8_npu.$flatten\u_core.\u_array.\g_row[0].g_col[1].u_pe.\u_mul.\g_bw.g_wallace.u_tree.\genblk1.g_reduce.u_next.$and$/home/danieltyukov/workspace/personal/tt-ihp-int8-npu/src/npu_csa_reduce.sv:53$2054_Y.
Removed top 1 bits (of 16) from wire tt_um_danieltyukov_int8_npu.$flatten\u_core.\u_array.\g_row[0].g_col[1].u_pe.\u_mul.\g_bw.g_wallace.u_tree.\genblk1.g_reduce.u_next.$and$/home/danieltyukov/workspace/personal/tt-ihp-int8-npu/src/npu_csa_reduce.sv:53$2056_Y.
Removed top 1 bits (of 16) from wire tt_um_danieltyukov_int8_npu.$flatten\u_core.\u_array.\g_row[0].g_col[1].u_pe.\u_mul.\g_bw.g_wallace.u_tree.\genblk1.g_reduce.u_next.$or$/home/danieltyukov/workspace/personal/tt-ihp-int8-npu/src/npu_csa_reduce.sv:53$2048_Y.
Removed top 1 bits (of 16) from wire tt_um_danieltyukov_int8_npu.$flatten\u_core.\u_array.\g_row[0].g_col[1].u_pe.\u_mul.\g_bw.g_wallace.u_tree.\genblk1.g_reduce.u_next.$or$/home/danieltyukov/workspace/personal/tt-ihp-int8-npu/src/npu_csa_reduce.sv:53$2055_Y.
Removed top 1 bits (of 16) from wire tt_um_danieltyukov_int8_npu.$flatten\u_core.\u_array.\g_row[0].g_col[1].u_pe.\u_mul.\g_bw.g_wallace.u_tree.\genblk1.g_reduce.u_next.\genblk1.g_reduce.u_next.$and$/home/danieltyukov/workspace/personal/tt-ihp-int8-npu/src/npu_csa_reduce.sv:53$2061_Y.
Removed top 1 bits (of 16) from wire tt_um_danieltyukov_int8_npu.$flatten\u_core.\u_array.\g_row[0].g_col[1].u_pe.\u_mul.\g_bw.g_wallace.u_tree.\genblk1.g_reduce.u_next.\genblk1.g_reduce.u_next.$and$/home/danieltyukov/workspace/personal/tt-ihp-int8-npu/src/npu_csa_reduce.sv:53$2062_Y.
Removed top 1 bits (of 16) from wire tt_um_danieltyukov_int8_npu.$flatten\u_core.\u_array.\g_row[0].g_col[1].u_pe.\u_mul.\g_bw.g_wallace.u_tree.\genblk1.g_reduce.u_next.\genblk1.g_reduce.u_next.$and$/home/danieltyukov/workspace/personal/tt-ihp-int8-npu/src/npu_csa_reduce.sv:53$2064_Y.
Removed top 1 bits (of 16) from wire tt_um_danieltyukov_int8_npu.$flatten\u_core.\u_array.\g_row[0].g_col[1].u_pe.\u_mul.\g_bw.g_wallace.u_tree.\genblk1.g_reduce.u_next.\genblk1.g_reduce.u_next.$or$/home/danieltyukov/workspace/personal/tt-ihp-int8-npu/src/npu_csa_reduce.sv:53$2063_Y.
Removed top 1 bits (of 16) from wire tt_um_danieltyukov_int8_npu.$flatten\u_core.\u_array.\g_row[0].g_col[1].u_pe.\u_mul.\g_bw.g_wallace.u_tree.\genblk1.g_reduce.u_next.\genblk1.g_reduce.u_next.\genblk1.g_reduce.u_next.$and$/home/danieltyukov/workspace/personal/tt-ihp-int8-npu/src/npu_csa_reduce.sv:53$1912_Y.
Removed top 7 bits (of 16) from wire tt_um_danieltyukov_int8_npu.$flatten\u_core.\u_array.\g_row[1].g_col[0].u_pe.\u_mul.\g_bw.g_wallace.u_tree.$and$/home/danieltyukov/workspace/personal/tt-ihp-int8-npu/src/npu_csa_reduce.sv:53$1920_Y.
Removed top 6 bits (of 16) from wire tt_um_danieltyukov_int8_npu.$flatten\u_core.\u_array.\g_row[1].g_col[0].u_pe.\u_mul.\g_bw.g_wallace.u_tree.$and$/home/danieltyukov/workspace/personal/tt-ihp-int8-npu/src/npu_csa_reduce.sv:53$1921_Y.
Removed top 6 bits (of 16) from wire tt_um_danieltyukov_int8_npu.$flatten\u_core.\u_array.\g_row[1].g_col[0].u_pe.\u_mul.\g_bw.g_wallace.u_tree.$and$/home/danieltyukov/workspace/personal/tt-ihp-int8-npu/src/npu_csa_reduce.sv:53$1923_Y.
Removed top 4 bits (of 16) from wire tt_um_danieltyukov_int8_npu.$flatten\u_core.\u_array.\g_row[1].g_col[0].u_pe.\u_mul.\g_bw.g_wallace.u_tree.$and$/home/danieltyukov/workspace/personal/tt-ihp-int8-npu/src/npu_csa_reduce.sv:53$1927_Y.
Removed top 3 bits (of 16) from wire tt_um_danieltyukov_int8_npu.$flatten\u_core.\u_array.\g_row[1].g_col[0].u_pe.\u_mul.\g_bw.g_wallace.u_tree.$and$/home/danieltyukov/workspace/personal/tt-ihp-int8-npu/src/npu_csa_reduce.sv:53$1928_Y.
Removed top 3 bits (of 16) from wire tt_um_danieltyukov_int8_npu.$flatten\u_core.\u_array.\g_row[1].g_col[0].u_pe.\u_mul.\g_bw.g_wallace.u_tree.$and$/home/danieltyukov/workspace/personal/tt-ihp-int8-npu/src/npu_csa_reduce.sv:53$1930_Y.
Removed top 1 bits (of 16) from wire tt_um_danieltyukov_int8_npu.$flatten\u_core.\u_array.\g_row[1].g_col[0].u_pe.\u_mul.\g_bw.g_wallace.u_tree.$and$/home/danieltyukov/workspace/personal/tt-ihp-int8-npu/src/npu_csa_reduce.sv:53$1934_Y.
Removed top 1 bits (of 16) from wire tt_um_danieltyukov_int8_npu.$flatten\u_core.\u_array.\g_row[1].g_col[0].u_pe.\u_mul.\g_bw.g_wallace.u_tree.$or$/home/danieltyukov/workspace/personal/tt-ihp-int8-npu/src/npu_csa_reduce.sv:53$1936_Y.
Removed top 1 bits (of 16) from wire tt_um_danieltyukov_int8_npu.$flatten\u_core.\u_array.\g_row[1].g_col[0].u_pe.\u_mul.\g_bw.g_wallace.u_tree.$xor$/home/danieltyukov/workspace/personal/tt-ihp-int8-npu/src/npu_csa_reduce.sv:49$1932_Y.
Removed top 1 bits (of 16) from wire tt_um_danieltyukov_int8_npu.$flatten\u_core.\u_array.\g_row[1].g_col[0].u_pe.\u_mul.\g_bw.g_wallace.u_tree.\genblk1.g_reduce.u_next.$and$/home/danieltyukov/workspace/personal/tt-ihp-int8-npu/src/npu_csa_reduce.sv:53$2046_Y.
Removed top 1 bits (of 16) from wire tt_um_danieltyukov_int8_npu.$flatten\u_core.\u_array.\g_row[1].g_col[0].u_pe.\u_mul.\g_bw.g_wallace.u_tree.\genblk1.g_reduce.u_next.$and$/home/danieltyukov/workspace/personal/tt-ihp-int8-npu/src/npu_csa_reduce.sv:53$2049_Y.
Removed top 1 bits (of 16) from wire tt_um_danieltyukov_int8_npu.$flatten\u_core.\u_array.\g_row[1].g_col[0].u_pe.\u_mul.\g_bw.g_wallace.u_tree.\genblk1.g_reduce.u_next.$and$/home/danieltyukov/workspace/personal/tt-ihp-int8-npu/src/npu_csa_reduce.sv:53$2054_Y.
Removed top 1 bits (of 16) from wire tt_um_danieltyukov_int8_npu.$flatten\u_core.\u_array.\g_row[1].g_col[0].u_pe.\u_mul.\g_bw.g_wallace.u_tree.\genblk1.g_reduce.u_next.$and$/home/danieltyukov/workspace/personal/tt-ihp-int8-npu/src/npu_csa_reduce.sv:53$2056_Y.
Removed top 1 bits (of 16) from wire tt_um_danieltyukov_int8_npu.$flatten\u_core.\u_array.\g_row[1].g_col[0].u_pe.\u_mul.\g_bw.g_wallace.u_tree.\genblk1.g_reduce.u_next.$or$/home/danieltyukov/workspace/personal/tt-ihp-int8-npu/src/npu_csa_reduce.sv:53$2048_Y.
Removed top 7 bits (of 16) from wire tt_um_danieltyukov_int8_npu.$flatten\u_core.\u_array.\g_row[1].g_col[1].u_pe.\u_mul.\g_bw.g_wallace.u_tree.$and$/home/danieltyukov/workspace/personal/tt-ihp-int8-npu/src/npu_csa_reduce.sv:53$1920_Y.
Removed top 6 bits (of 16) from wire tt_um_danieltyukov_int8_npu.$flatten\u_core.\u_array.\g_row[1].g_col[1].u_pe.\u_mul.\g_bw.g_wallace.u_tree.$and$/home/danieltyukov/workspace/personal/tt-ihp-int8-npu/src/npu_csa_reduce.sv:53$1921_Y.
Removed top 6 bits (of 16) from wire tt_um_danieltyukov_int8_npu.$flatten\u_core.\u_array.\g_row[1].g_col[1].u_pe.\u_mul.\g_bw.g_wallace.u_tree.$and$/home/danieltyukov/workspace/personal/tt-ihp-int8-npu/src/npu_csa_reduce.sv:53$1923_Y.
Removed top 4 bits (of 16) from wire tt_um_danieltyukov_int8_npu.$flatten\u_core.\u_array.\g_row[1].g_col[1].u_pe.\u_mul.\g_bw.g_wallace.u_tree.$and$/home/danieltyukov/workspace/personal/tt-ihp-int8-npu/src/npu_csa_reduce.sv:53$1927_Y.
Removed top 3 bits (of 16) from wire tt_um_danieltyukov_int8_npu.$flatten\u_core.\u_array.\g_row[1].g_col[1].u_pe.\u_mul.\g_bw.g_wallace.u_tree.$and$/home/danieltyukov/workspace/personal/tt-ihp-int8-npu/src/npu_csa_reduce.sv:53$1928_Y.
Removed top 3 bits (of 16) from wire tt_um_danieltyukov_int8_npu.$flatten\u_core.\u_array.\g_row[1].g_col[1].u_pe.\u_mul.\g_bw.g_wallace.u_tree.$and$/home/danieltyukov/workspace/personal/tt-ihp-int8-npu/src/npu_csa_reduce.sv:53$1930_Y.
Removed top 1 bits (of 16) from wire tt_um_danieltyukov_int8_npu.$flatten\u_core.\u_array.\g_row[1].g_col[1].u_pe.\u_mul.\g_bw.g_wallace.u_tree.$or$/home/danieltyukov/workspace/personal/tt-ihp-int8-npu/src/npu_csa_reduce.sv:53$1929_Y.
Removed top 1 bits (of 16) from wire tt_um_danieltyukov_int8_npu.$flatten\u_core.\u_array.\g_row[1].g_col[1].u_pe.\u_mul.\g_bw.g_wallace.u_tree.$xor$/home/danieltyukov/workspace/personal/tt-ihp-int8-npu/src/npu_csa_reduce.sv:49$1932_Y.
Removed top 1 bits (of 16) from wire tt_um_danieltyukov_int8_npu.$flatten\u_core.\u_array.\g_row[1].g_col[1].u_pe.\u_mul.\g_bw.g_wallace.u_tree.\genblk1.g_reduce.u_next.$and$/home/danieltyukov/workspace/personal/tt-ihp-int8-npu/src/npu_csa_reduce.sv:53$2046_Y.
Removed top 1 bits (of 16) from wire tt_um_danieltyukov_int8_npu.$flatten\u_core.\u_array.\g_row[1].g_col[1].u_pe.\u_mul.\g_bw.g_wallace.u_tree.\genblk1.g_reduce.u_next.$and$/home/danieltyukov/workspace/personal/tt-ihp-int8-npu/src/npu_csa_reduce.sv:53$2047_Y.
Removed top 1 bits (of 16) from wire tt_um_danieltyukov_int8_npu.$flatten\u_core.\u_array.\g_row[1].g_col[1].u_pe.\u_mul.\g_bw.g_wallace.u_tree.\genblk1.g_reduce.u_next.$and$/home/danieltyukov/workspace/personal/tt-ihp-int8-npu/src/npu_csa_reduce.sv:53$2049_Y.
Removed top 1 bits (of 16) from wire tt_um_danieltyukov_int8_npu.$flatten\u_core.\u_array.\g_row[1].g_col[1].u_pe.\u_mul.\g_bw.g_wallace.u_tree.\genblk1.g_reduce.u_next.$and$/home/danieltyukov/workspace/personal/tt-ihp-int8-npu/src/npu_csa_reduce.sv:53$2053_Y.
Removed top 1 bits (of 16) from wire tt_um_danieltyukov_int8_npu.$flatten\u_core.\u_array.\g_row[1].g_col[1].u_pe.\u_mul.\g_bw.g_wallace.u_tree.\genblk1.g_reduce.u_next.$and$/home/danieltyukov/workspace/personal/tt-ihp-int8-npu/src/npu_csa_reduce.sv:53$2056_Y.
Removed top 1 bits (of 16) from wire tt_um_danieltyukov_int8_npu.$flatten\u_core.\u_array.\g_row[1].g_col[1].u_pe.\u_mul.\g_bw.g_wallace.u_tree.\genblk1.g_reduce.u_next.$or$/home/danieltyukov/workspace/personal/tt-ihp-int8-npu/src/npu_csa_reduce.sv:53$2048_Y.
Removed top 7 bits (of 16) from wire tt_um_danieltyukov_int8_npu.$flatten\u_core.\u_array.\g_row[2].g_col[0].u_pe.\u_mul.\g_bw.g_wallace.u_tree.$and$/home/danieltyukov/workspace/personal/tt-ihp-int8-npu/src/npu_csa_reduce.sv:53$1920_Y.
Removed top 6 bits (of 16) from wire tt_um_danieltyukov_int8_npu.$flatten\u_core.\u_array.\g_row[2].g_col[0].u_pe.\u_mul.\g_bw.g_wallace.u_tree.$and$/home/danieltyukov/workspace/personal/tt-ihp-int8-npu/src/npu_csa_reduce.sv:53$1921_Y.
Removed top 6 bits (of 16) from wire tt_um_danieltyukov_int8_npu.$flatten\u_core.\u_array.\g_row[2].g_col[0].u_pe.\u_mul.\g_bw.g_wallace.u_tree.$and$/home/danieltyukov/workspace/personal/tt-ihp-int8-npu/src/npu_csa_reduce.sv:53$1923_Y.
Removed top 4 bits (of 16) from wire tt_um_danieltyukov_int8_npu.$flatten\u_core.\u_array.\g_row[2].g_col[0].u_pe.\u_mul.\g_bw.g_wallace.u_tree.$and$/home/danieltyukov/workspace/personal/tt-ihp-int8-npu/src/npu_csa_reduce.sv:53$1927_Y.
Removed top 3 bits (of 16) from wire tt_um_danieltyukov_int8_npu.$flatten\u_core.\u_array.\g_row[2].g_col[0].u_pe.\u_mul.\g_bw.g_wallace.u_tree.$and$/home/danieltyukov/workspace/personal/tt-ihp-int8-npu/src/npu_csa_reduce.sv:53$1928_Y.
Removed top 3 bits (of 16) from wire tt_um_danieltyukov_int8_npu.$flatten\u_core.\u_array.\g_row[2].g_col[0].u_pe.\u_mul.\g_bw.g_wallace.u_tree.$and$/home/danieltyukov/workspace/personal/tt-ihp-int8-npu/src/npu_csa_reduce.sv:53$1930_Y.
Removed top 1 bits (of 16) from wire tt_um_danieltyukov_int8_npu.$flatten\u_core.\u_array.\g_row[2].g_col[0].u_pe.\u_mul.\g_bw.g_wallace.u_tree.$and$/home/danieltyukov/workspace/personal/tt-ihp-int8-npu/src/npu_csa_reduce.sv:53$1934_Y.
Removed top 1 bits (of 16) from wire tt_um_danieltyukov_int8_npu.$flatten\u_core.\u_array.\g_row[2].g_col[0].u_pe.\u_mul.\g_bw.g_wallace.u_tree.$or$/home/danieltyukov/workspace/personal/tt-ihp-int8-npu/src/npu_csa_reduce.sv:53$1936_Y.
Removed top 1 bits (of 16) from wire tt_um_danieltyukov_int8_npu.$flatten\u_core.\u_array.\g_row[2].g_col[0].u_pe.\u_mul.\g_bw.g_wallace.u_tree.$xor$/home/danieltyukov/workspace/personal/tt-ihp-int8-npu/src/npu_csa_reduce.sv:49$1932_Y.
Removed top 1 bits (of 16) from wire tt_um_danieltyukov_int8_npu.$flatten\u_core.\u_array.\g_row[2].g_col[0].u_pe.\u_mul.\g_bw.g_wallace.u_tree.\genblk1.g_reduce.u_next.$and$/home/danieltyukov/workspace/personal/tt-ihp-int8-npu/src/npu_csa_reduce.sv:53$2046_Y.
Removed top 1 bits (of 16) from wire tt_um_danieltyukov_int8_npu.$flatten\u_core.\u_array.\g_row[2].g_col[0].u_pe.\u_mul.\g_bw.g_wallace.u_tree.\genblk1.g_reduce.u_next.$and$/home/danieltyukov/workspace/personal/tt-ihp-int8-npu/src/npu_csa_reduce.sv:53$2056_Y.
Removed top 1 bits (of 16) from wire tt_um_danieltyukov_int8_npu.$flatten\u_core.\u_array.\g_row[2].g_col[0].u_pe.\u_mul.\g_bw.g_wallace.u_tree.\genblk1.g_reduce.u_next.$or$/home/danieltyukov/workspace/personal/tt-ihp-int8-npu/src/npu_csa_reduce.sv:53$2055_Y.
Removed top 1 bits (of 16) from wire tt_um_danieltyukov_int8_npu.$flatten\u_core.\u_array.\g_row[2].g_col[0].u_pe.\u_mul.\g_bw.g_wallace.u_tree.\genblk1.g_reduce.u_next.\genblk1.g_reduce.u_next.$and$/home/danieltyukov/workspace/personal/tt-ihp-int8-npu/src/npu_csa_reduce.sv:53$2061_Y.
Removed top 1 bits (of 16) from wire tt_um_danieltyukov_int8_npu.$flatten\u_core.\u_array.\g_row[2].g_col[0].u_pe.\u_mul.\g_bw.g_wallace.u_tree.\genblk1.g_reduce.u_next.\genblk1.g_reduce.u_next.$and$/home/danieltyukov/workspace/personal/tt-ihp-int8-npu/src/npu_csa_reduce.sv:53$2062_Y.
Removed top 1 bits (of 16) from wire tt_um_danieltyukov_int8_npu.$flatten\u_core.\u_array.\g_row[2].g_col[0].u_pe.\u_mul.\g_bw.g_wallace.u_tree.\genblk1.g_reduce.u_next.\genblk1.g_reduce.u_next.$and$/home/danieltyukov/workspace/personal/tt-ihp-int8-npu/src/npu_csa_reduce.sv:53$2064_Y.
Removed top 1 bits (of 16) from wire tt_um_danieltyukov_int8_npu.$flatten\u_core.\u_array.\g_row[2].g_col[0].u_pe.\u_mul.\g_bw.g_wallace.u_tree.\genblk1.g_reduce.u_next.\genblk1.g_reduce.u_next.\genblk1.g_reduce.u_next.$and$/home/danieltyukov/workspace/personal/tt-ihp-int8-npu/src/npu_csa_reduce.sv:53$1912_Y.
Removed top 1 bits (of 16) from wire tt_um_danieltyukov_int8_npu.$flatten\u_core.\u_array.\g_row[2].g_col[0].u_pe.\u_mul.\g_bw.g_wallace.u_tree.\genblk1.g_reduce.u_next.\genblk1.g_reduce.u_next.\genblk1.g_reduce.u_next.$and$/home/danieltyukov/workspace/personal/tt-ihp-int8-npu/src/npu_csa_reduce.sv:53$1913_Y.
Removed top 7 bits (of 16) from wire tt_um_danieltyukov_int8_npu.$flatten\u_core.\u_array.\g_row[2].g_col[1].u_pe.\u_mul.\g_bw.g_wallace.u_tree.$and$/home/danieltyukov/workspace/personal/tt-ihp-int8-npu/src/npu_csa_reduce.sv:53$1920_Y.
Removed top 6 bits (of 16) from wire tt_um_danieltyukov_int8_npu.$flatten\u_core.\u_array.\g_row[2].g_col[1].u_pe.\u_mul.\g_bw.g_wallace.u_tree.$and$/home/danieltyukov/workspace/personal/tt-ihp-int8-npu/src/npu_csa_reduce.sv:53$1921_Y.
Removed top 6 bits (of 16) from wire tt_um_danieltyukov_int8_npu.$flatten\u_core.\u_array.\g_row[2].g_col[1].u_pe.\u_mul.\g_bw.g_wallace.u_tree.$and$/home/danieltyukov/workspace/personal/tt-ihp-int8-npu/src/npu_csa_reduce.sv:53$1923_Y.
Removed top 4 bits (of 16) from wire tt_um_danieltyukov_int8_npu.$flatten\u_core.\u_array.\g_row[2].g_col[1].u_pe.\u_mul.\g_bw.g_wallace.u_tree.$and$/home/danieltyukov/workspace/personal/tt-ihp-int8-npu/src/npu_csa_reduce.sv:53$1927_Y.
Removed top 3 bits (of 16) from wire tt_um_danieltyukov_int8_npu.$flatten\u_core.\u_array.\g_row[2].g_col[1].u_pe.\u_mul.\g_bw.g_wallace.u_tree.$and$/home/danieltyukov/workspace/personal/tt-ihp-int8-npu/src/npu_csa_reduce.sv:53$1928_Y.
Removed top 3 bits (of 16) from wire tt_um_danieltyukov_int8_npu.$flatten\u_core.\u_array.\g_row[2].g_col[1].u_pe.\u_mul.\g_bw.g_wallace.u_tree.$and$/home/danieltyukov/workspace/personal/tt-ihp-int8-npu/src/npu_csa_reduce.sv:53$1930_Y.
Removed top 1 bits (of 16) from wire tt_um_danieltyukov_int8_npu.$flatten\u_core.\u_array.\g_row[2].g_col[1].u_pe.\u_mul.\g_bw.g_wallace.u_tree.$and$/home/danieltyukov/workspace/personal/tt-ihp-int8-npu/src/npu_csa_reduce.sv:53$1934_Y.
Removed top 1 bits (of 16) from wire tt_um_danieltyukov_int8_npu.$flatten\u_core.\u_array.\g_row[2].g_col[1].u_pe.\u_mul.\g_bw.g_wallace.u_tree.$or$/home/danieltyukov/workspace/personal/tt-ihp-int8-npu/src/npu_csa_reduce.sv:53$1936_Y.
Removed top 1 bits (of 16) from wire tt_um_danieltyukov_int8_npu.$flatten\u_core.\u_array.\g_row[2].g_col[1].u_pe.\u_mul.\g_bw.g_wallace.u_tree.$xor$/home/danieltyukov/workspace/personal/tt-ihp-int8-npu/src/npu_csa_reduce.sv:49$1932_Y.
Removed top 1 bits (of 16) from wire tt_um_danieltyukov_int8_npu.$flatten\u_core.\u_array.\g_row[2].g_col[1].u_pe.\u_mul.\g_bw.g_wallace.u_tree.\genblk1.g_reduce.u_next.$and$/home/danieltyukov/workspace/personal/tt-ihp-int8-npu/src/npu_csa_reduce.sv:53$2046_Y.
Removed top 1 bits (of 16) from wire tt_um_danieltyukov_int8_npu.$flatten\u_core.\u_array.\g_row[2].g_col[1].u_pe.\u_mul.\g_bw.g_wallace.u_tree.\genblk1.g_reduce.u_next.$and$/home/danieltyukov/workspace/personal/tt-ihp-int8-npu/src/npu_csa_reduce.sv:53$2049_Y.
Removed top 1 bits (of 16) from wire tt_um_danieltyukov_int8_npu.$flatten\u_core.\u_array.\g_row[2].g_col[1].u_pe.\u_mul.\g_bw.g_wallace.u_tree.\genblk1.g_reduce.u_next.$and$/home/danieltyukov/workspace/personal/tt-ihp-int8-npu/src/npu_csa_reduce.sv:53$2053_Y.
Removed top 1 bits (of 16) from wire tt_um_danieltyukov_int8_npu.$flatten\u_core.\u_array.\g_row[2].g_col[1].u_pe.\u_mul.\g_bw.g_wallace.u_tree.\genblk1.g_reduce.u_next.$and$/home/danieltyukov/workspace/personal/tt-ihp-int8-npu/src/npu_csa_reduce.sv:53$2054_Y.
Removed top 1 bits (of 16) from wire tt_um_danieltyukov_int8_npu.$flatten\u_core.\u_array.\g_row[2].g_col[1].u_pe.\u_mul.\g_bw.g_wallace.u_tree.\genblk1.g_reduce.u_next.$and$/home/danieltyukov/workspace/personal/tt-ihp-int8-npu/src/npu_csa_reduce.sv:53$2056_Y.
Removed top 1 bits (of 16) from wire tt_um_danieltyukov_int8_npu.$flatten\u_core.\u_array.\g_row[2].g_col[1].u_pe.\u_mul.\g_bw.g_wallace.u_tree.\genblk1.g_reduce.u_next.$or$/home/danieltyukov/workspace/personal/tt-ihp-int8-npu/src/npu_csa_reduce.sv:53$2055_Y.
Removed top 1 bits (of 16) from wire tt_um_danieltyukov_int8_npu.$flatten\u_core.\u_array.\g_row[2].g_col[1].u_pe.\u_mul.\g_bw.g_wallace.u_tree.\genblk1.g_reduce.u_next.\genblk1.g_reduce.u_next.$and$/home/danieltyukov/workspace/personal/tt-ihp-int8-npu/src/npu_csa_reduce.sv:53$2061_Y.
Removed top 1 bits (of 16) from wire tt_um_danieltyukov_int8_npu.$flatten\u_core.\u_array.\g_row[2].g_col[1].u_pe.\u_mul.\g_bw.g_wallace.u_tree.\genblk1.g_reduce.u_next.\genblk1.g_reduce.u_next.$and$/home/danieltyukov/workspace/personal/tt-ihp-int8-npu/src/npu_csa_reduce.sv:53$2062_Y.
Removed top 1 bits (of 16) from wire tt_um_danieltyukov_int8_npu.$flatten\u_core.\u_array.\g_row[2].g_col[1].u_pe.\u_mul.\g_bw.g_wallace.u_tree.\genblk1.g_reduce.u_next.\genblk1.g_reduce.u_next.$and$/home/danieltyukov/workspace/personal/tt-ihp-int8-npu/src/npu_csa_reduce.sv:53$2064_Y.
Removed top 1 bits (of 16) from wire tt_um_danieltyukov_int8_npu.$flatten\u_core.\u_array.\g_row[2].g_col[1].u_pe.\u_mul.\g_bw.g_wallace.u_tree.\genblk1.g_reduce.u_next.\genblk1.g_reduce.u_next.$or$/home/danieltyukov/workspace/personal/tt-ihp-int8-npu/src/npu_csa_reduce.sv:53$2063_Y.
Removed top 1 bits (of 16) from wire tt_um_danieltyukov_int8_npu.$flatten\u_core.\u_array.\g_row[2].g_col[1].u_pe.\u_mul.\g_bw.g_wallace.u_tree.\genblk1.g_reduce.u_next.\genblk1.g_reduce.u_next.\genblk1.g_reduce.u_next.$and$/home/danieltyukov/workspace/personal/tt-ihp-int8-npu/src/npu_csa_reduce.sv:53$1912_Y.
Removed top 7 bits (of 16) from wire tt_um_danieltyukov_int8_npu.$flatten\u_core.\u_array.\g_row[3].g_col[0].u_pe.\u_mul.\g_bw.g_wallace.u_tree.$and$/home/danieltyukov/workspace/personal/tt-ihp-int8-npu/src/npu_csa_reduce.sv:53$1920_Y.
Removed top 6 bits (of 16) from wire tt_um_danieltyukov_int8_npu.$flatten\u_core.\u_array.\g_row[3].g_col[0].u_pe.\u_mul.\g_bw.g_wallace.u_tree.$and$/home/danieltyukov/workspace/personal/tt-ihp-int8-npu/src/npu_csa_reduce.sv:53$1921_Y.
Removed top 6 bits (of 16) from wire tt_um_danieltyukov_int8_npu.$flatten\u_core.\u_array.\g_row[3].g_col[0].u_pe.\u_mul.\g_bw.g_wallace.u_tree.$and$/home/danieltyukov/workspace/personal/tt-ihp-int8-npu/src/npu_csa_reduce.sv:53$1923_Y.
Removed top 4 bits (of 16) from wire tt_um_danieltyukov_int8_npu.$flatten\u_core.\u_array.\g_row[3].g_col[0].u_pe.\u_mul.\g_bw.g_wallace.u_tree.$and$/home/danieltyukov/workspace/personal/tt-ihp-int8-npu/src/npu_csa_reduce.sv:53$1927_Y.
Removed top 3 bits (of 16) from wire tt_um_danieltyukov_int8_npu.$flatten\u_core.\u_array.\g_row[3].g_col[0].u_pe.\u_mul.\g_bw.g_wallace.u_tree.$and$/home/danieltyukov/workspace/personal/tt-ihp-int8-npu/src/npu_csa_reduce.sv:53$1928_Y.
Removed top 3 bits (of 16) from wire tt_um_danieltyukov_int8_npu.$flatten\u_core.\u_array.\g_row[3].g_col[0].u_pe.\u_mul.\g_bw.g_wallace.u_tree.$and$/home/danieltyukov/workspace/personal/tt-ihp-int8-npu/src/npu_csa_reduce.sv:53$1930_Y.
Removed top 1 bits (of 16) from wire tt_um_danieltyukov_int8_npu.$flatten\u_core.\u_array.\g_row[3].g_col[0].u_pe.\u_mul.\g_bw.g_wallace.u_tree.$and$/home/danieltyukov/workspace/personal/tt-ihp-int8-npu/src/npu_csa_reduce.sv:53$1934_Y.
Removed top 1 bits (of 16) from wire tt_um_danieltyukov_int8_npu.$flatten\u_core.\u_array.\g_row[3].g_col[0].u_pe.\u_mul.\g_bw.g_wallace.u_tree.$or$/home/danieltyukov/workspace/personal/tt-ihp-int8-npu/src/npu_csa_reduce.sv:53$1936_Y.
Removed top 1 bits (of 16) from wire tt_um_danieltyukov_int8_npu.$flatten\u_core.\u_array.\g_row[3].g_col[0].u_pe.\u_mul.\g_bw.g_wallace.u_tree.$xor$/home/danieltyukov/workspace/personal/tt-ihp-int8-npu/src/npu_csa_reduce.sv:49$1932_Y.
Removed top 1 bits (of 16) from wire tt_um_danieltyukov_int8_npu.$flatten\u_core.\u_array.\g_row[3].g_col[0].u_pe.\u_mul.\g_bw.g_wallace.u_tree.\genblk1.g_reduce.u_next.$and$/home/danieltyukov/workspace/personal/tt-ihp-int8-npu/src/npu_csa_reduce.sv:53$2046_Y.
Removed top 1 bits (of 16) from wire tt_um_danieltyukov_int8_npu.$flatten\u_core.\u_array.\g_row[3].g_col[0].u_pe.\u_mul.\g_bw.g_wallace.u_tree.\genblk1.g_reduce.u_next.$and$/home/danieltyukov/workspace/personal/tt-ihp-int8-npu/src/npu_csa_reduce.sv:53$2056_Y.
Removed top 1 bits (of 16) from wire tt_um_danieltyukov_int8_npu.$flatten\u_core.\u_array.\g_row[3].g_col[0].u_pe.\u_mul.\g_bw.g_wallace.u_tree.\genblk1.g_reduce.u_next.$or$/home/danieltyukov/workspace/personal/tt-ihp-int8-npu/src/npu_csa_reduce.sv:53$2055_Y.
Removed top 1 bits (of 16) from wire tt_um_danieltyukov_int8_npu.$flatten\u_core.\u_array.\g_row[3].g_col[0].u_pe.\u_mul.\g_bw.g_wallace.u_tree.\genblk1.g_reduce.u_next.\genblk1.g_reduce.u_next.$and$/home/danieltyukov/workspace/personal/tt-ihp-int8-npu/src/npu_csa_reduce.sv:53$2061_Y.
Removed top 1 bits (of 16) from wire tt_um_danieltyukov_int8_npu.$flatten\u_core.\u_array.\g_row[3].g_col[0].u_pe.\u_mul.\g_bw.g_wallace.u_tree.\genblk1.g_reduce.u_next.\genblk1.g_reduce.u_next.$and$/home/danieltyukov/workspace/personal/tt-ihp-int8-npu/src/npu_csa_reduce.sv:53$2062_Y.
Removed top 1 bits (of 16) from wire tt_um_danieltyukov_int8_npu.$flatten\u_core.\u_array.\g_row[3].g_col[0].u_pe.\u_mul.\g_bw.g_wallace.u_tree.\genblk1.g_reduce.u_next.\genblk1.g_reduce.u_next.$and$/home/danieltyukov/workspace/personal/tt-ihp-int8-npu/src/npu_csa_reduce.sv:53$2064_Y.
Removed top 1 bits (of 16) from wire tt_um_danieltyukov_int8_npu.$flatten\u_core.\u_array.\g_row[3].g_col[0].u_pe.\u_mul.\g_bw.g_wallace.u_tree.\genblk1.g_reduce.u_next.\genblk1.g_reduce.u_next.\genblk1.g_reduce.u_next.$and$/home/danieltyukov/workspace/personal/tt-ihp-int8-npu/src/npu_csa_reduce.sv:53$1912_Y.
Removed top 1 bits (of 16) from wire tt_um_danieltyukov_int8_npu.$flatten\u_core.\u_array.\g_row[3].g_col[0].u_pe.\u_mul.\g_bw.g_wallace.u_tree.\genblk1.g_reduce.u_next.\genblk1.g_reduce.u_next.\genblk1.g_reduce.u_next.$and$/home/danieltyukov/workspace/personal/tt-ihp-int8-npu/src/npu_csa_reduce.sv:53$1913_Y.
Removed top 7 bits (of 16) from wire tt_um_danieltyukov_int8_npu.$flatten\u_core.\u_array.\g_row[3].g_col[1].u_pe.\u_mul.\g_bw.g_wallace.u_tree.$and$/home/danieltyukov/workspace/personal/tt-ihp-int8-npu/src/npu_csa_reduce.sv:53$1920_Y.
Removed top 6 bits (of 16) from wire tt_um_danieltyukov_int8_npu.$flatten\u_core.\u_array.\g_row[3].g_col[1].u_pe.\u_mul.\g_bw.g_wallace.u_tree.$and$/home/danieltyukov/workspace/personal/tt-ihp-int8-npu/src/npu_csa_reduce.sv:53$1921_Y.
Removed top 6 bits (of 16) from wire tt_um_danieltyukov_int8_npu.$flatten\u_core.\u_array.\g_row[3].g_col[1].u_pe.\u_mul.\g_bw.g_wallace.u_tree.$and$/home/danieltyukov/workspace/personal/tt-ihp-int8-npu/src/npu_csa_reduce.sv:53$1923_Y.
Removed top 4 bits (of 16) from wire tt_um_danieltyukov_int8_npu.$flatten\u_core.\u_array.\g_row[3].g_col[1].u_pe.\u_mul.\g_bw.g_wallace.u_tree.$and$/home/danieltyukov/workspace/personal/tt-ihp-int8-npu/src/npu_csa_reduce.sv:53$1927_Y.
Removed top 3 bits (of 16) from wire tt_um_danieltyukov_int8_npu.$flatten\u_core.\u_array.\g_row[3].g_col[1].u_pe.\u_mul.\g_bw.g_wallace.u_tree.$and$/home/danieltyukov/workspace/personal/tt-ihp-int8-npu/src/npu_csa_reduce.sv:53$1928_Y.
Removed top 3 bits (of 16) from wire tt_um_danieltyukov_int8_npu.$flatten\u_core.\u_array.\g_row[3].g_col[1].u_pe.\u_mul.\g_bw.g_wallace.u_tree.$and$/home/danieltyukov/workspace/personal/tt-ihp-int8-npu/src/npu_csa_reduce.sv:53$1930_Y.
Removed top 1 bits (of 16) from wire tt_um_danieltyukov_int8_npu.$flatten\u_core.\u_array.\g_row[3].g_col[1].u_pe.\u_mul.\g_bw.g_wallace.u_tree.$and$/home/danieltyukov/workspace/personal/tt-ihp-int8-npu/src/npu_csa_reduce.sv:53$1934_Y.
Removed top 1 bits (of 16) from wire tt_um_danieltyukov_int8_npu.$flatten\u_core.\u_array.\g_row[3].g_col[1].u_pe.\u_mul.\g_bw.g_wallace.u_tree.$or$/home/danieltyukov/workspace/personal/tt-ihp-int8-npu/src/npu_csa_reduce.sv:53$1936_Y.
Removed top 1 bits (of 16) from wire tt_um_danieltyukov_int8_npu.$flatten\u_core.\u_array.\g_row[3].g_col[1].u_pe.\u_mul.\g_bw.g_wallace.u_tree.$xor$/home/danieltyukov/workspace/personal/tt-ihp-int8-npu/src/npu_csa_reduce.sv:49$1932_Y.
Removed top 1 bits (of 16) from wire tt_um_danieltyukov_int8_npu.$flatten\u_core.\u_array.\g_row[3].g_col[1].u_pe.\u_mul.\g_bw.g_wallace.u_tree.\genblk1.g_reduce.u_next.$and$/home/danieltyukov/workspace/personal/tt-ihp-int8-npu/src/npu_csa_reduce.sv:53$2046_Y.
Removed top 1 bits (of 16) from wire tt_um_danieltyukov_int8_npu.$flatten\u_core.\u_array.\g_row[3].g_col[1].u_pe.\u_mul.\g_bw.g_wallace.u_tree.\genblk1.g_reduce.u_next.$and$/home/danieltyukov/workspace/personal/tt-ihp-int8-npu/src/npu_csa_reduce.sv:53$2047_Y.
Removed top 1 bits (of 16) from wire tt_um_danieltyukov_int8_npu.$flatten\u_core.\u_array.\g_row[3].g_col[1].u_pe.\u_mul.\g_bw.g_wallace.u_tree.\genblk1.g_reduce.u_next.$and$/home/danieltyukov/workspace/personal/tt-ihp-int8-npu/src/npu_csa_reduce.sv:53$2053_Y.
Removed top 1 bits (of 16) from wire tt_um_danieltyukov_int8_npu.$flatten\u_core.\u_array.\g_row[3].g_col[1].u_pe.\u_mul.\g_bw.g_wallace.u_tree.\genblk1.g_reduce.u_next.\genblk1.g_reduce.u_next.$and$/home/danieltyukov/workspace/personal/tt-ihp-int8-npu/src/npu_csa_reduce.sv:53$2061_Y.
Removed top 1 bits (of 16) from wire tt_um_danieltyukov_int8_npu.$flatten\u_core.\u_array.\g_row[3].g_col[1].u_pe.\u_mul.\g_bw.g_wallace.u_tree.\genblk1.g_reduce.u_next.\genblk1.g_reduce.u_next.$and$/home/danieltyukov/workspace/personal/tt-ihp-int8-npu/src/npu_csa_reduce.sv:53$2062_Y.
Removed top 2 bits (of 8) from wire tt_um_danieltyukov_int8_npu.$flatten\u_core.\u_host.$procmux$2075_Y.
Removed top 1 bits (of 45) from wire tt_um_danieltyukov_int8_npu.$flatten\u_core.\u_requant.$procmux$2494_Y.
Removed top 1 bits (of 2) from wire tt_um_danieltyukov_int8_npu.$flatten\u_core.\u_requant.$ternary$/home/danieltyukov/workspace/personal/tt-ihp-int8-npu/src/npu_requant.sv:168$1524_Y.

16.11. Executing PEEPOPT pass (run peephole optimizers).

16.12. Executing OPT_CLEAN pass (remove unused cells and wires).
Finding unused cells or wires in module \tt_um_danieltyukov_int8_npu..
Removed 0 unused cells and 143 unused wires.
<suppressed ~1 debug messages>

16.13. Executing ALUMACC pass (create $alu and $macc cells).
Extracting $alu and $macc cells in module tt_um_danieltyukov_int8_npu:
  creating $macc model for $flatten\u_core.$add$/home/danieltyukov/workspace/personal/tt-ihp-int8-npu/src/npu_core.sv:234$1038 ($add).
  creating $macc model for $flatten\u_core.$add$/home/danieltyukov/workspace/personal/tt-ihp-int8-npu/src/npu_core.sv:234$1051 ($add).
  creating $macc model for $flatten\u_core.$add$/home/danieltyukov/workspace/personal/tt-ihp-int8-npu/src/npu_core.sv:234$1064 ($add).
  creating $macc model for $flatten\u_core.$add$/home/danieltyukov/workspace/personal/tt-ihp-int8-npu/src/npu_core.sv:272$973 ($add).
  creating $macc model for $flatten\u_core.$add$/home/danieltyukov/workspace/personal/tt-ihp-int8-npu/src/npu_core.sv:298$1130 ($add).
  creating $macc model for $flatten\u_core.$add$/home/danieltyukov/workspace/personal/tt-ihp-int8-npu/src/npu_core.sv:348$982 ($add).
  creating $macc model for $flatten\u_core.$add$/home/danieltyukov/workspace/personal/tt-ihp-int8-npu/src/npu_core.sv:411$986 ($add).
  creating $macc model for $flatten\u_core.$add$/home/danieltyukov/workspace/personal/tt-ihp-int8-npu/src/npu_core.sv:468$996 ($add).
  creating $macc model for $flatten\u_core.$add$/home/danieltyukov/workspace/personal/tt-ihp-int8-npu/src/npu_core.sv:490$998 ($add).
  creating $macc model for $flatten\u_core.$add$/home/danieltyukov/workspace/personal/tt-ihp-int8-npu/src/npu_core.sv:492$999 ($add).
  creating $macc model for $flatten\u_core.$add$/home/danieltyukov/workspace/personal/tt-ihp-int8-npu/src/npu_core.sv:525$1003 ($add).
  creating $macc model for $flatten\u_core.$mul$/home/danieltyukov/workspace/personal/tt-ihp-int8-npu/src/npu_core.sv:299$1072 ($mul).
  creating $macc model for $flatten\u_core.$mul$/home/danieltyukov/workspace/personal/tt-ihp-int8-npu/src/npu_core.sv:299$1131 ($mul).
  creating $macc model for $flatten\u_core.$mul$/home/danieltyukov/workspace/personal/tt-ihp-int8-npu/src/npu_core.sv:342$974 ($mul).
  creating $macc model for $flatten\u_core.$mul$/home/danieltyukov/workspace/personal/tt-ihp-int8-npu/src/npu_core.sv:347$977 ($mul).
  creating $macc model for $flatten\u_core.$mul$/home/danieltyukov/workspace/personal/tt-ihp-int8-npu/src/npu_core.sv:527$1004 ($mul).
  creating $macc model for $flatten\u_core.$sub$/home/danieltyukov/workspace/personal/tt-ihp-int8-npu/src/npu_core.sv:226$1030 ($sub).
  creating $macc model for $flatten\u_core.$sub$/home/danieltyukov/workspace/personal/tt-ihp-int8-npu/src/npu_core.sv:226$1043 ($sub).
  creating $macc model for $flatten\u_core.$sub$/home/danieltyukov/workspace/personal/tt-ihp-int8-npu/src/npu_core.sv:226$1056 ($sub).
  creating $macc model for $flatten\u_core.\u_act.$add$/home/danieltyukov/workspace/personal/tt-ihp-int8-npu/src/npu_activation.sv:43$3 ($add).
  creating $macc model for $flatten\u_core.\u_act.$sub$/home/danieltyukov/workspace/personal/tt-ihp-int8-npu/src/npu_activation.sv:41$1 ($sub).
  creating $macc model for $flatten\u_core.\u_host.$add$/home/danieltyukov/workspace/personal/tt-ihp-int8-npu/src/npu_host_if.sv:197$1584 ($add).
  creating $macc model for $flatten\u_core.\u_host.$add$/home/danieltyukov/workspace/personal/tt-ihp-int8-npu/src/npu_host_if.sv:215$1585 ($add).
  creating $macc model for $flatten\u_core.\u_requant.$add$/home/danieltyukov/workspace/personal/tt-ihp-int8-npu/src/npu_requant.sv:157$1520 ($add).
  creating $macc model for $flatten\u_core.\u_requant.$sub$/home/danieltyukov/workspace/personal/tt-ihp-int8-npu/src/npu_requant.sv:167$1521 ($sub).
  creating $macc model for $flatten\u_core.\u_requant.$sub$/home/danieltyukov/workspace/personal/tt-ihp-int8-npu/src/npu_requant.sv:178$1530 ($sub).
  creating $macc model for $flatten\u_core.\u_requant.$sub$/home/danieltyukov/workspace/personal/tt-ihp-int8-npu/src/npu_requant.sv:184$1533 ($sub).
  creating $alu model for $macc $flatten\u_core.\u_requant.$sub$/home/danieltyukov/workspace/personal/tt-ihp-int8-npu/src/npu_requant.sv:184$1533.
  creating $alu model for $macc $flatten\u_core.\u_requant.$sub$/home/danieltyukov/workspace/personal/tt-ihp-int8-npu/src/npu_requant.sv:178$1530.
  creating $alu model for $macc $flatten\u_core.\u_requant.$sub$/home/danieltyukov/workspace/personal/tt-ihp-int8-npu/src/npu_requant.sv:167$1521.
  creating $alu model for $macc $flatten\u_core.\u_requant.$add$/home/danieltyukov/workspace/personal/tt-ihp-int8-npu/src/npu_requant.sv:157$1520.
  creating $alu model for $macc $flatten\u_core.\u_host.$add$/home/danieltyukov/workspace/personal/tt-ihp-int8-npu/src/npu_host_if.sv:215$1585.
  creating $alu model for $macc $flatten\u_core.\u_host.$add$/home/danieltyukov/workspace/personal/tt-ihp-int8-npu/src/npu_host_if.sv:197$1584.
  creating $alu model for $macc $flatten\u_core.\u_act.$sub$/home/danieltyukov/workspace/personal/tt-ihp-int8-npu/src/npu_activation.sv:41$1.
  creating $alu model for $macc $flatten\u_core.\u_act.$add$/home/danieltyukov/workspace/personal/tt-ihp-int8-npu/src/npu_activation.sv:43$3.
  creating $alu model for $macc $flatten\u_core.$sub$/home/danieltyukov/workspace/personal/tt-ihp-int8-npu/src/npu_core.sv:226$1056.
  creating $alu model for $macc $flatten\u_core.$sub$/home/danieltyukov/workspace/personal/tt-ihp-int8-npu/src/npu_core.sv:226$1043.
  creating $alu model for $macc $flatten\u_core.$sub$/home/danieltyukov/workspace/personal/tt-ihp-int8-npu/src/npu_core.sv:226$1030.
  creating $alu model for $macc $flatten\u_core.$add$/home/danieltyukov/workspace/personal/tt-ihp-int8-npu/src/npu_core.sv:525$1003.
  creating $alu model for $macc $flatten\u_core.$add$/home/danieltyukov/workspace/personal/tt-ihp-int8-npu/src/npu_core.sv:492$999.
  creating $alu model for $macc $flatten\u_core.$add$/home/danieltyukov/workspace/personal/tt-ihp-int8-npu/src/npu_core.sv:490$998.
  creating $alu model for $macc $flatten\u_core.$add$/home/danieltyukov/workspace/personal/tt-ihp-int8-npu/src/npu_core.sv:468$996.
  creating $alu model for $macc $flatten\u_core.$add$/home/danieltyukov/workspace/personal/tt-ihp-int8-npu/src/npu_core.sv:411$986.
  creating $alu model for $macc $flatten\u_core.$add$/home/danieltyukov/workspace/personal/tt-ihp-int8-npu/src/npu_core.sv:348$982.
  creating $alu model for $macc $flatten\u_core.$add$/home/danieltyukov/workspace/personal/tt-ihp-int8-npu/src/npu_core.sv:298$1130.
  creating $alu model for $macc $flatten\u_core.$add$/home/danieltyukov/workspace/personal/tt-ihp-int8-npu/src/npu_core.sv:272$973.
  creating $alu model for $macc $flatten\u_core.$add$/home/danieltyukov/workspace/personal/tt-ihp-int8-npu/src/npu_core.sv:234$1064.
  creating $alu model for $macc $flatten\u_core.$add$/home/danieltyukov/workspace/personal/tt-ihp-int8-npu/src/npu_core.sv:234$1051.
  creating $alu model for $macc $flatten\u_core.$add$/home/danieltyukov/workspace/personal/tt-ihp-int8-npu/src/npu_core.sv:234$1038.
  creating $macc cell for $flatten\u_core.$mul$/home/danieltyukov/workspace/personal/tt-ihp-int8-npu/src/npu_core.sv:347$977: $auto$alumacc.cc:365:replace_macc$3492
  creating $macc cell for $flatten\u_core.$mul$/home/danieltyukov/workspace/personal/tt-ihp-int8-npu/src/npu_core.sv:342$974: $auto$alumacc.cc:365:replace_macc$3493
  creating $macc cell for $flatten\u_core.$mul$/home/danieltyukov/workspace/personal/tt-ihp-int8-npu/src/npu_core.sv:299$1131: $auto$alumacc.cc:365:replace_macc$3494
  creating $macc cell for $flatten\u_core.$mul$/home/danieltyukov/workspace/personal/tt-ihp-int8-npu/src/npu_core.sv:299$1072: $auto$alumacc.cc:365:replace_macc$3495
  creating $macc cell for $flatten\u_core.$mul$/home/danieltyukov/workspace/personal/tt-ihp-int8-npu/src/npu_core.sv:527$1004: $auto$alumacc.cc:365:replace_macc$3496
  creating $alu model for $flatten\u_core.$ge$/home/danieltyukov/workspace/personal/tt-ihp-int8-npu/src/npu_core.sv:231$1032 ($ge): new $alu
  creating $alu model for $flatten\u_core.$ge$/home/danieltyukov/workspace/personal/tt-ihp-int8-npu/src/npu_core.sv:231$1045 ($ge): new $alu
  creating $alu model for $flatten\u_core.$ge$/home/danieltyukov/workspace/personal/tt-ihp-int8-npu/src/npu_core.sv:231$1058 ($ge): new $alu
  creating $alu model for $flatten\u_core.$le$/home/danieltyukov/workspace/personal/tt-ihp-int8-npu/src/npu_core.sv:229$1021 ($le): new $alu
  creating $alu model for $flatten\u_core.$le$/home/danieltyukov/workspace/personal/tt-ihp-int8-npu/src/npu_core.sv:231$1034 ($le): new $alu
  creating $alu model for $flatten\u_core.$le$/home/danieltyukov/workspace/personal/tt-ihp-int8-npu/src/npu_core.sv:231$1047 ($le): new $alu
  creating $alu model for $flatten\u_core.$le$/home/danieltyukov/workspace/personal/tt-ihp-int8-npu/src/npu_core.sv:231$1060 ($le): new $alu
  creating $alu model for $flatten\u_core.$lt$/home/danieltyukov/workspace/personal/tt-ihp-int8-npu/src/npu_core.sv:530$1007 ($lt): new $alu
  creating $alu model for $flatten\u_core.\u_act.$ge$/home/danieltyukov/workspace/personal/tt-ihp-int8-npu/src/npu_activation.sv:48$9 ($ge): new $alu
  creating $alu model for $flatten\u_core.\u_act.$gt$/home/danieltyukov/workspace/personal/tt-ihp-int8-npu/src/npu_activation.sv:44$4 ($gt): new $alu
  creating $alu model for $flatten\u_core.\u_act.$gt$/home/danieltyukov/workspace/personal/tt-ihp-int8-npu/src/npu_activation.sv:56$19 ($gt): new $alu
  creating $alu model for $flatten\u_core.\u_act.$lt$/home/danieltyukov/workspace/personal/tt-ihp-int8-npu/src/npu_activation.sv:45$5 ($lt): new $alu
  creating $alu model for $flatten\u_core.\u_act.$lt$/home/danieltyukov/workspace/personal/tt-ihp-int8-npu/src/npu_activation.sv:56$18 ($lt): new $alu
  creating $alu model for $flatten\u_core.\u_host.$ge$/home/danieltyukov/workspace/personal/tt-ihp-int8-npu/src/npu_host_if.sv:193$1583 ($ge): new $alu
  creating $alu model for $flatten\u_core.\u_requant.$ge$/home/danieltyukov/workspace/personal/tt-ihp-int8-npu/src/npu_requant.sv:174$1525 ($ge): new $alu
  creating $alu model for $flatten\u_core.\u_requant.$gt$/home/danieltyukov/workspace/personal/tt-ihp-int8-npu/src/npu_requant.sv:130$1514 ($gt): new $alu
  creating $alu model for $flatten\u_core.\u_requant.$lt$/home/danieltyukov/workspace/personal/tt-ihp-int8-npu/src/npu_requant.sv:131$1515 ($lt): new $alu
  creating $alu model for $flatten\u_core.\u_requant.$eq$/home/danieltyukov/workspace/personal/tt-ihp-int8-npu/src/npu_requant.sv:179$1531 ($eq): merged with $flatten\u_core.\u_requant.$ge$/home/danieltyukov/workspace/personal/tt-ihp-int8-npu/src/npu_requant.sv:174$1525.
  creating $alu cell for $flatten\u_core.\u_requant.$lt$/home/danieltyukov/workspace/personal/tt-ihp-int8-npu/src/npu_requant.sv:131$1515: $auto$alumacc.cc:485:replace_alu$3514
  creating $alu cell for $flatten\u_core.\u_requant.$gt$/home/danieltyukov/workspace/personal/tt-ihp-int8-npu/src/npu_requant.sv:130$1514: $auto$alumacc.cc:485:replace_alu$3527
  creating $alu cell for $flatten\u_core.\u_requant.$ge$/home/danieltyukov/workspace/personal/tt-ihp-int8-npu/src/npu_requant.sv:174$1525, $flatten\u_core.\u_requant.$eq$/home/danieltyukov/workspace/personal/tt-ihp-int8-npu/src/npu_requant.sv:179$1531: $auto$alumacc.cc:485:replace_alu$3534
  creating $alu cell for $flatten\u_core.\u_host.$ge$/home/danieltyukov/workspace/personal/tt-ihp-int8-npu/src/npu_host_if.sv:193$1583: $auto$alumacc.cc:485:replace_alu$3543
  creating $alu cell for $flatten\u_core.\u_act.$lt$/home/danieltyukov/workspace/personal/tt-ihp-int8-npu/src/npu_activation.sv:56$18: $auto$alumacc.cc:485:replace_alu$3556
  creating $alu cell for $flatten\u_core.\u_act.$lt$/home/danieltyukov/workspace/personal/tt-ihp-int8-npu/src/npu_activation.sv:45$5: $auto$alumacc.cc:485:replace_alu$3569
  creating $alu cell for $flatten\u_core.\u_act.$gt$/home/danieltyukov/workspace/personal/tt-ihp-int8-npu/src/npu_activation.sv:56$19: $auto$alumacc.cc:485:replace_alu$3582
  creating $alu cell for $flatten\u_core.\u_act.$gt$/home/danieltyukov/workspace/personal/tt-ihp-int8-npu/src/npu_activation.sv:44$4: $auto$alumacc.cc:485:replace_alu$3589
  creating $alu cell for $flatten\u_core.\u_act.$ge$/home/danieltyukov/workspace/personal/tt-ihp-int8-npu/src/npu_activation.sv:48$9: $auto$alumacc.cc:485:replace_alu$3596
  creating $alu cell for $flatten\u_core.$lt$/home/danieltyukov/workspace/personal/tt-ihp-int8-npu/src/npu_core.sv:530$1007: $auto$alumacc.cc:485:replace_alu$3607
  creating $alu cell for $flatten\u_core.$le$/home/danieltyukov/workspace/personal/tt-ihp-int8-npu/src/npu_core.sv:231$1060: $auto$alumacc.cc:485:replace_alu$3618
  creating $alu cell for $flatten\u_core.$le$/home/danieltyukov/workspace/personal/tt-ihp-int8-npu/src/npu_core.sv:231$1047: $auto$alumacc.cc:485:replace_alu$3631
  creating $alu cell for $flatten\u_core.$le$/home/danieltyukov/workspace/personal/tt-ihp-int8-npu/src/npu_core.sv:231$1034: $auto$alumacc.cc:485:replace_alu$3644
  creating $alu cell for $flatten\u_core.$le$/home/danieltyukov/workspace/personal/tt-ihp-int8-npu/src/npu_core.sv:229$1021: $auto$alumacc.cc:485:replace_alu$3657
  creating $alu cell for $flatten\u_core.$ge$/home/danieltyukov/workspace/personal/tt-ihp-int8-npu/src/npu_core.sv:231$1058: $auto$alumacc.cc:485:replace_alu$3670
  creating $alu cell for $flatten\u_core.$ge$/home/danieltyukov/workspace/personal/tt-ihp-int8-npu/src/npu_core.sv:231$1045: $auto$alumacc.cc:485:replace_alu$3679
  creating $alu cell for $flatten\u_core.$add$/home/danieltyukov/workspace/personal/tt-ihp-int8-npu/src/npu_core.sv:234$1038: $auto$alumacc.cc:485:replace_alu$3688
  creating $alu cell for $flatten\u_core.$add$/home/danieltyukov/workspace/personal/tt-ihp-int8-npu/src/npu_core.sv:234$1051: $auto$alumacc.cc:485:replace_alu$3691
  creating $alu cell for $flatten\u_core.$add$/home/danieltyukov/workspace/personal/tt-ihp-int8-npu/src/npu_core.sv:234$1064: $auto$alumacc.cc:485:replace_alu$3694
  creating $alu cell for $flatten\u_core.$add$/home/danieltyukov/workspace/personal/tt-ihp-int8-npu/src/npu_core.sv:272$973: $auto$alumacc.cc:485:replace_alu$3697
  creating $alu cell for $flatten\u_core.$add$/home/danieltyukov/workspace/personal/tt-ihp-int8-npu/src/npu_core.sv:298$1130: $auto$alumacc.cc:485:replace_alu$3700
  creating $alu cell for $flatten\u_core.$add$/home/danieltyukov/workspace/personal/tt-ihp-int8-npu/src/npu_core.sv:348$982: $auto$alumacc.cc:485:replace_alu$3703
  creating $alu cell for $flatten\u_core.$add$/home/danieltyukov/workspace/personal/tt-ihp-int8-npu/src/npu_core.sv:411$986: $auto$alumacc.cc:485:replace_alu$3706
  creating $alu cell for $flatten\u_core.$ge$/home/danieltyukov/workspace/personal/tt-ihp-int8-npu/src/npu_core.sv:231$1032: $auto$alumacc.cc:485:replace_alu$3709
  creating $alu cell for $flatten\u_core.$add$/home/danieltyukov/workspace/personal/tt-ihp-int8-npu/src/npu_core.sv:468$996: $auto$alumacc.cc:485:replace_alu$3718
  creating $alu cell for $flatten\u_core.$add$/home/danieltyukov/workspace/personal/tt-ihp-int8-npu/src/npu_core.sv:490$998: $auto$alumacc.cc:485:replace_alu$3721
  creating $alu cell for $flatten\u_core.$add$/home/danieltyukov/workspace/personal/tt-ihp-int8-npu/src/npu_core.sv:492$999: $auto$alumacc.cc:485:replace_alu$3724
  creating $alu cell for $flatten\u_core.$add$/home/danieltyukov/workspace/personal/tt-ihp-int8-npu/src/npu_core.sv:525$1003: $auto$alumacc.cc:485:replace_alu$3727
  creating $alu cell for $flatten\u_core.$sub$/home/danieltyukov/workspace/personal/tt-ihp-int8-npu/src/npu_core.sv:226$1030: $auto$alumacc.cc:485:replace_alu$3730
  creating $alu cell for $flatten\u_core.$sub$/home/danieltyukov/workspace/personal/tt-ihp-int8-npu/src/npu_core.sv:226$1043: $auto$alumacc.cc:485:replace_alu$3733
  creating $alu cell for $flatten\u_core.$sub$/home/danieltyukov/workspace/personal/tt-ihp-int8-npu/src/npu_core.sv:226$1056: $auto$alumacc.cc:485:replace_alu$3736
  creating $alu cell for $flatten\u_core.\u_act.$add$/home/danieltyukov/workspace/personal/tt-ihp-int8-npu/src/npu_activation.sv:43$3: $auto$alumacc.cc:485:replace_alu$3739
  creating $alu cell for $flatten\u_core.\u_act.$sub$/home/danieltyukov/workspace/personal/tt-ihp-int8-npu/src/npu_activation.sv:41$1: $auto$alumacc.cc:485:replace_alu$3742
  creating $alu cell for $flatten\u_core.\u_host.$add$/home/danieltyukov/workspace/personal/tt-ihp-int8-npu/src/npu_host_if.sv:197$1584: $auto$alumacc.cc:485:replace_alu$3745
  creating $alu cell for $flatten\u_core.\u_host.$add$/home/danieltyukov/workspace/personal/tt-ihp-int8-npu/src/npu_host_if.sv:215$1585: $auto$alumacc.cc:485:replace_alu$3748
  creating $alu cell for $flatten\u_core.\u_requant.$add$/home/danieltyukov/workspace/personal/tt-ihp-int8-npu/src/npu_requant.sv:157$1520: $auto$alumacc.cc:485:replace_alu$3751
  creating $alu cell for $flatten\u_core.\u_requant.$sub$/home/danieltyukov/workspace/personal/tt-ihp-int8-npu/src/npu_requant.sv:167$1521: $auto$alumacc.cc:485:replace_alu$3754
  creating $alu cell for $flatten\u_core.\u_requant.$sub$/home/danieltyukov/workspace/personal/tt-ihp-int8-npu/src/npu_requant.sv:178$1530: $auto$alumacc.cc:485:replace_alu$3757
  creating $alu cell for $flatten\u_core.\u_requant.$sub$/home/danieltyukov/workspace/personal/tt-ihp-int8-npu/src/npu_requant.sv:184$1533: $auto$alumacc.cc:485:replace_alu$3760
  created 39 $alu and 5 $macc cells.

16.14. Executing SHARE pass (SAT-based resource sharing).
Found 2 cells in module tt_um_danieltyukov_int8_npu that may be considered for resource sharing.
  Analyzing resource sharing options for $flatten\u_core.\u_host.$auto$mem.cc:273:emit$2069 ($memrd_v2):
    Found 1 activation_patterns using ctrl signal { $flatten\u_core.\u_host.$logic_and$/home/danieltyukov/workspace/personal/tt-ihp-int8-npu/src/npu_host_if.sv:160$1565_Y $flatten\u_core.\u_host.$logic_and$/home/danieltyukov/workspace/personal/tt-ihp-int8-npu/src/npu_host_if.sv:156$1558_Y }.
    No candidates found.
  Analyzing resource sharing options for $flatten\u_core.\u_act.$sshr$/home/danieltyukov/workspace/personal/tt-ihp-int8-npu/src/npu_activation.sv:42$2 ($sshr):
    Found 144 activation_patterns using ctrl signal { \u_core.g_res[0].wen \u_core.g_res[1].wen \u_core.g_res[2].wen \u_core.g_res[3].wen \u_core.g_res[4].wen \u_core.g_res[5].wen \u_core.g_res[6].wen \u_core.g_res[7].wen \u_core.g_res[8].wen \u_core.g_res[9].wen \u_core.g_res[10].wen \u_core.g_res[11].wen \u_core.g_res[12].wen \u_core.g_res[13].wen \u_core.g_res[14].wen \u_core.g_res[15].wen \u_core.u_host.soft_rst $auto$rtlil.cc:2433:Xor$3595 $auto$rtlil.cc:2405:ReduceOr$3606 $auto$rtlil.cc:2401:Not$3581 $auto$rtlil.cc:2433:Xor$3588 $auto$rtlil.cc:2401:Not$3568 $flatten\u_core.\u_act.$eq$/home/danieltyukov/workspace/personal/tt-ihp-int8-npu/src/npu_activation.sv:48$8_Y }.
    No candidates found.

16.15. Executing OPT pass (performing simple optimizations).

16.15.1. Executing OPT_EXPR pass (perform const folding).
Optimizing module tt_um_danieltyukov_int8_npu.
<suppressed ~5 debug messages>

16.15.2. Executing OPT_MERGE pass (detect identical cells).
Finding identical cells in module `\tt_um_danieltyukov_int8_npu'.
<suppressed ~3 debug messages>
Removed a total of 1 cells.

16.15.3. Executing OPT_MUXTREE pass (detect dead branches in mux trees).
Running muxtree optimizer on module \tt_um_danieltyukov_int8_npu..
  Creating internal representation of mux trees.
  Evaluating internal representation of mux trees.
  Analyzing evaluation results.
Removed 0 multiplexer ports.
<suppressed ~98 debug messages>

16.15.4. Executing OPT_REDUCE pass (consolidate $*mux and $reduce_* inputs).
  Optimizing cells in module \tt_um_danieltyukov_int8_npu.
Performed a total of 0 changes.

16.15.5. Executing OPT_MERGE pass (detect identical cells).
Finding identical cells in module `\tt_um_danieltyukov_int8_npu'.
Removed a total of 0 cells.

16.15.6. Executing OPT_DFF pass (perform DFF optimizations).

16.15.7. Executing OPT_CLEAN pass (remove unused cells and wires).
Finding unused cells or wires in module \tt_um_danieltyukov_int8_npu..
Removed 3 unused cells and 22 unused wires.
<suppressed ~5 debug messages>

16.15.8. Executing OPT_EXPR pass (perform const folding).
Optimizing module tt_um_danieltyukov_int8_npu.

16.15.9. Rerunning OPT passes. (Maybe there is more to do..)

16.15.10. Executing OPT_MUXTREE pass (detect dead branches in mux trees).
Running muxtree optimizer on module \tt_um_danieltyukov_int8_npu..
  Creating internal representation of mux trees.
  Evaluating internal representation of mux trees.
  Analyzing evaluation results.
Removed 0 multiplexer ports.
<suppressed ~98 debug messages>

16.15.11. Executing OPT_REDUCE pass (consolidate $*mux and $reduce_* inputs).
  Optimizing cells in module \tt_um_danieltyukov_int8_npu.
Performed a total of 0 changes.

16.15.12. Executing OPT_MERGE pass (detect identical cells).
Finding identical cells in module `\tt_um_danieltyukov_int8_npu'.
Removed a total of 0 cells.

16.15.13. Executing OPT_DFF pass (perform DFF optimizations).

16.15.14. Executing OPT_CLEAN pass (remove unused cells and wires).
Finding unused cells or wires in module \tt_um_danieltyukov_int8_npu..

16.15.15. Executing OPT_EXPR pass (perform const folding).
Optimizing module tt_um_danieltyukov_int8_npu.

16.15.16. Finished OPT passes. (There is nothing left to do.)

16.16. Executing MEMORY pass.

16.16.1. Executing OPT_MEM pass (optimize memories).
Performed a total of 0 transformations.

16.16.2. Executing OPT_MEM_PRIORITY pass (removing unnecessary memory write priority relations).
Performed a total of 0 transformations.

16.16.3. Executing OPT_MEM_FEEDBACK pass (finding memory read-to-write feedback paths).

16.16.4. Executing MEMORY_BMUX2ROM pass (converting muxes to ROMs).

16.16.5. Executing MEMORY_DFF pass (merging $dff cells to $memrd).
Checking read port `$flatten\u_core.\u_host.$auto$proc_rom.cc:150:do_switch$2068'[0] in module `\tt_um_danieltyukov_int8_npu': no output FF found.
Checking read port address `$flatten\u_core.\u_host.$auto$proc_rom.cc:150:do_switch$2068'[0] in module `\tt_um_danieltyukov_int8_npu': no address FF found.

16.16.6. Executing OPT_CLEAN pass (remove unused cells and wires).
Finding unused cells or wires in module \tt_um_danieltyukov_int8_npu..

16.16.7. Executing MEMORY_SHARE pass (consolidating $memrd/$memwr cells).

16.16.8. Executing OPT_MEM_WIDEN pass (optimize memories where all ports are wide).
Performed a total of 0 transformations.

16.16.9. Executing OPT_CLEAN pass (remove unused cells and wires).
Finding unused cells or wires in module \tt_um_danieltyukov_int8_npu..

16.16.10. Executing MEMORY_COLLECT pass (generating $mem cells).

16.17. Executing OPT_CLEAN pass (remove unused cells and wires).
Finding unused cells or wires in module \tt_um_danieltyukov_int8_npu..

16.18. Executing OPT pass (performing simple optimizations).

16.18.1. Executing OPT_EXPR pass (perform const folding).
Optimizing module tt_um_danieltyukov_int8_npu.
<suppressed ~7743 debug messages>

16.18.2. Executing OPT_MERGE pass (detect identical cells).
Finding identical cells in module `\tt_um_danieltyukov_int8_npu'.
<suppressed ~93 debug messages>
Removed a total of 31 cells.

16.18.3. Executing OPT_DFF pass (perform DFF optimizations).
Adding EN signal on $auto$ff.cc:266:slice$3046 ($adffe) from module tt_um_danieltyukov_int8_npu (D = $flatten\u_core.\u_requant.$0\shcnt[5:0] [1:0], Q = \u_core.u_requant.shcnt [1:0]).

16.18.4. Executing OPT_CLEAN pass (remove unused cells and wires).
Finding unused cells or wires in module \tt_um_danieltyukov_int8_npu..
Removed 66 unused cells and 2396 unused wires.
<suppressed ~70 debug messages>

16.18.5. Rerunning OPT passes. (Removed registers in this run.)

16.18.6. Executing OPT_EXPR pass (perform const folding).
Optimizing module tt_um_danieltyukov_int8_npu.
<suppressed ~52 debug messages>

16.18.7. Executing OPT_MERGE pass (detect identical cells).
Finding identical cells in module `\tt_um_danieltyukov_int8_npu'.
Removed a total of 0 cells.

16.18.8. Executing OPT_DFF pass (perform DFF optimizations).

16.18.9. Executing OPT_CLEAN pass (remove unused cells and wires).
Finding unused cells or wires in module \tt_um_danieltyukov_int8_npu..

16.18.10. Finished fast OPT passes.

16.19. Executing MEMORY_MAP pass (converting memories to logic and flip-flops).
Mapping memory $flatten\u_core.\u_host.$auto$proc_rom.cc:150:do_switch$2068 in module \tt_um_danieltyukov_int8_npu:
  created 16 $dff cells and 0 static cells of width 1.
  read interface: 0 $dff and 15 $mux cells.
  write interface: 0 write mux blocks.

16.20. Executing OPT pass (performing simple optimizations).

16.20.1. Executing OPT_EXPR pass (perform const folding).
Optimizing module tt_um_danieltyukov_int8_npu.
<suppressed ~9 debug messages>

16.20.2. Executing OPT_MERGE pass (detect identical cells).
Finding identical cells in module `\tt_um_danieltyukov_int8_npu'.
Removed a total of 0 cells.

16.20.3. Executing OPT_MUXTREE pass (detect dead branches in mux trees).
Running muxtree optimizer on module \tt_um_danieltyukov_int8_npu..
  Creating internal representation of mux trees.
  Evaluating internal representation of mux trees.
  Analyzing evaluation results.
Removed 0 multiplexer ports.
<suppressed ~69 debug messages>

16.20.4. Executing OPT_REDUCE pass (consolidate $*mux and $reduce_* inputs).
  Optimizing cells in module \tt_um_danieltyukov_int8_npu.
    New input vector for $reduce_and cell $auto$opt_dff.cc:220:make_patterns_logic$7545: { $auto$opt_dff.cc:194:make_patterns_logic$7542 $auto$opt_dff.cc:194:make_patterns_logic$3035 $auto$opt_dff.cc:194:make_patterns_logic$3033 }
    Consolidated identical input bits for $pmux cell $flatten\u_core.$procmux$2694:
      Old ports: A=8'00010100, B=56'01001110001110000000000101000010100000000001100000010000, Y=\u_core.id_byte
      New ports: A=7'0010100, B=49'0001110011100000000010000010100000000110000010000, Y={ \u_core.id_byte [7] \u_core.id_byte [5:0] }
      New connections: \u_core.id_byte [6] = \u_core.id_byte [1]
    Consolidated identical input bits for $mux cell $flatten\u_core.$ternary$/home/danieltyukov/workspace/personal/tt-ihp-int8-npu/src/npu_core.sv:322$1077:
      Old ports: A=24'011111111111111111111111, B=24'100000000000000000000000, Y=$flatten\u_core.$ternary$/home/danieltyukov/workspace/personal/tt-ihp-int8-npu/src/npu_core.sv:322$1077_Y
      New ports: A=2'01, B=2'10, Y={ $flatten\u_core.$ternary$/home/danieltyukov/workspace/personal/tt-ihp-int8-npu/src/npu_core.sv:322$1077_Y [23] $flatten\u_core.$ternary$/home/danieltyukov/workspace/personal/tt-ihp-int8-npu/src/npu_core.sv:322$1077_Y [0] }
      New connections: $flatten\u_core.$ternary$/home/danieltyukov/workspace/personal/tt-ihp-int8-npu/src/npu_core.sv:322$1077_Y [22:1] = { $flatten\u_core.$ternary$/home/danieltyukov/workspace/personal/tt-ihp-int8-npu/src/npu_core.sv:322$1077_Y [0] $flatten\u_core.$ternary$/home/danieltyukov/workspace/personal/tt-ihp-int8-npu/src/npu_core.sv:322$1077_Y [0] $flatten\u_core.$ternary$/home/danieltyukov/workspace/personal/tt-ihp-int8-npu/src/npu_core.sv:322$1077_Y [0] $flatten\u_core.$ternary$/home/danieltyukov/workspace/personal/tt-ihp-int8-npu/src/npu_core.sv:322$1077_Y [0] $flatten\u_core.$ternary$/home/danieltyukov/workspace/personal/tt-ihp-int8-npu/src/npu_core.sv:322$1077_Y [0] $flatten\u_core.$ternary$/home/danieltyukov/workspace/personal/tt-ihp-int8-npu/src/npu_core.sv:322$1077_Y [0] $flatten\u_core.$ternary$/home/danieltyukov/workspace/personal/tt-ihp-int8-npu/src/npu_core.sv:322$1077_Y [0] $flatten\u_core.$ternary$/home/danieltyukov/workspace/personal/tt-ihp-int8-npu/src/npu_core.sv:322$1077_Y [0] $flatten\u_core.$ternary$/home/danieltyukov/workspace/personal/tt-ihp-int8-npu/src/npu_core.sv:322$1077_Y [0] $flatten\u_core.$ternary$/home/danieltyukov/workspace/personal/tt-ihp-int8-npu/src/npu_core.sv:322$1077_Y [0] $flatten\u_core.$ternary$/home/danieltyukov/workspace/personal/tt-ihp-int8-npu/src/npu_core.sv:322$1077_Y [0] $flatten\u_core.$ternary$/home/danieltyukov/workspace/personal/tt-ihp-int8-npu/src/npu_core.sv:322$1077_Y [0] $flatten\u_core.$ternary$/home/danieltyukov/workspace/personal/tt-ihp-int8-npu/src/npu_core.sv:322$1077_Y [0] $flatten\u_core.$ternary$/home/danieltyukov/workspace/personal/tt-ihp-int8-npu/src/npu_core.sv:322$1077_Y [0] $flatten\u_core.$ternary$/home/danieltyukov/workspace/personal/tt-ihp-int8-npu/src/npu_core.sv:322$1077_Y [0] $flatten\u_core.$ternary$/home/danieltyukov/workspace/personal/tt-ihp-int8-npu/src/npu_core.sv:322$1077_Y [0] $flatten\u_core.$ternary$/home/danieltyukov/workspace/personal/tt-ihp-int8-npu/src/npu_core.sv:322$1077_Y [0] $flatten\u_core.$ternary$/home/danieltyukov/workspace/personal/tt-ihp-int8-npu/src/npu_core.sv:322$1077_Y [0] $flatten\u_core.$ternary$/home/danieltyukov/workspace/personal/tt-ihp-int8-npu/src/npu_core.sv:322$1077_Y [0] $flatten\u_core.$ternary$/home/danieltyukov/workspace/personal/tt-ihp-int8-npu/src/npu_core.sv:322$1077_Y [0] $flatten\u_core.$ternary$/home/danieltyukov/workspace/personal/tt-ihp-int8-npu/src/npu_core.sv:322$1077_Y [0] $flatten\u_core.$ternary$/home/danieltyukov/workspace/personal/tt-ihp-int8-npu/src/npu_core.sv:322$1077_Y [0] }
    Consolidated identical input bits for $mux cell $flatten\u_core.$ternary$/home/danieltyukov/workspace/personal/tt-ihp-int8-npu/src/npu_core.sv:322$1136:
      Old ports: A=24'011111111111111111111111, B=24'100000000000000000000000, Y=$flatten\u_core.$ternary$/home/danieltyukov/workspace/personal/tt-ihp-int8-npu/src/npu_core.sv:322$1136_Y
      New ports: A=2'01, B=2'10, Y={ $flatten\u_core.$ternary$/home/danieltyukov/workspace/personal/tt-ihp-int8-npu/src/npu_core.sv:322$1136_Y [23] $flatten\u_core.$ternary$/home/danieltyukov/workspace/personal/tt-ihp-int8-npu/src/npu_core.sv:322$1136_Y [0] }
      New connections: $flatten\u_core.$ternary$/home/danieltyukov/workspace/personal/tt-ihp-int8-npu/src/npu_core.sv:322$1136_Y [22:1] = { $flatten\u_core.$ternary$/home/danieltyukov/workspace/personal/tt-ihp-int8-npu/src/npu_core.sv:322$1136_Y [0] $flatten\u_core.$ternary$/home/danieltyukov/workspace/personal/tt-ihp-int8-npu/src/npu_core.sv:322$1136_Y [0] $flatten\u_core.$ternary$/home/danieltyukov/workspace/personal/tt-ihp-int8-npu/src/npu_core.sv:322$1136_Y [0] $flatten\u_core.$ternary$/home/danieltyukov/workspace/personal/tt-ihp-int8-npu/src/npu_core.sv:322$1136_Y [0] $flatten\u_core.$ternary$/home/danieltyukov/workspace/personal/tt-ihp-int8-npu/src/npu_core.sv:322$1136_Y [0] $flatten\u_core.$ternary$/home/danieltyukov/workspace/personal/tt-ihp-int8-npu/src/npu_core.sv:322$1136_Y [0] $flatten\u_core.$ternary$/home/danieltyukov/workspace/personal/tt-ihp-int8-npu/src/npu_core.sv:322$1136_Y [0] $flatten\u_core.$ternary$/home/danieltyukov/workspace/personal/tt-ihp-int8-npu/src/npu_core.sv:322$1136_Y [0] $flatten\u_core.$ternary$/home/danieltyukov/workspace/personal/tt-ihp-int8-npu/src/npu_core.sv:322$1136_Y [0] $flatten\u_core.$ternary$/home/danieltyukov/workspace/personal/tt-ihp-int8-npu/src/npu_core.sv:322$1136_Y [0] $flatten\u_core.$ternary$/home/danieltyukov/workspace/personal/tt-ihp-int8-npu/src/npu_core.sv:322$1136_Y [0] $flatten\u_core.$ternary$/home/danieltyukov/workspace/personal/tt-ihp-int8-npu/src/npu_core.sv:322$1136_Y [0] $flatten\u_core.$ternary$/home/danieltyukov/workspace/personal/tt-ihp-int8-npu/src/npu_core.sv:322$1136_Y [0] $flatten\u_core.$ternary$/home/danieltyukov/workspace/personal/tt-ihp-int8-npu/src/npu_core.sv:322$1136_Y [0] $flatten\u_core.$ternary$/home/danieltyukov/workspace/personal/tt-ihp-int8-npu/src/npu_core.sv:322$1136_Y [0] $flatten\u_core.$ternary$/home/danieltyukov/workspace/personal/tt-ihp-int8-npu/src/npu_core.sv:322$1136_Y [0] $flatten\u_core.$ternary$/home/danieltyukov/workspace/personal/tt-ihp-int8-npu/src/npu_core.sv:322$1136_Y [0] $flatten\u_core.$ternary$/home/danieltyukov/workspace/personal/tt-ihp-int8-npu/src/npu_core.sv:322$1136_Y [0] $flatten\u_core.$ternary$/home/danieltyukov/workspace/personal/tt-ihp-int8-npu/src/npu_core.sv:322$1136_Y [0] $flatten\u_core.$ternary$/home/danieltyukov/workspace/personal/tt-ihp-int8-npu/src/npu_core.sv:322$1136_Y [0] $flatten\u_core.$ternary$/home/danieltyukov/workspace/personal/tt-ihp-int8-npu/src/npu_core.sv:322$1136_Y [0] $flatten\u_core.$ternary$/home/danieltyukov/workspace/personal/tt-ihp-int8-npu/src/npu_core.sv:322$1136_Y [0] }
    Consolidated identical input bits for $pmux cell $flatten\u_core.\u_host.$procmux$2075:
      Old ports: A=6'000000, B=30'001000100000000110000100000001, Y=$auto$wreduce.cc:461:run$3489 [5:0]
      New ports: A=5'00000, B=25'0100010000001100010000001, Y={ $auto$wreduce.cc:461:run$3489 [5] $auto$wreduce.cc:461:run$3489 [3:0] }
      New connections: $auto$wreduce.cc:461:run$3489 [4] = 1'0
    Consolidated identical input bits for $mux cell $flatten\u_core.\u_host.$procmux$2371:
      Old ports: A=2'01, B=2'11, Y=$flatten\u_core.\u_host.$procmux$2371_Y
      New ports: A=1'0, B=1'1, Y=$flatten\u_core.\u_host.$procmux$2371_Y [1]
      New connections: $flatten\u_core.\u_host.$procmux$2371_Y [0] = 1'1
    Consolidated identical input bits for $mux cell $flatten\u_core.\u_requant.$ternary$/home/danieltyukov/workspace/personal/tt-ihp-int8-npu/src/npu_requant.sv:98$1503:
      Old ports: A=26'00000000000000000000000000, B={ \u_core.acc_req_val [23] \u_core.acc_req_val [23] \u_core.acc_req_val }, Y=$flatten\u_core.\u_requant.$ternary$/home/danieltyukov/workspace/personal/tt-ihp-int8-npu/src/npu_requant.sv:98$1503_Y
      New ports: A=24'000000000000000000000000, B=\u_core.acc_req_val, Y=$flatten\u_core.\u_requant.$ternary$/home/danieltyukov/workspace/personal/tt-ihp-int8-npu/src/npu_requant.sv:98$1503_Y [23:0]
      New connections: $flatten\u_core.\u_requant.$ternary$/home/danieltyukov/workspace/personal/tt-ihp-int8-npu/src/npu_requant.sv:98$1503_Y [25:24] = { $flatten\u_core.\u_requant.$ternary$/home/danieltyukov/workspace/personal/tt-ihp-int8-npu/src/npu_requant.sv:98$1503_Y [23] $flatten\u_core.\u_requant.$ternary$/home/danieltyukov/workspace/personal/tt-ihp-int8-npu/src/npu_requant.sv:98$1503_Y [23] }
  Optimizing cells in module \tt_um_danieltyukov_int8_npu.
    Consolidated identical input bits for $mux cell $flatten\u_core.\u_host.$procmux$2373:
      Old ports: A=2'11, B=$flatten\u_core.\u_host.$procmux$2371_Y, Y=$flatten\u_core.\u_host.$procmux$2373_Y
      New ports: A=1'1, B=$flatten\u_core.\u_host.$procmux$2371_Y [1], Y=$flatten\u_core.\u_host.$procmux$2373_Y [1]
      New connections: $flatten\u_core.\u_host.$procmux$2373_Y [0] = 1'1
    Consolidated identical input bits for $mux cell $flatten\u_core.\u_requant.$ternary$/home/danieltyukov/workspace/personal/tt-ihp-int8-npu/src/npu_requant.sv:97$1504:
      Old ports: A=$flatten\u_core.\u_requant.$ternary$/home/danieltyukov/workspace/personal/tt-ihp-int8-npu/src/npu_requant.sv:98$1503_Y, B={ \u_core.acc_req_val [23] \u_core.acc_req_val 1'0 }, Y=\u_core.u_requant.boo_mag
      New ports: A={ $flatten\u_core.\u_requant.$ternary$/home/danieltyukov/workspace/personal/tt-ihp-int8-npu/src/npu_requant.sv:98$1503_Y [23] $flatten\u_core.\u_requant.$ternary$/home/danieltyukov/workspace/personal/tt-ihp-int8-npu/src/npu_requant.sv:98$1503_Y [23:0] }, B={ \u_core.acc_req_val 1'0 }, Y=\u_core.u_requant.boo_mag [24:0]
      New connections: \u_core.u_requant.boo_mag [25] = \u_core.u_requant.boo_mag [24]
  Optimizing cells in module \tt_um_danieltyukov_int8_npu.
Performed a total of 9 changes.

16.20.5. Executing OPT_MERGE pass (detect identical cells).
Finding identical cells in module `\tt_um_danieltyukov_int8_npu'.
Removed a total of 0 cells.

16.20.6. Executing OPT_SHARE pass.

16.20.7. Executing OPT_DFF pass (perform DFF optimizations).

16.20.8. Executing OPT_CLEAN pass (remove unused cells and wires).
Finding unused cells or wires in module \tt_um_danieltyukov_int8_npu..
Removed 0 unused cells and 25 unused wires.
<suppressed ~1 debug messages>

16.20.9. Executing OPT_EXPR pass (perform const folding).
Optimizing module tt_um_danieltyukov_int8_npu.
<suppressed ~8 debug messages>

16.20.10. Rerunning OPT passes. (Maybe there is more to do..)

16.20.11. Executing OPT_MUXTREE pass (detect dead branches in mux trees).
Running muxtree optimizer on module \tt_um_danieltyukov_int8_npu..
  Creating internal representation of mux trees.
  Evaluating internal representation of mux trees.
  Analyzing evaluation results.
Removed 0 multiplexer ports.
<suppressed ~69 debug messages>

16.20.12. Executing OPT_REDUCE pass (consolidate $*mux and $reduce_* inputs).
  Optimizing cells in module \tt_um_danieltyukov_int8_npu.
    Consolidated identical input bits for $mux cell $flatten\u_core.\u_requant.$ternary$/home/danieltyukov/workspace/personal/tt-ihp-int8-npu/src/npu_requant.sv:110$1511:
      Old ports: A=\u_core.u_requant.boo_addend, B={ \u_core.zp_reg [7] \u_core.zp_reg [7] \u_core.zp_reg [7] \u_core.zp_reg [7] \u_core.zp_reg [7] \u_core.zp_reg [7] \u_core.zp_reg [7] \u_core.zp_reg [7] \u_core.zp_reg [7] \u_core.zp_reg [7] \u_core.zp_reg [7] \u_core.zp_reg [7] \u_core.zp_reg [7] \u_core.zp_reg [7] \u_core.zp_reg [7] \u_core.zp_reg [7] \u_core.zp_reg [7] \u_core.zp_reg [7] \u_core.zp_reg }, Y=\u_core.u_requant.u_add.b
      New ports: A=$auto$opt_expr.cc:205:group_cell_inputs$7592, B={ \u_core.zp_reg [7] \u_core.zp_reg [7] \u_core.zp_reg [7] \u_core.zp_reg [7] \u_core.zp_reg [7] \u_core.zp_reg [7] \u_core.zp_reg [7] \u_core.zp_reg [7] \u_core.zp_reg [7] \u_core.zp_reg [7] \u_core.zp_reg [7] \u_core.zp_reg [7] \u_core.zp_reg [7] \u_core.zp_reg [7] \u_core.zp_reg [7] \u_core.zp_reg [7] \u_core.zp_reg [7] \u_core.zp_reg }, Y=\u_core.u_requant.u_add.b [24:0]
      New connections: \u_core.u_requant.u_add.b [25] = \u_core.u_requant.u_add.b [24]
  Optimizing cells in module \tt_um_danieltyukov_int8_npu.
Performed a total of 1 changes.

16.20.13. Executing OPT_MERGE pass (detect identical cells).
Finding identical cells in module `\tt_um_danieltyukov_int8_npu'.
Removed a total of 0 cells.

16.20.14. Executing OPT_SHARE pass.

16.20.15. Executing OPT_DFF pass (perform DFF optimizations).

16.20.16. Executing OPT_CLEAN pass (remove unused cells and wires).
Finding unused cells or wires in module \tt_um_danieltyukov_int8_npu..
Removed 0 unused cells and 3 unused wires.
<suppressed ~1 debug messages>

16.20.17. Executing OPT_EXPR pass (perform const folding).
Optimizing module tt_um_danieltyukov_int8_npu.

16.20.18. Rerunning OPT passes. (Maybe there is more to do..)

16.20.19. Executing OPT_MUXTREE pass (detect dead branches in mux trees).
Running muxtree optimizer on module \tt_um_danieltyukov_int8_npu..
  Creating internal representation of mux trees.
  Evaluating internal representation of mux trees.
  Analyzing evaluation results.
Removed 0 multiplexer ports.
<suppressed ~69 debug messages>

16.20.20. Executing OPT_REDUCE pass (consolidate $*mux and $reduce_* inputs).
  Optimizing cells in module \tt_um_danieltyukov_int8_npu.
Performed a total of 0 changes.

16.20.21. Executing OPT_MERGE pass (detect identical cells).
Finding identical cells in module `\tt_um_danieltyukov_int8_npu'.
Removed a total of 0 cells.

16.20.22. Executing OPT_SHARE pass.

16.20.23. Executing OPT_DFF pass (perform DFF optimizations).

16.20.24. Executing OPT_CLEAN pass (remove unused cells and wires).
Finding unused cells or wires in module \tt_um_danieltyukov_int8_npu..

16.20.25. Executing OPT_EXPR pass (perform const folding).
Optimizing module tt_um_danieltyukov_int8_npu.

16.20.26. Finished OPT passes. (There is nothing left to do.)

16.21. Executing TECHMAP pass (map to technology primitives).

16.21.1. Executing Verilog-2005 frontend: /usr/bin/../share/yosys/techmap.v
Parsing Verilog input from `/usr/bin/../share/yosys/techmap.v' to AST representation.
Generating RTLIL representation for module `\_90_simplemap_bool_ops'.
Generating RTLIL representation for module `\_90_simplemap_reduce_ops'.
Generating RTLIL representation for module `\_90_simplemap_logic_ops'.
Generating RTLIL representation for module `\_90_simplemap_compare_ops'.
Generating RTLIL representation for module `\_90_simplemap_various'.
Generating RTLIL representation for module `\_90_simplemap_registers'.
Generating RTLIL representation for module `\_90_shift_ops_shr_shl_sshl_sshr'.
Generating RTLIL representation for module `\_90_shift_shiftx'.
Generating RTLIL representation for module `\_90_fa'.
Generating RTLIL representation for module `\_90_lcu'.
Generating RTLIL representation for module `\_90_alu'.
Generating RTLIL representation for module `\_90_macc'.
Generating RTLIL representation for module `\_90_alumacc'.
Generating RTLIL representation for module `\$__div_mod_u'.
Generating RTLIL representation for module `\$__div_mod_trunc'.
Generating RTLIL representation for module `\_90_div'.
Generating RTLIL representation for module `\_90_mod'.
Generating RTLIL representation for module `\$__div_mod_floor'.
Generating RTLIL representation for module `\_90_divfloor'.
Generating RTLIL representation for module `\_90_modfloor'.
Generating RTLIL representation for module `\_90_pow'.
Generating RTLIL representation for module `\_90_pmux'.
Generating RTLIL representation for module `\_90_demux'.
Generating RTLIL representation for module `\_90_lut'.
Successfully finished Verilog frontend.

16.21.2. Continuing TECHMAP pass.
Using extmapper simplemap for cells of type $reduce_bool.
Using extmapper simplemap for cells of type $ne.
Using extmapper simplemap for cells of type $reduce_and.
Using extmapper simplemap for cells of type $not.
Using extmapper simplemap for cells of type $adffe.
Using extmapper simplemap for cells of type $reduce_or.
Using extmapper simplemap for cells of type $or.
Using extmapper simplemap for cells of type $xor.
Using extmapper simplemap for cells of type $and.
Using template $paramod$2e1494a4b447defe52efe982567c833830ffcd42\_90_alu for cells of type $alu.
Using extmapper simplemap for cells of type $mux.
Using template $paramod$d2fa05d38998afabc6d4f34471305d0af4b8b2df\_90_alu for cells of type $alu.
Using template $paramod$constmap:149243966e55990447b265bf363262ee2324aa0c$paramod$6853d0b0c182b1b1cdf760d90bf5412efbf03c5a\_90_shift_ops_shr_shl_sshl_sshr for cells of type $sshr.
Using template $paramod$08c2d337fba0d8fba53e35b89be96dd105931d9e\_90_alu for cells of type $alu.
Using extmapper simplemap for cells of type $eq.
Using template $paramod$e04283ca12514baf3d204c6994bec8f178dd89f8\_90_alu for cells of type $alu.
Using extmapper simplemap for cells of type $logic_or.
Using template $paramod$484d51534650924b7ed4c69e46eed3a56904771f\_90_alu for cells of type $alu.
Using template $paramod$5404fad1a86b446f39b010a8ce9b5ebc058574c5\_90_alu for cells of type $alu.
Using template $paramod$1a6407745a4b939fc01b3599f611fd1c90656484\_90_alu for cells of type $alu.
Using template $paramod$4f7462fd7944a40ab328577064922bdf555975a5\_90_alu for cells of type $alu.
Using template $paramod$9d89fb639f737cac60740e160831d647469879cc\_90_alu for cells of type $alu.
Using template $paramod$8742280fdebca84e1c87f2a86ed84f62d558f4cc\_90_alu for cells of type $alu.
Using extmapper simplemap for cells of type $logic_not.
Using template $paramod$a04dd9d4d8b430140c4ff94b50470fb380fda2a0\_90_alu for cells of type $alu.
Using template $paramod$77db613179eb70c5e4e5c5aca72d602a7c6017b6\_90_pmux for cells of type $pmux.
Using template $paramod$a1bc51c02ce12ac21eb18988e83292af48ed7d72\_90_alu for cells of type $alu.
Using template $paramod$78e969f2586efcf3a5b0b0440bcca0db83d5cca2\_90_alu for cells of type $alu.
Using template $paramod$constmap:2a793917b9f686a526e11156b3ee8cdca37b19fc$paramod$ce954fbe2c15b86a6e205fb8a0d1c4b76af02b0f\_90_shift_shiftx for cells of type $shiftx.
Using template $paramod$0482edde3ea394805a540f3e6a413d0dac29852d\_90_pmux for cells of type $pmux.
Using template $paramod$97565c3687be688407d1272a293bd9d0ae6852dc\_90_pmux for cells of type $pmux.
Using extmapper simplemap for cells of type $adff.
Using extmapper simplemap for cells of type $logic_and.
Using template $paramod$32efbfac1c4dc57230cf86180788fdfd12e3b511\_90_alu for cells of type $alu.
Using template $paramod$constmap:f32d4b8cc9a04ccfec3a439f9a3a884993e69ad8$paramod$5ae48997fffa6fae09144e0e7cf4c0ae9f0ca227\_90_shift_shiftx for cells of type $shiftx.
Using template $paramod$719aadea7a94d31a13cd25a777432aacb0e462b5\_90_alu for cells of type $alu.
Using template $paramod$c5c783b17ab1d780abfad8cfe6563a0a7b47a3b0\_90_pmux for cells of type $pmux.
Using template $paramod$a9f023b7f9387cc24984a8fa4722169e6d5f74aa\_90_pmux for cells of type $pmux.
Using template $paramod$constmap:e691f0b00a505b4bd3a1b23b00ebc98f387bdbff$paramod$9f7c5bca55434690baea9ec969022108da4e1f77\_90_shift_shiftx for cells of type $shiftx.
Using template $paramod$constmap:3efe09016514a92804508649fa479f54369b05be$paramod$282e2f6c0b1116d84b8f8102ddacd7ff760b6794\_90_shift_shiftx for cells of type $shiftx.
Using template $paramod$645fe0cc96ae5edb83bff90cc2c78f4a20ca3e3c\_90_pmux for cells of type $pmux.
Using extmapper maccmap for cells of type $macc.
  add \u_core.g_bank[0].rd_i * 2'11 (3x2 bits, unsigned)
Using template $paramod$constmap:235c6cc1df7f400aceb59421e0aac93a770b8d03$paramod$938813bcf6ccbc307d2d10496360114446edfff9\_90_shift_shiftx for cells of type $shiftx.
  add { 1'0 \u_core.u_host.rd_ptr [2] \u_core.u_host.rd_ptr [5:3] } * 2'11 (5x2 bits, unsigned)
Using template $paramod$constmap:eab1891395ebaa2195c70d034c649b9586059b36$paramod$917c1960fbbeb1c95a49afc28a8382006a08fcf4\_90_shift_shiftx for cells of type $shiftx.
Using template $paramod$3ef7d3dd227da7627a99c5e5a6a4deb817573e39\_90_alu for cells of type $alu.
Using template $paramod$b8c0a997bce700f23568a5ada79cc6781d1f5ca0\_90_alu for cells of type $alu.
Using template $paramod$1a3a0c35c4a4896fbfd612699525c057298e72d2\_90_alu for cells of type $alu.
Using template $paramod$f85408ed1aa3d09e465edae8a7bf590332ae9f7b\_90_alu for cells of type $alu.
Using template $paramod$constmap:8e74638b35ba1881ef0e8e77d23bb750e68e0d30$paramod$8acaf9ea4779f126bea03c6170a824f4ce821811\_90_shift_shiftx for cells of type $shiftx.
Using template $paramod$5ccf584370207a3ccc3032757a8e590623d4de56\_90_alu for cells of type $alu.
Using template $paramod$constmap:7ab3a73b2c40fb26a5fdd5f81a7f63f379d1dfc1$paramod$56a354052b5cf3509895e0e300c3bf262d2925c5\_90_shift_shiftx for cells of type $shiftx.
Using template $paramod$32a7b7b86c07519b7537abc18e96f0331f97914d\_90_alu for cells of type $alu.
Using template $paramod$constmap:c365fe1993bc6b3028a4d9c95d1284d840c01784$paramod$3220c27cf5b62a8a7a4da865e19a16305b05e0d3\_90_shift_shiftx for cells of type $shiftx.
Using template $paramod$d1615bf4e5e328245ffd1550e5fe105901cda77b\_90_alu for cells of type $alu.
Using template $paramod$constmap:b932cf6f5b744e7a22fe56014111479eed600561$paramod$6b401fce98938c3da90dba3992a2381126d14c86\_90_shift_shiftx for cells of type $shiftx.
Using template $paramod$fc972a7a46956c1788f3cb5257b53c8f1df2d0cc\_90_alu for cells of type $alu.
Using template $paramod$7af24cf7f572852703f08ef7a936c59efa2c57af\_90_alu for cells of type $alu.
Using template $paramod$c3cd1564c35d873179656addd6052d7ea8b6d991\_90_alu for cells of type $alu.
Using template $paramod$649fc39eef2451024566705288528c8671211199\_90_alu for cells of type $alu.
  add 2'11 * \u_core.req_c (2x1 bits, unsigned)
Using template $paramod$constmap:562000711883bff0e4fac7a2f1ccdca03abff836$paramod$99e34ee3dc4c7544956a79d3df2372e8af99cd57\_90_shift_shiftx for cells of type $shiftx.
  add { 2'01 \u_core.g_bank[1].rd_i } * 2'11 (5x2 bits, unsigned)
Using template $paramod\_90_lcu\WIDTH=32'00000000000000000000000000000011 for cells of type $lcu.
Using extmapper simplemap for cells of type $pos.
Using template $paramod\_90_lcu\WIDTH=32'00000000000000000000000000001000 for cells of type $lcu.
Using template $paramod\_90_lcu\WIDTH=32'00000000000000000000000000000001 for cells of type $lcu.
Using template $paramod$88ebedc0964674c5b2e447c66b33a42fc7e7abe0\_90_alu for cells of type $alu.
Using template $paramod\_90_lcu\WIDTH=32'00000000000000000000000000000100 for cells of type $lcu.
Using template $paramod\_90_lcu\WIDTH=32'00000000000000000000000000000010 for cells of type $lcu.
Using template $paramod$b18e16801adf491a64caa0542270798e5d4ac6b6\_90_alu for cells of type $alu.
Using template $paramod\_90_lcu\WIDTH=32'00000000000000000000000000000110 for cells of type $lcu.
Using template $paramod\_90_lcu\WIDTH=32'00000000000000000000000000001001 for cells of type $lcu.
Using template $paramod\_90_lcu\WIDTH=32'00000000000000000000000000011010 for cells of type $lcu.
Using template $paramod\_90_lcu\WIDTH=32'00000000000000000000000000010011 for cells of type $lcu.
Using template $paramod\_90_lcu\WIDTH=32'00000000000000000000000000001010 for cells of type $lcu.
Using template $paramod\_90_lcu\WIDTH=32'00000000000000000000000000011101 for cells of type $lcu.
Using template $paramod\_90_lcu\WIDTH=32'00000000000000000000000000000101 for cells of type $lcu.
No more expansions possible.
<suppressed ~9094 debug messages>

16.22. Executing OPT pass (performing simple optimizations).

16.22.1. Executing OPT_EXPR pass (perform const folding).
Optimizing module tt_um_danieltyukov_int8_npu.
<suppressed ~32975 debug messages>

16.22.2. Executing OPT_MERGE pass (detect identical cells).
Finding identical cells in module `\tt_um_danieltyukov_int8_npu'.
<suppressed ~1140 debug messages>
Removed a total of 380 cells.

16.22.3. Executing OPT_DFF pass (perform DFF optimizations).

16.22.4. Executing OPT_CLEAN pass (remove unused cells and wires).
Finding unused cells or wires in module \tt_um_danieltyukov_int8_npu..
Removed 7504 unused cells and 2284 unused wires.
<suppressed ~7505 debug messages>

16.22.5. Finished fast OPT passes.

16.23. Executing ABC pass (technology mapping using ABC).

16.23.1. Extracting gate netlist of module `\tt_um_danieltyukov_int8_npu' to `<abc-temp-dir>/input.blif'..
Extracted 10358 gates and 11668 wires to a netlist network with 1307 inputs and 423 outputs.

16.23.1.1. Executing ABC.
Running ABC command: "<yosys-exe-dir>/yosys-abc" -s -f <abc-temp-dir>/abc.script 2>&1
ABC: ABC command line: "source <abc-temp-dir>/abc.script".
ABC: 
ABC: + read_blif <abc-temp-dir>/input.blif 
ABC: + read_library <abc-temp-dir>/stdcells.genlib 
ABC: Entered genlib library with 13 gates from file "<abc-temp-dir>/stdcells.genlib".
ABC: + strash 
ABC: + dretime 
ABC: + map 
ABC: + write_blif <abc-temp-dir>/output.blif 

16.23.1.2. Re-integrating ABC results.
ABC RESULTS:               MUX cells:     3295
ABC RESULTS:               NOT cells:     1061
ABC RESULTS:               AND cells:      824
ABC RESULTS:              XNOR cells:      400
ABC RESULTS:              NAND cells:      139
ABC RESULTS:             ORNOT cells:      355
ABC RESULTS:               NOR cells:      592
ABC RESULTS:                OR cells:      791
ABC RESULTS:               XOR cells:     1077
ABC RESULTS:            ANDNOT cells:     2368
ABC RESULTS:        internal signals:     9938
ABC RESULTS:           input signals:     1307
ABC RESULTS:          output signals:      423
Removing temp directory.

16.24. Executing OPT pass (performing simple optimizations).

16.24.1. Executing OPT_EXPR pass (perform const folding).
Optimizing module tt_um_danieltyukov_int8_npu.
<suppressed ~469 debug messages>

16.24.2. Executing OPT_MERGE pass (detect identical cells).
Finding identical cells in module `\tt_um_danieltyukov_int8_npu'.
<suppressed ~78 debug messages>
Removed a total of 26 cells.

16.24.3. Executing OPT_DFF pass (perform DFF optimizations).

16.24.4. Executing OPT_CLEAN pass (remove unused cells and wires).
Finding unused cells or wires in module \tt_um_danieltyukov_int8_npu..
Removed 0 unused cells and 3456 unused wires.
<suppressed ~145 debug messages>

16.24.5. Finished fast OPT passes.

16.25. Executing HIERARCHY pass (managing design hierarchy).

16.25.1. Analyzing design hierarchy..
Top module:  \tt_um_danieltyukov_int8_npu

16.25.2. Analyzing design hierarchy..
Top module:  \tt_um_danieltyukov_int8_npu
Removed 0 unused modules.

16.26. Printing statistics.

=== tt_um_danieltyukov_int8_npu ===

   Number of wires:              11638
   Number of wire bits:          38595
   Number of public wires:        1003
   Number of public wire bits:   27915
   Number of memories:               0
   Number of memory bits:            0
   Number of processes:              0
   Number of cells:              12205
     $_ANDNOT_                    2360
     $_AND_                        822
     $_DFFE_PN0P_                 1071
     $_DFFE_PN1P_                    9
     $_DFF_PN0_                    249
     $_MUX_                       3295
     $_NAND_                       139
     $_NOR_                        586
     $_NOT_                       1061
     $_ORNOT_                      354
     $_OR_                         785
     $_XNOR_                       400
     $_XOR_                       1074

16.27. Executing CHECK pass (checking for obvious problems).
Checking module tt_um_danieltyukov_int8_npu...
Found and reported 0 problems.

17. Executing CHECK pass (checking for obvious problems).
Checking module tt_um_danieltyukov_int8_npu...
Found and reported 0 problems.

18. Executing ABC pass (technology mapping using ABC).

18.1. Extracting gate netlist of module `\tt_um_danieltyukov_int8_npu' to `<abc-temp-dir>/input.blif'..
Extracted 10876 gates and 12183 wires to a netlist network with 1307 inputs and 421 outputs.

18.1.1. Executing ABC.
Running ABC command: "<yosys-exe-dir>/yosys-abc" -s -f <abc-temp-dir>/abc.script 2>&1
ABC: ABC command line: "source <abc-temp-dir>/abc.script".
ABC: 
ABC: + read_blif <abc-temp-dir>/input.blif 
ABC: + read_lib -w /home/danieltyukov/workspace/personal/tt-ihp-int8-npu/pdk/sg13g2_stdcell_typ_1p20V_25C.lib 
ABC: Parsing finished successfully.  Parsing time =     0.02 sec
ABC: Scl_LibertyReadGenlib() skipped cell "sg13g2_antennanp" due to dont_use attribute.
ABC: Scl_LibertyReadGenlib() skipped cell "sg13g2_decap_4" due to dont_use attribute.
ABC: Scl_LibertyReadGenlib() skipped cell "sg13g2_decap_8" due to dont_use attribute.
ABC: Scl_LibertyReadGenlib() skipped sequential cell "sg13g2_dfrbp_1".
ABC: Scl_LibertyReadGenlib() skipped sequential cell "sg13g2_dfrbp_2".
ABC: Scl_LibertyReadGenlib() skipped sequential cell "sg13g2_dfrbpq_1".
ABC: Scl_LibertyReadGenlib() skipped sequential cell "sg13g2_dfrbpq_2".
ABC: Scl_LibertyReadGenlib() skipped sequential cell "sg13g2_dlhq_1".
ABC: Scl_LibertyReadGenlib() skipped sequential cell "sg13g2_dlhr_1".
ABC: Scl_LibertyReadGenlib() skipped sequential cell "sg13g2_dlhrq_1".
ABC: Scl_LibertyReadGenlib() skipped sequential cell "sg13g2_dllr_1".
ABC: Scl_LibertyReadGenlib() skipped sequential cell "sg13g2_dllrq_1".
ABC: Scl_LibertyReadGenlib() skipped three-state cell "sg13g2_ebufn_2".
ABC: Scl_LibertyReadGenlib() skipped three-state cell "sg13g2_ebufn_4".
ABC: Scl_LibertyReadGenlib() skipped three-state cell "sg13g2_ebufn_8".
ABC: Scl_LibertyReadGenlib() skipped three-state cell "sg13g2_einvn_2".
ABC: Scl_LibertyReadGenlib() skipped three-state cell "sg13g2_einvn_4".
ABC: Scl_LibertyReadGenlib() skipped three-state cell "sg13g2_einvn_8".
ABC: Scl_LibertyReadGenlib() skipped cell "sg13g2_fill_1" due to dont_use attribute.
ABC: Scl_LibertyReadGenlib() skipped cell "sg13g2_fill_2" due to dont_use attribute.
ABC: Scl_LibertyReadGenlib() skipped cell "sg13g2_fill_4" due to dont_use attribute.
ABC: Scl_LibertyReadGenlib() skipped cell "sg13g2_fill_8" due to dont_use attribute.
ABC: Scl_LibertyReadGenlib() skipped cell "sg13g2_lgcp_1" due to dont_use attribute.
ABC: Scl_LibertyReadGenlib() skipped sequential cell "sg13g2_sdfbbp_1".
ABC: Scl_LibertyReadGenlib() skipped sequential cell "sg13g2_sdfrbp_1".
ABC: Scl_LibertyReadGenlib() skipped sequential cell "sg13g2_sdfrbp_2".
ABC: Scl_LibertyReadGenlib() skipped sequential cell "sg13g2_sdfrbpq_1".
ABC: Scl_LibertyReadGenlib() skipped sequential cell "sg13g2_sdfrbpq_2".
ABC: Scl_LibertyReadGenlib() skipped cell "sg13g2_sighold" due to dont_use attribute.
ABC: Scl_LibertyReadGenlib() skipped cell "sg13g2_slgcp_1" due to dont_use attribute.
ABC: Library "sg13g2_stdcell_typ_1p20V_25C" from "/home/danieltyukov/workspace/personal/tt-ihp-int8-npu/pdk/sg13g2_stdcell_typ_1p20V_25C.lib" has 54 cells (20 skipped: 14 seq; 6 tri-state; 0 no func; 10 dont_use).  Time =     0.03 sec
ABC: Memory =    2.86 MB. Time =     0.03 sec
ABC: + strash 
ABC: + &get -n 
ABC: + &fraig -x 
ABC: + &put 
ABC: + scorr 
ABC: Warning: The network is combinational (run "fraig" or "fraig_sweep").
ABC: + dc2 
ABC: + dretime 
ABC: + strash 
ABC: + &get -n 
ABC: + &dch -f 
ABC: + &nf 
ABC: + &put 
ABC: + write_blif <abc-temp-dir>/output.blif 

18.1.2. Re-integrating ABC results.
ABC RESULTS:     sg13g2_nor4_1 cells:       28
ABC RESULTS:      sg13g2_or4_1 cells:        5
ABC RESULTS:     sg13g2_mux4_1 cells:      381
ABC RESULTS:     sg13g2_mux2_1 cells:      543
ABC RESULTS:   sg13g2_a221oi_1 cells:       29
ABC RESULTS:     sg13g2_and4_1 cells:       31
ABC RESULTS:   sg13g2_nand3b_1 cells:       11
ABC RESULTS:   sg13g2_nand2b_1 cells:      253
ABC RESULTS:      sg13g2_or2_1 cells:      101
ABC RESULTS:    sg13g2_nand4_1 cells:       86
ABC RESULTS:     sg13g2_nor3_1 cells:       95
ABC RESULTS:    sg13g2_a22oi_1 cells:      227
ABC RESULTS:      sg13g2_or3_1 cells:       37
ABC RESULTS:      sg13g2_inv_1 cells:      157
ABC RESULTS:     sg13g2_and2_1 cells:      209
ABC RESULTS:     sg13g2_xor2_1 cells:      289
ABC RESULTS:    sg13g2_a21oi_1 cells:      517
ABC RESULTS:    sg13g2_nand3_1 cells:      156
ABC RESULTS:    sg13g2_nor2b_1 cells:      320
ABC RESULTS:     sg13g2_a21o_1 cells:      134
ABC RESULTS:    sg13g2_nand2_1 cells:      766
ABC RESULTS:    sg13g2_xnor2_1 cells:      682
ABC RESULTS:     sg13g2_nor2_1 cells:      496
ABC RESULTS:     sg13g2_and3_1 cells:       40
ABC RESULTS:    sg13g2_o21ai_1 cells:      514
ABC RESULTS:        internal signals:    10455
ABC RESULTS:           input signals:     1307
ABC RESULTS:          output signals:      421
Removing temp directory.

19. Executing SETUNDEF pass (replace undef values with defined constants).

20. Executing OPT_CLEAN pass (remove unused cells and wires).
Finding unused cells or wires in module \tt_um_danieltyukov_int8_npu..
Removed 0 unused cells and 13070 unused wires.
<suppressed ~888 debug messages>

21. Executing LTP pass (find longest path).

Longest topological path in tt_um_danieltyukov_int8_npu (length=35):
    0: \u_core.state [1]
    1: $abc$73820$new_n1908_ (via $abc$73820$auto$blifparse.cc:386:parse_blif$74000)
    2: $abc$73820$new_n2038_ (via $abc$73820$auto$blifparse.cc:386:parse_blif$74130)
    3: $abc$73820$new_n2040_ (via $abc$73820$auto$blifparse.cc:386:parse_blif$74132)
    4: $abc$73820$new_n2041_ (via $abc$73820$auto$blifparse.cc:386:parse_blif$74133)
    5: $abc$73820$new_n2676_ (via $abc$73820$auto$blifparse.cc:386:parse_blif$74768)
    6: $abc$73820$new_n2678_ (via $abc$73820$auto$blifparse.cc:386:parse_blif$74770)
    7: $abc$73820$new_n2679_ (via $abc$73820$auto$blifparse.cc:386:parse_blif$74771)
    8: $abc$73820$new_n2701_ (via $abc$73820$auto$blifparse.cc:386:parse_blif$74793)
    9: $abc$73820$new_n2720_ (via $abc$73820$auto$blifparse.cc:386:parse_blif$74812)
   10: $abc$73820$new_n2721_ (via $abc$73820$auto$blifparse.cc:386:parse_blif$74813)
   11: $abc$73820$new_n2723_ (via $abc$73820$auto$blifparse.cc:386:parse_blif$74815)
   12: $abc$73820$new_n2726_ (via $abc$73820$auto$blifparse.cc:386:parse_blif$74818)
   13: $abc$73820$new_n2736_ (via $abc$73820$auto$blifparse.cc:386:parse_blif$74828)
   14: $abc$73820$new_n2737_ (via $abc$73820$auto$blifparse.cc:386:parse_blif$74829)
   15: $abc$73820$new_n2738_ (via $abc$73820$auto$blifparse.cc:386:parse_blif$74830)
   16: $abc$73820$new_n2739_ (via $abc$73820$auto$blifparse.cc:386:parse_blif$74831)
   17: $abc$73820$new_n2740_ (via $abc$73820$auto$blifparse.cc:386:parse_blif$74832)
   18: $abc$73820$new_n2741_ (via $abc$73820$auto$blifparse.cc:386:parse_blif$74833)
   19: $abc$73820$new_n2742_ (via $abc$73820$auto$blifparse.cc:386:parse_blif$74834)
   20: $abc$73820$new_n2743_ (via $abc$73820$auto$blifparse.cc:386:parse_blif$74835)
   21: $abc$73820$new_n2744_ (via $abc$73820$auto$blifparse.cc:386:parse_blif$74836)
   22: $abc$73820$new_n2745_ (via $abc$73820$auto$blifparse.cc:386:parse_blif$74837)
   23: $abc$73820$new_n2746_ (via $abc$73820$auto$blifparse.cc:386:parse_blif$74838)
   24: $abc$73820$new_n2747_ (via $abc$73820$auto$blifparse.cc:386:parse_blif$74839)
   25: $abc$73820$new_n2748_ (via $abc$73820$auto$blifparse.cc:386:parse_blif$74840)
   26: $abc$73820$new_n2749_ (via $abc$73820$auto$blifparse.cc:386:parse_blif$74841)
   27: $abc$73820$new_n2752_ (via $abc$73820$auto$blifparse.cc:386:parse_blif$74844)
   28: $abc$73820$new_n2753_ (via $abc$73820$auto$blifparse.cc:386:parse_blif$74845)
   29: $abc$73820$new_n2781_ (via $abc$73820$auto$blifparse.cc:386:parse_blif$74873)
   30: $abc$73820$new_n2789_ (via $abc$73820$auto$blifparse.cc:386:parse_blif$74881)
   31: $abc$73820$new_n2792_ (via $abc$73820$auto$blifparse.cc:386:parse_blif$74884)
   32: $abc$73820$new_n2796_ (via $abc$73820$auto$blifparse.cc:386:parse_blif$74888)
   33: \u_core.u_requant.y_clamp [7] (via $abc$73820$auto$blifparse.cc:386:parse_blif$74889)
   34: $abc$73820$new_n4782_ (via $abc$73820$auto$blifparse.cc:386:parse_blif$76874)
   35: $flatten\u_core.\u_requant.$procmux$2496.Y [43] (via $abc$73820$auto$blifparse.cc:386:parse_blif$76877)
   ff: \u_core.u_requant.a_part [24] (via $auto$ff.cc:266:slice$10590)

22. Executing DFFLIBMAP pass (mapping DFF cells to sequential cells from liberty file).
Warning: Found unsupported expression 'SCE*SCD+!SCE*D' in pin attribute of cell 'sg13g2_sdfrbp_1' - skipping.
Warning: Found unsupported expression 'SCE*SCD+!SCE*D' in pin attribute of cell 'sg13g2_sdfrbp_2' - skipping.
Warning: Found unsupported expression 'SCE*SCD+!SCE*D' in pin attribute of cell 'sg13g2_sdfrbpq_1' - skipping.
Warning: Found unsupported expression 'SCE*SCD+!SCE*D' in pin attribute of cell 'sg13g2_sdfrbpq_2' - skipping.
Warning: Found unsupported expression 'SCE*SCD+!SCE*D' in pin attribute of cell 'sg13g2_sdfrbp_1' - skipping.
Warning: Found unsupported expression 'SCE*SCD+!SCE*D' in pin attribute of cell 'sg13g2_sdfrbp_2' - skipping.
Warning: Found unsupported expression 'SCE*SCD+!SCE*D' in pin attribute of cell 'sg13g2_sdfrbpq_1' - skipping.
Warning: Found unsupported expression 'SCE*SCD+!SCE*D' in pin attribute of cell 'sg13g2_sdfrbpq_2' - skipping.
  cell sg13g2_dfrbpq_1 (noninv, pins=4, area=48.99) is a direct match for cell type $_DFF_PN0_.
Warning: Found unsupported expression 'SCE*SCD+!SCE*D' in pin attribute of cell 'sg13g2_sdfrbp_1' - skipping.
Warning: Found unsupported expression 'SCE*SCD+!SCE*D' in pin attribute of cell 'sg13g2_sdfrbp_2' - skipping.
Warning: Found unsupported expression 'SCE*SCD+!SCE*D' in pin attribute of cell 'sg13g2_sdfrbpq_1' - skipping.
Warning: Found unsupported expression 'SCE*SCD+!SCE*D' in pin attribute of cell 'sg13g2_sdfrbpq_2' - skipping.
Warning: Found unsupported expression 'SCE*SCD+!SCE*D' in pin attribute of cell 'sg13g2_sdfrbp_1' - skipping.
Warning: Found unsupported expression 'SCE*SCD+!SCE*D' in pin attribute of cell 'sg13g2_sdfrbp_2' - skipping.
Warning: Found unsupported expression 'SCE*SCD+!SCE*D' in pin attribute of cell 'sg13g2_sdfrbpq_1' - skipping.
Warning: Found unsupported expression 'SCE*SCD+!SCE*D' in pin attribute of cell 'sg13g2_sdfrbpq_2' - skipping.
Warning: Found unsupported expression 'SCE*SCD+!SCE*D' in pin attribute of cell 'sg13g2_sdfrbp_1' - skipping.
Warning: Found unsupported expression 'SCE*SCD+!SCE*D' in pin attribute of cell 'sg13g2_sdfrbp_2' - skipping.
Warning: Found unsupported expression 'SCE*SCD+!SCE*D' in pin attribute of cell 'sg13g2_sdfrbpq_1' - skipping.
Warning: Found unsupported expression 'SCE*SCD+!SCE*D' in pin attribute of cell 'sg13g2_sdfrbpq_2' - skipping.
Warning: Found unsupported expression 'SCE*SCD+!SCE*D' in pin attribute of cell 'sg13g2_sdfrbp_1' - skipping.
Warning: Found unsupported expression 'SCE*SCD+!SCE*D' in pin attribute of cell 'sg13g2_sdfrbp_2' - skipping.
Warning: Found unsupported expression 'SCE*SCD+!SCE*D' in pin attribute of cell 'sg13g2_sdfrbpq_1' - skipping.
Warning: Found unsupported expression 'SCE*SCD+!SCE*D' in pin attribute of cell 'sg13g2_sdfrbpq_2' - skipping.
Warning: Found unsupported expression 'SCE*SCD+!SCE*D' in pin attribute of cell 'sg13g2_sdfrbp_1' - skipping.
Warning: Found unsupported expression 'SCE*SCD+!SCE*D' in pin attribute of cell 'sg13g2_sdfrbp_2' - skipping.
Warning: Found unsupported expression 'SCE*SCD+!SCE*D' in pin attribute of cell 'sg13g2_sdfrbpq_1' - skipping.
Warning: Found unsupported expression 'SCE*SCD+!SCE*D' in pin attribute of cell 'sg13g2_sdfrbpq_2' - skipping.
Warning: Found unsupported expression 'SCE*SCD+!SCE*D' in pin attribute of cell 'sg13g2_sdfrbp_1' - skipping.
Warning: Found unsupported expression 'SCE*SCD+!SCE*D' in pin attribute of cell 'sg13g2_sdfrbp_2' - skipping.
Warning: Found unsupported expression 'SCE*SCD+!SCE*D' in pin attribute of cell 'sg13g2_sdfrbpq_1' - skipping.
Warning: Found unsupported expression 'SCE*SCD+!SCE*D' in pin attribute of cell 'sg13g2_sdfrbpq_2' - skipping.
Warning: Found unsupported expression 'SCE*SCD+!SCE*D' in pin attribute of cell 'sg13g2_sdfrbp_1' - skipping.
Warning: Found unsupported expression 'SCE*SCD+!SCE*D' in pin attribute of cell 'sg13g2_sdfrbp_2' - skipping.
Warning: Found unsupported expression 'SCE*SCD+!SCE*D' in pin attribute of cell 'sg13g2_sdfrbpq_1' - skipping.
Warning: Found unsupported expression 'SCE*SCD+!SCE*D' in pin attribute of cell 'sg13g2_sdfrbpq_2' - skipping.
  final dff cell mappings:
    unmapped dff cell: $_DFF_N_
    unmapped dff cell: $_DFF_P_
    unmapped dff cell: $_DFF_NN0_
    unmapped dff cell: $_DFF_NN1_
    unmapped dff cell: $_DFF_NP0_
    unmapped dff cell: $_DFF_NP1_
    \sg13g2_dfrbpq_1 _DFF_PN0_ (.CLK( C), .D( D), .Q( Q), .RESET_B( R));
    unmapped dff cell: $_DFF_PN1_
    unmapped dff cell: $_DFF_PP0_
    unmapped dff cell: $_DFF_PP1_
    unmapped dff cell: $_DFFSR_NNN_
    unmapped dff cell: $_DFFSR_NNP_
    unmapped dff cell: $_DFFSR_NPN_
    unmapped dff cell: $_DFFSR_NPP_
    unmapped dff cell: $_DFFSR_PNN_
    unmapped dff cell: $_DFFSR_PNP_
    unmapped dff cell: $_DFFSR_PPN_
    unmapped dff cell: $_DFFSR_PPP_

22.1. Executing DFFLEGALIZE pass (convert FFs to types supported by the target).
Mapping DFF cells in module `\tt_um_danieltyukov_int8_npu':
  mapped 1329 $_DFF_PN0_ cells to \sg13g2_dfrbpq_1 cells.

23. Executing ABC pass (technology mapping using ABC).

23.1. Extracting gate netlist of module `\tt_um_danieltyukov_int8_npu' to `<abc-temp-dir>/input.blif'..
Extracted 11974 gates and 13298 wires to a netlist network with 1324 inputs and 1283 outputs.

23.1.1. Executing ABC.
Running ABC command: "<yosys-exe-dir>/yosys-abc" -s -f <abc-temp-dir>/abc.script 2>&1
ABC: ABC command line: "source <abc-temp-dir>/abc.script".
ABC: 
ABC: + read_blif <abc-temp-dir>/input.blif 
ABC: + read_lib -w /home/danieltyukov/workspace/personal/tt-ihp-int8-npu/pdk/sg13g2_stdcell_typ_1p20V_25C.lib 
ABC: Parsing finished successfully.  Parsing time =     0.02 sec
ABC: Scl_LibertyReadGenlib() skipped cell "sg13g2_antennanp" due to dont_use attribute.
ABC: Scl_LibertyReadGenlib() skipped cell "sg13g2_decap_4" due to dont_use attribute.
ABC: Scl_LibertyReadGenlib() skipped cell "sg13g2_decap_8" due to dont_use attribute.
ABC: Scl_LibertyReadGenlib() skipped sequential cell "sg13g2_dfrbp_1".
ABC: Scl_LibertyReadGenlib() skipped sequential cell "sg13g2_dfrbp_2".
ABC: Scl_LibertyReadGenlib() skipped sequential cell "sg13g2_dfrbpq_1".
ABC: Scl_LibertyReadGenlib() skipped sequential cell "sg13g2_dfrbpq_2".
ABC: Scl_LibertyReadGenlib() skipped sequential cell "sg13g2_dlhq_1".
ABC: Scl_LibertyReadGenlib() skipped sequential cell "sg13g2_dlhr_1".
ABC: Scl_LibertyReadGenlib() skipped sequential cell "sg13g2_dlhrq_1".
ABC: Scl_LibertyReadGenlib() skipped sequential cell "sg13g2_dllr_1".
ABC: Scl_LibertyReadGenlib() skipped sequential cell "sg13g2_dllrq_1".
ABC: Scl_LibertyReadGenlib() skipped three-state cell "sg13g2_ebufn_2".
ABC: Scl_LibertyReadGenlib() skipped three-state cell "sg13g2_ebufn_4".
ABC: Scl_LibertyReadGenlib() skipped three-state cell "sg13g2_ebufn_8".
ABC: Scl_LibertyReadGenlib() skipped three-state cell "sg13g2_einvn_2".
ABC: Scl_LibertyReadGenlib() skipped three-state cell "sg13g2_einvn_4".
ABC: Scl_LibertyReadGenlib() skipped three-state cell "sg13g2_einvn_8".
ABC: Scl_LibertyReadGenlib() skipped cell "sg13g2_fill_1" due to dont_use attribute.
ABC: Scl_LibertyReadGenlib() skipped cell "sg13g2_fill_2" due to dont_use attribute.
ABC: Scl_LibertyReadGenlib() skipped cell "sg13g2_fill_4" due to dont_use attribute.
ABC: Scl_LibertyReadGenlib() skipped cell "sg13g2_fill_8" due to dont_use attribute.
ABC: Scl_LibertyReadGenlib() skipped cell "sg13g2_lgcp_1" due to dont_use attribute.
ABC: Scl_LibertyReadGenlib() skipped sequential cell "sg13g2_sdfbbp_1".
ABC: Scl_LibertyReadGenlib() skipped sequential cell "sg13g2_sdfrbp_1".
ABC: Scl_LibertyReadGenlib() skipped sequential cell "sg13g2_sdfrbp_2".
ABC: Scl_LibertyReadGenlib() skipped sequential cell "sg13g2_sdfrbpq_1".
ABC: Scl_LibertyReadGenlib() skipped sequential cell "sg13g2_sdfrbpq_2".
ABC: Scl_LibertyReadGenlib() skipped cell "sg13g2_sighold" due to dont_use attribute.
ABC: Scl_LibertyReadGenlib() skipped cell "sg13g2_slgcp_1" due to dont_use attribute.
ABC: Library "sg13g2_stdcell_typ_1p20V_25C" from "/home/danieltyukov/workspace/personal/tt-ihp-int8-npu/pdk/sg13g2_stdcell_typ_1p20V_25C.lib" has 54 cells (20 skipped: 14 seq; 6 tri-state; 0 no func; 10 dont_use).  Time =     0.03 sec
ABC: Memory =    2.86 MB. Time =     0.03 sec
ABC: + strash 
ABC: + &get -n 
ABC: + &fraig -x 
ABC: + &put 
ABC: + scorr 
ABC: Warning: The network is combinational (run "fraig" or "fraig_sweep").
ABC: + dc2 
ABC: + dretime 
ABC: + strash 
ABC: + &get -n 
ABC: + &dch -f 
ABC: + &nf 
ABC: + &put 
ABC: + write_blif <abc-temp-dir>/output.blif 

23.1.2. Re-integrating ABC results.
ABC RESULTS:     sg13g2_mux4_1 cells:      394
ABC RESULTS:     sg13g2_and4_1 cells:       30
ABC RESULTS:     sg13g2_and3_1 cells:       38
ABC RESULTS:   sg13g2_nand3b_1 cells:       11
ABC RESULTS:      sg13g2_or4_1 cells:        5
ABC RESULTS:      sg13g2_or3_1 cells:       30
ABC RESULTS:     sg13g2_nor4_1 cells:       20
ABC RESULTS:    sg13g2_nand4_1 cells:       90
ABC RESULTS:      sg13g2_or2_1 cells:       84
ABC RESULTS:   sg13g2_nand2b_1 cells:      297
ABC RESULTS:   sg13g2_a221oi_1 cells:       53
ABC RESULTS:     sg13g2_a21o_1 cells:      122
ABC RESULTS:      sg13g2_inv_1 cells:      208
ABC RESULTS:    sg13g2_nand3_1 cells:      157
ABC RESULTS:     sg13g2_mux2_1 cells:     1530
ABC RESULTS:    sg13g2_nor2b_1 cells:      305
ABC RESULTS:    sg13g2_a21oi_1 cells:      624
ABC RESULTS:     sg13g2_and2_1 cells:      194
ABC RESULTS:     sg13g2_nor3_1 cells:      111
ABC RESULTS:    sg13g2_xnor2_1 cells:      695
ABC RESULTS:     sg13g2_xor2_1 cells:      284
ABC RESULTS:    sg13g2_nand2_1 cells:      831
ABC RESULTS:     sg13g2_nor2_1 cells:      510
ABC RESULTS:    sg13g2_a22oi_1 cells:      263
ABC RESULTS:    sg13g2_o21ai_1 cells:      573
ABC RESULTS:        internal signals:    10691
ABC RESULTS:           input signals:     1324
ABC RESULTS:          output signals:     1283
Removing temp directory.

24. Executing SETUNDEF pass (replace undef values with defined constants).

25. Executing OPT_CLEAN pass (remove unused cells and wires).
Finding unused cells or wires in module \tt_um_danieltyukov_int8_npu..
Removed 0 unused cells and 14125 unused wires.
<suppressed ~890 debug messages>

26. Printing statistics.

=== tt_um_danieltyukov_int8_npu ===

   Number of wires:               7394
   Number of wire bits:           8882
   Number of public wires:         114
   Number of public wire bits:    1602
   Number of memories:               0
   Number of memory bits:            0
   Number of processes:              0
   Number of cells:               8788
     sg13g2_a21o_1                 122
     sg13g2_a21oi_1                624
     sg13g2_a221oi_1                53
     sg13g2_a22oi_1                263
     sg13g2_and2_1                 194
     sg13g2_and3_1                  38
     sg13g2_and4_1                  30
     sg13g2_dfrbpq_1              1329
     sg13g2_inv_1                  208
     sg13g2_mux2_1                1530
     sg13g2_mux4_1                 394
     sg13g2_nand2_1                831
     sg13g2_nand2b_1               297
     sg13g2_nand3_1                157
     sg13g2_nand3b_1                11
     sg13g2_nand4_1                 90
     sg13g2_nor2_1                 510
     sg13g2_nor2b_1                305
     sg13g2_nor3_1                 111
     sg13g2_nor4_1                  20
     sg13g2_o21ai_1                573
     sg13g2_or2_1                   84
     sg13g2_or3_1                   30
     sg13g2_or4_1                    5
     sg13g2_xnor2_1                695
     sg13g2_xor2_1                 284

   Chip area for module '\tt_um_danieltyukov_int8_npu': 162108.513000

Warnings: 4 unique messages, 36 total
End of script. Logfile hash: 099ba8d20b, CPU: user 29.71s system 0.22s, MEM: 248.18 MB peak
Yosys 0.33 (git sha1 2584903a060)
Time spent: 23% 68x opt_expr (8 sec), 21% 3x abc (7 sec), ...
