
 /----------------------------------------------------------------------------\
 |                                                                            |
 |  yosys -- Yosys Open SYnthesis Suite                                       |
 |                                                                            |
 |  Copyright (C) 2012 - 2020  Claire Xenia Wolf <claire@yosyshq.com>         |
 |                                                                            |
 |  Permission to use, copy, modify, and/or distribute this software for any  |
 |  purpose with or without fee is hereby granted, provided that the above    |
 |  copyright notice and this permission notice appear in all copies.         |
 |                                                                            |
 |  THE SOFTWARE IS PROVIDED "AS IS" AND THE AUTHOR DISCLAIMS ALL WARRANTIES  |
 |  WITH REGARD TO THIS SOFTWARE INCLUDING ALL IMPLIED WARRANTIES OF          |
 |  MERCHANTABILITY AND FITNESS. IN NO EVENT SHALL THE AUTHOR BE LIABLE FOR   |
 |  ANY SPECIAL, DIRECT, INDIRECT, OR CONSEQUENTIAL DAMAGES OR ANY DAMAGES    |
 |  WHATSOEVER RESULTING FROM LOSS OF USE, DATA OR PROFITS, WHETHER IN AN     |
 |  ACTION OF CONTRACT, NEGLIGENCE OR OTHER TORTIOUS ACTION, ARISING OUT OF   |
 |  OR IN CONNECTION WITH THE USE OR PERFORMANCE OF THIS SOFTWARE.            |
 |                                                                            |
 \----------------------------------------------------------------------------/

 Yosys 0.33 (git sha1 2584903a060)


-- Running command `read_liberty -lib /home/danieltyukov/workspace/personal/tt-ihp-int8-npu/pdk/sg13g2_stdcell_typ_1p20V_25C.lib; read_verilog -sv /home/danieltyukov/workspace/personal/tt-ihp-int8-npu/src/npu_activation.sv /home/danieltyukov/workspace/personal/tt-ihp-int8-npu/src/npu_adder.sv /home/danieltyukov/workspace/personal/tt-ihp-int8-npu/src/npu_array.sv /home/danieltyukov/workspace/personal/tt-ihp-int8-npu/src/npu_core.sv /home/danieltyukov/workspace/personal/tt-ihp-int8-npu/src/npu_csa_reduce.sv /home/danieltyukov/workspace/personal/tt-ihp-int8-npu/src/npu_host_if.sv /home/danieltyukov/workspace/personal/tt-ihp-int8-npu/src/npu_mult.sv /home/danieltyukov/workspace/personal/tt-ihp-int8-npu/src/npu_pe.sv /home/danieltyukov/workspace/personal/tt-ihp-int8-npu/src/npu_pp_baugh_wooley.sv /home/danieltyukov/workspace/personal/tt-ihp-int8-npu/src/npu_pp_booth4.sv /home/danieltyukov/workspace/personal/tt-ihp-int8-npu/src/npu_requant.sv /home/danieltyukov/workspace/personal/tt-ihp-int8-npu/src/tt_um_danieltyukov_int8_npu.sv; chparam -set ROWS 6 -set COLS 2 -set S_MAX 4 tt_um_danieltyukov_int8_npu; hierarchy -top tt_um_danieltyukov_int8_npu -check; synth -top tt_um_danieltyukov_int8_npu -flatten; check -assert; design -save prepped; abc -liberty /home/danieltyukov/workspace/personal/tt-ihp-int8-npu/pdk/sg13g2_stdcell_typ_1p20V_25C.lib; setundef -zero; opt_clean -purge; ltp -noff; design -load prepped; dfflibmap -liberty /home/danieltyukov/workspace/personal/tt-ihp-int8-npu/pdk/sg13g2_stdcell_typ_1p20V_25C.lib; abc -liberty /home/danieltyukov/workspace/personal/tt-ihp-int8-npu/pdk/sg13g2_stdcell_typ_1p20V_25C.lib; setundef -zero; opt_clean -purge; stat -liberty /home/danieltyukov/workspace/personal/tt-ihp-int8-npu/pdk/sg13g2_stdcell_typ_1p20V_25C.lib' --

1. Executing Liberty frontend: /home/danieltyukov/workspace/personal/tt-ihp-int8-npu/pdk/sg13g2_stdcell_typ_1p20V_25C.lib
Imported 84 cell types from liberty file.

2. Executing Verilog-2005 frontend: /home/danieltyukov/workspace/personal/tt-ihp-int8-npu/src/npu_activation.sv
Parsing SystemVerilog input from `/home/danieltyukov/workspace/personal/tt-ihp-int8-npu/src/npu_activation.sv' to AST representation.
Generating RTLIL representation for module `\npu_activation'.
Successfully finished Verilog frontend.

3. Executing Verilog-2005 frontend: /home/danieltyukov/workspace/personal/tt-ihp-int8-npu/src/npu_adder.sv
Parsing SystemVerilog input from `/home/danieltyukov/workspace/personal/tt-ihp-int8-npu/src/npu_adder.sv' to AST representation.
Generating RTLIL representation for module `\npu_adder'.
Successfully finished Verilog frontend.

4. Executing Verilog-2005 frontend: /home/danieltyukov/workspace/personal/tt-ihp-int8-npu/src/npu_array.sv
Parsing SystemVerilog input from `/home/danieltyukov/workspace/personal/tt-ihp-int8-npu/src/npu_array.sv' to AST representation.
Generating RTLIL representation for module `\npu_array'.
Successfully finished Verilog frontend.

5. Executing Verilog-2005 frontend: /home/danieltyukov/workspace/personal/tt-ihp-int8-npu/src/npu_core.sv
Parsing SystemVerilog input from `/home/danieltyukov/workspace/personal/tt-ihp-int8-npu/src/npu_core.sv' to AST representation.
Generating RTLIL representation for module `\npu_core'.
Successfully finished Verilog frontend.

6. Executing Verilog-2005 frontend: /home/danieltyukov/workspace/personal/tt-ihp-int8-npu/src/npu_csa_reduce.sv
Parsing SystemVerilog input from `/home/danieltyukov/workspace/personal/tt-ihp-int8-npu/src/npu_csa_reduce.sv' to AST representation.
Generating RTLIL representation for module `\npu_csa_reduce'.
Successfully finished Verilog frontend.

7. Executing Verilog-2005 frontend: /home/danieltyukov/workspace/personal/tt-ihp-int8-npu/src/npu_host_if.sv
Parsing SystemVerilog input from `/home/danieltyukov/workspace/personal/tt-ihp-int8-npu/src/npu_host_if.sv' to AST representation.
Generating RTLIL representation for module `\npu_host_if'.
Successfully finished Verilog frontend.

8. Executing Verilog-2005 frontend: /home/danieltyukov/workspace/personal/tt-ihp-int8-npu/src/npu_mult.sv
Parsing SystemVerilog input from `/home/danieltyukov/workspace/personal/tt-ihp-int8-npu/src/npu_mult.sv' to AST representation.
Generating RTLIL representation for module `\npu_mult'.
Successfully finished Verilog frontend.

9. Executing Verilog-2005 frontend: /home/danieltyukov/workspace/personal/tt-ihp-int8-npu/src/npu_pe.sv
Parsing SystemVerilog input from `/home/danieltyukov/workspace/personal/tt-ihp-int8-npu/src/npu_pe.sv' to AST representation.
Generating RTLIL representation for module `\npu_pe'.
Successfully finished Verilog frontend.

10. Executing Verilog-2005 frontend: /home/danieltyukov/workspace/personal/tt-ihp-int8-npu/src/npu_pp_baugh_wooley.sv
Parsing SystemVerilog input from `/home/danieltyukov/workspace/personal/tt-ihp-int8-npu/src/npu_pp_baugh_wooley.sv' to AST representation.
Generating RTLIL representation for module `\npu_pp_baugh_wooley'.
Successfully finished Verilog frontend.

11. Executing Verilog-2005 frontend: /home/danieltyukov/workspace/personal/tt-ihp-int8-npu/src/npu_pp_booth4.sv
Parsing SystemVerilog input from `/home/danieltyukov/workspace/personal/tt-ihp-int8-npu/src/npu_pp_booth4.sv' to AST representation.
Generating RTLIL representation for module `\npu_pp_booth4'.
Successfully finished Verilog frontend.

12. Executing Verilog-2005 frontend: /home/danieltyukov/workspace/personal/tt-ihp-int8-npu/src/npu_requant.sv
Parsing SystemVerilog input from `/home/danieltyukov/workspace/personal/tt-ihp-int8-npu/src/npu_requant.sv' to AST representation.
Generating RTLIL representation for module `\npu_requant'.
Successfully finished Verilog frontend.

13. Executing Verilog-2005 frontend: /home/danieltyukov/workspace/personal/tt-ihp-int8-npu/src/tt_um_danieltyukov_int8_npu.sv
Parsing SystemVerilog input from `/home/danieltyukov/workspace/personal/tt-ihp-int8-npu/src/tt_um_danieltyukov_int8_npu.sv' to AST representation.
Generating RTLIL representation for module `\tt_um_danieltyukov_int8_npu'.
Successfully finished Verilog frontend.
Parameter \ROWS = 6
Parameter \COLS = 2
Parameter \S_MAX = 4

14. Executing AST frontend in derive mode using pre-parsed AST for module `\tt_um_danieltyukov_int8_npu'.
Parameter \ROWS = 6
Parameter \COLS = 2
Parameter \S_MAX = 4
Generating RTLIL representation for module `$paramod$dc176a814cbd17dec0d0da5efd0722655d53efdf\tt_um_danieltyukov_int8_npu'.

15. Executing HIERARCHY pass (managing design hierarchy).

15.1. Analyzing design hierarchy..
Top module:  \tt_um_danieltyukov_int8_npu
Used module:     \npu_core
Used module:         \npu_adder
Used module:         \npu_activation
Used module:         \npu_requant
Used module:         \npu_array
Used module:             \npu_pe
Used module:                 \npu_mult
Used module:                     \npu_pp_baugh_wooley
Used module:         \npu_host_if
Parameter \PSUM_W = 19
Parameter \MUL_ARCH = 0
Parameter \ADD_ARCH = 0

15.2. Executing AST frontend in derive mode using pre-parsed AST for module `\npu_pe'.
Parameter \PSUM_W = 19
Parameter \MUL_ARCH = 0
Parameter \ADD_ARCH = 0
Generating RTLIL representation for module `$paramod$ff257773bd01275f0d043df288de414e423018a5\npu_pe'.
Parameter \PSUM_W = 19
Parameter \MUL_ARCH = 0
Parameter \ADD_ARCH = 0
Found cached RTLIL representation for module `$paramod$ff257773bd01275f0d043df288de414e423018a5\npu_pe'.
Parameter \PSUM_W = 19
Parameter \MUL_ARCH = 0
Parameter \ADD_ARCH = 0
Found cached RTLIL representation for module `$paramod$ff257773bd01275f0d043df288de414e423018a5\npu_pe'.
Parameter \PSUM_W = 19
Parameter \MUL_ARCH = 0
Parameter \ADD_ARCH = 0
Found cached RTLIL representation for module `$paramod$ff257773bd01275f0d043df288de414e423018a5\npu_pe'.
Parameter \PSUM_W = 19
Parameter \MUL_ARCH = 0
Parameter \ADD_ARCH = 0
Found cached RTLIL representation for module `$paramod$ff257773bd01275f0d043df288de414e423018a5\npu_pe'.
Parameter \PSUM_W = 19
Parameter \MUL_ARCH = 0
Parameter \ADD_ARCH = 0
Found cached RTLIL representation for module `$paramod$ff257773bd01275f0d043df288de414e423018a5\npu_pe'.
Parameter \PSUM_W = 19
Parameter \MUL_ARCH = 0
Parameter \ADD_ARCH = 0
Found cached RTLIL representation for module `$paramod$ff257773bd01275f0d043df288de414e423018a5\npu_pe'.
Parameter \PSUM_W = 19
Parameter \MUL_ARCH = 0
Parameter \ADD_ARCH = 0
Found cached RTLIL representation for module `$paramod$ff257773bd01275f0d043df288de414e423018a5\npu_pe'.
Parameter \WIDTH = 19
Parameter \ARCH = 0

15.3. Executing AST frontend in derive mode using pre-parsed AST for module `\npu_adder'.
Parameter \WIDTH = 19
Parameter \ARCH = 0
Generating RTLIL representation for module `$paramod$fb8eb8dcaf3ef364e4d47beadacd83e06bae8163\npu_adder'.
Parameter \A_W = 8
Parameter \B_W = 8
Parameter \MUL_ARCH = 0
Parameter \ADD_ARCH = 0

15.4. Executing AST frontend in derive mode using pre-parsed AST for module `\npu_mult'.
Parameter \A_W = 8
Parameter \B_W = 8
Parameter \MUL_ARCH = 0
Parameter \ADD_ARCH = 0
Generating RTLIL representation for module `$paramod$a1cbd45a87523b3aa3376e3b8d05abd91c4cb6bf\npu_mult'.
Parameter \WIDTH = 25
Parameter \ARCH = 0

15.5. Executing AST frontend in derive mode using pre-parsed AST for module `\npu_adder'.
Parameter \WIDTH = 25
Parameter \ARCH = 0
Generating RTLIL representation for module `$paramod$ba7bff7ae67ca0921cf86cd97b8021e2ec0c5424\npu_adder'.
Parameter \WIDTH = 25
Parameter \ARCH = 0
Found cached RTLIL representation for module `$paramod$ba7bff7ae67ca0921cf86cd97b8021e2ec0c5424\npu_adder'.
Parameter \T_W = 24
Parameter \M_W = 16
Parameter \SH_W = 5
Parameter \ADD_ARCH = 0

15.6. Executing AST frontend in derive mode using pre-parsed AST for module `\npu_requant'.
Parameter \T_W = 24
Parameter \M_W = 16
Parameter \SH_W = 5
Parameter \ADD_ARCH = 0
Generating RTLIL representation for module `$paramod$30391a695cf76b71d765391e92da753473a83243\npu_requant'.
Parameter \ROWS = 4
Parameter \COLS = 2
Parameter \PSUM_W = 19
Parameter \MUL_ARCH = 0
Parameter \ADD_ARCH = 0

15.7. Executing AST frontend in derive mode using pre-parsed AST for module `\npu_array'.
Parameter \ROWS = 4
Parameter \COLS = 2
Parameter \PSUM_W = 19
Parameter \MUL_ARCH = 0
Parameter \ADD_ARCH = 0
Generating RTLIL representation for module `$paramod$666da260e2ee1dff8ff77b4606c64809bcab2bb0\npu_array'.
Parameter \W_LEN = 8
Parameter \ACT_LEN = 16
Parameter \BIAS_LEN = 6
Parameter \QUANT_LEN = 6
Parameter \RPTR_W = 5

15.8. Executing AST frontend in derive mode using pre-parsed AST for module `\npu_host_if'.
Parameter \W_LEN = 8
Parameter \ACT_LEN = 16
Parameter \BIAS_LEN = 6
Parameter \QUANT_LEN = 6
Parameter \RPTR_W = 5
Generating RTLIL representation for module `$paramod$529a98eedf781dfdd5b6499ee6f6fb7d2878c518\npu_host_if'.
Parameter \WIDTH = 26
Parameter \ARCH = 0

15.9. Executing AST frontend in derive mode using pre-parsed AST for module `\npu_adder'.
Parameter \WIDTH = 26
Parameter \ARCH = 0
Generating RTLIL representation for module `$paramod$d9c2f9dfb5e64c8dbdf33064c2b44a2f73ce6cb6\npu_adder'.
Parameter \A_W = 8
Parameter \B_W = 8

15.10. Executing AST frontend in derive mode using pre-parsed AST for module `\npu_pp_baugh_wooley'.
Parameter \A_W = 8
Parameter \B_W = 8
Generating RTLIL representation for module `$paramod$1ed99f1253f88f2664ca886b8b7f7f8ea7f768dd\npu_pp_baugh_wooley'.
Parameter \WIDTH = 16
Parameter \ARCH = 0

15.11. Executing AST frontend in derive mode using pre-parsed AST for module `\npu_adder'.
Parameter \WIDTH = 16
Parameter \ARCH = 0
Generating RTLIL representation for module `$paramod$60b3baad27a8ade2b24a1797a14779826394a681\npu_adder'.
Parameter \ROWS = 6
Parameter \COLS = 2
Parameter \S_MAX = 4
Parameter \ACC_W = 24
Parameter \M_W = 16
Parameter \SH_W = 5
Parameter \MUL_ARCH = 1
Parameter \ADD_ARCH = 4

15.12. Executing AST frontend in derive mode using pre-parsed AST for module `\npu_core'.
Parameter \ROWS = 6
Parameter \COLS = 2
Parameter \S_MAX = 4
Parameter \ACC_W = 24
Parameter \M_W = 16
Parameter \SH_W = 5
Parameter \MUL_ARCH = 1
Parameter \ADD_ARCH = 4
Generating RTLIL representation for module `$paramod$697a67ea0db5997f73865c920d1dde3737cd6c6d\npu_core'.

15.13. Analyzing design hierarchy..
Top module:  \tt_um_danieltyukov_int8_npu
Used module:     $paramod$697a67ea0db5997f73865c920d1dde3737cd6c6d\npu_core
Used module:         \npu_adder
Used module:         \npu_activation
Used module:         \npu_requant
Used module:             $paramod$d9c2f9dfb5e64c8dbdf33064c2b44a2f73ce6cb6\npu_adder
Used module:         \npu_array
Used module:             $paramod$ff257773bd01275f0d043df288de414e423018a5\npu_pe
Used module:                 \npu_mult
Used module:                     $paramod$1ed99f1253f88f2664ca886b8b7f7f8ea7f768dd\npu_pp_baugh_wooley
Used module:                     $paramod$60b3baad27a8ade2b24a1797a14779826394a681\npu_adder
Used module:         \npu_host_if
Parameter \WIDTH = 19
Parameter \ARCH = 0
Found cached RTLIL representation for module `$paramod$fb8eb8dcaf3ef364e4d47beadacd83e06bae8163\npu_adder'.
Parameter \A_W = 8
Parameter \B_W = 8
Parameter \MUL_ARCH = 0
Parameter \ADD_ARCH = 0
Found cached RTLIL representation for module `$paramod$a1cbd45a87523b3aa3376e3b8d05abd91c4cb6bf\npu_mult'.
Parameter \WIDTH = 25
Parameter \ARCH = 4

15.14. Executing AST frontend in derive mode using pre-parsed AST for module `\npu_adder'.
Parameter \WIDTH = 25
Parameter \ARCH = 4
Generating RTLIL representation for module `$paramod$2d6c54a146b5c9bc63af6521ae2fae94a8696de1\npu_adder'.
Parameter \WIDTH = 25
Parameter \ARCH = 4
Found cached RTLIL representation for module `$paramod$2d6c54a146b5c9bc63af6521ae2fae94a8696de1\npu_adder'.
Parameter \T_W = 24
Parameter \M_W = 16
Parameter \SH_W = 5
Parameter \ADD_ARCH = 4

15.15. Executing AST frontend in derive mode using pre-parsed AST for module `\npu_requant'.
Parameter \T_W = 24
Parameter \M_W = 16
Parameter \SH_W = 5
Parameter \ADD_ARCH = 4
Generating RTLIL representation for module `$paramod$9762f17314fc00bcc8483d811536c717be533d3b\npu_requant'.
Parameter \ROWS = 6
Parameter \COLS = 2
Parameter \PSUM_W = 19
Parameter \MUL_ARCH = 1
Parameter \ADD_ARCH = 4

15.16. Executing AST frontend in derive mode using pre-parsed AST for module `\npu_array'.
Parameter \ROWS = 6
Parameter \COLS = 2
Parameter \PSUM_W = 19
Parameter \MUL_ARCH = 1
Parameter \ADD_ARCH = 4
Generating RTLIL representation for module `$paramod$08c73daaa1669ae34ddd30ce600067231e5c67e3\npu_array'.
Parameter \W_LEN = 12
Parameter \ACT_LEN = 24
Parameter \BIAS_LEN = 6
Parameter \QUANT_LEN = 6
Parameter \RPTR_W = 5

15.17. Executing AST frontend in derive mode using pre-parsed AST for module `\npu_host_if'.
Parameter \W_LEN = 12
Parameter \ACT_LEN = 24
Parameter \BIAS_LEN = 6
Parameter \QUANT_LEN = 6
Parameter \RPTR_W = 5
Generating RTLIL representation for module `$paramod$9473666d1202fb0760a3925be9da2ac9ee2a408e\npu_host_if'.

15.18. Analyzing design hierarchy..
Top module:  \tt_um_danieltyukov_int8_npu
Used module:     $paramod$697a67ea0db5997f73865c920d1dde3737cd6c6d\npu_core
Used module:         $paramod$2d6c54a146b5c9bc63af6521ae2fae94a8696de1\npu_adder
Used module:         \npu_activation
Used module:         $paramod$9762f17314fc00bcc8483d811536c717be533d3b\npu_requant
Used module:             \npu_adder
Used module:         $paramod$08c73daaa1669ae34ddd30ce600067231e5c67e3\npu_array
Used module:             \npu_pe
Used module:                 $paramod$fb8eb8dcaf3ef364e4d47beadacd83e06bae8163\npu_adder
Used module:                 $paramod$a1cbd45a87523b3aa3376e3b8d05abd91c4cb6bf\npu_mult
Used module:                     \npu_pp_baugh_wooley
Used module:         $paramod$9473666d1202fb0760a3925be9da2ac9ee2a408e\npu_host_if
Parameter \A_W = 8
Parameter \B_W = 8
Found cached RTLIL representation for module `$paramod$1ed99f1253f88f2664ca886b8b7f7f8ea7f768dd\npu_pp_baugh_wooley'.
Parameter \WIDTH = 16
Parameter \ARCH = 0
Found cached RTLIL representation for module `$paramod$60b3baad27a8ade2b24a1797a14779826394a681\npu_adder'.
Parameter \WIDTH = 26
Parameter \ARCH = 4

15.19. Executing AST frontend in derive mode using pre-parsed AST for module `\npu_adder'.
Parameter \WIDTH = 26
Parameter \ARCH = 4
Generating RTLIL representation for module `$paramod$00e50bd1d9329584e2110eb397cc8a22011310c9\npu_adder'.
Parameter \PSUM_W = 19
Parameter \MUL_ARCH = 1
Parameter \ADD_ARCH = 4

15.20. Executing AST frontend in derive mode using pre-parsed AST for module `\npu_pe'.
Parameter \PSUM_W = 19
Parameter \MUL_ARCH = 1
Parameter \ADD_ARCH = 4
Generating RTLIL representation for module `$paramod$67ba8969b455a9921a0ce9d05bfcb7563f4a488b\npu_pe'.
Parameter \PSUM_W = 19
Parameter \MUL_ARCH = 1
Parameter \ADD_ARCH = 4
Found cached RTLIL representation for module `$paramod$67ba8969b455a9921a0ce9d05bfcb7563f4a488b\npu_pe'.
Parameter \PSUM_W = 19
Parameter \MUL_ARCH = 1
Parameter \ADD_ARCH = 4
Found cached RTLIL representation for module `$paramod$67ba8969b455a9921a0ce9d05bfcb7563f4a488b\npu_pe'.
Parameter \PSUM_W = 19
Parameter \MUL_ARCH = 1
Parameter \ADD_ARCH = 4
Found cached RTLIL representation for module `$paramod$67ba8969b455a9921a0ce9d05bfcb7563f4a488b\npu_pe'.
Parameter \PSUM_W = 19
Parameter \MUL_ARCH = 1
Parameter \ADD_ARCH = 4
Found cached RTLIL representation for module `$paramod$67ba8969b455a9921a0ce9d05bfcb7563f4a488b\npu_pe'.
Parameter \PSUM_W = 19
Parameter \MUL_ARCH = 1
Parameter \ADD_ARCH = 4
Found cached RTLIL representation for module `$paramod$67ba8969b455a9921a0ce9d05bfcb7563f4a488b\npu_pe'.
Parameter \PSUM_W = 19
Parameter \MUL_ARCH = 1
Parameter \ADD_ARCH = 4
Found cached RTLIL representation for module `$paramod$67ba8969b455a9921a0ce9d05bfcb7563f4a488b\npu_pe'.
Parameter \PSUM_W = 19
Parameter \MUL_ARCH = 1
Parameter \ADD_ARCH = 4
Found cached RTLIL representation for module `$paramod$67ba8969b455a9921a0ce9d05bfcb7563f4a488b\npu_pe'.
Parameter \PSUM_W = 19
Parameter \MUL_ARCH = 1
Parameter \ADD_ARCH = 4
Found cached RTLIL representation for module `$paramod$67ba8969b455a9921a0ce9d05bfcb7563f4a488b\npu_pe'.
Parameter \PSUM_W = 19
Parameter \MUL_ARCH = 1
Parameter \ADD_ARCH = 4
Found cached RTLIL representation for module `$paramod$67ba8969b455a9921a0ce9d05bfcb7563f4a488b\npu_pe'.
Parameter \PSUM_W = 19
Parameter \MUL_ARCH = 1
Parameter \ADD_ARCH = 4
Found cached RTLIL representation for module `$paramod$67ba8969b455a9921a0ce9d05bfcb7563f4a488b\npu_pe'.
Parameter \PSUM_W = 19
Parameter \MUL_ARCH = 1
Parameter \ADD_ARCH = 4
Found cached RTLIL representation for module `$paramod$67ba8969b455a9921a0ce9d05bfcb7563f4a488b\npu_pe'.

15.21. Analyzing design hierarchy..
Top module:  \tt_um_danieltyukov_int8_npu
Used module:     $paramod$697a67ea0db5997f73865c920d1dde3737cd6c6d\npu_core
Used module:         $paramod$2d6c54a146b5c9bc63af6521ae2fae94a8696de1\npu_adder
Used module:         \npu_activation
Used module:         $paramod$9762f17314fc00bcc8483d811536c717be533d3b\npu_requant
Used module:             $paramod$00e50bd1d9329584e2110eb397cc8a22011310c9\npu_adder
Used module:         $paramod$08c73daaa1669ae34ddd30ce600067231e5c67e3\npu_array
Used module:             $paramod$67ba8969b455a9921a0ce9d05bfcb7563f4a488b\npu_pe
Used module:                 \npu_adder
Used module:                 \npu_mult
Used module:                     $paramod$1ed99f1253f88f2664ca886b8b7f7f8ea7f768dd\npu_pp_baugh_wooley
Used module:                     $paramod$60b3baad27a8ade2b24a1797a14779826394a681\npu_adder
Used module:         $paramod$9473666d1202fb0760a3925be9da2ac9ee2a408e\npu_host_if
Parameter \WIDTH = 19
Parameter \ARCH = 4

15.22. Executing AST frontend in derive mode using pre-parsed AST for module `\npu_adder'.
Parameter \WIDTH = 19
Parameter \ARCH = 4
Generating RTLIL representation for module `$paramod$249e2fefde2cea6485f1861c172b2e75dba89233\npu_adder'.
Parameter \A_W = 8
Parameter \B_W = 8
Parameter \MUL_ARCH = 1
Parameter \ADD_ARCH = 4

15.23. Executing AST frontend in derive mode using pre-parsed AST for module `\npu_mult'.
Parameter \A_W = 8
Parameter \B_W = 8
Parameter \MUL_ARCH = 1
Parameter \ADD_ARCH = 4
Generating RTLIL representation for module `$paramod$67e98feaf73b54d35f9441170982b8d89b9a2316\npu_mult'.

15.24. Analyzing design hierarchy..
Top module:  \tt_um_danieltyukov_int8_npu
Used module:     $paramod$697a67ea0db5997f73865c920d1dde3737cd6c6d\npu_core
Used module:         $paramod$2d6c54a146b5c9bc63af6521ae2fae94a8696de1\npu_adder
Used module:         \npu_activation
Used module:         $paramod$9762f17314fc00bcc8483d811536c717be533d3b\npu_requant
Used module:             $paramod$00e50bd1d9329584e2110eb397cc8a22011310c9\npu_adder
Used module:         $paramod$08c73daaa1669ae34ddd30ce600067231e5c67e3\npu_array
Used module:             $paramod$67ba8969b455a9921a0ce9d05bfcb7563f4a488b\npu_pe
Used module:                 $paramod$249e2fefde2cea6485f1861c172b2e75dba89233\npu_adder
Used module:                 $paramod$67e98feaf73b54d35f9441170982b8d89b9a2316\npu_mult
Used module:                     \npu_csa_reduce
Used module:                     \npu_pp_baugh_wooley
Used module:                     \npu_adder
Used module:         $paramod$9473666d1202fb0760a3925be9da2ac9ee2a408e\npu_host_if
Parameter \WIDTH = 16
Parameter \N = 3

15.25. Executing AST frontend in derive mode using pre-parsed AST for module `\npu_csa_reduce'.
Parameter \WIDTH = 16
Parameter \N = 3
Generating RTLIL representation for module `$paramod$17604f602797e3202e357decf915a5bc29aa0ca3\npu_csa_reduce'.
Parameter \WIDTH = 16
Parameter \N = 9

15.26. Executing AST frontend in derive mode using pre-parsed AST for module `\npu_csa_reduce'.
Parameter \WIDTH = 16
Parameter \N = 9
Generating RTLIL representation for module `$paramod$27a8bd94657cc90e38f275422f31847ddfd4487e\npu_csa_reduce'.
Parameter \A_W = 8
Parameter \B_W = 8
Found cached RTLIL representation for module `$paramod$1ed99f1253f88f2664ca886b8b7f7f8ea7f768dd\npu_pp_baugh_wooley'.
Parameter \WIDTH = 16
Parameter \ARCH = 4

15.27. Executing AST frontend in derive mode using pre-parsed AST for module `\npu_adder'.
Parameter \WIDTH = 16
Parameter \ARCH = 4
Generating RTLIL representation for module `$paramod$29b69393125ca7ee80b32022bd2decdec691949f\npu_adder'.

15.28. Analyzing design hierarchy..
Top module:  \tt_um_danieltyukov_int8_npu
Used module:     $paramod$697a67ea0db5997f73865c920d1dde3737cd6c6d\npu_core
Used module:         $paramod$2d6c54a146b5c9bc63af6521ae2fae94a8696de1\npu_adder
Used module:         \npu_activation
Used module:         $paramod$9762f17314fc00bcc8483d811536c717be533d3b\npu_requant
Used module:             $paramod$00e50bd1d9329584e2110eb397cc8a22011310c9\npu_adder
Used module:         $paramod$08c73daaa1669ae34ddd30ce600067231e5c67e3\npu_array
Used module:             $paramod$67ba8969b455a9921a0ce9d05bfcb7563f4a488b\npu_pe
Used module:                 $paramod$249e2fefde2cea6485f1861c172b2e75dba89233\npu_adder
Used module:                 $paramod$67e98feaf73b54d35f9441170982b8d89b9a2316\npu_mult
Used module:                     $paramod$27a8bd94657cc90e38f275422f31847ddfd4487e\npu_csa_reduce
Used module:                         \npu_csa_reduce
Used module:                             $paramod$17604f602797e3202e357decf915a5bc29aa0ca3\npu_csa_reduce
Used module:                     $paramod$1ed99f1253f88f2664ca886b8b7f7f8ea7f768dd\npu_pp_baugh_wooley
Used module:                     $paramod$29b69393125ca7ee80b32022bd2decdec691949f\npu_adder
Used module:         $paramod$9473666d1202fb0760a3925be9da2ac9ee2a408e\npu_host_if
Parameter \WIDTH = 16
Parameter \N = 2

15.29. Executing AST frontend in derive mode using pre-parsed AST for module `\npu_csa_reduce'.
Parameter \WIDTH = 16
Parameter \N = 2
Generating RTLIL representation for module `$paramod$1eb2e9d021a26f5457ad6970e0ac2d330aaa366a\npu_csa_reduce'.
Parameter \WIDTH = 16
Parameter \N = 6

15.30. Executing AST frontend in derive mode using pre-parsed AST for module `\npu_csa_reduce'.
Parameter \WIDTH = 16
Parameter \N = 6
Generating RTLIL representation for module `$paramod$2b1d745c338a0a6e50bcd9a4dc82bdf12badc2b0\npu_csa_reduce'.

15.31. Analyzing design hierarchy..
Top module:  \tt_um_danieltyukov_int8_npu
Used module:     $paramod$697a67ea0db5997f73865c920d1dde3737cd6c6d\npu_core
Used module:         $paramod$2d6c54a146b5c9bc63af6521ae2fae94a8696de1\npu_adder
Used module:         \npu_activation
Used module:         $paramod$9762f17314fc00bcc8483d811536c717be533d3b\npu_requant
Used module:             $paramod$00e50bd1d9329584e2110eb397cc8a22011310c9\npu_adder
Used module:         $paramod$08c73daaa1669ae34ddd30ce600067231e5c67e3\npu_array
Used module:             $paramod$67ba8969b455a9921a0ce9d05bfcb7563f4a488b\npu_pe
Used module:                 $paramod$249e2fefde2cea6485f1861c172b2e75dba89233\npu_adder
Used module:                 $paramod$67e98feaf73b54d35f9441170982b8d89b9a2316\npu_mult
Used module:                     $paramod$27a8bd94657cc90e38f275422f31847ddfd4487e\npu_csa_reduce
Used module:                         $paramod$2b1d745c338a0a6e50bcd9a4dc82bdf12badc2b0\npu_csa_reduce
Used module:                             \npu_csa_reduce
Used module:                                 $paramod$17604f602797e3202e357decf915a5bc29aa0ca3\npu_csa_reduce
Used module:                                     $paramod$1eb2e9d021a26f5457ad6970e0ac2d330aaa366a\npu_csa_reduce
Used module:                     $paramod$1ed99f1253f88f2664ca886b8b7f7f8ea7f768dd\npu_pp_baugh_wooley
Used module:                     $paramod$29b69393125ca7ee80b32022bd2decdec691949f\npu_adder
Used module:         $paramod$9473666d1202fb0760a3925be9da2ac9ee2a408e\npu_host_if
Parameter \WIDTH = 16
Parameter \N = 4

15.32. Executing AST frontend in derive mode using pre-parsed AST for module `\npu_csa_reduce'.
Parameter \WIDTH = 16
Parameter \N = 4
Generating RTLIL representation for module `$paramod$c023b5faa9c785d07331b76839e06bd1ab774764\npu_csa_reduce'.

15.33. Analyzing design hierarchy..
Top module:  \tt_um_danieltyukov_int8_npu
Used module:     $paramod$697a67ea0db5997f73865c920d1dde3737cd6c6d\npu_core
Used module:         $paramod$2d6c54a146b5c9bc63af6521ae2fae94a8696de1\npu_adder
Used module:         \npu_activation
Used module:         $paramod$9762f17314fc00bcc8483d811536c717be533d3b\npu_requant
Used module:             $paramod$00e50bd1d9329584e2110eb397cc8a22011310c9\npu_adder
Used module:         $paramod$08c73daaa1669ae34ddd30ce600067231e5c67e3\npu_array
Used module:             $paramod$67ba8969b455a9921a0ce9d05bfcb7563f4a488b\npu_pe
Used module:                 $paramod$249e2fefde2cea6485f1861c172b2e75dba89233\npu_adder
Used module:                 $paramod$67e98feaf73b54d35f9441170982b8d89b9a2316\npu_mult
Used module:                     $paramod$27a8bd94657cc90e38f275422f31847ddfd4487e\npu_csa_reduce
Used module:                         $paramod$2b1d745c338a0a6e50bcd9a4dc82bdf12badc2b0\npu_csa_reduce
Used module:                             $paramod$c023b5faa9c785d07331b76839e06bd1ab774764\npu_csa_reduce
Used module:                                 \npu_csa_reduce
Used module:                                     $paramod$17604f602797e3202e357decf915a5bc29aa0ca3\npu_csa_reduce
Used module:                                         $paramod$1eb2e9d021a26f5457ad6970e0ac2d330aaa366a\npu_csa_reduce
Used module:                     $paramod$1ed99f1253f88f2664ca886b8b7f7f8ea7f768dd\npu_pp_baugh_wooley
Used module:                     $paramod$29b69393125ca7ee80b32022bd2decdec691949f\npu_adder
Used module:         $paramod$9473666d1202fb0760a3925be9da2ac9ee2a408e\npu_host_if
Parameter \WIDTH = 16
Parameter \N = 3
Found cached RTLIL representation for module `$paramod$17604f602797e3202e357decf915a5bc29aa0ca3\npu_csa_reduce'.

15.34. Analyzing design hierarchy..
Top module:  \tt_um_danieltyukov_int8_npu
Used module:     $paramod$697a67ea0db5997f73865c920d1dde3737cd6c6d\npu_core
Used module:         $paramod$2d6c54a146b5c9bc63af6521ae2fae94a8696de1\npu_adder
Used module:         \npu_activation
Used module:         $paramod$9762f17314fc00bcc8483d811536c717be533d3b\npu_requant
Used module:             $paramod$00e50bd1d9329584e2110eb397cc8a22011310c9\npu_adder
Used module:         $paramod$08c73daaa1669ae34ddd30ce600067231e5c67e3\npu_array
Used module:             $paramod$67ba8969b455a9921a0ce9d05bfcb7563f4a488b\npu_pe
Used module:                 $paramod$249e2fefde2cea6485f1861c172b2e75dba89233\npu_adder
Used module:                 $paramod$67e98feaf73b54d35f9441170982b8d89b9a2316\npu_mult
Used module:                     $paramod$27a8bd94657cc90e38f275422f31847ddfd4487e\npu_csa_reduce
Used module:                         $paramod$2b1d745c338a0a6e50bcd9a4dc82bdf12badc2b0\npu_csa_reduce
Used module:                             $paramod$c023b5faa9c785d07331b76839e06bd1ab774764\npu_csa_reduce
Used module:                                 $paramod$17604f602797e3202e357decf915a5bc29aa0ca3\npu_csa_reduce
Used module:                                     $paramod$1eb2e9d021a26f5457ad6970e0ac2d330aaa366a\npu_csa_reduce
Used module:                     $paramod$1ed99f1253f88f2664ca886b8b7f7f8ea7f768dd\npu_pp_baugh_wooley
Used module:                     $paramod$29b69393125ca7ee80b32022bd2decdec691949f\npu_adder
Used module:         $paramod$9473666d1202fb0760a3925be9da2ac9ee2a408e\npu_host_if

15.35. Analyzing design hierarchy..
Top module:  \tt_um_danieltyukov_int8_npu
Used module:     $paramod$697a67ea0db5997f73865c920d1dde3737cd6c6d\npu_core
Used module:         $paramod$2d6c54a146b5c9bc63af6521ae2fae94a8696de1\npu_adder
Used module:         \npu_activation
Used module:         $paramod$9762f17314fc00bcc8483d811536c717be533d3b\npu_requant
Used module:             $paramod$00e50bd1d9329584e2110eb397cc8a22011310c9\npu_adder
Used module:         $paramod$08c73daaa1669ae34ddd30ce600067231e5c67e3\npu_array
Used module:             $paramod$67ba8969b455a9921a0ce9d05bfcb7563f4a488b\npu_pe
Used module:                 $paramod$249e2fefde2cea6485f1861c172b2e75dba89233\npu_adder
Used module:                 $paramod$67e98feaf73b54d35f9441170982b8d89b9a2316\npu_mult
Used module:                     $paramod$27a8bd94657cc90e38f275422f31847ddfd4487e\npu_csa_reduce
Used module:                         $paramod$2b1d745c338a0a6e50bcd9a4dc82bdf12badc2b0\npu_csa_reduce
Used module:                             $paramod$c023b5faa9c785d07331b76839e06bd1ab774764\npu_csa_reduce
Used module:                                 $paramod$17604f602797e3202e357decf915a5bc29aa0ca3\npu_csa_reduce
Used module:                                     $paramod$1eb2e9d021a26f5457ad6970e0ac2d330aaa366a\npu_csa_reduce
Used module:                     $paramod$1ed99f1253f88f2664ca886b8b7f7f8ea7f768dd\npu_pp_baugh_wooley
Used module:                     $paramod$29b69393125ca7ee80b32022bd2decdec691949f\npu_adder
Used module:         $paramod$9473666d1202fb0760a3925be9da2ac9ee2a408e\npu_host_if
Removing unused module `$paramod$60b3baad27a8ade2b24a1797a14779826394a681\npu_adder'.
Removing unused module `$paramod$d9c2f9dfb5e64c8dbdf33064c2b44a2f73ce6cb6\npu_adder'.
Removing unused module `$paramod$529a98eedf781dfdd5b6499ee6f6fb7d2878c518\npu_host_if'.
Removing unused module `$paramod$666da260e2ee1dff8ff77b4606c64809bcab2bb0\npu_array'.
Removing unused module `$paramod$30391a695cf76b71d765391e92da753473a83243\npu_requant'.
Removing unused module `$paramod$ba7bff7ae67ca0921cf86cd97b8021e2ec0c5424\npu_adder'.
Removing unused module `$paramod$a1cbd45a87523b3aa3376e3b8d05abd91c4cb6bf\npu_mult'.
Removing unused module `$paramod$fb8eb8dcaf3ef364e4d47beadacd83e06bae8163\npu_adder'.
Removing unused module `$paramod$ff257773bd01275f0d043df288de414e423018a5\npu_pe'.
Removing unused module `\npu_requant'.
Removing unused module `\npu_pp_booth4'.
Removing unused module `\npu_pp_baugh_wooley'.
Removing unused module `\npu_pe'.
Removing unused module `\npu_mult'.
Removing unused module `\npu_host_if'.
Removing unused module `\npu_csa_reduce'.
Removing unused module `\npu_core'.
Removing unused module `\npu_array'.
Removing unused module `\npu_adder'.
Removed 19 unused modules.

16. Executing SYNTH pass.

16.1. Executing HIERARCHY pass (managing design hierarchy).

16.1.1. Analyzing design hierarchy..
Top module:  \tt_um_danieltyukov_int8_npu
Used module:     $paramod$697a67ea0db5997f73865c920d1dde3737cd6c6d\npu_core
Used module:         $paramod$2d6c54a146b5c9bc63af6521ae2fae94a8696de1\npu_adder
Used module:         \npu_activation
Used module:         $paramod$9762f17314fc00bcc8483d811536c717be533d3b\npu_requant
Used module:             $paramod$00e50bd1d9329584e2110eb397cc8a22011310c9\npu_adder
Used module:         $paramod$08c73daaa1669ae34ddd30ce600067231e5c67e3\npu_array
Used module:             $paramod$67ba8969b455a9921a0ce9d05bfcb7563f4a488b\npu_pe
Used module:                 $paramod$249e2fefde2cea6485f1861c172b2e75dba89233\npu_adder
Used module:                 $paramod$67e98feaf73b54d35f9441170982b8d89b9a2316\npu_mult
Used module:                     $paramod$27a8bd94657cc90e38f275422f31847ddfd4487e\npu_csa_reduce
Used module:                         $paramod$2b1d745c338a0a6e50bcd9a4dc82bdf12badc2b0\npu_csa_reduce
Used module:                             $paramod$c023b5faa9c785d07331b76839e06bd1ab774764\npu_csa_reduce
Used module:                                 $paramod$17604f602797e3202e357decf915a5bc29aa0ca3\npu_csa_reduce
Used module:                                     $paramod$1eb2e9d021a26f5457ad6970e0ac2d330aaa366a\npu_csa_reduce
Used module:                     $paramod$1ed99f1253f88f2664ca886b8b7f7f8ea7f768dd\npu_pp_baugh_wooley
Used module:                     $paramod$29b69393125ca7ee80b32022bd2decdec691949f\npu_adder
Used module:         $paramod$9473666d1202fb0760a3925be9da2ac9ee2a408e\npu_host_if

16.1.2. Analyzing design hierarchy..
Top module:  \tt_um_danieltyukov_int8_npu
Used module:     $paramod$697a67ea0db5997f73865c920d1dde3737cd6c6d\npu_core
Used module:         $paramod$2d6c54a146b5c9bc63af6521ae2fae94a8696de1\npu_adder
Used module:         \npu_activation
Used module:         $paramod$9762f17314fc00bcc8483d811536c717be533d3b\npu_requant
Used module:             $paramod$00e50bd1d9329584e2110eb397cc8a22011310c9\npu_adder
Used module:         $paramod$08c73daaa1669ae34ddd30ce600067231e5c67e3\npu_array
Used module:             $paramod$67ba8969b455a9921a0ce9d05bfcb7563f4a488b\npu_pe
Used module:                 $paramod$249e2fefde2cea6485f1861c172b2e75dba89233\npu_adder
Used module:                 $paramod$67e98feaf73b54d35f9441170982b8d89b9a2316\npu_mult
Used module:                     $paramod$27a8bd94657cc90e38f275422f31847ddfd4487e\npu_csa_reduce
Used module:                         $paramod$2b1d745c338a0a6e50bcd9a4dc82bdf12badc2b0\npu_csa_reduce
Used module:                             $paramod$c023b5faa9c785d07331b76839e06bd1ab774764\npu_csa_reduce
Used module:                                 $paramod$17604f602797e3202e357decf915a5bc29aa0ca3\npu_csa_reduce
Used module:                                     $paramod$1eb2e9d021a26f5457ad6970e0ac2d330aaa366a\npu_csa_reduce
Used module:                     $paramod$1ed99f1253f88f2664ca886b8b7f7f8ea7f768dd\npu_pp_baugh_wooley
Used module:                     $paramod$29b69393125ca7ee80b32022bd2decdec691949f\npu_adder
Used module:         $paramod$9473666d1202fb0760a3925be9da2ac9ee2a408e\npu_host_if
Removed 0 unused modules.

16.2. Executing PROC pass (convert processes to netlists).

16.2.1. Executing PROC_CLEAN pass (remove empty switches from decision trees).
Found and cleaned up 2 empty switches in `$paramod$29b69393125ca7ee80b32022bd2decdec691949f\npu_adder.$proc$/home/danieltyukov/workspace/personal/tt-ihp-int8-npu/src/npu_adder.sv:0$1956'.
Removing empty process `$paramod$29b69393125ca7ee80b32022bd2decdec691949f\npu_adder.$proc$/home/danieltyukov/workspace/personal/tt-ihp-int8-npu/src/npu_adder.sv:0$1956'.
Found and cleaned up 1 empty switch in `$paramod$27a8bd94657cc90e38f275422f31847ddfd4487e\npu_csa_reduce.$proc$/home/danieltyukov/workspace/personal/tt-ihp-int8-npu/src/npu_csa_reduce.sv:0$1853'.
Removing empty process `$paramod$27a8bd94657cc90e38f275422f31847ddfd4487e\npu_csa_reduce.$proc$/home/danieltyukov/workspace/personal/tt-ihp-int8-npu/src/npu_csa_reduce.sv:0$1853'.
Found and cleaned up 1 empty switch in `$paramod$17604f602797e3202e357decf915a5bc29aa0ca3\npu_csa_reduce.$proc$/home/danieltyukov/workspace/personal/tt-ihp-int8-npu/src/npu_csa_reduce.sv:0$1831'.
Removing empty process `$paramod$17604f602797e3202e357decf915a5bc29aa0ca3\npu_csa_reduce.$proc$/home/danieltyukov/workspace/personal/tt-ihp-int8-npu/src/npu_csa_reduce.sv:0$1831'.
Found and cleaned up 1 empty switch in `$paramod$67e98feaf73b54d35f9441170982b8d89b9a2316\npu_mult.$proc$/home/danieltyukov/workspace/personal/tt-ihp-int8-npu/src/npu_mult.sv:0$1823'.
Removing empty process `$paramod$67e98feaf73b54d35f9441170982b8d89b9a2316\npu_mult.$proc$/home/danieltyukov/workspace/personal/tt-ihp-int8-npu/src/npu_mult.sv:0$1823'.
Found and cleaned up 2 empty switches in `$paramod$249e2fefde2cea6485f1861c172b2e75dba89233\npu_adder.$proc$/home/danieltyukov/workspace/personal/tt-ihp-int8-npu/src/npu_adder.sv:0$1821'.
Removing empty process `$paramod$249e2fefde2cea6485f1861c172b2e75dba89233\npu_adder.$proc$/home/danieltyukov/workspace/personal/tt-ihp-int8-npu/src/npu_adder.sv:0$1821'.
Found and cleaned up 1 empty switch in `$paramod$67ba8969b455a9921a0ce9d05bfcb7563f4a488b\npu_pe.$proc$/home/danieltyukov/workspace/personal/tt-ihp-int8-npu/src/npu_pe.sv:0$1697'.
Removing empty process `$paramod$67ba8969b455a9921a0ce9d05bfcb7563f4a488b\npu_pe.$proc$/home/danieltyukov/workspace/personal/tt-ihp-int8-npu/src/npu_pe.sv:0$1697'.
Found and cleaned up 2 empty switches in `$paramod$00e50bd1d9329584e2110eb397cc8a22011310c9\npu_adder.$proc$/home/danieltyukov/workspace/personal/tt-ihp-int8-npu/src/npu_adder.sv:0$1693'.
Removing empty process `$paramod$00e50bd1d9329584e2110eb397cc8a22011310c9\npu_adder.$proc$/home/danieltyukov/workspace/personal/tt-ihp-int8-npu/src/npu_adder.sv:0$1693'.
Found and cleaned up 3 empty switches in `$paramod$08c73daaa1669ae34ddd30ce600067231e5c67e3\npu_array.$proc$/home/danieltyukov/workspace/personal/tt-ihp-int8-npu/src/npu_array.sv:0$1454'.
Removing empty process `$paramod$08c73daaa1669ae34ddd30ce600067231e5c67e3\npu_array.$proc$/home/danieltyukov/workspace/personal/tt-ihp-int8-npu/src/npu_array.sv:0$1454'.
Found and cleaned up 4 empty switches in `$paramod$9762f17314fc00bcc8483d811536c717be533d3b\npu_requant.$proc$/home/danieltyukov/workspace/personal/tt-ihp-int8-npu/src/npu_requant.sv:0$1452'.
Removing empty process `$paramod$9762f17314fc00bcc8483d811536c717be533d3b\npu_requant.$proc$/home/danieltyukov/workspace/personal/tt-ihp-int8-npu/src/npu_requant.sv:0$1452'.
Found and cleaned up 2 empty switches in `$paramod$2d6c54a146b5c9bc63af6521ae2fae94a8696de1\npu_adder.$proc$/home/danieltyukov/workspace/personal/tt-ihp-int8-npu/src/npu_adder.sv:0$1407'.
Removing empty process `$paramod$2d6c54a146b5c9bc63af6521ae2fae94a8696de1\npu_adder.$proc$/home/danieltyukov/workspace/personal/tt-ihp-int8-npu/src/npu_adder.sv:0$1407'.
Found and cleaned up 8 empty switches in `$paramod$697a67ea0db5997f73865c920d1dde3737cd6c6d\npu_core.$proc$/home/danieltyukov/workspace/personal/tt-ihp-int8-npu/src/npu_core.sv:0$1229'.
Removing empty process `$paramod$697a67ea0db5997f73865c920d1dde3737cd6c6d\npu_core.$proc$/home/danieltyukov/workspace/personal/tt-ihp-int8-npu/src/npu_core.sv:0$1229'.
Found and cleaned up 1 empty switch in `$paramod$c023b5faa9c785d07331b76839e06bd1ab774764\npu_csa_reduce.$proc$/home/danieltyukov/workspace/personal/tt-ihp-int8-npu/src/npu_csa_reduce.sv:0$1980'.
Removing empty process `$paramod$c023b5faa9c785d07331b76839e06bd1ab774764\npu_csa_reduce.$proc$/home/danieltyukov/workspace/personal/tt-ihp-int8-npu/src/npu_csa_reduce.sv:0$1980'.
Found and cleaned up 1 empty switch in `$paramod$1ed99f1253f88f2664ca886b8b7f7f8ea7f768dd\npu_pp_baugh_wooley.$proc$/home/danieltyukov/workspace/personal/tt-ihp-int8-npu/src/npu_pp_baugh_wooley.sv:0$926'.
Removing empty process `$paramod$1ed99f1253f88f2664ca886b8b7f7f8ea7f768dd\npu_pp_baugh_wooley.$proc$/home/danieltyukov/workspace/personal/tt-ihp-int8-npu/src/npu_pp_baugh_wooley.sv:0$926'.
Found and cleaned up 1 empty switch in `$paramod$2b1d745c338a0a6e50bcd9a4dc82bdf12badc2b0\npu_csa_reduce.$proc$/home/danieltyukov/workspace/personal/tt-ihp-int8-npu/src/npu_csa_reduce.sv:0$1972'.
Removing empty process `$paramod$2b1d745c338a0a6e50bcd9a4dc82bdf12badc2b0\npu_csa_reduce.$proc$/home/danieltyukov/workspace/personal/tt-ihp-int8-npu/src/npu_csa_reduce.sv:0$1972'.
Found and cleaned up 1 empty switch in `$paramod$1eb2e9d021a26f5457ad6970e0ac2d330aaa366a\npu_csa_reduce.$proc$/home/danieltyukov/workspace/personal/tt-ihp-int8-npu/src/npu_csa_reduce.sv:0$1957'.
Removing empty process `$paramod$1eb2e9d021a26f5457ad6970e0ac2d330aaa366a\npu_csa_reduce.$proc$/home/danieltyukov/workspace/personal/tt-ihp-int8-npu/src/npu_csa_reduce.sv:0$1957'.
Cleaned up 31 empty switches.

16.2.2. Executing PROC_RMDEAD pass (remove dead branches from decision trees).
Marked 1 switch rules as full_case in process $proc$/home/danieltyukov/workspace/personal/tt-ihp-int8-npu/src/npu_pe.sv:84$1694 in module $paramod$67ba8969b455a9921a0ce9d05bfcb7563f4a488b\npu_pe.
Marked 9 switch rules as full_case in process $proc$/home/danieltyukov/workspace/personal/tt-ihp-int8-npu/src/npu_host_if.sv:123$1458 in module $paramod$9473666d1202fb0760a3925be9da2ac9ee2a408e\npu_host_if.
Marked 3 switch rules as full_case in process $proc$/home/danieltyukov/workspace/personal/tt-ihp-int8-npu/src/npu_requant.sv:137$1432 in module $paramod$9762f17314fc00bcc8483d811536c717be533d3b\npu_requant.
Marked 2 switch rules as full_case in process $proc$/home/danieltyukov/workspace/personal/tt-ihp-int8-npu/src/npu_core.sv:396$1227 in module $paramod$697a67ea0db5997f73865c920d1dde3737cd6c6d\npu_core.
Marked 2 switch rules as full_case in process $proc$/home/danieltyukov/workspace/personal/tt-ihp-int8-npu/src/npu_core.sv:396$1219 in module $paramod$697a67ea0db5997f73865c920d1dde3737cd6c6d\npu_core.
Marked 2 switch rules as full_case in process $proc$/home/danieltyukov/workspace/personal/tt-ihp-int8-npu/src/npu_core.sv:396$1211 in module $paramod$697a67ea0db5997f73865c920d1dde3737cd6c6d\npu_core.
Marked 2 switch rules as full_case in process $proc$/home/danieltyukov/workspace/personal/tt-ihp-int8-npu/src/npu_core.sv:396$1203 in module $paramod$697a67ea0db5997f73865c920d1dde3737cd6c6d\npu_core.
Marked 2 switch rules as full_case in process $proc$/home/danieltyukov/workspace/personal/tt-ihp-int8-npu/src/npu_core.sv:396$1195 in module $paramod$697a67ea0db5997f73865c920d1dde3737cd6c6d\npu_core.
Marked 2 switch rules as full_case in process $proc$/home/danieltyukov/workspace/personal/tt-ihp-int8-npu/src/npu_core.sv:396$1187 in module $paramod$697a67ea0db5997f73865c920d1dde3737cd6c6d\npu_core.
Marked 2 switch rules as full_case in process $proc$/home/danieltyukov/workspace/personal/tt-ihp-int8-npu/src/npu_core.sv:396$1179 in module $paramod$697a67ea0db5997f73865c920d1dde3737cd6c6d\npu_core.
Marked 2 switch rules as full_case in process $proc$/home/danieltyukov/workspace/personal/tt-ihp-int8-npu/src/npu_core.sv:396$1171 in module $paramod$697a67ea0db5997f73865c920d1dde3737cd6c6d\npu_core.
Marked 2 switch rules as full_case in process $proc$/home/danieltyukov/workspace/personal/tt-ihp-int8-npu/src/npu_core.sv:330$1162 in module $paramod$697a67ea0db5997f73865c920d1dde3737cd6c6d\npu_core.
Marked 2 switch rules as full_case in process $proc$/home/danieltyukov/workspace/personal/tt-ihp-int8-npu/src/npu_core.sv:330$1156 in module $paramod$697a67ea0db5997f73865c920d1dde3737cd6c6d\npu_core.
Marked 2 switch rules as full_case in process $proc$/home/danieltyukov/workspace/personal/tt-ihp-int8-npu/src/npu_core.sv:330$1150 in module $paramod$697a67ea0db5997f73865c920d1dde3737cd6c6d\npu_core.
Marked 2 switch rules as full_case in process $proc$/home/danieltyukov/workspace/personal/tt-ihp-int8-npu/src/npu_core.sv:330$1144 in module $paramod$697a67ea0db5997f73865c920d1dde3737cd6c6d\npu_core.
Marked 2 switch rules as full_case in process $proc$/home/danieltyukov/workspace/personal/tt-ihp-int8-npu/src/npu_core.sv:330$1127 in module $paramod$697a67ea0db5997f73865c920d1dde3737cd6c6d\npu_core.
Marked 2 switch rules as full_case in process $proc$/home/danieltyukov/workspace/personal/tt-ihp-int8-npu/src/npu_core.sv:330$1121 in module $paramod$697a67ea0db5997f73865c920d1dde3737cd6c6d\npu_core.
Marked 2 switch rules as full_case in process $proc$/home/danieltyukov/workspace/personal/tt-ihp-int8-npu/src/npu_core.sv:330$1115 in module $paramod$697a67ea0db5997f73865c920d1dde3737cd6c6d\npu_core.
Marked 2 switch rules as full_case in process $proc$/home/danieltyukov/workspace/personal/tt-ihp-int8-npu/src/npu_core.sv:330$1109 in module $paramod$697a67ea0db5997f73865c920d1dde3737cd6c6d\npu_core.
Marked 1 switch rules as full_case in process $proc$/home/danieltyukov/workspace/personal/tt-ihp-int8-npu/src/npu_core.sv:0$1010 in module $paramod$697a67ea0db5997f73865c920d1dde3737cd6c6d\npu_core.
Marked 1 switch rules as full_case in process $proc$/home/danieltyukov/workspace/personal/tt-ihp-int8-npu/src/npu_core.sv:0$1009 in module $paramod$697a67ea0db5997f73865c920d1dde3737cd6c6d\npu_core.
Marked 6 switch rules as full_case in process $proc$/home/danieltyukov/workspace/personal/tt-ihp-int8-npu/src/npu_core.sv:415$993 in module $paramod$697a67ea0db5997f73865c920d1dde3737cd6c6d\npu_core.
Marked 2 switch rules as full_case in process $proc$/home/danieltyukov/workspace/personal/tt-ihp-int8-npu/src/npu_core.sv:263$971 in module $paramod$697a67ea0db5997f73865c920d1dde3737cd6c6d\npu_core.
Marked 2 switch rules as full_case in process $proc$/home/danieltyukov/workspace/personal/tt-ihp-int8-npu/src/npu_core.sv:173$966 in module $paramod$697a67ea0db5997f73865c920d1dde3737cd6c6d\npu_core.
Removed a total of 0 dead cases.

16.2.3. Executing PROC_PRUNE pass (remove redundant assignments in processes).
Removed 16 redundant assignments.
Promoted 8 assignments to connections.

16.2.4. Executing PROC_INIT pass (extract init attributes).

16.2.5. Executing PROC_ARST pass (detect async resets in processes).
Found async reset \rst_n in `$paramod$67ba8969b455a9921a0ce9d05bfcb7563f4a488b\npu_pe.$proc$/home/danieltyukov/workspace/personal/tt-ihp-int8-npu/src/npu_pe.sv:84$1694'.
Found async reset \rst_n in `$paramod$9473666d1202fb0760a3925be9da2ac9ee2a408e\npu_host_if.$proc$/home/danieltyukov/workspace/personal/tt-ihp-int8-npu/src/npu_host_if.sv:123$1458'.
Found async reset \rst_n in `$paramod$9762f17314fc00bcc8483d811536c717be533d3b\npu_requant.$proc$/home/danieltyukov/workspace/personal/tt-ihp-int8-npu/src/npu_requant.sv:137$1432'.
Found async reset \rst_n in `$paramod$697a67ea0db5997f73865c920d1dde3737cd6c6d\npu_core.$proc$/home/danieltyukov/workspace/personal/tt-ihp-int8-npu/src/npu_core.sv:396$1227'.
Found async reset \rst_n in `$paramod$697a67ea0db5997f73865c920d1dde3737cd6c6d\npu_core.$proc$/home/danieltyukov/workspace/personal/tt-ihp-int8-npu/src/npu_core.sv:396$1219'.
Found async reset \rst_n in `$paramod$697a67ea0db5997f73865c920d1dde3737cd6c6d\npu_core.$proc$/home/danieltyukov/workspace/personal/tt-ihp-int8-npu/src/npu_core.sv:396$1211'.
Found async reset \rst_n in `$paramod$697a67ea0db5997f73865c920d1dde3737cd6c6d\npu_core.$proc$/home/danieltyukov/workspace/personal/tt-ihp-int8-npu/src/npu_core.sv:396$1203'.
Found async reset \rst_n in `$paramod$697a67ea0db5997f73865c920d1dde3737cd6c6d\npu_core.$proc$/home/danieltyukov/workspace/personal/tt-ihp-int8-npu/src/npu_core.sv:396$1195'.
Found async reset \rst_n in `$paramod$697a67ea0db5997f73865c920d1dde3737cd6c6d\npu_core.$proc$/home/danieltyukov/workspace/personal/tt-ihp-int8-npu/src/npu_core.sv:396$1187'.
Found async reset \rst_n in `$paramod$697a67ea0db5997f73865c920d1dde3737cd6c6d\npu_core.$proc$/home/danieltyukov/workspace/personal/tt-ihp-int8-npu/src/npu_core.sv:396$1179'.
Found async reset \rst_n in `$paramod$697a67ea0db5997f73865c920d1dde3737cd6c6d\npu_core.$proc$/home/danieltyukov/workspace/personal/tt-ihp-int8-npu/src/npu_core.sv:396$1171'.
Found async reset \rst_n in `$paramod$697a67ea0db5997f73865c920d1dde3737cd6c6d\npu_core.$proc$/home/danieltyukov/workspace/personal/tt-ihp-int8-npu/src/npu_core.sv:330$1162'.
Found async reset \rst_n in `$paramod$697a67ea0db5997f73865c920d1dde3737cd6c6d\npu_core.$proc$/home/danieltyukov/workspace/personal/tt-ihp-int8-npu/src/npu_core.sv:330$1156'.
Found async reset \rst_n in `$paramod$697a67ea0db5997f73865c920d1dde3737cd6c6d\npu_core.$proc$/home/danieltyukov/workspace/personal/tt-ihp-int8-npu/src/npu_core.sv:330$1150'.
Found async reset \rst_n in `$paramod$697a67ea0db5997f73865c920d1dde3737cd6c6d\npu_core.$proc$/home/danieltyukov/workspace/personal/tt-ihp-int8-npu/src/npu_core.sv:330$1144'.
Found async reset \rst_n in `$paramod$697a67ea0db5997f73865c920d1dde3737cd6c6d\npu_core.$proc$/home/danieltyukov/workspace/personal/tt-ihp-int8-npu/src/npu_core.sv:330$1127'.
Found async reset \rst_n in `$paramod$697a67ea0db5997f73865c920d1dde3737cd6c6d\npu_core.$proc$/home/danieltyukov/workspace/personal/tt-ihp-int8-npu/src/npu_core.sv:330$1121'.
Found async reset \rst_n in `$paramod$697a67ea0db5997f73865c920d1dde3737cd6c6d\npu_core.$proc$/home/danieltyukov/workspace/personal/tt-ihp-int8-npu/src/npu_core.sv:330$1115'.
Found async reset \rst_n in `$paramod$697a67ea0db5997f73865c920d1dde3737cd6c6d\npu_core.$proc$/home/danieltyukov/workspace/personal/tt-ihp-int8-npu/src/npu_core.sv:330$1109'.
Found async reset \rst_n in `$paramod$697a67ea0db5997f73865c920d1dde3737cd6c6d\npu_core.$proc$/home/danieltyukov/workspace/personal/tt-ihp-int8-npu/src/npu_core.sv:415$993'.
Found async reset \rst_n in `$paramod$697a67ea0db5997f73865c920d1dde3737cd6c6d\npu_core.$proc$/home/danieltyukov/workspace/personal/tt-ihp-int8-npu/src/npu_core.sv:263$971'.
Found async reset \rst_n in `$paramod$697a67ea0db5997f73865c920d1dde3737cd6c6d\npu_core.$proc$/home/danieltyukov/workspace/personal/tt-ihp-int8-npu/src/npu_core.sv:173$966'.

16.2.6. Executing PROC_ROM pass (convert switches to ROMs).
Converted 1 switch.
<suppressed ~72 debug messages>

16.2.7. Executing PROC_MUX pass (convert decision trees to multiplexers).
Creating decoders for process `$paramod$67ba8969b455a9921a0ce9d05bfcb7563f4a488b\npu_pe.$proc$/home/danieltyukov/workspace/personal/tt-ihp-int8-npu/src/npu_pe.sv:84$1694'.
     1/3: $0\psum_reg[18:0]
     2/3: $0\a_reg[7:0]
     3/3: $0\w_reg[7:0]
Creating decoders for process `$paramod$9473666d1202fb0760a3925be9da2ac9ee2a408e\npu_host_if.$proc$/home/danieltyukov/workspace/personal/tt-ihp-int8-npu/src/npu_host_if.sv:123$1458'.
     1/42: $5\payload_len$func$/home/danieltyukov/workspace/personal/tt-ihp-int8-npu/src/npu_host_if.sv:193$1457.$result[7:0]$1496
     2/42: $4\payload_len$func$/home/danieltyukov/workspace/personal/tt-ihp-int8-npu/src/npu_host_if.sv:193$1457.$result[7:0]$1494
     3/42: $4\payload_len$func$/home/danieltyukov/workspace/personal/tt-ihp-int8-npu/src/npu_host_if.sv:193$1457.o[3:0]$1495
     4/42: $4\known_op$func$/home/danieltyukov/workspace/personal/tt-ihp-int8-npu/src/npu_host_if.sv:167$1456.$result[0:0]$1490
     5/42: $4\payload_len$func$/home/danieltyukov/workspace/personal/tt-ihp-int8-npu/src/npu_host_if.sv:163$1455.$result[7:0]$1486
     6/42: $3\known_op$func$/home/danieltyukov/workspace/personal/tt-ihp-int8-npu/src/npu_host_if.sv:167$1456.$result[0:0]$1482
     7/42: $3\known_op$func$/home/danieltyukov/workspace/personal/tt-ihp-int8-npu/src/npu_host_if.sv:167$1456.o[3:0]$1483
     8/42: $3\payload_len$func$/home/danieltyukov/workspace/personal/tt-ihp-int8-npu/src/npu_host_if.sv:163$1455.$result[7:0]$1480
     9/42: $3\payload_len$func$/home/danieltyukov/workspace/personal/tt-ihp-int8-npu/src/npu_host_if.sv:163$1455.o[3:0]$1481
    10/42: $3\payload_len$func$/home/danieltyukov/workspace/personal/tt-ihp-int8-npu/src/npu_host_if.sv:193$1457.o[3:0]$1485
    11/42: $3\payload_len$func$/home/danieltyukov/workspace/personal/tt-ihp-int8-npu/src/npu_host_if.sv:193$1457.$result[7:0]$1484
    12/42: $2\payload_len$func$/home/danieltyukov/workspace/personal/tt-ihp-int8-npu/src/npu_host_if.sv:193$1457.o[3:0]$1478
    13/42: $2\payload_len$func$/home/danieltyukov/workspace/personal/tt-ihp-int8-npu/src/npu_host_if.sv:193$1457.$result[7:0]$1477
    14/42: $2\known_op$func$/home/danieltyukov/workspace/personal/tt-ihp-int8-npu/src/npu_host_if.sv:167$1456.o[3:0]$1476
    15/42: $2\known_op$func$/home/danieltyukov/workspace/personal/tt-ihp-int8-npu/src/npu_host_if.sv:167$1456.$result[0:0]$1475
    16/42: $2\payload_len$func$/home/danieltyukov/workspace/personal/tt-ihp-int8-npu/src/npu_host_if.sv:163$1455.o[3:0]$1474
    17/42: $2\payload_len$func$/home/danieltyukov/workspace/personal/tt-ihp-int8-npu/src/npu_host_if.sv:163$1455.$result[7:0]$1473
    18/42: $1\payload_len$func$/home/danieltyukov/workspace/personal/tt-ihp-int8-npu/src/npu_host_if.sv:193$1457.o[3:0]$1471
    19/42: $1\payload_len$func$/home/danieltyukov/workspace/personal/tt-ihp-int8-npu/src/npu_host_if.sv:193$1457.$result[7:0]$1470
    20/42: $1\known_op$func$/home/danieltyukov/workspace/personal/tt-ihp-int8-npu/src/npu_host_if.sv:167$1456.o[3:0]$1469
    21/42: $1\known_op$func$/home/danieltyukov/workspace/personal/tt-ihp-int8-npu/src/npu_host_if.sv:167$1456.$result[0:0]$1468
    22/42: $1\payload_len$func$/home/danieltyukov/workspace/personal/tt-ihp-int8-npu/src/npu_host_if.sv:163$1455.o[3:0]$1467
    23/42: $1\payload_len$func$/home/danieltyukov/workspace/personal/tt-ihp-int8-npu/src/npu_host_if.sv:163$1455.$result[7:0]$1466
    24/42: $0\err_set[0:0]
    25/42: $0\soft_rst[0:0]
    26/42: $0\clr_flags[0:0]
    27/42: $0\run[0:0]
    28/42: $0\wr_cfg[0:0]
    29/42: $0\wr_post[0:0]
    30/42: $0\wr_quant[0:0]
    31/42: $0\wr_bias[0:0]
    32/42: $0\wr_act[0:0]
    33/42: $0\wr_w[0:0]
    34/42: $0\pcount[7:0]
    35/42: $0\op[3:0]
    36/42: $0\err_code[1:0]
    37/42: $0\run_req[0:0]
    38/42: $0\run_acc[0:0]
    39/42: $0\byte_out[7:0]
    40/42: $0\rd_ptr[4:0]
    41/42: $0\rd_src[1:0]
    42/42: $0\post_idx[1:0]
Creating decoders for process `$paramod$9762f17314fc00bcc8483d811536c717be533d3b\npu_requant.$proc$/home/danieltyukov/workspace/personal/tt-ihp-int8-npu/src/npu_requant.sv:137$1432'.
     1/9: $0\done[0:0]
     2/9: $0\sbit[0:0]
     3/9: $0\rbit[0:0]
     4/9: $0\shcnt[5:0]
     5/9: $0\digcnt[3:0]
     6/9: $0\pr[44:0]
     7/9: $0\sat_out[0:0]
     8/9: $0\q_out[7:0]
     9/9: $0\state[1:0]
Creating decoders for process `$paramod$697a67ea0db5997f73865c920d1dde3737cd6c6d\npu_core.$proc$/home/danieltyukov/workspace/personal/tt-ihp-int8-npu/src/npu_core.sv:396$1227'.
     1/1: $0\g_res[7].q[7:0]
Creating decoders for process `$paramod$697a67ea0db5997f73865c920d1dde3737cd6c6d\npu_core.$proc$/home/danieltyukov/workspace/personal/tt-ihp-int8-npu/src/npu_core.sv:396$1219'.
     1/1: $0\g_res[6].q[7:0]
Creating decoders for process `$paramod$697a67ea0db5997f73865c920d1dde3737cd6c6d\npu_core.$proc$/home/danieltyukov/workspace/personal/tt-ihp-int8-npu/src/npu_core.sv:396$1211'.
     1/1: $0\g_res[5].q[7:0]
Creating decoders for process `$paramod$697a67ea0db5997f73865c920d1dde3737cd6c6d\npu_core.$proc$/home/danieltyukov/workspace/personal/tt-ihp-int8-npu/src/npu_core.sv:396$1203'.
     1/1: $0\g_res[4].q[7:0]
Creating decoders for process `$paramod$697a67ea0db5997f73865c920d1dde3737cd6c6d\npu_core.$proc$/home/danieltyukov/workspace/personal/tt-ihp-int8-npu/src/npu_core.sv:396$1195'.
     1/1: $0\g_res[3].q[7:0]
Creating decoders for process `$paramod$697a67ea0db5997f73865c920d1dde3737cd6c6d\npu_core.$proc$/home/danieltyukov/workspace/personal/tt-ihp-int8-npu/src/npu_core.sv:396$1187'.
     1/1: $0\g_res[2].q[7:0]
Creating decoders for process `$paramod$697a67ea0db5997f73865c920d1dde3737cd6c6d\npu_core.$proc$/home/danieltyukov/workspace/personal/tt-ihp-int8-npu/src/npu_core.sv:396$1179'.
     1/1: $0\g_res[1].q[7:0]
Creating decoders for process `$paramod$697a67ea0db5997f73865c920d1dde3737cd6c6d\npu_core.$proc$/home/danieltyukov/workspace/personal/tt-ihp-int8-npu/src/npu_core.sv:396$1171'.
     1/1: $0\g_res[0].q[7:0]
Creating decoders for process `$paramod$697a67ea0db5997f73865c920d1dde3737cd6c6d\npu_core.$proc$/home/danieltyukov/workspace/personal/tt-ihp-int8-npu/src/npu_core.sv:330$1162'.
     1/1: $0\g_bank[1].g_ent[3].q[23:0]
Creating decoders for process `$paramod$697a67ea0db5997f73865c920d1dde3737cd6c6d\npu_core.$proc$/home/danieltyukov/workspace/personal/tt-ihp-int8-npu/src/npu_core.sv:330$1156'.
     1/1: $0\g_bank[1].g_ent[2].q[23:0]
Creating decoders for process `$paramod$697a67ea0db5997f73865c920d1dde3737cd6c6d\npu_core.$proc$/home/danieltyukov/workspace/personal/tt-ihp-int8-npu/src/npu_core.sv:330$1150'.
     1/1: $0\g_bank[1].g_ent[1].q[23:0]
Creating decoders for process `$paramod$697a67ea0db5997f73865c920d1dde3737cd6c6d\npu_core.$proc$/home/danieltyukov/workspace/personal/tt-ihp-int8-npu/src/npu_core.sv:330$1144'.
     1/1: $0\g_bank[1].g_ent[0].q[23:0]
Creating decoders for process `$paramod$697a67ea0db5997f73865c920d1dde3737cd6c6d\npu_core.$proc$/home/danieltyukov/workspace/personal/tt-ihp-int8-npu/src/npu_core.sv:330$1127'.
     1/1: $0\g_bank[0].g_ent[3].q[23:0]
Creating decoders for process `$paramod$697a67ea0db5997f73865c920d1dde3737cd6c6d\npu_core.$proc$/home/danieltyukov/workspace/personal/tt-ihp-int8-npu/src/npu_core.sv:330$1121'.
     1/1: $0\g_bank[0].g_ent[2].q[23:0]
Creating decoders for process `$paramod$697a67ea0db5997f73865c920d1dde3737cd6c6d\npu_core.$proc$/home/danieltyukov/workspace/personal/tt-ihp-int8-npu/src/npu_core.sv:330$1115'.
     1/1: $0\g_bank[0].g_ent[1].q[23:0]
Creating decoders for process `$paramod$697a67ea0db5997f73865c920d1dde3737cd6c6d\npu_core.$proc$/home/danieltyukov/workspace/personal/tt-ihp-int8-npu/src/npu_core.sv:330$1109'.
     1/1: $0\g_bank[0].g_ent[0].q[23:0]
Creating decoders for process `$paramod$697a67ea0db5997f73865c920d1dde3737cd6c6d\npu_core.$proc$/home/danieltyukov/workspace/personal/tt-ihp-int8-npu/src/npu_core.sv:0$1010'.
     1/1: $1\rb[7:0]
Creating decoders for process `$paramod$697a67ea0db5997f73865c920d1dde3737cd6c6d\npu_core.$proc$/home/danieltyukov/workspace/personal/tt-ihp-int8-npu/src/npu_core.sv:0$1009'.
     1/1: $1\id_byte[7:0]
Creating decoders for process `$paramod$697a67ea0db5997f73865c920d1dde3737cd6c6d\npu_core.$proc$/home/danieltyukov/workspace/personal/tt-ihp-int8-npu/src/npu_core.sv:415$993'.
     1/12: $0\req_start[0:0]
     2/12: $0\err_code_reg[1:0]
     3/12: $0\ovf_reg[0:0]
     4/12: $0\sat_reg[0:0]
     5/12: $0\err_reg[0:0]
     6/12: $0\done_reg[0:0]
     7/12: $0\req_c[0:0]
     8/12: $0\req_s[1:0]
     9/12: $0\do_req[0:0]
    10/12: $0\acc_first[0:0]
    11/12: $0\cyc[3:0]
    12/12: $0\state[1:0]
Creating decoders for process `$paramod$697a67ea0db5997f73865c920d1dde3737cd6c6d\npu_core.$proc$/home/danieltyukov/workspace/personal/tt-ihp-int8-npu/src/npu_core.sv:263$971'.
     1/3: $0\ipipe[15:0]
     2/3: $0\vpipe[7:0]
     3/3: $0\inj_idx[1:0]
Creating decoders for process `$paramod$697a67ea0db5997f73865c920d1dde3737cd6c6d\npu_core.$proc$/home/danieltyukov/workspace/personal/tt-ihp-int8-npu/src/npu_core.sv:173$966'.
     1/9: $0\s_cnt_m1[1:0]
     2/9: $0\leaky_k_reg[2:0]
     3/9: $0\act_sel_reg[1:0]
     4/9: $0\clamp_hi_reg[7:0]
     5/9: $0\clamp_lo_reg[7:0]
     6/9: $0\zp_reg[7:0]
     7/9: $0\quant_buf[47:0]
     8/9: $0\bias_buf[47:0]
     9/9: $0\act_buf[191:0]

16.2.8. Executing PROC_DLATCH pass (convert process syncs to latches).
No latch inferred for signal `$paramod$697a67ea0db5997f73865c920d1dde3737cd6c6d\npu_core.\rb' from process `$paramod$697a67ea0db5997f73865c920d1dde3737cd6c6d\npu_core.$proc$/home/danieltyukov/workspace/personal/tt-ihp-int8-npu/src/npu_core.sv:0$1010'.
No latch inferred for signal `$paramod$697a67ea0db5997f73865c920d1dde3737cd6c6d\npu_core.\id_byte' from process `$paramod$697a67ea0db5997f73865c920d1dde3737cd6c6d\npu_core.$proc$/home/danieltyukov/workspace/personal/tt-ihp-int8-npu/src/npu_core.sv:0$1009'.

16.2.9. Executing PROC_DFF pass (convert process syncs to FFs).
Creating register for signal `$paramod$67ba8969b455a9921a0ce9d05bfcb7563f4a488b\npu_pe.\w_reg' using process `$paramod$67ba8969b455a9921a0ce9d05bfcb7563f4a488b\npu_pe.$proc$/home/danieltyukov/workspace/personal/tt-ihp-int8-npu/src/npu_pe.sv:84$1694'.
  created $adff cell `$procdff$2737' with positive edge clock and negative level reset.
Creating register for signal `$paramod$67ba8969b455a9921a0ce9d05bfcb7563f4a488b\npu_pe.\a_reg' using process `$paramod$67ba8969b455a9921a0ce9d05bfcb7563f4a488b\npu_pe.$proc$/home/danieltyukov/workspace/personal/tt-ihp-int8-npu/src/npu_pe.sv:84$1694'.
  created $adff cell `$procdff$2738' with positive edge clock and negative level reset.
Creating register for signal `$paramod$67ba8969b455a9921a0ce9d05bfcb7563f4a488b\npu_pe.\psum_reg' using process `$paramod$67ba8969b455a9921a0ce9d05bfcb7563f4a488b\npu_pe.$proc$/home/danieltyukov/workspace/personal/tt-ihp-int8-npu/src/npu_pe.sv:84$1694'.
  created $adff cell `$procdff$2739' with positive edge clock and negative level reset.
Creating register for signal `$paramod$9473666d1202fb0760a3925be9da2ac9ee2a408e\npu_host_if.\wr_w' using process `$paramod$9473666d1202fb0760a3925be9da2ac9ee2a408e\npu_host_if.$proc$/home/danieltyukov/workspace/personal/tt-ihp-int8-npu/src/npu_host_if.sv:123$1458'.
  created $adff cell `$procdff$2740' with positive edge clock and negative level reset.
Creating register for signal `$paramod$9473666d1202fb0760a3925be9da2ac9ee2a408e\npu_host_if.\wr_act' using process `$paramod$9473666d1202fb0760a3925be9da2ac9ee2a408e\npu_host_if.$proc$/home/danieltyukov/workspace/personal/tt-ihp-int8-npu/src/npu_host_if.sv:123$1458'.
  created $adff cell `$procdff$2741' with positive edge clock and negative level reset.
Creating register for signal `$paramod$9473666d1202fb0760a3925be9da2ac9ee2a408e\npu_host_if.\wr_bias' using process `$paramod$9473666d1202fb0760a3925be9da2ac9ee2a408e\npu_host_if.$proc$/home/danieltyukov/workspace/personal/tt-ihp-int8-npu/src/npu_host_if.sv:123$1458'.
  created $adff cell `$procdff$2742' with positive edge clock and negative level reset.
Creating register for signal `$paramod$9473666d1202fb0760a3925be9da2ac9ee2a408e\npu_host_if.\wr_quant' using process `$paramod$9473666d1202fb0760a3925be9da2ac9ee2a408e\npu_host_if.$proc$/home/danieltyukov/workspace/personal/tt-ihp-int8-npu/src/npu_host_if.sv:123$1458'.
  created $adff cell `$procdff$2743' with positive edge clock and negative level reset.
Creating register for signal `$paramod$9473666d1202fb0760a3925be9da2ac9ee2a408e\npu_host_if.\wr_post' using process `$paramod$9473666d1202fb0760a3925be9da2ac9ee2a408e\npu_host_if.$proc$/home/danieltyukov/workspace/personal/tt-ihp-int8-npu/src/npu_host_if.sv:123$1458'.
  created $adff cell `$procdff$2744' with positive edge clock and negative level reset.
Creating register for signal `$paramod$9473666d1202fb0760a3925be9da2ac9ee2a408e\npu_host_if.\wr_cfg' using process `$paramod$9473666d1202fb0760a3925be9da2ac9ee2a408e\npu_host_if.$proc$/home/danieltyukov/workspace/personal/tt-ihp-int8-npu/src/npu_host_if.sv:123$1458'.
  created $adff cell `$procdff$2745' with positive edge clock and negative level reset.
Creating register for signal `$paramod$9473666d1202fb0760a3925be9da2ac9ee2a408e\npu_host_if.\post_idx' using process `$paramod$9473666d1202fb0760a3925be9da2ac9ee2a408e\npu_host_if.$proc$/home/danieltyukov/workspace/personal/tt-ihp-int8-npu/src/npu_host_if.sv:123$1458'.
  created $adff cell `$procdff$2746' with positive edge clock and negative level reset.
Creating register for signal `$paramod$9473666d1202fb0760a3925be9da2ac9ee2a408e\npu_host_if.\clr_flags' using process `$paramod$9473666d1202fb0760a3925be9da2ac9ee2a408e\npu_host_if.$proc$/home/danieltyukov/workspace/personal/tt-ihp-int8-npu/src/npu_host_if.sv:123$1458'.
  created $adff cell `$procdff$2747' with positive edge clock and negative level reset.
Creating register for signal `$paramod$9473666d1202fb0760a3925be9da2ac9ee2a408e\npu_host_if.\soft_rst' using process `$paramod$9473666d1202fb0760a3925be9da2ac9ee2a408e\npu_host_if.$proc$/home/danieltyukov/workspace/personal/tt-ihp-int8-npu/src/npu_host_if.sv:123$1458'.
  created $adff cell `$procdff$2748' with positive edge clock and negative level reset.
Creating register for signal `$paramod$9473666d1202fb0760a3925be9da2ac9ee2a408e\npu_host_if.\rd_src' using process `$paramod$9473666d1202fb0760a3925be9da2ac9ee2a408e\npu_host_if.$proc$/home/danieltyukov/workspace/personal/tt-ihp-int8-npu/src/npu_host_if.sv:123$1458'.
  created $adff cell `$procdff$2749' with positive edge clock and negative level reset.
Creating register for signal `$paramod$9473666d1202fb0760a3925be9da2ac9ee2a408e\npu_host_if.\rd_ptr' using process `$paramod$9473666d1202fb0760a3925be9da2ac9ee2a408e\npu_host_if.$proc$/home/danieltyukov/workspace/personal/tt-ihp-int8-npu/src/npu_host_if.sv:123$1458'.
  created $adff cell `$procdff$2750' with positive edge clock and negative level reset.
Creating register for signal `$paramod$9473666d1202fb0760a3925be9da2ac9ee2a408e\npu_host_if.\err_set' using process `$paramod$9473666d1202fb0760a3925be9da2ac9ee2a408e\npu_host_if.$proc$/home/danieltyukov/workspace/personal/tt-ihp-int8-npu/src/npu_host_if.sv:123$1458'.
  created $adff cell `$procdff$2751' with positive edge clock and negative level reset.
Creating register for signal `$paramod$9473666d1202fb0760a3925be9da2ac9ee2a408e\npu_host_if.\byte_out' using process `$paramod$9473666d1202fb0760a3925be9da2ac9ee2a408e\npu_host_if.$proc$/home/danieltyukov/workspace/personal/tt-ihp-int8-npu/src/npu_host_if.sv:123$1458'.
  created $adff cell `$procdff$2752' with positive edge clock and negative level reset.
Creating register for signal `$paramod$9473666d1202fb0760a3925be9da2ac9ee2a408e\npu_host_if.\run' using process `$paramod$9473666d1202fb0760a3925be9da2ac9ee2a408e\npu_host_if.$proc$/home/danieltyukov/workspace/personal/tt-ihp-int8-npu/src/npu_host_if.sv:123$1458'.
  created $adff cell `$procdff$2753' with positive edge clock and negative level reset.
Creating register for signal `$paramod$9473666d1202fb0760a3925be9da2ac9ee2a408e\npu_host_if.\run_acc' using process `$paramod$9473666d1202fb0760a3925be9da2ac9ee2a408e\npu_host_if.$proc$/home/danieltyukov/workspace/personal/tt-ihp-int8-npu/src/npu_host_if.sv:123$1458'.
  created $adff cell `$procdff$2754' with positive edge clock and negative level reset.
Creating register for signal `$paramod$9473666d1202fb0760a3925be9da2ac9ee2a408e\npu_host_if.\run_req' using process `$paramod$9473666d1202fb0760a3925be9da2ac9ee2a408e\npu_host_if.$proc$/home/danieltyukov/workspace/personal/tt-ihp-int8-npu/src/npu_host_if.sv:123$1458'.
  created $adff cell `$procdff$2755' with positive edge clock and negative level reset.
Creating register for signal `$paramod$9473666d1202fb0760a3925be9da2ac9ee2a408e\npu_host_if.\err_code' using process `$paramod$9473666d1202fb0760a3925be9da2ac9ee2a408e\npu_host_if.$proc$/home/danieltyukov/workspace/personal/tt-ihp-int8-npu/src/npu_host_if.sv:123$1458'.
  created $adff cell `$procdff$2756' with positive edge clock and negative level reset.
Creating register for signal `$paramod$9473666d1202fb0760a3925be9da2ac9ee2a408e\npu_host_if.\op' using process `$paramod$9473666d1202fb0760a3925be9da2ac9ee2a408e\npu_host_if.$proc$/home/danieltyukov/workspace/personal/tt-ihp-int8-npu/src/npu_host_if.sv:123$1458'.
  created $adff cell `$procdff$2757' with positive edge clock and negative level reset.
Creating register for signal `$paramod$9473666d1202fb0760a3925be9da2ac9ee2a408e\npu_host_if.\pcount' using process `$paramod$9473666d1202fb0760a3925be9da2ac9ee2a408e\npu_host_if.$proc$/home/danieltyukov/workspace/personal/tt-ihp-int8-npu/src/npu_host_if.sv:123$1458'.
  created $adff cell `$procdff$2758' with positive edge clock and negative level reset.
Creating register for signal `$paramod$9473666d1202fb0760a3925be9da2ac9ee2a408e\npu_host_if.\payload_len$func$/home/danieltyukov/workspace/personal/tt-ihp-int8-npu/src/npu_host_if.sv:163$1455.$result' using process `$paramod$9473666d1202fb0760a3925be9da2ac9ee2a408e\npu_host_if.$proc$/home/danieltyukov/workspace/personal/tt-ihp-int8-npu/src/npu_host_if.sv:123$1458'.
  created $adff cell `$procdff$2759' with positive edge clock and negative level reset.
Creating register for signal `$paramod$9473666d1202fb0760a3925be9da2ac9ee2a408e\npu_host_if.\payload_len$func$/home/danieltyukov/workspace/personal/tt-ihp-int8-npu/src/npu_host_if.sv:163$1455.o' using process `$paramod$9473666d1202fb0760a3925be9da2ac9ee2a408e\npu_host_if.$proc$/home/danieltyukov/workspace/personal/tt-ihp-int8-npu/src/npu_host_if.sv:123$1458'.
  created $adff cell `$procdff$2760' with positive edge clock and negative level reset.
Creating register for signal `$paramod$9473666d1202fb0760a3925be9da2ac9ee2a408e\npu_host_if.\known_op$func$/home/danieltyukov/workspace/personal/tt-ihp-int8-npu/src/npu_host_if.sv:167$1456.$result' using process `$paramod$9473666d1202fb0760a3925be9da2ac9ee2a408e\npu_host_if.$proc$/home/danieltyukov/workspace/personal/tt-ihp-int8-npu/src/npu_host_if.sv:123$1458'.
  created $adff cell `$procdff$2761' with positive edge clock and negative level reset.
Creating register for signal `$paramod$9473666d1202fb0760a3925be9da2ac9ee2a408e\npu_host_if.\known_op$func$/home/danieltyukov/workspace/personal/tt-ihp-int8-npu/src/npu_host_if.sv:167$1456.o' using process `$paramod$9473666d1202fb0760a3925be9da2ac9ee2a408e\npu_host_if.$proc$/home/danieltyukov/workspace/personal/tt-ihp-int8-npu/src/npu_host_if.sv:123$1458'.
  created $adff cell `$procdff$2762' with positive edge clock and negative level reset.
Creating register for signal `$paramod$9473666d1202fb0760a3925be9da2ac9ee2a408e\npu_host_if.\payload_len$func$/home/danieltyukov/workspace/personal/tt-ihp-int8-npu/src/npu_host_if.sv:193$1457.$result' using process `$paramod$9473666d1202fb0760a3925be9da2ac9ee2a408e\npu_host_if.$proc$/home/danieltyukov/workspace/personal/tt-ihp-int8-npu/src/npu_host_if.sv:123$1458'.
  created $adff cell `$procdff$2763' with positive edge clock and negative level reset.
Creating register for signal `$paramod$9473666d1202fb0760a3925be9da2ac9ee2a408e\npu_host_if.\payload_len$func$/home/danieltyukov/workspace/personal/tt-ihp-int8-npu/src/npu_host_if.sv:193$1457.o' using process `$paramod$9473666d1202fb0760a3925be9da2ac9ee2a408e\npu_host_if.$proc$/home/danieltyukov/workspace/personal/tt-ihp-int8-npu/src/npu_host_if.sv:123$1458'.
  created $adff cell `$procdff$2764' with positive edge clock and negative level reset.
Creating register for signal `$paramod$9762f17314fc00bcc8483d811536c717be533d3b\npu_requant.\done' using process `$paramod$9762f17314fc00bcc8483d811536c717be533d3b\npu_requant.$proc$/home/danieltyukov/workspace/personal/tt-ihp-int8-npu/src/npu_requant.sv:137$1432'.
  created $adff cell `$procdff$2765' with positive edge clock and negative level reset.
Creating register for signal `$paramod$9762f17314fc00bcc8483d811536c717be533d3b\npu_requant.\state' using process `$paramod$9762f17314fc00bcc8483d811536c717be533d3b\npu_requant.$proc$/home/danieltyukov/workspace/personal/tt-ihp-int8-npu/src/npu_requant.sv:137$1432'.
  created $adff cell `$procdff$2766' with positive edge clock and negative level reset.
Creating register for signal `$paramod$9762f17314fc00bcc8483d811536c717be533d3b\npu_requant.\q_out' using process `$paramod$9762f17314fc00bcc8483d811536c717be533d3b\npu_requant.$proc$/home/danieltyukov/workspace/personal/tt-ihp-int8-npu/src/npu_requant.sv:137$1432'.
  created $adff cell `$procdff$2767' with positive edge clock and negative level reset.
Creating register for signal `$paramod$9762f17314fc00bcc8483d811536c717be533d3b\npu_requant.\sat_out' using process `$paramod$9762f17314fc00bcc8483d811536c717be533d3b\npu_requant.$proc$/home/danieltyukov/workspace/personal/tt-ihp-int8-npu/src/npu_requant.sv:137$1432'.
  created $adff cell `$procdff$2768' with positive edge clock and negative level reset.
Creating register for signal `$paramod$9762f17314fc00bcc8483d811536c717be533d3b\npu_requant.\pr' using process `$paramod$9762f17314fc00bcc8483d811536c717be533d3b\npu_requant.$proc$/home/danieltyukov/workspace/personal/tt-ihp-int8-npu/src/npu_requant.sv:137$1432'.
  created $adff cell `$procdff$2769' with positive edge clock and negative level reset.
Creating register for signal `$paramod$9762f17314fc00bcc8483d811536c717be533d3b\npu_requant.\digcnt' using process `$paramod$9762f17314fc00bcc8483d811536c717be533d3b\npu_requant.$proc$/home/danieltyukov/workspace/personal/tt-ihp-int8-npu/src/npu_requant.sv:137$1432'.
  created $adff cell `$procdff$2770' with positive edge clock and negative level reset.
Creating register for signal `$paramod$9762f17314fc00bcc8483d811536c717be533d3b\npu_requant.\shcnt' using process `$paramod$9762f17314fc00bcc8483d811536c717be533d3b\npu_requant.$proc$/home/danieltyukov/workspace/personal/tt-ihp-int8-npu/src/npu_requant.sv:137$1432'.
  created $adff cell `$procdff$2771' with positive edge clock and negative level reset.
Creating register for signal `$paramod$9762f17314fc00bcc8483d811536c717be533d3b\npu_requant.\rbit' using process `$paramod$9762f17314fc00bcc8483d811536c717be533d3b\npu_requant.$proc$/home/danieltyukov/workspace/personal/tt-ihp-int8-npu/src/npu_requant.sv:137$1432'.
  created $adff cell `$procdff$2772' with positive edge clock and negative level reset.
Creating register for signal `$paramod$9762f17314fc00bcc8483d811536c717be533d3b\npu_requant.\sbit' using process `$paramod$9762f17314fc00bcc8483d811536c717be533d3b\npu_requant.$proc$/home/danieltyukov/workspace/personal/tt-ihp-int8-npu/src/npu_requant.sv:137$1432'.
  created $adff cell `$procdff$2773' with positive edge clock and negative level reset.
Creating register for signal `$paramod$697a67ea0db5997f73865c920d1dde3737cd6c6d\npu_core.\g_res[7].q' using process `$paramod$697a67ea0db5997f73865c920d1dde3737cd6c6d\npu_core.$proc$/home/danieltyukov/workspace/personal/tt-ihp-int8-npu/src/npu_core.sv:396$1227'.
  created $adff cell `$procdff$2774' with positive edge clock and negative level reset.
Creating register for signal `$paramod$697a67ea0db5997f73865c920d1dde3737cd6c6d\npu_core.\g_res[6].q' using process `$paramod$697a67ea0db5997f73865c920d1dde3737cd6c6d\npu_core.$proc$/home/danieltyukov/workspace/personal/tt-ihp-int8-npu/src/npu_core.sv:396$1219'.
  created $adff cell `$procdff$2775' with positive edge clock and negative level reset.
Creating register for signal `$paramod$697a67ea0db5997f73865c920d1dde3737cd6c6d\npu_core.\g_res[5].q' using process `$paramod$697a67ea0db5997f73865c920d1dde3737cd6c6d\npu_core.$proc$/home/danieltyukov/workspace/personal/tt-ihp-int8-npu/src/npu_core.sv:396$1211'.
  created $adff cell `$procdff$2776' with positive edge clock and negative level reset.
Creating register for signal `$paramod$697a67ea0db5997f73865c920d1dde3737cd6c6d\npu_core.\g_res[4].q' using process `$paramod$697a67ea0db5997f73865c920d1dde3737cd6c6d\npu_core.$proc$/home/danieltyukov/workspace/personal/tt-ihp-int8-npu/src/npu_core.sv:396$1203'.
  created $adff cell `$procdff$2777' with positive edge clock and negative level reset.
Creating register for signal `$paramod$697a67ea0db5997f73865c920d1dde3737cd6c6d\npu_core.\g_res[3].q' using process `$paramod$697a67ea0db5997f73865c920d1dde3737cd6c6d\npu_core.$proc$/home/danieltyukov/workspace/personal/tt-ihp-int8-npu/src/npu_core.sv:396$1195'.
  created $adff cell `$procdff$2778' with positive edge clock and negative level reset.
Creating register for signal `$paramod$697a67ea0db5997f73865c920d1dde3737cd6c6d\npu_core.\g_res[2].q' using process `$paramod$697a67ea0db5997f73865c920d1dde3737cd6c6d\npu_core.$proc$/home/danieltyukov/workspace/personal/tt-ihp-int8-npu/src/npu_core.sv:396$1187'.
  created $adff cell `$procdff$2779' with positive edge clock and negative level reset.
Creating register for signal `$paramod$697a67ea0db5997f73865c920d1dde3737cd6c6d\npu_core.\g_res[1].q' using process `$paramod$697a67ea0db5997f73865c920d1dde3737cd6c6d\npu_core.$proc$/home/danieltyukov/workspace/personal/tt-ihp-int8-npu/src/npu_core.sv:396$1179'.
  created $adff cell `$procdff$2780' with positive edge clock and negative level reset.
Creating register for signal `$paramod$697a67ea0db5997f73865c920d1dde3737cd6c6d\npu_core.\g_res[0].q' using process `$paramod$697a67ea0db5997f73865c920d1dde3737cd6c6d\npu_core.$proc$/home/danieltyukov/workspace/personal/tt-ihp-int8-npu/src/npu_core.sv:396$1171'.
  created $adff cell `$procdff$2781' with positive edge clock and negative level reset.
Creating register for signal `$paramod$697a67ea0db5997f73865c920d1dde3737cd6c6d\npu_core.\g_bank[1].g_ent[3].q' using process `$paramod$697a67ea0db5997f73865c920d1dde3737cd6c6d\npu_core.$proc$/home/danieltyukov/workspace/personal/tt-ihp-int8-npu/src/npu_core.sv:330$1162'.
  created $adff cell `$procdff$2782' with positive edge clock and negative level reset.
Creating register for signal `$paramod$697a67ea0db5997f73865c920d1dde3737cd6c6d\npu_core.\g_bank[1].g_ent[2].q' using process `$paramod$697a67ea0db5997f73865c920d1dde3737cd6c6d\npu_core.$proc$/home/danieltyukov/workspace/personal/tt-ihp-int8-npu/src/npu_core.sv:330$1156'.
  created $adff cell `$procdff$2783' with positive edge clock and negative level reset.
Creating register for signal `$paramod$697a67ea0db5997f73865c920d1dde3737cd6c6d\npu_core.\g_bank[1].g_ent[1].q' using process `$paramod$697a67ea0db5997f73865c920d1dde3737cd6c6d\npu_core.$proc$/home/danieltyukov/workspace/personal/tt-ihp-int8-npu/src/npu_core.sv:330$1150'.
  created $adff cell `$procdff$2784' with positive edge clock and negative level reset.
Creating register for signal `$paramod$697a67ea0db5997f73865c920d1dde3737cd6c6d\npu_core.\g_bank[1].g_ent[0].q' using process `$paramod$697a67ea0db5997f73865c920d1dde3737cd6c6d\npu_core.$proc$/home/danieltyukov/workspace/personal/tt-ihp-int8-npu/src/npu_core.sv:330$1144'.
  created $adff cell `$procdff$2785' with positive edge clock and negative level reset.
Creating register for signal `$paramod$697a67ea0db5997f73865c920d1dde3737cd6c6d\npu_core.\g_bank[0].g_ent[3].q' using process `$paramod$697a67ea0db5997f73865c920d1dde3737cd6c6d\npu_core.$proc$/home/danieltyukov/workspace/personal/tt-ihp-int8-npu/src/npu_core.sv:330$1127'.
  created $adff cell `$procdff$2786' with positive edge clock and negative level reset.
Creating register for signal `$paramod$697a67ea0db5997f73865c920d1dde3737cd6c6d\npu_core.\g_bank[0].g_ent[2].q' using process `$paramod$697a67ea0db5997f73865c920d1dde3737cd6c6d\npu_core.$proc$/home/danieltyukov/workspace/personal/tt-ihp-int8-npu/src/npu_core.sv:330$1121'.
  created $adff cell `$procdff$2787' with positive edge clock and negative level reset.
Creating register for signal `$paramod$697a67ea0db5997f73865c920d1dde3737cd6c6d\npu_core.\g_bank[0].g_ent[1].q' using process `$paramod$697a67ea0db5997f73865c920d1dde3737cd6c6d\npu_core.$proc$/home/danieltyukov/workspace/personal/tt-ihp-int8-npu/src/npu_core.sv:330$1115'.
  created $adff cell `$procdff$2788' with positive edge clock and negative level reset.
Creating register for signal `$paramod$697a67ea0db5997f73865c920d1dde3737cd6c6d\npu_core.\g_bank[0].g_ent[0].q' using process `$paramod$697a67ea0db5997f73865c920d1dde3737cd6c6d\npu_core.$proc$/home/danieltyukov/workspace/personal/tt-ihp-int8-npu/src/npu_core.sv:330$1109'.
  created $adff cell `$procdff$2789' with positive edge clock and negative level reset.
Creating register for signal `$paramod$697a67ea0db5997f73865c920d1dde3737cd6c6d\npu_core.\state' using process `$paramod$697a67ea0db5997f73865c920d1dde3737cd6c6d\npu_core.$proc$/home/danieltyukov/workspace/personal/tt-ihp-int8-npu/src/npu_core.sv:415$993'.
  created $adff cell `$procdff$2790' with positive edge clock and negative level reset.
Creating register for signal `$paramod$697a67ea0db5997f73865c920d1dde3737cd6c6d\npu_core.\cyc' using process `$paramod$697a67ea0db5997f73865c920d1dde3737cd6c6d\npu_core.$proc$/home/danieltyukov/workspace/personal/tt-ihp-int8-npu/src/npu_core.sv:415$993'.
  created $adff cell `$procdff$2791' with positive edge clock and negative level reset.
Creating register for signal `$paramod$697a67ea0db5997f73865c920d1dde3737cd6c6d\npu_core.\acc_first' using process `$paramod$697a67ea0db5997f73865c920d1dde3737cd6c6d\npu_core.$proc$/home/danieltyukov/workspace/personal/tt-ihp-int8-npu/src/npu_core.sv:415$993'.
  created $adff cell `$procdff$2792' with positive edge clock and negative level reset.
Creating register for signal `$paramod$697a67ea0db5997f73865c920d1dde3737cd6c6d\npu_core.\do_req' using process `$paramod$697a67ea0db5997f73865c920d1dde3737cd6c6d\npu_core.$proc$/home/danieltyukov/workspace/personal/tt-ihp-int8-npu/src/npu_core.sv:415$993'.
  created $adff cell `$procdff$2793' with positive edge clock and negative level reset.
Creating register for signal `$paramod$697a67ea0db5997f73865c920d1dde3737cd6c6d\npu_core.\req_s' using process `$paramod$697a67ea0db5997f73865c920d1dde3737cd6c6d\npu_core.$proc$/home/danieltyukov/workspace/personal/tt-ihp-int8-npu/src/npu_core.sv:415$993'.
  created $adff cell `$procdff$2794' with positive edge clock and negative level reset.
Creating register for signal `$paramod$697a67ea0db5997f73865c920d1dde3737cd6c6d\npu_core.\req_c' using process `$paramod$697a67ea0db5997f73865c920d1dde3737cd6c6d\npu_core.$proc$/home/danieltyukov/workspace/personal/tt-ihp-int8-npu/src/npu_core.sv:415$993'.
  created $adff cell `$procdff$2795' with positive edge clock and negative level reset.
Creating register for signal `$paramod$697a67ea0db5997f73865c920d1dde3737cd6c6d\npu_core.\req_start' using process `$paramod$697a67ea0db5997f73865c920d1dde3737cd6c6d\npu_core.$proc$/home/danieltyukov/workspace/personal/tt-ihp-int8-npu/src/npu_core.sv:415$993'.
  created $adff cell `$procdff$2796' with positive edge clock and negative level reset.
Creating register for signal `$paramod$697a67ea0db5997f73865c920d1dde3737cd6c6d\npu_core.\done_reg' using process `$paramod$697a67ea0db5997f73865c920d1dde3737cd6c6d\npu_core.$proc$/home/danieltyukov/workspace/personal/tt-ihp-int8-npu/src/npu_core.sv:415$993'.
  created $adff cell `$procdff$2797' with positive edge clock and negative level reset.
Creating register for signal `$paramod$697a67ea0db5997f73865c920d1dde3737cd6c6d\npu_core.\err_reg' using process `$paramod$697a67ea0db5997f73865c920d1dde3737cd6c6d\npu_core.$proc$/home/danieltyukov/workspace/personal/tt-ihp-int8-npu/src/npu_core.sv:415$993'.
  created $adff cell `$procdff$2798' with positive edge clock and negative level reset.
Creating register for signal `$paramod$697a67ea0db5997f73865c920d1dde3737cd6c6d\npu_core.\sat_reg' using process `$paramod$697a67ea0db5997f73865c920d1dde3737cd6c6d\npu_core.$proc$/home/danieltyukov/workspace/personal/tt-ihp-int8-npu/src/npu_core.sv:415$993'.
  created $adff cell `$procdff$2799' with positive edge clock and negative level reset.
Creating register for signal `$paramod$697a67ea0db5997f73865c920d1dde3737cd6c6d\npu_core.\ovf_reg' using process `$paramod$697a67ea0db5997f73865c920d1dde3737cd6c6d\npu_core.$proc$/home/danieltyukov/workspace/personal/tt-ihp-int8-npu/src/npu_core.sv:415$993'.
  created $adff cell `$procdff$2800' with positive edge clock and negative level reset.
Creating register for signal `$paramod$697a67ea0db5997f73865c920d1dde3737cd6c6d\npu_core.\err_code_reg' using process `$paramod$697a67ea0db5997f73865c920d1dde3737cd6c6d\npu_core.$proc$/home/danieltyukov/workspace/personal/tt-ihp-int8-npu/src/npu_core.sv:415$993'.
  created $adff cell `$procdff$2801' with positive edge clock and negative level reset.
Creating register for signal `$paramod$697a67ea0db5997f73865c920d1dde3737cd6c6d\npu_core.\vpipe' using process `$paramod$697a67ea0db5997f73865c920d1dde3737cd6c6d\npu_core.$proc$/home/danieltyukov/workspace/personal/tt-ihp-int8-npu/src/npu_core.sv:263$971'.
  created $adff cell `$procdff$2802' with positive edge clock and negative level reset.
Creating register for signal `$paramod$697a67ea0db5997f73865c920d1dde3737cd6c6d\npu_core.\ipipe' using process `$paramod$697a67ea0db5997f73865c920d1dde3737cd6c6d\npu_core.$proc$/home/danieltyukov/workspace/personal/tt-ihp-int8-npu/src/npu_core.sv:263$971'.
  created $adff cell `$procdff$2803' with positive edge clock and negative level reset.
Creating register for signal `$paramod$697a67ea0db5997f73865c920d1dde3737cd6c6d\npu_core.\inj_idx' using process `$paramod$697a67ea0db5997f73865c920d1dde3737cd6c6d\npu_core.$proc$/home/danieltyukov/workspace/personal/tt-ihp-int8-npu/src/npu_core.sv:263$971'.
  created $adff cell `$procdff$2804' with positive edge clock and negative level reset.
Creating register for signal `$paramod$697a67ea0db5997f73865c920d1dde3737cd6c6d\npu_core.\act_buf' using process `$paramod$697a67ea0db5997f73865c920d1dde3737cd6c6d\npu_core.$proc$/home/danieltyukov/workspace/personal/tt-ihp-int8-npu/src/npu_core.sv:173$966'.
  created $adff cell `$procdff$2805' with positive edge clock and negative level reset.
Creating register for signal `$paramod$697a67ea0db5997f73865c920d1dde3737cd6c6d\npu_core.\bias_buf' using process `$paramod$697a67ea0db5997f73865c920d1dde3737cd6c6d\npu_core.$proc$/home/danieltyukov/workspace/personal/tt-ihp-int8-npu/src/npu_core.sv:173$966'.
  created $adff cell `$procdff$2806' with positive edge clock and negative level reset.
Creating register for signal `$paramod$697a67ea0db5997f73865c920d1dde3737cd6c6d\npu_core.\quant_buf' using process `$paramod$697a67ea0db5997f73865c920d1dde3737cd6c6d\npu_core.$proc$/home/danieltyukov/workspace/personal/tt-ihp-int8-npu/src/npu_core.sv:173$966'.
  created $adff cell `$procdff$2807' with positive edge clock and negative level reset.
Creating register for signal `$paramod$697a67ea0db5997f73865c920d1dde3737cd6c6d\npu_core.\zp_reg' using process `$paramod$697a67ea0db5997f73865c920d1dde3737cd6c6d\npu_core.$proc$/home/danieltyukov/workspace/personal/tt-ihp-int8-npu/src/npu_core.sv:173$966'.
  created $adff cell `$procdff$2808' with positive edge clock and negative level reset.
Creating register for signal `$paramod$697a67ea0db5997f73865c920d1dde3737cd6c6d\npu_core.\clamp_lo_reg' using process `$paramod$697a67ea0db5997f73865c920d1dde3737cd6c6d\npu_core.$proc$/home/danieltyukov/workspace/personal/tt-ihp-int8-npu/src/npu_core.sv:173$966'.
  created $adff cell `$procdff$2809' with positive edge clock and negative level reset.
Creating register for signal `$paramod$697a67ea0db5997f73865c920d1dde3737cd6c6d\npu_core.\clamp_hi_reg' using process `$paramod$697a67ea0db5997f73865c920d1dde3737cd6c6d\npu_core.$proc$/home/danieltyukov/workspace/personal/tt-ihp-int8-npu/src/npu_core.sv:173$966'.
  created $adff cell `$procdff$2810' with positive edge clock and negative level reset.
Creating register for signal `$paramod$697a67ea0db5997f73865c920d1dde3737cd6c6d\npu_core.\act_sel_reg' using process `$paramod$697a67ea0db5997f73865c920d1dde3737cd6c6d\npu_core.$proc$/home/danieltyukov/workspace/personal/tt-ihp-int8-npu/src/npu_core.sv:173$966'.
  created $adff cell `$procdff$2811' with positive edge clock and negative level reset.
Creating register for signal `$paramod$697a67ea0db5997f73865c920d1dde3737cd6c6d\npu_core.\leaky_k_reg' using process `$paramod$697a67ea0db5997f73865c920d1dde3737cd6c6d\npu_core.$proc$/home/danieltyukov/workspace/personal/tt-ihp-int8-npu/src/npu_core.sv:173$966'.
  created $adff cell `$procdff$2812' with positive edge clock and negative level reset.
Creating register for signal `$paramod$697a67ea0db5997f73865c920d1dde3737cd6c6d\npu_core.\s_cnt_m1' using process `$paramod$697a67ea0db5997f73865c920d1dde3737cd6c6d\npu_core.$proc$/home/danieltyukov/workspace/personal/tt-ihp-int8-npu/src/npu_core.sv:173$966'.
  created $adff cell `$procdff$2813' with positive edge clock and negative level reset.

16.2.10. Executing PROC_MEMWR pass (convert process memory writes to cells).

16.2.11. Executing PROC_CLEAN pass (remove empty switches from decision trees).
Found and cleaned up 1 empty switch in `$paramod$67ba8969b455a9921a0ce9d05bfcb7563f4a488b\npu_pe.$proc$/home/danieltyukov/workspace/personal/tt-ihp-int8-npu/src/npu_pe.sv:84$1694'.
Removing empty process `$paramod$67ba8969b455a9921a0ce9d05bfcb7563f4a488b\npu_pe.$proc$/home/danieltyukov/workspace/personal/tt-ihp-int8-npu/src/npu_pe.sv:84$1694'.
Found and cleaned up 12 empty switches in `$paramod$9473666d1202fb0760a3925be9da2ac9ee2a408e\npu_host_if.$proc$/home/danieltyukov/workspace/personal/tt-ihp-int8-npu/src/npu_host_if.sv:123$1458'.
Removing empty process `$paramod$9473666d1202fb0760a3925be9da2ac9ee2a408e\npu_host_if.$proc$/home/danieltyukov/workspace/personal/tt-ihp-int8-npu/src/npu_host_if.sv:123$1458'.
Found and cleaned up 6 empty switches in `$paramod$9762f17314fc00bcc8483d811536c717be533d3b\npu_requant.$proc$/home/danieltyukov/workspace/personal/tt-ihp-int8-npu/src/npu_requant.sv:137$1432'.
Removing empty process `$paramod$9762f17314fc00bcc8483d811536c717be533d3b\npu_requant.$proc$/home/danieltyukov/workspace/personal/tt-ihp-int8-npu/src/npu_requant.sv:137$1432'.
Found and cleaned up 2 empty switches in `$paramod$697a67ea0db5997f73865c920d1dde3737cd6c6d\npu_core.$proc$/home/danieltyukov/workspace/personal/tt-ihp-int8-npu/src/npu_core.sv:396$1227'.
Removing empty process `$paramod$697a67ea0db5997f73865c920d1dde3737cd6c6d\npu_core.$proc$/home/danieltyukov/workspace/personal/tt-ihp-int8-npu/src/npu_core.sv:396$1227'.
Found and cleaned up 2 empty switches in `$paramod$697a67ea0db5997f73865c920d1dde3737cd6c6d\npu_core.$proc$/home/danieltyukov/workspace/personal/tt-ihp-int8-npu/src/npu_core.sv:396$1219'.
Removing empty process `$paramod$697a67ea0db5997f73865c920d1dde3737cd6c6d\npu_core.$proc$/home/danieltyukov/workspace/personal/tt-ihp-int8-npu/src/npu_core.sv:396$1219'.
Found and cleaned up 2 empty switches in `$paramod$697a67ea0db5997f73865c920d1dde3737cd6c6d\npu_core.$proc$/home/danieltyukov/workspace/personal/tt-ihp-int8-npu/src/npu_core.sv:396$1211'.
Removing empty process `$paramod$697a67ea0db5997f73865c920d1dde3737cd6c6d\npu_core.$proc$/home/danieltyukov/workspace/personal/tt-ihp-int8-npu/src/npu_core.sv:396$1211'.
Found and cleaned up 2 empty switches in `$paramod$697a67ea0db5997f73865c920d1dde3737cd6c6d\npu_core.$proc$/home/danieltyukov/workspace/personal/tt-ihp-int8-npu/src/npu_core.sv:396$1203'.
Removing empty process `$paramod$697a67ea0db5997f73865c920d1dde3737cd6c6d\npu_core.$proc$/home/danieltyukov/workspace/personal/tt-ihp-int8-npu/src/npu_core.sv:396$1203'.
Found and cleaned up 2 empty switches in `$paramod$697a67ea0db5997f73865c920d1dde3737cd6c6d\npu_core.$proc$/home/danieltyukov/workspace/personal/tt-ihp-int8-npu/src/npu_core.sv:396$1195'.
Removing empty process `$paramod$697a67ea0db5997f73865c920d1dde3737cd6c6d\npu_core.$proc$/home/danieltyukov/workspace/personal/tt-ihp-int8-npu/src/npu_core.sv:396$1195'.
Found and cleaned up 2 empty switches in `$paramod$697a67ea0db5997f73865c920d1dde3737cd6c6d\npu_core.$proc$/home/danieltyukov/workspace/personal/tt-ihp-int8-npu/src/npu_core.sv:396$1187'.
Removing empty process `$paramod$697a67ea0db5997f73865c920d1dde3737cd6c6d\npu_core.$proc$/home/danieltyukov/workspace/personal/tt-ihp-int8-npu/src/npu_core.sv:396$1187'.
Found and cleaned up 2 empty switches in `$paramod$697a67ea0db5997f73865c920d1dde3737cd6c6d\npu_core.$proc$/home/danieltyukov/workspace/personal/tt-ihp-int8-npu/src/npu_core.sv:396$1179'.
Removing empty process `$paramod$697a67ea0db5997f73865c920d1dde3737cd6c6d\npu_core.$proc$/home/danieltyukov/workspace/personal/tt-ihp-int8-npu/src/npu_core.sv:396$1179'.
Found and cleaned up 2 empty switches in `$paramod$697a67ea0db5997f73865c920d1dde3737cd6c6d\npu_core.$proc$/home/danieltyukov/workspace/personal/tt-ihp-int8-npu/src/npu_core.sv:396$1171'.
Removing empty process `$paramod$697a67ea0db5997f73865c920d1dde3737cd6c6d\npu_core.$proc$/home/danieltyukov/workspace/personal/tt-ihp-int8-npu/src/npu_core.sv:396$1171'.
Found and cleaned up 2 empty switches in `$paramod$697a67ea0db5997f73865c920d1dde3737cd6c6d\npu_core.$proc$/home/danieltyukov/workspace/personal/tt-ihp-int8-npu/src/npu_core.sv:330$1162'.
Removing empty process `$paramod$697a67ea0db5997f73865c920d1dde3737cd6c6d\npu_core.$proc$/home/danieltyukov/workspace/personal/tt-ihp-int8-npu/src/npu_core.sv:330$1162'.
Found and cleaned up 2 empty switches in `$paramod$697a67ea0db5997f73865c920d1dde3737cd6c6d\npu_core.$proc$/home/danieltyukov/workspace/personal/tt-ihp-int8-npu/src/npu_core.sv:330$1156'.
Removing empty process `$paramod$697a67ea0db5997f73865c920d1dde3737cd6c6d\npu_core.$proc$/home/danieltyukov/workspace/personal/tt-ihp-int8-npu/src/npu_core.sv:330$1156'.
Found and cleaned up 2 empty switches in `$paramod$697a67ea0db5997f73865c920d1dde3737cd6c6d\npu_core.$proc$/home/danieltyukov/workspace/personal/tt-ihp-int8-npu/src/npu_core.sv:330$1150'.
Removing empty process `$paramod$697a67ea0db5997f73865c920d1dde3737cd6c6d\npu_core.$proc$/home/danieltyukov/workspace/personal/tt-ihp-int8-npu/src/npu_core.sv:330$1150'.
Found and cleaned up 2 empty switches in `$paramod$697a67ea0db5997f73865c920d1dde3737cd6c6d\npu_core.$proc$/home/danieltyukov/workspace/personal/tt-ihp-int8-npu/src/npu_core.sv:330$1144'.
Removing empty process `$paramod$697a67ea0db5997f73865c920d1dde3737cd6c6d\npu_core.$proc$/home/danieltyukov/workspace/personal/tt-ihp-int8-npu/src/npu_core.sv:330$1144'.
Found and cleaned up 2 empty switches in `$paramod$697a67ea0db5997f73865c920d1dde3737cd6c6d\npu_core.$proc$/home/danieltyukov/workspace/personal/tt-ihp-int8-npu/src/npu_core.sv:330$1127'.
Removing empty process `$paramod$697a67ea0db5997f73865c920d1dde3737cd6c6d\npu_core.$proc$/home/danieltyukov/workspace/personal/tt-ihp-int8-npu/src/npu_core.sv:330$1127'.
Found and cleaned up 2 empty switches in `$paramod$697a67ea0db5997f73865c920d1dde3737cd6c6d\npu_core.$proc$/home/danieltyukov/workspace/personal/tt-ihp-int8-npu/src/npu_core.sv:330$1121'.
Removing empty process `$paramod$697a67ea0db5997f73865c920d1dde3737cd6c6d\npu_core.$proc$/home/danieltyukov/workspace/personal/tt-ihp-int8-npu/src/npu_core.sv:330$1121'.
Found and cleaned up 2 empty switches in `$paramod$697a67ea0db5997f73865c920d1dde3737cd6c6d\npu_core.$proc$/home/danieltyukov/workspace/personal/tt-ihp-int8-npu/src/npu_core.sv:330$1115'.
Removing empty process `$paramod$697a67ea0db5997f73865c920d1dde3737cd6c6d\npu_core.$proc$/home/danieltyukov/workspace/personal/tt-ihp-int8-npu/src/npu_core.sv:330$1115'.
Found and cleaned up 2 empty switches in `$paramod$697a67ea0db5997f73865c920d1dde3737cd6c6d\npu_core.$proc$/home/danieltyukov/workspace/personal/tt-ihp-int8-npu/src/npu_core.sv:330$1109'.
Removing empty process `$paramod$697a67ea0db5997f73865c920d1dde3737cd6c6d\npu_core.$proc$/home/danieltyukov/workspace/personal/tt-ihp-int8-npu/src/npu_core.sv:330$1109'.
Found and cleaned up 1 empty switch in `$paramod$697a67ea0db5997f73865c920d1dde3737cd6c6d\npu_core.$proc$/home/danieltyukov/workspace/personal/tt-ihp-int8-npu/src/npu_core.sv:0$1010'.
Removing empty process `$paramod$697a67ea0db5997f73865c920d1dde3737cd6c6d\npu_core.$proc$/home/danieltyukov/workspace/personal/tt-ihp-int8-npu/src/npu_core.sv:0$1010'.
Found and cleaned up 1 empty switch in `$paramod$697a67ea0db5997f73865c920d1dde3737cd6c6d\npu_core.$proc$/home/danieltyukov/workspace/personal/tt-ihp-int8-npu/src/npu_core.sv:0$1009'.
Removing empty process `$paramod$697a67ea0db5997f73865c920d1dde3737cd6c6d\npu_core.$proc$/home/danieltyukov/workspace/personal/tt-ihp-int8-npu/src/npu_core.sv:0$1009'.
Found and cleaned up 12 empty switches in `$paramod$697a67ea0db5997f73865c920d1dde3737cd6c6d\npu_core.$proc$/home/danieltyukov/workspace/personal/tt-ihp-int8-npu/src/npu_core.sv:415$993'.
Removing empty process `$paramod$697a67ea0db5997f73865c920d1dde3737cd6c6d\npu_core.$proc$/home/danieltyukov/workspace/personal/tt-ihp-int8-npu/src/npu_core.sv:415$993'.
Found and cleaned up 2 empty switches in `$paramod$697a67ea0db5997f73865c920d1dde3737cd6c6d\npu_core.$proc$/home/danieltyukov/workspace/personal/tt-ihp-int8-npu/src/npu_core.sv:263$971'.
Removing empty process `$paramod$697a67ea0db5997f73865c920d1dde3737cd6c6d\npu_core.$proc$/home/danieltyukov/workspace/personal/tt-ihp-int8-npu/src/npu_core.sv:263$971'.
Found and cleaned up 6 empty switches in `$paramod$697a67ea0db5997f73865c920d1dde3737cd6c6d\npu_core.$proc$/home/danieltyukov/workspace/personal/tt-ihp-int8-npu/src/npu_core.sv:173$966'.
Removing empty process `$paramod$697a67ea0db5997f73865c920d1dde3737cd6c6d\npu_core.$proc$/home/danieltyukov/workspace/personal/tt-ihp-int8-npu/src/npu_core.sv:173$966'.
Cleaned up 73 empty switches.

16.2.12. Executing OPT_EXPR pass (perform const folding).
Optimizing module $paramod$29b69393125ca7ee80b32022bd2decdec691949f\npu_adder.
<suppressed ~1 debug messages>
Optimizing module $paramod$27a8bd94657cc90e38f275422f31847ddfd4487e\npu_csa_reduce.
Optimizing module $paramod$17604f602797e3202e357decf915a5bc29aa0ca3\npu_csa_reduce.
Optimizing module $paramod$67e98feaf73b54d35f9441170982b8d89b9a2316\npu_mult.
<suppressed ~1 debug messages>
Optimizing module $paramod$249e2fefde2cea6485f1861c172b2e75dba89233\npu_adder.
<suppressed ~1 debug messages>
Optimizing module $paramod$67ba8969b455a9921a0ce9d05bfcb7563f4a488b\npu_pe.
<suppressed ~1 debug messages>
Optimizing module tt_um_danieltyukov_int8_npu.
<suppressed ~1 debug messages>
Optimizing module $paramod$00e50bd1d9329584e2110eb397cc8a22011310c9\npu_adder.
<suppressed ~1 debug messages>
Optimizing module $paramod$9473666d1202fb0760a3925be9da2ac9ee2a408e\npu_host_if.
<suppressed ~5 debug messages>
Optimizing module $paramod$08c73daaa1669ae34ddd30ce600067231e5c67e3\npu_array.
<suppressed ~1 debug messages>
Optimizing module $paramod$9762f17314fc00bcc8483d811536c717be533d3b\npu_requant.
<suppressed ~12 debug messages>
Optimizing module $paramod$2d6c54a146b5c9bc63af6521ae2fae94a8696de1\npu_adder.
<suppressed ~1 debug messages>
Optimizing module $paramod$697a67ea0db5997f73865c920d1dde3737cd6c6d\npu_core.
<suppressed ~28 debug messages>
Optimizing module $paramod$c023b5faa9c785d07331b76839e06bd1ab774764\npu_csa_reduce.
Optimizing module $paramod$1ed99f1253f88f2664ca886b8b7f7f8ea7f768dd\npu_pp_baugh_wooley.
Optimizing module $paramod$2b1d745c338a0a6e50bcd9a4dc82bdf12badc2b0\npu_csa_reduce.
Optimizing module $paramod$1eb2e9d021a26f5457ad6970e0ac2d330aaa366a\npu_csa_reduce.
Optimizing module npu_activation.

16.3. Executing FLATTEN pass (flatten design).
Deleting now unused module $paramod$29b69393125ca7ee80b32022bd2decdec691949f\npu_adder.
Deleting now unused module $paramod$27a8bd94657cc90e38f275422f31847ddfd4487e\npu_csa_reduce.
Deleting now unused module $paramod$17604f602797e3202e357decf915a5bc29aa0ca3\npu_csa_reduce.
Deleting now unused module $paramod$67e98feaf73b54d35f9441170982b8d89b9a2316\npu_mult.
Deleting now unused module $paramod$249e2fefde2cea6485f1861c172b2e75dba89233\npu_adder.
Deleting now unused module $paramod$67ba8969b455a9921a0ce9d05bfcb7563f4a488b\npu_pe.
Deleting now unused module $paramod$00e50bd1d9329584e2110eb397cc8a22011310c9\npu_adder.
Deleting now unused module $paramod$9473666d1202fb0760a3925be9da2ac9ee2a408e\npu_host_if.
Deleting now unused module $paramod$08c73daaa1669ae34ddd30ce600067231e5c67e3\npu_array.
Deleting now unused module $paramod$9762f17314fc00bcc8483d811536c717be533d3b\npu_requant.
Deleting now unused module $paramod$2d6c54a146b5c9bc63af6521ae2fae94a8696de1\npu_adder.
Deleting now unused module $paramod$697a67ea0db5997f73865c920d1dde3737cd6c6d\npu_core.
Deleting now unused module $paramod$c023b5faa9c785d07331b76839e06bd1ab774764\npu_csa_reduce.
Deleting now unused module $paramod$1ed99f1253f88f2664ca886b8b7f7f8ea7f768dd\npu_pp_baugh_wooley.
Deleting now unused module $paramod$2b1d745c338a0a6e50bcd9a4dc82bdf12badc2b0\npu_csa_reduce.
Deleting now unused module $paramod$1eb2e9d021a26f5457ad6970e0ac2d330aaa366a\npu_csa_reduce.
Deleting now unused module npu_activation.
<suppressed ~29 debug messages>

16.4. Executing OPT_EXPR pass (perform const folding).
Optimizing module tt_um_danieltyukov_int8_npu.
<suppressed ~301 debug messages>

16.5. Executing OPT_CLEAN pass (remove unused cells and wires).
Finding unused cells or wires in module \tt_um_danieltyukov_int8_npu..
Removed 743 unused cells and 3359 unused wires.
<suppressed ~812 debug messages>

16.6. Executing CHECK pass (checking for obvious problems).
Checking module tt_um_danieltyukov_int8_npu...
Found and reported 0 problems.

16.7. Executing OPT pass (performing simple optimizations).

16.7.1. Executing OPT_EXPR pass (perform const folding).
Optimizing module tt_um_danieltyukov_int8_npu.

16.7.2. Executing OPT_MERGE pass (detect identical cells).
Finding identical cells in module `\tt_um_danieltyukov_int8_npu'.
<suppressed ~342 debug messages>
Removed a total of 114 cells.

16.7.3. Executing OPT_MUXTREE pass (detect dead branches in mux trees).
Running muxtree optimizer on module \tt_um_danieltyukov_int8_npu..
  Creating internal representation of mux trees.
  Evaluating internal representation of mux trees.
  Analyzing evaluation results.
Removed 0 multiplexer ports.
<suppressed ~112 debug messages>

16.7.4. Executing OPT_REDUCE pass (consolidate $*mux and $reduce_* inputs).
  Optimizing cells in module \tt_um_danieltyukov_int8_npu.
    New ctrl vector for $pmux cell $flatten\u_core.$procmux$2593: { $flatten\u_core.$procmux$2598_CMP $auto$opt_reduce.cc:134:opt_pmux$2839 }
    New ctrl vector for $pmux cell $flatten\u_core.$procmux$2700: $auto$opt_reduce.cc:134:opt_pmux$2841
    New ctrl vector for $pmux cell $flatten\u_core.$procmux$2707: $auto$opt_reduce.cc:134:opt_pmux$2843
    New ctrl vector for $pmux cell $flatten\u_core.\u_host.$procmux$1989: { $flatten\u_core.\u_host.$procmux$1995_CMP $flatten\u_core.\u_host.$procmux$1994_CMP $auto$opt_reduce.cc:134:opt_pmux$2847 $flatten\u_core.\u_host.$procmux$1991_CMP $auto$opt_reduce.cc:134:opt_pmux$2845 }
    New ctrl vector for $pmux cell $flatten\u_core.\u_host.$procmux$2032: { $flatten\u_core.\u_host.$procmux$1995_CMP $flatten\u_core.\u_host.$procmux$1994_CMP $auto$opt_reduce.cc:134:opt_pmux$2851 $flatten\u_core.\u_host.$procmux$1991_CMP $auto$opt_reduce.cc:134:opt_pmux$2849 }
    New ctrl vector for $pmux cell $flatten\u_core.\u_requant.$procmux$2368: $auto$opt_reduce.cc:134:opt_pmux$2853
    New ctrl vector for $pmux cell $flatten\u_core.\u_requant.$procmux$2417: $auto$opt_reduce.cc:134:opt_pmux$2855
    New ctrl vector for $pmux cell $flatten\u_core.\u_requant.$procmux$2422: $auto$opt_reduce.cc:134:opt_pmux$2857
  Optimizing cells in module \tt_um_danieltyukov_int8_npu.
Performed a total of 8 changes.

16.7.5. Executing OPT_MERGE pass (detect identical cells).
Finding identical cells in module `\tt_um_danieltyukov_int8_npu'.
<suppressed ~18 debug messages>
Removed a total of 6 cells.

16.7.6. Executing OPT_DFF pass (perform DFF optimizations).

16.7.7. Executing OPT_CLEAN pass (remove unused cells and wires).
Finding unused cells or wires in module \tt_um_danieltyukov_int8_npu..
Removed 0 unused cells and 121 unused wires.
<suppressed ~3 debug messages>

16.7.8. Executing OPT_EXPR pass (perform const folding).
Optimizing module tt_um_danieltyukov_int8_npu.

16.7.9. Rerunning OPT passes. (Maybe there is more to do..)

16.7.10. Executing OPT_MUXTREE pass (detect dead branches in mux trees).
Running muxtree optimizer on module \tt_um_danieltyukov_int8_npu..
  Creating internal representation of mux trees.
  Evaluating internal representation of mux trees.
  Analyzing evaluation results.
Removed 0 multiplexer ports.
<suppressed ~113 debug messages>

16.7.11. Executing OPT_REDUCE pass (consolidate $*mux and $reduce_* inputs).
  Optimizing cells in module \tt_um_danieltyukov_int8_npu.
Performed a total of 0 changes.

16.7.12. Executing OPT_MERGE pass (detect identical cells).
Finding identical cells in module `\tt_um_danieltyukov_int8_npu'.
Removed a total of 0 cells.

16.7.13. Executing OPT_DFF pass (perform DFF optimizations).

16.7.14. Executing OPT_CLEAN pass (remove unused cells and wires).
Finding unused cells or wires in module \tt_um_danieltyukov_int8_npu..

16.7.15. Executing OPT_EXPR pass (perform const folding).
Optimizing module tt_um_danieltyukov_int8_npu.

16.7.16. Finished OPT passes. (There is nothing left to do.)

16.8. Executing FSM pass (extract and optimize FSM).

16.8.1. Executing FSM_DETECT pass (finding FSMs in design).
Not marking tt_um_danieltyukov_int8_npu.u_core.state as FSM state register:
    Users of register don't seem to benefit from recoding.
Not marking tt_um_danieltyukov_int8_npu.u_core.u_host.err_code as FSM state register:
    Users of register don't seem to benefit from recoding.
Not marking tt_um_danieltyukov_int8_npu.u_core.u_requant.state as FSM state register:
    Users of register don't seem to benefit from recoding.
    Circuit seems to be self-resetting.

16.8.2. Executing FSM_EXTRACT pass (extracting FSM from design).

16.8.3. Executing FSM_OPT pass (simple optimizations of FSMs).

16.8.4. Executing OPT_CLEAN pass (remove unused cells and wires).
Finding unused cells or wires in module \tt_um_danieltyukov_int8_npu..

16.8.5. Executing FSM_OPT pass (simple optimizations of FSMs).

16.8.6. Executing FSM_RECODE pass (re-assigning FSM state encoding).

16.8.7. Executing FSM_INFO pass (dumping all available information on FSM cells).

16.8.8. Executing FSM_MAP pass (mapping FSMs to basic logic).

16.9. Executing OPT pass (performing simple optimizations).

16.9.1. Executing OPT_EXPR pass (perform const folding).
Optimizing module tt_um_danieltyukov_int8_npu.

16.9.2. Executing OPT_MERGE pass (detect identical cells).
Finding identical cells in module `\tt_um_danieltyukov_int8_npu'.
Removed a total of 0 cells.

16.9.3. Executing OPT_MUXTREE pass (detect dead branches in mux trees).
Running muxtree optimizer on module \tt_um_danieltyukov_int8_npu..
  Creating internal representation of mux trees.
  Evaluating internal representation of mux trees.
  Analyzing evaluation results.
Removed 0 multiplexer ports.
<suppressed ~113 debug messages>

16.9.4. Executing OPT_REDUCE pass (consolidate $*mux and $reduce_* inputs).
  Optimizing cells in module \tt_um_danieltyukov_int8_npu.
Performed a total of 0 changes.

16.9.5. Executing OPT_MERGE pass (detect identical cells).
Finding identical cells in module `\tt_um_danieltyukov_int8_npu'.
Removed a total of 0 cells.

16.9.6. Executing OPT_DFF pass (perform DFF optimizations).
Adding EN signal on $flatten\u_core.\u_requant.$procdff$2773 ($adff) from module tt_um_danieltyukov_int8_npu (D = $flatten\u_core.\u_requant.$0\sbit[0:0], Q = \u_core.u_requant.sbit).
Adding EN signal on $flatten\u_core.\u_requant.$procdff$2772 ($adff) from module tt_um_danieltyukov_int8_npu (D = $flatten\u_core.\u_requant.$0\rbit[0:0], Q = \u_core.u_requant.rbit).
Adding EN signal on $flatten\u_core.\u_requant.$procdff$2771 ($adff) from module tt_um_danieltyukov_int8_npu (D = $flatten\u_core.\u_requant.$0\shcnt[5:0], Q = \u_core.u_requant.shcnt).
Adding EN signal on $flatten\u_core.\u_requant.$procdff$2770 ($adff) from module tt_um_danieltyukov_int8_npu (D = $flatten\u_core.\u_requant.$0\digcnt[3:0], Q = \u_core.u_requant.digcnt).
Adding EN signal on $flatten\u_core.\u_requant.$procdff$2769 ($adff) from module tt_um_danieltyukov_int8_npu (D = $flatten\u_core.\u_requant.$0\pr[44:0] [44], Q = \u_core.u_requant.pr [44]).
Adding EN signal on $flatten\u_core.\u_requant.$procdff$2769 ($adff) from module tt_um_danieltyukov_int8_npu (D = $flatten\u_core.\u_requant.$0\pr[44:0] [43:0], Q = \u_core.u_requant.pr [43:0]).
Adding EN signal on $flatten\u_core.\u_requant.$procdff$2768 ($adff) from module tt_um_danieltyukov_int8_npu (D = $flatten\u_core.\u_requant.$or$/home/danieltyukov/workspace/personal/tt-ihp-int8-npu/src/npu_requant.sv:191$1449_Y, Q = \u_core.u_requant.sat_out).
Adding EN signal on $flatten\u_core.\u_requant.$procdff$2767 ($adff) from module tt_um_danieltyukov_int8_npu (D = \u_core.u_requant.y_clamp, Q = \u_core.u_requant.q_out).
Adding EN signal on $flatten\u_core.\u_requant.$procdff$2766 ($adff) from module tt_um_danieltyukov_int8_npu (D = $flatten\u_core.\u_requant.$0\state[1:0], Q = \u_core.u_requant.state).
Adding EN signal on $flatten\u_core.\u_host.$procdff$2758 ($adff) from module tt_um_danieltyukov_int8_npu (D = $flatten\u_core.\u_host.$procmux$2261_Y, Q = \u_core.u_host.pcount).
Adding EN signal on $flatten\u_core.\u_host.$procdff$2757 ($adff) from module tt_um_danieltyukov_int8_npu (D = $flatten\u_core.\u_host.$procmux$2268_Y, Q = \u_core.u_host.op).
Adding EN signal on $flatten\u_core.\u_host.$procdff$2756 ($adff) from module tt_um_danieltyukov_int8_npu (D = $flatten\u_core.\u_host.$0\err_code[1:0], Q = \u_core.u_host.err_code).
Adding EN signal on $flatten\u_core.\u_host.$procdff$2755 ($adff) from module tt_um_danieltyukov_int8_npu (D = \ui_in [1], Q = \u_core.u_host.run_req).
Adding EN signal on $flatten\u_core.\u_host.$procdff$2754 ($adff) from module tt_um_danieltyukov_int8_npu (D = \ui_in [0], Q = \u_core.u_host.run_acc).
Adding EN signal on $flatten\u_core.\u_host.$procdff$2752 ($adff) from module tt_um_danieltyukov_int8_npu (D = \ui_in, Q = \u_core.u_host.byte_out).
Adding EN signal on $flatten\u_core.\u_host.$procdff$2750 ($adff) from module tt_um_danieltyukov_int8_npu (D = $flatten\u_core.\u_host.$procmux$2341_Y, Q = \u_core.u_host.rd_ptr).
Adding EN signal on $flatten\u_core.\u_host.$procdff$2749 ($adff) from module tt_um_danieltyukov_int8_npu (D = $flatten\u_core.\u_host.$procmux$2347_Y, Q = \u_core.u_host.rd_src).
Adding EN signal on $flatten\u_core.\u_host.$procdff$2746 ($adff) from module tt_um_danieltyukov_int8_npu (D = \u_core.u_host.pcount [1:0], Q = \u_core.u_host.post_idx).
Adding EN signal on $flatten\u_core.\u_array.\g_row[5].g_col[1].u_pe.$procdff$2737 ($adff) from module tt_um_danieltyukov_int8_npu (D = \u_core.u_host.byte_out, Q = \u_core.u_array.g_row[5].g_col[1].u_pe.w_reg).
Adding EN signal on $flatten\u_core.\u_array.\g_row[5].g_col[0].u_pe.$procdff$2737 ($adff) from module tt_um_danieltyukov_int8_npu (D = \u_core.u_array.g_row[5].g_col[1].u_pe.w_reg, Q = \u_core.u_array.g_row[5].g_col[0].u_pe.w_reg).
Adding EN signal on $flatten\u_core.\u_array.\g_row[4].g_col[1].u_pe.$procdff$2737 ($adff) from module tt_um_danieltyukov_int8_npu (D = \u_core.u_array.g_row[5].g_col[0].u_pe.w_reg, Q = \u_core.u_array.g_row[4].g_col[1].u_pe.w_reg).
Adding EN signal on $flatten\u_core.\u_array.\g_row[4].g_col[0].u_pe.$procdff$2737 ($adff) from module tt_um_danieltyukov_int8_npu (D = \u_core.u_array.g_row[4].g_col[1].u_pe.w_reg, Q = \u_core.u_array.g_row[4].g_col[0].u_pe.w_reg).
Adding EN signal on $flatten\u_core.\u_array.\g_row[3].g_col[1].u_pe.$procdff$2737 ($adff) from module tt_um_danieltyukov_int8_npu (D = \u_core.u_array.g_row[4].g_col[0].u_pe.w_reg, Q = \u_core.u_array.g_row[3].g_col[1].u_pe.w_reg).
Adding EN signal on $flatten\u_core.\u_array.\g_row[3].g_col[0].u_pe.$procdff$2737 ($adff) from module tt_um_danieltyukov_int8_npu (D = \u_core.u_array.g_row[3].g_col[1].u_pe.w_reg, Q = \u_core.u_array.g_row[3].g_col[0].u_pe.w_reg).
Adding EN signal on $flatten\u_core.\u_array.\g_row[2].g_col[1].u_pe.$procdff$2737 ($adff) from module tt_um_danieltyukov_int8_npu (D = \u_core.u_array.g_row[3].g_col[0].u_pe.w_reg, Q = \u_core.u_array.g_row[2].g_col[1].u_pe.w_reg).
Adding EN signal on $flatten\u_core.\u_array.\g_row[2].g_col[0].u_pe.$procdff$2737 ($adff) from module tt_um_danieltyukov_int8_npu (D = \u_core.u_array.g_row[2].g_col[1].u_pe.w_reg, Q = \u_core.u_array.g_row[2].g_col[0].u_pe.w_reg).
Adding EN signal on $flatten\u_core.\u_array.\g_row[1].g_col[1].u_pe.$procdff$2737 ($adff) from module tt_um_danieltyukov_int8_npu (D = \u_core.u_array.g_row[2].g_col[0].u_pe.w_reg, Q = \u_core.u_array.g_row[1].g_col[1].u_pe.w_reg).
Adding EN signal on $flatten\u_core.\u_array.\g_row[1].g_col[0].u_pe.$procdff$2737 ($adff) from module tt_um_danieltyukov_int8_npu (D = \u_core.u_array.g_row[1].g_col[1].u_pe.w_reg, Q = \u_core.u_array.g_row[1].g_col[0].u_pe.w_reg).
Adding EN signal on $flatten\u_core.\u_array.\g_row[0].g_col[1].u_pe.$procdff$2737 ($adff) from module tt_um_danieltyukov_int8_npu (D = \u_core.u_array.g_row[1].g_col[0].u_pe.w_reg, Q = \u_core.u_array.g_row[0].g_col[1].u_pe.w_reg).
Adding EN signal on $flatten\u_core.\u_array.\g_row[0].g_col[0].u_pe.$procdff$2737 ($adff) from module tt_um_danieltyukov_int8_npu (D = \u_core.u_array.g_row[0].g_col[1].u_pe.w_reg, Q = \u_core.u_array.g_row[0].g_col[0].u_pe.w_reg).
Adding EN signal on $flatten\u_core.$procdff$2813 ($adff) from module tt_um_danieltyukov_int8_npu (D = \u_core.u_host.byte_out [1:0], Q = \u_core.s_cnt_m1).
Adding EN signal on $flatten\u_core.$procdff$2812 ($adff) from module tt_um_danieltyukov_int8_npu (D = \u_core.u_host.byte_out [4:2], Q = \u_core.leaky_k_reg).
Adding EN signal on $flatten\u_core.$procdff$2811 ($adff) from module tt_um_danieltyukov_int8_npu (D = \u_core.u_host.byte_out [1:0], Q = \u_core.act_sel_reg).
Adding EN signal on $flatten\u_core.$procdff$2810 ($adff) from module tt_um_danieltyukov_int8_npu (D = \u_core.u_host.byte_out, Q = \u_core.clamp_hi_reg).
Adding EN signal on $flatten\u_core.$procdff$2809 ($adff) from module tt_um_danieltyukov_int8_npu (D = \u_core.u_host.byte_out, Q = \u_core.clamp_lo_reg).
Adding EN signal on $flatten\u_core.$procdff$2808 ($adff) from module tt_um_danieltyukov_int8_npu (D = \u_core.u_host.byte_out, Q = \u_core.zp_reg).
Adding EN signal on $flatten\u_core.$procdff$2807 ($adff) from module tt_um_danieltyukov_int8_npu (D = { \u_core.u_host.byte_out \u_core.quant_buf [47:8] }, Q = \u_core.quant_buf).
Adding EN signal on $flatten\u_core.$procdff$2806 ($adff) from module tt_um_danieltyukov_int8_npu (D = { \u_core.u_host.byte_out \u_core.bias_buf [47:8] }, Q = \u_core.bias_buf).
Adding EN signal on $flatten\u_core.$procdff$2805 ($adff) from module tt_um_danieltyukov_int8_npu (D = { \u_core.u_host.byte_out \u_core.act_buf [191:8] }, Q = \u_core.act_buf).
Adding EN signal on $flatten\u_core.$procdff$2804 ($adff) from module tt_um_danieltyukov_int8_npu (D = $flatten\u_core.$0\inj_idx[1:0], Q = \u_core.inj_idx).
Adding EN signal on $flatten\u_core.$procdff$2801 ($adff) from module tt_um_danieltyukov_int8_npu (D = $flatten\u_core.$0\err_code_reg[1:0], Q = \u_core.err_code_reg).
Adding EN signal on $flatten\u_core.$procdff$2798 ($adff) from module tt_um_danieltyukov_int8_npu (D = $flatten\u_core.$0\err_reg[0:0], Q = \u_core.err_reg).
Adding EN signal on $flatten\u_core.$procdff$2795 ($adff) from module tt_um_danieltyukov_int8_npu (D = $flatten\u_core.$0\req_c[0:0], Q = \u_core.req_c).
Adding EN signal on $flatten\u_core.$procdff$2794 ($adff) from module tt_um_danieltyukov_int8_npu (D = $flatten\u_core.$0\req_s[1:0], Q = \u_core.req_s).
Adding EN signal on $flatten\u_core.$procdff$2793 ($adff) from module tt_um_danieltyukov_int8_npu (D = \u_core.u_host.run_req, Q = \u_core.do_req).
Adding EN signal on $flatten\u_core.$procdff$2792 ($adff) from module tt_um_danieltyukov_int8_npu (D = $flatten\u_core.$logic_not$/home/danieltyukov/workspace/personal/tt-ihp-int8-npu/src/npu_core.sv:461$995_Y, Q = \u_core.acc_first).
Adding EN signal on $flatten\u_core.$procdff$2791 ($adff) from module tt_um_danieltyukov_int8_npu (D = $flatten\u_core.$0\cyc[3:0], Q = \u_core.cyc).
Adding EN signal on $flatten\u_core.$procdff$2790 ($adff) from module tt_um_danieltyukov_int8_npu (D = $flatten\u_core.$0\state[1:0], Q = \u_core.state).
Adding EN signal on $flatten\u_core.$procdff$2789 ($adff) from module tt_um_danieltyukov_int8_npu (D = $flatten\u_core.$0\g_bank[0].g_ent[0].q[23:0], Q = \u_core.g_bank[0].g_ent[0].q).
Adding EN signal on $flatten\u_core.$procdff$2788 ($adff) from module tt_um_danieltyukov_int8_npu (D = $flatten\u_core.$0\g_bank[0].g_ent[1].q[23:0], Q = \u_core.g_bank[0].g_ent[1].q).
Adding EN signal on $flatten\u_core.$procdff$2787 ($adff) from module tt_um_danieltyukov_int8_npu (D = $flatten\u_core.$0\g_bank[0].g_ent[2].q[23:0], Q = \u_core.g_bank[0].g_ent[2].q).
Adding EN signal on $flatten\u_core.$procdff$2786 ($adff) from module tt_um_danieltyukov_int8_npu (D = $flatten\u_core.$0\g_bank[0].g_ent[3].q[23:0], Q = \u_core.g_bank[0].g_ent[3].q).
Adding EN signal on $flatten\u_core.$procdff$2785 ($adff) from module tt_um_danieltyukov_int8_npu (D = $flatten\u_core.$0\g_bank[1].g_ent[0].q[23:0], Q = \u_core.g_bank[1].g_ent[0].q).
Adding EN signal on $flatten\u_core.$procdff$2784 ($adff) from module tt_um_danieltyukov_int8_npu (D = $flatten\u_core.$0\g_bank[1].g_ent[1].q[23:0], Q = \u_core.g_bank[1].g_ent[1].q).
Adding EN signal on $flatten\u_core.$procdff$2783 ($adff) from module tt_um_danieltyukov_int8_npu (D = $flatten\u_core.$0\g_bank[1].g_ent[2].q[23:0], Q = \u_core.g_bank[1].g_ent[2].q).
Adding EN signal on $flatten\u_core.$procdff$2782 ($adff) from module tt_um_danieltyukov_int8_npu (D = $flatten\u_core.$0\g_bank[1].g_ent[3].q[23:0], Q = \u_core.g_bank[1].g_ent[3].q).
Adding EN signal on $flatten\u_core.$procdff$2781 ($adff) from module tt_um_danieltyukov_int8_npu (D = $flatten\u_core.$0\g_res[0].q[7:0], Q = \u_core.g_res[0].q).
Adding EN signal on $flatten\u_core.$procdff$2780 ($adff) from module tt_um_danieltyukov_int8_npu (D = $flatten\u_core.$0\g_res[1].q[7:0], Q = \u_core.g_res[1].q).
Adding EN signal on $flatten\u_core.$procdff$2779 ($adff) from module tt_um_danieltyukov_int8_npu (D = $flatten\u_core.$0\g_res[2].q[7:0], Q = \u_core.g_res[2].q).
Adding EN signal on $flatten\u_core.$procdff$2778 ($adff) from module tt_um_danieltyukov_int8_npu (D = $flatten\u_core.$0\g_res[3].q[7:0], Q = \u_core.g_res[3].q).
Adding EN signal on $flatten\u_core.$procdff$2777 ($adff) from module tt_um_danieltyukov_int8_npu (D = $flatten\u_core.$0\g_res[4].q[7:0], Q = \u_core.g_res[4].q).
Adding EN signal on $flatten\u_core.$procdff$2776 ($adff) from module tt_um_danieltyukov_int8_npu (D = $flatten\u_core.$0\g_res[5].q[7:0], Q = \u_core.g_res[5].q).
Adding EN signal on $flatten\u_core.$procdff$2775 ($adff) from module tt_um_danieltyukov_int8_npu (D = $flatten\u_core.$0\g_res[6].q[7:0], Q = \u_core.g_res[6].q).
Adding EN signal on $flatten\u_core.$procdff$2774 ($adff) from module tt_um_danieltyukov_int8_npu (D = $flatten\u_core.$0\g_res[7].q[7:0], Q = \u_core.g_res[7].q).

16.9.7. Executing OPT_CLEAN pass (remove unused cells and wires).
Finding unused cells or wires in module \tt_um_danieltyukov_int8_npu..
Removed 54 unused cells and 54 unused wires.
<suppressed ~55 debug messages>

16.9.8. Executing OPT_EXPR pass (perform const folding).
Optimizing module tt_um_danieltyukov_int8_npu.
<suppressed ~32 debug messages>

16.9.9. Rerunning OPT passes. (Maybe there is more to do..)

16.9.10. Executing OPT_MUXTREE pass (detect dead branches in mux trees).
Running muxtree optimizer on module \tt_um_danieltyukov_int8_npu..
  Creating internal representation of mux trees.
  Evaluating internal representation of mux trees.
  Analyzing evaluation results.
Removed 0 multiplexer ports.
<suppressed ~85 debug messages>

16.9.11. Executing OPT_REDUCE pass (consolidate $*mux and $reduce_* inputs).
  Optimizing cells in module \tt_um_danieltyukov_int8_npu.
Performed a total of 0 changes.

16.9.12. Executing OPT_MERGE pass (detect identical cells).
Finding identical cells in module `\tt_um_danieltyukov_int8_npu'.
<suppressed ~111 debug messages>
Removed a total of 37 cells.

16.9.13. Executing OPT_DFF pass (perform DFF optimizations).

16.9.14. Executing OPT_CLEAN pass (remove unused cells and wires).
Finding unused cells or wires in module \tt_um_danieltyukov_int8_npu..
Removed 0 unused cells and 37 unused wires.
<suppressed ~1 debug messages>

16.9.15. Executing OPT_EXPR pass (perform const folding).
Optimizing module tt_um_danieltyukov_int8_npu.

16.9.16. Rerunning OPT passes. (Maybe there is more to do..)

16.9.17. Executing OPT_MUXTREE pass (detect dead branches in mux trees).
Running muxtree optimizer on module \tt_um_danieltyukov_int8_npu..
  Creating internal representation of mux trees.
  Evaluating internal representation of mux trees.
  Analyzing evaluation results.
Removed 0 multiplexer ports.
<suppressed ~86 debug messages>

16.9.18. Executing OPT_REDUCE pass (consolidate $*mux and $reduce_* inputs).
  Optimizing cells in module \tt_um_danieltyukov_int8_npu.
Performed a total of 0 changes.

16.9.19. Executing OPT_MERGE pass (detect identical cells).
Finding identical cells in module `\tt_um_danieltyukov_int8_npu'.
Removed a total of 0 cells.

16.9.20. Executing OPT_DFF pass (perform DFF optimizations).

16.9.21. Executing OPT_CLEAN pass (remove unused cells and wires).
Finding unused cells or wires in module \tt_um_danieltyukov_int8_npu..

16.9.22. Executing OPT_EXPR pass (perform const folding).
Optimizing module tt_um_danieltyukov_int8_npu.

16.9.23. Finished OPT passes. (There is nothing left to do.)

16.10. Executing WREDUCE pass (reducing word size of cells).
Removed top 28 address bits (of 32) from memory init port tt_um_danieltyukov_int8_npu.$flatten\u_core.\u_host.$auto$mem.cc:319:emit$1984 ($flatten\u_core.\u_host.$auto$proc_rom.cc:150:do_switch$1982).
Removed top 2 bits (of 4) from port B of cell tt_um_danieltyukov_int8_npu.$auto$opt_dff.cc:195:make_patterns_logic$2963 ($ne).
Removed top 1 bits (of 2) from port B of cell tt_um_danieltyukov_int8_npu.$auto$opt_dff.cc:195:make_patterns_logic$2967 ($ne).
Removed top 1 bits (of 4) from port B of cell tt_um_danieltyukov_int8_npu.$auto$opt_dff.cc:195:make_patterns_logic$2935 ($ne).
Removed top 1 bits (of 25) from port Y of cell tt_um_danieltyukov_int8_npu.$flatten\u_core.\g_bank[1].u_acc_add.$and$/home/danieltyukov/workspace/personal/tt-ihp-int8-npu/src/npu_adder.sv:60$1231 ($and).
Removed top 1 bits (of 25) from port A of cell tt_um_danieltyukov_int8_npu.$flatten\u_core.\g_bank[1].u_acc_add.$and$/home/danieltyukov/workspace/personal/tt-ihp-int8-npu/src/npu_adder.sv:60$1231 ($and).
Removed top 1 bits (of 25) from port B of cell tt_um_danieltyukov_int8_npu.$flatten\u_core.\g_bank[1].u_acc_add.$and$/home/danieltyukov/workspace/personal/tt-ihp-int8-npu/src/npu_adder.sv:60$1231 ($and).
Removed top 1 bits (of 25) from port Y of cell tt_um_danieltyukov_int8_npu.$flatten\u_core.\g_bank[0].u_acc_add.$and$/home/danieltyukov/workspace/personal/tt-ihp-int8-npu/src/npu_adder.sv:60$1231 ($and).
Removed top 1 bits (of 25) from port A of cell tt_um_danieltyukov_int8_npu.$flatten\u_core.\g_bank[0].u_acc_add.$and$/home/danieltyukov/workspace/personal/tt-ihp-int8-npu/src/npu_adder.sv:60$1231 ($and).
Removed top 1 bits (of 25) from port B of cell tt_um_danieltyukov_int8_npu.$flatten\u_core.\g_bank[0].u_acc_add.$and$/home/danieltyukov/workspace/personal/tt-ihp-int8-npu/src/npu_adder.sv:60$1231 ($and).
Removed top 2 bits (of 10) from port B of cell tt_um_danieltyukov_int8_npu.$flatten\u_core.\u_act.$gt$/home/danieltyukov/workspace/personal/tt-ihp-int8-npu/src/npu_activation.sv:44$4 ($gt).
Removed top 2 bits (of 10) from port B of cell tt_um_danieltyukov_int8_npu.$flatten\u_core.\u_act.$lt$/home/danieltyukov/workspace/personal/tt-ihp-int8-npu/src/npu_activation.sv:45$5 ($lt).
Removed top 1 bits (of 2) from port B of cell tt_um_danieltyukov_int8_npu.$flatten\u_core.\u_act.$eq$/home/danieltyukov/workspace/personal/tt-ihp-int8-npu/src/npu_activation.sv:51$12 ($eq).
Removed top 18 bits (of 26) from port B of cell tt_um_danieltyukov_int8_npu.$flatten\u_core.\u_requant.$gt$/home/danieltyukov/workspace/personal/tt-ihp-int8-npu/src/npu_requant.sv:130$1428 ($gt).
Removed top 18 bits (of 26) from port B of cell tt_um_danieltyukov_int8_npu.$flatten\u_core.\u_requant.$lt$/home/danieltyukov/workspace/personal/tt-ihp-int8-npu/src/npu_requant.sv:131$1429 ($lt).
Removed top 1 bits (of 6) from port A of cell tt_um_danieltyukov_int8_npu.$flatten\u_core.\u_requant.$add$/home/danieltyukov/workspace/personal/tt-ihp-int8-npu/src/npu_requant.sv:157$1434 ($add).
Removed top 1 bits (of 6) from port B of cell tt_um_danieltyukov_int8_npu.$flatten\u_core.\u_requant.$add$/home/danieltyukov/workspace/personal/tt-ihp-int8-npu/src/npu_requant.sv:157$1434 ($add).
Removed top 3 bits (of 4) from port B of cell tt_um_danieltyukov_int8_npu.$flatten\u_core.\u_requant.$eq$/home/danieltyukov/workspace/personal/tt-ihp-int8-npu/src/npu_requant.sv:168$1436 ($eq).
Removed top 1 bits (of 2) from mux cell tt_um_danieltyukov_int8_npu.$flatten\u_core.\u_requant.$ternary$/home/danieltyukov/workspace/personal/tt-ihp-int8-npu/src/npu_requant.sv:168$1438 ($mux).
Removed top 3 bits (of 6) from port B of cell tt_um_danieltyukov_int8_npu.$flatten\u_core.\u_requant.$ge$/home/danieltyukov/workspace/personal/tt-ihp-int8-npu/src/npu_requant.sv:174$1439 ($ge).
Removed top 3 bits (of 6) from port B of cell tt_um_danieltyukov_int8_npu.$flatten\u_core.\u_requant.$sub$/home/danieltyukov/workspace/personal/tt-ihp-int8-npu/src/npu_requant.sv:178$1444 ($sub).
Removed top 3 bits (of 6) from port B of cell tt_um_danieltyukov_int8_npu.$flatten\u_core.\u_requant.$eq$/home/danieltyukov/workspace/personal/tt-ihp-int8-npu/src/npu_requant.sv:179$1445 ($eq).
Removed top 5 bits (of 6) from port B of cell tt_um_danieltyukov_int8_npu.$flatten\u_core.\u_requant.$sub$/home/danieltyukov/workspace/personal/tt-ihp-int8-npu/src/npu_requant.sv:184$1447 ($sub).
Removed top 5 bits (of 6) from port B of cell tt_um_danieltyukov_int8_npu.$flatten\u_core.\u_requant.$eq$/home/danieltyukov/workspace/personal/tt-ihp-int8-npu/src/npu_requant.sv:185$1448 ($eq).
Removed top 1 bits (of 2) from port B of cell tt_um_danieltyukov_int8_npu.$flatten\u_core.\u_requant.$procmux$2370_CMP0 ($eq).
Removed top 2 bits (of 45) from mux cell tt_um_danieltyukov_int8_npu.$flatten\u_core.\u_requant.$procmux$2408 ($mux).
Removed top 1 bits (of 2) from port B of cell tt_um_danieltyukov_int8_npu.$auto$opt_dff.cc:195:make_patterns_logic$2862 ($ne).
Removed top 1 bits (of 26) from port Y of cell tt_um_danieltyukov_int8_npu.$flatten\u_core.\u_requant.\u_add.$and$/home/danieltyukov/workspace/personal/tt-ihp-int8-npu/src/npu_adder.sv:60$1502 ($and).
Removed top 1 bits (of 26) from port A of cell tt_um_danieltyukov_int8_npu.$flatten\u_core.\u_requant.\u_add.$and$/home/danieltyukov/workspace/personal/tt-ihp-int8-npu/src/npu_adder.sv:60$1502 ($and).
Removed top 1 bits (of 26) from port B of cell tt_um_danieltyukov_int8_npu.$flatten\u_core.\u_requant.\u_add.$and$/home/danieltyukov/workspace/personal/tt-ihp-int8-npu/src/npu_adder.sv:60$1502 ($and).
Removed top 1 bits (of 19) from port Y of cell tt_um_danieltyukov_int8_npu.$flatten\u_core.\u_array.\g_row[5].g_col[1].u_pe.\u_add.$and$/home/danieltyukov/workspace/personal/tt-ihp-int8-npu/src/npu_adder.sv:60$1699 ($and).
Removed top 1 bits (of 19) from port A of cell tt_um_danieltyukov_int8_npu.$flatten\u_core.\u_array.\g_row[5].g_col[1].u_pe.\u_add.$and$/home/danieltyukov/workspace/personal/tt-ihp-int8-npu/src/npu_adder.sv:60$1699 ($and).
Removed top 1 bits (of 19) from port B of cell tt_um_danieltyukov_int8_npu.$flatten\u_core.\u_array.\g_row[5].g_col[1].u_pe.\u_add.$and$/home/danieltyukov/workspace/personal/tt-ihp-int8-npu/src/npu_adder.sv:60$1699 ($and).
Removed top 8 bits (of 16) from port A of cell tt_um_danieltyukov_int8_npu.$flatten\u_core.\u_array.\g_row[5].g_col[1].u_pe.\u_mul.\g_bw.g_wallace.u_tree.$xor$/home/danieltyukov/workspace/personal/tt-ihp-int8-npu/src/npu_csa_reduce.sv:49$1832 ($xor).
Removed top 7 bits (of 16) from port B of cell tt_um_danieltyukov_int8_npu.$flatten\u_core.\u_array.\g_row[5].g_col[1].u_pe.\u_mul.\g_bw.g_wallace.u_tree.$xor$/home/danieltyukov/workspace/personal/tt-ihp-int8-npu/src/npu_csa_reduce.sv:49$1832 ($xor).
Removed top 7 bits (of 16) from port Y of cell tt_um_danieltyukov_int8_npu.$flatten\u_core.\u_array.\g_row[5].g_col[1].u_pe.\u_mul.\g_bw.g_wallace.u_tree.$xor$/home/danieltyukov/workspace/personal/tt-ihp-int8-npu/src/npu_csa_reduce.sv:49$1832 ($xor).
Removed top 1 bits (of 16) from port Y of cell tt_um_danieltyukov_int8_npu.$flatten\u_core.\u_array.\g_row[5].g_col[1].u_pe.\u_mul.\u_cpa.$and$/home/danieltyukov/workspace/personal/tt-ihp-int8-npu/src/npu_adder.sv:60$1855 ($and).
Removed top 1 bits (of 16) from port A of cell tt_um_danieltyukov_int8_npu.$flatten\u_core.\u_array.\g_row[5].g_col[1].u_pe.\u_mul.\u_cpa.$and$/home/danieltyukov/workspace/personal/tt-ihp-int8-npu/src/npu_adder.sv:60$1855 ($and).
Removed top 1 bits (of 16) from port B of cell tt_um_danieltyukov_int8_npu.$flatten\u_core.\u_array.\g_row[5].g_col[1].u_pe.\u_mul.\u_cpa.$and$/home/danieltyukov/workspace/personal/tt-ihp-int8-npu/src/npu_adder.sv:60$1855 ($and).
Removed top 1 bits (of 16) from port Y of cell tt_um_danieltyukov_int8_npu.$flatten\u_core.\u_array.\g_row[5].g_col[1].u_pe.\u_mul.\g_bw.g_wallace.u_tree.\genblk1.g_reduce.u_next.$or$/home/danieltyukov/workspace/personal/tt-ihp-int8-npu/src/npu_csa_reduce.sv:53$1964 ($or).
Removed top 1 bits (of 16) from port A of cell tt_um_danieltyukov_int8_npu.$flatten\u_core.\u_array.\g_row[5].g_col[1].u_pe.\u_mul.\g_bw.g_wallace.u_tree.\genblk1.g_reduce.u_next.$or$/home/danieltyukov/workspace/personal/tt-ihp-int8-npu/src/npu_csa_reduce.sv:53$1964 ($or).
Removed top 1 bits (of 16) from port B of cell tt_um_danieltyukov_int8_npu.$flatten\u_core.\u_array.\g_row[5].g_col[1].u_pe.\u_mul.\g_bw.g_wallace.u_tree.\genblk1.g_reduce.u_next.$or$/home/danieltyukov/workspace/personal/tt-ihp-int8-npu/src/npu_csa_reduce.sv:53$1964 ($or).
Removed top 1 bits (of 16) from port Y of cell tt_um_danieltyukov_int8_npu.$flatten\u_core.\u_array.\g_row[5].g_col[1].u_pe.\u_mul.\g_bw.g_wallace.u_tree.\genblk1.g_reduce.u_next.$or$/home/danieltyukov/workspace/personal/tt-ihp-int8-npu/src/npu_csa_reduce.sv:53$1971 ($or).
Removed top 1 bits (of 16) from port A of cell tt_um_danieltyukov_int8_npu.$flatten\u_core.\u_array.\g_row[5].g_col[1].u_pe.\u_mul.\g_bw.g_wallace.u_tree.\genblk1.g_reduce.u_next.$or$/home/danieltyukov/workspace/personal/tt-ihp-int8-npu/src/npu_csa_reduce.sv:53$1971 ($or).
Removed top 1 bits (of 16) from port B of cell tt_um_danieltyukov_int8_npu.$flatten\u_core.\u_array.\g_row[5].g_col[1].u_pe.\u_mul.\g_bw.g_wallace.u_tree.\genblk1.g_reduce.u_next.$or$/home/danieltyukov/workspace/personal/tt-ihp-int8-npu/src/npu_csa_reduce.sv:53$1971 ($or).
Removed top 1 bits (of 16) from port Y of cell tt_um_danieltyukov_int8_npu.$flatten\u_core.\u_array.\g_row[5].g_col[1].u_pe.\u_mul.\g_bw.g_wallace.u_tree.\genblk1.g_reduce.u_next.\genblk1.g_reduce.u_next.\genblk1.g_reduce.u_next.$or$/home/danieltyukov/workspace/personal/tt-ihp-int8-npu/src/npu_csa_reduce.sv:53$1830 ($or).
Removed top 1 bits (of 16) from port A of cell tt_um_danieltyukov_int8_npu.$flatten\u_core.\u_array.\g_row[5].g_col[1].u_pe.\u_mul.\g_bw.g_wallace.u_tree.\genblk1.g_reduce.u_next.\genblk1.g_reduce.u_next.\genblk1.g_reduce.u_next.$or$/home/danieltyukov/workspace/personal/tt-ihp-int8-npu/src/npu_csa_reduce.sv:53$1830 ($or).
Removed top 1 bits (of 16) from port B of cell tt_um_danieltyukov_int8_npu.$flatten\u_core.\u_array.\g_row[5].g_col[1].u_pe.\u_mul.\g_bw.g_wallace.u_tree.\genblk1.g_reduce.u_next.\genblk1.g_reduce.u_next.\genblk1.g_reduce.u_next.$or$/home/danieltyukov/workspace/personal/tt-ihp-int8-npu/src/npu_csa_reduce.sv:53$1830 ($or).
Removed top 1 bits (of 16) from port Y of cell tt_um_danieltyukov_int8_npu.$flatten\u_core.\u_array.\g_row[5].g_col[1].u_pe.\u_mul.\g_bw.g_wallace.u_tree.\genblk1.g_reduce.u_next.\genblk1.g_reduce.u_next.$or$/home/danieltyukov/workspace/personal/tt-ihp-int8-npu/src/npu_csa_reduce.sv:53$1979 ($or).
Removed top 1 bits (of 16) from port A of cell tt_um_danieltyukov_int8_npu.$flatten\u_core.\u_array.\g_row[5].g_col[1].u_pe.\u_mul.\g_bw.g_wallace.u_tree.\genblk1.g_reduce.u_next.\genblk1.g_reduce.u_next.$or$/home/danieltyukov/workspace/personal/tt-ihp-int8-npu/src/npu_csa_reduce.sv:53$1979 ($or).
Removed top 1 bits (of 16) from port B of cell tt_um_danieltyukov_int8_npu.$flatten\u_core.\u_array.\g_row[5].g_col[1].u_pe.\u_mul.\g_bw.g_wallace.u_tree.\genblk1.g_reduce.u_next.\genblk1.g_reduce.u_next.$or$/home/danieltyukov/workspace/personal/tt-ihp-int8-npu/src/npu_csa_reduce.sv:53$1979 ($or).
Removed top 1 bits (of 16) from port Y of cell tt_um_danieltyukov_int8_npu.$flatten\u_core.\u_array.\g_row[5].g_col[1].u_pe.\u_mul.\g_bw.g_wallace.u_tree.\genblk1.g_reduce.u_next.\genblk1.g_reduce.u_next.$and$/home/danieltyukov/workspace/personal/tt-ihp-int8-npu/src/npu_csa_reduce.sv:53$1978 ($and).
Removed top 1 bits (of 16) from port A of cell tt_um_danieltyukov_int8_npu.$flatten\u_core.\u_array.\g_row[5].g_col[1].u_pe.\u_mul.\g_bw.g_wallace.u_tree.\genblk1.g_reduce.u_next.\genblk1.g_reduce.u_next.$and$/home/danieltyukov/workspace/personal/tt-ihp-int8-npu/src/npu_csa_reduce.sv:53$1978 ($and).
Removed top 1 bits (of 16) from port B of cell tt_um_danieltyukov_int8_npu.$flatten\u_core.\u_array.\g_row[5].g_col[1].u_pe.\u_mul.\g_bw.g_wallace.u_tree.\genblk1.g_reduce.u_next.\genblk1.g_reduce.u_next.$and$/home/danieltyukov/workspace/personal/tt-ihp-int8-npu/src/npu_csa_reduce.sv:53$1978 ($and).
Removed top 1 bits (of 16) from port Y of cell tt_um_danieltyukov_int8_npu.$flatten\u_core.\u_array.\g_row[5].g_col[1].u_pe.\u_mul.\g_bw.g_wallace.u_tree.\genblk1.g_reduce.u_next.\genblk1.g_reduce.u_next.$or$/home/danieltyukov/workspace/personal/tt-ihp-int8-npu/src/npu_csa_reduce.sv:53$1977 ($or).
Removed top 1 bits (of 16) from port A of cell tt_um_danieltyukov_int8_npu.$flatten\u_core.\u_array.\g_row[5].g_col[1].u_pe.\u_mul.\g_bw.g_wallace.u_tree.\genblk1.g_reduce.u_next.\genblk1.g_reduce.u_next.$or$/home/danieltyukov/workspace/personal/tt-ihp-int8-npu/src/npu_csa_reduce.sv:53$1977 ($or).
Removed top 1 bits (of 16) from port B of cell tt_um_danieltyukov_int8_npu.$flatten\u_core.\u_array.\g_row[5].g_col[1].u_pe.\u_mul.\g_bw.g_wallace.u_tree.\genblk1.g_reduce.u_next.\genblk1.g_reduce.u_next.$or$/home/danieltyukov/workspace/personal/tt-ihp-int8-npu/src/npu_csa_reduce.sv:53$1977 ($or).
Removed top 1 bits (of 16) from port Y of cell tt_um_danieltyukov_int8_npu.$flatten\u_core.\u_array.\g_row[5].g_col[1].u_pe.\u_mul.\g_bw.g_wallace.u_tree.\genblk1.g_reduce.u_next.\genblk1.g_reduce.u_next.$and$/home/danieltyukov/workspace/personal/tt-ihp-int8-npu/src/npu_csa_reduce.sv:53$1976 ($and).
Removed top 1 bits (of 16) from port A of cell tt_um_danieltyukov_int8_npu.$flatten\u_core.\u_array.\g_row[5].g_col[1].u_pe.\u_mul.\g_bw.g_wallace.u_tree.\genblk1.g_reduce.u_next.\genblk1.g_reduce.u_next.$and$/home/danieltyukov/workspace/personal/tt-ihp-int8-npu/src/npu_csa_reduce.sv:53$1976 ($and).
Removed top 1 bits (of 16) from port B of cell tt_um_danieltyukov_int8_npu.$flatten\u_core.\u_array.\g_row[5].g_col[1].u_pe.\u_mul.\g_bw.g_wallace.u_tree.\genblk1.g_reduce.u_next.\genblk1.g_reduce.u_next.$and$/home/danieltyukov/workspace/personal/tt-ihp-int8-npu/src/npu_csa_reduce.sv:53$1976 ($and).
Removed top 1 bits (of 16) from port Y of cell tt_um_danieltyukov_int8_npu.$flatten\u_core.\u_array.\g_row[5].g_col[1].u_pe.\u_mul.\g_bw.g_wallace.u_tree.\genblk1.g_reduce.u_next.\genblk1.g_reduce.u_next.$and$/home/danieltyukov/workspace/personal/tt-ihp-int8-npu/src/npu_csa_reduce.sv:53$1975 ($and).
Removed top 1 bits (of 16) from port A of cell tt_um_danieltyukov_int8_npu.$flatten\u_core.\u_array.\g_row[5].g_col[1].u_pe.\u_mul.\g_bw.g_wallace.u_tree.\genblk1.g_reduce.u_next.\genblk1.g_reduce.u_next.$and$/home/danieltyukov/workspace/personal/tt-ihp-int8-npu/src/npu_csa_reduce.sv:53$1975 ($and).
Removed top 1 bits (of 16) from port B of cell tt_um_danieltyukov_int8_npu.$flatten\u_core.\u_array.\g_row[5].g_col[1].u_pe.\u_mul.\g_bw.g_wallace.u_tree.\genblk1.g_reduce.u_next.\genblk1.g_reduce.u_next.$and$/home/danieltyukov/workspace/personal/tt-ihp-int8-npu/src/npu_csa_reduce.sv:53$1975 ($and).
Removed top 7 bits (of 16) from port B of cell tt_um_danieltyukov_int8_npu.$flatten\u_core.\u_array.\g_row[5].g_col[1].u_pe.\u_mul.\g_bw.g_wallace.u_tree.$or$/home/danieltyukov/workspace/personal/tt-ihp-int8-npu/src/npu_csa_reduce.sv:53$1852 ($or).
Removed top 1 bits (of 16) from port Y of cell tt_um_danieltyukov_int8_npu.$flatten\u_core.\u_array.\g_row[5].g_col[1].u_pe.\u_mul.\g_bw.g_wallace.u_tree.$or$/home/danieltyukov/workspace/personal/tt-ihp-int8-npu/src/npu_csa_reduce.sv:53$1852 ($or).
Removed top 1 bits (of 16) from port A of cell tt_um_danieltyukov_int8_npu.$flatten\u_core.\u_array.\g_row[5].g_col[1].u_pe.\u_mul.\g_bw.g_wallace.u_tree.$or$/home/danieltyukov/workspace/personal/tt-ihp-int8-npu/src/npu_csa_reduce.sv:53$1852 ($or).
Removed top 7 bits (of 16) from port B of cell tt_um_danieltyukov_int8_npu.$flatten\u_core.\u_array.\g_row[5].g_col[1].u_pe.\u_mul.\g_bw.g_wallace.u_tree.$or$/home/danieltyukov/workspace/personal/tt-ihp-int8-npu/src/npu_csa_reduce.sv:53$1850 ($or).
Removed top 1 bits (of 16) from port Y of cell tt_um_danieltyukov_int8_npu.$flatten\u_core.\u_array.\g_row[5].g_col[1].u_pe.\u_mul.\g_bw.g_wallace.u_tree.$or$/home/danieltyukov/workspace/personal/tt-ihp-int8-npu/src/npu_csa_reduce.sv:53$1850 ($or).
Removed top 1 bits (of 16) from port A of cell tt_um_danieltyukov_int8_npu.$flatten\u_core.\u_array.\g_row[5].g_col[1].u_pe.\u_mul.\g_bw.g_wallace.u_tree.$or$/home/danieltyukov/workspace/personal/tt-ihp-int8-npu/src/npu_csa_reduce.sv:53$1850 ($or).
Removed top 2 bits (of 16) from port A of cell tt_um_danieltyukov_int8_npu.$flatten\u_core.\u_array.\g_row[5].g_col[1].u_pe.\u_mul.\g_bw.g_wallace.u_tree.$and$/home/danieltyukov/workspace/personal/tt-ihp-int8-npu/src/npu_csa_reduce.sv:53$1848 ($and).
Removed top 1 bits (of 16) from port B of cell tt_um_danieltyukov_int8_npu.$flatten\u_core.\u_array.\g_row[5].g_col[1].u_pe.\u_mul.\g_bw.g_wallace.u_tree.$and$/home/danieltyukov/workspace/personal/tt-ihp-int8-npu/src/npu_csa_reduce.sv:53$1848 ($and).
Removed top 1 bits (of 16) from port Y of cell tt_um_danieltyukov_int8_npu.$flatten\u_core.\u_array.\g_row[5].g_col[1].u_pe.\u_mul.\g_bw.g_wallace.u_tree.$and$/home/danieltyukov/workspace/personal/tt-ihp-int8-npu/src/npu_csa_reduce.sv:53$1848 ($and).
Removed top 2 bits (of 16) from port A of cell tt_um_danieltyukov_int8_npu.$flatten\u_core.\u_array.\g_row[5].g_col[1].u_pe.\u_mul.\g_bw.g_wallace.u_tree.$xor$/home/danieltyukov/workspace/personal/tt-ihp-int8-npu/src/npu_csa_reduce.sv:49$1846 ($xor).
Removed top 1 bits (of 16) from port B of cell tt_um_danieltyukov_int8_npu.$flatten\u_core.\u_array.\g_row[5].g_col[1].u_pe.\u_mul.\g_bw.g_wallace.u_tree.$xor$/home/danieltyukov/workspace/personal/tt-ihp-int8-npu/src/npu_csa_reduce.sv:49$1846 ($xor).
Removed top 1 bits (of 16) from port Y of cell tt_um_danieltyukov_int8_npu.$flatten\u_core.\u_array.\g_row[5].g_col[1].u_pe.\u_mul.\g_bw.g_wallace.u_tree.$xor$/home/danieltyukov/workspace/personal/tt-ihp-int8-npu/src/npu_csa_reduce.sv:49$1846 ($xor).
Removed top 1 bits (of 16) from port Y of cell tt_um_danieltyukov_int8_npu.$flatten\u_core.\u_array.\g_row[5].g_col[1].u_pe.\u_mul.\g_bw.g_wallace.u_tree.$or$/home/danieltyukov/workspace/personal/tt-ihp-int8-npu/src/npu_csa_reduce.sv:53$1845 ($or).
Removed top 1 bits (of 16) from port A of cell tt_um_danieltyukov_int8_npu.$flatten\u_core.\u_array.\g_row[5].g_col[1].u_pe.\u_mul.\g_bw.g_wallace.u_tree.$or$/home/danieltyukov/workspace/personal/tt-ihp-int8-npu/src/npu_csa_reduce.sv:53$1845 ($or).
Removed top 1 bits (of 16) from port B of cell tt_um_danieltyukov_int8_npu.$flatten\u_core.\u_array.\g_row[5].g_col[1].u_pe.\u_mul.\g_bw.g_wallace.u_tree.$or$/home/danieltyukov/workspace/personal/tt-ihp-int8-npu/src/npu_csa_reduce.sv:53$1845 ($or).
Removed top 4 bits (of 16) from port A of cell tt_um_danieltyukov_int8_npu.$flatten\u_core.\u_array.\g_row[5].g_col[1].u_pe.\u_mul.\g_bw.g_wallace.u_tree.$and$/home/danieltyukov/workspace/personal/tt-ihp-int8-npu/src/npu_csa_reduce.sv:53$1844 ($and).
Removed top 3 bits (of 16) from port B of cell tt_um_danieltyukov_int8_npu.$flatten\u_core.\u_array.\g_row[5].g_col[1].u_pe.\u_mul.\g_bw.g_wallace.u_tree.$and$/home/danieltyukov/workspace/personal/tt-ihp-int8-npu/src/npu_csa_reduce.sv:53$1844 ($and).
Removed top 3 bits (of 16) from port Y of cell tt_um_danieltyukov_int8_npu.$flatten\u_core.\u_array.\g_row[5].g_col[1].u_pe.\u_mul.\g_bw.g_wallace.u_tree.$and$/home/danieltyukov/workspace/personal/tt-ihp-int8-npu/src/npu_csa_reduce.sv:53$1844 ($and).
Removed top 1 bits (of 16) from port Y of cell tt_um_danieltyukov_int8_npu.$flatten\u_core.\u_array.\g_row[5].g_col[1].u_pe.\u_mul.\g_bw.g_wallace.u_tree.$or$/home/danieltyukov/workspace/personal/tt-ihp-int8-npu/src/npu_csa_reduce.sv:53$1843 ($or).
Removed top 1 bits (of 16) from port A of cell tt_um_danieltyukov_int8_npu.$flatten\u_core.\u_array.\g_row[5].g_col[1].u_pe.\u_mul.\g_bw.g_wallace.u_tree.$or$/home/danieltyukov/workspace/personal/tt-ihp-int8-npu/src/npu_csa_reduce.sv:53$1843 ($or).
Removed top 1 bits (of 16) from port B of cell tt_um_danieltyukov_int8_npu.$flatten\u_core.\u_array.\g_row[5].g_col[1].u_pe.\u_mul.\g_bw.g_wallace.u_tree.$or$/home/danieltyukov/workspace/personal/tt-ihp-int8-npu/src/npu_csa_reduce.sv:53$1843 ($or).
Removed top 5 bits (of 16) from port A of cell tt_um_danieltyukov_int8_npu.$flatten\u_core.\u_array.\g_row[5].g_col[1].u_pe.\u_mul.\g_bw.g_wallace.u_tree.$and$/home/danieltyukov/workspace/personal/tt-ihp-int8-npu/src/npu_csa_reduce.sv:53$1842 ($and).
Removed top 3 bits (of 16) from port B of cell tt_um_danieltyukov_int8_npu.$flatten\u_core.\u_array.\g_row[5].g_col[1].u_pe.\u_mul.\g_bw.g_wallace.u_tree.$and$/home/danieltyukov/workspace/personal/tt-ihp-int8-npu/src/npu_csa_reduce.sv:53$1842 ($and).
Removed top 3 bits (of 16) from port Y of cell tt_um_danieltyukov_int8_npu.$flatten\u_core.\u_array.\g_row[5].g_col[1].u_pe.\u_mul.\g_bw.g_wallace.u_tree.$and$/home/danieltyukov/workspace/personal/tt-ihp-int8-npu/src/npu_csa_reduce.sv:53$1842 ($and).
Removed top 5 bits (of 16) from port A of cell tt_um_danieltyukov_int8_npu.$flatten\u_core.\u_array.\g_row[5].g_col[1].u_pe.\u_mul.\g_bw.g_wallace.u_tree.$and$/home/danieltyukov/workspace/personal/tt-ihp-int8-npu/src/npu_csa_reduce.sv:53$1841 ($and).
Removed top 4 bits (of 16) from port B of cell tt_um_danieltyukov_int8_npu.$flatten\u_core.\u_array.\g_row[5].g_col[1].u_pe.\u_mul.\g_bw.g_wallace.u_tree.$and$/home/danieltyukov/workspace/personal/tt-ihp-int8-npu/src/npu_csa_reduce.sv:53$1841 ($and).
Removed top 4 bits (of 16) from port Y of cell tt_um_danieltyukov_int8_npu.$flatten\u_core.\u_array.\g_row[5].g_col[1].u_pe.\u_mul.\g_bw.g_wallace.u_tree.$and$/home/danieltyukov/workspace/personal/tt-ihp-int8-npu/src/npu_csa_reduce.sv:53$1841 ($and).
Removed top 3 bits (of 16) from port B of cell tt_um_danieltyukov_int8_npu.$flatten\u_core.\u_array.\g_row[5].g_col[1].u_pe.\u_mul.\g_bw.g_wallace.u_tree.$xor$/home/danieltyukov/workspace/personal/tt-ihp-int8-npu/src/npu_csa_reduce.sv:49$1840 ($xor).
Removed top 5 bits (of 16) from port A of cell tt_um_danieltyukov_int8_npu.$flatten\u_core.\u_array.\g_row[5].g_col[1].u_pe.\u_mul.\g_bw.g_wallace.u_tree.$xor$/home/danieltyukov/workspace/personal/tt-ihp-int8-npu/src/npu_csa_reduce.sv:49$1839 ($xor).
Removed top 4 bits (of 16) from port B of cell tt_um_danieltyukov_int8_npu.$flatten\u_core.\u_array.\g_row[5].g_col[1].u_pe.\u_mul.\g_bw.g_wallace.u_tree.$xor$/home/danieltyukov/workspace/personal/tt-ihp-int8-npu/src/npu_csa_reduce.sv:49$1839 ($xor).
Removed top 4 bits (of 16) from port Y of cell tt_um_danieltyukov_int8_npu.$flatten\u_core.\u_array.\g_row[5].g_col[1].u_pe.\u_mul.\g_bw.g_wallace.u_tree.$xor$/home/danieltyukov/workspace/personal/tt-ihp-int8-npu/src/npu_csa_reduce.sv:49$1839 ($xor).
Removed top 1 bits (of 16) from port Y of cell tt_um_danieltyukov_int8_npu.$flatten\u_core.\u_array.\g_row[5].g_col[1].u_pe.\u_mul.\g_bw.g_wallace.u_tree.$or$/home/danieltyukov/workspace/personal/tt-ihp-int8-npu/src/npu_csa_reduce.sv:53$1838 ($or).
Removed top 1 bits (of 16) from port A of cell tt_um_danieltyukov_int8_npu.$flatten\u_core.\u_array.\g_row[5].g_col[1].u_pe.\u_mul.\g_bw.g_wallace.u_tree.$or$/home/danieltyukov/workspace/personal/tt-ihp-int8-npu/src/npu_csa_reduce.sv:53$1838 ($or).
Removed top 1 bits (of 16) from port B of cell tt_um_danieltyukov_int8_npu.$flatten\u_core.\u_array.\g_row[5].g_col[1].u_pe.\u_mul.\g_bw.g_wallace.u_tree.$or$/home/danieltyukov/workspace/personal/tt-ihp-int8-npu/src/npu_csa_reduce.sv:53$1838 ($or).
Removed top 7 bits (of 16) from port A of cell tt_um_danieltyukov_int8_npu.$flatten\u_core.\u_array.\g_row[5].g_col[1].u_pe.\u_mul.\g_bw.g_wallace.u_tree.$and$/home/danieltyukov/workspace/personal/tt-ihp-int8-npu/src/npu_csa_reduce.sv:53$1837 ($and).
Removed top 6 bits (of 16) from port B of cell tt_um_danieltyukov_int8_npu.$flatten\u_core.\u_array.\g_row[5].g_col[1].u_pe.\u_mul.\g_bw.g_wallace.u_tree.$and$/home/danieltyukov/workspace/personal/tt-ihp-int8-npu/src/npu_csa_reduce.sv:53$1837 ($and).
Removed top 6 bits (of 16) from port Y of cell tt_um_danieltyukov_int8_npu.$flatten\u_core.\u_array.\g_row[5].g_col[1].u_pe.\u_mul.\g_bw.g_wallace.u_tree.$and$/home/danieltyukov/workspace/personal/tt-ihp-int8-npu/src/npu_csa_reduce.sv:53$1837 ($and).
Removed top 1 bits (of 16) from port Y of cell tt_um_danieltyukov_int8_npu.$flatten\u_core.\u_array.\g_row[5].g_col[1].u_pe.\u_mul.\g_bw.g_wallace.u_tree.$or$/home/danieltyukov/workspace/personal/tt-ihp-int8-npu/src/npu_csa_reduce.sv:53$1836 ($or).
Removed top 1 bits (of 16) from port A of cell tt_um_danieltyukov_int8_npu.$flatten\u_core.\u_array.\g_row[5].g_col[1].u_pe.\u_mul.\g_bw.g_wallace.u_tree.$or$/home/danieltyukov/workspace/personal/tt-ihp-int8-npu/src/npu_csa_reduce.sv:53$1836 ($or).
Removed top 1 bits (of 16) from port B of cell tt_um_danieltyukov_int8_npu.$flatten\u_core.\u_array.\g_row[5].g_col[1].u_pe.\u_mul.\g_bw.g_wallace.u_tree.$or$/home/danieltyukov/workspace/personal/tt-ihp-int8-npu/src/npu_csa_reduce.sv:53$1836 ($or).
Removed top 8 bits (of 16) from port A of cell tt_um_danieltyukov_int8_npu.$flatten\u_core.\u_array.\g_row[5].g_col[1].u_pe.\u_mul.\g_bw.g_wallace.u_tree.$and$/home/danieltyukov/workspace/personal/tt-ihp-int8-npu/src/npu_csa_reduce.sv:53$1835 ($and).
Removed top 6 bits (of 16) from port B of cell tt_um_danieltyukov_int8_npu.$flatten\u_core.\u_array.\g_row[5].g_col[1].u_pe.\u_mul.\g_bw.g_wallace.u_tree.$and$/home/danieltyukov/workspace/personal/tt-ihp-int8-npu/src/npu_csa_reduce.sv:53$1835 ($and).
Removed top 6 bits (of 16) from port Y of cell tt_um_danieltyukov_int8_npu.$flatten\u_core.\u_array.\g_row[5].g_col[1].u_pe.\u_mul.\g_bw.g_wallace.u_tree.$and$/home/danieltyukov/workspace/personal/tt-ihp-int8-npu/src/npu_csa_reduce.sv:53$1835 ($and).
Removed top 8 bits (of 16) from port A of cell tt_um_danieltyukov_int8_npu.$flatten\u_core.\u_array.\g_row[5].g_col[1].u_pe.\u_mul.\g_bw.g_wallace.u_tree.$and$/home/danieltyukov/workspace/personal/tt-ihp-int8-npu/src/npu_csa_reduce.sv:53$1834 ($and).
Removed top 7 bits (of 16) from port B of cell tt_um_danieltyukov_int8_npu.$flatten\u_core.\u_array.\g_row[5].g_col[1].u_pe.\u_mul.\g_bw.g_wallace.u_tree.$and$/home/danieltyukov/workspace/personal/tt-ihp-int8-npu/src/npu_csa_reduce.sv:53$1834 ($and).
Removed top 7 bits (of 16) from port Y of cell tt_um_danieltyukov_int8_npu.$flatten\u_core.\u_array.\g_row[5].g_col[1].u_pe.\u_mul.\g_bw.g_wallace.u_tree.$and$/home/danieltyukov/workspace/personal/tt-ihp-int8-npu/src/npu_csa_reduce.sv:53$1834 ($and).
Removed top 7 bits (of 16) from port A of cell tt_um_danieltyukov_int8_npu.$flatten\u_core.\u_array.\g_row[5].g_col[1].u_pe.\u_mul.\g_bw.g_wallace.u_tree.$xor$/home/danieltyukov/workspace/personal/tt-ihp-int8-npu/src/npu_csa_reduce.sv:49$1833 ($xor).
Removed top 6 bits (of 16) from port B of cell tt_um_danieltyukov_int8_npu.$flatten\u_core.\u_array.\g_row[5].g_col[1].u_pe.\u_mul.\g_bw.g_wallace.u_tree.$xor$/home/danieltyukov/workspace/personal/tt-ihp-int8-npu/src/npu_csa_reduce.sv:49$1833 ($xor).
Removed top 6 bits (of 16) from port Y of cell tt_um_danieltyukov_int8_npu.$flatten\u_core.\u_array.\g_row[5].g_col[1].u_pe.\u_mul.\g_bw.g_wallace.u_tree.$xor$/home/danieltyukov/workspace/personal/tt-ihp-int8-npu/src/npu_csa_reduce.sv:49$1833 ($xor).
Removed top 8 bits (of 16) from port A of cell tt_um_danieltyukov_int8_npu.$flatten\u_core.\u_array.\g_row[0].g_col[0].u_pe.\u_mul.\g_bw.g_wallace.u_tree.$xor$/home/danieltyukov/workspace/personal/tt-ihp-int8-npu/src/npu_csa_reduce.sv:49$1832 ($xor).
Removed top 7 bits (of 16) from port B of cell tt_um_danieltyukov_int8_npu.$flatten\u_core.\u_array.\g_row[0].g_col[0].u_pe.\u_mul.\g_bw.g_wallace.u_tree.$xor$/home/danieltyukov/workspace/personal/tt-ihp-int8-npu/src/npu_csa_reduce.sv:49$1832 ($xor).
Removed top 7 bits (of 16) from port Y of cell tt_um_danieltyukov_int8_npu.$flatten\u_core.\u_array.\g_row[0].g_col[0].u_pe.\u_mul.\g_bw.g_wallace.u_tree.$xor$/home/danieltyukov/workspace/personal/tt-ihp-int8-npu/src/npu_csa_reduce.sv:49$1832 ($xor).
Removed top 1 bits (of 16) from port Y of cell tt_um_danieltyukov_int8_npu.$flatten\u_core.\u_array.\g_row[0].g_col[0].u_pe.\u_mul.\u_cpa.$and$/home/danieltyukov/workspace/personal/tt-ihp-int8-npu/src/npu_adder.sv:60$1855 ($and).
Removed top 1 bits (of 16) from port A of cell tt_um_danieltyukov_int8_npu.$flatten\u_core.\u_array.\g_row[0].g_col[0].u_pe.\u_mul.\u_cpa.$and$/home/danieltyukov/workspace/personal/tt-ihp-int8-npu/src/npu_adder.sv:60$1855 ($and).
Removed top 1 bits (of 16) from port B of cell tt_um_danieltyukov_int8_npu.$flatten\u_core.\u_array.\g_row[0].g_col[0].u_pe.\u_mul.\u_cpa.$and$/home/danieltyukov/workspace/personal/tt-ihp-int8-npu/src/npu_adder.sv:60$1855 ($and).
Removed top 1 bits (of 16) from port Y of cell tt_um_danieltyukov_int8_npu.$flatten\u_core.\u_array.\g_row[0].g_col[0].u_pe.\u_mul.\g_bw.g_wallace.u_tree.\genblk1.g_reduce.u_next.$or$/home/danieltyukov/workspace/personal/tt-ihp-int8-npu/src/npu_csa_reduce.sv:53$1964 ($or).
Removed top 1 bits (of 16) from port A of cell tt_um_danieltyukov_int8_npu.$flatten\u_core.\u_array.\g_row[0].g_col[0].u_pe.\u_mul.\g_bw.g_wallace.u_tree.\genblk1.g_reduce.u_next.$or$/home/danieltyukov/workspace/personal/tt-ihp-int8-npu/src/npu_csa_reduce.sv:53$1964 ($or).
Removed top 1 bits (of 16) from port B of cell tt_um_danieltyukov_int8_npu.$flatten\u_core.\u_array.\g_row[0].g_col[0].u_pe.\u_mul.\g_bw.g_wallace.u_tree.\genblk1.g_reduce.u_next.$or$/home/danieltyukov/workspace/personal/tt-ihp-int8-npu/src/npu_csa_reduce.sv:53$1964 ($or).
Removed top 1 bits (of 16) from port Y of cell tt_um_danieltyukov_int8_npu.$flatten\u_core.\u_array.\g_row[0].g_col[0].u_pe.\u_mul.\g_bw.g_wallace.u_tree.\genblk1.g_reduce.u_next.$or$/home/danieltyukov/workspace/personal/tt-ihp-int8-npu/src/npu_csa_reduce.sv:53$1971 ($or).
Removed top 1 bits (of 16) from port A of cell tt_um_danieltyukov_int8_npu.$flatten\u_core.\u_array.\g_row[0].g_col[0].u_pe.\u_mul.\g_bw.g_wallace.u_tree.\genblk1.g_reduce.u_next.$or$/home/danieltyukov/workspace/personal/tt-ihp-int8-npu/src/npu_csa_reduce.sv:53$1971 ($or).
Removed top 1 bits (of 16) from port B of cell tt_um_danieltyukov_int8_npu.$flatten\u_core.\u_array.\g_row[0].g_col[0].u_pe.\u_mul.\g_bw.g_wallace.u_tree.\genblk1.g_reduce.u_next.$or$/home/danieltyukov/workspace/personal/tt-ihp-int8-npu/src/npu_csa_reduce.sv:53$1971 ($or).
Removed top 1 bits (of 16) from port Y of cell tt_um_danieltyukov_int8_npu.$flatten\u_core.\u_array.\g_row[0].g_col[0].u_pe.\u_mul.\g_bw.g_wallace.u_tree.\genblk1.g_reduce.u_next.\genblk1.g_reduce.u_next.\genblk1.g_reduce.u_next.$or$/home/danieltyukov/workspace/personal/tt-ihp-int8-npu/src/npu_csa_reduce.sv:53$1830 ($or).
Removed top 1 bits (of 16) from port A of cell tt_um_danieltyukov_int8_npu.$flatten\u_core.\u_array.\g_row[0].g_col[0].u_pe.\u_mul.\g_bw.g_wallace.u_tree.\genblk1.g_reduce.u_next.\genblk1.g_reduce.u_next.\genblk1.g_reduce.u_next.$or$/home/danieltyukov/workspace/personal/tt-ihp-int8-npu/src/npu_csa_reduce.sv:53$1830 ($or).
Removed top 1 bits (of 16) from port B of cell tt_um_danieltyukov_int8_npu.$flatten\u_core.\u_array.\g_row[0].g_col[0].u_pe.\u_mul.\g_bw.g_wallace.u_tree.\genblk1.g_reduce.u_next.\genblk1.g_reduce.u_next.\genblk1.g_reduce.u_next.$or$/home/danieltyukov/workspace/personal/tt-ihp-int8-npu/src/npu_csa_reduce.sv:53$1830 ($or).
Removed top 1 bits (of 16) from port Y of cell tt_um_danieltyukov_int8_npu.$flatten\u_core.\u_array.\g_row[0].g_col[0].u_pe.\u_mul.\g_bw.g_wallace.u_tree.\genblk1.g_reduce.u_next.\genblk1.g_reduce.u_next.$or$/home/danieltyukov/workspace/personal/tt-ihp-int8-npu/src/npu_csa_reduce.sv:53$1979 ($or).
Removed top 1 bits (of 16) from port A of cell tt_um_danieltyukov_int8_npu.$flatten\u_core.\u_array.\g_row[0].g_col[0].u_pe.\u_mul.\g_bw.g_wallace.u_tree.\genblk1.g_reduce.u_next.\genblk1.g_reduce.u_next.$or$/home/danieltyukov/workspace/personal/tt-ihp-int8-npu/src/npu_csa_reduce.sv:53$1979 ($or).
Removed top 1 bits (of 16) from port B of cell tt_um_danieltyukov_int8_npu.$flatten\u_core.\u_array.\g_row[0].g_col[0].u_pe.\u_mul.\g_bw.g_wallace.u_tree.\genblk1.g_reduce.u_next.\genblk1.g_reduce.u_next.$or$/home/danieltyukov/workspace/personal/tt-ihp-int8-npu/src/npu_csa_reduce.sv:53$1979 ($or).
Removed top 1 bits (of 16) from port Y of cell tt_um_danieltyukov_int8_npu.$flatten\u_core.\u_array.\g_row[0].g_col[0].u_pe.\u_mul.\g_bw.g_wallace.u_tree.\genblk1.g_reduce.u_next.\genblk1.g_reduce.u_next.$and$/home/danieltyukov/workspace/personal/tt-ihp-int8-npu/src/npu_csa_reduce.sv:53$1978 ($and).
Removed top 1 bits (of 16) from port A of cell tt_um_danieltyukov_int8_npu.$flatten\u_core.\u_array.\g_row[0].g_col[0].u_pe.\u_mul.\g_bw.g_wallace.u_tree.\genblk1.g_reduce.u_next.\genblk1.g_reduce.u_next.$and$/home/danieltyukov/workspace/personal/tt-ihp-int8-npu/src/npu_csa_reduce.sv:53$1978 ($and).
Removed top 1 bits (of 16) from port B of cell tt_um_danieltyukov_int8_npu.$flatten\u_core.\u_array.\g_row[0].g_col[0].u_pe.\u_mul.\g_bw.g_wallace.u_tree.\genblk1.g_reduce.u_next.\genblk1.g_reduce.u_next.$and$/home/danieltyukov/workspace/personal/tt-ihp-int8-npu/src/npu_csa_reduce.sv:53$1978 ($and).
Removed top 1 bits (of 16) from port Y of cell tt_um_danieltyukov_int8_npu.$flatten\u_core.\u_array.\g_row[0].g_col[0].u_pe.\u_mul.\g_bw.g_wallace.u_tree.\genblk1.g_reduce.u_next.\genblk1.g_reduce.u_next.$or$/home/danieltyukov/workspace/personal/tt-ihp-int8-npu/src/npu_csa_reduce.sv:53$1977 ($or).
Removed top 1 bits (of 16) from port A of cell tt_um_danieltyukov_int8_npu.$flatten\u_core.\u_array.\g_row[0].g_col[0].u_pe.\u_mul.\g_bw.g_wallace.u_tree.\genblk1.g_reduce.u_next.\genblk1.g_reduce.u_next.$or$/home/danieltyukov/workspace/personal/tt-ihp-int8-npu/src/npu_csa_reduce.sv:53$1977 ($or).
Removed top 1 bits (of 16) from port B of cell tt_um_danieltyukov_int8_npu.$flatten\u_core.\u_array.\g_row[0].g_col[0].u_pe.\u_mul.\g_bw.g_wallace.u_tree.\genblk1.g_reduce.u_next.\genblk1.g_reduce.u_next.$or$/home/danieltyukov/workspace/personal/tt-ihp-int8-npu/src/npu_csa_reduce.sv:53$1977 ($or).
Removed top 1 bits (of 16) from port Y of cell tt_um_danieltyukov_int8_npu.$flatten\u_core.\u_array.\g_row[0].g_col[0].u_pe.\u_mul.\g_bw.g_wallace.u_tree.\genblk1.g_reduce.u_next.\genblk1.g_reduce.u_next.$and$/home/danieltyukov/workspace/personal/tt-ihp-int8-npu/src/npu_csa_reduce.sv:53$1976 ($and).
Removed top 1 bits (of 16) from port A of cell tt_um_danieltyukov_int8_npu.$flatten\u_core.\u_array.\g_row[0].g_col[0].u_pe.\u_mul.\g_bw.g_wallace.u_tree.\genblk1.g_reduce.u_next.\genblk1.g_reduce.u_next.$and$/home/danieltyukov/workspace/personal/tt-ihp-int8-npu/src/npu_csa_reduce.sv:53$1976 ($and).
Removed top 1 bits (of 16) from port B of cell tt_um_danieltyukov_int8_npu.$flatten\u_core.\u_array.\g_row[0].g_col[0].u_pe.\u_mul.\g_bw.g_wallace.u_tree.\genblk1.g_reduce.u_next.\genblk1.g_reduce.u_next.$and$/home/danieltyukov/workspace/personal/tt-ihp-int8-npu/src/npu_csa_reduce.sv:53$1976 ($and).
Removed top 1 bits (of 16) from port Y of cell tt_um_danieltyukov_int8_npu.$flatten\u_core.\u_array.\g_row[0].g_col[0].u_pe.\u_mul.\g_bw.g_wallace.u_tree.\genblk1.g_reduce.u_next.\genblk1.g_reduce.u_next.$and$/home/danieltyukov/workspace/personal/tt-ihp-int8-npu/src/npu_csa_reduce.sv:53$1975 ($and).
Removed top 1 bits (of 16) from port A of cell tt_um_danieltyukov_int8_npu.$flatten\u_core.\u_array.\g_row[0].g_col[0].u_pe.\u_mul.\g_bw.g_wallace.u_tree.\genblk1.g_reduce.u_next.\genblk1.g_reduce.u_next.$and$/home/danieltyukov/workspace/personal/tt-ihp-int8-npu/src/npu_csa_reduce.sv:53$1975 ($and).
Removed top 1 bits (of 16) from port B of cell tt_um_danieltyukov_int8_npu.$flatten\u_core.\u_array.\g_row[0].g_col[0].u_pe.\u_mul.\g_bw.g_wallace.u_tree.\genblk1.g_reduce.u_next.\genblk1.g_reduce.u_next.$and$/home/danieltyukov/workspace/personal/tt-ihp-int8-npu/src/npu_csa_reduce.sv:53$1975 ($and).
Removed top 7 bits (of 16) from port B of cell tt_um_danieltyukov_int8_npu.$flatten\u_core.\u_array.\g_row[0].g_col[0].u_pe.\u_mul.\g_bw.g_wallace.u_tree.$or$/home/danieltyukov/workspace/personal/tt-ihp-int8-npu/src/npu_csa_reduce.sv:53$1852 ($or).
Removed top 1 bits (of 16) from port Y of cell tt_um_danieltyukov_int8_npu.$flatten\u_core.\u_array.\g_row[0].g_col[0].u_pe.\u_mul.\g_bw.g_wallace.u_tree.$or$/home/danieltyukov/workspace/personal/tt-ihp-int8-npu/src/npu_csa_reduce.sv:53$1852 ($or).
Removed top 1 bits (of 16) from port A of cell tt_um_danieltyukov_int8_npu.$flatten\u_core.\u_array.\g_row[0].g_col[0].u_pe.\u_mul.\g_bw.g_wallace.u_tree.$or$/home/danieltyukov/workspace/personal/tt-ihp-int8-npu/src/npu_csa_reduce.sv:53$1852 ($or).
Removed top 7 bits (of 16) from port B of cell tt_um_danieltyukov_int8_npu.$flatten\u_core.\u_array.\g_row[0].g_col[0].u_pe.\u_mul.\g_bw.g_wallace.u_tree.$or$/home/danieltyukov/workspace/personal/tt-ihp-int8-npu/src/npu_csa_reduce.sv:53$1850 ($or).
Removed top 1 bits (of 16) from port Y of cell tt_um_danieltyukov_int8_npu.$flatten\u_core.\u_array.\g_row[0].g_col[0].u_pe.\u_mul.\g_bw.g_wallace.u_tree.$or$/home/danieltyukov/workspace/personal/tt-ihp-int8-npu/src/npu_csa_reduce.sv:53$1850 ($or).
Removed top 1 bits (of 16) from port A of cell tt_um_danieltyukov_int8_npu.$flatten\u_core.\u_array.\g_row[0].g_col[0].u_pe.\u_mul.\g_bw.g_wallace.u_tree.$or$/home/danieltyukov/workspace/personal/tt-ihp-int8-npu/src/npu_csa_reduce.sv:53$1850 ($or).
Removed top 2 bits (of 16) from port A of cell tt_um_danieltyukov_int8_npu.$flatten\u_core.\u_array.\g_row[0].g_col[0].u_pe.\u_mul.\g_bw.g_wallace.u_tree.$and$/home/danieltyukov/workspace/personal/tt-ihp-int8-npu/src/npu_csa_reduce.sv:53$1848 ($and).
Removed top 1 bits (of 16) from port B of cell tt_um_danieltyukov_int8_npu.$flatten\u_core.\u_array.\g_row[0].g_col[0].u_pe.\u_mul.\g_bw.g_wallace.u_tree.$and$/home/danieltyukov/workspace/personal/tt-ihp-int8-npu/src/npu_csa_reduce.sv:53$1848 ($and).
Removed top 1 bits (of 16) from port Y of cell tt_um_danieltyukov_int8_npu.$flatten\u_core.\u_array.\g_row[0].g_col[0].u_pe.\u_mul.\g_bw.g_wallace.u_tree.$and$/home/danieltyukov/workspace/personal/tt-ihp-int8-npu/src/npu_csa_reduce.sv:53$1848 ($and).
Removed top 2 bits (of 16) from port A of cell tt_um_danieltyukov_int8_npu.$flatten\u_core.\u_array.\g_row[0].g_col[0].u_pe.\u_mul.\g_bw.g_wallace.u_tree.$xor$/home/danieltyukov/workspace/personal/tt-ihp-int8-npu/src/npu_csa_reduce.sv:49$1846 ($xor).
Removed top 1 bits (of 16) from port B of cell tt_um_danieltyukov_int8_npu.$flatten\u_core.\u_array.\g_row[0].g_col[0].u_pe.\u_mul.\g_bw.g_wallace.u_tree.$xor$/home/danieltyukov/workspace/personal/tt-ihp-int8-npu/src/npu_csa_reduce.sv:49$1846 ($xor).
Removed top 1 bits (of 16) from port Y of cell tt_um_danieltyukov_int8_npu.$flatten\u_core.\u_array.\g_row[0].g_col[0].u_pe.\u_mul.\g_bw.g_wallace.u_tree.$xor$/home/danieltyukov/workspace/personal/tt-ihp-int8-npu/src/npu_csa_reduce.sv:49$1846 ($xor).
Removed top 1 bits (of 16) from port Y of cell tt_um_danieltyukov_int8_npu.$flatten\u_core.\u_array.\g_row[0].g_col[0].u_pe.\u_mul.\g_bw.g_wallace.u_tree.$or$/home/danieltyukov/workspace/personal/tt-ihp-int8-npu/src/npu_csa_reduce.sv:53$1845 ($or).
Removed top 1 bits (of 16) from port A of cell tt_um_danieltyukov_int8_npu.$flatten\u_core.\u_array.\g_row[0].g_col[0].u_pe.\u_mul.\g_bw.g_wallace.u_tree.$or$/home/danieltyukov/workspace/personal/tt-ihp-int8-npu/src/npu_csa_reduce.sv:53$1845 ($or).
Removed top 1 bits (of 16) from port B of cell tt_um_danieltyukov_int8_npu.$flatten\u_core.\u_array.\g_row[0].g_col[0].u_pe.\u_mul.\g_bw.g_wallace.u_tree.$or$/home/danieltyukov/workspace/personal/tt-ihp-int8-npu/src/npu_csa_reduce.sv:53$1845 ($or).
Removed top 4 bits (of 16) from port A of cell tt_um_danieltyukov_int8_npu.$flatten\u_core.\u_array.\g_row[0].g_col[0].u_pe.\u_mul.\g_bw.g_wallace.u_tree.$and$/home/danieltyukov/workspace/personal/tt-ihp-int8-npu/src/npu_csa_reduce.sv:53$1844 ($and).
Removed top 3 bits (of 16) from port B of cell tt_um_danieltyukov_int8_npu.$flatten\u_core.\u_array.\g_row[0].g_col[0].u_pe.\u_mul.\g_bw.g_wallace.u_tree.$and$/home/danieltyukov/workspace/personal/tt-ihp-int8-npu/src/npu_csa_reduce.sv:53$1844 ($and).
Removed top 3 bits (of 16) from port Y of cell tt_um_danieltyukov_int8_npu.$flatten\u_core.\u_array.\g_row[0].g_col[0].u_pe.\u_mul.\g_bw.g_wallace.u_tree.$and$/home/danieltyukov/workspace/personal/tt-ihp-int8-npu/src/npu_csa_reduce.sv:53$1844 ($and).
Removed top 1 bits (of 16) from port Y of cell tt_um_danieltyukov_int8_npu.$flatten\u_core.\u_array.\g_row[0].g_col[0].u_pe.\u_mul.\g_bw.g_wallace.u_tree.$or$/home/danieltyukov/workspace/personal/tt-ihp-int8-npu/src/npu_csa_reduce.sv:53$1843 ($or).
Removed top 1 bits (of 16) from port A of cell tt_um_danieltyukov_int8_npu.$flatten\u_core.\u_array.\g_row[0].g_col[0].u_pe.\u_mul.\g_bw.g_wallace.u_tree.$or$/home/danieltyukov/workspace/personal/tt-ihp-int8-npu/src/npu_csa_reduce.sv:53$1843 ($or).
Removed top 1 bits (of 16) from port B of cell tt_um_danieltyukov_int8_npu.$flatten\u_core.\u_array.\g_row[0].g_col[0].u_pe.\u_mul.\g_bw.g_wallace.u_tree.$or$/home/danieltyukov/workspace/personal/tt-ihp-int8-npu/src/npu_csa_reduce.sv:53$1843 ($or).
Removed top 5 bits (of 16) from port A of cell tt_um_danieltyukov_int8_npu.$flatten\u_core.\u_array.\g_row[0].g_col[0].u_pe.\u_mul.\g_bw.g_wallace.u_tree.$and$/home/danieltyukov/workspace/personal/tt-ihp-int8-npu/src/npu_csa_reduce.sv:53$1842 ($and).
Removed top 3 bits (of 16) from port B of cell tt_um_danieltyukov_int8_npu.$flatten\u_core.\u_array.\g_row[0].g_col[0].u_pe.\u_mul.\g_bw.g_wallace.u_tree.$and$/home/danieltyukov/workspace/personal/tt-ihp-int8-npu/src/npu_csa_reduce.sv:53$1842 ($and).
Removed top 3 bits (of 16) from port Y of cell tt_um_danieltyukov_int8_npu.$flatten\u_core.\u_array.\g_row[0].g_col[0].u_pe.\u_mul.\g_bw.g_wallace.u_tree.$and$/home/danieltyukov/workspace/personal/tt-ihp-int8-npu/src/npu_csa_reduce.sv:53$1842 ($and).
Removed top 5 bits (of 16) from port A of cell tt_um_danieltyukov_int8_npu.$flatten\u_core.\u_array.\g_row[0].g_col[0].u_pe.\u_mul.\g_bw.g_wallace.u_tree.$and$/home/danieltyukov/workspace/personal/tt-ihp-int8-npu/src/npu_csa_reduce.sv:53$1841 ($and).
Removed top 4 bits (of 16) from port B of cell tt_um_danieltyukov_int8_npu.$flatten\u_core.\u_array.\g_row[0].g_col[0].u_pe.\u_mul.\g_bw.g_wallace.u_tree.$and$/home/danieltyukov/workspace/personal/tt-ihp-int8-npu/src/npu_csa_reduce.sv:53$1841 ($and).
Removed top 4 bits (of 16) from port Y of cell tt_um_danieltyukov_int8_npu.$flatten\u_core.\u_array.\g_row[0].g_col[0].u_pe.\u_mul.\g_bw.g_wallace.u_tree.$and$/home/danieltyukov/workspace/personal/tt-ihp-int8-npu/src/npu_csa_reduce.sv:53$1841 ($and).
Removed top 3 bits (of 16) from port B of cell tt_um_danieltyukov_int8_npu.$flatten\u_core.\u_array.\g_row[0].g_col[0].u_pe.\u_mul.\g_bw.g_wallace.u_tree.$xor$/home/danieltyukov/workspace/personal/tt-ihp-int8-npu/src/npu_csa_reduce.sv:49$1840 ($xor).
Removed top 5 bits (of 16) from port A of cell tt_um_danieltyukov_int8_npu.$flatten\u_core.\u_array.\g_row[0].g_col[0].u_pe.\u_mul.\g_bw.g_wallace.u_tree.$xor$/home/danieltyukov/workspace/personal/tt-ihp-int8-npu/src/npu_csa_reduce.sv:49$1839 ($xor).
Removed top 4 bits (of 16) from port B of cell tt_um_danieltyukov_int8_npu.$flatten\u_core.\u_array.\g_row[0].g_col[0].u_pe.\u_mul.\g_bw.g_wallace.u_tree.$xor$/home/danieltyukov/workspace/personal/tt-ihp-int8-npu/src/npu_csa_reduce.sv:49$1839 ($xor).
Removed top 4 bits (of 16) from port Y of cell tt_um_danieltyukov_int8_npu.$flatten\u_core.\u_array.\g_row[0].g_col[0].u_pe.\u_mul.\g_bw.g_wallace.u_tree.$xor$/home/danieltyukov/workspace/personal/tt-ihp-int8-npu/src/npu_csa_reduce.sv:49$1839 ($xor).
Removed top 1 bits (of 16) from port Y of cell tt_um_danieltyukov_int8_npu.$flatten\u_core.\u_array.\g_row[0].g_col[0].u_pe.\u_mul.\g_bw.g_wallace.u_tree.$or$/home/danieltyukov/workspace/personal/tt-ihp-int8-npu/src/npu_csa_reduce.sv:53$1838 ($or).
Removed top 1 bits (of 16) from port A of cell tt_um_danieltyukov_int8_npu.$flatten\u_core.\u_array.\g_row[0].g_col[0].u_pe.\u_mul.\g_bw.g_wallace.u_tree.$or$/home/danieltyukov/workspace/personal/tt-ihp-int8-npu/src/npu_csa_reduce.sv:53$1838 ($or).
Removed top 1 bits (of 16) from port B of cell tt_um_danieltyukov_int8_npu.$flatten\u_core.\u_array.\g_row[0].g_col[0].u_pe.\u_mul.\g_bw.g_wallace.u_tree.$or$/home/danieltyukov/workspace/personal/tt-ihp-int8-npu/src/npu_csa_reduce.sv:53$1838 ($or).
Removed top 7 bits (of 16) from port A of cell tt_um_danieltyukov_int8_npu.$flatten\u_core.\u_array.\g_row[0].g_col[0].u_pe.\u_mul.\g_bw.g_wallace.u_tree.$and$/home/danieltyukov/workspace/personal/tt-ihp-int8-npu/src/npu_csa_reduce.sv:53$1837 ($and).
Removed top 6 bits (of 16) from port B of cell tt_um_danieltyukov_int8_npu.$flatten\u_core.\u_array.\g_row[0].g_col[0].u_pe.\u_mul.\g_bw.g_wallace.u_tree.$and$/home/danieltyukov/workspace/personal/tt-ihp-int8-npu/src/npu_csa_reduce.sv:53$1837 ($and).
Removed top 6 bits (of 16) from port Y of cell tt_um_danieltyukov_int8_npu.$flatten\u_core.\u_array.\g_row[0].g_col[0].u_pe.\u_mul.\g_bw.g_wallace.u_tree.$and$/home/danieltyukov/workspace/personal/tt-ihp-int8-npu/src/npu_csa_reduce.sv:53$1837 ($and).
Removed top 1 bits (of 16) from port Y of cell tt_um_danieltyukov_int8_npu.$flatten\u_core.\u_array.\g_row[0].g_col[0].u_pe.\u_mul.\g_bw.g_wallace.u_tree.$or$/home/danieltyukov/workspace/personal/tt-ihp-int8-npu/src/npu_csa_reduce.sv:53$1836 ($or).
Removed top 1 bits (of 16) from port A of cell tt_um_danieltyukov_int8_npu.$flatten\u_core.\u_array.\g_row[0].g_col[0].u_pe.\u_mul.\g_bw.g_wallace.u_tree.$or$/home/danieltyukov/workspace/personal/tt-ihp-int8-npu/src/npu_csa_reduce.sv:53$1836 ($or).
Removed top 1 bits (of 16) from port B of cell tt_um_danieltyukov_int8_npu.$flatten\u_core.\u_array.\g_row[0].g_col[0].u_pe.\u_mul.\g_bw.g_wallace.u_tree.$or$/home/danieltyukov/workspace/personal/tt-ihp-int8-npu/src/npu_csa_reduce.sv:53$1836 ($or).
Removed top 8 bits (of 16) from port A of cell tt_um_danieltyukov_int8_npu.$flatten\u_core.\u_array.\g_row[0].g_col[0].u_pe.\u_mul.\g_bw.g_wallace.u_tree.$and$/home/danieltyukov/workspace/personal/tt-ihp-int8-npu/src/npu_csa_reduce.sv:53$1835 ($and).
Removed top 6 bits (of 16) from port B of cell tt_um_danieltyukov_int8_npu.$flatten\u_core.\u_array.\g_row[0].g_col[0].u_pe.\u_mul.\g_bw.g_wallace.u_tree.$and$/home/danieltyukov/workspace/personal/tt-ihp-int8-npu/src/npu_csa_reduce.sv:53$1835 ($and).
Removed top 6 bits (of 16) from port Y of cell tt_um_danieltyukov_int8_npu.$flatten\u_core.\u_array.\g_row[0].g_col[0].u_pe.\u_mul.\g_bw.g_wallace.u_tree.$and$/home/danieltyukov/workspace/personal/tt-ihp-int8-npu/src/npu_csa_reduce.sv:53$1835 ($and).
Removed top 8 bits (of 16) from port A of cell tt_um_danieltyukov_int8_npu.$flatten\u_core.\u_array.\g_row[0].g_col[0].u_pe.\u_mul.\g_bw.g_wallace.u_tree.$and$/home/danieltyukov/workspace/personal/tt-ihp-int8-npu/src/npu_csa_reduce.sv:53$1834 ($and).
Removed top 7 bits (of 16) from port B of cell tt_um_danieltyukov_int8_npu.$flatten\u_core.\u_array.\g_row[0].g_col[0].u_pe.\u_mul.\g_bw.g_wallace.u_tree.$and$/home/danieltyukov/workspace/personal/tt-ihp-int8-npu/src/npu_csa_reduce.sv:53$1834 ($and).
Removed top 7 bits (of 16) from port Y of cell tt_um_danieltyukov_int8_npu.$flatten\u_core.\u_array.\g_row[0].g_col[0].u_pe.\u_mul.\g_bw.g_wallace.u_tree.$and$/home/danieltyukov/workspace/personal/tt-ihp-int8-npu/src/npu_csa_reduce.sv:53$1834 ($and).
Removed top 7 bits (of 16) from port A of cell tt_um_danieltyukov_int8_npu.$flatten\u_core.\u_array.\g_row[0].g_col[0].u_pe.\u_mul.\g_bw.g_wallace.u_tree.$xor$/home/danieltyukov/workspace/personal/tt-ihp-int8-npu/src/npu_csa_reduce.sv:49$1833 ($xor).
Removed top 6 bits (of 16) from port B of cell tt_um_danieltyukov_int8_npu.$flatten\u_core.\u_array.\g_row[0].g_col[0].u_pe.\u_mul.\g_bw.g_wallace.u_tree.$xor$/home/danieltyukov/workspace/personal/tt-ihp-int8-npu/src/npu_csa_reduce.sv:49$1833 ($xor).
Removed top 6 bits (of 16) from port Y of cell tt_um_danieltyukov_int8_npu.$flatten\u_core.\u_array.\g_row[0].g_col[0].u_pe.\u_mul.\g_bw.g_wallace.u_tree.$xor$/home/danieltyukov/workspace/personal/tt-ihp-int8-npu/src/npu_csa_reduce.sv:49$1833 ($xor).
Removed top 3 bits (of 19) from FF cell tt_um_danieltyukov_int8_npu.$flatten\u_core.\u_array.\g_row[0].g_col[0].u_pe.$procdff$2739 ($adff).
Removed top 8 bits (of 16) from port A of cell tt_um_danieltyukov_int8_npu.$flatten\u_core.\u_array.\g_row[0].g_col[1].u_pe.\u_mul.\g_bw.g_wallace.u_tree.$xor$/home/danieltyukov/workspace/personal/tt-ihp-int8-npu/src/npu_csa_reduce.sv:49$1832 ($xor).
Removed top 7 bits (of 16) from port B of cell tt_um_danieltyukov_int8_npu.$flatten\u_core.\u_array.\g_row[0].g_col[1].u_pe.\u_mul.\g_bw.g_wallace.u_tree.$xor$/home/danieltyukov/workspace/personal/tt-ihp-int8-npu/src/npu_csa_reduce.sv:49$1832 ($xor).
Removed top 7 bits (of 16) from port Y of cell tt_um_danieltyukov_int8_npu.$flatten\u_core.\u_array.\g_row[0].g_col[1].u_pe.\u_mul.\g_bw.g_wallace.u_tree.$xor$/home/danieltyukov/workspace/personal/tt-ihp-int8-npu/src/npu_csa_reduce.sv:49$1832 ($xor).
Removed top 1 bits (of 16) from port Y of cell tt_um_danieltyukov_int8_npu.$flatten\u_core.\u_array.\g_row[0].g_col[1].u_pe.\u_mul.\u_cpa.$and$/home/danieltyukov/workspace/personal/tt-ihp-int8-npu/src/npu_adder.sv:60$1855 ($and).
Removed top 1 bits (of 16) from port A of cell tt_um_danieltyukov_int8_npu.$flatten\u_core.\u_array.\g_row[0].g_col[1].u_pe.\u_mul.\u_cpa.$and$/home/danieltyukov/workspace/personal/tt-ihp-int8-npu/src/npu_adder.sv:60$1855 ($and).
Removed top 1 bits (of 16) from port B of cell tt_um_danieltyukov_int8_npu.$flatten\u_core.\u_array.\g_row[0].g_col[1].u_pe.\u_mul.\u_cpa.$and$/home/danieltyukov/workspace/personal/tt-ihp-int8-npu/src/npu_adder.sv:60$1855 ($and).
Removed top 1 bits (of 16) from port Y of cell tt_um_danieltyukov_int8_npu.$flatten\u_core.\u_array.\g_row[0].g_col[1].u_pe.\u_mul.\g_bw.g_wallace.u_tree.\genblk1.g_reduce.u_next.$or$/home/danieltyukov/workspace/personal/tt-ihp-int8-npu/src/npu_csa_reduce.sv:53$1964 ($or).
Removed top 1 bits (of 16) from port A of cell tt_um_danieltyukov_int8_npu.$flatten\u_core.\u_array.\g_row[0].g_col[1].u_pe.\u_mul.\g_bw.g_wallace.u_tree.\genblk1.g_reduce.u_next.$or$/home/danieltyukov/workspace/personal/tt-ihp-int8-npu/src/npu_csa_reduce.sv:53$1964 ($or).
Removed top 1 bits (of 16) from port B of cell tt_um_danieltyukov_int8_npu.$flatten\u_core.\u_array.\g_row[0].g_col[1].u_pe.\u_mul.\g_bw.g_wallace.u_tree.\genblk1.g_reduce.u_next.$or$/home/danieltyukov/workspace/personal/tt-ihp-int8-npu/src/npu_csa_reduce.sv:53$1964 ($or).
Removed top 1 bits (of 16) from port Y of cell tt_um_danieltyukov_int8_npu.$flatten\u_core.\u_array.\g_row[0].g_col[1].u_pe.\u_mul.\g_bw.g_wallace.u_tree.\genblk1.g_reduce.u_next.$or$/home/danieltyukov/workspace/personal/tt-ihp-int8-npu/src/npu_csa_reduce.sv:53$1971 ($or).
Removed top 1 bits (of 16) from port A of cell tt_um_danieltyukov_int8_npu.$flatten\u_core.\u_array.\g_row[0].g_col[1].u_pe.\u_mul.\g_bw.g_wallace.u_tree.\genblk1.g_reduce.u_next.$or$/home/danieltyukov/workspace/personal/tt-ihp-int8-npu/src/npu_csa_reduce.sv:53$1971 ($or).
Removed top 1 bits (of 16) from port B of cell tt_um_danieltyukov_int8_npu.$flatten\u_core.\u_array.\g_row[0].g_col[1].u_pe.\u_mul.\g_bw.g_wallace.u_tree.\genblk1.g_reduce.u_next.$or$/home/danieltyukov/workspace/personal/tt-ihp-int8-npu/src/npu_csa_reduce.sv:53$1971 ($or).
Removed top 1 bits (of 16) from port Y of cell tt_um_danieltyukov_int8_npu.$flatten\u_core.\u_array.\g_row[0].g_col[1].u_pe.\u_mul.\g_bw.g_wallace.u_tree.\genblk1.g_reduce.u_next.\genblk1.g_reduce.u_next.\genblk1.g_reduce.u_next.$or$/home/danieltyukov/workspace/personal/tt-ihp-int8-npu/src/npu_csa_reduce.sv:53$1830 ($or).
Removed top 1 bits (of 16) from port A of cell tt_um_danieltyukov_int8_npu.$flatten\u_core.\u_array.\g_row[0].g_col[1].u_pe.\u_mul.\g_bw.g_wallace.u_tree.\genblk1.g_reduce.u_next.\genblk1.g_reduce.u_next.\genblk1.g_reduce.u_next.$or$/home/danieltyukov/workspace/personal/tt-ihp-int8-npu/src/npu_csa_reduce.sv:53$1830 ($or).
Removed top 1 bits (of 16) from port B of cell tt_um_danieltyukov_int8_npu.$flatten\u_core.\u_array.\g_row[0].g_col[1].u_pe.\u_mul.\g_bw.g_wallace.u_tree.\genblk1.g_reduce.u_next.\genblk1.g_reduce.u_next.\genblk1.g_reduce.u_next.$or$/home/danieltyukov/workspace/personal/tt-ihp-int8-npu/src/npu_csa_reduce.sv:53$1830 ($or).
Removed top 1 bits (of 16) from port Y of cell tt_um_danieltyukov_int8_npu.$flatten\u_core.\u_array.\g_row[0].g_col[1].u_pe.\u_mul.\g_bw.g_wallace.u_tree.\genblk1.g_reduce.u_next.\genblk1.g_reduce.u_next.$or$/home/danieltyukov/workspace/personal/tt-ihp-int8-npu/src/npu_csa_reduce.sv:53$1979 ($or).
Removed top 1 bits (of 16) from port A of cell tt_um_danieltyukov_int8_npu.$flatten\u_core.\u_array.\g_row[0].g_col[1].u_pe.\u_mul.\g_bw.g_wallace.u_tree.\genblk1.g_reduce.u_next.\genblk1.g_reduce.u_next.$or$/home/danieltyukov/workspace/personal/tt-ihp-int8-npu/src/npu_csa_reduce.sv:53$1979 ($or).
Removed top 1 bits (of 16) from port B of cell tt_um_danieltyukov_int8_npu.$flatten\u_core.\u_array.\g_row[0].g_col[1].u_pe.\u_mul.\g_bw.g_wallace.u_tree.\genblk1.g_reduce.u_next.\genblk1.g_reduce.u_next.$or$/home/danieltyukov/workspace/personal/tt-ihp-int8-npu/src/npu_csa_reduce.sv:53$1979 ($or).
Removed top 1 bits (of 16) from port Y of cell tt_um_danieltyukov_int8_npu.$flatten\u_core.\u_array.\g_row[0].g_col[1].u_pe.\u_mul.\g_bw.g_wallace.u_tree.\genblk1.g_reduce.u_next.\genblk1.g_reduce.u_next.$and$/home/danieltyukov/workspace/personal/tt-ihp-int8-npu/src/npu_csa_reduce.sv:53$1978 ($and).
Removed top 1 bits (of 16) from port A of cell tt_um_danieltyukov_int8_npu.$flatten\u_core.\u_array.\g_row[0].g_col[1].u_pe.\u_mul.\g_bw.g_wallace.u_tree.\genblk1.g_reduce.u_next.\genblk1.g_reduce.u_next.$and$/home/danieltyukov/workspace/personal/tt-ihp-int8-npu/src/npu_csa_reduce.sv:53$1978 ($and).
Removed top 1 bits (of 16) from port B of cell tt_um_danieltyukov_int8_npu.$flatten\u_core.\u_array.\g_row[0].g_col[1].u_pe.\u_mul.\g_bw.g_wallace.u_tree.\genblk1.g_reduce.u_next.\genblk1.g_reduce.u_next.$and$/home/danieltyukov/workspace/personal/tt-ihp-int8-npu/src/npu_csa_reduce.sv:53$1978 ($and).
Removed top 1 bits (of 16) from port Y of cell tt_um_danieltyukov_int8_npu.$flatten\u_core.\u_array.\g_row[0].g_col[1].u_pe.\u_mul.\g_bw.g_wallace.u_tree.\genblk1.g_reduce.u_next.\genblk1.g_reduce.u_next.$or$/home/danieltyukov/workspace/personal/tt-ihp-int8-npu/src/npu_csa_reduce.sv:53$1977 ($or).
Removed top 1 bits (of 16) from port A of cell tt_um_danieltyukov_int8_npu.$flatten\u_core.\u_array.\g_row[0].g_col[1].u_pe.\u_mul.\g_bw.g_wallace.u_tree.\genblk1.g_reduce.u_next.\genblk1.g_reduce.u_next.$or$/home/danieltyukov/workspace/personal/tt-ihp-int8-npu/src/npu_csa_reduce.sv:53$1977 ($or).
Removed top 1 bits (of 16) from port B of cell tt_um_danieltyukov_int8_npu.$flatten\u_core.\u_array.\g_row[0].g_col[1].u_pe.\u_mul.\g_bw.g_wallace.u_tree.\genblk1.g_reduce.u_next.\genblk1.g_reduce.u_next.$or$/home/danieltyukov/workspace/personal/tt-ihp-int8-npu/src/npu_csa_reduce.sv:53$1977 ($or).
Removed top 1 bits (of 16) from port Y of cell tt_um_danieltyukov_int8_npu.$flatten\u_core.\u_array.\g_row[0].g_col[1].u_pe.\u_mul.\g_bw.g_wallace.u_tree.\genblk1.g_reduce.u_next.\genblk1.g_reduce.u_next.$and$/home/danieltyukov/workspace/personal/tt-ihp-int8-npu/src/npu_csa_reduce.sv:53$1976 ($and).
Removed top 1 bits (of 16) from port A of cell tt_um_danieltyukov_int8_npu.$flatten\u_core.\u_array.\g_row[0].g_col[1].u_pe.\u_mul.\g_bw.g_wallace.u_tree.\genblk1.g_reduce.u_next.\genblk1.g_reduce.u_next.$and$/home/danieltyukov/workspace/personal/tt-ihp-int8-npu/src/npu_csa_reduce.sv:53$1976 ($and).
Removed top 1 bits (of 16) from port B of cell tt_um_danieltyukov_int8_npu.$flatten\u_core.\u_array.\g_row[0].g_col[1].u_pe.\u_mul.\g_bw.g_wallace.u_tree.\genblk1.g_reduce.u_next.\genblk1.g_reduce.u_next.$and$/home/danieltyukov/workspace/personal/tt-ihp-int8-npu/src/npu_csa_reduce.sv:53$1976 ($and).
Removed top 1 bits (of 16) from port Y of cell tt_um_danieltyukov_int8_npu.$flatten\u_core.\u_array.\g_row[0].g_col[1].u_pe.\u_mul.\g_bw.g_wallace.u_tree.\genblk1.g_reduce.u_next.\genblk1.g_reduce.u_next.$and$/home/danieltyukov/workspace/personal/tt-ihp-int8-npu/src/npu_csa_reduce.sv:53$1975 ($and).
Removed top 1 bits (of 16) from port A of cell tt_um_danieltyukov_int8_npu.$flatten\u_core.\u_array.\g_row[0].g_col[1].u_pe.\u_mul.\g_bw.g_wallace.u_tree.\genblk1.g_reduce.u_next.\genblk1.g_reduce.u_next.$and$/home/danieltyukov/workspace/personal/tt-ihp-int8-npu/src/npu_csa_reduce.sv:53$1975 ($and).
Removed top 1 bits (of 16) from port B of cell tt_um_danieltyukov_int8_npu.$flatten\u_core.\u_array.\g_row[0].g_col[1].u_pe.\u_mul.\g_bw.g_wallace.u_tree.\genblk1.g_reduce.u_next.\genblk1.g_reduce.u_next.$and$/home/danieltyukov/workspace/personal/tt-ihp-int8-npu/src/npu_csa_reduce.sv:53$1975 ($and).
Removed top 7 bits (of 16) from port B of cell tt_um_danieltyukov_int8_npu.$flatten\u_core.\u_array.\g_row[0].g_col[1].u_pe.\u_mul.\g_bw.g_wallace.u_tree.$or$/home/danieltyukov/workspace/personal/tt-ihp-int8-npu/src/npu_csa_reduce.sv:53$1852 ($or).
Removed top 1 bits (of 16) from port Y of cell tt_um_danieltyukov_int8_npu.$flatten\u_core.\u_array.\g_row[0].g_col[1].u_pe.\u_mul.\g_bw.g_wallace.u_tree.$or$/home/danieltyukov/workspace/personal/tt-ihp-int8-npu/src/npu_csa_reduce.sv:53$1852 ($or).
Removed top 1 bits (of 16) from port A of cell tt_um_danieltyukov_int8_npu.$flatten\u_core.\u_array.\g_row[0].g_col[1].u_pe.\u_mul.\g_bw.g_wallace.u_tree.$or$/home/danieltyukov/workspace/personal/tt-ihp-int8-npu/src/npu_csa_reduce.sv:53$1852 ($or).
Removed top 7 bits (of 16) from port B of cell tt_um_danieltyukov_int8_npu.$flatten\u_core.\u_array.\g_row[0].g_col[1].u_pe.\u_mul.\g_bw.g_wallace.u_tree.$or$/home/danieltyukov/workspace/personal/tt-ihp-int8-npu/src/npu_csa_reduce.sv:53$1850 ($or).
Removed top 1 bits (of 16) from port Y of cell tt_um_danieltyukov_int8_npu.$flatten\u_core.\u_array.\g_row[0].g_col[1].u_pe.\u_mul.\g_bw.g_wallace.u_tree.$or$/home/danieltyukov/workspace/personal/tt-ihp-int8-npu/src/npu_csa_reduce.sv:53$1850 ($or).
Removed top 1 bits (of 16) from port A of cell tt_um_danieltyukov_int8_npu.$flatten\u_core.\u_array.\g_row[0].g_col[1].u_pe.\u_mul.\g_bw.g_wallace.u_tree.$or$/home/danieltyukov/workspace/personal/tt-ihp-int8-npu/src/npu_csa_reduce.sv:53$1850 ($or).
Removed top 2 bits (of 16) from port A of cell tt_um_danieltyukov_int8_npu.$flatten\u_core.\u_array.\g_row[0].g_col[1].u_pe.\u_mul.\g_bw.g_wallace.u_tree.$and$/home/danieltyukov/workspace/personal/tt-ihp-int8-npu/src/npu_csa_reduce.sv:53$1848 ($and).
Removed top 1 bits (of 16) from port B of cell tt_um_danieltyukov_int8_npu.$flatten\u_core.\u_array.\g_row[0].g_col[1].u_pe.\u_mul.\g_bw.g_wallace.u_tree.$and$/home/danieltyukov/workspace/personal/tt-ihp-int8-npu/src/npu_csa_reduce.sv:53$1848 ($and).
Removed top 1 bits (of 16) from port Y of cell tt_um_danieltyukov_int8_npu.$flatten\u_core.\u_array.\g_row[0].g_col[1].u_pe.\u_mul.\g_bw.g_wallace.u_tree.$and$/home/danieltyukov/workspace/personal/tt-ihp-int8-npu/src/npu_csa_reduce.sv:53$1848 ($and).
Removed top 2 bits (of 16) from port A of cell tt_um_danieltyukov_int8_npu.$flatten\u_core.\u_array.\g_row[0].g_col[1].u_pe.\u_mul.\g_bw.g_wallace.u_tree.$xor$/home/danieltyukov/workspace/personal/tt-ihp-int8-npu/src/npu_csa_reduce.sv:49$1846 ($xor).
Removed top 1 bits (of 16) from port B of cell tt_um_danieltyukov_int8_npu.$flatten\u_core.\u_array.\g_row[0].g_col[1].u_pe.\u_mul.\g_bw.g_wallace.u_tree.$xor$/home/danieltyukov/workspace/personal/tt-ihp-int8-npu/src/npu_csa_reduce.sv:49$1846 ($xor).
Removed top 1 bits (of 16) from port Y of cell tt_um_danieltyukov_int8_npu.$flatten\u_core.\u_array.\g_row[0].g_col[1].u_pe.\u_mul.\g_bw.g_wallace.u_tree.$xor$/home/danieltyukov/workspace/personal/tt-ihp-int8-npu/src/npu_csa_reduce.sv:49$1846 ($xor).
Removed top 1 bits (of 16) from port Y of cell tt_um_danieltyukov_int8_npu.$flatten\u_core.\u_array.\g_row[0].g_col[1].u_pe.\u_mul.\g_bw.g_wallace.u_tree.$or$/home/danieltyukov/workspace/personal/tt-ihp-int8-npu/src/npu_csa_reduce.sv:53$1845 ($or).
Removed top 1 bits (of 16) from port A of cell tt_um_danieltyukov_int8_npu.$flatten\u_core.\u_array.\g_row[0].g_col[1].u_pe.\u_mul.\g_bw.g_wallace.u_tree.$or$/home/danieltyukov/workspace/personal/tt-ihp-int8-npu/src/npu_csa_reduce.sv:53$1845 ($or).
Removed top 1 bits (of 16) from port B of cell tt_um_danieltyukov_int8_npu.$flatten\u_core.\u_array.\g_row[0].g_col[1].u_pe.\u_mul.\g_bw.g_wallace.u_tree.$or$/home/danieltyukov/workspace/personal/tt-ihp-int8-npu/src/npu_csa_reduce.sv:53$1845 ($or).
Removed top 4 bits (of 16) from port A of cell tt_um_danieltyukov_int8_npu.$flatten\u_core.\u_array.\g_row[0].g_col[1].u_pe.\u_mul.\g_bw.g_wallace.u_tree.$and$/home/danieltyukov/workspace/personal/tt-ihp-int8-npu/src/npu_csa_reduce.sv:53$1844 ($and).
Removed top 3 bits (of 16) from port B of cell tt_um_danieltyukov_int8_npu.$flatten\u_core.\u_array.\g_row[0].g_col[1].u_pe.\u_mul.\g_bw.g_wallace.u_tree.$and$/home/danieltyukov/workspace/personal/tt-ihp-int8-npu/src/npu_csa_reduce.sv:53$1844 ($and).
Removed top 3 bits (of 16) from port Y of cell tt_um_danieltyukov_int8_npu.$flatten\u_core.\u_array.\g_row[0].g_col[1].u_pe.\u_mul.\g_bw.g_wallace.u_tree.$and$/home/danieltyukov/workspace/personal/tt-ihp-int8-npu/src/npu_csa_reduce.sv:53$1844 ($and).
Removed top 1 bits (of 16) from port Y of cell tt_um_danieltyukov_int8_npu.$flatten\u_core.\u_array.\g_row[0].g_col[1].u_pe.\u_mul.\g_bw.g_wallace.u_tree.$or$/home/danieltyukov/workspace/personal/tt-ihp-int8-npu/src/npu_csa_reduce.sv:53$1843 ($or).
Removed top 1 bits (of 16) from port A of cell tt_um_danieltyukov_int8_npu.$flatten\u_core.\u_array.\g_row[0].g_col[1].u_pe.\u_mul.\g_bw.g_wallace.u_tree.$or$/home/danieltyukov/workspace/personal/tt-ihp-int8-npu/src/npu_csa_reduce.sv:53$1843 ($or).
Removed top 1 bits (of 16) from port B of cell tt_um_danieltyukov_int8_npu.$flatten\u_core.\u_array.\g_row[0].g_col[1].u_pe.\u_mul.\g_bw.g_wallace.u_tree.$or$/home/danieltyukov/workspace/personal/tt-ihp-int8-npu/src/npu_csa_reduce.sv:53$1843 ($or).
Removed top 5 bits (of 16) from port A of cell tt_um_danieltyukov_int8_npu.$flatten\u_core.\u_array.\g_row[0].g_col[1].u_pe.\u_mul.\g_bw.g_wallace.u_tree.$and$/home/danieltyukov/workspace/personal/tt-ihp-int8-npu/src/npu_csa_reduce.sv:53$1842 ($and).
Removed top 3 bits (of 16) from port B of cell tt_um_danieltyukov_int8_npu.$flatten\u_core.\u_array.\g_row[0].g_col[1].u_pe.\u_mul.\g_bw.g_wallace.u_tree.$and$/home/danieltyukov/workspace/personal/tt-ihp-int8-npu/src/npu_csa_reduce.sv:53$1842 ($and).
Removed top 3 bits (of 16) from port Y of cell tt_um_danieltyukov_int8_npu.$flatten\u_core.\u_array.\g_row[0].g_col[1].u_pe.\u_mul.\g_bw.g_wallace.u_tree.$and$/home/danieltyukov/workspace/personal/tt-ihp-int8-npu/src/npu_csa_reduce.sv:53$1842 ($and).
Removed top 5 bits (of 16) from port A of cell tt_um_danieltyukov_int8_npu.$flatten\u_core.\u_array.\g_row[0].g_col[1].u_pe.\u_mul.\g_bw.g_wallace.u_tree.$and$/home/danieltyukov/workspace/personal/tt-ihp-int8-npu/src/npu_csa_reduce.sv:53$1841 ($and).
Removed top 4 bits (of 16) from port B of cell tt_um_danieltyukov_int8_npu.$flatten\u_core.\u_array.\g_row[0].g_col[1].u_pe.\u_mul.\g_bw.g_wallace.u_tree.$and$/home/danieltyukov/workspace/personal/tt-ihp-int8-npu/src/npu_csa_reduce.sv:53$1841 ($and).
Removed top 4 bits (of 16) from port Y of cell tt_um_danieltyukov_int8_npu.$flatten\u_core.\u_array.\g_row[0].g_col[1].u_pe.\u_mul.\g_bw.g_wallace.u_tree.$and$/home/danieltyukov/workspace/personal/tt-ihp-int8-npu/src/npu_csa_reduce.sv:53$1841 ($and).
Removed top 3 bits (of 16) from port B of cell tt_um_danieltyukov_int8_npu.$flatten\u_core.\u_array.\g_row[0].g_col[1].u_pe.\u_mul.\g_bw.g_wallace.u_tree.$xor$/home/danieltyukov/workspace/personal/tt-ihp-int8-npu/src/npu_csa_reduce.sv:49$1840 ($xor).
Removed top 5 bits (of 16) from port A of cell tt_um_danieltyukov_int8_npu.$flatten\u_core.\u_array.\g_row[0].g_col[1].u_pe.\u_mul.\g_bw.g_wallace.u_tree.$xor$/home/danieltyukov/workspace/personal/tt-ihp-int8-npu/src/npu_csa_reduce.sv:49$1839 ($xor).
Removed top 4 bits (of 16) from port B of cell tt_um_danieltyukov_int8_npu.$flatten\u_core.\u_array.\g_row[0].g_col[1].u_pe.\u_mul.\g_bw.g_wallace.u_tree.$xor$/home/danieltyukov/workspace/personal/tt-ihp-int8-npu/src/npu_csa_reduce.sv:49$1839 ($xor).
Removed top 4 bits (of 16) from port Y of cell tt_um_danieltyukov_int8_npu.$flatten\u_core.\u_array.\g_row[0].g_col[1].u_pe.\u_mul.\g_bw.g_wallace.u_tree.$xor$/home/danieltyukov/workspace/personal/tt-ihp-int8-npu/src/npu_csa_reduce.sv:49$1839 ($xor).
Removed top 1 bits (of 16) from port Y of cell tt_um_danieltyukov_int8_npu.$flatten\u_core.\u_array.\g_row[0].g_col[1].u_pe.\u_mul.\g_bw.g_wallace.u_tree.$or$/home/danieltyukov/workspace/personal/tt-ihp-int8-npu/src/npu_csa_reduce.sv:53$1838 ($or).
Removed top 1 bits (of 16) from port A of cell tt_um_danieltyukov_int8_npu.$flatten\u_core.\u_array.\g_row[0].g_col[1].u_pe.\u_mul.\g_bw.g_wallace.u_tree.$or$/home/danieltyukov/workspace/personal/tt-ihp-int8-npu/src/npu_csa_reduce.sv:53$1838 ($or).
Removed top 1 bits (of 16) from port B of cell tt_um_danieltyukov_int8_npu.$flatten\u_core.\u_array.\g_row[0].g_col[1].u_pe.\u_mul.\g_bw.g_wallace.u_tree.$or$/home/danieltyukov/workspace/personal/tt-ihp-int8-npu/src/npu_csa_reduce.sv:53$1838 ($or).
Removed top 7 bits (of 16) from port A of cell tt_um_danieltyukov_int8_npu.$flatten\u_core.\u_array.\g_row[0].g_col[1].u_pe.\u_mul.\g_bw.g_wallace.u_tree.$and$/home/danieltyukov/workspace/personal/tt-ihp-int8-npu/src/npu_csa_reduce.sv:53$1837 ($and).
Removed top 6 bits (of 16) from port B of cell tt_um_danieltyukov_int8_npu.$flatten\u_core.\u_array.\g_row[0].g_col[1].u_pe.\u_mul.\g_bw.g_wallace.u_tree.$and$/home/danieltyukov/workspace/personal/tt-ihp-int8-npu/src/npu_csa_reduce.sv:53$1837 ($and).
Removed top 6 bits (of 16) from port Y of cell tt_um_danieltyukov_int8_npu.$flatten\u_core.\u_array.\g_row[0].g_col[1].u_pe.\u_mul.\g_bw.g_wallace.u_tree.$and$/home/danieltyukov/workspace/personal/tt-ihp-int8-npu/src/npu_csa_reduce.sv:53$1837 ($and).
Removed top 1 bits (of 16) from port Y of cell tt_um_danieltyukov_int8_npu.$flatten\u_core.\u_array.\g_row[0].g_col[1].u_pe.\u_mul.\g_bw.g_wallace.u_tree.$or$/home/danieltyukov/workspace/personal/tt-ihp-int8-npu/src/npu_csa_reduce.sv:53$1836 ($or).
Removed top 1 bits (of 16) from port A of cell tt_um_danieltyukov_int8_npu.$flatten\u_core.\u_array.\g_row[0].g_col[1].u_pe.\u_mul.\g_bw.g_wallace.u_tree.$or$/home/danieltyukov/workspace/personal/tt-ihp-int8-npu/src/npu_csa_reduce.sv:53$1836 ($or).
Removed top 1 bits (of 16) from port B of cell tt_um_danieltyukov_int8_npu.$flatten\u_core.\u_array.\g_row[0].g_col[1].u_pe.\u_mul.\g_bw.g_wallace.u_tree.$or$/home/danieltyukov/workspace/personal/tt-ihp-int8-npu/src/npu_csa_reduce.sv:53$1836 ($or).
Removed top 8 bits (of 16) from port A of cell tt_um_danieltyukov_int8_npu.$flatten\u_core.\u_array.\g_row[0].g_col[1].u_pe.\u_mul.\g_bw.g_wallace.u_tree.$and$/home/danieltyukov/workspace/personal/tt-ihp-int8-npu/src/npu_csa_reduce.sv:53$1835 ($and).
Removed top 6 bits (of 16) from port B of cell tt_um_danieltyukov_int8_npu.$flatten\u_core.\u_array.\g_row[0].g_col[1].u_pe.\u_mul.\g_bw.g_wallace.u_tree.$and$/home/danieltyukov/workspace/personal/tt-ihp-int8-npu/src/npu_csa_reduce.sv:53$1835 ($and).
Removed top 6 bits (of 16) from port Y of cell tt_um_danieltyukov_int8_npu.$flatten\u_core.\u_array.\g_row[0].g_col[1].u_pe.\u_mul.\g_bw.g_wallace.u_tree.$and$/home/danieltyukov/workspace/personal/tt-ihp-int8-npu/src/npu_csa_reduce.sv:53$1835 ($and).
Removed top 8 bits (of 16) from port A of cell tt_um_danieltyukov_int8_npu.$flatten\u_core.\u_array.\g_row[0].g_col[1].u_pe.\u_mul.\g_bw.g_wallace.u_tree.$and$/home/danieltyukov/workspace/personal/tt-ihp-int8-npu/src/npu_csa_reduce.sv:53$1834 ($and).
Removed top 7 bits (of 16) from port B of cell tt_um_danieltyukov_int8_npu.$flatten\u_core.\u_array.\g_row[0].g_col[1].u_pe.\u_mul.\g_bw.g_wallace.u_tree.$and$/home/danieltyukov/workspace/personal/tt-ihp-int8-npu/src/npu_csa_reduce.sv:53$1834 ($and).
Removed top 7 bits (of 16) from port Y of cell tt_um_danieltyukov_int8_npu.$flatten\u_core.\u_array.\g_row[0].g_col[1].u_pe.\u_mul.\g_bw.g_wallace.u_tree.$and$/home/danieltyukov/workspace/personal/tt-ihp-int8-npu/src/npu_csa_reduce.sv:53$1834 ($and).
Removed top 7 bits (of 16) from port A of cell tt_um_danieltyukov_int8_npu.$flatten\u_core.\u_array.\g_row[0].g_col[1].u_pe.\u_mul.\g_bw.g_wallace.u_tree.$xor$/home/danieltyukov/workspace/personal/tt-ihp-int8-npu/src/npu_csa_reduce.sv:49$1833 ($xor).
Removed top 6 bits (of 16) from port B of cell tt_um_danieltyukov_int8_npu.$flatten\u_core.\u_array.\g_row[0].g_col[1].u_pe.\u_mul.\g_bw.g_wallace.u_tree.$xor$/home/danieltyukov/workspace/personal/tt-ihp-int8-npu/src/npu_csa_reduce.sv:49$1833 ($xor).
Removed top 6 bits (of 16) from port Y of cell tt_um_danieltyukov_int8_npu.$flatten\u_core.\u_array.\g_row[0].g_col[1].u_pe.\u_mul.\g_bw.g_wallace.u_tree.$xor$/home/danieltyukov/workspace/personal/tt-ihp-int8-npu/src/npu_csa_reduce.sv:49$1833 ($xor).
Removed top 3 bits (of 19) from FF cell tt_um_danieltyukov_int8_npu.$flatten\u_core.\u_array.\g_row[0].g_col[1].u_pe.$procdff$2739 ($adff).
Removed top 1 bits (of 19) from port Y of cell tt_um_danieltyukov_int8_npu.$flatten\u_core.\u_array.\g_row[1].g_col[0].u_pe.\u_add.$and$/home/danieltyukov/workspace/personal/tt-ihp-int8-npu/src/npu_adder.sv:60$1699 ($and).
Removed top 1 bits (of 19) from port A of cell tt_um_danieltyukov_int8_npu.$flatten\u_core.\u_array.\g_row[1].g_col[0].u_pe.\u_add.$and$/home/danieltyukov/workspace/personal/tt-ihp-int8-npu/src/npu_adder.sv:60$1699 ($and).
Removed top 1 bits (of 19) from port B of cell tt_um_danieltyukov_int8_npu.$flatten\u_core.\u_array.\g_row[1].g_col[0].u_pe.\u_add.$and$/home/danieltyukov/workspace/personal/tt-ihp-int8-npu/src/npu_adder.sv:60$1699 ($and).
Removed top 8 bits (of 16) from port A of cell tt_um_danieltyukov_int8_npu.$flatten\u_core.\u_array.\g_row[1].g_col[0].u_pe.\u_mul.\g_bw.g_wallace.u_tree.$xor$/home/danieltyukov/workspace/personal/tt-ihp-int8-npu/src/npu_csa_reduce.sv:49$1832 ($xor).
Removed top 7 bits (of 16) from port B of cell tt_um_danieltyukov_int8_npu.$flatten\u_core.\u_array.\g_row[1].g_col[0].u_pe.\u_mul.\g_bw.g_wallace.u_tree.$xor$/home/danieltyukov/workspace/personal/tt-ihp-int8-npu/src/npu_csa_reduce.sv:49$1832 ($xor).
Removed top 7 bits (of 16) from port Y of cell tt_um_danieltyukov_int8_npu.$flatten\u_core.\u_array.\g_row[1].g_col[0].u_pe.\u_mul.\g_bw.g_wallace.u_tree.$xor$/home/danieltyukov/workspace/personal/tt-ihp-int8-npu/src/npu_csa_reduce.sv:49$1832 ($xor).
Removed top 1 bits (of 16) from port Y of cell tt_um_danieltyukov_int8_npu.$flatten\u_core.\u_array.\g_row[1].g_col[0].u_pe.\u_mul.\u_cpa.$and$/home/danieltyukov/workspace/personal/tt-ihp-int8-npu/src/npu_adder.sv:60$1855 ($and).
Removed top 1 bits (of 16) from port A of cell tt_um_danieltyukov_int8_npu.$flatten\u_core.\u_array.\g_row[1].g_col[0].u_pe.\u_mul.\u_cpa.$and$/home/danieltyukov/workspace/personal/tt-ihp-int8-npu/src/npu_adder.sv:60$1855 ($and).
Removed top 1 bits (of 16) from port B of cell tt_um_danieltyukov_int8_npu.$flatten\u_core.\u_array.\g_row[1].g_col[0].u_pe.\u_mul.\u_cpa.$and$/home/danieltyukov/workspace/personal/tt-ihp-int8-npu/src/npu_adder.sv:60$1855 ($and).
Removed top 1 bits (of 16) from port Y of cell tt_um_danieltyukov_int8_npu.$flatten\u_core.\u_array.\g_row[1].g_col[0].u_pe.\u_mul.\g_bw.g_wallace.u_tree.\genblk1.g_reduce.u_next.$or$/home/danieltyukov/workspace/personal/tt-ihp-int8-npu/src/npu_csa_reduce.sv:53$1964 ($or).
Removed top 1 bits (of 16) from port A of cell tt_um_danieltyukov_int8_npu.$flatten\u_core.\u_array.\g_row[1].g_col[0].u_pe.\u_mul.\g_bw.g_wallace.u_tree.\genblk1.g_reduce.u_next.$or$/home/danieltyukov/workspace/personal/tt-ihp-int8-npu/src/npu_csa_reduce.sv:53$1964 ($or).
Removed top 1 bits (of 16) from port B of cell tt_um_danieltyukov_int8_npu.$flatten\u_core.\u_array.\g_row[1].g_col[0].u_pe.\u_mul.\g_bw.g_wallace.u_tree.\genblk1.g_reduce.u_next.$or$/home/danieltyukov/workspace/personal/tt-ihp-int8-npu/src/npu_csa_reduce.sv:53$1964 ($or).
Removed top 1 bits (of 16) from port Y of cell tt_um_danieltyukov_int8_npu.$flatten\u_core.\u_array.\g_row[1].g_col[0].u_pe.\u_mul.\g_bw.g_wallace.u_tree.\genblk1.g_reduce.u_next.$or$/home/danieltyukov/workspace/personal/tt-ihp-int8-npu/src/npu_csa_reduce.sv:53$1971 ($or).
Removed top 1 bits (of 16) from port A of cell tt_um_danieltyukov_int8_npu.$flatten\u_core.\u_array.\g_row[1].g_col[0].u_pe.\u_mul.\g_bw.g_wallace.u_tree.\genblk1.g_reduce.u_next.$or$/home/danieltyukov/workspace/personal/tt-ihp-int8-npu/src/npu_csa_reduce.sv:53$1971 ($or).
Removed top 1 bits (of 16) from port B of cell tt_um_danieltyukov_int8_npu.$flatten\u_core.\u_array.\g_row[1].g_col[0].u_pe.\u_mul.\g_bw.g_wallace.u_tree.\genblk1.g_reduce.u_next.$or$/home/danieltyukov/workspace/personal/tt-ihp-int8-npu/src/npu_csa_reduce.sv:53$1971 ($or).
Removed top 1 bits (of 16) from port Y of cell tt_um_danieltyukov_int8_npu.$flatten\u_core.\u_array.\g_row[1].g_col[0].u_pe.\u_mul.\g_bw.g_wallace.u_tree.\genblk1.g_reduce.u_next.\genblk1.g_reduce.u_next.\genblk1.g_reduce.u_next.$or$/home/danieltyukov/workspace/personal/tt-ihp-int8-npu/src/npu_csa_reduce.sv:53$1830 ($or).
Removed top 1 bits (of 16) from port A of cell tt_um_danieltyukov_int8_npu.$flatten\u_core.\u_array.\g_row[1].g_col[0].u_pe.\u_mul.\g_bw.g_wallace.u_tree.\genblk1.g_reduce.u_next.\genblk1.g_reduce.u_next.\genblk1.g_reduce.u_next.$or$/home/danieltyukov/workspace/personal/tt-ihp-int8-npu/src/npu_csa_reduce.sv:53$1830 ($or).
Removed top 1 bits (of 16) from port B of cell tt_um_danieltyukov_int8_npu.$flatten\u_core.\u_array.\g_row[1].g_col[0].u_pe.\u_mul.\g_bw.g_wallace.u_tree.\genblk1.g_reduce.u_next.\genblk1.g_reduce.u_next.\genblk1.g_reduce.u_next.$or$/home/danieltyukov/workspace/personal/tt-ihp-int8-npu/src/npu_csa_reduce.sv:53$1830 ($or).
Removed top 1 bits (of 16) from port Y of cell tt_um_danieltyukov_int8_npu.$flatten\u_core.\u_array.\g_row[1].g_col[0].u_pe.\u_mul.\g_bw.g_wallace.u_tree.\genblk1.g_reduce.u_next.\genblk1.g_reduce.u_next.$or$/home/danieltyukov/workspace/personal/tt-ihp-int8-npu/src/npu_csa_reduce.sv:53$1979 ($or).
Removed top 1 bits (of 16) from port A of cell tt_um_danieltyukov_int8_npu.$flatten\u_core.\u_array.\g_row[1].g_col[0].u_pe.\u_mul.\g_bw.g_wallace.u_tree.\genblk1.g_reduce.u_next.\genblk1.g_reduce.u_next.$or$/home/danieltyukov/workspace/personal/tt-ihp-int8-npu/src/npu_csa_reduce.sv:53$1979 ($or).
Removed top 1 bits (of 16) from port B of cell tt_um_danieltyukov_int8_npu.$flatten\u_core.\u_array.\g_row[1].g_col[0].u_pe.\u_mul.\g_bw.g_wallace.u_tree.\genblk1.g_reduce.u_next.\genblk1.g_reduce.u_next.$or$/home/danieltyukov/workspace/personal/tt-ihp-int8-npu/src/npu_csa_reduce.sv:53$1979 ($or).
Removed top 1 bits (of 16) from port Y of cell tt_um_danieltyukov_int8_npu.$flatten\u_core.\u_array.\g_row[1].g_col[0].u_pe.\u_mul.\g_bw.g_wallace.u_tree.\genblk1.g_reduce.u_next.\genblk1.g_reduce.u_next.$and$/home/danieltyukov/workspace/personal/tt-ihp-int8-npu/src/npu_csa_reduce.sv:53$1978 ($and).
Removed top 1 bits (of 16) from port A of cell tt_um_danieltyukov_int8_npu.$flatten\u_core.\u_array.\g_row[1].g_col[0].u_pe.\u_mul.\g_bw.g_wallace.u_tree.\genblk1.g_reduce.u_next.\genblk1.g_reduce.u_next.$and$/home/danieltyukov/workspace/personal/tt-ihp-int8-npu/src/npu_csa_reduce.sv:53$1978 ($and).
Removed top 1 bits (of 16) from port B of cell tt_um_danieltyukov_int8_npu.$flatten\u_core.\u_array.\g_row[1].g_col[0].u_pe.\u_mul.\g_bw.g_wallace.u_tree.\genblk1.g_reduce.u_next.\genblk1.g_reduce.u_next.$and$/home/danieltyukov/workspace/personal/tt-ihp-int8-npu/src/npu_csa_reduce.sv:53$1978 ($and).
Removed top 1 bits (of 16) from port Y of cell tt_um_danieltyukov_int8_npu.$flatten\u_core.\u_array.\g_row[1].g_col[0].u_pe.\u_mul.\g_bw.g_wallace.u_tree.\genblk1.g_reduce.u_next.\genblk1.g_reduce.u_next.$or$/home/danieltyukov/workspace/personal/tt-ihp-int8-npu/src/npu_csa_reduce.sv:53$1977 ($or).
Removed top 1 bits (of 16) from port A of cell tt_um_danieltyukov_int8_npu.$flatten\u_core.\u_array.\g_row[1].g_col[0].u_pe.\u_mul.\g_bw.g_wallace.u_tree.\genblk1.g_reduce.u_next.\genblk1.g_reduce.u_next.$or$/home/danieltyukov/workspace/personal/tt-ihp-int8-npu/src/npu_csa_reduce.sv:53$1977 ($or).
Removed top 1 bits (of 16) from port B of cell tt_um_danieltyukov_int8_npu.$flatten\u_core.\u_array.\g_row[1].g_col[0].u_pe.\u_mul.\g_bw.g_wallace.u_tree.\genblk1.g_reduce.u_next.\genblk1.g_reduce.u_next.$or$/home/danieltyukov/workspace/personal/tt-ihp-int8-npu/src/npu_csa_reduce.sv:53$1977 ($or).
Removed top 1 bits (of 16) from port Y of cell tt_um_danieltyukov_int8_npu.$flatten\u_core.\u_array.\g_row[1].g_col[0].u_pe.\u_mul.\g_bw.g_wallace.u_tree.\genblk1.g_reduce.u_next.\genblk1.g_reduce.u_next.$and$/home/danieltyukov/workspace/personal/tt-ihp-int8-npu/src/npu_csa_reduce.sv:53$1976 ($and).
Removed top 1 bits (of 16) from port A of cell tt_um_danieltyukov_int8_npu.$flatten\u_core.\u_array.\g_row[1].g_col[0].u_pe.\u_mul.\g_bw.g_wallace.u_tree.\genblk1.g_reduce.u_next.\genblk1.g_reduce.u_next.$and$/home/danieltyukov/workspace/personal/tt-ihp-int8-npu/src/npu_csa_reduce.sv:53$1976 ($and).
Removed top 1 bits (of 16) from port B of cell tt_um_danieltyukov_int8_npu.$flatten\u_core.\u_array.\g_row[1].g_col[0].u_pe.\u_mul.\g_bw.g_wallace.u_tree.\genblk1.g_reduce.u_next.\genblk1.g_reduce.u_next.$and$/home/danieltyukov/workspace/personal/tt-ihp-int8-npu/src/npu_csa_reduce.sv:53$1976 ($and).
Removed top 1 bits (of 16) from port Y of cell tt_um_danieltyukov_int8_npu.$flatten\u_core.\u_array.\g_row[1].g_col[0].u_pe.\u_mul.\g_bw.g_wallace.u_tree.\genblk1.g_reduce.u_next.\genblk1.g_reduce.u_next.$and$/home/danieltyukov/workspace/personal/tt-ihp-int8-npu/src/npu_csa_reduce.sv:53$1975 ($and).
Removed top 1 bits (of 16) from port A of cell tt_um_danieltyukov_int8_npu.$flatten\u_core.\u_array.\g_row[1].g_col[0].u_pe.\u_mul.\g_bw.g_wallace.u_tree.\genblk1.g_reduce.u_next.\genblk1.g_reduce.u_next.$and$/home/danieltyukov/workspace/personal/tt-ihp-int8-npu/src/npu_csa_reduce.sv:53$1975 ($and).
Removed top 1 bits (of 16) from port B of cell tt_um_danieltyukov_int8_npu.$flatten\u_core.\u_array.\g_row[1].g_col[0].u_pe.\u_mul.\g_bw.g_wallace.u_tree.\genblk1.g_reduce.u_next.\genblk1.g_reduce.u_next.$and$/home/danieltyukov/workspace/personal/tt-ihp-int8-npu/src/npu_csa_reduce.sv:53$1975 ($and).
Removed top 7 bits (of 16) from port B of cell tt_um_danieltyukov_int8_npu.$flatten\u_core.\u_array.\g_row[1].g_col[0].u_pe.\u_mul.\g_bw.g_wallace.u_tree.$or$/home/danieltyukov/workspace/personal/tt-ihp-int8-npu/src/npu_csa_reduce.sv:53$1852 ($or).
Removed top 1 bits (of 16) from port Y of cell tt_um_danieltyukov_int8_npu.$flatten\u_core.\u_array.\g_row[1].g_col[0].u_pe.\u_mul.\g_bw.g_wallace.u_tree.$or$/home/danieltyukov/workspace/personal/tt-ihp-int8-npu/src/npu_csa_reduce.sv:53$1852 ($or).
Removed top 1 bits (of 16) from port A of cell tt_um_danieltyukov_int8_npu.$flatten\u_core.\u_array.\g_row[1].g_col[0].u_pe.\u_mul.\g_bw.g_wallace.u_tree.$or$/home/danieltyukov/workspace/personal/tt-ihp-int8-npu/src/npu_csa_reduce.sv:53$1852 ($or).
Removed top 7 bits (of 16) from port B of cell tt_um_danieltyukov_int8_npu.$flatten\u_core.\u_array.\g_row[1].g_col[0].u_pe.\u_mul.\g_bw.g_wallace.u_tree.$or$/home/danieltyukov/workspace/personal/tt-ihp-int8-npu/src/npu_csa_reduce.sv:53$1850 ($or).
Removed top 1 bits (of 16) from port Y of cell tt_um_danieltyukov_int8_npu.$flatten\u_core.\u_array.\g_row[1].g_col[0].u_pe.\u_mul.\g_bw.g_wallace.u_tree.$or$/home/danieltyukov/workspace/personal/tt-ihp-int8-npu/src/npu_csa_reduce.sv:53$1850 ($or).
Removed top 1 bits (of 16) from port A of cell tt_um_danieltyukov_int8_npu.$flatten\u_core.\u_array.\g_row[1].g_col[0].u_pe.\u_mul.\g_bw.g_wallace.u_tree.$or$/home/danieltyukov/workspace/personal/tt-ihp-int8-npu/src/npu_csa_reduce.sv:53$1850 ($or).
Removed top 2 bits (of 16) from port A of cell tt_um_danieltyukov_int8_npu.$flatten\u_core.\u_array.\g_row[1].g_col[0].u_pe.\u_mul.\g_bw.g_wallace.u_tree.$and$/home/danieltyukov/workspace/personal/tt-ihp-int8-npu/src/npu_csa_reduce.sv:53$1848 ($and).
Removed top 1 bits (of 16) from port B of cell tt_um_danieltyukov_int8_npu.$flatten\u_core.\u_array.\g_row[1].g_col[0].u_pe.\u_mul.\g_bw.g_wallace.u_tree.$and$/home/danieltyukov/workspace/personal/tt-ihp-int8-npu/src/npu_csa_reduce.sv:53$1848 ($and).
Removed top 1 bits (of 16) from port Y of cell tt_um_danieltyukov_int8_npu.$flatten\u_core.\u_array.\g_row[1].g_col[0].u_pe.\u_mul.\g_bw.g_wallace.u_tree.$and$/home/danieltyukov/workspace/personal/tt-ihp-int8-npu/src/npu_csa_reduce.sv:53$1848 ($and).
Removed top 2 bits (of 16) from port A of cell tt_um_danieltyukov_int8_npu.$flatten\u_core.\u_array.\g_row[1].g_col[0].u_pe.\u_mul.\g_bw.g_wallace.u_tree.$xor$/home/danieltyukov/workspace/personal/tt-ihp-int8-npu/src/npu_csa_reduce.sv:49$1846 ($xor).
Removed top 1 bits (of 16) from port B of cell tt_um_danieltyukov_int8_npu.$flatten\u_core.\u_array.\g_row[1].g_col[0].u_pe.\u_mul.\g_bw.g_wallace.u_tree.$xor$/home/danieltyukov/workspace/personal/tt-ihp-int8-npu/src/npu_csa_reduce.sv:49$1846 ($xor).
Removed top 1 bits (of 16) from port Y of cell tt_um_danieltyukov_int8_npu.$flatten\u_core.\u_array.\g_row[1].g_col[0].u_pe.\u_mul.\g_bw.g_wallace.u_tree.$xor$/home/danieltyukov/workspace/personal/tt-ihp-int8-npu/src/npu_csa_reduce.sv:49$1846 ($xor).
Removed top 1 bits (of 16) from port Y of cell tt_um_danieltyukov_int8_npu.$flatten\u_core.\u_array.\g_row[1].g_col[0].u_pe.\u_mul.\g_bw.g_wallace.u_tree.$or$/home/danieltyukov/workspace/personal/tt-ihp-int8-npu/src/npu_csa_reduce.sv:53$1845 ($or).
Removed top 1 bits (of 16) from port A of cell tt_um_danieltyukov_int8_npu.$flatten\u_core.\u_array.\g_row[1].g_col[0].u_pe.\u_mul.\g_bw.g_wallace.u_tree.$or$/home/danieltyukov/workspace/personal/tt-ihp-int8-npu/src/npu_csa_reduce.sv:53$1845 ($or).
Removed top 1 bits (of 16) from port B of cell tt_um_danieltyukov_int8_npu.$flatten\u_core.\u_array.\g_row[1].g_col[0].u_pe.\u_mul.\g_bw.g_wallace.u_tree.$or$/home/danieltyukov/workspace/personal/tt-ihp-int8-npu/src/npu_csa_reduce.sv:53$1845 ($or).
Removed top 4 bits (of 16) from port A of cell tt_um_danieltyukov_int8_npu.$flatten\u_core.\u_array.\g_row[1].g_col[0].u_pe.\u_mul.\g_bw.g_wallace.u_tree.$and$/home/danieltyukov/workspace/personal/tt-ihp-int8-npu/src/npu_csa_reduce.sv:53$1844 ($and).
Removed top 3 bits (of 16) from port B of cell tt_um_danieltyukov_int8_npu.$flatten\u_core.\u_array.\g_row[1].g_col[0].u_pe.\u_mul.\g_bw.g_wallace.u_tree.$and$/home/danieltyukov/workspace/personal/tt-ihp-int8-npu/src/npu_csa_reduce.sv:53$1844 ($and).
Removed top 3 bits (of 16) from port Y of cell tt_um_danieltyukov_int8_npu.$flatten\u_core.\u_array.\g_row[1].g_col[0].u_pe.\u_mul.\g_bw.g_wallace.u_tree.$and$/home/danieltyukov/workspace/personal/tt-ihp-int8-npu/src/npu_csa_reduce.sv:53$1844 ($and).
Removed top 1 bits (of 16) from port Y of cell tt_um_danieltyukov_int8_npu.$flatten\u_core.\u_array.\g_row[1].g_col[0].u_pe.\u_mul.\g_bw.g_wallace.u_tree.$or$/home/danieltyukov/workspace/personal/tt-ihp-int8-npu/src/npu_csa_reduce.sv:53$1843 ($or).
Removed top 1 bits (of 16) from port A of cell tt_um_danieltyukov_int8_npu.$flatten\u_core.\u_array.\g_row[1].g_col[0].u_pe.\u_mul.\g_bw.g_wallace.u_tree.$or$/home/danieltyukov/workspace/personal/tt-ihp-int8-npu/src/npu_csa_reduce.sv:53$1843 ($or).
Removed top 1 bits (of 16) from port B of cell tt_um_danieltyukov_int8_npu.$flatten\u_core.\u_array.\g_row[1].g_col[0].u_pe.\u_mul.\g_bw.g_wallace.u_tree.$or$/home/danieltyukov/workspace/personal/tt-ihp-int8-npu/src/npu_csa_reduce.sv:53$1843 ($or).
Removed top 5 bits (of 16) from port A of cell tt_um_danieltyukov_int8_npu.$flatten\u_core.\u_array.\g_row[1].g_col[0].u_pe.\u_mul.\g_bw.g_wallace.u_tree.$and$/home/danieltyukov/workspace/personal/tt-ihp-int8-npu/src/npu_csa_reduce.sv:53$1842 ($and).
Removed top 3 bits (of 16) from port B of cell tt_um_danieltyukov_int8_npu.$flatten\u_core.\u_array.\g_row[1].g_col[0].u_pe.\u_mul.\g_bw.g_wallace.u_tree.$and$/home/danieltyukov/workspace/personal/tt-ihp-int8-npu/src/npu_csa_reduce.sv:53$1842 ($and).
Removed top 3 bits (of 16) from port Y of cell tt_um_danieltyukov_int8_npu.$flatten\u_core.\u_array.\g_row[1].g_col[0].u_pe.\u_mul.\g_bw.g_wallace.u_tree.$and$/home/danieltyukov/workspace/personal/tt-ihp-int8-npu/src/npu_csa_reduce.sv:53$1842 ($and).
Removed top 5 bits (of 16) from port A of cell tt_um_danieltyukov_int8_npu.$flatten\u_core.\u_array.\g_row[1].g_col[0].u_pe.\u_mul.\g_bw.g_wallace.u_tree.$and$/home/danieltyukov/workspace/personal/tt-ihp-int8-npu/src/npu_csa_reduce.sv:53$1841 ($and).
Removed top 4 bits (of 16) from port B of cell tt_um_danieltyukov_int8_npu.$flatten\u_core.\u_array.\g_row[1].g_col[0].u_pe.\u_mul.\g_bw.g_wallace.u_tree.$and$/home/danieltyukov/workspace/personal/tt-ihp-int8-npu/src/npu_csa_reduce.sv:53$1841 ($and).
Removed top 4 bits (of 16) from port Y of cell tt_um_danieltyukov_int8_npu.$flatten\u_core.\u_array.\g_row[1].g_col[0].u_pe.\u_mul.\g_bw.g_wallace.u_tree.$and$/home/danieltyukov/workspace/personal/tt-ihp-int8-npu/src/npu_csa_reduce.sv:53$1841 ($and).
Removed top 3 bits (of 16) from port B of cell tt_um_danieltyukov_int8_npu.$flatten\u_core.\u_array.\g_row[1].g_col[0].u_pe.\u_mul.\g_bw.g_wallace.u_tree.$xor$/home/danieltyukov/workspace/personal/tt-ihp-int8-npu/src/npu_csa_reduce.sv:49$1840 ($xor).
Removed top 5 bits (of 16) from port A of cell tt_um_danieltyukov_int8_npu.$flatten\u_core.\u_array.\g_row[1].g_col[0].u_pe.\u_mul.\g_bw.g_wallace.u_tree.$xor$/home/danieltyukov/workspace/personal/tt-ihp-int8-npu/src/npu_csa_reduce.sv:49$1839 ($xor).
Removed top 4 bits (of 16) from port B of cell tt_um_danieltyukov_int8_npu.$flatten\u_core.\u_array.\g_row[1].g_col[0].u_pe.\u_mul.\g_bw.g_wallace.u_tree.$xor$/home/danieltyukov/workspace/personal/tt-ihp-int8-npu/src/npu_csa_reduce.sv:49$1839 ($xor).
Removed top 4 bits (of 16) from port Y of cell tt_um_danieltyukov_int8_npu.$flatten\u_core.\u_array.\g_row[1].g_col[0].u_pe.\u_mul.\g_bw.g_wallace.u_tree.$xor$/home/danieltyukov/workspace/personal/tt-ihp-int8-npu/src/npu_csa_reduce.sv:49$1839 ($xor).
Removed top 1 bits (of 16) from port Y of cell tt_um_danieltyukov_int8_npu.$flatten\u_core.\u_array.\g_row[1].g_col[0].u_pe.\u_mul.\g_bw.g_wallace.u_tree.$or$/home/danieltyukov/workspace/personal/tt-ihp-int8-npu/src/npu_csa_reduce.sv:53$1838 ($or).
Removed top 1 bits (of 16) from port A of cell tt_um_danieltyukov_int8_npu.$flatten\u_core.\u_array.\g_row[1].g_col[0].u_pe.\u_mul.\g_bw.g_wallace.u_tree.$or$/home/danieltyukov/workspace/personal/tt-ihp-int8-npu/src/npu_csa_reduce.sv:53$1838 ($or).
Removed top 1 bits (of 16) from port B of cell tt_um_danieltyukov_int8_npu.$flatten\u_core.\u_array.\g_row[1].g_col[0].u_pe.\u_mul.\g_bw.g_wallace.u_tree.$or$/home/danieltyukov/workspace/personal/tt-ihp-int8-npu/src/npu_csa_reduce.sv:53$1838 ($or).
Removed top 7 bits (of 16) from port A of cell tt_um_danieltyukov_int8_npu.$flatten\u_core.\u_array.\g_row[1].g_col[0].u_pe.\u_mul.\g_bw.g_wallace.u_tree.$and$/home/danieltyukov/workspace/personal/tt-ihp-int8-npu/src/npu_csa_reduce.sv:53$1837 ($and).
Removed top 6 bits (of 16) from port B of cell tt_um_danieltyukov_int8_npu.$flatten\u_core.\u_array.\g_row[1].g_col[0].u_pe.\u_mul.\g_bw.g_wallace.u_tree.$and$/home/danieltyukov/workspace/personal/tt-ihp-int8-npu/src/npu_csa_reduce.sv:53$1837 ($and).
Removed top 6 bits (of 16) from port Y of cell tt_um_danieltyukov_int8_npu.$flatten\u_core.\u_array.\g_row[1].g_col[0].u_pe.\u_mul.\g_bw.g_wallace.u_tree.$and$/home/danieltyukov/workspace/personal/tt-ihp-int8-npu/src/npu_csa_reduce.sv:53$1837 ($and).
Removed top 1 bits (of 16) from port Y of cell tt_um_danieltyukov_int8_npu.$flatten\u_core.\u_array.\g_row[1].g_col[0].u_pe.\u_mul.\g_bw.g_wallace.u_tree.$or$/home/danieltyukov/workspace/personal/tt-ihp-int8-npu/src/npu_csa_reduce.sv:53$1836 ($or).
Removed top 1 bits (of 16) from port A of cell tt_um_danieltyukov_int8_npu.$flatten\u_core.\u_array.\g_row[1].g_col[0].u_pe.\u_mul.\g_bw.g_wallace.u_tree.$or$/home/danieltyukov/workspace/personal/tt-ihp-int8-npu/src/npu_csa_reduce.sv:53$1836 ($or).
Removed top 1 bits (of 16) from port B of cell tt_um_danieltyukov_int8_npu.$flatten\u_core.\u_array.\g_row[1].g_col[0].u_pe.\u_mul.\g_bw.g_wallace.u_tree.$or$/home/danieltyukov/workspace/personal/tt-ihp-int8-npu/src/npu_csa_reduce.sv:53$1836 ($or).
Removed top 8 bits (of 16) from port A of cell tt_um_danieltyukov_int8_npu.$flatten\u_core.\u_array.\g_row[1].g_col[0].u_pe.\u_mul.\g_bw.g_wallace.u_tree.$and$/home/danieltyukov/workspace/personal/tt-ihp-int8-npu/src/npu_csa_reduce.sv:53$1835 ($and).
Removed top 6 bits (of 16) from port B of cell tt_um_danieltyukov_int8_npu.$flatten\u_core.\u_array.\g_row[1].g_col[0].u_pe.\u_mul.\g_bw.g_wallace.u_tree.$and$/home/danieltyukov/workspace/personal/tt-ihp-int8-npu/src/npu_csa_reduce.sv:53$1835 ($and).
Removed top 6 bits (of 16) from port Y of cell tt_um_danieltyukov_int8_npu.$flatten\u_core.\u_array.\g_row[1].g_col[0].u_pe.\u_mul.\g_bw.g_wallace.u_tree.$and$/home/danieltyukov/workspace/personal/tt-ihp-int8-npu/src/npu_csa_reduce.sv:53$1835 ($and).
Removed top 8 bits (of 16) from port A of cell tt_um_danieltyukov_int8_npu.$flatten\u_core.\u_array.\g_row[1].g_col[0].u_pe.\u_mul.\g_bw.g_wallace.u_tree.$and$/home/danieltyukov/workspace/personal/tt-ihp-int8-npu/src/npu_csa_reduce.sv:53$1834 ($and).
Removed top 7 bits (of 16) from port B of cell tt_um_danieltyukov_int8_npu.$flatten\u_core.\u_array.\g_row[1].g_col[0].u_pe.\u_mul.\g_bw.g_wallace.u_tree.$and$/home/danieltyukov/workspace/personal/tt-ihp-int8-npu/src/npu_csa_reduce.sv:53$1834 ($and).
Removed top 7 bits (of 16) from port Y of cell tt_um_danieltyukov_int8_npu.$flatten\u_core.\u_array.\g_row[1].g_col[0].u_pe.\u_mul.\g_bw.g_wallace.u_tree.$and$/home/danieltyukov/workspace/personal/tt-ihp-int8-npu/src/npu_csa_reduce.sv:53$1834 ($and).
Removed top 7 bits (of 16) from port A of cell tt_um_danieltyukov_int8_npu.$flatten\u_core.\u_array.\g_row[1].g_col[0].u_pe.\u_mul.\g_bw.g_wallace.u_tree.$xor$/home/danieltyukov/workspace/personal/tt-ihp-int8-npu/src/npu_csa_reduce.sv:49$1833 ($xor).
Removed top 6 bits (of 16) from port B of cell tt_um_danieltyukov_int8_npu.$flatten\u_core.\u_array.\g_row[1].g_col[0].u_pe.\u_mul.\g_bw.g_wallace.u_tree.$xor$/home/danieltyukov/workspace/personal/tt-ihp-int8-npu/src/npu_csa_reduce.sv:49$1833 ($xor).
Removed top 6 bits (of 16) from port Y of cell tt_um_danieltyukov_int8_npu.$flatten\u_core.\u_array.\g_row[1].g_col[0].u_pe.\u_mul.\g_bw.g_wallace.u_tree.$xor$/home/danieltyukov/workspace/personal/tt-ihp-int8-npu/src/npu_csa_reduce.sv:49$1833 ($xor).
Removed top 1 bits (of 19) from port Y of cell tt_um_danieltyukov_int8_npu.$flatten\u_core.\u_array.\g_row[1].g_col[1].u_pe.\u_add.$and$/home/danieltyukov/workspace/personal/tt-ihp-int8-npu/src/npu_adder.sv:60$1699 ($and).
Removed top 1 bits (of 19) from port A of cell tt_um_danieltyukov_int8_npu.$flatten\u_core.\u_array.\g_row[1].g_col[1].u_pe.\u_add.$and$/home/danieltyukov/workspace/personal/tt-ihp-int8-npu/src/npu_adder.sv:60$1699 ($and).
Removed top 1 bits (of 19) from port B of cell tt_um_danieltyukov_int8_npu.$flatten\u_core.\u_array.\g_row[1].g_col[1].u_pe.\u_add.$and$/home/danieltyukov/workspace/personal/tt-ihp-int8-npu/src/npu_adder.sv:60$1699 ($and).
Removed top 8 bits (of 16) from port A of cell tt_um_danieltyukov_int8_npu.$flatten\u_core.\u_array.\g_row[1].g_col[1].u_pe.\u_mul.\g_bw.g_wallace.u_tree.$xor$/home/danieltyukov/workspace/personal/tt-ihp-int8-npu/src/npu_csa_reduce.sv:49$1832 ($xor).
Removed top 7 bits (of 16) from port B of cell tt_um_danieltyukov_int8_npu.$flatten\u_core.\u_array.\g_row[1].g_col[1].u_pe.\u_mul.\g_bw.g_wallace.u_tree.$xor$/home/danieltyukov/workspace/personal/tt-ihp-int8-npu/src/npu_csa_reduce.sv:49$1832 ($xor).
Removed top 7 bits (of 16) from port Y of cell tt_um_danieltyukov_int8_npu.$flatten\u_core.\u_array.\g_row[1].g_col[1].u_pe.\u_mul.\g_bw.g_wallace.u_tree.$xor$/home/danieltyukov/workspace/personal/tt-ihp-int8-npu/src/npu_csa_reduce.sv:49$1832 ($xor).
Removed top 1 bits (of 16) from port Y of cell tt_um_danieltyukov_int8_npu.$flatten\u_core.\u_array.\g_row[1].g_col[1].u_pe.\u_mul.\u_cpa.$and$/home/danieltyukov/workspace/personal/tt-ihp-int8-npu/src/npu_adder.sv:60$1855 ($and).
Removed top 1 bits (of 16) from port A of cell tt_um_danieltyukov_int8_npu.$flatten\u_core.\u_array.\g_row[1].g_col[1].u_pe.\u_mul.\u_cpa.$and$/home/danieltyukov/workspace/personal/tt-ihp-int8-npu/src/npu_adder.sv:60$1855 ($and).
Removed top 1 bits (of 16) from port B of cell tt_um_danieltyukov_int8_npu.$flatten\u_core.\u_array.\g_row[1].g_col[1].u_pe.\u_mul.\u_cpa.$and$/home/danieltyukov/workspace/personal/tt-ihp-int8-npu/src/npu_adder.sv:60$1855 ($and).
Removed top 1 bits (of 16) from port Y of cell tt_um_danieltyukov_int8_npu.$flatten\u_core.\u_array.\g_row[1].g_col[1].u_pe.\u_mul.\g_bw.g_wallace.u_tree.\genblk1.g_reduce.u_next.$or$/home/danieltyukov/workspace/personal/tt-ihp-int8-npu/src/npu_csa_reduce.sv:53$1964 ($or).
Removed top 1 bits (of 16) from port A of cell tt_um_danieltyukov_int8_npu.$flatten\u_core.\u_array.\g_row[1].g_col[1].u_pe.\u_mul.\g_bw.g_wallace.u_tree.\genblk1.g_reduce.u_next.$or$/home/danieltyukov/workspace/personal/tt-ihp-int8-npu/src/npu_csa_reduce.sv:53$1964 ($or).
Removed top 1 bits (of 16) from port B of cell tt_um_danieltyukov_int8_npu.$flatten\u_core.\u_array.\g_row[1].g_col[1].u_pe.\u_mul.\g_bw.g_wallace.u_tree.\genblk1.g_reduce.u_next.$or$/home/danieltyukov/workspace/personal/tt-ihp-int8-npu/src/npu_csa_reduce.sv:53$1964 ($or).
Removed top 1 bits (of 16) from port Y of cell tt_um_danieltyukov_int8_npu.$flatten\u_core.\u_array.\g_row[1].g_col[1].u_pe.\u_mul.\g_bw.g_wallace.u_tree.\genblk1.g_reduce.u_next.$or$/home/danieltyukov/workspace/personal/tt-ihp-int8-npu/src/npu_csa_reduce.sv:53$1971 ($or).
Removed top 1 bits (of 16) from port A of cell tt_um_danieltyukov_int8_npu.$flatten\u_core.\u_array.\g_row[1].g_col[1].u_pe.\u_mul.\g_bw.g_wallace.u_tree.\genblk1.g_reduce.u_next.$or$/home/danieltyukov/workspace/personal/tt-ihp-int8-npu/src/npu_csa_reduce.sv:53$1971 ($or).
Removed top 1 bits (of 16) from port B of cell tt_um_danieltyukov_int8_npu.$flatten\u_core.\u_array.\g_row[1].g_col[1].u_pe.\u_mul.\g_bw.g_wallace.u_tree.\genblk1.g_reduce.u_next.$or$/home/danieltyukov/workspace/personal/tt-ihp-int8-npu/src/npu_csa_reduce.sv:53$1971 ($or).
Removed top 1 bits (of 16) from port Y of cell tt_um_danieltyukov_int8_npu.$flatten\u_core.\u_array.\g_row[1].g_col[1].u_pe.\u_mul.\g_bw.g_wallace.u_tree.\genblk1.g_reduce.u_next.\genblk1.g_reduce.u_next.\genblk1.g_reduce.u_next.$or$/home/danieltyukov/workspace/personal/tt-ihp-int8-npu/src/npu_csa_reduce.sv:53$1830 ($or).
Removed top 1 bits (of 16) from port A of cell tt_um_danieltyukov_int8_npu.$flatten\u_core.\u_array.\g_row[1].g_col[1].u_pe.\u_mul.\g_bw.g_wallace.u_tree.\genblk1.g_reduce.u_next.\genblk1.g_reduce.u_next.\genblk1.g_reduce.u_next.$or$/home/danieltyukov/workspace/personal/tt-ihp-int8-npu/src/npu_csa_reduce.sv:53$1830 ($or).
Removed top 1 bits (of 16) from port B of cell tt_um_danieltyukov_int8_npu.$flatten\u_core.\u_array.\g_row[1].g_col[1].u_pe.\u_mul.\g_bw.g_wallace.u_tree.\genblk1.g_reduce.u_next.\genblk1.g_reduce.u_next.\genblk1.g_reduce.u_next.$or$/home/danieltyukov/workspace/personal/tt-ihp-int8-npu/src/npu_csa_reduce.sv:53$1830 ($or).
Removed top 1 bits (of 16) from port Y of cell tt_um_danieltyukov_int8_npu.$flatten\u_core.\u_array.\g_row[1].g_col[1].u_pe.\u_mul.\g_bw.g_wallace.u_tree.\genblk1.g_reduce.u_next.\genblk1.g_reduce.u_next.$or$/home/danieltyukov/workspace/personal/tt-ihp-int8-npu/src/npu_csa_reduce.sv:53$1979 ($or).
Removed top 1 bits (of 16) from port A of cell tt_um_danieltyukov_int8_npu.$flatten\u_core.\u_array.\g_row[1].g_col[1].u_pe.\u_mul.\g_bw.g_wallace.u_tree.\genblk1.g_reduce.u_next.\genblk1.g_reduce.u_next.$or$/home/danieltyukov/workspace/personal/tt-ihp-int8-npu/src/npu_csa_reduce.sv:53$1979 ($or).
Removed top 1 bits (of 16) from port B of cell tt_um_danieltyukov_int8_npu.$flatten\u_core.\u_array.\g_row[1].g_col[1].u_pe.\u_mul.\g_bw.g_wallace.u_tree.\genblk1.g_reduce.u_next.\genblk1.g_reduce.u_next.$or$/home/danieltyukov/workspace/personal/tt-ihp-int8-npu/src/npu_csa_reduce.sv:53$1979 ($or).
Removed top 1 bits (of 16) from port Y of cell tt_um_danieltyukov_int8_npu.$flatten\u_core.\u_array.\g_row[1].g_col[1].u_pe.\u_mul.\g_bw.g_wallace.u_tree.\genblk1.g_reduce.u_next.\genblk1.g_reduce.u_next.$and$/home/danieltyukov/workspace/personal/tt-ihp-int8-npu/src/npu_csa_reduce.sv:53$1978 ($and).
Removed top 1 bits (of 16) from port A of cell tt_um_danieltyukov_int8_npu.$flatten\u_core.\u_array.\g_row[1].g_col[1].u_pe.\u_mul.\g_bw.g_wallace.u_tree.\genblk1.g_reduce.u_next.\genblk1.g_reduce.u_next.$and$/home/danieltyukov/workspace/personal/tt-ihp-int8-npu/src/npu_csa_reduce.sv:53$1978 ($and).
Removed top 1 bits (of 16) from port B of cell tt_um_danieltyukov_int8_npu.$flatten\u_core.\u_array.\g_row[1].g_col[1].u_pe.\u_mul.\g_bw.g_wallace.u_tree.\genblk1.g_reduce.u_next.\genblk1.g_reduce.u_next.$and$/home/danieltyukov/workspace/personal/tt-ihp-int8-npu/src/npu_csa_reduce.sv:53$1978 ($and).
Removed top 1 bits (of 16) from port Y of cell tt_um_danieltyukov_int8_npu.$flatten\u_core.\u_array.\g_row[1].g_col[1].u_pe.\u_mul.\g_bw.g_wallace.u_tree.\genblk1.g_reduce.u_next.\genblk1.g_reduce.u_next.$or$/home/danieltyukov/workspace/personal/tt-ihp-int8-npu/src/npu_csa_reduce.sv:53$1977 ($or).
Removed top 1 bits (of 16) from port A of cell tt_um_danieltyukov_int8_npu.$flatten\u_core.\u_array.\g_row[1].g_col[1].u_pe.\u_mul.\g_bw.g_wallace.u_tree.\genblk1.g_reduce.u_next.\genblk1.g_reduce.u_next.$or$/home/danieltyukov/workspace/personal/tt-ihp-int8-npu/src/npu_csa_reduce.sv:53$1977 ($or).
Removed top 1 bits (of 16) from port B of cell tt_um_danieltyukov_int8_npu.$flatten\u_core.\u_array.\g_row[1].g_col[1].u_pe.\u_mul.\g_bw.g_wallace.u_tree.\genblk1.g_reduce.u_next.\genblk1.g_reduce.u_next.$or$/home/danieltyukov/workspace/personal/tt-ihp-int8-npu/src/npu_csa_reduce.sv:53$1977 ($or).
Removed top 1 bits (of 16) from port Y of cell tt_um_danieltyukov_int8_npu.$flatten\u_core.\u_array.\g_row[1].g_col[1].u_pe.\u_mul.\g_bw.g_wallace.u_tree.\genblk1.g_reduce.u_next.\genblk1.g_reduce.u_next.$and$/home/danieltyukov/workspace/personal/tt-ihp-int8-npu/src/npu_csa_reduce.sv:53$1976 ($and).
Removed top 1 bits (of 16) from port A of cell tt_um_danieltyukov_int8_npu.$flatten\u_core.\u_array.\g_row[1].g_col[1].u_pe.\u_mul.\g_bw.g_wallace.u_tree.\genblk1.g_reduce.u_next.\genblk1.g_reduce.u_next.$and$/home/danieltyukov/workspace/personal/tt-ihp-int8-npu/src/npu_csa_reduce.sv:53$1976 ($and).
Removed top 1 bits (of 16) from port B of cell tt_um_danieltyukov_int8_npu.$flatten\u_core.\u_array.\g_row[1].g_col[1].u_pe.\u_mul.\g_bw.g_wallace.u_tree.\genblk1.g_reduce.u_next.\genblk1.g_reduce.u_next.$and$/home/danieltyukov/workspace/personal/tt-ihp-int8-npu/src/npu_csa_reduce.sv:53$1976 ($and).
Removed top 1 bits (of 16) from port Y of cell tt_um_danieltyukov_int8_npu.$flatten\u_core.\u_array.\g_row[1].g_col[1].u_pe.\u_mul.\g_bw.g_wallace.u_tree.\genblk1.g_reduce.u_next.\genblk1.g_reduce.u_next.$and$/home/danieltyukov/workspace/personal/tt-ihp-int8-npu/src/npu_csa_reduce.sv:53$1975 ($and).
Removed top 1 bits (of 16) from port A of cell tt_um_danieltyukov_int8_npu.$flatten\u_core.\u_array.\g_row[1].g_col[1].u_pe.\u_mul.\g_bw.g_wallace.u_tree.\genblk1.g_reduce.u_next.\genblk1.g_reduce.u_next.$and$/home/danieltyukov/workspace/personal/tt-ihp-int8-npu/src/npu_csa_reduce.sv:53$1975 ($and).
Removed top 1 bits (of 16) from port B of cell tt_um_danieltyukov_int8_npu.$flatten\u_core.\u_array.\g_row[1].g_col[1].u_pe.\u_mul.\g_bw.g_wallace.u_tree.\genblk1.g_reduce.u_next.\genblk1.g_reduce.u_next.$and$/home/danieltyukov/workspace/personal/tt-ihp-int8-npu/src/npu_csa_reduce.sv:53$1975 ($and).
Removed top 7 bits (of 16) from port B of cell tt_um_danieltyukov_int8_npu.$flatten\u_core.\u_array.\g_row[1].g_col[1].u_pe.\u_mul.\g_bw.g_wallace.u_tree.$or$/home/danieltyukov/workspace/personal/tt-ihp-int8-npu/src/npu_csa_reduce.sv:53$1852 ($or).
Removed top 1 bits (of 16) from port Y of cell tt_um_danieltyukov_int8_npu.$flatten\u_core.\u_array.\g_row[1].g_col[1].u_pe.\u_mul.\g_bw.g_wallace.u_tree.$or$/home/danieltyukov/workspace/personal/tt-ihp-int8-npu/src/npu_csa_reduce.sv:53$1852 ($or).
Removed top 1 bits (of 16) from port A of cell tt_um_danieltyukov_int8_npu.$flatten\u_core.\u_array.\g_row[1].g_col[1].u_pe.\u_mul.\g_bw.g_wallace.u_tree.$or$/home/danieltyukov/workspace/personal/tt-ihp-int8-npu/src/npu_csa_reduce.sv:53$1852 ($or).
Removed top 7 bits (of 16) from port B of cell tt_um_danieltyukov_int8_npu.$flatten\u_core.\u_array.\g_row[1].g_col[1].u_pe.\u_mul.\g_bw.g_wallace.u_tree.$or$/home/danieltyukov/workspace/personal/tt-ihp-int8-npu/src/npu_csa_reduce.sv:53$1850 ($or).
Removed top 1 bits (of 16) from port Y of cell tt_um_danieltyukov_int8_npu.$flatten\u_core.\u_array.\g_row[1].g_col[1].u_pe.\u_mul.\g_bw.g_wallace.u_tree.$or$/home/danieltyukov/workspace/personal/tt-ihp-int8-npu/src/npu_csa_reduce.sv:53$1850 ($or).
Removed top 1 bits (of 16) from port A of cell tt_um_danieltyukov_int8_npu.$flatten\u_core.\u_array.\g_row[1].g_col[1].u_pe.\u_mul.\g_bw.g_wallace.u_tree.$or$/home/danieltyukov/workspace/personal/tt-ihp-int8-npu/src/npu_csa_reduce.sv:53$1850 ($or).
Removed top 2 bits (of 16) from port A of cell tt_um_danieltyukov_int8_npu.$flatten\u_core.\u_array.\g_row[1].g_col[1].u_pe.\u_mul.\g_bw.g_wallace.u_tree.$and$/home/danieltyukov/workspace/personal/tt-ihp-int8-npu/src/npu_csa_reduce.sv:53$1848 ($and).
Removed top 1 bits (of 16) from port B of cell tt_um_danieltyukov_int8_npu.$flatten\u_core.\u_array.\g_row[1].g_col[1].u_pe.\u_mul.\g_bw.g_wallace.u_tree.$and$/home/danieltyukov/workspace/personal/tt-ihp-int8-npu/src/npu_csa_reduce.sv:53$1848 ($and).
Removed top 1 bits (of 16) from port Y of cell tt_um_danieltyukov_int8_npu.$flatten\u_core.\u_array.\g_row[1].g_col[1].u_pe.\u_mul.\g_bw.g_wallace.u_tree.$and$/home/danieltyukov/workspace/personal/tt-ihp-int8-npu/src/npu_csa_reduce.sv:53$1848 ($and).
Removed top 2 bits (of 16) from port A of cell tt_um_danieltyukov_int8_npu.$flatten\u_core.\u_array.\g_row[1].g_col[1].u_pe.\u_mul.\g_bw.g_wallace.u_tree.$xor$/home/danieltyukov/workspace/personal/tt-ihp-int8-npu/src/npu_csa_reduce.sv:49$1846 ($xor).
Removed top 1 bits (of 16) from port B of cell tt_um_danieltyukov_int8_npu.$flatten\u_core.\u_array.\g_row[1].g_col[1].u_pe.\u_mul.\g_bw.g_wallace.u_tree.$xor$/home/danieltyukov/workspace/personal/tt-ihp-int8-npu/src/npu_csa_reduce.sv:49$1846 ($xor).
Removed top 1 bits (of 16) from port Y of cell tt_um_danieltyukov_int8_npu.$flatten\u_core.\u_array.\g_row[1].g_col[1].u_pe.\u_mul.\g_bw.g_wallace.u_tree.$xor$/home/danieltyukov/workspace/personal/tt-ihp-int8-npu/src/npu_csa_reduce.sv:49$1846 ($xor).
Removed top 1 bits (of 16) from port Y of cell tt_um_danieltyukov_int8_npu.$flatten\u_core.\u_array.\g_row[1].g_col[1].u_pe.\u_mul.\g_bw.g_wallace.u_tree.$or$/home/danieltyukov/workspace/personal/tt-ihp-int8-npu/src/npu_csa_reduce.sv:53$1845 ($or).
Removed top 1 bits (of 16) from port A of cell tt_um_danieltyukov_int8_npu.$flatten\u_core.\u_array.\g_row[1].g_col[1].u_pe.\u_mul.\g_bw.g_wallace.u_tree.$or$/home/danieltyukov/workspace/personal/tt-ihp-int8-npu/src/npu_csa_reduce.sv:53$1845 ($or).
Removed top 1 bits (of 16) from port B of cell tt_um_danieltyukov_int8_npu.$flatten\u_core.\u_array.\g_row[1].g_col[1].u_pe.\u_mul.\g_bw.g_wallace.u_tree.$or$/home/danieltyukov/workspace/personal/tt-ihp-int8-npu/src/npu_csa_reduce.sv:53$1845 ($or).
Removed top 4 bits (of 16) from port A of cell tt_um_danieltyukov_int8_npu.$flatten\u_core.\u_array.\g_row[1].g_col[1].u_pe.\u_mul.\g_bw.g_wallace.u_tree.$and$/home/danieltyukov/workspace/personal/tt-ihp-int8-npu/src/npu_csa_reduce.sv:53$1844 ($and).
Removed top 3 bits (of 16) from port B of cell tt_um_danieltyukov_int8_npu.$flatten\u_core.\u_array.\g_row[1].g_col[1].u_pe.\u_mul.\g_bw.g_wallace.u_tree.$and$/home/danieltyukov/workspace/personal/tt-ihp-int8-npu/src/npu_csa_reduce.sv:53$1844 ($and).
Removed top 3 bits (of 16) from port Y of cell tt_um_danieltyukov_int8_npu.$flatten\u_core.\u_array.\g_row[1].g_col[1].u_pe.\u_mul.\g_bw.g_wallace.u_tree.$and$/home/danieltyukov/workspace/personal/tt-ihp-int8-npu/src/npu_csa_reduce.sv:53$1844 ($and).
Removed top 1 bits (of 16) from port Y of cell tt_um_danieltyukov_int8_npu.$flatten\u_core.\u_array.\g_row[1].g_col[1].u_pe.\u_mul.\g_bw.g_wallace.u_tree.$or$/home/danieltyukov/workspace/personal/tt-ihp-int8-npu/src/npu_csa_reduce.sv:53$1843 ($or).
Removed top 1 bits (of 16) from port A of cell tt_um_danieltyukov_int8_npu.$flatten\u_core.\u_array.\g_row[1].g_col[1].u_pe.\u_mul.\g_bw.g_wallace.u_tree.$or$/home/danieltyukov/workspace/personal/tt-ihp-int8-npu/src/npu_csa_reduce.sv:53$1843 ($or).
Removed top 1 bits (of 16) from port B of cell tt_um_danieltyukov_int8_npu.$flatten\u_core.\u_array.\g_row[1].g_col[1].u_pe.\u_mul.\g_bw.g_wallace.u_tree.$or$/home/danieltyukov/workspace/personal/tt-ihp-int8-npu/src/npu_csa_reduce.sv:53$1843 ($or).
Removed top 5 bits (of 16) from port A of cell tt_um_danieltyukov_int8_npu.$flatten\u_core.\u_array.\g_row[1].g_col[1].u_pe.\u_mul.\g_bw.g_wallace.u_tree.$and$/home/danieltyukov/workspace/personal/tt-ihp-int8-npu/src/npu_csa_reduce.sv:53$1842 ($and).
Removed top 3 bits (of 16) from port B of cell tt_um_danieltyukov_int8_npu.$flatten\u_core.\u_array.\g_row[1].g_col[1].u_pe.\u_mul.\g_bw.g_wallace.u_tree.$and$/home/danieltyukov/workspace/personal/tt-ihp-int8-npu/src/npu_csa_reduce.sv:53$1842 ($and).
Removed top 3 bits (of 16) from port Y of cell tt_um_danieltyukov_int8_npu.$flatten\u_core.\u_array.\g_row[1].g_col[1].u_pe.\u_mul.\g_bw.g_wallace.u_tree.$and$/home/danieltyukov/workspace/personal/tt-ihp-int8-npu/src/npu_csa_reduce.sv:53$1842 ($and).
Removed top 5 bits (of 16) from port A of cell tt_um_danieltyukov_int8_npu.$flatten\u_core.\u_array.\g_row[1].g_col[1].u_pe.\u_mul.\g_bw.g_wallace.u_tree.$and$/home/danieltyukov/workspace/personal/tt-ihp-int8-npu/src/npu_csa_reduce.sv:53$1841 ($and).
Removed top 4 bits (of 16) from port B of cell tt_um_danieltyukov_int8_npu.$flatten\u_core.\u_array.\g_row[1].g_col[1].u_pe.\u_mul.\g_bw.g_wallace.u_tree.$and$/home/danieltyukov/workspace/personal/tt-ihp-int8-npu/src/npu_csa_reduce.sv:53$1841 ($and).
Removed top 4 bits (of 16) from port Y of cell tt_um_danieltyukov_int8_npu.$flatten\u_core.\u_array.\g_row[1].g_col[1].u_pe.\u_mul.\g_bw.g_wallace.u_tree.$and$/home/danieltyukov/workspace/personal/tt-ihp-int8-npu/src/npu_csa_reduce.sv:53$1841 ($and).
Removed top 3 bits (of 16) from port B of cell tt_um_danieltyukov_int8_npu.$flatten\u_core.\u_array.\g_row[1].g_col[1].u_pe.\u_mul.\g_bw.g_wallace.u_tree.$xor$/home/danieltyukov/workspace/personal/tt-ihp-int8-npu/src/npu_csa_reduce.sv:49$1840 ($xor).
Removed top 5 bits (of 16) from port A of cell tt_um_danieltyukov_int8_npu.$flatten\u_core.\u_array.\g_row[1].g_col[1].u_pe.\u_mul.\g_bw.g_wallace.u_tree.$xor$/home/danieltyukov/workspace/personal/tt-ihp-int8-npu/src/npu_csa_reduce.sv:49$1839 ($xor).
Removed top 4 bits (of 16) from port B of cell tt_um_danieltyukov_int8_npu.$flatten\u_core.\u_array.\g_row[1].g_col[1].u_pe.\u_mul.\g_bw.g_wallace.u_tree.$xor$/home/danieltyukov/workspace/personal/tt-ihp-int8-npu/src/npu_csa_reduce.sv:49$1839 ($xor).
Removed top 4 bits (of 16) from port Y of cell tt_um_danieltyukov_int8_npu.$flatten\u_core.\u_array.\g_row[1].g_col[1].u_pe.\u_mul.\g_bw.g_wallace.u_tree.$xor$/home/danieltyukov/workspace/personal/tt-ihp-int8-npu/src/npu_csa_reduce.sv:49$1839 ($xor).
Removed top 1 bits (of 16) from port Y of cell tt_um_danieltyukov_int8_npu.$flatten\u_core.\u_array.\g_row[1].g_col[1].u_pe.\u_mul.\g_bw.g_wallace.u_tree.$or$/home/danieltyukov/workspace/personal/tt-ihp-int8-npu/src/npu_csa_reduce.sv:53$1838 ($or).
Removed top 1 bits (of 16) from port A of cell tt_um_danieltyukov_int8_npu.$flatten\u_core.\u_array.\g_row[1].g_col[1].u_pe.\u_mul.\g_bw.g_wallace.u_tree.$or$/home/danieltyukov/workspace/personal/tt-ihp-int8-npu/src/npu_csa_reduce.sv:53$1838 ($or).
Removed top 1 bits (of 16) from port B of cell tt_um_danieltyukov_int8_npu.$flatten\u_core.\u_array.\g_row[1].g_col[1].u_pe.\u_mul.\g_bw.g_wallace.u_tree.$or$/home/danieltyukov/workspace/personal/tt-ihp-int8-npu/src/npu_csa_reduce.sv:53$1838 ($or).
Removed top 7 bits (of 16) from port A of cell tt_um_danieltyukov_int8_npu.$flatten\u_core.\u_array.\g_row[1].g_col[1].u_pe.\u_mul.\g_bw.g_wallace.u_tree.$and$/home/danieltyukov/workspace/personal/tt-ihp-int8-npu/src/npu_csa_reduce.sv:53$1837 ($and).
Removed top 6 bits (of 16) from port B of cell tt_um_danieltyukov_int8_npu.$flatten\u_core.\u_array.\g_row[1].g_col[1].u_pe.\u_mul.\g_bw.g_wallace.u_tree.$and$/home/danieltyukov/workspace/personal/tt-ihp-int8-npu/src/npu_csa_reduce.sv:53$1837 ($and).
Removed top 6 bits (of 16) from port Y of cell tt_um_danieltyukov_int8_npu.$flatten\u_core.\u_array.\g_row[1].g_col[1].u_pe.\u_mul.\g_bw.g_wallace.u_tree.$and$/home/danieltyukov/workspace/personal/tt-ihp-int8-npu/src/npu_csa_reduce.sv:53$1837 ($and).
Removed top 1 bits (of 16) from port Y of cell tt_um_danieltyukov_int8_npu.$flatten\u_core.\u_array.\g_row[1].g_col[1].u_pe.\u_mul.\g_bw.g_wallace.u_tree.$or$/home/danieltyukov/workspace/personal/tt-ihp-int8-npu/src/npu_csa_reduce.sv:53$1836 ($or).
Removed top 1 bits (of 16) from port A of cell tt_um_danieltyukov_int8_npu.$flatten\u_core.\u_array.\g_row[1].g_col[1].u_pe.\u_mul.\g_bw.g_wallace.u_tree.$or$/home/danieltyukov/workspace/personal/tt-ihp-int8-npu/src/npu_csa_reduce.sv:53$1836 ($or).
Removed top 1 bits (of 16) from port B of cell tt_um_danieltyukov_int8_npu.$flatten\u_core.\u_array.\g_row[1].g_col[1].u_pe.\u_mul.\g_bw.g_wallace.u_tree.$or$/home/danieltyukov/workspace/personal/tt-ihp-int8-npu/src/npu_csa_reduce.sv:53$1836 ($or).
Removed top 8 bits (of 16) from port A of cell tt_um_danieltyukov_int8_npu.$flatten\u_core.\u_array.\g_row[1].g_col[1].u_pe.\u_mul.\g_bw.g_wallace.u_tree.$and$/home/danieltyukov/workspace/personal/tt-ihp-int8-npu/src/npu_csa_reduce.sv:53$1835 ($and).
Removed top 6 bits (of 16) from port B of cell tt_um_danieltyukov_int8_npu.$flatten\u_core.\u_array.\g_row[1].g_col[1].u_pe.\u_mul.\g_bw.g_wallace.u_tree.$and$/home/danieltyukov/workspace/personal/tt-ihp-int8-npu/src/npu_csa_reduce.sv:53$1835 ($and).
Removed top 6 bits (of 16) from port Y of cell tt_um_danieltyukov_int8_npu.$flatten\u_core.\u_array.\g_row[1].g_col[1].u_pe.\u_mul.\g_bw.g_wallace.u_tree.$and$/home/danieltyukov/workspace/personal/tt-ihp-int8-npu/src/npu_csa_reduce.sv:53$1835 ($and).
Removed top 8 bits (of 16) from port A of cell tt_um_danieltyukov_int8_npu.$flatten\u_core.\u_array.\g_row[1].g_col[1].u_pe.\u_mul.\g_bw.g_wallace.u_tree.$and$/home/danieltyukov/workspace/personal/tt-ihp-int8-npu/src/npu_csa_reduce.sv:53$1834 ($and).
Removed top 7 bits (of 16) from port B of cell tt_um_danieltyukov_int8_npu.$flatten\u_core.\u_array.\g_row[1].g_col[1].u_pe.\u_mul.\g_bw.g_wallace.u_tree.$and$/home/danieltyukov/workspace/personal/tt-ihp-int8-npu/src/npu_csa_reduce.sv:53$1834 ($and).
Removed top 7 bits (of 16) from port Y of cell tt_um_danieltyukov_int8_npu.$flatten\u_core.\u_array.\g_row[1].g_col[1].u_pe.\u_mul.\g_bw.g_wallace.u_tree.$and$/home/danieltyukov/workspace/personal/tt-ihp-int8-npu/src/npu_csa_reduce.sv:53$1834 ($and).
Removed top 7 bits (of 16) from port A of cell tt_um_danieltyukov_int8_npu.$flatten\u_core.\u_array.\g_row[1].g_col[1].u_pe.\u_mul.\g_bw.g_wallace.u_tree.$xor$/home/danieltyukov/workspace/personal/tt-ihp-int8-npu/src/npu_csa_reduce.sv:49$1833 ($xor).
Removed top 6 bits (of 16) from port B of cell tt_um_danieltyukov_int8_npu.$flatten\u_core.\u_array.\g_row[1].g_col[1].u_pe.\u_mul.\g_bw.g_wallace.u_tree.$xor$/home/danieltyukov/workspace/personal/tt-ihp-int8-npu/src/npu_csa_reduce.sv:49$1833 ($xor).
Removed top 6 bits (of 16) from port Y of cell tt_um_danieltyukov_int8_npu.$flatten\u_core.\u_array.\g_row[1].g_col[1].u_pe.\u_mul.\g_bw.g_wallace.u_tree.$xor$/home/danieltyukov/workspace/personal/tt-ihp-int8-npu/src/npu_csa_reduce.sv:49$1833 ($xor).
Removed top 1 bits (of 19) from port Y of cell tt_um_danieltyukov_int8_npu.$flatten\u_core.\u_array.\g_row[2].g_col[0].u_pe.\u_add.$and$/home/danieltyukov/workspace/personal/tt-ihp-int8-npu/src/npu_adder.sv:60$1699 ($and).
Removed top 1 bits (of 19) from port A of cell tt_um_danieltyukov_int8_npu.$flatten\u_core.\u_array.\g_row[2].g_col[0].u_pe.\u_add.$and$/home/danieltyukov/workspace/personal/tt-ihp-int8-npu/src/npu_adder.sv:60$1699 ($and).
Removed top 1 bits (of 19) from port B of cell tt_um_danieltyukov_int8_npu.$flatten\u_core.\u_array.\g_row[2].g_col[0].u_pe.\u_add.$and$/home/danieltyukov/workspace/personal/tt-ihp-int8-npu/src/npu_adder.sv:60$1699 ($and).
Removed top 8 bits (of 16) from port A of cell tt_um_danieltyukov_int8_npu.$flatten\u_core.\u_array.\g_row[2].g_col[0].u_pe.\u_mul.\g_bw.g_wallace.u_tree.$xor$/home/danieltyukov/workspace/personal/tt-ihp-int8-npu/src/npu_csa_reduce.sv:49$1832 ($xor).
Removed top 7 bits (of 16) from port B of cell tt_um_danieltyukov_int8_npu.$flatten\u_core.\u_array.\g_row[2].g_col[0].u_pe.\u_mul.\g_bw.g_wallace.u_tree.$xor$/home/danieltyukov/workspace/personal/tt-ihp-int8-npu/src/npu_csa_reduce.sv:49$1832 ($xor).
Removed top 7 bits (of 16) from port Y of cell tt_um_danieltyukov_int8_npu.$flatten\u_core.\u_array.\g_row[2].g_col[0].u_pe.\u_mul.\g_bw.g_wallace.u_tree.$xor$/home/danieltyukov/workspace/personal/tt-ihp-int8-npu/src/npu_csa_reduce.sv:49$1832 ($xor).
Removed top 1 bits (of 16) from port Y of cell tt_um_danieltyukov_int8_npu.$flatten\u_core.\u_array.\g_row[2].g_col[0].u_pe.\u_mul.\u_cpa.$and$/home/danieltyukov/workspace/personal/tt-ihp-int8-npu/src/npu_adder.sv:60$1855 ($and).
Removed top 1 bits (of 16) from port A of cell tt_um_danieltyukov_int8_npu.$flatten\u_core.\u_array.\g_row[2].g_col[0].u_pe.\u_mul.\u_cpa.$and$/home/danieltyukov/workspace/personal/tt-ihp-int8-npu/src/npu_adder.sv:60$1855 ($and).
Removed top 1 bits (of 16) from port B of cell tt_um_danieltyukov_int8_npu.$flatten\u_core.\u_array.\g_row[2].g_col[0].u_pe.\u_mul.\u_cpa.$and$/home/danieltyukov/workspace/personal/tt-ihp-int8-npu/src/npu_adder.sv:60$1855 ($and).
Removed top 1 bits (of 16) from port Y of cell tt_um_danieltyukov_int8_npu.$flatten\u_core.\u_array.\g_row[2].g_col[0].u_pe.\u_mul.\g_bw.g_wallace.u_tree.\genblk1.g_reduce.u_next.$or$/home/danieltyukov/workspace/personal/tt-ihp-int8-npu/src/npu_csa_reduce.sv:53$1964 ($or).
Removed top 1 bits (of 16) from port A of cell tt_um_danieltyukov_int8_npu.$flatten\u_core.\u_array.\g_row[2].g_col[0].u_pe.\u_mul.\g_bw.g_wallace.u_tree.\genblk1.g_reduce.u_next.$or$/home/danieltyukov/workspace/personal/tt-ihp-int8-npu/src/npu_csa_reduce.sv:53$1964 ($or).
Removed top 1 bits (of 16) from port B of cell tt_um_danieltyukov_int8_npu.$flatten\u_core.\u_array.\g_row[2].g_col[0].u_pe.\u_mul.\g_bw.g_wallace.u_tree.\genblk1.g_reduce.u_next.$or$/home/danieltyukov/workspace/personal/tt-ihp-int8-npu/src/npu_csa_reduce.sv:53$1964 ($or).
Removed top 1 bits (of 16) from port Y of cell tt_um_danieltyukov_int8_npu.$flatten\u_core.\u_array.\g_row[2].g_col[0].u_pe.\u_mul.\g_bw.g_wallace.u_tree.\genblk1.g_reduce.u_next.$or$/home/danieltyukov/workspace/personal/tt-ihp-int8-npu/src/npu_csa_reduce.sv:53$1971 ($or).
Removed top 1 bits (of 16) from port A of cell tt_um_danieltyukov_int8_npu.$flatten\u_core.\u_array.\g_row[2].g_col[0].u_pe.\u_mul.\g_bw.g_wallace.u_tree.\genblk1.g_reduce.u_next.$or$/home/danieltyukov/workspace/personal/tt-ihp-int8-npu/src/npu_csa_reduce.sv:53$1971 ($or).
Removed top 1 bits (of 16) from port B of cell tt_um_danieltyukov_int8_npu.$flatten\u_core.\u_array.\g_row[2].g_col[0].u_pe.\u_mul.\g_bw.g_wallace.u_tree.\genblk1.g_reduce.u_next.$or$/home/danieltyukov/workspace/personal/tt-ihp-int8-npu/src/npu_csa_reduce.sv:53$1971 ($or).
Removed top 1 bits (of 16) from port Y of cell tt_um_danieltyukov_int8_npu.$flatten\u_core.\u_array.\g_row[2].g_col[0].u_pe.\u_mul.\g_bw.g_wallace.u_tree.\genblk1.g_reduce.u_next.\genblk1.g_reduce.u_next.\genblk1.g_reduce.u_next.$or$/home/danieltyukov/workspace/personal/tt-ihp-int8-npu/src/npu_csa_reduce.sv:53$1830 ($or).
Removed top 1 bits (of 16) from port A of cell tt_um_danieltyukov_int8_npu.$flatten\u_core.\u_array.\g_row[2].g_col[0].u_pe.\u_mul.\g_bw.g_wallace.u_tree.\genblk1.g_reduce.u_next.\genblk1.g_reduce.u_next.\genblk1.g_reduce.u_next.$or$/home/danieltyukov/workspace/personal/tt-ihp-int8-npu/src/npu_csa_reduce.sv:53$1830 ($or).
Removed top 1 bits (of 16) from port B of cell tt_um_danieltyukov_int8_npu.$flatten\u_core.\u_array.\g_row[2].g_col[0].u_pe.\u_mul.\g_bw.g_wallace.u_tree.\genblk1.g_reduce.u_next.\genblk1.g_reduce.u_next.\genblk1.g_reduce.u_next.$or$/home/danieltyukov/workspace/personal/tt-ihp-int8-npu/src/npu_csa_reduce.sv:53$1830 ($or).
Removed top 1 bits (of 16) from port Y of cell tt_um_danieltyukov_int8_npu.$flatten\u_core.\u_array.\g_row[2].g_col[0].u_pe.\u_mul.\g_bw.g_wallace.u_tree.\genblk1.g_reduce.u_next.\genblk1.g_reduce.u_next.$or$/home/danieltyukov/workspace/personal/tt-ihp-int8-npu/src/npu_csa_reduce.sv:53$1979 ($or).
Removed top 1 bits (of 16) from port A of cell tt_um_danieltyukov_int8_npu.$flatten\u_core.\u_array.\g_row[2].g_col[0].u_pe.\u_mul.\g_bw.g_wallace.u_tree.\genblk1.g_reduce.u_next.\genblk1.g_reduce.u_next.$or$/home/danieltyukov/workspace/personal/tt-ihp-int8-npu/src/npu_csa_reduce.sv:53$1979 ($or).
Removed top 1 bits (of 16) from port B of cell tt_um_danieltyukov_int8_npu.$flatten\u_core.\u_array.\g_row[2].g_col[0].u_pe.\u_mul.\g_bw.g_wallace.u_tree.\genblk1.g_reduce.u_next.\genblk1.g_reduce.u_next.$or$/home/danieltyukov/workspace/personal/tt-ihp-int8-npu/src/npu_csa_reduce.sv:53$1979 ($or).
Removed top 1 bits (of 16) from port Y of cell tt_um_danieltyukov_int8_npu.$flatten\u_core.\u_array.\g_row[2].g_col[0].u_pe.\u_mul.\g_bw.g_wallace.u_tree.\genblk1.g_reduce.u_next.\genblk1.g_reduce.u_next.$and$/home/danieltyukov/workspace/personal/tt-ihp-int8-npu/src/npu_csa_reduce.sv:53$1978 ($and).
Removed top 1 bits (of 16) from port A of cell tt_um_danieltyukov_int8_npu.$flatten\u_core.\u_array.\g_row[2].g_col[0].u_pe.\u_mul.\g_bw.g_wallace.u_tree.\genblk1.g_reduce.u_next.\genblk1.g_reduce.u_next.$and$/home/danieltyukov/workspace/personal/tt-ihp-int8-npu/src/npu_csa_reduce.sv:53$1978 ($and).
Removed top 1 bits (of 16) from port B of cell tt_um_danieltyukov_int8_npu.$flatten\u_core.\u_array.\g_row[2].g_col[0].u_pe.\u_mul.\g_bw.g_wallace.u_tree.\genblk1.g_reduce.u_next.\genblk1.g_reduce.u_next.$and$/home/danieltyukov/workspace/personal/tt-ihp-int8-npu/src/npu_csa_reduce.sv:53$1978 ($and).
Removed top 1 bits (of 16) from port Y of cell tt_um_danieltyukov_int8_npu.$flatten\u_core.\u_array.\g_row[2].g_col[0].u_pe.\u_mul.\g_bw.g_wallace.u_tree.\genblk1.g_reduce.u_next.\genblk1.g_reduce.u_next.$or$/home/danieltyukov/workspace/personal/tt-ihp-int8-npu/src/npu_csa_reduce.sv:53$1977 ($or).
Removed top 1 bits (of 16) from port A of cell tt_um_danieltyukov_int8_npu.$flatten\u_core.\u_array.\g_row[2].g_col[0].u_pe.\u_mul.\g_bw.g_wallace.u_tree.\genblk1.g_reduce.u_next.\genblk1.g_reduce.u_next.$or$/home/danieltyukov/workspace/personal/tt-ihp-int8-npu/src/npu_csa_reduce.sv:53$1977 ($or).
Removed top 1 bits (of 16) from port B of cell tt_um_danieltyukov_int8_npu.$flatten\u_core.\u_array.\g_row[2].g_col[0].u_pe.\u_mul.\g_bw.g_wallace.u_tree.\genblk1.g_reduce.u_next.\genblk1.g_reduce.u_next.$or$/home/danieltyukov/workspace/personal/tt-ihp-int8-npu/src/npu_csa_reduce.sv:53$1977 ($or).
Removed top 1 bits (of 16) from port Y of cell tt_um_danieltyukov_int8_npu.$flatten\u_core.\u_array.\g_row[2].g_col[0].u_pe.\u_mul.\g_bw.g_wallace.u_tree.\genblk1.g_reduce.u_next.\genblk1.g_reduce.u_next.$and$/home/danieltyukov/workspace/personal/tt-ihp-int8-npu/src/npu_csa_reduce.sv:53$1976 ($and).
Removed top 1 bits (of 16) from port A of cell tt_um_danieltyukov_int8_npu.$flatten\u_core.\u_array.\g_row[2].g_col[0].u_pe.\u_mul.\g_bw.g_wallace.u_tree.\genblk1.g_reduce.u_next.\genblk1.g_reduce.u_next.$and$/home/danieltyukov/workspace/personal/tt-ihp-int8-npu/src/npu_csa_reduce.sv:53$1976 ($and).
Removed top 1 bits (of 16) from port B of cell tt_um_danieltyukov_int8_npu.$flatten\u_core.\u_array.\g_row[2].g_col[0].u_pe.\u_mul.\g_bw.g_wallace.u_tree.\genblk1.g_reduce.u_next.\genblk1.g_reduce.u_next.$and$/home/danieltyukov/workspace/personal/tt-ihp-int8-npu/src/npu_csa_reduce.sv:53$1976 ($and).
Removed top 1 bits (of 16) from port Y of cell tt_um_danieltyukov_int8_npu.$flatten\u_core.\u_array.\g_row[2].g_col[0].u_pe.\u_mul.\g_bw.g_wallace.u_tree.\genblk1.g_reduce.u_next.\genblk1.g_reduce.u_next.$and$/home/danieltyukov/workspace/personal/tt-ihp-int8-npu/src/npu_csa_reduce.sv:53$1975 ($and).
Removed top 1 bits (of 16) from port A of cell tt_um_danieltyukov_int8_npu.$flatten\u_core.\u_array.\g_row[2].g_col[0].u_pe.\u_mul.\g_bw.g_wallace.u_tree.\genblk1.g_reduce.u_next.\genblk1.g_reduce.u_next.$and$/home/danieltyukov/workspace/personal/tt-ihp-int8-npu/src/npu_csa_reduce.sv:53$1975 ($and).
Removed top 1 bits (of 16) from port B of cell tt_um_danieltyukov_int8_npu.$flatten\u_core.\u_array.\g_row[2].g_col[0].u_pe.\u_mul.\g_bw.g_wallace.u_tree.\genblk1.g_reduce.u_next.\genblk1.g_reduce.u_next.$and$/home/danieltyukov/workspace/personal/tt-ihp-int8-npu/src/npu_csa_reduce.sv:53$1975 ($and).
Removed top 7 bits (of 16) from port B of cell tt_um_danieltyukov_int8_npu.$flatten\u_core.\u_array.\g_row[2].g_col[0].u_pe.\u_mul.\g_bw.g_wallace.u_tree.$or$/home/danieltyukov/workspace/personal/tt-ihp-int8-npu/src/npu_csa_reduce.sv:53$1852 ($or).
Removed top 1 bits (of 16) from port Y of cell tt_um_danieltyukov_int8_npu.$flatten\u_core.\u_array.\g_row[2].g_col[0].u_pe.\u_mul.\g_bw.g_wallace.u_tree.$or$/home/danieltyukov/workspace/personal/tt-ihp-int8-npu/src/npu_csa_reduce.sv:53$1852 ($or).
Removed top 1 bits (of 16) from port A of cell tt_um_danieltyukov_int8_npu.$flatten\u_core.\u_array.\g_row[2].g_col[0].u_pe.\u_mul.\g_bw.g_wallace.u_tree.$or$/home/danieltyukov/workspace/personal/tt-ihp-int8-npu/src/npu_csa_reduce.sv:53$1852 ($or).
Removed top 7 bits (of 16) from port B of cell tt_um_danieltyukov_int8_npu.$flatten\u_core.\u_array.\g_row[2].g_col[0].u_pe.\u_mul.\g_bw.g_wallace.u_tree.$or$/home/danieltyukov/workspace/personal/tt-ihp-int8-npu/src/npu_csa_reduce.sv:53$1850 ($or).
Removed top 1 bits (of 16) from port Y of cell tt_um_danieltyukov_int8_npu.$flatten\u_core.\u_array.\g_row[2].g_col[0].u_pe.\u_mul.\g_bw.g_wallace.u_tree.$or$/home/danieltyukov/workspace/personal/tt-ihp-int8-npu/src/npu_csa_reduce.sv:53$1850 ($or).
Removed top 1 bits (of 16) from port A of cell tt_um_danieltyukov_int8_npu.$flatten\u_core.\u_array.\g_row[2].g_col[0].u_pe.\u_mul.\g_bw.g_wallace.u_tree.$or$/home/danieltyukov/workspace/personal/tt-ihp-int8-npu/src/npu_csa_reduce.sv:53$1850 ($or).
Removed top 2 bits (of 16) from port A of cell tt_um_danieltyukov_int8_npu.$flatten\u_core.\u_array.\g_row[2].g_col[0].u_pe.\u_mul.\g_bw.g_wallace.u_tree.$and$/home/danieltyukov/workspace/personal/tt-ihp-int8-npu/src/npu_csa_reduce.sv:53$1848 ($and).
Removed top 1 bits (of 16) from port B of cell tt_um_danieltyukov_int8_npu.$flatten\u_core.\u_array.\g_row[2].g_col[0].u_pe.\u_mul.\g_bw.g_wallace.u_tree.$and$/home/danieltyukov/workspace/personal/tt-ihp-int8-npu/src/npu_csa_reduce.sv:53$1848 ($and).
Removed top 1 bits (of 16) from port Y of cell tt_um_danieltyukov_int8_npu.$flatten\u_core.\u_array.\g_row[2].g_col[0].u_pe.\u_mul.\g_bw.g_wallace.u_tree.$and$/home/danieltyukov/workspace/personal/tt-ihp-int8-npu/src/npu_csa_reduce.sv:53$1848 ($and).
Removed top 2 bits (of 16) from port A of cell tt_um_danieltyukov_int8_npu.$flatten\u_core.\u_array.\g_row[2].g_col[0].u_pe.\u_mul.\g_bw.g_wallace.u_tree.$xor$/home/danieltyukov/workspace/personal/tt-ihp-int8-npu/src/npu_csa_reduce.sv:49$1846 ($xor).
Removed top 1 bits (of 16) from port B of cell tt_um_danieltyukov_int8_npu.$flatten\u_core.\u_array.\g_row[2].g_col[0].u_pe.\u_mul.\g_bw.g_wallace.u_tree.$xor$/home/danieltyukov/workspace/personal/tt-ihp-int8-npu/src/npu_csa_reduce.sv:49$1846 ($xor).
Removed top 1 bits (of 16) from port Y of cell tt_um_danieltyukov_int8_npu.$flatten\u_core.\u_array.\g_row[2].g_col[0].u_pe.\u_mul.\g_bw.g_wallace.u_tree.$xor$/home/danieltyukov/workspace/personal/tt-ihp-int8-npu/src/npu_csa_reduce.sv:49$1846 ($xor).
Removed top 1 bits (of 16) from port Y of cell tt_um_danieltyukov_int8_npu.$flatten\u_core.\u_array.\g_row[2].g_col[0].u_pe.\u_mul.\g_bw.g_wallace.u_tree.$or$/home/danieltyukov/workspace/personal/tt-ihp-int8-npu/src/npu_csa_reduce.sv:53$1845 ($or).
Removed top 1 bits (of 16) from port A of cell tt_um_danieltyukov_int8_npu.$flatten\u_core.\u_array.\g_row[2].g_col[0].u_pe.\u_mul.\g_bw.g_wallace.u_tree.$or$/home/danieltyukov/workspace/personal/tt-ihp-int8-npu/src/npu_csa_reduce.sv:53$1845 ($or).
Removed top 1 bits (of 16) from port B of cell tt_um_danieltyukov_int8_npu.$flatten\u_core.\u_array.\g_row[2].g_col[0].u_pe.\u_mul.\g_bw.g_wallace.u_tree.$or$/home/danieltyukov/workspace/personal/tt-ihp-int8-npu/src/npu_csa_reduce.sv:53$1845 ($or).
Removed top 4 bits (of 16) from port A of cell tt_um_danieltyukov_int8_npu.$flatten\u_core.\u_array.\g_row[2].g_col[0].u_pe.\u_mul.\g_bw.g_wallace.u_tree.$and$/home/danieltyukov/workspace/personal/tt-ihp-int8-npu/src/npu_csa_reduce.sv:53$1844 ($and).
Removed top 3 bits (of 16) from port B of cell tt_um_danieltyukov_int8_npu.$flatten\u_core.\u_array.\g_row[2].g_col[0].u_pe.\u_mul.\g_bw.g_wallace.u_tree.$and$/home/danieltyukov/workspace/personal/tt-ihp-int8-npu/src/npu_csa_reduce.sv:53$1844 ($and).
Removed top 3 bits (of 16) from port Y of cell tt_um_danieltyukov_int8_npu.$flatten\u_core.\u_array.\g_row[2].g_col[0].u_pe.\u_mul.\g_bw.g_wallace.u_tree.$and$/home/danieltyukov/workspace/personal/tt-ihp-int8-npu/src/npu_csa_reduce.sv:53$1844 ($and).
Removed top 1 bits (of 16) from port Y of cell tt_um_danieltyukov_int8_npu.$flatten\u_core.\u_array.\g_row[2].g_col[0].u_pe.\u_mul.\g_bw.g_wallace.u_tree.$or$/home/danieltyukov/workspace/personal/tt-ihp-int8-npu/src/npu_csa_reduce.sv:53$1843 ($or).
Removed top 1 bits (of 16) from port A of cell tt_um_danieltyukov_int8_npu.$flatten\u_core.\u_array.\g_row[2].g_col[0].u_pe.\u_mul.\g_bw.g_wallace.u_tree.$or$/home/danieltyukov/workspace/personal/tt-ihp-int8-npu/src/npu_csa_reduce.sv:53$1843 ($or).
Removed top 1 bits (of 16) from port B of cell tt_um_danieltyukov_int8_npu.$flatten\u_core.\u_array.\g_row[2].g_col[0].u_pe.\u_mul.\g_bw.g_wallace.u_tree.$or$/home/danieltyukov/workspace/personal/tt-ihp-int8-npu/src/npu_csa_reduce.sv:53$1843 ($or).
Removed top 5 bits (of 16) from port A of cell tt_um_danieltyukov_int8_npu.$flatten\u_core.\u_array.\g_row[2].g_col[0].u_pe.\u_mul.\g_bw.g_wallace.u_tree.$and$/home/danieltyukov/workspace/personal/tt-ihp-int8-npu/src/npu_csa_reduce.sv:53$1842 ($and).
Removed top 3 bits (of 16) from port B of cell tt_um_danieltyukov_int8_npu.$flatten\u_core.\u_array.\g_row[2].g_col[0].u_pe.\u_mul.\g_bw.g_wallace.u_tree.$and$/home/danieltyukov/workspace/personal/tt-ihp-int8-npu/src/npu_csa_reduce.sv:53$1842 ($and).
Removed top 3 bits (of 16) from port Y of cell tt_um_danieltyukov_int8_npu.$flatten\u_core.\u_array.\g_row[2].g_col[0].u_pe.\u_mul.\g_bw.g_wallace.u_tree.$and$/home/danieltyukov/workspace/personal/tt-ihp-int8-npu/src/npu_csa_reduce.sv:53$1842 ($and).
Removed top 5 bits (of 16) from port A of cell tt_um_danieltyukov_int8_npu.$flatten\u_core.\u_array.\g_row[2].g_col[0].u_pe.\u_mul.\g_bw.g_wallace.u_tree.$and$/home/danieltyukov/workspace/personal/tt-ihp-int8-npu/src/npu_csa_reduce.sv:53$1841 ($and).
Removed top 4 bits (of 16) from port B of cell tt_um_danieltyukov_int8_npu.$flatten\u_core.\u_array.\g_row[2].g_col[0].u_pe.\u_mul.\g_bw.g_wallace.u_tree.$and$/home/danieltyukov/workspace/personal/tt-ihp-int8-npu/src/npu_csa_reduce.sv:53$1841 ($and).
Removed top 4 bits (of 16) from port Y of cell tt_um_danieltyukov_int8_npu.$flatten\u_core.\u_array.\g_row[2].g_col[0].u_pe.\u_mul.\g_bw.g_wallace.u_tree.$and$/home/danieltyukov/workspace/personal/tt-ihp-int8-npu/src/npu_csa_reduce.sv:53$1841 ($and).
Removed top 3 bits (of 16) from port B of cell tt_um_danieltyukov_int8_npu.$flatten\u_core.\u_array.\g_row[2].g_col[0].u_pe.\u_mul.\g_bw.g_wallace.u_tree.$xor$/home/danieltyukov/workspace/personal/tt-ihp-int8-npu/src/npu_csa_reduce.sv:49$1840 ($xor).
Removed top 5 bits (of 16) from port A of cell tt_um_danieltyukov_int8_npu.$flatten\u_core.\u_array.\g_row[2].g_col[0].u_pe.\u_mul.\g_bw.g_wallace.u_tree.$xor$/home/danieltyukov/workspace/personal/tt-ihp-int8-npu/src/npu_csa_reduce.sv:49$1839 ($xor).
Removed top 4 bits (of 16) from port B of cell tt_um_danieltyukov_int8_npu.$flatten\u_core.\u_array.\g_row[2].g_col[0].u_pe.\u_mul.\g_bw.g_wallace.u_tree.$xor$/home/danieltyukov/workspace/personal/tt-ihp-int8-npu/src/npu_csa_reduce.sv:49$1839 ($xor).
Removed top 4 bits (of 16) from port Y of cell tt_um_danieltyukov_int8_npu.$flatten\u_core.\u_array.\g_row[2].g_col[0].u_pe.\u_mul.\g_bw.g_wallace.u_tree.$xor$/home/danieltyukov/workspace/personal/tt-ihp-int8-npu/src/npu_csa_reduce.sv:49$1839 ($xor).
Removed top 1 bits (of 16) from port Y of cell tt_um_danieltyukov_int8_npu.$flatten\u_core.\u_array.\g_row[2].g_col[0].u_pe.\u_mul.\g_bw.g_wallace.u_tree.$or$/home/danieltyukov/workspace/personal/tt-ihp-int8-npu/src/npu_csa_reduce.sv:53$1838 ($or).
Removed top 1 bits (of 16) from port A of cell tt_um_danieltyukov_int8_npu.$flatten\u_core.\u_array.\g_row[2].g_col[0].u_pe.\u_mul.\g_bw.g_wallace.u_tree.$or$/home/danieltyukov/workspace/personal/tt-ihp-int8-npu/src/npu_csa_reduce.sv:53$1838 ($or).
Removed top 1 bits (of 16) from port B of cell tt_um_danieltyukov_int8_npu.$flatten\u_core.\u_array.\g_row[2].g_col[0].u_pe.\u_mul.\g_bw.g_wallace.u_tree.$or$/home/danieltyukov/workspace/personal/tt-ihp-int8-npu/src/npu_csa_reduce.sv:53$1838 ($or).
Removed top 7 bits (of 16) from port A of cell tt_um_danieltyukov_int8_npu.$flatten\u_core.\u_array.\g_row[2].g_col[0].u_pe.\u_mul.\g_bw.g_wallace.u_tree.$and$/home/danieltyukov/workspace/personal/tt-ihp-int8-npu/src/npu_csa_reduce.sv:53$1837 ($and).
Removed top 6 bits (of 16) from port B of cell tt_um_danieltyukov_int8_npu.$flatten\u_core.\u_array.\g_row[2].g_col[0].u_pe.\u_mul.\g_bw.g_wallace.u_tree.$and$/home/danieltyukov/workspace/personal/tt-ihp-int8-npu/src/npu_csa_reduce.sv:53$1837 ($and).
Removed top 6 bits (of 16) from port Y of cell tt_um_danieltyukov_int8_npu.$flatten\u_core.\u_array.\g_row[2].g_col[0].u_pe.\u_mul.\g_bw.g_wallace.u_tree.$and$/home/danieltyukov/workspace/personal/tt-ihp-int8-npu/src/npu_csa_reduce.sv:53$1837 ($and).
Removed top 1 bits (of 16) from port Y of cell tt_um_danieltyukov_int8_npu.$flatten\u_core.\u_array.\g_row[2].g_col[0].u_pe.\u_mul.\g_bw.g_wallace.u_tree.$or$/home/danieltyukov/workspace/personal/tt-ihp-int8-npu/src/npu_csa_reduce.sv:53$1836 ($or).
Removed top 1 bits (of 16) from port A of cell tt_um_danieltyukov_int8_npu.$flatten\u_core.\u_array.\g_row[2].g_col[0].u_pe.\u_mul.\g_bw.g_wallace.u_tree.$or$/home/danieltyukov/workspace/personal/tt-ihp-int8-npu/src/npu_csa_reduce.sv:53$1836 ($or).
Removed top 1 bits (of 16) from port B of cell tt_um_danieltyukov_int8_npu.$flatten\u_core.\u_array.\g_row[2].g_col[0].u_pe.\u_mul.\g_bw.g_wallace.u_tree.$or$/home/danieltyukov/workspace/personal/tt-ihp-int8-npu/src/npu_csa_reduce.sv:53$1836 ($or).
Removed top 8 bits (of 16) from port A of cell tt_um_danieltyukov_int8_npu.$flatten\u_core.\u_array.\g_row[2].g_col[0].u_pe.\u_mul.\g_bw.g_wallace.u_tree.$and$/home/danieltyukov/workspace/personal/tt-ihp-int8-npu/src/npu_csa_reduce.sv:53$1835 ($and).
Removed top 6 bits (of 16) from port B of cell tt_um_danieltyukov_int8_npu.$flatten\u_core.\u_array.\g_row[2].g_col[0].u_pe.\u_mul.\g_bw.g_wallace.u_tree.$and$/home/danieltyukov/workspace/personal/tt-ihp-int8-npu/src/npu_csa_reduce.sv:53$1835 ($and).
Removed top 6 bits (of 16) from port Y of cell tt_um_danieltyukov_int8_npu.$flatten\u_core.\u_array.\g_row[2].g_col[0].u_pe.\u_mul.\g_bw.g_wallace.u_tree.$and$/home/danieltyukov/workspace/personal/tt-ihp-int8-npu/src/npu_csa_reduce.sv:53$1835 ($and).
Removed top 8 bits (of 16) from port A of cell tt_um_danieltyukov_int8_npu.$flatten\u_core.\u_array.\g_row[2].g_col[0].u_pe.\u_mul.\g_bw.g_wallace.u_tree.$and$/home/danieltyukov/workspace/personal/tt-ihp-int8-npu/src/npu_csa_reduce.sv:53$1834 ($and).
Removed top 7 bits (of 16) from port B of cell tt_um_danieltyukov_int8_npu.$flatten\u_core.\u_array.\g_row[2].g_col[0].u_pe.\u_mul.\g_bw.g_wallace.u_tree.$and$/home/danieltyukov/workspace/personal/tt-ihp-int8-npu/src/npu_csa_reduce.sv:53$1834 ($and).
Removed top 7 bits (of 16) from port Y of cell tt_um_danieltyukov_int8_npu.$flatten\u_core.\u_array.\g_row[2].g_col[0].u_pe.\u_mul.\g_bw.g_wallace.u_tree.$and$/home/danieltyukov/workspace/personal/tt-ihp-int8-npu/src/npu_csa_reduce.sv:53$1834 ($and).
Removed top 7 bits (of 16) from port A of cell tt_um_danieltyukov_int8_npu.$flatten\u_core.\u_array.\g_row[2].g_col[0].u_pe.\u_mul.\g_bw.g_wallace.u_tree.$xor$/home/danieltyukov/workspace/personal/tt-ihp-int8-npu/src/npu_csa_reduce.sv:49$1833 ($xor).
Removed top 6 bits (of 16) from port B of cell tt_um_danieltyukov_int8_npu.$flatten\u_core.\u_array.\g_row[2].g_col[0].u_pe.\u_mul.\g_bw.g_wallace.u_tree.$xor$/home/danieltyukov/workspace/personal/tt-ihp-int8-npu/src/npu_csa_reduce.sv:49$1833 ($xor).
Removed top 6 bits (of 16) from port Y of cell tt_um_danieltyukov_int8_npu.$flatten\u_core.\u_array.\g_row[2].g_col[0].u_pe.\u_mul.\g_bw.g_wallace.u_tree.$xor$/home/danieltyukov/workspace/personal/tt-ihp-int8-npu/src/npu_csa_reduce.sv:49$1833 ($xor).
Removed top 1 bits (of 19) from port Y of cell tt_um_danieltyukov_int8_npu.$flatten\u_core.\u_array.\g_row[2].g_col[1].u_pe.\u_add.$and$/home/danieltyukov/workspace/personal/tt-ihp-int8-npu/src/npu_adder.sv:60$1699 ($and).
Removed top 1 bits (of 19) from port A of cell tt_um_danieltyukov_int8_npu.$flatten\u_core.\u_array.\g_row[2].g_col[1].u_pe.\u_add.$and$/home/danieltyukov/workspace/personal/tt-ihp-int8-npu/src/npu_adder.sv:60$1699 ($and).
Removed top 1 bits (of 19) from port B of cell tt_um_danieltyukov_int8_npu.$flatten\u_core.\u_array.\g_row[2].g_col[1].u_pe.\u_add.$and$/home/danieltyukov/workspace/personal/tt-ihp-int8-npu/src/npu_adder.sv:60$1699 ($and).
Removed top 8 bits (of 16) from port A of cell tt_um_danieltyukov_int8_npu.$flatten\u_core.\u_array.\g_row[2].g_col[1].u_pe.\u_mul.\g_bw.g_wallace.u_tree.$xor$/home/danieltyukov/workspace/personal/tt-ihp-int8-npu/src/npu_csa_reduce.sv:49$1832 ($xor).
Removed top 7 bits (of 16) from port B of cell tt_um_danieltyukov_int8_npu.$flatten\u_core.\u_array.\g_row[2].g_col[1].u_pe.\u_mul.\g_bw.g_wallace.u_tree.$xor$/home/danieltyukov/workspace/personal/tt-ihp-int8-npu/src/npu_csa_reduce.sv:49$1832 ($xor).
Removed top 7 bits (of 16) from port Y of cell tt_um_danieltyukov_int8_npu.$flatten\u_core.\u_array.\g_row[2].g_col[1].u_pe.\u_mul.\g_bw.g_wallace.u_tree.$xor$/home/danieltyukov/workspace/personal/tt-ihp-int8-npu/src/npu_csa_reduce.sv:49$1832 ($xor).
Removed top 1 bits (of 16) from port Y of cell tt_um_danieltyukov_int8_npu.$flatten\u_core.\u_array.\g_row[2].g_col[1].u_pe.\u_mul.\u_cpa.$and$/home/danieltyukov/workspace/personal/tt-ihp-int8-npu/src/npu_adder.sv:60$1855 ($and).
Removed top 1 bits (of 16) from port A of cell tt_um_danieltyukov_int8_npu.$flatten\u_core.\u_array.\g_row[2].g_col[1].u_pe.\u_mul.\u_cpa.$and$/home/danieltyukov/workspace/personal/tt-ihp-int8-npu/src/npu_adder.sv:60$1855 ($and).
Removed top 1 bits (of 16) from port B of cell tt_um_danieltyukov_int8_npu.$flatten\u_core.\u_array.\g_row[2].g_col[1].u_pe.\u_mul.\u_cpa.$and$/home/danieltyukov/workspace/personal/tt-ihp-int8-npu/src/npu_adder.sv:60$1855 ($and).
Removed top 1 bits (of 16) from port Y of cell tt_um_danieltyukov_int8_npu.$flatten\u_core.\u_array.\g_row[2].g_col[1].u_pe.\u_mul.\g_bw.g_wallace.u_tree.\genblk1.g_reduce.u_next.$or$/home/danieltyukov/workspace/personal/tt-ihp-int8-npu/src/npu_csa_reduce.sv:53$1964 ($or).
Removed top 1 bits (of 16) from port A of cell tt_um_danieltyukov_int8_npu.$flatten\u_core.\u_array.\g_row[2].g_col[1].u_pe.\u_mul.\g_bw.g_wallace.u_tree.\genblk1.g_reduce.u_next.$or$/home/danieltyukov/workspace/personal/tt-ihp-int8-npu/src/npu_csa_reduce.sv:53$1964 ($or).
Removed top 1 bits (of 16) from port B of cell tt_um_danieltyukov_int8_npu.$flatten\u_core.\u_array.\g_row[2].g_col[1].u_pe.\u_mul.\g_bw.g_wallace.u_tree.\genblk1.g_reduce.u_next.$or$/home/danieltyukov/workspace/personal/tt-ihp-int8-npu/src/npu_csa_reduce.sv:53$1964 ($or).
Removed top 1 bits (of 16) from port Y of cell tt_um_danieltyukov_int8_npu.$flatten\u_core.\u_array.\g_row[2].g_col[1].u_pe.\u_mul.\g_bw.g_wallace.u_tree.\genblk1.g_reduce.u_next.$or$/home/danieltyukov/workspace/personal/tt-ihp-int8-npu/src/npu_csa_reduce.sv:53$1971 ($or).
Removed top 1 bits (of 16) from port A of cell tt_um_danieltyukov_int8_npu.$flatten\u_core.\u_array.\g_row[2].g_col[1].u_pe.\u_mul.\g_bw.g_wallace.u_tree.\genblk1.g_reduce.u_next.$or$/home/danieltyukov/workspace/personal/tt-ihp-int8-npu/src/npu_csa_reduce.sv:53$1971 ($or).
Removed top 1 bits (of 16) from port B of cell tt_um_danieltyukov_int8_npu.$flatten\u_core.\u_array.\g_row[2].g_col[1].u_pe.\u_mul.\g_bw.g_wallace.u_tree.\genblk1.g_reduce.u_next.$or$/home/danieltyukov/workspace/personal/tt-ihp-int8-npu/src/npu_csa_reduce.sv:53$1971 ($or).
Removed top 1 bits (of 16) from port Y of cell tt_um_danieltyukov_int8_npu.$flatten\u_core.\u_array.\g_row[2].g_col[1].u_pe.\u_mul.\g_bw.g_wallace.u_tree.\genblk1.g_reduce.u_next.\genblk1.g_reduce.u_next.\genblk1.g_reduce.u_next.$or$/home/danieltyukov/workspace/personal/tt-ihp-int8-npu/src/npu_csa_reduce.sv:53$1830 ($or).
Removed top 1 bits (of 16) from port A of cell tt_um_danieltyukov_int8_npu.$flatten\u_core.\u_array.\g_row[2].g_col[1].u_pe.\u_mul.\g_bw.g_wallace.u_tree.\genblk1.g_reduce.u_next.\genblk1.g_reduce.u_next.\genblk1.g_reduce.u_next.$or$/home/danieltyukov/workspace/personal/tt-ihp-int8-npu/src/npu_csa_reduce.sv:53$1830 ($or).
Removed top 1 bits (of 16) from port B of cell tt_um_danieltyukov_int8_npu.$flatten\u_core.\u_array.\g_row[2].g_col[1].u_pe.\u_mul.\g_bw.g_wallace.u_tree.\genblk1.g_reduce.u_next.\genblk1.g_reduce.u_next.\genblk1.g_reduce.u_next.$or$/home/danieltyukov/workspace/personal/tt-ihp-int8-npu/src/npu_csa_reduce.sv:53$1830 ($or).
Removed top 1 bits (of 16) from port Y of cell tt_um_danieltyukov_int8_npu.$flatten\u_core.\u_array.\g_row[2].g_col[1].u_pe.\u_mul.\g_bw.g_wallace.u_tree.\genblk1.g_reduce.u_next.\genblk1.g_reduce.u_next.$or$/home/danieltyukov/workspace/personal/tt-ihp-int8-npu/src/npu_csa_reduce.sv:53$1979 ($or).
Removed top 1 bits (of 16) from port A of cell tt_um_danieltyukov_int8_npu.$flatten\u_core.\u_array.\g_row[2].g_col[1].u_pe.\u_mul.\g_bw.g_wallace.u_tree.\genblk1.g_reduce.u_next.\genblk1.g_reduce.u_next.$or$/home/danieltyukov/workspace/personal/tt-ihp-int8-npu/src/npu_csa_reduce.sv:53$1979 ($or).
Removed top 1 bits (of 16) from port B of cell tt_um_danieltyukov_int8_npu.$flatten\u_core.\u_array.\g_row[2].g_col[1].u_pe.\u_mul.\g_bw.g_wallace.u_tree.\genblk1.g_reduce.u_next.\genblk1.g_reduce.u_next.$or$/home/danieltyukov/workspace/personal/tt-ihp-int8-npu/src/npu_csa_reduce.sv:53$1979 ($or).
Removed top 1 bits (of 16) from port Y of cell tt_um_danieltyukov_int8_npu.$flatten\u_core.\u_array.\g_row[2].g_col[1].u_pe.\u_mul.\g_bw.g_wallace.u_tree.\genblk1.g_reduce.u_next.\genblk1.g_reduce.u_next.$and$/home/danieltyukov/workspace/personal/tt-ihp-int8-npu/src/npu_csa_reduce.sv:53$1978 ($and).
Removed top 1 bits (of 16) from port A of cell tt_um_danieltyukov_int8_npu.$flatten\u_core.\u_array.\g_row[2].g_col[1].u_pe.\u_mul.\g_bw.g_wallace.u_tree.\genblk1.g_reduce.u_next.\genblk1.g_reduce.u_next.$and$/home/danieltyukov/workspace/personal/tt-ihp-int8-npu/src/npu_csa_reduce.sv:53$1978 ($and).
Removed top 1 bits (of 16) from port B of cell tt_um_danieltyukov_int8_npu.$flatten\u_core.\u_array.\g_row[2].g_col[1].u_pe.\u_mul.\g_bw.g_wallace.u_tree.\genblk1.g_reduce.u_next.\genblk1.g_reduce.u_next.$and$/home/danieltyukov/workspace/personal/tt-ihp-int8-npu/src/npu_csa_reduce.sv:53$1978 ($and).
Removed top 1 bits (of 16) from port Y of cell tt_um_danieltyukov_int8_npu.$flatten\u_core.\u_array.\g_row[2].g_col[1].u_pe.\u_mul.\g_bw.g_wallace.u_tree.\genblk1.g_reduce.u_next.\genblk1.g_reduce.u_next.$or$/home/danieltyukov/workspace/personal/tt-ihp-int8-npu/src/npu_csa_reduce.sv:53$1977 ($or).
Removed top 1 bits (of 16) from port A of cell tt_um_danieltyukov_int8_npu.$flatten\u_core.\u_array.\g_row[2].g_col[1].u_pe.\u_mul.\g_bw.g_wallace.u_tree.\genblk1.g_reduce.u_next.\genblk1.g_reduce.u_next.$or$/home/danieltyukov/workspace/personal/tt-ihp-int8-npu/src/npu_csa_reduce.sv:53$1977 ($or).
Removed top 1 bits (of 16) from port B of cell tt_um_danieltyukov_int8_npu.$flatten\u_core.\u_array.\g_row[2].g_col[1].u_pe.\u_mul.\g_bw.g_wallace.u_tree.\genblk1.g_reduce.u_next.\genblk1.g_reduce.u_next.$or$/home/danieltyukov/workspace/personal/tt-ihp-int8-npu/src/npu_csa_reduce.sv:53$1977 ($or).
Removed top 1 bits (of 16) from port Y of cell tt_um_danieltyukov_int8_npu.$flatten\u_core.\u_array.\g_row[2].g_col[1].u_pe.\u_mul.\g_bw.g_wallace.u_tree.\genblk1.g_reduce.u_next.\genblk1.g_reduce.u_next.$and$/home/danieltyukov/workspace/personal/tt-ihp-int8-npu/src/npu_csa_reduce.sv:53$1976 ($and).
Removed top 1 bits (of 16) from port A of cell tt_um_danieltyukov_int8_npu.$flatten\u_core.\u_array.\g_row[2].g_col[1].u_pe.\u_mul.\g_bw.g_wallace.u_tree.\genblk1.g_reduce.u_next.\genblk1.g_reduce.u_next.$and$/home/danieltyukov/workspace/personal/tt-ihp-int8-npu/src/npu_csa_reduce.sv:53$1976 ($and).
Removed top 1 bits (of 16) from port B of cell tt_um_danieltyukov_int8_npu.$flatten\u_core.\u_array.\g_row[2].g_col[1].u_pe.\u_mul.\g_bw.g_wallace.u_tree.\genblk1.g_reduce.u_next.\genblk1.g_reduce.u_next.$and$/home/danieltyukov/workspace/personal/tt-ihp-int8-npu/src/npu_csa_reduce.sv:53$1976 ($and).
Removed top 1 bits (of 16) from port Y of cell tt_um_danieltyukov_int8_npu.$flatten\u_core.\u_array.\g_row[2].g_col[1].u_pe.\u_mul.\g_bw.g_wallace.u_tree.\genblk1.g_reduce.u_next.\genblk1.g_reduce.u_next.$and$/home/danieltyukov/workspace/personal/tt-ihp-int8-npu/src/npu_csa_reduce.sv:53$1975 ($and).
Removed top 1 bits (of 16) from port A of cell tt_um_danieltyukov_int8_npu.$flatten\u_core.\u_array.\g_row[2].g_col[1].u_pe.\u_mul.\g_bw.g_wallace.u_tree.\genblk1.g_reduce.u_next.\genblk1.g_reduce.u_next.$and$/home/danieltyukov/workspace/personal/tt-ihp-int8-npu/src/npu_csa_reduce.sv:53$1975 ($and).
Removed top 1 bits (of 16) from port B of cell tt_um_danieltyukov_int8_npu.$flatten\u_core.\u_array.\g_row[2].g_col[1].u_pe.\u_mul.\g_bw.g_wallace.u_tree.\genblk1.g_reduce.u_next.\genblk1.g_reduce.u_next.$and$/home/danieltyukov/workspace/personal/tt-ihp-int8-npu/src/npu_csa_reduce.sv:53$1975 ($and).
Removed top 7 bits (of 16) from port B of cell tt_um_danieltyukov_int8_npu.$flatten\u_core.\u_array.\g_row[2].g_col[1].u_pe.\u_mul.\g_bw.g_wallace.u_tree.$or$/home/danieltyukov/workspace/personal/tt-ihp-int8-npu/src/npu_csa_reduce.sv:53$1852 ($or).
Removed top 1 bits (of 16) from port Y of cell tt_um_danieltyukov_int8_npu.$flatten\u_core.\u_array.\g_row[2].g_col[1].u_pe.\u_mul.\g_bw.g_wallace.u_tree.$or$/home/danieltyukov/workspace/personal/tt-ihp-int8-npu/src/npu_csa_reduce.sv:53$1852 ($or).
Removed top 1 bits (of 16) from port A of cell tt_um_danieltyukov_int8_npu.$flatten\u_core.\u_array.\g_row[2].g_col[1].u_pe.\u_mul.\g_bw.g_wallace.u_tree.$or$/home/danieltyukov/workspace/personal/tt-ihp-int8-npu/src/npu_csa_reduce.sv:53$1852 ($or).
Removed top 7 bits (of 16) from port B of cell tt_um_danieltyukov_int8_npu.$flatten\u_core.\u_array.\g_row[2].g_col[1].u_pe.\u_mul.\g_bw.g_wallace.u_tree.$or$/home/danieltyukov/workspace/personal/tt-ihp-int8-npu/src/npu_csa_reduce.sv:53$1850 ($or).
Removed top 1 bits (of 16) from port Y of cell tt_um_danieltyukov_int8_npu.$flatten\u_core.\u_array.\g_row[2].g_col[1].u_pe.\u_mul.\g_bw.g_wallace.u_tree.$or$/home/danieltyukov/workspace/personal/tt-ihp-int8-npu/src/npu_csa_reduce.sv:53$1850 ($or).
Removed top 1 bits (of 16) from port A of cell tt_um_danieltyukov_int8_npu.$flatten\u_core.\u_array.\g_row[2].g_col[1].u_pe.\u_mul.\g_bw.g_wallace.u_tree.$or$/home/danieltyukov/workspace/personal/tt-ihp-int8-npu/src/npu_csa_reduce.sv:53$1850 ($or).
Removed top 2 bits (of 16) from port A of cell tt_um_danieltyukov_int8_npu.$flatten\u_core.\u_array.\g_row[2].g_col[1].u_pe.\u_mul.\g_bw.g_wallace.u_tree.$and$/home/danieltyukov/workspace/personal/tt-ihp-int8-npu/src/npu_csa_reduce.sv:53$1848 ($and).
Removed top 1 bits (of 16) from port B of cell tt_um_danieltyukov_int8_npu.$flatten\u_core.\u_array.\g_row[2].g_col[1].u_pe.\u_mul.\g_bw.g_wallace.u_tree.$and$/home/danieltyukov/workspace/personal/tt-ihp-int8-npu/src/npu_csa_reduce.sv:53$1848 ($and).
Removed top 1 bits (of 16) from port Y of cell tt_um_danieltyukov_int8_npu.$flatten\u_core.\u_array.\g_row[2].g_col[1].u_pe.\u_mul.\g_bw.g_wallace.u_tree.$and$/home/danieltyukov/workspace/personal/tt-ihp-int8-npu/src/npu_csa_reduce.sv:53$1848 ($and).
Removed top 2 bits (of 16) from port A of cell tt_um_danieltyukov_int8_npu.$flatten\u_core.\u_array.\g_row[2].g_col[1].u_pe.\u_mul.\g_bw.g_wallace.u_tree.$xor$/home/danieltyukov/workspace/personal/tt-ihp-int8-npu/src/npu_csa_reduce.sv:49$1846 ($xor).
Removed top 1 bits (of 16) from port B of cell tt_um_danieltyukov_int8_npu.$flatten\u_core.\u_array.\g_row[2].g_col[1].u_pe.\u_mul.\g_bw.g_wallace.u_tree.$xor$/home/danieltyukov/workspace/personal/tt-ihp-int8-npu/src/npu_csa_reduce.sv:49$1846 ($xor).
Removed top 1 bits (of 16) from port Y of cell tt_um_danieltyukov_int8_npu.$flatten\u_core.\u_array.\g_row[2].g_col[1].u_pe.\u_mul.\g_bw.g_wallace.u_tree.$xor$/home/danieltyukov/workspace/personal/tt-ihp-int8-npu/src/npu_csa_reduce.sv:49$1846 ($xor).
Removed top 1 bits (of 16) from port Y of cell tt_um_danieltyukov_int8_npu.$flatten\u_core.\u_array.\g_row[2].g_col[1].u_pe.\u_mul.\g_bw.g_wallace.u_tree.$or$/home/danieltyukov/workspace/personal/tt-ihp-int8-npu/src/npu_csa_reduce.sv:53$1845 ($or).
Removed top 1 bits (of 16) from port A of cell tt_um_danieltyukov_int8_npu.$flatten\u_core.\u_array.\g_row[2].g_col[1].u_pe.\u_mul.\g_bw.g_wallace.u_tree.$or$/home/danieltyukov/workspace/personal/tt-ihp-int8-npu/src/npu_csa_reduce.sv:53$1845 ($or).
Removed top 1 bits (of 16) from port B of cell tt_um_danieltyukov_int8_npu.$flatten\u_core.\u_array.\g_row[2].g_col[1].u_pe.\u_mul.\g_bw.g_wallace.u_tree.$or$/home/danieltyukov/workspace/personal/tt-ihp-int8-npu/src/npu_csa_reduce.sv:53$1845 ($or).
Removed top 4 bits (of 16) from port A of cell tt_um_danieltyukov_int8_npu.$flatten\u_core.\u_array.\g_row[2].g_col[1].u_pe.\u_mul.\g_bw.g_wallace.u_tree.$and$/home/danieltyukov/workspace/personal/tt-ihp-int8-npu/src/npu_csa_reduce.sv:53$1844 ($and).
Removed top 3 bits (of 16) from port B of cell tt_um_danieltyukov_int8_npu.$flatten\u_core.\u_array.\g_row[2].g_col[1].u_pe.\u_mul.\g_bw.g_wallace.u_tree.$and$/home/danieltyukov/workspace/personal/tt-ihp-int8-npu/src/npu_csa_reduce.sv:53$1844 ($and).
Removed top 3 bits (of 16) from port Y of cell tt_um_danieltyukov_int8_npu.$flatten\u_core.\u_array.\g_row[2].g_col[1].u_pe.\u_mul.\g_bw.g_wallace.u_tree.$and$/home/danieltyukov/workspace/personal/tt-ihp-int8-npu/src/npu_csa_reduce.sv:53$1844 ($and).
Removed top 1 bits (of 16) from port Y of cell tt_um_danieltyukov_int8_npu.$flatten\u_core.\u_array.\g_row[2].g_col[1].u_pe.\u_mul.\g_bw.g_wallace.u_tree.$or$/home/danieltyukov/workspace/personal/tt-ihp-int8-npu/src/npu_csa_reduce.sv:53$1843 ($or).
Removed top 1 bits (of 16) from port A of cell tt_um_danieltyukov_int8_npu.$flatten\u_core.\u_array.\g_row[2].g_col[1].u_pe.\u_mul.\g_bw.g_wallace.u_tree.$or$/home/danieltyukov/workspace/personal/tt-ihp-int8-npu/src/npu_csa_reduce.sv:53$1843 ($or).
Removed top 1 bits (of 16) from port B of cell tt_um_danieltyukov_int8_npu.$flatten\u_core.\u_array.\g_row[2].g_col[1].u_pe.\u_mul.\g_bw.g_wallace.u_tree.$or$/home/danieltyukov/workspace/personal/tt-ihp-int8-npu/src/npu_csa_reduce.sv:53$1843 ($or).
Removed top 5 bits (of 16) from port A of cell tt_um_danieltyukov_int8_npu.$flatten\u_core.\u_array.\g_row[2].g_col[1].u_pe.\u_mul.\g_bw.g_wallace.u_tree.$and$/home/danieltyukov/workspace/personal/tt-ihp-int8-npu/src/npu_csa_reduce.sv:53$1842 ($and).
Removed top 3 bits (of 16) from port B of cell tt_um_danieltyukov_int8_npu.$flatten\u_core.\u_array.\g_row[2].g_col[1].u_pe.\u_mul.\g_bw.g_wallace.u_tree.$and$/home/danieltyukov/workspace/personal/tt-ihp-int8-npu/src/npu_csa_reduce.sv:53$1842 ($and).
Removed top 3 bits (of 16) from port Y of cell tt_um_danieltyukov_int8_npu.$flatten\u_core.\u_array.\g_row[2].g_col[1].u_pe.\u_mul.\g_bw.g_wallace.u_tree.$and$/home/danieltyukov/workspace/personal/tt-ihp-int8-npu/src/npu_csa_reduce.sv:53$1842 ($and).
Removed top 5 bits (of 16) from port A of cell tt_um_danieltyukov_int8_npu.$flatten\u_core.\u_array.\g_row[2].g_col[1].u_pe.\u_mul.\g_bw.g_wallace.u_tree.$and$/home/danieltyukov/workspace/personal/tt-ihp-int8-npu/src/npu_csa_reduce.sv:53$1841 ($and).
Removed top 4 bits (of 16) from port B of cell tt_um_danieltyukov_int8_npu.$flatten\u_core.\u_array.\g_row[2].g_col[1].u_pe.\u_mul.\g_bw.g_wallace.u_tree.$and$/home/danieltyukov/workspace/personal/tt-ihp-int8-npu/src/npu_csa_reduce.sv:53$1841 ($and).
Removed top 4 bits (of 16) from port Y of cell tt_um_danieltyukov_int8_npu.$flatten\u_core.\u_array.\g_row[2].g_col[1].u_pe.\u_mul.\g_bw.g_wallace.u_tree.$and$/home/danieltyukov/workspace/personal/tt-ihp-int8-npu/src/npu_csa_reduce.sv:53$1841 ($and).
Removed top 3 bits (of 16) from port B of cell tt_um_danieltyukov_int8_npu.$flatten\u_core.\u_array.\g_row[2].g_col[1].u_pe.\u_mul.\g_bw.g_wallace.u_tree.$xor$/home/danieltyukov/workspace/personal/tt-ihp-int8-npu/src/npu_csa_reduce.sv:49$1840 ($xor).
Removed top 5 bits (of 16) from port A of cell tt_um_danieltyukov_int8_npu.$flatten\u_core.\u_array.\g_row[2].g_col[1].u_pe.\u_mul.\g_bw.g_wallace.u_tree.$xor$/home/danieltyukov/workspace/personal/tt-ihp-int8-npu/src/npu_csa_reduce.sv:49$1839 ($xor).
Removed top 4 bits (of 16) from port B of cell tt_um_danieltyukov_int8_npu.$flatten\u_core.\u_array.\g_row[2].g_col[1].u_pe.\u_mul.\g_bw.g_wallace.u_tree.$xor$/home/danieltyukov/workspace/personal/tt-ihp-int8-npu/src/npu_csa_reduce.sv:49$1839 ($xor).
Removed top 4 bits (of 16) from port Y of cell tt_um_danieltyukov_int8_npu.$flatten\u_core.\u_array.\g_row[2].g_col[1].u_pe.\u_mul.\g_bw.g_wallace.u_tree.$xor$/home/danieltyukov/workspace/personal/tt-ihp-int8-npu/src/npu_csa_reduce.sv:49$1839 ($xor).
Removed top 1 bits (of 16) from port Y of cell tt_um_danieltyukov_int8_npu.$flatten\u_core.\u_array.\g_row[2].g_col[1].u_pe.\u_mul.\g_bw.g_wallace.u_tree.$or$/home/danieltyukov/workspace/personal/tt-ihp-int8-npu/src/npu_csa_reduce.sv:53$1838 ($or).
Removed top 1 bits (of 16) from port A of cell tt_um_danieltyukov_int8_npu.$flatten\u_core.\u_array.\g_row[2].g_col[1].u_pe.\u_mul.\g_bw.g_wallace.u_tree.$or$/home/danieltyukov/workspace/personal/tt-ihp-int8-npu/src/npu_csa_reduce.sv:53$1838 ($or).
Removed top 1 bits (of 16) from port B of cell tt_um_danieltyukov_int8_npu.$flatten\u_core.\u_array.\g_row[2].g_col[1].u_pe.\u_mul.\g_bw.g_wallace.u_tree.$or$/home/danieltyukov/workspace/personal/tt-ihp-int8-npu/src/npu_csa_reduce.sv:53$1838 ($or).
Removed top 7 bits (of 16) from port A of cell tt_um_danieltyukov_int8_npu.$flatten\u_core.\u_array.\g_row[2].g_col[1].u_pe.\u_mul.\g_bw.g_wallace.u_tree.$and$/home/danieltyukov/workspace/personal/tt-ihp-int8-npu/src/npu_csa_reduce.sv:53$1837 ($and).
Removed top 6 bits (of 16) from port B of cell tt_um_danieltyukov_int8_npu.$flatten\u_core.\u_array.\g_row[2].g_col[1].u_pe.\u_mul.\g_bw.g_wallace.u_tree.$and$/home/danieltyukov/workspace/personal/tt-ihp-int8-npu/src/npu_csa_reduce.sv:53$1837 ($and).
Removed top 6 bits (of 16) from port Y of cell tt_um_danieltyukov_int8_npu.$flatten\u_core.\u_array.\g_row[2].g_col[1].u_pe.\u_mul.\g_bw.g_wallace.u_tree.$and$/home/danieltyukov/workspace/personal/tt-ihp-int8-npu/src/npu_csa_reduce.sv:53$1837 ($and).
Removed top 1 bits (of 16) from port Y of cell tt_um_danieltyukov_int8_npu.$flatten\u_core.\u_array.\g_row[2].g_col[1].u_pe.\u_mul.\g_bw.g_wallace.u_tree.$or$/home/danieltyukov/workspace/personal/tt-ihp-int8-npu/src/npu_csa_reduce.sv:53$1836 ($or).
Removed top 1 bits (of 16) from port A of cell tt_um_danieltyukov_int8_npu.$flatten\u_core.\u_array.\g_row[2].g_col[1].u_pe.\u_mul.\g_bw.g_wallace.u_tree.$or$/home/danieltyukov/workspace/personal/tt-ihp-int8-npu/src/npu_csa_reduce.sv:53$1836 ($or).
Removed top 1 bits (of 16) from port B of cell tt_um_danieltyukov_int8_npu.$flatten\u_core.\u_array.\g_row[2].g_col[1].u_pe.\u_mul.\g_bw.g_wallace.u_tree.$or$/home/danieltyukov/workspace/personal/tt-ihp-int8-npu/src/npu_csa_reduce.sv:53$1836 ($or).
Removed top 8 bits (of 16) from port A of cell tt_um_danieltyukov_int8_npu.$flatten\u_core.\u_array.\g_row[2].g_col[1].u_pe.\u_mul.\g_bw.g_wallace.u_tree.$and$/home/danieltyukov/workspace/personal/tt-ihp-int8-npu/src/npu_csa_reduce.sv:53$1835 ($and).
Removed top 6 bits (of 16) from port B of cell tt_um_danieltyukov_int8_npu.$flatten\u_core.\u_array.\g_row[2].g_col[1].u_pe.\u_mul.\g_bw.g_wallace.u_tree.$and$/home/danieltyukov/workspace/personal/tt-ihp-int8-npu/src/npu_csa_reduce.sv:53$1835 ($and).
Removed top 6 bits (of 16) from port Y of cell tt_um_danieltyukov_int8_npu.$flatten\u_core.\u_array.\g_row[2].g_col[1].u_pe.\u_mul.\g_bw.g_wallace.u_tree.$and$/home/danieltyukov/workspace/personal/tt-ihp-int8-npu/src/npu_csa_reduce.sv:53$1835 ($and).
Removed top 8 bits (of 16) from port A of cell tt_um_danieltyukov_int8_npu.$flatten\u_core.\u_array.\g_row[2].g_col[1].u_pe.\u_mul.\g_bw.g_wallace.u_tree.$and$/home/danieltyukov/workspace/personal/tt-ihp-int8-npu/src/npu_csa_reduce.sv:53$1834 ($and).
Removed top 7 bits (of 16) from port B of cell tt_um_danieltyukov_int8_npu.$flatten\u_core.\u_array.\g_row[2].g_col[1].u_pe.\u_mul.\g_bw.g_wallace.u_tree.$and$/home/danieltyukov/workspace/personal/tt-ihp-int8-npu/src/npu_csa_reduce.sv:53$1834 ($and).
Removed top 7 bits (of 16) from port Y of cell tt_um_danieltyukov_int8_npu.$flatten\u_core.\u_array.\g_row[2].g_col[1].u_pe.\u_mul.\g_bw.g_wallace.u_tree.$and$/home/danieltyukov/workspace/personal/tt-ihp-int8-npu/src/npu_csa_reduce.sv:53$1834 ($and).
Removed top 7 bits (of 16) from port A of cell tt_um_danieltyukov_int8_npu.$flatten\u_core.\u_array.\g_row[2].g_col[1].u_pe.\u_mul.\g_bw.g_wallace.u_tree.$xor$/home/danieltyukov/workspace/personal/tt-ihp-int8-npu/src/npu_csa_reduce.sv:49$1833 ($xor).
Removed top 6 bits (of 16) from port B of cell tt_um_danieltyukov_int8_npu.$flatten\u_core.\u_array.\g_row[2].g_col[1].u_pe.\u_mul.\g_bw.g_wallace.u_tree.$xor$/home/danieltyukov/workspace/personal/tt-ihp-int8-npu/src/npu_csa_reduce.sv:49$1833 ($xor).
Removed top 6 bits (of 16) from port Y of cell tt_um_danieltyukov_int8_npu.$flatten\u_core.\u_array.\g_row[2].g_col[1].u_pe.\u_mul.\g_bw.g_wallace.u_tree.$xor$/home/danieltyukov/workspace/personal/tt-ihp-int8-npu/src/npu_csa_reduce.sv:49$1833 ($xor).
Removed top 1 bits (of 19) from port Y of cell tt_um_danieltyukov_int8_npu.$flatten\u_core.\u_array.\g_row[3].g_col[0].u_pe.\u_add.$and$/home/danieltyukov/workspace/personal/tt-ihp-int8-npu/src/npu_adder.sv:60$1699 ($and).
Removed top 1 bits (of 19) from port A of cell tt_um_danieltyukov_int8_npu.$flatten\u_core.\u_array.\g_row[3].g_col[0].u_pe.\u_add.$and$/home/danieltyukov/workspace/personal/tt-ihp-int8-npu/src/npu_adder.sv:60$1699 ($and).
Removed top 1 bits (of 19) from port B of cell tt_um_danieltyukov_int8_npu.$flatten\u_core.\u_array.\g_row[3].g_col[0].u_pe.\u_add.$and$/home/danieltyukov/workspace/personal/tt-ihp-int8-npu/src/npu_adder.sv:60$1699 ($and).
Removed top 8 bits (of 16) from port A of cell tt_um_danieltyukov_int8_npu.$flatten\u_core.\u_array.\g_row[3].g_col[0].u_pe.\u_mul.\g_bw.g_wallace.u_tree.$xor$/home/danieltyukov/workspace/personal/tt-ihp-int8-npu/src/npu_csa_reduce.sv:49$1832 ($xor).
Removed top 7 bits (of 16) from port B of cell tt_um_danieltyukov_int8_npu.$flatten\u_core.\u_array.\g_row[3].g_col[0].u_pe.\u_mul.\g_bw.g_wallace.u_tree.$xor$/home/danieltyukov/workspace/personal/tt-ihp-int8-npu/src/npu_csa_reduce.sv:49$1832 ($xor).
Removed top 7 bits (of 16) from port Y of cell tt_um_danieltyukov_int8_npu.$flatten\u_core.\u_array.\g_row[3].g_col[0].u_pe.\u_mul.\g_bw.g_wallace.u_tree.$xor$/home/danieltyukov/workspace/personal/tt-ihp-int8-npu/src/npu_csa_reduce.sv:49$1832 ($xor).
Removed top 1 bits (of 16) from port Y of cell tt_um_danieltyukov_int8_npu.$flatten\u_core.\u_array.\g_row[3].g_col[0].u_pe.\u_mul.\u_cpa.$and$/home/danieltyukov/workspace/personal/tt-ihp-int8-npu/src/npu_adder.sv:60$1855 ($and).
Removed top 1 bits (of 16) from port A of cell tt_um_danieltyukov_int8_npu.$flatten\u_core.\u_array.\g_row[3].g_col[0].u_pe.\u_mul.\u_cpa.$and$/home/danieltyukov/workspace/personal/tt-ihp-int8-npu/src/npu_adder.sv:60$1855 ($and).
Removed top 1 bits (of 16) from port B of cell tt_um_danieltyukov_int8_npu.$flatten\u_core.\u_array.\g_row[3].g_col[0].u_pe.\u_mul.\u_cpa.$and$/home/danieltyukov/workspace/personal/tt-ihp-int8-npu/src/npu_adder.sv:60$1855 ($and).
Removed top 1 bits (of 16) from port Y of cell tt_um_danieltyukov_int8_npu.$flatten\u_core.\u_array.\g_row[3].g_col[0].u_pe.\u_mul.\g_bw.g_wallace.u_tree.\genblk1.g_reduce.u_next.$or$/home/danieltyukov/workspace/personal/tt-ihp-int8-npu/src/npu_csa_reduce.sv:53$1964 ($or).
Removed top 1 bits (of 16) from port A of cell tt_um_danieltyukov_int8_npu.$flatten\u_core.\u_array.\g_row[3].g_col[0].u_pe.\u_mul.\g_bw.g_wallace.u_tree.\genblk1.g_reduce.u_next.$or$/home/danieltyukov/workspace/personal/tt-ihp-int8-npu/src/npu_csa_reduce.sv:53$1964 ($or).
Removed top 1 bits (of 16) from port B of cell tt_um_danieltyukov_int8_npu.$flatten\u_core.\u_array.\g_row[3].g_col[0].u_pe.\u_mul.\g_bw.g_wallace.u_tree.\genblk1.g_reduce.u_next.$or$/home/danieltyukov/workspace/personal/tt-ihp-int8-npu/src/npu_csa_reduce.sv:53$1964 ($or).
Removed top 1 bits (of 16) from port Y of cell tt_um_danieltyukov_int8_npu.$flatten\u_core.\u_array.\g_row[3].g_col[0].u_pe.\u_mul.\g_bw.g_wallace.u_tree.\genblk1.g_reduce.u_next.$or$/home/danieltyukov/workspace/personal/tt-ihp-int8-npu/src/npu_csa_reduce.sv:53$1971 ($or).
Removed top 1 bits (of 16) from port A of cell tt_um_danieltyukov_int8_npu.$flatten\u_core.\u_array.\g_row[3].g_col[0].u_pe.\u_mul.\g_bw.g_wallace.u_tree.\genblk1.g_reduce.u_next.$or$/home/danieltyukov/workspace/personal/tt-ihp-int8-npu/src/npu_csa_reduce.sv:53$1971 ($or).
Removed top 1 bits (of 16) from port B of cell tt_um_danieltyukov_int8_npu.$flatten\u_core.\u_array.\g_row[3].g_col[0].u_pe.\u_mul.\g_bw.g_wallace.u_tree.\genblk1.g_reduce.u_next.$or$/home/danieltyukov/workspace/personal/tt-ihp-int8-npu/src/npu_csa_reduce.sv:53$1971 ($or).
Removed top 1 bits (of 16) from port Y of cell tt_um_danieltyukov_int8_npu.$flatten\u_core.\u_array.\g_row[3].g_col[0].u_pe.\u_mul.\g_bw.g_wallace.u_tree.\genblk1.g_reduce.u_next.\genblk1.g_reduce.u_next.\genblk1.g_reduce.u_next.$or$/home/danieltyukov/workspace/personal/tt-ihp-int8-npu/src/npu_csa_reduce.sv:53$1830 ($or).
Removed top 1 bits (of 16) from port A of cell tt_um_danieltyukov_int8_npu.$flatten\u_core.\u_array.\g_row[3].g_col[0].u_pe.\u_mul.\g_bw.g_wallace.u_tree.\genblk1.g_reduce.u_next.\genblk1.g_reduce.u_next.\genblk1.g_reduce.u_next.$or$/home/danieltyukov/workspace/personal/tt-ihp-int8-npu/src/npu_csa_reduce.sv:53$1830 ($or).
Removed top 1 bits (of 16) from port B of cell tt_um_danieltyukov_int8_npu.$flatten\u_core.\u_array.\g_row[3].g_col[0].u_pe.\u_mul.\g_bw.g_wallace.u_tree.\genblk1.g_reduce.u_next.\genblk1.g_reduce.u_next.\genblk1.g_reduce.u_next.$or$/home/danieltyukov/workspace/personal/tt-ihp-int8-npu/src/npu_csa_reduce.sv:53$1830 ($or).
Removed top 1 bits (of 16) from port Y of cell tt_um_danieltyukov_int8_npu.$flatten\u_core.\u_array.\g_row[3].g_col[0].u_pe.\u_mul.\g_bw.g_wallace.u_tree.\genblk1.g_reduce.u_next.\genblk1.g_reduce.u_next.$or$/home/danieltyukov/workspace/personal/tt-ihp-int8-npu/src/npu_csa_reduce.sv:53$1979 ($or).
Removed top 1 bits (of 16) from port A of cell tt_um_danieltyukov_int8_npu.$flatten\u_core.\u_array.\g_row[3].g_col[0].u_pe.\u_mul.\g_bw.g_wallace.u_tree.\genblk1.g_reduce.u_next.\genblk1.g_reduce.u_next.$or$/home/danieltyukov/workspace/personal/tt-ihp-int8-npu/src/npu_csa_reduce.sv:53$1979 ($or).
Removed top 1 bits (of 16) from port B of cell tt_um_danieltyukov_int8_npu.$flatten\u_core.\u_array.\g_row[3].g_col[0].u_pe.\u_mul.\g_bw.g_wallace.u_tree.\genblk1.g_reduce.u_next.\genblk1.g_reduce.u_next.$or$/home/danieltyukov/workspace/personal/tt-ihp-int8-npu/src/npu_csa_reduce.sv:53$1979 ($or).
Removed top 1 bits (of 16) from port Y of cell tt_um_danieltyukov_int8_npu.$flatten\u_core.\u_array.\g_row[3].g_col[0].u_pe.\u_mul.\g_bw.g_wallace.u_tree.\genblk1.g_reduce.u_next.\genblk1.g_reduce.u_next.$and$/home/danieltyukov/workspace/personal/tt-ihp-int8-npu/src/npu_csa_reduce.sv:53$1978 ($and).
Removed top 1 bits (of 16) from port A of cell tt_um_danieltyukov_int8_npu.$flatten\u_core.\u_array.\g_row[3].g_col[0].u_pe.\u_mul.\g_bw.g_wallace.u_tree.\genblk1.g_reduce.u_next.\genblk1.g_reduce.u_next.$and$/home/danieltyukov/workspace/personal/tt-ihp-int8-npu/src/npu_csa_reduce.sv:53$1978 ($and).
Removed top 1 bits (of 16) from port B of cell tt_um_danieltyukov_int8_npu.$flatten\u_core.\u_array.\g_row[3].g_col[0].u_pe.\u_mul.\g_bw.g_wallace.u_tree.\genblk1.g_reduce.u_next.\genblk1.g_reduce.u_next.$and$/home/danieltyukov/workspace/personal/tt-ihp-int8-npu/src/npu_csa_reduce.sv:53$1978 ($and).
Removed top 1 bits (of 16) from port Y of cell tt_um_danieltyukov_int8_npu.$flatten\u_core.\u_array.\g_row[3].g_col[0].u_pe.\u_mul.\g_bw.g_wallace.u_tree.\genblk1.g_reduce.u_next.\genblk1.g_reduce.u_next.$or$/home/danieltyukov/workspace/personal/tt-ihp-int8-npu/src/npu_csa_reduce.sv:53$1977 ($or).
Removed top 1 bits (of 16) from port A of cell tt_um_danieltyukov_int8_npu.$flatten\u_core.\u_array.\g_row[3].g_col[0].u_pe.\u_mul.\g_bw.g_wallace.u_tree.\genblk1.g_reduce.u_next.\genblk1.g_reduce.u_next.$or$/home/danieltyukov/workspace/personal/tt-ihp-int8-npu/src/npu_csa_reduce.sv:53$1977 ($or).
Removed top 1 bits (of 16) from port B of cell tt_um_danieltyukov_int8_npu.$flatten\u_core.\u_array.\g_row[3].g_col[0].u_pe.\u_mul.\g_bw.g_wallace.u_tree.\genblk1.g_reduce.u_next.\genblk1.g_reduce.u_next.$or$/home/danieltyukov/workspace/personal/tt-ihp-int8-npu/src/npu_csa_reduce.sv:53$1977 ($or).
Removed top 1 bits (of 16) from port Y of cell tt_um_danieltyukov_int8_npu.$flatten\u_core.\u_array.\g_row[3].g_col[0].u_pe.\u_mul.\g_bw.g_wallace.u_tree.\genblk1.g_reduce.u_next.\genblk1.g_reduce.u_next.$and$/home/danieltyukov/workspace/personal/tt-ihp-int8-npu/src/npu_csa_reduce.sv:53$1976 ($and).
Removed top 1 bits (of 16) from port A of cell tt_um_danieltyukov_int8_npu.$flatten\u_core.\u_array.\g_row[3].g_col[0].u_pe.\u_mul.\g_bw.g_wallace.u_tree.\genblk1.g_reduce.u_next.\genblk1.g_reduce.u_next.$and$/home/danieltyukov/workspace/personal/tt-ihp-int8-npu/src/npu_csa_reduce.sv:53$1976 ($and).
Removed top 1 bits (of 16) from port B of cell tt_um_danieltyukov_int8_npu.$flatten\u_core.\u_array.\g_row[3].g_col[0].u_pe.\u_mul.\g_bw.g_wallace.u_tree.\genblk1.g_reduce.u_next.\genblk1.g_reduce.u_next.$and$/home/danieltyukov/workspace/personal/tt-ihp-int8-npu/src/npu_csa_reduce.sv:53$1976 ($and).
Removed top 1 bits (of 16) from port Y of cell tt_um_danieltyukov_int8_npu.$flatten\u_core.\u_array.\g_row[3].g_col[0].u_pe.\u_mul.\g_bw.g_wallace.u_tree.\genblk1.g_reduce.u_next.\genblk1.g_reduce.u_next.$and$/home/danieltyukov/workspace/personal/tt-ihp-int8-npu/src/npu_csa_reduce.sv:53$1975 ($and).
Removed top 1 bits (of 16) from port A of cell tt_um_danieltyukov_int8_npu.$flatten\u_core.\u_array.\g_row[3].g_col[0].u_pe.\u_mul.\g_bw.g_wallace.u_tree.\genblk1.g_reduce.u_next.\genblk1.g_reduce.u_next.$and$/home/danieltyukov/workspace/personal/tt-ihp-int8-npu/src/npu_csa_reduce.sv:53$1975 ($and).
Removed top 1 bits (of 16) from port B of cell tt_um_danieltyukov_int8_npu.$flatten\u_core.\u_array.\g_row[3].g_col[0].u_pe.\u_mul.\g_bw.g_wallace.u_tree.\genblk1.g_reduce.u_next.\genblk1.g_reduce.u_next.$and$/home/danieltyukov/workspace/personal/tt-ihp-int8-npu/src/npu_csa_reduce.sv:53$1975 ($and).
Removed top 7 bits (of 16) from port B of cell tt_um_danieltyukov_int8_npu.$flatten\u_core.\u_array.\g_row[3].g_col[0].u_pe.\u_mul.\g_bw.g_wallace.u_tree.$or$/home/danieltyukov/workspace/personal/tt-ihp-int8-npu/src/npu_csa_reduce.sv:53$1852 ($or).
Removed top 1 bits (of 16) from port Y of cell tt_um_danieltyukov_int8_npu.$flatten\u_core.\u_array.\g_row[3].g_col[0].u_pe.\u_mul.\g_bw.g_wallace.u_tree.$or$/home/danieltyukov/workspace/personal/tt-ihp-int8-npu/src/npu_csa_reduce.sv:53$1852 ($or).
Removed top 1 bits (of 16) from port A of cell tt_um_danieltyukov_int8_npu.$flatten\u_core.\u_array.\g_row[3].g_col[0].u_pe.\u_mul.\g_bw.g_wallace.u_tree.$or$/home/danieltyukov/workspace/personal/tt-ihp-int8-npu/src/npu_csa_reduce.sv:53$1852 ($or).
Removed top 7 bits (of 16) from port B of cell tt_um_danieltyukov_int8_npu.$flatten\u_core.\u_array.\g_row[3].g_col[0].u_pe.\u_mul.\g_bw.g_wallace.u_tree.$or$/home/danieltyukov/workspace/personal/tt-ihp-int8-npu/src/npu_csa_reduce.sv:53$1850 ($or).
Removed top 1 bits (of 16) from port Y of cell tt_um_danieltyukov_int8_npu.$flatten\u_core.\u_array.\g_row[3].g_col[0].u_pe.\u_mul.\g_bw.g_wallace.u_tree.$or$/home/danieltyukov/workspace/personal/tt-ihp-int8-npu/src/npu_csa_reduce.sv:53$1850 ($or).
Removed top 1 bits (of 16) from port A of cell tt_um_danieltyukov_int8_npu.$flatten\u_core.\u_array.\g_row[3].g_col[0].u_pe.\u_mul.\g_bw.g_wallace.u_tree.$or$/home/danieltyukov/workspace/personal/tt-ihp-int8-npu/src/npu_csa_reduce.sv:53$1850 ($or).
Removed top 2 bits (of 16) from port A of cell tt_um_danieltyukov_int8_npu.$flatten\u_core.\u_array.\g_row[3].g_col[0].u_pe.\u_mul.\g_bw.g_wallace.u_tree.$and$/home/danieltyukov/workspace/personal/tt-ihp-int8-npu/src/npu_csa_reduce.sv:53$1848 ($and).
Removed top 1 bits (of 16) from port B of cell tt_um_danieltyukov_int8_npu.$flatten\u_core.\u_array.\g_row[3].g_col[0].u_pe.\u_mul.\g_bw.g_wallace.u_tree.$and$/home/danieltyukov/workspace/personal/tt-ihp-int8-npu/src/npu_csa_reduce.sv:53$1848 ($and).
Removed top 1 bits (of 16) from port Y of cell tt_um_danieltyukov_int8_npu.$flatten\u_core.\u_array.\g_row[3].g_col[0].u_pe.\u_mul.\g_bw.g_wallace.u_tree.$and$/home/danieltyukov/workspace/personal/tt-ihp-int8-npu/src/npu_csa_reduce.sv:53$1848 ($and).
Removed top 2 bits (of 16) from port A of cell tt_um_danieltyukov_int8_npu.$flatten\u_core.\u_array.\g_row[3].g_col[0].u_pe.\u_mul.\g_bw.g_wallace.u_tree.$xor$/home/danieltyukov/workspace/personal/tt-ihp-int8-npu/src/npu_csa_reduce.sv:49$1846 ($xor).
Removed top 1 bits (of 16) from port B of cell tt_um_danieltyukov_int8_npu.$flatten\u_core.\u_array.\g_row[3].g_col[0].u_pe.\u_mul.\g_bw.g_wallace.u_tree.$xor$/home/danieltyukov/workspace/personal/tt-ihp-int8-npu/src/npu_csa_reduce.sv:49$1846 ($xor).
Removed top 1 bits (of 16) from port Y of cell tt_um_danieltyukov_int8_npu.$flatten\u_core.\u_array.\g_row[3].g_col[0].u_pe.\u_mul.\g_bw.g_wallace.u_tree.$xor$/home/danieltyukov/workspace/personal/tt-ihp-int8-npu/src/npu_csa_reduce.sv:49$1846 ($xor).
Removed top 1 bits (of 16) from port Y of cell tt_um_danieltyukov_int8_npu.$flatten\u_core.\u_array.\g_row[3].g_col[0].u_pe.\u_mul.\g_bw.g_wallace.u_tree.$or$/home/danieltyukov/workspace/personal/tt-ihp-int8-npu/src/npu_csa_reduce.sv:53$1845 ($or).
Removed top 1 bits (of 16) from port A of cell tt_um_danieltyukov_int8_npu.$flatten\u_core.\u_array.\g_row[3].g_col[0].u_pe.\u_mul.\g_bw.g_wallace.u_tree.$or$/home/danieltyukov/workspace/personal/tt-ihp-int8-npu/src/npu_csa_reduce.sv:53$1845 ($or).
Removed top 1 bits (of 16) from port B of cell tt_um_danieltyukov_int8_npu.$flatten\u_core.\u_array.\g_row[3].g_col[0].u_pe.\u_mul.\g_bw.g_wallace.u_tree.$or$/home/danieltyukov/workspace/personal/tt-ihp-int8-npu/src/npu_csa_reduce.sv:53$1845 ($or).
Removed top 4 bits (of 16) from port A of cell tt_um_danieltyukov_int8_npu.$flatten\u_core.\u_array.\g_row[3].g_col[0].u_pe.\u_mul.\g_bw.g_wallace.u_tree.$and$/home/danieltyukov/workspace/personal/tt-ihp-int8-npu/src/npu_csa_reduce.sv:53$1844 ($and).
Removed top 3 bits (of 16) from port B of cell tt_um_danieltyukov_int8_npu.$flatten\u_core.\u_array.\g_row[3].g_col[0].u_pe.\u_mul.\g_bw.g_wallace.u_tree.$and$/home/danieltyukov/workspace/personal/tt-ihp-int8-npu/src/npu_csa_reduce.sv:53$1844 ($and).
Removed top 3 bits (of 16) from port Y of cell tt_um_danieltyukov_int8_npu.$flatten\u_core.\u_array.\g_row[3].g_col[0].u_pe.\u_mul.\g_bw.g_wallace.u_tree.$and$/home/danieltyukov/workspace/personal/tt-ihp-int8-npu/src/npu_csa_reduce.sv:53$1844 ($and).
Removed top 1 bits (of 16) from port Y of cell tt_um_danieltyukov_int8_npu.$flatten\u_core.\u_array.\g_row[3].g_col[0].u_pe.\u_mul.\g_bw.g_wallace.u_tree.$or$/home/danieltyukov/workspace/personal/tt-ihp-int8-npu/src/npu_csa_reduce.sv:53$1843 ($or).
Removed top 1 bits (of 16) from port A of cell tt_um_danieltyukov_int8_npu.$flatten\u_core.\u_array.\g_row[3].g_col[0].u_pe.\u_mul.\g_bw.g_wallace.u_tree.$or$/home/danieltyukov/workspace/personal/tt-ihp-int8-npu/src/npu_csa_reduce.sv:53$1843 ($or).
Removed top 1 bits (of 16) from port B of cell tt_um_danieltyukov_int8_npu.$flatten\u_core.\u_array.\g_row[3].g_col[0].u_pe.\u_mul.\g_bw.g_wallace.u_tree.$or$/home/danieltyukov/workspace/personal/tt-ihp-int8-npu/src/npu_csa_reduce.sv:53$1843 ($or).
Removed top 5 bits (of 16) from port A of cell tt_um_danieltyukov_int8_npu.$flatten\u_core.\u_array.\g_row[3].g_col[0].u_pe.\u_mul.\g_bw.g_wallace.u_tree.$and$/home/danieltyukov/workspace/personal/tt-ihp-int8-npu/src/npu_csa_reduce.sv:53$1842 ($and).
Removed top 3 bits (of 16) from port B of cell tt_um_danieltyukov_int8_npu.$flatten\u_core.\u_array.\g_row[3].g_col[0].u_pe.\u_mul.\g_bw.g_wallace.u_tree.$and$/home/danieltyukov/workspace/personal/tt-ihp-int8-npu/src/npu_csa_reduce.sv:53$1842 ($and).
Removed top 3 bits (of 16) from port Y of cell tt_um_danieltyukov_int8_npu.$flatten\u_core.\u_array.\g_row[3].g_col[0].u_pe.\u_mul.\g_bw.g_wallace.u_tree.$and$/home/danieltyukov/workspace/personal/tt-ihp-int8-npu/src/npu_csa_reduce.sv:53$1842 ($and).
Removed top 5 bits (of 16) from port A of cell tt_um_danieltyukov_int8_npu.$flatten\u_core.\u_array.\g_row[3].g_col[0].u_pe.\u_mul.\g_bw.g_wallace.u_tree.$and$/home/danieltyukov/workspace/personal/tt-ihp-int8-npu/src/npu_csa_reduce.sv:53$1841 ($and).
Removed top 4 bits (of 16) from port B of cell tt_um_danieltyukov_int8_npu.$flatten\u_core.\u_array.\g_row[3].g_col[0].u_pe.\u_mul.\g_bw.g_wallace.u_tree.$and$/home/danieltyukov/workspace/personal/tt-ihp-int8-npu/src/npu_csa_reduce.sv:53$1841 ($and).
Removed top 4 bits (of 16) from port Y of cell tt_um_danieltyukov_int8_npu.$flatten\u_core.\u_array.\g_row[3].g_col[0].u_pe.\u_mul.\g_bw.g_wallace.u_tree.$and$/home/danieltyukov/workspace/personal/tt-ihp-int8-npu/src/npu_csa_reduce.sv:53$1841 ($and).
Removed top 3 bits (of 16) from port B of cell tt_um_danieltyukov_int8_npu.$flatten\u_core.\u_array.\g_row[3].g_col[0].u_pe.\u_mul.\g_bw.g_wallace.u_tree.$xor$/home/danieltyukov/workspace/personal/tt-ihp-int8-npu/src/npu_csa_reduce.sv:49$1840 ($xor).
Removed top 5 bits (of 16) from port A of cell tt_um_danieltyukov_int8_npu.$flatten\u_core.\u_array.\g_row[3].g_col[0].u_pe.\u_mul.\g_bw.g_wallace.u_tree.$xor$/home/danieltyukov/workspace/personal/tt-ihp-int8-npu/src/npu_csa_reduce.sv:49$1839 ($xor).
Removed top 4 bits (of 16) from port B of cell tt_um_danieltyukov_int8_npu.$flatten\u_core.\u_array.\g_row[3].g_col[0].u_pe.\u_mul.\g_bw.g_wallace.u_tree.$xor$/home/danieltyukov/workspace/personal/tt-ihp-int8-npu/src/npu_csa_reduce.sv:49$1839 ($xor).
Removed top 4 bits (of 16) from port Y of cell tt_um_danieltyukov_int8_npu.$flatten\u_core.\u_array.\g_row[3].g_col[0].u_pe.\u_mul.\g_bw.g_wallace.u_tree.$xor$/home/danieltyukov/workspace/personal/tt-ihp-int8-npu/src/npu_csa_reduce.sv:49$1839 ($xor).
Removed top 1 bits (of 16) from port Y of cell tt_um_danieltyukov_int8_npu.$flatten\u_core.\u_array.\g_row[3].g_col[0].u_pe.\u_mul.\g_bw.g_wallace.u_tree.$or$/home/danieltyukov/workspace/personal/tt-ihp-int8-npu/src/npu_csa_reduce.sv:53$1838 ($or).
Removed top 1 bits (of 16) from port A of cell tt_um_danieltyukov_int8_npu.$flatten\u_core.\u_array.\g_row[3].g_col[0].u_pe.\u_mul.\g_bw.g_wallace.u_tree.$or$/home/danieltyukov/workspace/personal/tt-ihp-int8-npu/src/npu_csa_reduce.sv:53$1838 ($or).
Removed top 1 bits (of 16) from port B of cell tt_um_danieltyukov_int8_npu.$flatten\u_core.\u_array.\g_row[3].g_col[0].u_pe.\u_mul.\g_bw.g_wallace.u_tree.$or$/home/danieltyukov/workspace/personal/tt-ihp-int8-npu/src/npu_csa_reduce.sv:53$1838 ($or).
Removed top 7 bits (of 16) from port A of cell tt_um_danieltyukov_int8_npu.$flatten\u_core.\u_array.\g_row[3].g_col[0].u_pe.\u_mul.\g_bw.g_wallace.u_tree.$and$/home/danieltyukov/workspace/personal/tt-ihp-int8-npu/src/npu_csa_reduce.sv:53$1837 ($and).
Removed top 6 bits (of 16) from port B of cell tt_um_danieltyukov_int8_npu.$flatten\u_core.\u_array.\g_row[3].g_col[0].u_pe.\u_mul.\g_bw.g_wallace.u_tree.$and$/home/danieltyukov/workspace/personal/tt-ihp-int8-npu/src/npu_csa_reduce.sv:53$1837 ($and).
Removed top 6 bits (of 16) from port Y of cell tt_um_danieltyukov_int8_npu.$flatten\u_core.\u_array.\g_row[3].g_col[0].u_pe.\u_mul.\g_bw.g_wallace.u_tree.$and$/home/danieltyukov/workspace/personal/tt-ihp-int8-npu/src/npu_csa_reduce.sv:53$1837 ($and).
Removed top 1 bits (of 16) from port Y of cell tt_um_danieltyukov_int8_npu.$flatten\u_core.\u_array.\g_row[3].g_col[0].u_pe.\u_mul.\g_bw.g_wallace.u_tree.$or$/home/danieltyukov/workspace/personal/tt-ihp-int8-npu/src/npu_csa_reduce.sv:53$1836 ($or).
Removed top 1 bits (of 16) from port A of cell tt_um_danieltyukov_int8_npu.$flatten\u_core.\u_array.\g_row[3].g_col[0].u_pe.\u_mul.\g_bw.g_wallace.u_tree.$or$/home/danieltyukov/workspace/personal/tt-ihp-int8-npu/src/npu_csa_reduce.sv:53$1836 ($or).
Removed top 1 bits (of 16) from port B of cell tt_um_danieltyukov_int8_npu.$flatten\u_core.\u_array.\g_row[3].g_col[0].u_pe.\u_mul.\g_bw.g_wallace.u_tree.$or$/home/danieltyukov/workspace/personal/tt-ihp-int8-npu/src/npu_csa_reduce.sv:53$1836 ($or).
Removed top 8 bits (of 16) from port A of cell tt_um_danieltyukov_int8_npu.$flatten\u_core.\u_array.\g_row[3].g_col[0].u_pe.\u_mul.\g_bw.g_wallace.u_tree.$and$/home/danieltyukov/workspace/personal/tt-ihp-int8-npu/src/npu_csa_reduce.sv:53$1835 ($and).
Removed top 6 bits (of 16) from port B of cell tt_um_danieltyukov_int8_npu.$flatten\u_core.\u_array.\g_row[3].g_col[0].u_pe.\u_mul.\g_bw.g_wallace.u_tree.$and$/home/danieltyukov/workspace/personal/tt-ihp-int8-npu/src/npu_csa_reduce.sv:53$1835 ($and).
Removed top 6 bits (of 16) from port Y of cell tt_um_danieltyukov_int8_npu.$flatten\u_core.\u_array.\g_row[3].g_col[0].u_pe.\u_mul.\g_bw.g_wallace.u_tree.$and$/home/danieltyukov/workspace/personal/tt-ihp-int8-npu/src/npu_csa_reduce.sv:53$1835 ($and).
Removed top 8 bits (of 16) from port A of cell tt_um_danieltyukov_int8_npu.$flatten\u_core.\u_array.\g_row[3].g_col[0].u_pe.\u_mul.\g_bw.g_wallace.u_tree.$and$/home/danieltyukov/workspace/personal/tt-ihp-int8-npu/src/npu_csa_reduce.sv:53$1834 ($and).
Removed top 7 bits (of 16) from port B of cell tt_um_danieltyukov_int8_npu.$flatten\u_core.\u_array.\g_row[3].g_col[0].u_pe.\u_mul.\g_bw.g_wallace.u_tree.$and$/home/danieltyukov/workspace/personal/tt-ihp-int8-npu/src/npu_csa_reduce.sv:53$1834 ($and).
Removed top 7 bits (of 16) from port Y of cell tt_um_danieltyukov_int8_npu.$flatten\u_core.\u_array.\g_row[3].g_col[0].u_pe.\u_mul.\g_bw.g_wallace.u_tree.$and$/home/danieltyukov/workspace/personal/tt-ihp-int8-npu/src/npu_csa_reduce.sv:53$1834 ($and).
Removed top 7 bits (of 16) from port A of cell tt_um_danieltyukov_int8_npu.$flatten\u_core.\u_array.\g_row[3].g_col[0].u_pe.\u_mul.\g_bw.g_wallace.u_tree.$xor$/home/danieltyukov/workspace/personal/tt-ihp-int8-npu/src/npu_csa_reduce.sv:49$1833 ($xor).
Removed top 6 bits (of 16) from port B of cell tt_um_danieltyukov_int8_npu.$flatten\u_core.\u_array.\g_row[3].g_col[0].u_pe.\u_mul.\g_bw.g_wallace.u_tree.$xor$/home/danieltyukov/workspace/personal/tt-ihp-int8-npu/src/npu_csa_reduce.sv:49$1833 ($xor).
Removed top 6 bits (of 16) from port Y of cell tt_um_danieltyukov_int8_npu.$flatten\u_core.\u_array.\g_row[3].g_col[0].u_pe.\u_mul.\g_bw.g_wallace.u_tree.$xor$/home/danieltyukov/workspace/personal/tt-ihp-int8-npu/src/npu_csa_reduce.sv:49$1833 ($xor).
Removed top 1 bits (of 19) from port Y of cell tt_um_danieltyukov_int8_npu.$flatten\u_core.\u_array.\g_row[3].g_col[1].u_pe.\u_add.$and$/home/danieltyukov/workspace/personal/tt-ihp-int8-npu/src/npu_adder.sv:60$1699 ($and).
Removed top 1 bits (of 19) from port A of cell tt_um_danieltyukov_int8_npu.$flatten\u_core.\u_array.\g_row[3].g_col[1].u_pe.\u_add.$and$/home/danieltyukov/workspace/personal/tt-ihp-int8-npu/src/npu_adder.sv:60$1699 ($and).
Removed top 1 bits (of 19) from port B of cell tt_um_danieltyukov_int8_npu.$flatten\u_core.\u_array.\g_row[3].g_col[1].u_pe.\u_add.$and$/home/danieltyukov/workspace/personal/tt-ihp-int8-npu/src/npu_adder.sv:60$1699 ($and).
Removed top 8 bits (of 16) from port A of cell tt_um_danieltyukov_int8_npu.$flatten\u_core.\u_array.\g_row[3].g_col[1].u_pe.\u_mul.\g_bw.g_wallace.u_tree.$xor$/home/danieltyukov/workspace/personal/tt-ihp-int8-npu/src/npu_csa_reduce.sv:49$1832 ($xor).
Removed top 7 bits (of 16) from port B of cell tt_um_danieltyukov_int8_npu.$flatten\u_core.\u_array.\g_row[3].g_col[1].u_pe.\u_mul.\g_bw.g_wallace.u_tree.$xor$/home/danieltyukov/workspace/personal/tt-ihp-int8-npu/src/npu_csa_reduce.sv:49$1832 ($xor).
Removed top 7 bits (of 16) from port Y of cell tt_um_danieltyukov_int8_npu.$flatten\u_core.\u_array.\g_row[3].g_col[1].u_pe.\u_mul.\g_bw.g_wallace.u_tree.$xor$/home/danieltyukov/workspace/personal/tt-ihp-int8-npu/src/npu_csa_reduce.sv:49$1832 ($xor).
Removed top 1 bits (of 16) from port Y of cell tt_um_danieltyukov_int8_npu.$flatten\u_core.\u_array.\g_row[3].g_col[1].u_pe.\u_mul.\u_cpa.$and$/home/danieltyukov/workspace/personal/tt-ihp-int8-npu/src/npu_adder.sv:60$1855 ($and).
Removed top 1 bits (of 16) from port A of cell tt_um_danieltyukov_int8_npu.$flatten\u_core.\u_array.\g_row[3].g_col[1].u_pe.\u_mul.\u_cpa.$and$/home/danieltyukov/workspace/personal/tt-ihp-int8-npu/src/npu_adder.sv:60$1855 ($and).
Removed top 1 bits (of 16) from port B of cell tt_um_danieltyukov_int8_npu.$flatten\u_core.\u_array.\g_row[3].g_col[1].u_pe.\u_mul.\u_cpa.$and$/home/danieltyukov/workspace/personal/tt-ihp-int8-npu/src/npu_adder.sv:60$1855 ($and).
Removed top 1 bits (of 16) from port Y of cell tt_um_danieltyukov_int8_npu.$flatten\u_core.\u_array.\g_row[3].g_col[1].u_pe.\u_mul.\g_bw.g_wallace.u_tree.\genblk1.g_reduce.u_next.$or$/home/danieltyukov/workspace/personal/tt-ihp-int8-npu/src/npu_csa_reduce.sv:53$1964 ($or).
Removed top 1 bits (of 16) from port A of cell tt_um_danieltyukov_int8_npu.$flatten\u_core.\u_array.\g_row[3].g_col[1].u_pe.\u_mul.\g_bw.g_wallace.u_tree.\genblk1.g_reduce.u_next.$or$/home/danieltyukov/workspace/personal/tt-ihp-int8-npu/src/npu_csa_reduce.sv:53$1964 ($or).
Removed top 1 bits (of 16) from port B of cell tt_um_danieltyukov_int8_npu.$flatten\u_core.\u_array.\g_row[3].g_col[1].u_pe.\u_mul.\g_bw.g_wallace.u_tree.\genblk1.g_reduce.u_next.$or$/home/danieltyukov/workspace/personal/tt-ihp-int8-npu/src/npu_csa_reduce.sv:53$1964 ($or).
Removed top 1 bits (of 16) from port Y of cell tt_um_danieltyukov_int8_npu.$flatten\u_core.\u_array.\g_row[3].g_col[1].u_pe.\u_mul.\g_bw.g_wallace.u_tree.\genblk1.g_reduce.u_next.$or$/home/danieltyukov/workspace/personal/tt-ihp-int8-npu/src/npu_csa_reduce.sv:53$1971 ($or).
Removed top 1 bits (of 16) from port A of cell tt_um_danieltyukov_int8_npu.$flatten\u_core.\u_array.\g_row[3].g_col[1].u_pe.\u_mul.\g_bw.g_wallace.u_tree.\genblk1.g_reduce.u_next.$or$/home/danieltyukov/workspace/personal/tt-ihp-int8-npu/src/npu_csa_reduce.sv:53$1971 ($or).
Removed top 1 bits (of 16) from port B of cell tt_um_danieltyukov_int8_npu.$flatten\u_core.\u_array.\g_row[3].g_col[1].u_pe.\u_mul.\g_bw.g_wallace.u_tree.\genblk1.g_reduce.u_next.$or$/home/danieltyukov/workspace/personal/tt-ihp-int8-npu/src/npu_csa_reduce.sv:53$1971 ($or).
Removed top 1 bits (of 16) from port Y of cell tt_um_danieltyukov_int8_npu.$flatten\u_core.\u_array.\g_row[3].g_col[1].u_pe.\u_mul.\g_bw.g_wallace.u_tree.\genblk1.g_reduce.u_next.\genblk1.g_reduce.u_next.\genblk1.g_reduce.u_next.$or$/home/danieltyukov/workspace/personal/tt-ihp-int8-npu/src/npu_csa_reduce.sv:53$1830 ($or).
Removed top 1 bits (of 16) from port A of cell tt_um_danieltyukov_int8_npu.$flatten\u_core.\u_array.\g_row[3].g_col[1].u_pe.\u_mul.\g_bw.g_wallace.u_tree.\genblk1.g_reduce.u_next.\genblk1.g_reduce.u_next.\genblk1.g_reduce.u_next.$or$/home/danieltyukov/workspace/personal/tt-ihp-int8-npu/src/npu_csa_reduce.sv:53$1830 ($or).
Removed top 1 bits (of 16) from port B of cell tt_um_danieltyukov_int8_npu.$flatten\u_core.\u_array.\g_row[3].g_col[1].u_pe.\u_mul.\g_bw.g_wallace.u_tree.\genblk1.g_reduce.u_next.\genblk1.g_reduce.u_next.\genblk1.g_reduce.u_next.$or$/home/danieltyukov/workspace/personal/tt-ihp-int8-npu/src/npu_csa_reduce.sv:53$1830 ($or).
Removed top 1 bits (of 16) from port Y of cell tt_um_danieltyukov_int8_npu.$flatten\u_core.\u_array.\g_row[3].g_col[1].u_pe.\u_mul.\g_bw.g_wallace.u_tree.\genblk1.g_reduce.u_next.\genblk1.g_reduce.u_next.$or$/home/danieltyukov/workspace/personal/tt-ihp-int8-npu/src/npu_csa_reduce.sv:53$1979 ($or).
Removed top 1 bits (of 16) from port A of cell tt_um_danieltyukov_int8_npu.$flatten\u_core.\u_array.\g_row[3].g_col[1].u_pe.\u_mul.\g_bw.g_wallace.u_tree.\genblk1.g_reduce.u_next.\genblk1.g_reduce.u_next.$or$/home/danieltyukov/workspace/personal/tt-ihp-int8-npu/src/npu_csa_reduce.sv:53$1979 ($or).
Removed top 1 bits (of 16) from port B of cell tt_um_danieltyukov_int8_npu.$flatten\u_core.\u_array.\g_row[3].g_col[1].u_pe.\u_mul.\g_bw.g_wallace.u_tree.\genblk1.g_reduce.u_next.\genblk1.g_reduce.u_next.$or$/home/danieltyukov/workspace/personal/tt-ihp-int8-npu/src/npu_csa_reduce.sv:53$1979 ($or).
Removed top 1 bits (of 16) from port Y of cell tt_um_danieltyukov_int8_npu.$flatten\u_core.\u_array.\g_row[3].g_col[1].u_pe.\u_mul.\g_bw.g_wallace.u_tree.\genblk1.g_reduce.u_next.\genblk1.g_reduce.u_next.$and$/home/danieltyukov/workspace/personal/tt-ihp-int8-npu/src/npu_csa_reduce.sv:53$1978 ($and).
Removed top 1 bits (of 16) from port A of cell tt_um_danieltyukov_int8_npu.$flatten\u_core.\u_array.\g_row[3].g_col[1].u_pe.\u_mul.\g_bw.g_wallace.u_tree.\genblk1.g_reduce.u_next.\genblk1.g_reduce.u_next.$and$/home/danieltyukov/workspace/personal/tt-ihp-int8-npu/src/npu_csa_reduce.sv:53$1978 ($and).
Removed top 1 bits (of 16) from port B of cell tt_um_danieltyukov_int8_npu.$flatten\u_core.\u_array.\g_row[3].g_col[1].u_pe.\u_mul.\g_bw.g_wallace.u_tree.\genblk1.g_reduce.u_next.\genblk1.g_reduce.u_next.$and$/home/danieltyukov/workspace/personal/tt-ihp-int8-npu/src/npu_csa_reduce.sv:53$1978 ($and).
Removed top 1 bits (of 16) from port Y of cell tt_um_danieltyukov_int8_npu.$flatten\u_core.\u_array.\g_row[3].g_col[1].u_pe.\u_mul.\g_bw.g_wallace.u_tree.\genblk1.g_reduce.u_next.\genblk1.g_reduce.u_next.$or$/home/danieltyukov/workspace/personal/tt-ihp-int8-npu/src/npu_csa_reduce.sv:53$1977 ($or).
Removed top 1 bits (of 16) from port A of cell tt_um_danieltyukov_int8_npu.$flatten\u_core.\u_array.\g_row[3].g_col[1].u_pe.\u_mul.\g_bw.g_wallace.u_tree.\genblk1.g_reduce.u_next.\genblk1.g_reduce.u_next.$or$/home/danieltyukov/workspace/personal/tt-ihp-int8-npu/src/npu_csa_reduce.sv:53$1977 ($or).
Removed top 1 bits (of 16) from port B of cell tt_um_danieltyukov_int8_npu.$flatten\u_core.\u_array.\g_row[3].g_col[1].u_pe.\u_mul.\g_bw.g_wallace.u_tree.\genblk1.g_reduce.u_next.\genblk1.g_reduce.u_next.$or$/home/danieltyukov/workspace/personal/tt-ihp-int8-npu/src/npu_csa_reduce.sv:53$1977 ($or).
Removed top 1 bits (of 16) from port Y of cell tt_um_danieltyukov_int8_npu.$flatten\u_core.\u_array.\g_row[3].g_col[1].u_pe.\u_mul.\g_bw.g_wallace.u_tree.\genblk1.g_reduce.u_next.\genblk1.g_reduce.u_next.$and$/home/danieltyukov/workspace/personal/tt-ihp-int8-npu/src/npu_csa_reduce.sv:53$1976 ($and).
Removed top 1 bits (of 16) from port A of cell tt_um_danieltyukov_int8_npu.$flatten\u_core.\u_array.\g_row[3].g_col[1].u_pe.\u_mul.\g_bw.g_wallace.u_tree.\genblk1.g_reduce.u_next.\genblk1.g_reduce.u_next.$and$/home/danieltyukov/workspace/personal/tt-ihp-int8-npu/src/npu_csa_reduce.sv:53$1976 ($and).
Removed top 1 bits (of 16) from port B of cell tt_um_danieltyukov_int8_npu.$flatten\u_core.\u_array.\g_row[3].g_col[1].u_pe.\u_mul.\g_bw.g_wallace.u_tree.\genblk1.g_reduce.u_next.\genblk1.g_reduce.u_next.$and$/home/danieltyukov/workspace/personal/tt-ihp-int8-npu/src/npu_csa_reduce.sv:53$1976 ($and).
Removed top 1 bits (of 16) from port Y of cell tt_um_danieltyukov_int8_npu.$flatten\u_core.\u_array.\g_row[3].g_col[1].u_pe.\u_mul.\g_bw.g_wallace.u_tree.\genblk1.g_reduce.u_next.\genblk1.g_reduce.u_next.$and$/home/danieltyukov/workspace/personal/tt-ihp-int8-npu/src/npu_csa_reduce.sv:53$1975 ($and).
Removed top 1 bits (of 16) from port A of cell tt_um_danieltyukov_int8_npu.$flatten\u_core.\u_array.\g_row[3].g_col[1].u_pe.\u_mul.\g_bw.g_wallace.u_tree.\genblk1.g_reduce.u_next.\genblk1.g_reduce.u_next.$and$/home/danieltyukov/workspace/personal/tt-ihp-int8-npu/src/npu_csa_reduce.sv:53$1975 ($and).
Removed top 1 bits (of 16) from port B of cell tt_um_danieltyukov_int8_npu.$flatten\u_core.\u_array.\g_row[3].g_col[1].u_pe.\u_mul.\g_bw.g_wallace.u_tree.\genblk1.g_reduce.u_next.\genblk1.g_reduce.u_next.$and$/home/danieltyukov/workspace/personal/tt-ihp-int8-npu/src/npu_csa_reduce.sv:53$1975 ($and).
Removed top 7 bits (of 16) from port B of cell tt_um_danieltyukov_int8_npu.$flatten\u_core.\u_array.\g_row[3].g_col[1].u_pe.\u_mul.\g_bw.g_wallace.u_tree.$or$/home/danieltyukov/workspace/personal/tt-ihp-int8-npu/src/npu_csa_reduce.sv:53$1852 ($or).
Removed top 1 bits (of 16) from port Y of cell tt_um_danieltyukov_int8_npu.$flatten\u_core.\u_array.\g_row[3].g_col[1].u_pe.\u_mul.\g_bw.g_wallace.u_tree.$or$/home/danieltyukov/workspace/personal/tt-ihp-int8-npu/src/npu_csa_reduce.sv:53$1852 ($or).
Removed top 1 bits (of 16) from port A of cell tt_um_danieltyukov_int8_npu.$flatten\u_core.\u_array.\g_row[3].g_col[1].u_pe.\u_mul.\g_bw.g_wallace.u_tree.$or$/home/danieltyukov/workspace/personal/tt-ihp-int8-npu/src/npu_csa_reduce.sv:53$1852 ($or).
Removed top 7 bits (of 16) from port B of cell tt_um_danieltyukov_int8_npu.$flatten\u_core.\u_array.\g_row[3].g_col[1].u_pe.\u_mul.\g_bw.g_wallace.u_tree.$or$/home/danieltyukov/workspace/personal/tt-ihp-int8-npu/src/npu_csa_reduce.sv:53$1850 ($or).
Removed top 1 bits (of 16) from port Y of cell tt_um_danieltyukov_int8_npu.$flatten\u_core.\u_array.\g_row[3].g_col[1].u_pe.\u_mul.\g_bw.g_wallace.u_tree.$or$/home/danieltyukov/workspace/personal/tt-ihp-int8-npu/src/npu_csa_reduce.sv:53$1850 ($or).
Removed top 1 bits (of 16) from port A of cell tt_um_danieltyukov_int8_npu.$flatten\u_core.\u_array.\g_row[3].g_col[1].u_pe.\u_mul.\g_bw.g_wallace.u_tree.$or$/home/danieltyukov/workspace/personal/tt-ihp-int8-npu/src/npu_csa_reduce.sv:53$1850 ($or).
Removed top 2 bits (of 16) from port A of cell tt_um_danieltyukov_int8_npu.$flatten\u_core.\u_array.\g_row[3].g_col[1].u_pe.\u_mul.\g_bw.g_wallace.u_tree.$and$/home/danieltyukov/workspace/personal/tt-ihp-int8-npu/src/npu_csa_reduce.sv:53$1848 ($and).
Removed top 1 bits (of 16) from port B of cell tt_um_danieltyukov_int8_npu.$flatten\u_core.\u_array.\g_row[3].g_col[1].u_pe.\u_mul.\g_bw.g_wallace.u_tree.$and$/home/danieltyukov/workspace/personal/tt-ihp-int8-npu/src/npu_csa_reduce.sv:53$1848 ($and).
Removed top 1 bits (of 16) from port Y of cell tt_um_danieltyukov_int8_npu.$flatten\u_core.\u_array.\g_row[3].g_col[1].u_pe.\u_mul.\g_bw.g_wallace.u_tree.$and$/home/danieltyukov/workspace/personal/tt-ihp-int8-npu/src/npu_csa_reduce.sv:53$1848 ($and).
Removed top 2 bits (of 16) from port A of cell tt_um_danieltyukov_int8_npu.$flatten\u_core.\u_array.\g_row[3].g_col[1].u_pe.\u_mul.\g_bw.g_wallace.u_tree.$xor$/home/danieltyukov/workspace/personal/tt-ihp-int8-npu/src/npu_csa_reduce.sv:49$1846 ($xor).
Removed top 1 bits (of 16) from port B of cell tt_um_danieltyukov_int8_npu.$flatten\u_core.\u_array.\g_row[3].g_col[1].u_pe.\u_mul.\g_bw.g_wallace.u_tree.$xor$/home/danieltyukov/workspace/personal/tt-ihp-int8-npu/src/npu_csa_reduce.sv:49$1846 ($xor).
Removed top 1 bits (of 16) from port Y of cell tt_um_danieltyukov_int8_npu.$flatten\u_core.\u_array.\g_row[3].g_col[1].u_pe.\u_mul.\g_bw.g_wallace.u_tree.$xor$/home/danieltyukov/workspace/personal/tt-ihp-int8-npu/src/npu_csa_reduce.sv:49$1846 ($xor).
Removed top 1 bits (of 16) from port Y of cell tt_um_danieltyukov_int8_npu.$flatten\u_core.\u_array.\g_row[3].g_col[1].u_pe.\u_mul.\g_bw.g_wallace.u_tree.$or$/home/danieltyukov/workspace/personal/tt-ihp-int8-npu/src/npu_csa_reduce.sv:53$1845 ($or).
Removed top 1 bits (of 16) from port A of cell tt_um_danieltyukov_int8_npu.$flatten\u_core.\u_array.\g_row[3].g_col[1].u_pe.\u_mul.\g_bw.g_wallace.u_tree.$or$/home/danieltyukov/workspace/personal/tt-ihp-int8-npu/src/npu_csa_reduce.sv:53$1845 ($or).
Removed top 1 bits (of 16) from port B of cell tt_um_danieltyukov_int8_npu.$flatten\u_core.\u_array.\g_row[3].g_col[1].u_pe.\u_mul.\g_bw.g_wallace.u_tree.$or$/home/danieltyukov/workspace/personal/tt-ihp-int8-npu/src/npu_csa_reduce.sv:53$1845 ($or).
Removed top 4 bits (of 16) from port A of cell tt_um_danieltyukov_int8_npu.$flatten\u_core.\u_array.\g_row[3].g_col[1].u_pe.\u_mul.\g_bw.g_wallace.u_tree.$and$/home/danieltyukov/workspace/personal/tt-ihp-int8-npu/src/npu_csa_reduce.sv:53$1844 ($and).
Removed top 3 bits (of 16) from port B of cell tt_um_danieltyukov_int8_npu.$flatten\u_core.\u_array.\g_row[3].g_col[1].u_pe.\u_mul.\g_bw.g_wallace.u_tree.$and$/home/danieltyukov/workspace/personal/tt-ihp-int8-npu/src/npu_csa_reduce.sv:53$1844 ($and).
Removed top 3 bits (of 16) from port Y of cell tt_um_danieltyukov_int8_npu.$flatten\u_core.\u_array.\g_row[3].g_col[1].u_pe.\u_mul.\g_bw.g_wallace.u_tree.$and$/home/danieltyukov/workspace/personal/tt-ihp-int8-npu/src/npu_csa_reduce.sv:53$1844 ($and).
Removed top 1 bits (of 16) from port Y of cell tt_um_danieltyukov_int8_npu.$flatten\u_core.\u_array.\g_row[3].g_col[1].u_pe.\u_mul.\g_bw.g_wallace.u_tree.$or$/home/danieltyukov/workspace/personal/tt-ihp-int8-npu/src/npu_csa_reduce.sv:53$1843 ($or).
Removed top 1 bits (of 16) from port A of cell tt_um_danieltyukov_int8_npu.$flatten\u_core.\u_array.\g_row[3].g_col[1].u_pe.\u_mul.\g_bw.g_wallace.u_tree.$or$/home/danieltyukov/workspace/personal/tt-ihp-int8-npu/src/npu_csa_reduce.sv:53$1843 ($or).
Removed top 1 bits (of 16) from port B of cell tt_um_danieltyukov_int8_npu.$flatten\u_core.\u_array.\g_row[3].g_col[1].u_pe.\u_mul.\g_bw.g_wallace.u_tree.$or$/home/danieltyukov/workspace/personal/tt-ihp-int8-npu/src/npu_csa_reduce.sv:53$1843 ($or).
Removed top 5 bits (of 16) from port A of cell tt_um_danieltyukov_int8_npu.$flatten\u_core.\u_array.\g_row[3].g_col[1].u_pe.\u_mul.\g_bw.g_wallace.u_tree.$and$/home/danieltyukov/workspace/personal/tt-ihp-int8-npu/src/npu_csa_reduce.sv:53$1842 ($and).
Removed top 3 bits (of 16) from port B of cell tt_um_danieltyukov_int8_npu.$flatten\u_core.\u_array.\g_row[3].g_col[1].u_pe.\u_mul.\g_bw.g_wallace.u_tree.$and$/home/danieltyukov/workspace/personal/tt-ihp-int8-npu/src/npu_csa_reduce.sv:53$1842 ($and).
Removed top 3 bits (of 16) from port Y of cell tt_um_danieltyukov_int8_npu.$flatten\u_core.\u_array.\g_row[3].g_col[1].u_pe.\u_mul.\g_bw.g_wallace.u_tree.$and$/home/danieltyukov/workspace/personal/tt-ihp-int8-npu/src/npu_csa_reduce.sv:53$1842 ($and).
Removed top 5 bits (of 16) from port A of cell tt_um_danieltyukov_int8_npu.$flatten\u_core.\u_array.\g_row[3].g_col[1].u_pe.\u_mul.\g_bw.g_wallace.u_tree.$and$/home/danieltyukov/workspace/personal/tt-ihp-int8-npu/src/npu_csa_reduce.sv:53$1841 ($and).
Removed top 4 bits (of 16) from port B of cell tt_um_danieltyukov_int8_npu.$flatten\u_core.\u_array.\g_row[3].g_col[1].u_pe.\u_mul.\g_bw.g_wallace.u_tree.$and$/home/danieltyukov/workspace/personal/tt-ihp-int8-npu/src/npu_csa_reduce.sv:53$1841 ($and).
Removed top 4 bits (of 16) from port Y of cell tt_um_danieltyukov_int8_npu.$flatten\u_core.\u_array.\g_row[3].g_col[1].u_pe.\u_mul.\g_bw.g_wallace.u_tree.$and$/home/danieltyukov/workspace/personal/tt-ihp-int8-npu/src/npu_csa_reduce.sv:53$1841 ($and).
Removed top 3 bits (of 16) from port B of cell tt_um_danieltyukov_int8_npu.$flatten\u_core.\u_array.\g_row[3].g_col[1].u_pe.\u_mul.\g_bw.g_wallace.u_tree.$xor$/home/danieltyukov/workspace/personal/tt-ihp-int8-npu/src/npu_csa_reduce.sv:49$1840 ($xor).
Removed top 5 bits (of 16) from port A of cell tt_um_danieltyukov_int8_npu.$flatten\u_core.\u_array.\g_row[3].g_col[1].u_pe.\u_mul.\g_bw.g_wallace.u_tree.$xor$/home/danieltyukov/workspace/personal/tt-ihp-int8-npu/src/npu_csa_reduce.sv:49$1839 ($xor).
Removed top 4 bits (of 16) from port B of cell tt_um_danieltyukov_int8_npu.$flatten\u_core.\u_array.\g_row[3].g_col[1].u_pe.\u_mul.\g_bw.g_wallace.u_tree.$xor$/home/danieltyukov/workspace/personal/tt-ihp-int8-npu/src/npu_csa_reduce.sv:49$1839 ($xor).
Removed top 4 bits (of 16) from port Y of cell tt_um_danieltyukov_int8_npu.$flatten\u_core.\u_array.\g_row[3].g_col[1].u_pe.\u_mul.\g_bw.g_wallace.u_tree.$xor$/home/danieltyukov/workspace/personal/tt-ihp-int8-npu/src/npu_csa_reduce.sv:49$1839 ($xor).
Removed top 1 bits (of 16) from port Y of cell tt_um_danieltyukov_int8_npu.$flatten\u_core.\u_array.\g_row[3].g_col[1].u_pe.\u_mul.\g_bw.g_wallace.u_tree.$or$/home/danieltyukov/workspace/personal/tt-ihp-int8-npu/src/npu_csa_reduce.sv:53$1838 ($or).
Removed top 1 bits (of 16) from port A of cell tt_um_danieltyukov_int8_npu.$flatten\u_core.\u_array.\g_row[3].g_col[1].u_pe.\u_mul.\g_bw.g_wallace.u_tree.$or$/home/danieltyukov/workspace/personal/tt-ihp-int8-npu/src/npu_csa_reduce.sv:53$1838 ($or).
Removed top 1 bits (of 16) from port B of cell tt_um_danieltyukov_int8_npu.$flatten\u_core.\u_array.\g_row[3].g_col[1].u_pe.\u_mul.\g_bw.g_wallace.u_tree.$or$/home/danieltyukov/workspace/personal/tt-ihp-int8-npu/src/npu_csa_reduce.sv:53$1838 ($or).
Removed top 7 bits (of 16) from port A of cell tt_um_danieltyukov_int8_npu.$flatten\u_core.\u_array.\g_row[3].g_col[1].u_pe.\u_mul.\g_bw.g_wallace.u_tree.$and$/home/danieltyukov/workspace/personal/tt-ihp-int8-npu/src/npu_csa_reduce.sv:53$1837 ($and).
Removed top 6 bits (of 16) from port B of cell tt_um_danieltyukov_int8_npu.$flatten\u_core.\u_array.\g_row[3].g_col[1].u_pe.\u_mul.\g_bw.g_wallace.u_tree.$and$/home/danieltyukov/workspace/personal/tt-ihp-int8-npu/src/npu_csa_reduce.sv:53$1837 ($and).
Removed top 6 bits (of 16) from port Y of cell tt_um_danieltyukov_int8_npu.$flatten\u_core.\u_array.\g_row[3].g_col[1].u_pe.\u_mul.\g_bw.g_wallace.u_tree.$and$/home/danieltyukov/workspace/personal/tt-ihp-int8-npu/src/npu_csa_reduce.sv:53$1837 ($and).
Removed top 1 bits (of 16) from port Y of cell tt_um_danieltyukov_int8_npu.$flatten\u_core.\u_array.\g_row[3].g_col[1].u_pe.\u_mul.\g_bw.g_wallace.u_tree.$or$/home/danieltyukov/workspace/personal/tt-ihp-int8-npu/src/npu_csa_reduce.sv:53$1836 ($or).
Removed top 1 bits (of 16) from port A of cell tt_um_danieltyukov_int8_npu.$flatten\u_core.\u_array.\g_row[3].g_col[1].u_pe.\u_mul.\g_bw.g_wallace.u_tree.$or$/home/danieltyukov/workspace/personal/tt-ihp-int8-npu/src/npu_csa_reduce.sv:53$1836 ($or).
Removed top 1 bits (of 16) from port B of cell tt_um_danieltyukov_int8_npu.$flatten\u_core.\u_array.\g_row[3].g_col[1].u_pe.\u_mul.\g_bw.g_wallace.u_tree.$or$/home/danieltyukov/workspace/personal/tt-ihp-int8-npu/src/npu_csa_reduce.sv:53$1836 ($or).
Removed top 8 bits (of 16) from port A of cell tt_um_danieltyukov_int8_npu.$flatten\u_core.\u_array.\g_row[3].g_col[1].u_pe.\u_mul.\g_bw.g_wallace.u_tree.$and$/home/danieltyukov/workspace/personal/tt-ihp-int8-npu/src/npu_csa_reduce.sv:53$1835 ($and).
Removed top 6 bits (of 16) from port B of cell tt_um_danieltyukov_int8_npu.$flatten\u_core.\u_array.\g_row[3].g_col[1].u_pe.\u_mul.\g_bw.g_wallace.u_tree.$and$/home/danieltyukov/workspace/personal/tt-ihp-int8-npu/src/npu_csa_reduce.sv:53$1835 ($and).
Removed top 6 bits (of 16) from port Y of cell tt_um_danieltyukov_int8_npu.$flatten\u_core.\u_array.\g_row[3].g_col[1].u_pe.\u_mul.\g_bw.g_wallace.u_tree.$and$/home/danieltyukov/workspace/personal/tt-ihp-int8-npu/src/npu_csa_reduce.sv:53$1835 ($and).
Removed top 8 bits (of 16) from port A of cell tt_um_danieltyukov_int8_npu.$flatten\u_core.\u_array.\g_row[3].g_col[1].u_pe.\u_mul.\g_bw.g_wallace.u_tree.$and$/home/danieltyukov/workspace/personal/tt-ihp-int8-npu/src/npu_csa_reduce.sv:53$1834 ($and).
Removed top 7 bits (of 16) from port B of cell tt_um_danieltyukov_int8_npu.$flatten\u_core.\u_array.\g_row[3].g_col[1].u_pe.\u_mul.\g_bw.g_wallace.u_tree.$and$/home/danieltyukov/workspace/personal/tt-ihp-int8-npu/src/npu_csa_reduce.sv:53$1834 ($and).
Removed top 7 bits (of 16) from port Y of cell tt_um_danieltyukov_int8_npu.$flatten\u_core.\u_array.\g_row[3].g_col[1].u_pe.\u_mul.\g_bw.g_wallace.u_tree.$and$/home/danieltyukov/workspace/personal/tt-ihp-int8-npu/src/npu_csa_reduce.sv:53$1834 ($and).
Removed top 7 bits (of 16) from port A of cell tt_um_danieltyukov_int8_npu.$flatten\u_core.\u_array.\g_row[3].g_col[1].u_pe.\u_mul.\g_bw.g_wallace.u_tree.$xor$/home/danieltyukov/workspace/personal/tt-ihp-int8-npu/src/npu_csa_reduce.sv:49$1833 ($xor).
Removed top 6 bits (of 16) from port B of cell tt_um_danieltyukov_int8_npu.$flatten\u_core.\u_array.\g_row[3].g_col[1].u_pe.\u_mul.\g_bw.g_wallace.u_tree.$xor$/home/danieltyukov/workspace/personal/tt-ihp-int8-npu/src/npu_csa_reduce.sv:49$1833 ($xor).
Removed top 6 bits (of 16) from port Y of cell tt_um_danieltyukov_int8_npu.$flatten\u_core.\u_array.\g_row[3].g_col[1].u_pe.\u_mul.\g_bw.g_wallace.u_tree.$xor$/home/danieltyukov/workspace/personal/tt-ihp-int8-npu/src/npu_csa_reduce.sv:49$1833 ($xor).
Removed top 1 bits (of 19) from port Y of cell tt_um_danieltyukov_int8_npu.$flatten\u_core.\u_array.\g_row[4].g_col[0].u_pe.\u_add.$and$/home/danieltyukov/workspace/personal/tt-ihp-int8-npu/src/npu_adder.sv:60$1699 ($and).
Removed top 1 bits (of 19) from port A of cell tt_um_danieltyukov_int8_npu.$flatten\u_core.\u_array.\g_row[4].g_col[0].u_pe.\u_add.$and$/home/danieltyukov/workspace/personal/tt-ihp-int8-npu/src/npu_adder.sv:60$1699 ($and).
Removed top 1 bits (of 19) from port B of cell tt_um_danieltyukov_int8_npu.$flatten\u_core.\u_array.\g_row[4].g_col[0].u_pe.\u_add.$and$/home/danieltyukov/workspace/personal/tt-ihp-int8-npu/src/npu_adder.sv:60$1699 ($and).
Removed top 8 bits (of 16) from port A of cell tt_um_danieltyukov_int8_npu.$flatten\u_core.\u_array.\g_row[4].g_col[0].u_pe.\u_mul.\g_bw.g_wallace.u_tree.$xor$/home/danieltyukov/workspace/personal/tt-ihp-int8-npu/src/npu_csa_reduce.sv:49$1832 ($xor).
Removed top 7 bits (of 16) from port B of cell tt_um_danieltyukov_int8_npu.$flatten\u_core.\u_array.\g_row[4].g_col[0].u_pe.\u_mul.\g_bw.g_wallace.u_tree.$xor$/home/danieltyukov/workspace/personal/tt-ihp-int8-npu/src/npu_csa_reduce.sv:49$1832 ($xor).
Removed top 7 bits (of 16) from port Y of cell tt_um_danieltyukov_int8_npu.$flatten\u_core.\u_array.\g_row[4].g_col[0].u_pe.\u_mul.\g_bw.g_wallace.u_tree.$xor$/home/danieltyukov/workspace/personal/tt-ihp-int8-npu/src/npu_csa_reduce.sv:49$1832 ($xor).
Removed top 1 bits (of 16) from port Y of cell tt_um_danieltyukov_int8_npu.$flatten\u_core.\u_array.\g_row[4].g_col[0].u_pe.\u_mul.\u_cpa.$and$/home/danieltyukov/workspace/personal/tt-ihp-int8-npu/src/npu_adder.sv:60$1855 ($and).
Removed top 1 bits (of 16) from port A of cell tt_um_danieltyukov_int8_npu.$flatten\u_core.\u_array.\g_row[4].g_col[0].u_pe.\u_mul.\u_cpa.$and$/home/danieltyukov/workspace/personal/tt-ihp-int8-npu/src/npu_adder.sv:60$1855 ($and).
Removed top 1 bits (of 16) from port B of cell tt_um_danieltyukov_int8_npu.$flatten\u_core.\u_array.\g_row[4].g_col[0].u_pe.\u_mul.\u_cpa.$and$/home/danieltyukov/workspace/personal/tt-ihp-int8-npu/src/npu_adder.sv:60$1855 ($and).
Removed top 1 bits (of 16) from port Y of cell tt_um_danieltyukov_int8_npu.$flatten\u_core.\u_array.\g_row[4].g_col[0].u_pe.\u_mul.\g_bw.g_wallace.u_tree.\genblk1.g_reduce.u_next.$or$/home/danieltyukov/workspace/personal/tt-ihp-int8-npu/src/npu_csa_reduce.sv:53$1964 ($or).
Removed top 1 bits (of 16) from port A of cell tt_um_danieltyukov_int8_npu.$flatten\u_core.\u_array.\g_row[4].g_col[0].u_pe.\u_mul.\g_bw.g_wallace.u_tree.\genblk1.g_reduce.u_next.$or$/home/danieltyukov/workspace/personal/tt-ihp-int8-npu/src/npu_csa_reduce.sv:53$1964 ($or).
Removed top 1 bits (of 16) from port B of cell tt_um_danieltyukov_int8_npu.$flatten\u_core.\u_array.\g_row[4].g_col[0].u_pe.\u_mul.\g_bw.g_wallace.u_tree.\genblk1.g_reduce.u_next.$or$/home/danieltyukov/workspace/personal/tt-ihp-int8-npu/src/npu_csa_reduce.sv:53$1964 ($or).
Removed top 1 bits (of 16) from port Y of cell tt_um_danieltyukov_int8_npu.$flatten\u_core.\u_array.\g_row[4].g_col[0].u_pe.\u_mul.\g_bw.g_wallace.u_tree.\genblk1.g_reduce.u_next.$or$/home/danieltyukov/workspace/personal/tt-ihp-int8-npu/src/npu_csa_reduce.sv:53$1971 ($or).
Removed top 1 bits (of 16) from port A of cell tt_um_danieltyukov_int8_npu.$flatten\u_core.\u_array.\g_row[4].g_col[0].u_pe.\u_mul.\g_bw.g_wallace.u_tree.\genblk1.g_reduce.u_next.$or$/home/danieltyukov/workspace/personal/tt-ihp-int8-npu/src/npu_csa_reduce.sv:53$1971 ($or).
Removed top 1 bits (of 16) from port B of cell tt_um_danieltyukov_int8_npu.$flatten\u_core.\u_array.\g_row[4].g_col[0].u_pe.\u_mul.\g_bw.g_wallace.u_tree.\genblk1.g_reduce.u_next.$or$/home/danieltyukov/workspace/personal/tt-ihp-int8-npu/src/npu_csa_reduce.sv:53$1971 ($or).
Removed top 1 bits (of 16) from port Y of cell tt_um_danieltyukov_int8_npu.$flatten\u_core.\u_array.\g_row[4].g_col[0].u_pe.\u_mul.\g_bw.g_wallace.u_tree.\genblk1.g_reduce.u_next.\genblk1.g_reduce.u_next.\genblk1.g_reduce.u_next.$or$/home/danieltyukov/workspace/personal/tt-ihp-int8-npu/src/npu_csa_reduce.sv:53$1830 ($or).
Removed top 1 bits (of 16) from port A of cell tt_um_danieltyukov_int8_npu.$flatten\u_core.\u_array.\g_row[4].g_col[0].u_pe.\u_mul.\g_bw.g_wallace.u_tree.\genblk1.g_reduce.u_next.\genblk1.g_reduce.u_next.\genblk1.g_reduce.u_next.$or$/home/danieltyukov/workspace/personal/tt-ihp-int8-npu/src/npu_csa_reduce.sv:53$1830 ($or).
Removed top 1 bits (of 16) from port B of cell tt_um_danieltyukov_int8_npu.$flatten\u_core.\u_array.\g_row[4].g_col[0].u_pe.\u_mul.\g_bw.g_wallace.u_tree.\genblk1.g_reduce.u_next.\genblk1.g_reduce.u_next.\genblk1.g_reduce.u_next.$or$/home/danieltyukov/workspace/personal/tt-ihp-int8-npu/src/npu_csa_reduce.sv:53$1830 ($or).
Removed top 1 bits (of 16) from port Y of cell tt_um_danieltyukov_int8_npu.$flatten\u_core.\u_array.\g_row[4].g_col[0].u_pe.\u_mul.\g_bw.g_wallace.u_tree.\genblk1.g_reduce.u_next.\genblk1.g_reduce.u_next.$or$/home/danieltyukov/workspace/personal/tt-ihp-int8-npu/src/npu_csa_reduce.sv:53$1979 ($or).
Removed top 1 bits (of 16) from port A of cell tt_um_danieltyukov_int8_npu.$flatten\u_core.\u_array.\g_row[4].g_col[0].u_pe.\u_mul.\g_bw.g_wallace.u_tree.\genblk1.g_reduce.u_next.\genblk1.g_reduce.u_next.$or$/home/danieltyukov/workspace/personal/tt-ihp-int8-npu/src/npu_csa_reduce.sv:53$1979 ($or).
Removed top 1 bits (of 16) from port B of cell tt_um_danieltyukov_int8_npu.$flatten\u_core.\u_array.\g_row[4].g_col[0].u_pe.\u_mul.\g_bw.g_wallace.u_tree.\genblk1.g_reduce.u_next.\genblk1.g_reduce.u_next.$or$/home/danieltyukov/workspace/personal/tt-ihp-int8-npu/src/npu_csa_reduce.sv:53$1979 ($or).
Removed top 1 bits (of 16) from port Y of cell tt_um_danieltyukov_int8_npu.$flatten\u_core.\u_array.\g_row[4].g_col[0].u_pe.\u_mul.\g_bw.g_wallace.u_tree.\genblk1.g_reduce.u_next.\genblk1.g_reduce.u_next.$and$/home/danieltyukov/workspace/personal/tt-ihp-int8-npu/src/npu_csa_reduce.sv:53$1978 ($and).
Removed top 1 bits (of 16) from port A of cell tt_um_danieltyukov_int8_npu.$flatten\u_core.\u_array.\g_row[4].g_col[0].u_pe.\u_mul.\g_bw.g_wallace.u_tree.\genblk1.g_reduce.u_next.\genblk1.g_reduce.u_next.$and$/home/danieltyukov/workspace/personal/tt-ihp-int8-npu/src/npu_csa_reduce.sv:53$1978 ($and).
Removed top 1 bits (of 16) from port B of cell tt_um_danieltyukov_int8_npu.$flatten\u_core.\u_array.\g_row[4].g_col[0].u_pe.\u_mul.\g_bw.g_wallace.u_tree.\genblk1.g_reduce.u_next.\genblk1.g_reduce.u_next.$and$/home/danieltyukov/workspace/personal/tt-ihp-int8-npu/src/npu_csa_reduce.sv:53$1978 ($and).
Removed top 1 bits (of 16) from port Y of cell tt_um_danieltyukov_int8_npu.$flatten\u_core.\u_array.\g_row[4].g_col[0].u_pe.\u_mul.\g_bw.g_wallace.u_tree.\genblk1.g_reduce.u_next.\genblk1.g_reduce.u_next.$or$/home/danieltyukov/workspace/personal/tt-ihp-int8-npu/src/npu_csa_reduce.sv:53$1977 ($or).
Removed top 1 bits (of 16) from port A of cell tt_um_danieltyukov_int8_npu.$flatten\u_core.\u_array.\g_row[4].g_col[0].u_pe.\u_mul.\g_bw.g_wallace.u_tree.\genblk1.g_reduce.u_next.\genblk1.g_reduce.u_next.$or$/home/danieltyukov/workspace/personal/tt-ihp-int8-npu/src/npu_csa_reduce.sv:53$1977 ($or).
Removed top 1 bits (of 16) from port B of cell tt_um_danieltyukov_int8_npu.$flatten\u_core.\u_array.\g_row[4].g_col[0].u_pe.\u_mul.\g_bw.g_wallace.u_tree.\genblk1.g_reduce.u_next.\genblk1.g_reduce.u_next.$or$/home/danieltyukov/workspace/personal/tt-ihp-int8-npu/src/npu_csa_reduce.sv:53$1977 ($or).
Removed top 1 bits (of 16) from port Y of cell tt_um_danieltyukov_int8_npu.$flatten\u_core.\u_array.\g_row[4].g_col[0].u_pe.\u_mul.\g_bw.g_wallace.u_tree.\genblk1.g_reduce.u_next.\genblk1.g_reduce.u_next.$and$/home/danieltyukov/workspace/personal/tt-ihp-int8-npu/src/npu_csa_reduce.sv:53$1976 ($and).
Removed top 1 bits (of 16) from port A of cell tt_um_danieltyukov_int8_npu.$flatten\u_core.\u_array.\g_row[4].g_col[0].u_pe.\u_mul.\g_bw.g_wallace.u_tree.\genblk1.g_reduce.u_next.\genblk1.g_reduce.u_next.$and$/home/danieltyukov/workspace/personal/tt-ihp-int8-npu/src/npu_csa_reduce.sv:53$1976 ($and).
Removed top 1 bits (of 16) from port B of cell tt_um_danieltyukov_int8_npu.$flatten\u_core.\u_array.\g_row[4].g_col[0].u_pe.\u_mul.\g_bw.g_wallace.u_tree.\genblk1.g_reduce.u_next.\genblk1.g_reduce.u_next.$and$/home/danieltyukov/workspace/personal/tt-ihp-int8-npu/src/npu_csa_reduce.sv:53$1976 ($and).
Removed top 1 bits (of 16) from port Y of cell tt_um_danieltyukov_int8_npu.$flatten\u_core.\u_array.\g_row[4].g_col[0].u_pe.\u_mul.\g_bw.g_wallace.u_tree.\genblk1.g_reduce.u_next.\genblk1.g_reduce.u_next.$and$/home/danieltyukov/workspace/personal/tt-ihp-int8-npu/src/npu_csa_reduce.sv:53$1975 ($and).
Removed top 1 bits (of 16) from port A of cell tt_um_danieltyukov_int8_npu.$flatten\u_core.\u_array.\g_row[4].g_col[0].u_pe.\u_mul.\g_bw.g_wallace.u_tree.\genblk1.g_reduce.u_next.\genblk1.g_reduce.u_next.$and$/home/danieltyukov/workspace/personal/tt-ihp-int8-npu/src/npu_csa_reduce.sv:53$1975 ($and).
Removed top 1 bits (of 16) from port B of cell tt_um_danieltyukov_int8_npu.$flatten\u_core.\u_array.\g_row[4].g_col[0].u_pe.\u_mul.\g_bw.g_wallace.u_tree.\genblk1.g_reduce.u_next.\genblk1.g_reduce.u_next.$and$/home/danieltyukov/workspace/personal/tt-ihp-int8-npu/src/npu_csa_reduce.sv:53$1975 ($and).
Removed top 7 bits (of 16) from port B of cell tt_um_danieltyukov_int8_npu.$flatten\u_core.\u_array.\g_row[4].g_col[0].u_pe.\u_mul.\g_bw.g_wallace.u_tree.$or$/home/danieltyukov/workspace/personal/tt-ihp-int8-npu/src/npu_csa_reduce.sv:53$1852 ($or).
Removed top 1 bits (of 16) from port Y of cell tt_um_danieltyukov_int8_npu.$flatten\u_core.\u_array.\g_row[4].g_col[0].u_pe.\u_mul.\g_bw.g_wallace.u_tree.$or$/home/danieltyukov/workspace/personal/tt-ihp-int8-npu/src/npu_csa_reduce.sv:53$1852 ($or).
Removed top 1 bits (of 16) from port A of cell tt_um_danieltyukov_int8_npu.$flatten\u_core.\u_array.\g_row[4].g_col[0].u_pe.\u_mul.\g_bw.g_wallace.u_tree.$or$/home/danieltyukov/workspace/personal/tt-ihp-int8-npu/src/npu_csa_reduce.sv:53$1852 ($or).
Removed top 7 bits (of 16) from port B of cell tt_um_danieltyukov_int8_npu.$flatten\u_core.\u_array.\g_row[4].g_col[0].u_pe.\u_mul.\g_bw.g_wallace.u_tree.$or$/home/danieltyukov/workspace/personal/tt-ihp-int8-npu/src/npu_csa_reduce.sv:53$1850 ($or).
Removed top 1 bits (of 16) from port Y of cell tt_um_danieltyukov_int8_npu.$flatten\u_core.\u_array.\g_row[4].g_col[0].u_pe.\u_mul.\g_bw.g_wallace.u_tree.$or$/home/danieltyukov/workspace/personal/tt-ihp-int8-npu/src/npu_csa_reduce.sv:53$1850 ($or).
Removed top 1 bits (of 16) from port A of cell tt_um_danieltyukov_int8_npu.$flatten\u_core.\u_array.\g_row[4].g_col[0].u_pe.\u_mul.\g_bw.g_wallace.u_tree.$or$/home/danieltyukov/workspace/personal/tt-ihp-int8-npu/src/npu_csa_reduce.sv:53$1850 ($or).
Removed top 2 bits (of 16) from port A of cell tt_um_danieltyukov_int8_npu.$flatten\u_core.\u_array.\g_row[4].g_col[0].u_pe.\u_mul.\g_bw.g_wallace.u_tree.$and$/home/danieltyukov/workspace/personal/tt-ihp-int8-npu/src/npu_csa_reduce.sv:53$1848 ($and).
Removed top 1 bits (of 16) from port B of cell tt_um_danieltyukov_int8_npu.$flatten\u_core.\u_array.\g_row[4].g_col[0].u_pe.\u_mul.\g_bw.g_wallace.u_tree.$and$/home/danieltyukov/workspace/personal/tt-ihp-int8-npu/src/npu_csa_reduce.sv:53$1848 ($and).
Removed top 1 bits (of 16) from port Y of cell tt_um_danieltyukov_int8_npu.$flatten\u_core.\u_array.\g_row[4].g_col[0].u_pe.\u_mul.\g_bw.g_wallace.u_tree.$and$/home/danieltyukov/workspace/personal/tt-ihp-int8-npu/src/npu_csa_reduce.sv:53$1848 ($and).
Removed top 2 bits (of 16) from port A of cell tt_um_danieltyukov_int8_npu.$flatten\u_core.\u_array.\g_row[4].g_col[0].u_pe.\u_mul.\g_bw.g_wallace.u_tree.$xor$/home/danieltyukov/workspace/personal/tt-ihp-int8-npu/src/npu_csa_reduce.sv:49$1846 ($xor).
Removed top 1 bits (of 16) from port B of cell tt_um_danieltyukov_int8_npu.$flatten\u_core.\u_array.\g_row[4].g_col[0].u_pe.\u_mul.\g_bw.g_wallace.u_tree.$xor$/home/danieltyukov/workspace/personal/tt-ihp-int8-npu/src/npu_csa_reduce.sv:49$1846 ($xor).
Removed top 1 bits (of 16) from port Y of cell tt_um_danieltyukov_int8_npu.$flatten\u_core.\u_array.\g_row[4].g_col[0].u_pe.\u_mul.\g_bw.g_wallace.u_tree.$xor$/home/danieltyukov/workspace/personal/tt-ihp-int8-npu/src/npu_csa_reduce.sv:49$1846 ($xor).
Removed top 1 bits (of 16) from port Y of cell tt_um_danieltyukov_int8_npu.$flatten\u_core.\u_array.\g_row[4].g_col[0].u_pe.\u_mul.\g_bw.g_wallace.u_tree.$or$/home/danieltyukov/workspace/personal/tt-ihp-int8-npu/src/npu_csa_reduce.sv:53$1845 ($or).
Removed top 1 bits (of 16) from port A of cell tt_um_danieltyukov_int8_npu.$flatten\u_core.\u_array.\g_row[4].g_col[0].u_pe.\u_mul.\g_bw.g_wallace.u_tree.$or$/home/danieltyukov/workspace/personal/tt-ihp-int8-npu/src/npu_csa_reduce.sv:53$1845 ($or).
Removed top 1 bits (of 16) from port B of cell tt_um_danieltyukov_int8_npu.$flatten\u_core.\u_array.\g_row[4].g_col[0].u_pe.\u_mul.\g_bw.g_wallace.u_tree.$or$/home/danieltyukov/workspace/personal/tt-ihp-int8-npu/src/npu_csa_reduce.sv:53$1845 ($or).
Removed top 4 bits (of 16) from port A of cell tt_um_danieltyukov_int8_npu.$flatten\u_core.\u_array.\g_row[4].g_col[0].u_pe.\u_mul.\g_bw.g_wallace.u_tree.$and$/home/danieltyukov/workspace/personal/tt-ihp-int8-npu/src/npu_csa_reduce.sv:53$1844 ($and).
Removed top 3 bits (of 16) from port B of cell tt_um_danieltyukov_int8_npu.$flatten\u_core.\u_array.\g_row[4].g_col[0].u_pe.\u_mul.\g_bw.g_wallace.u_tree.$and$/home/danieltyukov/workspace/personal/tt-ihp-int8-npu/src/npu_csa_reduce.sv:53$1844 ($and).
Removed top 3 bits (of 16) from port Y of cell tt_um_danieltyukov_int8_npu.$flatten\u_core.\u_array.\g_row[4].g_col[0].u_pe.\u_mul.\g_bw.g_wallace.u_tree.$and$/home/danieltyukov/workspace/personal/tt-ihp-int8-npu/src/npu_csa_reduce.sv:53$1844 ($and).
Removed top 1 bits (of 16) from port Y of cell tt_um_danieltyukov_int8_npu.$flatten\u_core.\u_array.\g_row[4].g_col[0].u_pe.\u_mul.\g_bw.g_wallace.u_tree.$or$/home/danieltyukov/workspace/personal/tt-ihp-int8-npu/src/npu_csa_reduce.sv:53$1843 ($or).
Removed top 1 bits (of 16) from port A of cell tt_um_danieltyukov_int8_npu.$flatten\u_core.\u_array.\g_row[4].g_col[0].u_pe.\u_mul.\g_bw.g_wallace.u_tree.$or$/home/danieltyukov/workspace/personal/tt-ihp-int8-npu/src/npu_csa_reduce.sv:53$1843 ($or).
Removed top 1 bits (of 16) from port B of cell tt_um_danieltyukov_int8_npu.$flatten\u_core.\u_array.\g_row[4].g_col[0].u_pe.\u_mul.\g_bw.g_wallace.u_tree.$or$/home/danieltyukov/workspace/personal/tt-ihp-int8-npu/src/npu_csa_reduce.sv:53$1843 ($or).
Removed top 5 bits (of 16) from port A of cell tt_um_danieltyukov_int8_npu.$flatten\u_core.\u_array.\g_row[4].g_col[0].u_pe.\u_mul.\g_bw.g_wallace.u_tree.$and$/home/danieltyukov/workspace/personal/tt-ihp-int8-npu/src/npu_csa_reduce.sv:53$1842 ($and).
Removed top 3 bits (of 16) from port B of cell tt_um_danieltyukov_int8_npu.$flatten\u_core.\u_array.\g_row[4].g_col[0].u_pe.\u_mul.\g_bw.g_wallace.u_tree.$and$/home/danieltyukov/workspace/personal/tt-ihp-int8-npu/src/npu_csa_reduce.sv:53$1842 ($and).
Removed top 3 bits (of 16) from port Y of cell tt_um_danieltyukov_int8_npu.$flatten\u_core.\u_array.\g_row[4].g_col[0].u_pe.\u_mul.\g_bw.g_wallace.u_tree.$and$/home/danieltyukov/workspace/personal/tt-ihp-int8-npu/src/npu_csa_reduce.sv:53$1842 ($and).
Removed top 5 bits (of 16) from port A of cell tt_um_danieltyukov_int8_npu.$flatten\u_core.\u_array.\g_row[4].g_col[0].u_pe.\u_mul.\g_bw.g_wallace.u_tree.$and$/home/danieltyukov/workspace/personal/tt-ihp-int8-npu/src/npu_csa_reduce.sv:53$1841 ($and).
Removed top 4 bits (of 16) from port B of cell tt_um_danieltyukov_int8_npu.$flatten\u_core.\u_array.\g_row[4].g_col[0].u_pe.\u_mul.\g_bw.g_wallace.u_tree.$and$/home/danieltyukov/workspace/personal/tt-ihp-int8-npu/src/npu_csa_reduce.sv:53$1841 ($and).
Removed top 4 bits (of 16) from port Y of cell tt_um_danieltyukov_int8_npu.$flatten\u_core.\u_array.\g_row[4].g_col[0].u_pe.\u_mul.\g_bw.g_wallace.u_tree.$and$/home/danieltyukov/workspace/personal/tt-ihp-int8-npu/src/npu_csa_reduce.sv:53$1841 ($and).
Removed top 3 bits (of 16) from port B of cell tt_um_danieltyukov_int8_npu.$flatten\u_core.\u_array.\g_row[4].g_col[0].u_pe.\u_mul.\g_bw.g_wallace.u_tree.$xor$/home/danieltyukov/workspace/personal/tt-ihp-int8-npu/src/npu_csa_reduce.sv:49$1840 ($xor).
Removed top 5 bits (of 16) from port A of cell tt_um_danieltyukov_int8_npu.$flatten\u_core.\u_array.\g_row[4].g_col[0].u_pe.\u_mul.\g_bw.g_wallace.u_tree.$xor$/home/danieltyukov/workspace/personal/tt-ihp-int8-npu/src/npu_csa_reduce.sv:49$1839 ($xor).
Removed top 4 bits (of 16) from port B of cell tt_um_danieltyukov_int8_npu.$flatten\u_core.\u_array.\g_row[4].g_col[0].u_pe.\u_mul.\g_bw.g_wallace.u_tree.$xor$/home/danieltyukov/workspace/personal/tt-ihp-int8-npu/src/npu_csa_reduce.sv:49$1839 ($xor).
Removed top 4 bits (of 16) from port Y of cell tt_um_danieltyukov_int8_npu.$flatten\u_core.\u_array.\g_row[4].g_col[0].u_pe.\u_mul.\g_bw.g_wallace.u_tree.$xor$/home/danieltyukov/workspace/personal/tt-ihp-int8-npu/src/npu_csa_reduce.sv:49$1839 ($xor).
Removed top 1 bits (of 16) from port Y of cell tt_um_danieltyukov_int8_npu.$flatten\u_core.\u_array.\g_row[4].g_col[0].u_pe.\u_mul.\g_bw.g_wallace.u_tree.$or$/home/danieltyukov/workspace/personal/tt-ihp-int8-npu/src/npu_csa_reduce.sv:53$1838 ($or).
Removed top 1 bits (of 16) from port A of cell tt_um_danieltyukov_int8_npu.$flatten\u_core.\u_array.\g_row[4].g_col[0].u_pe.\u_mul.\g_bw.g_wallace.u_tree.$or$/home/danieltyukov/workspace/personal/tt-ihp-int8-npu/src/npu_csa_reduce.sv:53$1838 ($or).
Removed top 1 bits (of 16) from port B of cell tt_um_danieltyukov_int8_npu.$flatten\u_core.\u_array.\g_row[4].g_col[0].u_pe.\u_mul.\g_bw.g_wallace.u_tree.$or$/home/danieltyukov/workspace/personal/tt-ihp-int8-npu/src/npu_csa_reduce.sv:53$1838 ($or).
Removed top 7 bits (of 16) from port A of cell tt_um_danieltyukov_int8_npu.$flatten\u_core.\u_array.\g_row[4].g_col[0].u_pe.\u_mul.\g_bw.g_wallace.u_tree.$and$/home/danieltyukov/workspace/personal/tt-ihp-int8-npu/src/npu_csa_reduce.sv:53$1837 ($and).
Removed top 6 bits (of 16) from port B of cell tt_um_danieltyukov_int8_npu.$flatten\u_core.\u_array.\g_row[4].g_col[0].u_pe.\u_mul.\g_bw.g_wallace.u_tree.$and$/home/danieltyukov/workspace/personal/tt-ihp-int8-npu/src/npu_csa_reduce.sv:53$1837 ($and).
Removed top 6 bits (of 16) from port Y of cell tt_um_danieltyukov_int8_npu.$flatten\u_core.\u_array.\g_row[4].g_col[0].u_pe.\u_mul.\g_bw.g_wallace.u_tree.$and$/home/danieltyukov/workspace/personal/tt-ihp-int8-npu/src/npu_csa_reduce.sv:53$1837 ($and).
Removed top 1 bits (of 16) from port Y of cell tt_um_danieltyukov_int8_npu.$flatten\u_core.\u_array.\g_row[4].g_col[0].u_pe.\u_mul.\g_bw.g_wallace.u_tree.$or$/home/danieltyukov/workspace/personal/tt-ihp-int8-npu/src/npu_csa_reduce.sv:53$1836 ($or).
Removed top 1 bits (of 16) from port A of cell tt_um_danieltyukov_int8_npu.$flatten\u_core.\u_array.\g_row[4].g_col[0].u_pe.\u_mul.\g_bw.g_wallace.u_tree.$or$/home/danieltyukov/workspace/personal/tt-ihp-int8-npu/src/npu_csa_reduce.sv:53$1836 ($or).
Removed top 1 bits (of 16) from port B of cell tt_um_danieltyukov_int8_npu.$flatten\u_core.\u_array.\g_row[4].g_col[0].u_pe.\u_mul.\g_bw.g_wallace.u_tree.$or$/home/danieltyukov/workspace/personal/tt-ihp-int8-npu/src/npu_csa_reduce.sv:53$1836 ($or).
Removed top 8 bits (of 16) from port A of cell tt_um_danieltyukov_int8_npu.$flatten\u_core.\u_array.\g_row[4].g_col[0].u_pe.\u_mul.\g_bw.g_wallace.u_tree.$and$/home/danieltyukov/workspace/personal/tt-ihp-int8-npu/src/npu_csa_reduce.sv:53$1835 ($and).
Removed top 6 bits (of 16) from port B of cell tt_um_danieltyukov_int8_npu.$flatten\u_core.\u_array.\g_row[4].g_col[0].u_pe.\u_mul.\g_bw.g_wallace.u_tree.$and$/home/danieltyukov/workspace/personal/tt-ihp-int8-npu/src/npu_csa_reduce.sv:53$1835 ($and).
Removed top 6 bits (of 16) from port Y of cell tt_um_danieltyukov_int8_npu.$flatten\u_core.\u_array.\g_row[4].g_col[0].u_pe.\u_mul.\g_bw.g_wallace.u_tree.$and$/home/danieltyukov/workspace/personal/tt-ihp-int8-npu/src/npu_csa_reduce.sv:53$1835 ($and).
Removed top 8 bits (of 16) from port A of cell tt_um_danieltyukov_int8_npu.$flatten\u_core.\u_array.\g_row[4].g_col[0].u_pe.\u_mul.\g_bw.g_wallace.u_tree.$and$/home/danieltyukov/workspace/personal/tt-ihp-int8-npu/src/npu_csa_reduce.sv:53$1834 ($and).
Removed top 7 bits (of 16) from port B of cell tt_um_danieltyukov_int8_npu.$flatten\u_core.\u_array.\g_row[4].g_col[0].u_pe.\u_mul.\g_bw.g_wallace.u_tree.$and$/home/danieltyukov/workspace/personal/tt-ihp-int8-npu/src/npu_csa_reduce.sv:53$1834 ($and).
Removed top 7 bits (of 16) from port Y of cell tt_um_danieltyukov_int8_npu.$flatten\u_core.\u_array.\g_row[4].g_col[0].u_pe.\u_mul.\g_bw.g_wallace.u_tree.$and$/home/danieltyukov/workspace/personal/tt-ihp-int8-npu/src/npu_csa_reduce.sv:53$1834 ($and).
Removed top 7 bits (of 16) from port A of cell tt_um_danieltyukov_int8_npu.$flatten\u_core.\u_array.\g_row[4].g_col[0].u_pe.\u_mul.\g_bw.g_wallace.u_tree.$xor$/home/danieltyukov/workspace/personal/tt-ihp-int8-npu/src/npu_csa_reduce.sv:49$1833 ($xor).
Removed top 6 bits (of 16) from port B of cell tt_um_danieltyukov_int8_npu.$flatten\u_core.\u_array.\g_row[4].g_col[0].u_pe.\u_mul.\g_bw.g_wallace.u_tree.$xor$/home/danieltyukov/workspace/personal/tt-ihp-int8-npu/src/npu_csa_reduce.sv:49$1833 ($xor).
Removed top 6 bits (of 16) from port Y of cell tt_um_danieltyukov_int8_npu.$flatten\u_core.\u_array.\g_row[4].g_col[0].u_pe.\u_mul.\g_bw.g_wallace.u_tree.$xor$/home/danieltyukov/workspace/personal/tt-ihp-int8-npu/src/npu_csa_reduce.sv:49$1833 ($xor).
Removed top 1 bits (of 19) from port Y of cell tt_um_danieltyukov_int8_npu.$flatten\u_core.\u_array.\g_row[4].g_col[1].u_pe.\u_add.$and$/home/danieltyukov/workspace/personal/tt-ihp-int8-npu/src/npu_adder.sv:60$1699 ($and).
Removed top 1 bits (of 19) from port A of cell tt_um_danieltyukov_int8_npu.$flatten\u_core.\u_array.\g_row[4].g_col[1].u_pe.\u_add.$and$/home/danieltyukov/workspace/personal/tt-ihp-int8-npu/src/npu_adder.sv:60$1699 ($and).
Removed top 1 bits (of 19) from port B of cell tt_um_danieltyukov_int8_npu.$flatten\u_core.\u_array.\g_row[4].g_col[1].u_pe.\u_add.$and$/home/danieltyukov/workspace/personal/tt-ihp-int8-npu/src/npu_adder.sv:60$1699 ($and).
Removed top 8 bits (of 16) from port A of cell tt_um_danieltyukov_int8_npu.$flatten\u_core.\u_array.\g_row[4].g_col[1].u_pe.\u_mul.\g_bw.g_wallace.u_tree.$xor$/home/danieltyukov/workspace/personal/tt-ihp-int8-npu/src/npu_csa_reduce.sv:49$1832 ($xor).
Removed top 7 bits (of 16) from port B of cell tt_um_danieltyukov_int8_npu.$flatten\u_core.\u_array.\g_row[4].g_col[1].u_pe.\u_mul.\g_bw.g_wallace.u_tree.$xor$/home/danieltyukov/workspace/personal/tt-ihp-int8-npu/src/npu_csa_reduce.sv:49$1832 ($xor).
Removed top 7 bits (of 16) from port Y of cell tt_um_danieltyukov_int8_npu.$flatten\u_core.\u_array.\g_row[4].g_col[1].u_pe.\u_mul.\g_bw.g_wallace.u_tree.$xor$/home/danieltyukov/workspace/personal/tt-ihp-int8-npu/src/npu_csa_reduce.sv:49$1832 ($xor).
Removed top 1 bits (of 16) from port Y of cell tt_um_danieltyukov_int8_npu.$flatten\u_core.\u_array.\g_row[4].g_col[1].u_pe.\u_mul.\u_cpa.$and$/home/danieltyukov/workspace/personal/tt-ihp-int8-npu/src/npu_adder.sv:60$1855 ($and).
Removed top 1 bits (of 16) from port A of cell tt_um_danieltyukov_int8_npu.$flatten\u_core.\u_array.\g_row[4].g_col[1].u_pe.\u_mul.\u_cpa.$and$/home/danieltyukov/workspace/personal/tt-ihp-int8-npu/src/npu_adder.sv:60$1855 ($and).
Removed top 1 bits (of 16) from port B of cell tt_um_danieltyukov_int8_npu.$flatten\u_core.\u_array.\g_row[4].g_col[1].u_pe.\u_mul.\u_cpa.$and$/home/danieltyukov/workspace/personal/tt-ihp-int8-npu/src/npu_adder.sv:60$1855 ($and).
Removed top 1 bits (of 16) from port Y of cell tt_um_danieltyukov_int8_npu.$flatten\u_core.\u_array.\g_row[4].g_col[1].u_pe.\u_mul.\g_bw.g_wallace.u_tree.\genblk1.g_reduce.u_next.$or$/home/danieltyukov/workspace/personal/tt-ihp-int8-npu/src/npu_csa_reduce.sv:53$1964 ($or).
Removed top 1 bits (of 16) from port A of cell tt_um_danieltyukov_int8_npu.$flatten\u_core.\u_array.\g_row[4].g_col[1].u_pe.\u_mul.\g_bw.g_wallace.u_tree.\genblk1.g_reduce.u_next.$or$/home/danieltyukov/workspace/personal/tt-ihp-int8-npu/src/npu_csa_reduce.sv:53$1964 ($or).
Removed top 1 bits (of 16) from port B of cell tt_um_danieltyukov_int8_npu.$flatten\u_core.\u_array.\g_row[4].g_col[1].u_pe.\u_mul.\g_bw.g_wallace.u_tree.\genblk1.g_reduce.u_next.$or$/home/danieltyukov/workspace/personal/tt-ihp-int8-npu/src/npu_csa_reduce.sv:53$1964 ($or).
Removed top 1 bits (of 16) from port Y of cell tt_um_danieltyukov_int8_npu.$flatten\u_core.\u_array.\g_row[4].g_col[1].u_pe.\u_mul.\g_bw.g_wallace.u_tree.\genblk1.g_reduce.u_next.$or$/home/danieltyukov/workspace/personal/tt-ihp-int8-npu/src/npu_csa_reduce.sv:53$1971 ($or).
Removed top 1 bits (of 16) from port A of cell tt_um_danieltyukov_int8_npu.$flatten\u_core.\u_array.\g_row[4].g_col[1].u_pe.\u_mul.\g_bw.g_wallace.u_tree.\genblk1.g_reduce.u_next.$or$/home/danieltyukov/workspace/personal/tt-ihp-int8-npu/src/npu_csa_reduce.sv:53$1971 ($or).
Removed top 1 bits (of 16) from port B of cell tt_um_danieltyukov_int8_npu.$flatten\u_core.\u_array.\g_row[4].g_col[1].u_pe.\u_mul.\g_bw.g_wallace.u_tree.\genblk1.g_reduce.u_next.$or$/home/danieltyukov/workspace/personal/tt-ihp-int8-npu/src/npu_csa_reduce.sv:53$1971 ($or).
Removed top 1 bits (of 16) from port Y of cell tt_um_danieltyukov_int8_npu.$flatten\u_core.\u_array.\g_row[4].g_col[1].u_pe.\u_mul.\g_bw.g_wallace.u_tree.\genblk1.g_reduce.u_next.\genblk1.g_reduce.u_next.\genblk1.g_reduce.u_next.$or$/home/danieltyukov/workspace/personal/tt-ihp-int8-npu/src/npu_csa_reduce.sv:53$1830 ($or).
Removed top 1 bits (of 16) from port A of cell tt_um_danieltyukov_int8_npu.$flatten\u_core.\u_array.\g_row[4].g_col[1].u_pe.\u_mul.\g_bw.g_wallace.u_tree.\genblk1.g_reduce.u_next.\genblk1.g_reduce.u_next.\genblk1.g_reduce.u_next.$or$/home/danieltyukov/workspace/personal/tt-ihp-int8-npu/src/npu_csa_reduce.sv:53$1830 ($or).
Removed top 1 bits (of 16) from port B of cell tt_um_danieltyukov_int8_npu.$flatten\u_core.\u_array.\g_row[4].g_col[1].u_pe.\u_mul.\g_bw.g_wallace.u_tree.\genblk1.g_reduce.u_next.\genblk1.g_reduce.u_next.\genblk1.g_reduce.u_next.$or$/home/danieltyukov/workspace/personal/tt-ihp-int8-npu/src/npu_csa_reduce.sv:53$1830 ($or).
Removed top 1 bits (of 16) from port Y of cell tt_um_danieltyukov_int8_npu.$flatten\u_core.\u_array.\g_row[4].g_col[1].u_pe.\u_mul.\g_bw.g_wallace.u_tree.\genblk1.g_reduce.u_next.\genblk1.g_reduce.u_next.$or$/home/danieltyukov/workspace/personal/tt-ihp-int8-npu/src/npu_csa_reduce.sv:53$1979 ($or).
Removed top 1 bits (of 16) from port A of cell tt_um_danieltyukov_int8_npu.$flatten\u_core.\u_array.\g_row[4].g_col[1].u_pe.\u_mul.\g_bw.g_wallace.u_tree.\genblk1.g_reduce.u_next.\genblk1.g_reduce.u_next.$or$/home/danieltyukov/workspace/personal/tt-ihp-int8-npu/src/npu_csa_reduce.sv:53$1979 ($or).
Removed top 1 bits (of 16) from port B of cell tt_um_danieltyukov_int8_npu.$flatten\u_core.\u_array.\g_row[4].g_col[1].u_pe.\u_mul.\g_bw.g_wallace.u_tree.\genblk1.g_reduce.u_next.\genblk1.g_reduce.u_next.$or$/home/danieltyukov/workspace/personal/tt-ihp-int8-npu/src/npu_csa_reduce.sv:53$1979 ($or).
Removed top 1 bits (of 16) from port Y of cell tt_um_danieltyukov_int8_npu.$flatten\u_core.\u_array.\g_row[4].g_col[1].u_pe.\u_mul.\g_bw.g_wallace.u_tree.\genblk1.g_reduce.u_next.\genblk1.g_reduce.u_next.$and$/home/danieltyukov/workspace/personal/tt-ihp-int8-npu/src/npu_csa_reduce.sv:53$1978 ($and).
Removed top 1 bits (of 16) from port A of cell tt_um_danieltyukov_int8_npu.$flatten\u_core.\u_array.\g_row[4].g_col[1].u_pe.\u_mul.\g_bw.g_wallace.u_tree.\genblk1.g_reduce.u_next.\genblk1.g_reduce.u_next.$and$/home/danieltyukov/workspace/personal/tt-ihp-int8-npu/src/npu_csa_reduce.sv:53$1978 ($and).
Removed top 1 bits (of 16) from port B of cell tt_um_danieltyukov_int8_npu.$flatten\u_core.\u_array.\g_row[4].g_col[1].u_pe.\u_mul.\g_bw.g_wallace.u_tree.\genblk1.g_reduce.u_next.\genblk1.g_reduce.u_next.$and$/home/danieltyukov/workspace/personal/tt-ihp-int8-npu/src/npu_csa_reduce.sv:53$1978 ($and).
Removed top 1 bits (of 16) from port Y of cell tt_um_danieltyukov_int8_npu.$flatten\u_core.\u_array.\g_row[4].g_col[1].u_pe.\u_mul.\g_bw.g_wallace.u_tree.\genblk1.g_reduce.u_next.\genblk1.g_reduce.u_next.$or$/home/danieltyukov/workspace/personal/tt-ihp-int8-npu/src/npu_csa_reduce.sv:53$1977 ($or).
Removed top 1 bits (of 16) from port A of cell tt_um_danieltyukov_int8_npu.$flatten\u_core.\u_array.\g_row[4].g_col[1].u_pe.\u_mul.\g_bw.g_wallace.u_tree.\genblk1.g_reduce.u_next.\genblk1.g_reduce.u_next.$or$/home/danieltyukov/workspace/personal/tt-ihp-int8-npu/src/npu_csa_reduce.sv:53$1977 ($or).
Removed top 1 bits (of 16) from port B of cell tt_um_danieltyukov_int8_npu.$flatten\u_core.\u_array.\g_row[4].g_col[1].u_pe.\u_mul.\g_bw.g_wallace.u_tree.\genblk1.g_reduce.u_next.\genblk1.g_reduce.u_next.$or$/home/danieltyukov/workspace/personal/tt-ihp-int8-npu/src/npu_csa_reduce.sv:53$1977 ($or).
Removed top 1 bits (of 16) from port Y of cell tt_um_danieltyukov_int8_npu.$flatten\u_core.\u_array.\g_row[4].g_col[1].u_pe.\u_mul.\g_bw.g_wallace.u_tree.\genblk1.g_reduce.u_next.\genblk1.g_reduce.u_next.$and$/home/danieltyukov/workspace/personal/tt-ihp-int8-npu/src/npu_csa_reduce.sv:53$1976 ($and).
Removed top 1 bits (of 16) from port A of cell tt_um_danieltyukov_int8_npu.$flatten\u_core.\u_array.\g_row[4].g_col[1].u_pe.\u_mul.\g_bw.g_wallace.u_tree.\genblk1.g_reduce.u_next.\genblk1.g_reduce.u_next.$and$/home/danieltyukov/workspace/personal/tt-ihp-int8-npu/src/npu_csa_reduce.sv:53$1976 ($and).
Removed top 1 bits (of 16) from port B of cell tt_um_danieltyukov_int8_npu.$flatten\u_core.\u_array.\g_row[4].g_col[1].u_pe.\u_mul.\g_bw.g_wallace.u_tree.\genblk1.g_reduce.u_next.\genblk1.g_reduce.u_next.$and$/home/danieltyukov/workspace/personal/tt-ihp-int8-npu/src/npu_csa_reduce.sv:53$1976 ($and).
Removed top 1 bits (of 16) from port Y of cell tt_um_danieltyukov_int8_npu.$flatten\u_core.\u_array.\g_row[4].g_col[1].u_pe.\u_mul.\g_bw.g_wallace.u_tree.\genblk1.g_reduce.u_next.\genblk1.g_reduce.u_next.$and$/home/danieltyukov/workspace/personal/tt-ihp-int8-npu/src/npu_csa_reduce.sv:53$1975 ($and).
Removed top 1 bits (of 16) from port A of cell tt_um_danieltyukov_int8_npu.$flatten\u_core.\u_array.\g_row[4].g_col[1].u_pe.\u_mul.\g_bw.g_wallace.u_tree.\genblk1.g_reduce.u_next.\genblk1.g_reduce.u_next.$and$/home/danieltyukov/workspace/personal/tt-ihp-int8-npu/src/npu_csa_reduce.sv:53$1975 ($and).
Removed top 1 bits (of 16) from port B of cell tt_um_danieltyukov_int8_npu.$flatten\u_core.\u_array.\g_row[4].g_col[1].u_pe.\u_mul.\g_bw.g_wallace.u_tree.\genblk1.g_reduce.u_next.\genblk1.g_reduce.u_next.$and$/home/danieltyukov/workspace/personal/tt-ihp-int8-npu/src/npu_csa_reduce.sv:53$1975 ($and).
Removed top 7 bits (of 16) from port B of cell tt_um_danieltyukov_int8_npu.$flatten\u_core.\u_array.\g_row[4].g_col[1].u_pe.\u_mul.\g_bw.g_wallace.u_tree.$or$/home/danieltyukov/workspace/personal/tt-ihp-int8-npu/src/npu_csa_reduce.sv:53$1852 ($or).
Removed top 1 bits (of 16) from port Y of cell tt_um_danieltyukov_int8_npu.$flatten\u_core.\u_array.\g_row[4].g_col[1].u_pe.\u_mul.\g_bw.g_wallace.u_tree.$or$/home/danieltyukov/workspace/personal/tt-ihp-int8-npu/src/npu_csa_reduce.sv:53$1852 ($or).
Removed top 1 bits (of 16) from port A of cell tt_um_danieltyukov_int8_npu.$flatten\u_core.\u_array.\g_row[4].g_col[1].u_pe.\u_mul.\g_bw.g_wallace.u_tree.$or$/home/danieltyukov/workspace/personal/tt-ihp-int8-npu/src/npu_csa_reduce.sv:53$1852 ($or).
Removed top 7 bits (of 16) from port B of cell tt_um_danieltyukov_int8_npu.$flatten\u_core.\u_array.\g_row[4].g_col[1].u_pe.\u_mul.\g_bw.g_wallace.u_tree.$or$/home/danieltyukov/workspace/personal/tt-ihp-int8-npu/src/npu_csa_reduce.sv:53$1850 ($or).
Removed top 1 bits (of 16) from port Y of cell tt_um_danieltyukov_int8_npu.$flatten\u_core.\u_array.\g_row[4].g_col[1].u_pe.\u_mul.\g_bw.g_wallace.u_tree.$or$/home/danieltyukov/workspace/personal/tt-ihp-int8-npu/src/npu_csa_reduce.sv:53$1850 ($or).
Removed top 1 bits (of 16) from port A of cell tt_um_danieltyukov_int8_npu.$flatten\u_core.\u_array.\g_row[4].g_col[1].u_pe.\u_mul.\g_bw.g_wallace.u_tree.$or$/home/danieltyukov/workspace/personal/tt-ihp-int8-npu/src/npu_csa_reduce.sv:53$1850 ($or).
Removed top 2 bits (of 16) from port A of cell tt_um_danieltyukov_int8_npu.$flatten\u_core.\u_array.\g_row[4].g_col[1].u_pe.\u_mul.\g_bw.g_wallace.u_tree.$and$/home/danieltyukov/workspace/personal/tt-ihp-int8-npu/src/npu_csa_reduce.sv:53$1848 ($and).
Removed top 1 bits (of 16) from port B of cell tt_um_danieltyukov_int8_npu.$flatten\u_core.\u_array.\g_row[4].g_col[1].u_pe.\u_mul.\g_bw.g_wallace.u_tree.$and$/home/danieltyukov/workspace/personal/tt-ihp-int8-npu/src/npu_csa_reduce.sv:53$1848 ($and).
Removed top 1 bits (of 16) from port Y of cell tt_um_danieltyukov_int8_npu.$flatten\u_core.\u_array.\g_row[4].g_col[1].u_pe.\u_mul.\g_bw.g_wallace.u_tree.$and$/home/danieltyukov/workspace/personal/tt-ihp-int8-npu/src/npu_csa_reduce.sv:53$1848 ($and).
Removed top 2 bits (of 16) from port A of cell tt_um_danieltyukov_int8_npu.$flatten\u_core.\u_array.\g_row[4].g_col[1].u_pe.\u_mul.\g_bw.g_wallace.u_tree.$xor$/home/danieltyukov/workspace/personal/tt-ihp-int8-npu/src/npu_csa_reduce.sv:49$1846 ($xor).
Removed top 1 bits (of 16) from port B of cell tt_um_danieltyukov_int8_npu.$flatten\u_core.\u_array.\g_row[4].g_col[1].u_pe.\u_mul.\g_bw.g_wallace.u_tree.$xor$/home/danieltyukov/workspace/personal/tt-ihp-int8-npu/src/npu_csa_reduce.sv:49$1846 ($xor).
Removed top 1 bits (of 16) from port Y of cell tt_um_danieltyukov_int8_npu.$flatten\u_core.\u_array.\g_row[4].g_col[1].u_pe.\u_mul.\g_bw.g_wallace.u_tree.$xor$/home/danieltyukov/workspace/personal/tt-ihp-int8-npu/src/npu_csa_reduce.sv:49$1846 ($xor).
Removed top 1 bits (of 16) from port Y of cell tt_um_danieltyukov_int8_npu.$flatten\u_core.\u_array.\g_row[4].g_col[1].u_pe.\u_mul.\g_bw.g_wallace.u_tree.$or$/home/danieltyukov/workspace/personal/tt-ihp-int8-npu/src/npu_csa_reduce.sv:53$1845 ($or).
Removed top 1 bits (of 16) from port A of cell tt_um_danieltyukov_int8_npu.$flatten\u_core.\u_array.\g_row[4].g_col[1].u_pe.\u_mul.\g_bw.g_wallace.u_tree.$or$/home/danieltyukov/workspace/personal/tt-ihp-int8-npu/src/npu_csa_reduce.sv:53$1845 ($or).
Removed top 1 bits (of 16) from port B of cell tt_um_danieltyukov_int8_npu.$flatten\u_core.\u_array.\g_row[4].g_col[1].u_pe.\u_mul.\g_bw.g_wallace.u_tree.$or$/home/danieltyukov/workspace/personal/tt-ihp-int8-npu/src/npu_csa_reduce.sv:53$1845 ($or).
Removed top 4 bits (of 16) from port A of cell tt_um_danieltyukov_int8_npu.$flatten\u_core.\u_array.\g_row[4].g_col[1].u_pe.\u_mul.\g_bw.g_wallace.u_tree.$and$/home/danieltyukov/workspace/personal/tt-ihp-int8-npu/src/npu_csa_reduce.sv:53$1844 ($and).
Removed top 3 bits (of 16) from port B of cell tt_um_danieltyukov_int8_npu.$flatten\u_core.\u_array.\g_row[4].g_col[1].u_pe.\u_mul.\g_bw.g_wallace.u_tree.$and$/home/danieltyukov/workspace/personal/tt-ihp-int8-npu/src/npu_csa_reduce.sv:53$1844 ($and).
Removed top 3 bits (of 16) from port Y of cell tt_um_danieltyukov_int8_npu.$flatten\u_core.\u_array.\g_row[4].g_col[1].u_pe.\u_mul.\g_bw.g_wallace.u_tree.$and$/home/danieltyukov/workspace/personal/tt-ihp-int8-npu/src/npu_csa_reduce.sv:53$1844 ($and).
Removed top 1 bits (of 16) from port Y of cell tt_um_danieltyukov_int8_npu.$flatten\u_core.\u_array.\g_row[4].g_col[1].u_pe.\u_mul.\g_bw.g_wallace.u_tree.$or$/home/danieltyukov/workspace/personal/tt-ihp-int8-npu/src/npu_csa_reduce.sv:53$1843 ($or).
Removed top 1 bits (of 16) from port A of cell tt_um_danieltyukov_int8_npu.$flatten\u_core.\u_array.\g_row[4].g_col[1].u_pe.\u_mul.\g_bw.g_wallace.u_tree.$or$/home/danieltyukov/workspace/personal/tt-ihp-int8-npu/src/npu_csa_reduce.sv:53$1843 ($or).
Removed top 1 bits (of 16) from port B of cell tt_um_danieltyukov_int8_npu.$flatten\u_core.\u_array.\g_row[4].g_col[1].u_pe.\u_mul.\g_bw.g_wallace.u_tree.$or$/home/danieltyukov/workspace/personal/tt-ihp-int8-npu/src/npu_csa_reduce.sv:53$1843 ($or).
Removed top 5 bits (of 16) from port A of cell tt_um_danieltyukov_int8_npu.$flatten\u_core.\u_array.\g_row[4].g_col[1].u_pe.\u_mul.\g_bw.g_wallace.u_tree.$and$/home/danieltyukov/workspace/personal/tt-ihp-int8-npu/src/npu_csa_reduce.sv:53$1842 ($and).
Removed top 3 bits (of 16) from port B of cell tt_um_danieltyukov_int8_npu.$flatten\u_core.\u_array.\g_row[4].g_col[1].u_pe.\u_mul.\g_bw.g_wallace.u_tree.$and$/home/danieltyukov/workspace/personal/tt-ihp-int8-npu/src/npu_csa_reduce.sv:53$1842 ($and).
Removed top 3 bits (of 16) from port Y of cell tt_um_danieltyukov_int8_npu.$flatten\u_core.\u_array.\g_row[4].g_col[1].u_pe.\u_mul.\g_bw.g_wallace.u_tree.$and$/home/danieltyukov/workspace/personal/tt-ihp-int8-npu/src/npu_csa_reduce.sv:53$1842 ($and).
Removed top 5 bits (of 16) from port A of cell tt_um_danieltyukov_int8_npu.$flatten\u_core.\u_array.\g_row[4].g_col[1].u_pe.\u_mul.\g_bw.g_wallace.u_tree.$and$/home/danieltyukov/workspace/personal/tt-ihp-int8-npu/src/npu_csa_reduce.sv:53$1841 ($and).
Removed top 4 bits (of 16) from port B of cell tt_um_danieltyukov_int8_npu.$flatten\u_core.\u_array.\g_row[4].g_col[1].u_pe.\u_mul.\g_bw.g_wallace.u_tree.$and$/home/danieltyukov/workspace/personal/tt-ihp-int8-npu/src/npu_csa_reduce.sv:53$1841 ($and).
Removed top 4 bits (of 16) from port Y of cell tt_um_danieltyukov_int8_npu.$flatten\u_core.\u_array.\g_row[4].g_col[1].u_pe.\u_mul.\g_bw.g_wallace.u_tree.$and$/home/danieltyukov/workspace/personal/tt-ihp-int8-npu/src/npu_csa_reduce.sv:53$1841 ($and).
Removed top 3 bits (of 16) from port B of cell tt_um_danieltyukov_int8_npu.$flatten\u_core.\u_array.\g_row[4].g_col[1].u_pe.\u_mul.\g_bw.g_wallace.u_tree.$xor$/home/danieltyukov/workspace/personal/tt-ihp-int8-npu/src/npu_csa_reduce.sv:49$1840 ($xor).
Removed top 5 bits (of 16) from port A of cell tt_um_danieltyukov_int8_npu.$flatten\u_core.\u_array.\g_row[4].g_col[1].u_pe.\u_mul.\g_bw.g_wallace.u_tree.$xor$/home/danieltyukov/workspace/personal/tt-ihp-int8-npu/src/npu_csa_reduce.sv:49$1839 ($xor).
Removed top 4 bits (of 16) from port B of cell tt_um_danieltyukov_int8_npu.$flatten\u_core.\u_array.\g_row[4].g_col[1].u_pe.\u_mul.\g_bw.g_wallace.u_tree.$xor$/home/danieltyukov/workspace/personal/tt-ihp-int8-npu/src/npu_csa_reduce.sv:49$1839 ($xor).
Removed top 4 bits (of 16) from port Y of cell tt_um_danieltyukov_int8_npu.$flatten\u_core.\u_array.\g_row[4].g_col[1].u_pe.\u_mul.\g_bw.g_wallace.u_tree.$xor$/home/danieltyukov/workspace/personal/tt-ihp-int8-npu/src/npu_csa_reduce.sv:49$1839 ($xor).
Removed top 1 bits (of 16) from port Y of cell tt_um_danieltyukov_int8_npu.$flatten\u_core.\u_array.\g_row[4].g_col[1].u_pe.\u_mul.\g_bw.g_wallace.u_tree.$or$/home/danieltyukov/workspace/personal/tt-ihp-int8-npu/src/npu_csa_reduce.sv:53$1838 ($or).
Removed top 1 bits (of 16) from port A of cell tt_um_danieltyukov_int8_npu.$flatten\u_core.\u_array.\g_row[4].g_col[1].u_pe.\u_mul.\g_bw.g_wallace.u_tree.$or$/home/danieltyukov/workspace/personal/tt-ihp-int8-npu/src/npu_csa_reduce.sv:53$1838 ($or).
Removed top 1 bits (of 16) from port B of cell tt_um_danieltyukov_int8_npu.$flatten\u_core.\u_array.\g_row[4].g_col[1].u_pe.\u_mul.\g_bw.g_wallace.u_tree.$or$/home/danieltyukov/workspace/personal/tt-ihp-int8-npu/src/npu_csa_reduce.sv:53$1838 ($or).
Removed top 7 bits (of 16) from port A of cell tt_um_danieltyukov_int8_npu.$flatten\u_core.\u_array.\g_row[4].g_col[1].u_pe.\u_mul.\g_bw.g_wallace.u_tree.$and$/home/danieltyukov/workspace/personal/tt-ihp-int8-npu/src/npu_csa_reduce.sv:53$1837 ($and).
Removed top 6 bits (of 16) from port B of cell tt_um_danieltyukov_int8_npu.$flatten\u_core.\u_array.\g_row[4].g_col[1].u_pe.\u_mul.\g_bw.g_wallace.u_tree.$and$/home/danieltyukov/workspace/personal/tt-ihp-int8-npu/src/npu_csa_reduce.sv:53$1837 ($and).
Removed top 6 bits (of 16) from port Y of cell tt_um_danieltyukov_int8_npu.$flatten\u_core.\u_array.\g_row[4].g_col[1].u_pe.\u_mul.\g_bw.g_wallace.u_tree.$and$/home/danieltyukov/workspace/personal/tt-ihp-int8-npu/src/npu_csa_reduce.sv:53$1837 ($and).
Removed top 1 bits (of 16) from port Y of cell tt_um_danieltyukov_int8_npu.$flatten\u_core.\u_array.\g_row[4].g_col[1].u_pe.\u_mul.\g_bw.g_wallace.u_tree.$or$/home/danieltyukov/workspace/personal/tt-ihp-int8-npu/src/npu_csa_reduce.sv:53$1836 ($or).
Removed top 1 bits (of 16) from port A of cell tt_um_danieltyukov_int8_npu.$flatten\u_core.\u_array.\g_row[4].g_col[1].u_pe.\u_mul.\g_bw.g_wallace.u_tree.$or$/home/danieltyukov/workspace/personal/tt-ihp-int8-npu/src/npu_csa_reduce.sv:53$1836 ($or).
Removed top 1 bits (of 16) from port B of cell tt_um_danieltyukov_int8_npu.$flatten\u_core.\u_array.\g_row[4].g_col[1].u_pe.\u_mul.\g_bw.g_wallace.u_tree.$or$/home/danieltyukov/workspace/personal/tt-ihp-int8-npu/src/npu_csa_reduce.sv:53$1836 ($or).
Removed top 8 bits (of 16) from port A of cell tt_um_danieltyukov_int8_npu.$flatten\u_core.\u_array.\g_row[4].g_col[1].u_pe.\u_mul.\g_bw.g_wallace.u_tree.$and$/home/danieltyukov/workspace/personal/tt-ihp-int8-npu/src/npu_csa_reduce.sv:53$1835 ($and).
Removed top 6 bits (of 16) from port B of cell tt_um_danieltyukov_int8_npu.$flatten\u_core.\u_array.\g_row[4].g_col[1].u_pe.\u_mul.\g_bw.g_wallace.u_tree.$and$/home/danieltyukov/workspace/personal/tt-ihp-int8-npu/src/npu_csa_reduce.sv:53$1835 ($and).
Removed top 6 bits (of 16) from port Y of cell tt_um_danieltyukov_int8_npu.$flatten\u_core.\u_array.\g_row[4].g_col[1].u_pe.\u_mul.\g_bw.g_wallace.u_tree.$and$/home/danieltyukov/workspace/personal/tt-ihp-int8-npu/src/npu_csa_reduce.sv:53$1835 ($and).
Removed top 8 bits (of 16) from port A of cell tt_um_danieltyukov_int8_npu.$flatten\u_core.\u_array.\g_row[4].g_col[1].u_pe.\u_mul.\g_bw.g_wallace.u_tree.$and$/home/danieltyukov/workspace/personal/tt-ihp-int8-npu/src/npu_csa_reduce.sv:53$1834 ($and).
Removed top 7 bits (of 16) from port B of cell tt_um_danieltyukov_int8_npu.$flatten\u_core.\u_array.\g_row[4].g_col[1].u_pe.\u_mul.\g_bw.g_wallace.u_tree.$and$/home/danieltyukov/workspace/personal/tt-ihp-int8-npu/src/npu_csa_reduce.sv:53$1834 ($and).
Removed top 7 bits (of 16) from port Y of cell tt_um_danieltyukov_int8_npu.$flatten\u_core.\u_array.\g_row[4].g_col[1].u_pe.\u_mul.\g_bw.g_wallace.u_tree.$and$/home/danieltyukov/workspace/personal/tt-ihp-int8-npu/src/npu_csa_reduce.sv:53$1834 ($and).
Removed top 7 bits (of 16) from port A of cell tt_um_danieltyukov_int8_npu.$flatten\u_core.\u_array.\g_row[4].g_col[1].u_pe.\u_mul.\g_bw.g_wallace.u_tree.$xor$/home/danieltyukov/workspace/personal/tt-ihp-int8-npu/src/npu_csa_reduce.sv:49$1833 ($xor).
Removed top 6 bits (of 16) from port B of cell tt_um_danieltyukov_int8_npu.$flatten\u_core.\u_array.\g_row[4].g_col[1].u_pe.\u_mul.\g_bw.g_wallace.u_tree.$xor$/home/danieltyukov/workspace/personal/tt-ihp-int8-npu/src/npu_csa_reduce.sv:49$1833 ($xor).
Removed top 6 bits (of 16) from port Y of cell tt_um_danieltyukov_int8_npu.$flatten\u_core.\u_array.\g_row[4].g_col[1].u_pe.\u_mul.\g_bw.g_wallace.u_tree.$xor$/home/danieltyukov/workspace/personal/tt-ihp-int8-npu/src/npu_csa_reduce.sv:49$1833 ($xor).
Removed top 1 bits (of 19) from port Y of cell tt_um_danieltyukov_int8_npu.$flatten\u_core.\u_array.\g_row[5].g_col[0].u_pe.\u_add.$and$/home/danieltyukov/workspace/personal/tt-ihp-int8-npu/src/npu_adder.sv:60$1699 ($and).
Removed top 1 bits (of 19) from port A of cell tt_um_danieltyukov_int8_npu.$flatten\u_core.\u_array.\g_row[5].g_col[0].u_pe.\u_add.$and$/home/danieltyukov/workspace/personal/tt-ihp-int8-npu/src/npu_adder.sv:60$1699 ($and).
Removed top 1 bits (of 19) from port B of cell tt_um_danieltyukov_int8_npu.$flatten\u_core.\u_array.\g_row[5].g_col[0].u_pe.\u_add.$and$/home/danieltyukov/workspace/personal/tt-ihp-int8-npu/src/npu_adder.sv:60$1699 ($and).
Removed top 8 bits (of 16) from port A of cell tt_um_danieltyukov_int8_npu.$flatten\u_core.\u_array.\g_row[5].g_col[0].u_pe.\u_mul.\g_bw.g_wallace.u_tree.$xor$/home/danieltyukov/workspace/personal/tt-ihp-int8-npu/src/npu_csa_reduce.sv:49$1832 ($xor).
Removed top 7 bits (of 16) from port B of cell tt_um_danieltyukov_int8_npu.$flatten\u_core.\u_array.\g_row[5].g_col[0].u_pe.\u_mul.\g_bw.g_wallace.u_tree.$xor$/home/danieltyukov/workspace/personal/tt-ihp-int8-npu/src/npu_csa_reduce.sv:49$1832 ($xor).
Removed top 7 bits (of 16) from port Y of cell tt_um_danieltyukov_int8_npu.$flatten\u_core.\u_array.\g_row[5].g_col[0].u_pe.\u_mul.\g_bw.g_wallace.u_tree.$xor$/home/danieltyukov/workspace/personal/tt-ihp-int8-npu/src/npu_csa_reduce.sv:49$1832 ($xor).
Removed top 1 bits (of 16) from port Y of cell tt_um_danieltyukov_int8_npu.$flatten\u_core.\u_array.\g_row[5].g_col[0].u_pe.\u_mul.\u_cpa.$and$/home/danieltyukov/workspace/personal/tt-ihp-int8-npu/src/npu_adder.sv:60$1855 ($and).
Removed top 1 bits (of 16) from port A of cell tt_um_danieltyukov_int8_npu.$flatten\u_core.\u_array.\g_row[5].g_col[0].u_pe.\u_mul.\u_cpa.$and$/home/danieltyukov/workspace/personal/tt-ihp-int8-npu/src/npu_adder.sv:60$1855 ($and).
Removed top 1 bits (of 16) from port B of cell tt_um_danieltyukov_int8_npu.$flatten\u_core.\u_array.\g_row[5].g_col[0].u_pe.\u_mul.\u_cpa.$and$/home/danieltyukov/workspace/personal/tt-ihp-int8-npu/src/npu_adder.sv:60$1855 ($and).
Removed top 1 bits (of 16) from port Y of cell tt_um_danieltyukov_int8_npu.$flatten\u_core.\u_array.\g_row[5].g_col[0].u_pe.\u_mul.\g_bw.g_wallace.u_tree.\genblk1.g_reduce.u_next.$or$/home/danieltyukov/workspace/personal/tt-ihp-int8-npu/src/npu_csa_reduce.sv:53$1964 ($or).
Removed top 1 bits (of 16) from port A of cell tt_um_danieltyukov_int8_npu.$flatten\u_core.\u_array.\g_row[5].g_col[0].u_pe.\u_mul.\g_bw.g_wallace.u_tree.\genblk1.g_reduce.u_next.$or$/home/danieltyukov/workspace/personal/tt-ihp-int8-npu/src/npu_csa_reduce.sv:53$1964 ($or).
Removed top 1 bits (of 16) from port B of cell tt_um_danieltyukov_int8_npu.$flatten\u_core.\u_array.\g_row[5].g_col[0].u_pe.\u_mul.\g_bw.g_wallace.u_tree.\genblk1.g_reduce.u_next.$or$/home/danieltyukov/workspace/personal/tt-ihp-int8-npu/src/npu_csa_reduce.sv:53$1964 ($or).
Removed top 1 bits (of 16) from port Y of cell tt_um_danieltyukov_int8_npu.$flatten\u_core.\u_array.\g_row[5].g_col[0].u_pe.\u_mul.\g_bw.g_wallace.u_tree.\genblk1.g_reduce.u_next.$or$/home/danieltyukov/workspace/personal/tt-ihp-int8-npu/src/npu_csa_reduce.sv:53$1971 ($or).
Removed top 1 bits (of 16) from port A of cell tt_um_danieltyukov_int8_npu.$flatten\u_core.\u_array.\g_row[5].g_col[0].u_pe.\u_mul.\g_bw.g_wallace.u_tree.\genblk1.g_reduce.u_next.$or$/home/danieltyukov/workspace/personal/tt-ihp-int8-npu/src/npu_csa_reduce.sv:53$1971 ($or).
Removed top 1 bits (of 16) from port B of cell tt_um_danieltyukov_int8_npu.$flatten\u_core.\u_array.\g_row[5].g_col[0].u_pe.\u_mul.\g_bw.g_wallace.u_tree.\genblk1.g_reduce.u_next.$or$/home/danieltyukov/workspace/personal/tt-ihp-int8-npu/src/npu_csa_reduce.sv:53$1971 ($or).
Removed top 1 bits (of 16) from port Y of cell tt_um_danieltyukov_int8_npu.$flatten\u_core.\u_array.\g_row[5].g_col[0].u_pe.\u_mul.\g_bw.g_wallace.u_tree.\genblk1.g_reduce.u_next.\genblk1.g_reduce.u_next.\genblk1.g_reduce.u_next.$or$/home/danieltyukov/workspace/personal/tt-ihp-int8-npu/src/npu_csa_reduce.sv:53$1830 ($or).
Removed top 1 bits (of 16) from port A of cell tt_um_danieltyukov_int8_npu.$flatten\u_core.\u_array.\g_row[5].g_col[0].u_pe.\u_mul.\g_bw.g_wallace.u_tree.\genblk1.g_reduce.u_next.\genblk1.g_reduce.u_next.\genblk1.g_reduce.u_next.$or$/home/danieltyukov/workspace/personal/tt-ihp-int8-npu/src/npu_csa_reduce.sv:53$1830 ($or).
Removed top 1 bits (of 16) from port B of cell tt_um_danieltyukov_int8_npu.$flatten\u_core.\u_array.\g_row[5].g_col[0].u_pe.\u_mul.\g_bw.g_wallace.u_tree.\genblk1.g_reduce.u_next.\genblk1.g_reduce.u_next.\genblk1.g_reduce.u_next.$or$/home/danieltyukov/workspace/personal/tt-ihp-int8-npu/src/npu_csa_reduce.sv:53$1830 ($or).
Removed top 1 bits (of 16) from port Y of cell tt_um_danieltyukov_int8_npu.$flatten\u_core.\u_array.\g_row[5].g_col[0].u_pe.\u_mul.\g_bw.g_wallace.u_tree.\genblk1.g_reduce.u_next.\genblk1.g_reduce.u_next.$or$/home/danieltyukov/workspace/personal/tt-ihp-int8-npu/src/npu_csa_reduce.sv:53$1979 ($or).
Removed top 1 bits (of 16) from port A of cell tt_um_danieltyukov_int8_npu.$flatten\u_core.\u_array.\g_row[5].g_col[0].u_pe.\u_mul.\g_bw.g_wallace.u_tree.\genblk1.g_reduce.u_next.\genblk1.g_reduce.u_next.$or$/home/danieltyukov/workspace/personal/tt-ihp-int8-npu/src/npu_csa_reduce.sv:53$1979 ($or).
Removed top 1 bits (of 16) from port B of cell tt_um_danieltyukov_int8_npu.$flatten\u_core.\u_array.\g_row[5].g_col[0].u_pe.\u_mul.\g_bw.g_wallace.u_tree.\genblk1.g_reduce.u_next.\genblk1.g_reduce.u_next.$or$/home/danieltyukov/workspace/personal/tt-ihp-int8-npu/src/npu_csa_reduce.sv:53$1979 ($or).
Removed top 1 bits (of 16) from port Y of cell tt_um_danieltyukov_int8_npu.$flatten\u_core.\u_array.\g_row[5].g_col[0].u_pe.\u_mul.\g_bw.g_wallace.u_tree.\genblk1.g_reduce.u_next.\genblk1.g_reduce.u_next.$and$/home/danieltyukov/workspace/personal/tt-ihp-int8-npu/src/npu_csa_reduce.sv:53$1978 ($and).
Removed top 1 bits (of 16) from port A of cell tt_um_danieltyukov_int8_npu.$flatten\u_core.\u_array.\g_row[5].g_col[0].u_pe.\u_mul.\g_bw.g_wallace.u_tree.\genblk1.g_reduce.u_next.\genblk1.g_reduce.u_next.$and$/home/danieltyukov/workspace/personal/tt-ihp-int8-npu/src/npu_csa_reduce.sv:53$1978 ($and).
Removed top 1 bits (of 16) from port B of cell tt_um_danieltyukov_int8_npu.$flatten\u_core.\u_array.\g_row[5].g_col[0].u_pe.\u_mul.\g_bw.g_wallace.u_tree.\genblk1.g_reduce.u_next.\genblk1.g_reduce.u_next.$and$/home/danieltyukov/workspace/personal/tt-ihp-int8-npu/src/npu_csa_reduce.sv:53$1978 ($and).
Removed top 1 bits (of 16) from port Y of cell tt_um_danieltyukov_int8_npu.$flatten\u_core.\u_array.\g_row[5].g_col[0].u_pe.\u_mul.\g_bw.g_wallace.u_tree.\genblk1.g_reduce.u_next.\genblk1.g_reduce.u_next.$or$/home/danieltyukov/workspace/personal/tt-ihp-int8-npu/src/npu_csa_reduce.sv:53$1977 ($or).
Removed top 1 bits (of 16) from port A of cell tt_um_danieltyukov_int8_npu.$flatten\u_core.\u_array.\g_row[5].g_col[0].u_pe.\u_mul.\g_bw.g_wallace.u_tree.\genblk1.g_reduce.u_next.\genblk1.g_reduce.u_next.$or$/home/danieltyukov/workspace/personal/tt-ihp-int8-npu/src/npu_csa_reduce.sv:53$1977 ($or).
Removed top 1 bits (of 16) from port B of cell tt_um_danieltyukov_int8_npu.$flatten\u_core.\u_array.\g_row[5].g_col[0].u_pe.\u_mul.\g_bw.g_wallace.u_tree.\genblk1.g_reduce.u_next.\genblk1.g_reduce.u_next.$or$/home/danieltyukov/workspace/personal/tt-ihp-int8-npu/src/npu_csa_reduce.sv:53$1977 ($or).
Removed top 1 bits (of 16) from port Y of cell tt_um_danieltyukov_int8_npu.$flatten\u_core.\u_array.\g_row[5].g_col[0].u_pe.\u_mul.\g_bw.g_wallace.u_tree.\genblk1.g_reduce.u_next.\genblk1.g_reduce.u_next.$and$/home/danieltyukov/workspace/personal/tt-ihp-int8-npu/src/npu_csa_reduce.sv:53$1976 ($and).
Removed top 1 bits (of 16) from port A of cell tt_um_danieltyukov_int8_npu.$flatten\u_core.\u_array.\g_row[5].g_col[0].u_pe.\u_mul.\g_bw.g_wallace.u_tree.\genblk1.g_reduce.u_next.\genblk1.g_reduce.u_next.$and$/home/danieltyukov/workspace/personal/tt-ihp-int8-npu/src/npu_csa_reduce.sv:53$1976 ($and).
Removed top 1 bits (of 16) from port B of cell tt_um_danieltyukov_int8_npu.$flatten\u_core.\u_array.\g_row[5].g_col[0].u_pe.\u_mul.\g_bw.g_wallace.u_tree.\genblk1.g_reduce.u_next.\genblk1.g_reduce.u_next.$and$/home/danieltyukov/workspace/personal/tt-ihp-int8-npu/src/npu_csa_reduce.sv:53$1976 ($and).
Removed top 1 bits (of 16) from port Y of cell tt_um_danieltyukov_int8_npu.$flatten\u_core.\u_array.\g_row[5].g_col[0].u_pe.\u_mul.\g_bw.g_wallace.u_tree.\genblk1.g_reduce.u_next.\genblk1.g_reduce.u_next.$and$/home/danieltyukov/workspace/personal/tt-ihp-int8-npu/src/npu_csa_reduce.sv:53$1975 ($and).
Removed top 1 bits (of 16) from port A of cell tt_um_danieltyukov_int8_npu.$flatten\u_core.\u_array.\g_row[5].g_col[0].u_pe.\u_mul.\g_bw.g_wallace.u_tree.\genblk1.g_reduce.u_next.\genblk1.g_reduce.u_next.$and$/home/danieltyukov/workspace/personal/tt-ihp-int8-npu/src/npu_csa_reduce.sv:53$1975 ($and).
Removed top 1 bits (of 16) from port B of cell tt_um_danieltyukov_int8_npu.$flatten\u_core.\u_array.\g_row[5].g_col[0].u_pe.\u_mul.\g_bw.g_wallace.u_tree.\genblk1.g_reduce.u_next.\genblk1.g_reduce.u_next.$and$/home/danieltyukov/workspace/personal/tt-ihp-int8-npu/src/npu_csa_reduce.sv:53$1975 ($and).
Removed top 7 bits (of 16) from port B of cell tt_um_danieltyukov_int8_npu.$flatten\u_core.\u_array.\g_row[5].g_col[0].u_pe.\u_mul.\g_bw.g_wallace.u_tree.$or$/home/danieltyukov/workspace/personal/tt-ihp-int8-npu/src/npu_csa_reduce.sv:53$1852 ($or).
Removed top 1 bits (of 16) from port Y of cell tt_um_danieltyukov_int8_npu.$flatten\u_core.\u_array.\g_row[5].g_col[0].u_pe.\u_mul.\g_bw.g_wallace.u_tree.$or$/home/danieltyukov/workspace/personal/tt-ihp-int8-npu/src/npu_csa_reduce.sv:53$1852 ($or).
Removed top 1 bits (of 16) from port A of cell tt_um_danieltyukov_int8_npu.$flatten\u_core.\u_array.\g_row[5].g_col[0].u_pe.\u_mul.\g_bw.g_wallace.u_tree.$or$/home/danieltyukov/workspace/personal/tt-ihp-int8-npu/src/npu_csa_reduce.sv:53$1852 ($or).
Removed top 7 bits (of 16) from port B of cell tt_um_danieltyukov_int8_npu.$flatten\u_core.\u_array.\g_row[5].g_col[0].u_pe.\u_mul.\g_bw.g_wallace.u_tree.$or$/home/danieltyukov/workspace/personal/tt-ihp-int8-npu/src/npu_csa_reduce.sv:53$1850 ($or).
Removed top 1 bits (of 16) from port Y of cell tt_um_danieltyukov_int8_npu.$flatten\u_core.\u_array.\g_row[5].g_col[0].u_pe.\u_mul.\g_bw.g_wallace.u_tree.$or$/home/danieltyukov/workspace/personal/tt-ihp-int8-npu/src/npu_csa_reduce.sv:53$1850 ($or).
Removed top 1 bits (of 16) from port A of cell tt_um_danieltyukov_int8_npu.$flatten\u_core.\u_array.\g_row[5].g_col[0].u_pe.\u_mul.\g_bw.g_wallace.u_tree.$or$/home/danieltyukov/workspace/personal/tt-ihp-int8-npu/src/npu_csa_reduce.sv:53$1850 ($or).
Removed top 1 bits (of 2) from port A of cell tt_um_danieltyukov_int8_npu.$auto$opt_expr.cc:706:replace_const_cells$2836 ($not).
Removed top 2 bits (of 16) from port A of cell tt_um_danieltyukov_int8_npu.$flatten\u_core.\u_array.\g_row[5].g_col[0].u_pe.\u_mul.\g_bw.g_wallace.u_tree.$and$/home/danieltyukov/workspace/personal/tt-ihp-int8-npu/src/npu_csa_reduce.sv:53$1848 ($and).
Removed top 1 bits (of 16) from port B of cell tt_um_danieltyukov_int8_npu.$flatten\u_core.\u_array.\g_row[5].g_col[0].u_pe.\u_mul.\g_bw.g_wallace.u_tree.$and$/home/danieltyukov/workspace/personal/tt-ihp-int8-npu/src/npu_csa_reduce.sv:53$1848 ($and).
Removed top 1 bits (of 16) from port Y of cell tt_um_danieltyukov_int8_npu.$flatten\u_core.\u_array.\g_row[5].g_col[0].u_pe.\u_mul.\g_bw.g_wallace.u_tree.$and$/home/danieltyukov/workspace/personal/tt-ihp-int8-npu/src/npu_csa_reduce.sv:53$1848 ($and).
Removed top 2 bits (of 16) from port A of cell tt_um_danieltyukov_int8_npu.$flatten\u_core.\u_array.\g_row[5].g_col[0].u_pe.\u_mul.\g_bw.g_wallace.u_tree.$xor$/home/danieltyukov/workspace/personal/tt-ihp-int8-npu/src/npu_csa_reduce.sv:49$1846 ($xor).
Removed top 1 bits (of 16) from port B of cell tt_um_danieltyukov_int8_npu.$flatten\u_core.\u_array.\g_row[5].g_col[0].u_pe.\u_mul.\g_bw.g_wallace.u_tree.$xor$/home/danieltyukov/workspace/personal/tt-ihp-int8-npu/src/npu_csa_reduce.sv:49$1846 ($xor).
Removed top 1 bits (of 16) from port Y of cell tt_um_danieltyukov_int8_npu.$flatten\u_core.\u_array.\g_row[5].g_col[0].u_pe.\u_mul.\g_bw.g_wallace.u_tree.$xor$/home/danieltyukov/workspace/personal/tt-ihp-int8-npu/src/npu_csa_reduce.sv:49$1846 ($xor).
Removed top 1 bits (of 16) from port Y of cell tt_um_danieltyukov_int8_npu.$flatten\u_core.\u_array.\g_row[5].g_col[0].u_pe.\u_mul.\g_bw.g_wallace.u_tree.$or$/home/danieltyukov/workspace/personal/tt-ihp-int8-npu/src/npu_csa_reduce.sv:53$1845 ($or).
Removed top 1 bits (of 16) from port A of cell tt_um_danieltyukov_int8_npu.$flatten\u_core.\u_array.\g_row[5].g_col[0].u_pe.\u_mul.\g_bw.g_wallace.u_tree.$or$/home/danieltyukov/workspace/personal/tt-ihp-int8-npu/src/npu_csa_reduce.sv:53$1845 ($or).
Removed top 1 bits (of 16) from port B of cell tt_um_danieltyukov_int8_npu.$flatten\u_core.\u_array.\g_row[5].g_col[0].u_pe.\u_mul.\g_bw.g_wallace.u_tree.$or$/home/danieltyukov/workspace/personal/tt-ihp-int8-npu/src/npu_csa_reduce.sv:53$1845 ($or).
Removed top 4 bits (of 16) from port A of cell tt_um_danieltyukov_int8_npu.$flatten\u_core.\u_array.\g_row[5].g_col[0].u_pe.\u_mul.\g_bw.g_wallace.u_tree.$and$/home/danieltyukov/workspace/personal/tt-ihp-int8-npu/src/npu_csa_reduce.sv:53$1844 ($and).
Removed top 3 bits (of 16) from port B of cell tt_um_danieltyukov_int8_npu.$flatten\u_core.\u_array.\g_row[5].g_col[0].u_pe.\u_mul.\g_bw.g_wallace.u_tree.$and$/home/danieltyukov/workspace/personal/tt-ihp-int8-npu/src/npu_csa_reduce.sv:53$1844 ($and).
Removed top 3 bits (of 16) from port Y of cell tt_um_danieltyukov_int8_npu.$flatten\u_core.\u_array.\g_row[5].g_col[0].u_pe.\u_mul.\g_bw.g_wallace.u_tree.$and$/home/danieltyukov/workspace/personal/tt-ihp-int8-npu/src/npu_csa_reduce.sv:53$1844 ($and).
Removed top 1 bits (of 16) from port Y of cell tt_um_danieltyukov_int8_npu.$flatten\u_core.\u_array.\g_row[5].g_col[0].u_pe.\u_mul.\g_bw.g_wallace.u_tree.$or$/home/danieltyukov/workspace/personal/tt-ihp-int8-npu/src/npu_csa_reduce.sv:53$1843 ($or).
Removed top 1 bits (of 16) from port A of cell tt_um_danieltyukov_int8_npu.$flatten\u_core.\u_array.\g_row[5].g_col[0].u_pe.\u_mul.\g_bw.g_wallace.u_tree.$or$/home/danieltyukov/workspace/personal/tt-ihp-int8-npu/src/npu_csa_reduce.sv:53$1843 ($or).
Removed top 1 bits (of 16) from port B of cell tt_um_danieltyukov_int8_npu.$flatten\u_core.\u_array.\g_row[5].g_col[0].u_pe.\u_mul.\g_bw.g_wallace.u_tree.$or$/home/danieltyukov/workspace/personal/tt-ihp-int8-npu/src/npu_csa_reduce.sv:53$1843 ($or).
Removed top 5 bits (of 16) from port A of cell tt_um_danieltyukov_int8_npu.$flatten\u_core.\u_array.\g_row[5].g_col[0].u_pe.\u_mul.\g_bw.g_wallace.u_tree.$and$/home/danieltyukov/workspace/personal/tt-ihp-int8-npu/src/npu_csa_reduce.sv:53$1842 ($and).
Removed top 3 bits (of 16) from port B of cell tt_um_danieltyukov_int8_npu.$flatten\u_core.\u_array.\g_row[5].g_col[0].u_pe.\u_mul.\g_bw.g_wallace.u_tree.$and$/home/danieltyukov/workspace/personal/tt-ihp-int8-npu/src/npu_csa_reduce.sv:53$1842 ($and).
Removed top 3 bits (of 16) from port Y of cell tt_um_danieltyukov_int8_npu.$flatten\u_core.\u_array.\g_row[5].g_col[0].u_pe.\u_mul.\g_bw.g_wallace.u_tree.$and$/home/danieltyukov/workspace/personal/tt-ihp-int8-npu/src/npu_csa_reduce.sv:53$1842 ($and).
Removed top 5 bits (of 16) from port A of cell tt_um_danieltyukov_int8_npu.$flatten\u_core.\u_array.\g_row[5].g_col[0].u_pe.\u_mul.\g_bw.g_wallace.u_tree.$and$/home/danieltyukov/workspace/personal/tt-ihp-int8-npu/src/npu_csa_reduce.sv:53$1841 ($and).
Removed top 4 bits (of 16) from port B of cell tt_um_danieltyukov_int8_npu.$flatten\u_core.\u_array.\g_row[5].g_col[0].u_pe.\u_mul.\g_bw.g_wallace.u_tree.$and$/home/danieltyukov/workspace/personal/tt-ihp-int8-npu/src/npu_csa_reduce.sv:53$1841 ($and).
Removed top 4 bits (of 16) from port Y of cell tt_um_danieltyukov_int8_npu.$flatten\u_core.\u_array.\g_row[5].g_col[0].u_pe.\u_mul.\g_bw.g_wallace.u_tree.$and$/home/danieltyukov/workspace/personal/tt-ihp-int8-npu/src/npu_csa_reduce.sv:53$1841 ($and).
Removed top 3 bits (of 16) from port B of cell tt_um_danieltyukov_int8_npu.$flatten\u_core.\u_array.\g_row[5].g_col[0].u_pe.\u_mul.\g_bw.g_wallace.u_tree.$xor$/home/danieltyukov/workspace/personal/tt-ihp-int8-npu/src/npu_csa_reduce.sv:49$1840 ($xor).
Removed top 5 bits (of 16) from port A of cell tt_um_danieltyukov_int8_npu.$flatten\u_core.\u_array.\g_row[5].g_col[0].u_pe.\u_mul.\g_bw.g_wallace.u_tree.$xor$/home/danieltyukov/workspace/personal/tt-ihp-int8-npu/src/npu_csa_reduce.sv:49$1839 ($xor).
Removed top 4 bits (of 16) from port B of cell tt_um_danieltyukov_int8_npu.$flatten\u_core.\u_array.\g_row[5].g_col[0].u_pe.\u_mul.\g_bw.g_wallace.u_tree.$xor$/home/danieltyukov/workspace/personal/tt-ihp-int8-npu/src/npu_csa_reduce.sv:49$1839 ($xor).
Removed top 4 bits (of 16) from port Y of cell tt_um_danieltyukov_int8_npu.$flatten\u_core.\u_array.\g_row[5].g_col[0].u_pe.\u_mul.\g_bw.g_wallace.u_tree.$xor$/home/danieltyukov/workspace/personal/tt-ihp-int8-npu/src/npu_csa_reduce.sv:49$1839 ($xor).
Removed top 1 bits (of 16) from port Y of cell tt_um_danieltyukov_int8_npu.$flatten\u_core.\u_array.\g_row[5].g_col[0].u_pe.\u_mul.\g_bw.g_wallace.u_tree.$or$/home/danieltyukov/workspace/personal/tt-ihp-int8-npu/src/npu_csa_reduce.sv:53$1838 ($or).
Removed top 1 bits (of 16) from port A of cell tt_um_danieltyukov_int8_npu.$flatten\u_core.\u_array.\g_row[5].g_col[0].u_pe.\u_mul.\g_bw.g_wallace.u_tree.$or$/home/danieltyukov/workspace/personal/tt-ihp-int8-npu/src/npu_csa_reduce.sv:53$1838 ($or).
Removed top 1 bits (of 16) from port B of cell tt_um_danieltyukov_int8_npu.$flatten\u_core.\u_array.\g_row[5].g_col[0].u_pe.\u_mul.\g_bw.g_wallace.u_tree.$or$/home/danieltyukov/workspace/personal/tt-ihp-int8-npu/src/npu_csa_reduce.sv:53$1838 ($or).
Removed top 7 bits (of 16) from port A of cell tt_um_danieltyukov_int8_npu.$flatten\u_core.\u_array.\g_row[5].g_col[0].u_pe.\u_mul.\g_bw.g_wallace.u_tree.$and$/home/danieltyukov/workspace/personal/tt-ihp-int8-npu/src/npu_csa_reduce.sv:53$1837 ($and).
Removed top 6 bits (of 16) from port B of cell tt_um_danieltyukov_int8_npu.$flatten\u_core.\u_array.\g_row[5].g_col[0].u_pe.\u_mul.\g_bw.g_wallace.u_tree.$and$/home/danieltyukov/workspace/personal/tt-ihp-int8-npu/src/npu_csa_reduce.sv:53$1837 ($and).
Removed top 6 bits (of 16) from port Y of cell tt_um_danieltyukov_int8_npu.$flatten\u_core.\u_array.\g_row[5].g_col[0].u_pe.\u_mul.\g_bw.g_wallace.u_tree.$and$/home/danieltyukov/workspace/personal/tt-ihp-int8-npu/src/npu_csa_reduce.sv:53$1837 ($and).
Removed top 1 bits (of 16) from port Y of cell tt_um_danieltyukov_int8_npu.$flatten\u_core.\u_array.\g_row[5].g_col[0].u_pe.\u_mul.\g_bw.g_wallace.u_tree.$or$/home/danieltyukov/workspace/personal/tt-ihp-int8-npu/src/npu_csa_reduce.sv:53$1836 ($or).
Removed top 1 bits (of 16) from port A of cell tt_um_danieltyukov_int8_npu.$flatten\u_core.\u_array.\g_row[5].g_col[0].u_pe.\u_mul.\g_bw.g_wallace.u_tree.$or$/home/danieltyukov/workspace/personal/tt-ihp-int8-npu/src/npu_csa_reduce.sv:53$1836 ($or).
Removed top 1 bits (of 16) from port B of cell tt_um_danieltyukov_int8_npu.$flatten\u_core.\u_array.\g_row[5].g_col[0].u_pe.\u_mul.\g_bw.g_wallace.u_tree.$or$/home/danieltyukov/workspace/personal/tt-ihp-int8-npu/src/npu_csa_reduce.sv:53$1836 ($or).
Removed top 8 bits (of 16) from port A of cell tt_um_danieltyukov_int8_npu.$flatten\u_core.\u_array.\g_row[5].g_col[0].u_pe.\u_mul.\g_bw.g_wallace.u_tree.$and$/home/danieltyukov/workspace/personal/tt-ihp-int8-npu/src/npu_csa_reduce.sv:53$1835 ($and).
Removed top 6 bits (of 16) from port B of cell tt_um_danieltyukov_int8_npu.$flatten\u_core.\u_array.\g_row[5].g_col[0].u_pe.\u_mul.\g_bw.g_wallace.u_tree.$and$/home/danieltyukov/workspace/personal/tt-ihp-int8-npu/src/npu_csa_reduce.sv:53$1835 ($and).
Removed top 6 bits (of 16) from port Y of cell tt_um_danieltyukov_int8_npu.$flatten\u_core.\u_array.\g_row[5].g_col[0].u_pe.\u_mul.\g_bw.g_wallace.u_tree.$and$/home/danieltyukov/workspace/personal/tt-ihp-int8-npu/src/npu_csa_reduce.sv:53$1835 ($and).
Removed top 8 bits (of 16) from port A of cell tt_um_danieltyukov_int8_npu.$flatten\u_core.\u_array.\g_row[5].g_col[0].u_pe.\u_mul.\g_bw.g_wallace.u_tree.$and$/home/danieltyukov/workspace/personal/tt-ihp-int8-npu/src/npu_csa_reduce.sv:53$1834 ($and).
Removed top 7 bits (of 16) from port B of cell tt_um_danieltyukov_int8_npu.$flatten\u_core.\u_array.\g_row[5].g_col[0].u_pe.\u_mul.\g_bw.g_wallace.u_tree.$and$/home/danieltyukov/workspace/personal/tt-ihp-int8-npu/src/npu_csa_reduce.sv:53$1834 ($and).
Removed top 7 bits (of 16) from port Y of cell tt_um_danieltyukov_int8_npu.$flatten\u_core.\u_array.\g_row[5].g_col[0].u_pe.\u_mul.\g_bw.g_wallace.u_tree.$and$/home/danieltyukov/workspace/personal/tt-ihp-int8-npu/src/npu_csa_reduce.sv:53$1834 ($and).
Removed top 7 bits (of 16) from port A of cell tt_um_danieltyukov_int8_npu.$flatten\u_core.\u_array.\g_row[5].g_col[0].u_pe.\u_mul.\g_bw.g_wallace.u_tree.$xor$/home/danieltyukov/workspace/personal/tt-ihp-int8-npu/src/npu_csa_reduce.sv:49$1833 ($xor).
Removed top 6 bits (of 16) from port B of cell tt_um_danieltyukov_int8_npu.$flatten\u_core.\u_array.\g_row[5].g_col[0].u_pe.\u_mul.\g_bw.g_wallace.u_tree.$xor$/home/danieltyukov/workspace/personal/tt-ihp-int8-npu/src/npu_csa_reduce.sv:49$1833 ($xor).
Removed top 6 bits (of 16) from port Y of cell tt_um_danieltyukov_int8_npu.$flatten\u_core.\u_array.\g_row[5].g_col[0].u_pe.\u_mul.\g_bw.g_wallace.u_tree.$xor$/home/danieltyukov/workspace/personal/tt-ihp-int8-npu/src/npu_csa_reduce.sv:49$1833 ($xor).
Removed top 7 bits (of 8) from port B of cell tt_um_danieltyukov_int8_npu.$flatten\u_core.\u_host.$add$/home/danieltyukov/workspace/personal/tt-ihp-int8-npu/src/npu_host_if.sv:197$1498 ($add).
Removed top 4 bits (of 5) from port B of cell tt_um_danieltyukov_int8_npu.$flatten\u_core.\u_host.$add$/home/danieltyukov/workspace/personal/tt-ihp-int8-npu/src/npu_host_if.sv:215$1499 ($add).
Removed top 3 bits (of 8) from mux cell tt_um_danieltyukov_int8_npu.$flatten\u_core.\u_host.$procmux$1989 ($pmux).
Removed top 1 bits (of 4) from port B of cell tt_um_danieltyukov_int8_npu.$flatten\u_core.\u_host.$procmux$1991_CMP0 ($eq).
Removed top 1 bits (of 4) from port B of cell tt_um_danieltyukov_int8_npu.$flatten\u_core.\u_host.$procmux$1992_CMP0 ($eq).
Removed top 1 bits (of 4) from port B of cell tt_um_danieltyukov_int8_npu.$flatten\u_core.\u_host.$procmux$1993_CMP0 ($eq).
Removed top 2 bits (of 4) from port B of cell tt_um_danieltyukov_int8_npu.$flatten\u_core.\u_host.$procmux$1994_CMP0 ($eq).
Removed top 2 bits (of 4) from port B of cell tt_um_danieltyukov_int8_npu.$flatten\u_core.\u_host.$procmux$1995_CMP0 ($eq).
Removed top 3 bits (of 4) from port B of cell tt_um_danieltyukov_int8_npu.$flatten\u_core.\u_host.$procmux$1996_CMP0 ($eq).
Removed top 1 bits (of 4) from port B of cell tt_um_danieltyukov_int8_npu.$auto$opt_dff.cc:195:make_patterns_logic$3042 ($ne).
Removed top 1 bits (of 3) from port B of cell tt_um_danieltyukov_int8_npu.$auto$opt_dff.cc:195:make_patterns_logic$3040 ($ne).
Removed top 1 bits (of 4) from port B of cell tt_um_danieltyukov_int8_npu.$flatten\u_core.\u_host.$procmux$2143_CMP0 ($eq).
Removed top 2 bits (of 5) from port B of cell tt_um_danieltyukov_int8_npu.$auto$opt_dff.cc:195:make_patterns_logic$3049 ($ne).
Removed top 1 bits (of 2) from port B of cell tt_um_danieltyukov_int8_npu.$flatten\u_core.$procmux$2702_CMP0 ($eq).
Removed top 1 bits (of 2) from mux cell tt_um_danieltyukov_int8_npu.$flatten\u_core.$procmux$2681 ($mux).
Removed top 2 bits (of 3) from port B of cell tt_um_danieltyukov_int8_npu.$flatten\u_core.$procmux$2534_CMP0 ($eq).
Removed top 1 bits (of 3) from port B of cell tt_um_danieltyukov_int8_npu.$flatten\u_core.$procmux$2533_CMP0 ($eq).
Removed top 1 bits (of 3) from port B of cell tt_um_danieltyukov_int8_npu.$flatten\u_core.$procmux$2532_CMP0 ($eq).
Removed top 1 bits (of 8) from mux cell tt_um_danieltyukov_int8_npu.$flatten\u_core.$procmux$2528 ($pmux).
Removed top 1 bits (of 2) from port B of cell tt_um_danieltyukov_int8_npu.$flatten\u_core.$procmux$2525_CMP0 ($eq).
Removed top 1 bits (of 4) from port B of cell tt_um_danieltyukov_int8_npu.$auto$opt_dff.cc:195:make_patterns_logic$3081 ($ne).
Removed top 1 bits (of 2) from port B of cell tt_um_danieltyukov_int8_npu.$flatten\u_core.$eq$/home/danieltyukov/workspace/personal/tt-ihp-int8-npu/src/npu_core.sv:395$1183 ($eq).
Removed top 1 bits (of 2) from port B of cell tt_um_danieltyukov_int8_npu.$flatten\u_core.$eq$/home/danieltyukov/workspace/personal/tt-ihp-int8-npu/src/npu_core.sv:329$1148 ($eq).
Removed top 27 bits (of 29) from port B of cell tt_um_danieltyukov_int8_npu.$flatten\u_core.$mul$/home/danieltyukov/workspace/personal/tt-ihp-int8-npu/src/npu_core.sv:299$1133 ($mul).
Removed top 29 bits (of 32) from port A of cell tt_um_danieltyukov_int8_npu.$flatten\u_core.$add$/home/danieltyukov/workspace/personal/tt-ihp-int8-npu/src/npu_core.sv:298$1132 ($add).
Removed top 30 bits (of 32) from port B of cell tt_um_danieltyukov_int8_npu.$flatten\u_core.$add$/home/danieltyukov/workspace/personal/tt-ihp-int8-npu/src/npu_core.sv:298$1132 ($add).
Removed top 28 bits (of 32) from port Y of cell tt_um_danieltyukov_int8_npu.$flatten\u_core.$add$/home/danieltyukov/workspace/personal/tt-ihp-int8-npu/src/npu_core.sv:298$1132 ($add).
Removed top 1 bits (of 2) from port B of cell tt_um_danieltyukov_int8_npu.$flatten\u_core.$eq$/home/danieltyukov/workspace/personal/tt-ihp-int8-npu/src/npu_core.sv:329$1113 ($eq).
Removed top 30 bits (of 32) from port A of cell tt_um_danieltyukov_int8_npu.$flatten\u_core.$mul$/home/danieltyukov/workspace/personal/tt-ihp-int8-npu/src/npu_core.sv:299$1098 ($mul).
Removed top 27 bits (of 29) from port B of cell tt_um_danieltyukov_int8_npu.$flatten\u_core.$mul$/home/danieltyukov/workspace/personal/tt-ihp-int8-npu/src/npu_core.sv:299$1098 ($mul).
Removed top 25 bits (of 29) from port Y of cell tt_um_danieltyukov_int8_npu.$flatten\u_core.$mul$/home/danieltyukov/workspace/personal/tt-ihp-int8-npu/src/npu_core.sv:299$1098 ($mul).
Removed top 29 bits (of 32) from port B of cell tt_um_danieltyukov_int8_npu.$flatten\u_core.$add$/home/danieltyukov/workspace/personal/tt-ihp-int8-npu/src/npu_core.sv:234$1090 ($add).
Removed top 3 bits (of 32) from port Y of cell tt_um_danieltyukov_int8_npu.$flatten\u_core.$add$/home/danieltyukov/workspace/personal/tt-ihp-int8-npu/src/npu_core.sv:234$1090 ($add).
Removed top 3 bits (of 32) from port A of cell tt_um_danieltyukov_int8_npu.$flatten\u_core.$add$/home/danieltyukov/workspace/personal/tt-ihp-int8-npu/src/npu_core.sv:234$1090 ($add).
Removed top 29 bits (of 31) from port B of cell tt_um_danieltyukov_int8_npu.$flatten\u_core.$mul$/home/danieltyukov/workspace/personal/tt-ihp-int8-npu/src/npu_core.sv:234$1089 ($mul).
Removed top 27 bits (of 31) from port Y of cell tt_um_danieltyukov_int8_npu.$flatten\u_core.$mul$/home/danieltyukov/workspace/personal/tt-ihp-int8-npu/src/npu_core.sv:234$1089 ($mul).
Removed top 2 bits (of 4) from port B of cell tt_um_danieltyukov_int8_npu.$flatten\u_core.$le$/home/danieltyukov/workspace/personal/tt-ihp-int8-npu/src/npu_core.sv:231$1086 ($le).
Removed top 1 bits (of 4) from port B of cell tt_um_danieltyukov_int8_npu.$flatten\u_core.$ge$/home/danieltyukov/workspace/personal/tt-ihp-int8-npu/src/npu_core.sv:231$1084 ($ge).
Removed top 1 bits (of 4) from port B of cell tt_um_danieltyukov_int8_npu.$flatten\u_core.$sub$/home/danieltyukov/workspace/personal/tt-ihp-int8-npu/src/npu_core.sv:226$1082 ($sub).
Removed top 29 bits (of 32) from port B of cell tt_um_danieltyukov_int8_npu.$flatten\u_core.$add$/home/danieltyukov/workspace/personal/tt-ihp-int8-npu/src/npu_core.sv:234$1077 ($add).
Removed top 3 bits (of 32) from port Y of cell tt_um_danieltyukov_int8_npu.$flatten\u_core.$add$/home/danieltyukov/workspace/personal/tt-ihp-int8-npu/src/npu_core.sv:234$1077 ($add).
Removed top 3 bits (of 32) from port A of cell tt_um_danieltyukov_int8_npu.$flatten\u_core.$add$/home/danieltyukov/workspace/personal/tt-ihp-int8-npu/src/npu_core.sv:234$1077 ($add).
Removed top 29 bits (of 31) from port B of cell tt_um_danieltyukov_int8_npu.$flatten\u_core.$mul$/home/danieltyukov/workspace/personal/tt-ihp-int8-npu/src/npu_core.sv:234$1076 ($mul).
Removed top 27 bits (of 31) from port Y of cell tt_um_danieltyukov_int8_npu.$flatten\u_core.$mul$/home/danieltyukov/workspace/personal/tt-ihp-int8-npu/src/npu_core.sv:234$1076 ($mul).
Removed top 2 bits (of 4) from port B of cell tt_um_danieltyukov_int8_npu.$flatten\u_core.$le$/home/danieltyukov/workspace/personal/tt-ihp-int8-npu/src/npu_core.sv:231$1073 ($le).
Removed top 1 bits (of 4) from port B of cell tt_um_danieltyukov_int8_npu.$flatten\u_core.$ge$/home/danieltyukov/workspace/personal/tt-ihp-int8-npu/src/npu_core.sv:231$1071 ($ge).
Removed top 1 bits (of 4) from port B of cell tt_um_danieltyukov_int8_npu.$flatten\u_core.$sub$/home/danieltyukov/workspace/personal/tt-ihp-int8-npu/src/npu_core.sv:226$1069 ($sub).
Removed top 30 bits (of 32) from port B of cell tt_um_danieltyukov_int8_npu.$flatten\u_core.$add$/home/danieltyukov/workspace/personal/tt-ihp-int8-npu/src/npu_core.sv:234$1064 ($add).
Removed top 3 bits (of 32) from port Y of cell tt_um_danieltyukov_int8_npu.$flatten\u_core.$add$/home/danieltyukov/workspace/personal/tt-ihp-int8-npu/src/npu_core.sv:234$1064 ($add).
Removed top 3 bits (of 32) from port A of cell tt_um_danieltyukov_int8_npu.$flatten\u_core.$add$/home/danieltyukov/workspace/personal/tt-ihp-int8-npu/src/npu_core.sv:234$1064 ($add).
Removed top 29 bits (of 31) from port B of cell tt_um_danieltyukov_int8_npu.$flatten\u_core.$mul$/home/danieltyukov/workspace/personal/tt-ihp-int8-npu/src/npu_core.sv:234$1063 ($mul).
Removed top 27 bits (of 31) from port Y of cell tt_um_danieltyukov_int8_npu.$flatten\u_core.$mul$/home/danieltyukov/workspace/personal/tt-ihp-int8-npu/src/npu_core.sv:234$1063 ($mul).
Removed top 2 bits (of 4) from port B of cell tt_um_danieltyukov_int8_npu.$flatten\u_core.$le$/home/danieltyukov/workspace/personal/tt-ihp-int8-npu/src/npu_core.sv:231$1060 ($le).
Removed top 2 bits (of 4) from port B of cell tt_um_danieltyukov_int8_npu.$flatten\u_core.$ge$/home/danieltyukov/workspace/personal/tt-ihp-int8-npu/src/npu_core.sv:231$1058 ($ge).
Removed top 2 bits (of 4) from port B of cell tt_um_danieltyukov_int8_npu.$flatten\u_core.$sub$/home/danieltyukov/workspace/personal/tt-ihp-int8-npu/src/npu_core.sv:226$1056 ($sub).
Removed top 30 bits (of 32) from port B of cell tt_um_danieltyukov_int8_npu.$flatten\u_core.$add$/home/danieltyukov/workspace/personal/tt-ihp-int8-npu/src/npu_core.sv:234$1051 ($add).
Removed top 3 bits (of 32) from port Y of cell tt_um_danieltyukov_int8_npu.$flatten\u_core.$add$/home/danieltyukov/workspace/personal/tt-ihp-int8-npu/src/npu_core.sv:234$1051 ($add).
Removed top 3 bits (of 32) from port A of cell tt_um_danieltyukov_int8_npu.$flatten\u_core.$add$/home/danieltyukov/workspace/personal/tt-ihp-int8-npu/src/npu_core.sv:234$1051 ($add).
Removed top 29 bits (of 31) from port B of cell tt_um_danieltyukov_int8_npu.$flatten\u_core.$mul$/home/danieltyukov/workspace/personal/tt-ihp-int8-npu/src/npu_core.sv:234$1050 ($mul).
Removed top 27 bits (of 31) from port Y of cell tt_um_danieltyukov_int8_npu.$flatten\u_core.$mul$/home/danieltyukov/workspace/personal/tt-ihp-int8-npu/src/npu_core.sv:234$1050 ($mul).
Removed top 2 bits (of 4) from port B of cell tt_um_danieltyukov_int8_npu.$flatten\u_core.$le$/home/danieltyukov/workspace/personal/tt-ihp-int8-npu/src/npu_core.sv:231$1047 ($le).
Removed top 2 bits (of 4) from port B of cell tt_um_danieltyukov_int8_npu.$flatten\u_core.$ge$/home/danieltyukov/workspace/personal/tt-ihp-int8-npu/src/npu_core.sv:231$1045 ($ge).
Removed top 2 bits (of 4) from port B of cell tt_um_danieltyukov_int8_npu.$flatten\u_core.$sub$/home/danieltyukov/workspace/personal/tt-ihp-int8-npu/src/npu_core.sv:226$1043 ($sub).
Removed top 31 bits (of 32) from port B of cell tt_um_danieltyukov_int8_npu.$flatten\u_core.$add$/home/danieltyukov/workspace/personal/tt-ihp-int8-npu/src/npu_core.sv:234$1038 ($add).
Removed top 3 bits (of 32) from port Y of cell tt_um_danieltyukov_int8_npu.$flatten\u_core.$add$/home/danieltyukov/workspace/personal/tt-ihp-int8-npu/src/npu_core.sv:234$1038 ($add).
Removed top 3 bits (of 32) from port A of cell tt_um_danieltyukov_int8_npu.$flatten\u_core.$add$/home/danieltyukov/workspace/personal/tt-ihp-int8-npu/src/npu_core.sv:234$1038 ($add).
Removed top 29 bits (of 31) from port B of cell tt_um_danieltyukov_int8_npu.$flatten\u_core.$mul$/home/danieltyukov/workspace/personal/tt-ihp-int8-npu/src/npu_core.sv:234$1037 ($mul).
Removed top 27 bits (of 31) from port Y of cell tt_um_danieltyukov_int8_npu.$flatten\u_core.$mul$/home/danieltyukov/workspace/personal/tt-ihp-int8-npu/src/npu_core.sv:234$1037 ($mul).
Removed top 2 bits (of 4) from port B of cell tt_um_danieltyukov_int8_npu.$flatten\u_core.$le$/home/danieltyukov/workspace/personal/tt-ihp-int8-npu/src/npu_core.sv:231$1034 ($le).
Removed top 3 bits (of 4) from port B of cell tt_um_danieltyukov_int8_npu.$flatten\u_core.$ge$/home/danieltyukov/workspace/personal/tt-ihp-int8-npu/src/npu_core.sv:231$1032 ($ge).
Removed top 3 bits (of 4) from port B of cell tt_um_danieltyukov_int8_npu.$flatten\u_core.$sub$/home/danieltyukov/workspace/personal/tt-ihp-int8-npu/src/npu_core.sv:226$1030 ($sub).
Removed top 29 bits (of 31) from port B of cell tt_um_danieltyukov_int8_npu.$flatten\u_core.$mul$/home/danieltyukov/workspace/personal/tt-ihp-int8-npu/src/npu_core.sv:234$1024 ($mul).
Removed top 27 bits (of 31) from port Y of cell tt_um_danieltyukov_int8_npu.$flatten\u_core.$mul$/home/danieltyukov/workspace/personal/tt-ihp-int8-npu/src/npu_core.sv:234$1024 ($mul).
Removed top 2 bits (of 4) from port B of cell tt_um_danieltyukov_int8_npu.$flatten\u_core.$le$/home/danieltyukov/workspace/personal/tt-ihp-int8-npu/src/npu_core.sv:229$1021 ($le).
Removed top 1 bits (of 2) from port B of cell tt_um_danieltyukov_int8_npu.$flatten\u_core.$eq$/home/danieltyukov/workspace/personal/tt-ihp-int8-npu/src/npu_core.sv:229$1020 ($eq).
Removed top 26 bits (of 32) from port B of cell tt_um_danieltyukov_int8_npu.$flatten\u_core.$shiftx$/home/danieltyukov/workspace/personal/tt-ihp-int8-npu/src/npu_core.sv:0$1017 ($shiftx).
Removed top 25 bits (of 32) from port B of cell tt_um_danieltyukov_int8_npu.$flatten\u_core.$shiftx$/home/danieltyukov/workspace/personal/tt-ihp-int8-npu/src/npu_core.sv:0$1013 ($shiftx).
Removed top 1 bits (of 5) from port B of cell tt_um_danieltyukov_int8_npu.$flatten\u_core.$lt$/home/danieltyukov/workspace/personal/tt-ihp-int8-npu/src/npu_core.sv:530$1007 ($lt).
Removed top 27 bits (of 29) from port B of cell tt_um_danieltyukov_int8_npu.$flatten\u_core.$mul$/home/danieltyukov/workspace/personal/tt-ihp-int8-npu/src/npu_core.sv:527$1004 ($mul).
Removed top 29 bits (of 32) from port A of cell tt_um_danieltyukov_int8_npu.$flatten\u_core.$add$/home/danieltyukov/workspace/personal/tt-ihp-int8-npu/src/npu_core.sv:525$1003 ($add).
Removed top 30 bits (of 32) from port B of cell tt_um_danieltyukov_int8_npu.$flatten\u_core.$add$/home/danieltyukov/workspace/personal/tt-ihp-int8-npu/src/npu_core.sv:525$1003 ($add).
Removed top 28 bits (of 32) from port Y of cell tt_um_danieltyukov_int8_npu.$flatten\u_core.$add$/home/danieltyukov/workspace/personal/tt-ihp-int8-npu/src/npu_core.sv:525$1003 ($add).
Removed top 1 bits (of 2) from port B of cell tt_um_danieltyukov_int8_npu.$flatten\u_core.$add$/home/danieltyukov/workspace/personal/tt-ihp-int8-npu/src/npu_core.sv:490$998 ($add).
Removed top 3 bits (of 4) from port B of cell tt_um_danieltyukov_int8_npu.$flatten\u_core.$add$/home/danieltyukov/workspace/personal/tt-ihp-int8-npu/src/npu_core.sv:468$996 ($add).
Removed top 2 bits (of 4) from port A of cell tt_um_danieltyukov_int8_npu.$flatten\u_core.$add$/home/danieltyukov/workspace/personal/tt-ihp-int8-npu/src/npu_core.sv:411$986 ($add).
Removed top 30 bits (of 32) from port B of cell tt_um_danieltyukov_int8_npu.$flatten\u_core.$add$/home/danieltyukov/workspace/personal/tt-ihp-int8-npu/src/npu_core.sv:348$982 ($add).
Removed top 3 bits (of 32) from port Y of cell tt_um_danieltyukov_int8_npu.$flatten\u_core.$add$/home/danieltyukov/workspace/personal/tt-ihp-int8-npu/src/npu_core.sv:348$982 ($add).
Removed top 3 bits (of 32) from port A of cell tt_um_danieltyukov_int8_npu.$flatten\u_core.$add$/home/danieltyukov/workspace/personal/tt-ihp-int8-npu/src/npu_core.sv:348$982 ($add).
Removed top 30 bits (of 32) from port B of cell tt_um_danieltyukov_int8_npu.$flatten\u_core.$mul$/home/danieltyukov/workspace/personal/tt-ihp-int8-npu/src/npu_core.sv:347$977 ($mul).
Removed top 29 bits (of 32) from port Y of cell tt_um_danieltyukov_int8_npu.$flatten\u_core.$mul$/home/danieltyukov/workspace/personal/tt-ihp-int8-npu/src/npu_core.sv:347$977 ($mul).
Removed top 27 bits (of 29) from port B of cell tt_um_danieltyukov_int8_npu.$flatten\u_core.$mul$/home/danieltyukov/workspace/personal/tt-ihp-int8-npu/src/npu_core.sv:342$974 ($mul).
Removed top 26 bits (of 29) from port Y of cell tt_um_danieltyukov_int8_npu.$flatten\u_core.$mul$/home/danieltyukov/workspace/personal/tt-ihp-int8-npu/src/npu_core.sv:342$974 ($mul).
Removed top 1 bits (of 2) from port B of cell tt_um_danieltyukov_int8_npu.$flatten\u_core.$add$/home/danieltyukov/workspace/personal/tt-ihp-int8-npu/src/npu_core.sv:272$973 ($add).
Removed top 1 bits (of 16) from port Y of cell tt_um_danieltyukov_int8_npu.$flatten\u_core.\u_array.\g_row[5].g_col[1].u_pe.\u_mul.\g_bw.g_wallace.u_tree.\genblk1.g_reduce.u_next.$or$/home/danieltyukov/workspace/personal/tt-ihp-int8-npu/src/npu_csa_reduce.sv:53$1962 ($or).
Removed top 1 bits (of 16) from port A of cell tt_um_danieltyukov_int8_npu.$flatten\u_core.\u_array.\g_row[5].g_col[1].u_pe.\u_mul.\g_bw.g_wallace.u_tree.\genblk1.g_reduce.u_next.$or$/home/danieltyukov/workspace/personal/tt-ihp-int8-npu/src/npu_csa_reduce.sv:53$1962 ($or).
Removed top 1 bits (of 16) from port B of cell tt_um_danieltyukov_int8_npu.$flatten\u_core.\u_array.\g_row[5].g_col[1].u_pe.\u_mul.\g_bw.g_wallace.u_tree.\genblk1.g_reduce.u_next.$or$/home/danieltyukov/workspace/personal/tt-ihp-int8-npu/src/npu_csa_reduce.sv:53$1962 ($or).
Removed top 1 bits (of 16) from port Y of cell tt_um_danieltyukov_int8_npu.$flatten\u_core.\u_array.\g_row[5].g_col[1].u_pe.\u_mul.\g_bw.g_wallace.u_tree.\genblk1.g_reduce.u_next.$and$/home/danieltyukov/workspace/personal/tt-ihp-int8-npu/src/npu_csa_reduce.sv:53$1963 ($and).
Removed top 1 bits (of 16) from port A of cell tt_um_danieltyukov_int8_npu.$flatten\u_core.\u_array.\g_row[5].g_col[1].u_pe.\u_mul.\g_bw.g_wallace.u_tree.\genblk1.g_reduce.u_next.$and$/home/danieltyukov/workspace/personal/tt-ihp-int8-npu/src/npu_csa_reduce.sv:53$1963 ($and).
Removed top 1 bits (of 16) from port B of cell tt_um_danieltyukov_int8_npu.$flatten\u_core.\u_array.\g_row[5].g_col[1].u_pe.\u_mul.\g_bw.g_wallace.u_tree.\genblk1.g_reduce.u_next.$and$/home/danieltyukov/workspace/personal/tt-ihp-int8-npu/src/npu_csa_reduce.sv:53$1963 ($and).
Removed top 1 bits (of 16) from port Y of cell tt_um_danieltyukov_int8_npu.$flatten\u_core.\u_array.\g_row[5].g_col[1].u_pe.\u_mul.\g_bw.g_wallace.u_tree.\genblk1.g_reduce.u_next.$or$/home/danieltyukov/workspace/personal/tt-ihp-int8-npu/src/npu_csa_reduce.sv:53$1969 ($or).
Removed top 1 bits (of 16) from port A of cell tt_um_danieltyukov_int8_npu.$flatten\u_core.\u_array.\g_row[5].g_col[1].u_pe.\u_mul.\g_bw.g_wallace.u_tree.\genblk1.g_reduce.u_next.$or$/home/danieltyukov/workspace/personal/tt-ihp-int8-npu/src/npu_csa_reduce.sv:53$1969 ($or).
Removed top 1 bits (of 16) from port B of cell tt_um_danieltyukov_int8_npu.$flatten\u_core.\u_array.\g_row[5].g_col[1].u_pe.\u_mul.\g_bw.g_wallace.u_tree.\genblk1.g_reduce.u_next.$or$/home/danieltyukov/workspace/personal/tt-ihp-int8-npu/src/npu_csa_reduce.sv:53$1969 ($or).
Removed top 1 bits (of 16) from port Y of cell tt_um_danieltyukov_int8_npu.$flatten\u_core.\u_array.\g_row[5].g_col[1].u_pe.\u_mul.\g_bw.g_wallace.u_tree.\genblk1.g_reduce.u_next.$and$/home/danieltyukov/workspace/personal/tt-ihp-int8-npu/src/npu_csa_reduce.sv:53$1970 ($and).
Removed top 1 bits (of 16) from port A of cell tt_um_danieltyukov_int8_npu.$flatten\u_core.\u_array.\g_row[5].g_col[1].u_pe.\u_mul.\g_bw.g_wallace.u_tree.\genblk1.g_reduce.u_next.$and$/home/danieltyukov/workspace/personal/tt-ihp-int8-npu/src/npu_csa_reduce.sv:53$1970 ($and).
Removed top 1 bits (of 16) from port B of cell tt_um_danieltyukov_int8_npu.$flatten\u_core.\u_array.\g_row[5].g_col[1].u_pe.\u_mul.\g_bw.g_wallace.u_tree.\genblk1.g_reduce.u_next.$and$/home/danieltyukov/workspace/personal/tt-ihp-int8-npu/src/npu_csa_reduce.sv:53$1970 ($and).
Removed top 1 bits (of 16) from port Y of cell tt_um_danieltyukov_int8_npu.$flatten\u_core.\u_array.\g_row[5].g_col[1].u_pe.\u_mul.\g_bw.g_wallace.u_tree.\genblk1.g_reduce.u_next.\genblk1.g_reduce.u_next.\genblk1.g_reduce.u_next.$or$/home/danieltyukov/workspace/personal/tt-ihp-int8-npu/src/npu_csa_reduce.sv:53$1828 ($or).
Removed top 1 bits (of 16) from port A of cell tt_um_danieltyukov_int8_npu.$flatten\u_core.\u_array.\g_row[5].g_col[1].u_pe.\u_mul.\g_bw.g_wallace.u_tree.\genblk1.g_reduce.u_next.\genblk1.g_reduce.u_next.\genblk1.g_reduce.u_next.$or$/home/danieltyukov/workspace/personal/tt-ihp-int8-npu/src/npu_csa_reduce.sv:53$1828 ($or).
Removed top 1 bits (of 16) from port B of cell tt_um_danieltyukov_int8_npu.$flatten\u_core.\u_array.\g_row[5].g_col[1].u_pe.\u_mul.\g_bw.g_wallace.u_tree.\genblk1.g_reduce.u_next.\genblk1.g_reduce.u_next.\genblk1.g_reduce.u_next.$or$/home/danieltyukov/workspace/personal/tt-ihp-int8-npu/src/npu_csa_reduce.sv:53$1828 ($or).
Removed top 1 bits (of 16) from port Y of cell tt_um_danieltyukov_int8_npu.$flatten\u_core.\u_array.\g_row[5].g_col[1].u_pe.\u_mul.\g_bw.g_wallace.u_tree.\genblk1.g_reduce.u_next.\genblk1.g_reduce.u_next.\genblk1.g_reduce.u_next.$and$/home/danieltyukov/workspace/personal/tt-ihp-int8-npu/src/npu_csa_reduce.sv:53$1829 ($and).
Removed top 1 bits (of 16) from port A of cell tt_um_danieltyukov_int8_npu.$flatten\u_core.\u_array.\g_row[5].g_col[1].u_pe.\u_mul.\g_bw.g_wallace.u_tree.\genblk1.g_reduce.u_next.\genblk1.g_reduce.u_next.\genblk1.g_reduce.u_next.$and$/home/danieltyukov/workspace/personal/tt-ihp-int8-npu/src/npu_csa_reduce.sv:53$1829 ($and).
Removed top 1 bits (of 16) from port B of cell tt_um_danieltyukov_int8_npu.$flatten\u_core.\u_array.\g_row[5].g_col[1].u_pe.\u_mul.\g_bw.g_wallace.u_tree.\genblk1.g_reduce.u_next.\genblk1.g_reduce.u_next.\genblk1.g_reduce.u_next.$and$/home/danieltyukov/workspace/personal/tt-ihp-int8-npu/src/npu_csa_reduce.sv:53$1829 ($and).
Removed top 1 bits (of 16) from port Y of cell tt_um_danieltyukov_int8_npu.$flatten\u_core.\u_array.\g_row[0].g_col[0].u_pe.\u_mul.\g_bw.g_wallace.u_tree.\genblk1.g_reduce.u_next.$or$/home/danieltyukov/workspace/personal/tt-ihp-int8-npu/src/npu_csa_reduce.sv:53$1962 ($or).
Removed top 1 bits (of 16) from port A of cell tt_um_danieltyukov_int8_npu.$flatten\u_core.\u_array.\g_row[0].g_col[0].u_pe.\u_mul.\g_bw.g_wallace.u_tree.\genblk1.g_reduce.u_next.$or$/home/danieltyukov/workspace/personal/tt-ihp-int8-npu/src/npu_csa_reduce.sv:53$1962 ($or).
Removed top 1 bits (of 16) from port B of cell tt_um_danieltyukov_int8_npu.$flatten\u_core.\u_array.\g_row[0].g_col[0].u_pe.\u_mul.\g_bw.g_wallace.u_tree.\genblk1.g_reduce.u_next.$or$/home/danieltyukov/workspace/personal/tt-ihp-int8-npu/src/npu_csa_reduce.sv:53$1962 ($or).
Removed top 1 bits (of 16) from port Y of cell tt_um_danieltyukov_int8_npu.$flatten\u_core.\u_array.\g_row[0].g_col[0].u_pe.\u_mul.\g_bw.g_wallace.u_tree.\genblk1.g_reduce.u_next.$and$/home/danieltyukov/workspace/personal/tt-ihp-int8-npu/src/npu_csa_reduce.sv:53$1963 ($and).
Removed top 1 bits (of 16) from port A of cell tt_um_danieltyukov_int8_npu.$flatten\u_core.\u_array.\g_row[0].g_col[0].u_pe.\u_mul.\g_bw.g_wallace.u_tree.\genblk1.g_reduce.u_next.$and$/home/danieltyukov/workspace/personal/tt-ihp-int8-npu/src/npu_csa_reduce.sv:53$1963 ($and).
Removed top 1 bits (of 16) from port B of cell tt_um_danieltyukov_int8_npu.$flatten\u_core.\u_array.\g_row[0].g_col[0].u_pe.\u_mul.\g_bw.g_wallace.u_tree.\genblk1.g_reduce.u_next.$and$/home/danieltyukov/workspace/personal/tt-ihp-int8-npu/src/npu_csa_reduce.sv:53$1963 ($and).
Removed top 1 bits (of 16) from port Y of cell tt_um_danieltyukov_int8_npu.$flatten\u_core.\u_array.\g_row[0].g_col[0].u_pe.\u_mul.\g_bw.g_wallace.u_tree.\genblk1.g_reduce.u_next.$or$/home/danieltyukov/workspace/personal/tt-ihp-int8-npu/src/npu_csa_reduce.sv:53$1969 ($or).
Removed top 1 bits (of 16) from port A of cell tt_um_danieltyukov_int8_npu.$flatten\u_core.\u_array.\g_row[0].g_col[0].u_pe.\u_mul.\g_bw.g_wallace.u_tree.\genblk1.g_reduce.u_next.$or$/home/danieltyukov/workspace/personal/tt-ihp-int8-npu/src/npu_csa_reduce.sv:53$1969 ($or).
Removed top 1 bits (of 16) from port B of cell tt_um_danieltyukov_int8_npu.$flatten\u_core.\u_array.\g_row[0].g_col[0].u_pe.\u_mul.\g_bw.g_wallace.u_tree.\genblk1.g_reduce.u_next.$or$/home/danieltyukov/workspace/personal/tt-ihp-int8-npu/src/npu_csa_reduce.sv:53$1969 ($or).
Removed top 1 bits (of 16) from port Y of cell tt_um_danieltyukov_int8_npu.$flatten\u_core.\u_array.\g_row[0].g_col[0].u_pe.\u_mul.\g_bw.g_wallace.u_tree.\genblk1.g_reduce.u_next.$and$/home/danieltyukov/workspace/personal/tt-ihp-int8-npu/src/npu_csa_reduce.sv:53$1970 ($and).
Removed top 1 bits (of 16) from port A of cell tt_um_danieltyukov_int8_npu.$flatten\u_core.\u_array.\g_row[0].g_col[0].u_pe.\u_mul.\g_bw.g_wallace.u_tree.\genblk1.g_reduce.u_next.$and$/home/danieltyukov/workspace/personal/tt-ihp-int8-npu/src/npu_csa_reduce.sv:53$1970 ($and).
Removed top 1 bits (of 16) from port B of cell tt_um_danieltyukov_int8_npu.$flatten\u_core.\u_array.\g_row[0].g_col[0].u_pe.\u_mul.\g_bw.g_wallace.u_tree.\genblk1.g_reduce.u_next.$and$/home/danieltyukov/workspace/personal/tt-ihp-int8-npu/src/npu_csa_reduce.sv:53$1970 ($and).
Removed top 1 bits (of 16) from port Y of cell tt_um_danieltyukov_int8_npu.$flatten\u_core.\u_array.\g_row[0].g_col[0].u_pe.\u_mul.\g_bw.g_wallace.u_tree.\genblk1.g_reduce.u_next.\genblk1.g_reduce.u_next.\genblk1.g_reduce.u_next.$or$/home/danieltyukov/workspace/personal/tt-ihp-int8-npu/src/npu_csa_reduce.sv:53$1828 ($or).
Removed top 1 bits (of 16) from port A of cell tt_um_danieltyukov_int8_npu.$flatten\u_core.\u_array.\g_row[0].g_col[0].u_pe.\u_mul.\g_bw.g_wallace.u_tree.\genblk1.g_reduce.u_next.\genblk1.g_reduce.u_next.\genblk1.g_reduce.u_next.$or$/home/danieltyukov/workspace/personal/tt-ihp-int8-npu/src/npu_csa_reduce.sv:53$1828 ($or).
Removed top 1 bits (of 16) from port B of cell tt_um_danieltyukov_int8_npu.$flatten\u_core.\u_array.\g_row[0].g_col[0].u_pe.\u_mul.\g_bw.g_wallace.u_tree.\genblk1.g_reduce.u_next.\genblk1.g_reduce.u_next.\genblk1.g_reduce.u_next.$or$/home/danieltyukov/workspace/personal/tt-ihp-int8-npu/src/npu_csa_reduce.sv:53$1828 ($or).
Removed top 1 bits (of 16) from port Y of cell tt_um_danieltyukov_int8_npu.$flatten\u_core.\u_array.\g_row[0].g_col[0].u_pe.\u_mul.\g_bw.g_wallace.u_tree.\genblk1.g_reduce.u_next.\genblk1.g_reduce.u_next.\genblk1.g_reduce.u_next.$and$/home/danieltyukov/workspace/personal/tt-ihp-int8-npu/src/npu_csa_reduce.sv:53$1829 ($and).
Removed top 1 bits (of 16) from port A of cell tt_um_danieltyukov_int8_npu.$flatten\u_core.\u_array.\g_row[0].g_col[0].u_pe.\u_mul.\g_bw.g_wallace.u_tree.\genblk1.g_reduce.u_next.\genblk1.g_reduce.u_next.\genblk1.g_reduce.u_next.$and$/home/danieltyukov/workspace/personal/tt-ihp-int8-npu/src/npu_csa_reduce.sv:53$1829 ($and).
Removed top 1 bits (of 16) from port B of cell tt_um_danieltyukov_int8_npu.$flatten\u_core.\u_array.\g_row[0].g_col[0].u_pe.\u_mul.\g_bw.g_wallace.u_tree.\genblk1.g_reduce.u_next.\genblk1.g_reduce.u_next.\genblk1.g_reduce.u_next.$and$/home/danieltyukov/workspace/personal/tt-ihp-int8-npu/src/npu_csa_reduce.sv:53$1829 ($and).
Removed top 1 bits (of 16) from port Y of cell tt_um_danieltyukov_int8_npu.$flatten\u_core.\u_array.\g_row[0].g_col[1].u_pe.\u_mul.\g_bw.g_wallace.u_tree.\genblk1.g_reduce.u_next.$or$/home/danieltyukov/workspace/personal/tt-ihp-int8-npu/src/npu_csa_reduce.sv:53$1962 ($or).
Removed top 1 bits (of 16) from port A of cell tt_um_danieltyukov_int8_npu.$flatten\u_core.\u_array.\g_row[0].g_col[1].u_pe.\u_mul.\g_bw.g_wallace.u_tree.\genblk1.g_reduce.u_next.$or$/home/danieltyukov/workspace/personal/tt-ihp-int8-npu/src/npu_csa_reduce.sv:53$1962 ($or).
Removed top 1 bits (of 16) from port B of cell tt_um_danieltyukov_int8_npu.$flatten\u_core.\u_array.\g_row[0].g_col[1].u_pe.\u_mul.\g_bw.g_wallace.u_tree.\genblk1.g_reduce.u_next.$or$/home/danieltyukov/workspace/personal/tt-ihp-int8-npu/src/npu_csa_reduce.sv:53$1962 ($or).
Removed top 1 bits (of 16) from port Y of cell tt_um_danieltyukov_int8_npu.$flatten\u_core.\u_array.\g_row[0].g_col[1].u_pe.\u_mul.\g_bw.g_wallace.u_tree.\genblk1.g_reduce.u_next.$and$/home/danieltyukov/workspace/personal/tt-ihp-int8-npu/src/npu_csa_reduce.sv:53$1963 ($and).
Removed top 1 bits (of 16) from port A of cell tt_um_danieltyukov_int8_npu.$flatten\u_core.\u_array.\g_row[0].g_col[1].u_pe.\u_mul.\g_bw.g_wallace.u_tree.\genblk1.g_reduce.u_next.$and$/home/danieltyukov/workspace/personal/tt-ihp-int8-npu/src/npu_csa_reduce.sv:53$1963 ($and).
Removed top 1 bits (of 16) from port B of cell tt_um_danieltyukov_int8_npu.$flatten\u_core.\u_array.\g_row[0].g_col[1].u_pe.\u_mul.\g_bw.g_wallace.u_tree.\genblk1.g_reduce.u_next.$and$/home/danieltyukov/workspace/personal/tt-ihp-int8-npu/src/npu_csa_reduce.sv:53$1963 ($and).
Removed top 1 bits (of 16) from port Y of cell tt_um_danieltyukov_int8_npu.$flatten\u_core.\u_array.\g_row[0].g_col[1].u_pe.\u_mul.\g_bw.g_wallace.u_tree.\genblk1.g_reduce.u_next.$or$/home/danieltyukov/workspace/personal/tt-ihp-int8-npu/src/npu_csa_reduce.sv:53$1969 ($or).
Removed top 1 bits (of 16) from port A of cell tt_um_danieltyukov_int8_npu.$flatten\u_core.\u_array.\g_row[0].g_col[1].u_pe.\u_mul.\g_bw.g_wallace.u_tree.\genblk1.g_reduce.u_next.$or$/home/danieltyukov/workspace/personal/tt-ihp-int8-npu/src/npu_csa_reduce.sv:53$1969 ($or).
Removed top 1 bits (of 16) from port B of cell tt_um_danieltyukov_int8_npu.$flatten\u_core.\u_array.\g_row[0].g_col[1].u_pe.\u_mul.\g_bw.g_wallace.u_tree.\genblk1.g_reduce.u_next.$or$/home/danieltyukov/workspace/personal/tt-ihp-int8-npu/src/npu_csa_reduce.sv:53$1969 ($or).
Removed top 1 bits (of 16) from port Y of cell tt_um_danieltyukov_int8_npu.$flatten\u_core.\u_array.\g_row[0].g_col[1].u_pe.\u_mul.\g_bw.g_wallace.u_tree.\genblk1.g_reduce.u_next.$and$/home/danieltyukov/workspace/personal/tt-ihp-int8-npu/src/npu_csa_reduce.sv:53$1970 ($and).
Removed top 1 bits (of 16) from port A of cell tt_um_danieltyukov_int8_npu.$flatten\u_core.\u_array.\g_row[0].g_col[1].u_pe.\u_mul.\g_bw.g_wallace.u_tree.\genblk1.g_reduce.u_next.$and$/home/danieltyukov/workspace/personal/tt-ihp-int8-npu/src/npu_csa_reduce.sv:53$1970 ($and).
Removed top 1 bits (of 16) from port B of cell tt_um_danieltyukov_int8_npu.$flatten\u_core.\u_array.\g_row[0].g_col[1].u_pe.\u_mul.\g_bw.g_wallace.u_tree.\genblk1.g_reduce.u_next.$and$/home/danieltyukov/workspace/personal/tt-ihp-int8-npu/src/npu_csa_reduce.sv:53$1970 ($and).
Removed top 1 bits (of 16) from port Y of cell tt_um_danieltyukov_int8_npu.$flatten\u_core.\u_array.\g_row[0].g_col[1].u_pe.\u_mul.\g_bw.g_wallace.u_tree.\genblk1.g_reduce.u_next.\genblk1.g_reduce.u_next.\genblk1.g_reduce.u_next.$or$/home/danieltyukov/workspace/personal/tt-ihp-int8-npu/src/npu_csa_reduce.sv:53$1828 ($or).
Removed top 1 bits (of 16) from port A of cell tt_um_danieltyukov_int8_npu.$flatten\u_core.\u_array.\g_row[0].g_col[1].u_pe.\u_mul.\g_bw.g_wallace.u_tree.\genblk1.g_reduce.u_next.\genblk1.g_reduce.u_next.\genblk1.g_reduce.u_next.$or$/home/danieltyukov/workspace/personal/tt-ihp-int8-npu/src/npu_csa_reduce.sv:53$1828 ($or).
Removed top 1 bits (of 16) from port B of cell tt_um_danieltyukov_int8_npu.$flatten\u_core.\u_array.\g_row[0].g_col[1].u_pe.\u_mul.\g_bw.g_wallace.u_tree.\genblk1.g_reduce.u_next.\genblk1.g_reduce.u_next.\genblk1.g_reduce.u_next.$or$/home/danieltyukov/workspace/personal/tt-ihp-int8-npu/src/npu_csa_reduce.sv:53$1828 ($or).
Removed top 1 bits (of 16) from port Y of cell tt_um_danieltyukov_int8_npu.$flatten\u_core.\u_array.\g_row[0].g_col[1].u_pe.\u_mul.\g_bw.g_wallace.u_tree.\genblk1.g_reduce.u_next.\genblk1.g_reduce.u_next.\genblk1.g_reduce.u_next.$and$/home/danieltyukov/workspace/personal/tt-ihp-int8-npu/src/npu_csa_reduce.sv:53$1829 ($and).
Removed top 1 bits (of 16) from port A of cell tt_um_danieltyukov_int8_npu.$flatten\u_core.\u_array.\g_row[0].g_col[1].u_pe.\u_mul.\g_bw.g_wallace.u_tree.\genblk1.g_reduce.u_next.\genblk1.g_reduce.u_next.\genblk1.g_reduce.u_next.$and$/home/danieltyukov/workspace/personal/tt-ihp-int8-npu/src/npu_csa_reduce.sv:53$1829 ($and).
Removed top 1 bits (of 16) from port B of cell tt_um_danieltyukov_int8_npu.$flatten\u_core.\u_array.\g_row[0].g_col[1].u_pe.\u_mul.\g_bw.g_wallace.u_tree.\genblk1.g_reduce.u_next.\genblk1.g_reduce.u_next.\genblk1.g_reduce.u_next.$and$/home/danieltyukov/workspace/personal/tt-ihp-int8-npu/src/npu_csa_reduce.sv:53$1829 ($and).
Removed top 1 bits (of 16) from port Y of cell tt_um_danieltyukov_int8_npu.$flatten\u_core.\u_array.\g_row[1].g_col[0].u_pe.\u_mul.\g_bw.g_wallace.u_tree.\genblk1.g_reduce.u_next.$or$/home/danieltyukov/workspace/personal/tt-ihp-int8-npu/src/npu_csa_reduce.sv:53$1962 ($or).
Removed top 1 bits (of 16) from port A of cell tt_um_danieltyukov_int8_npu.$flatten\u_core.\u_array.\g_row[1].g_col[0].u_pe.\u_mul.\g_bw.g_wallace.u_tree.\genblk1.g_reduce.u_next.$or$/home/danieltyukov/workspace/personal/tt-ihp-int8-npu/src/npu_csa_reduce.sv:53$1962 ($or).
Removed top 1 bits (of 16) from port B of cell tt_um_danieltyukov_int8_npu.$flatten\u_core.\u_array.\g_row[1].g_col[0].u_pe.\u_mul.\g_bw.g_wallace.u_tree.\genblk1.g_reduce.u_next.$or$/home/danieltyukov/workspace/personal/tt-ihp-int8-npu/src/npu_csa_reduce.sv:53$1962 ($or).
Removed top 1 bits (of 16) from port Y of cell tt_um_danieltyukov_int8_npu.$flatten\u_core.\u_array.\g_row[1].g_col[0].u_pe.\u_mul.\g_bw.g_wallace.u_tree.\genblk1.g_reduce.u_next.$and$/home/danieltyukov/workspace/personal/tt-ihp-int8-npu/src/npu_csa_reduce.sv:53$1963 ($and).
Removed top 1 bits (of 16) from port A of cell tt_um_danieltyukov_int8_npu.$flatten\u_core.\u_array.\g_row[1].g_col[0].u_pe.\u_mul.\g_bw.g_wallace.u_tree.\genblk1.g_reduce.u_next.$and$/home/danieltyukov/workspace/personal/tt-ihp-int8-npu/src/npu_csa_reduce.sv:53$1963 ($and).
Removed top 1 bits (of 16) from port B of cell tt_um_danieltyukov_int8_npu.$flatten\u_core.\u_array.\g_row[1].g_col[0].u_pe.\u_mul.\g_bw.g_wallace.u_tree.\genblk1.g_reduce.u_next.$and$/home/danieltyukov/workspace/personal/tt-ihp-int8-npu/src/npu_csa_reduce.sv:53$1963 ($and).
Removed top 1 bits (of 16) from port Y of cell tt_um_danieltyukov_int8_npu.$flatten\u_core.\u_array.\g_row[1].g_col[0].u_pe.\u_mul.\g_bw.g_wallace.u_tree.\genblk1.g_reduce.u_next.$or$/home/danieltyukov/workspace/personal/tt-ihp-int8-npu/src/npu_csa_reduce.sv:53$1969 ($or).
Removed top 1 bits (of 16) from port A of cell tt_um_danieltyukov_int8_npu.$flatten\u_core.\u_array.\g_row[1].g_col[0].u_pe.\u_mul.\g_bw.g_wallace.u_tree.\genblk1.g_reduce.u_next.$or$/home/danieltyukov/workspace/personal/tt-ihp-int8-npu/src/npu_csa_reduce.sv:53$1969 ($or).
Removed top 1 bits (of 16) from port B of cell tt_um_danieltyukov_int8_npu.$flatten\u_core.\u_array.\g_row[1].g_col[0].u_pe.\u_mul.\g_bw.g_wallace.u_tree.\genblk1.g_reduce.u_next.$or$/home/danieltyukov/workspace/personal/tt-ihp-int8-npu/src/npu_csa_reduce.sv:53$1969 ($or).
Removed top 1 bits (of 16) from port Y of cell tt_um_danieltyukov_int8_npu.$flatten\u_core.\u_array.\g_row[1].g_col[0].u_pe.\u_mul.\g_bw.g_wallace.u_tree.\genblk1.g_reduce.u_next.$and$/home/danieltyukov/workspace/personal/tt-ihp-int8-npu/src/npu_csa_reduce.sv:53$1970 ($and).
Removed top 1 bits (of 16) from port A of cell tt_um_danieltyukov_int8_npu.$flatten\u_core.\u_array.\g_row[1].g_col[0].u_pe.\u_mul.\g_bw.g_wallace.u_tree.\genblk1.g_reduce.u_next.$and$/home/danieltyukov/workspace/personal/tt-ihp-int8-npu/src/npu_csa_reduce.sv:53$1970 ($and).
Removed top 1 bits (of 16) from port B of cell tt_um_danieltyukov_int8_npu.$flatten\u_core.\u_array.\g_row[1].g_col[0].u_pe.\u_mul.\g_bw.g_wallace.u_tree.\genblk1.g_reduce.u_next.$and$/home/danieltyukov/workspace/personal/tt-ihp-int8-npu/src/npu_csa_reduce.sv:53$1970 ($and).
Removed top 1 bits (of 16) from port Y of cell tt_um_danieltyukov_int8_npu.$flatten\u_core.\u_array.\g_row[1].g_col[0].u_pe.\u_mul.\g_bw.g_wallace.u_tree.\genblk1.g_reduce.u_next.\genblk1.g_reduce.u_next.\genblk1.g_reduce.u_next.$or$/home/danieltyukov/workspace/personal/tt-ihp-int8-npu/src/npu_csa_reduce.sv:53$1828 ($or).
Removed top 1 bits (of 16) from port A of cell tt_um_danieltyukov_int8_npu.$flatten\u_core.\u_array.\g_row[1].g_col[0].u_pe.\u_mul.\g_bw.g_wallace.u_tree.\genblk1.g_reduce.u_next.\genblk1.g_reduce.u_next.\genblk1.g_reduce.u_next.$or$/home/danieltyukov/workspace/personal/tt-ihp-int8-npu/src/npu_csa_reduce.sv:53$1828 ($or).
Removed top 1 bits (of 16) from port B of cell tt_um_danieltyukov_int8_npu.$flatten\u_core.\u_array.\g_row[1].g_col[0].u_pe.\u_mul.\g_bw.g_wallace.u_tree.\genblk1.g_reduce.u_next.\genblk1.g_reduce.u_next.\genblk1.g_reduce.u_next.$or$/home/danieltyukov/workspace/personal/tt-ihp-int8-npu/src/npu_csa_reduce.sv:53$1828 ($or).
Removed top 1 bits (of 16) from port Y of cell tt_um_danieltyukov_int8_npu.$flatten\u_core.\u_array.\g_row[1].g_col[0].u_pe.\u_mul.\g_bw.g_wallace.u_tree.\genblk1.g_reduce.u_next.\genblk1.g_reduce.u_next.\genblk1.g_reduce.u_next.$and$/home/danieltyukov/workspace/personal/tt-ihp-int8-npu/src/npu_csa_reduce.sv:53$1829 ($and).
Removed top 1 bits (of 16) from port A of cell tt_um_danieltyukov_int8_npu.$flatten\u_core.\u_array.\g_row[1].g_col[0].u_pe.\u_mul.\g_bw.g_wallace.u_tree.\genblk1.g_reduce.u_next.\genblk1.g_reduce.u_next.\genblk1.g_reduce.u_next.$and$/home/danieltyukov/workspace/personal/tt-ihp-int8-npu/src/npu_csa_reduce.sv:53$1829 ($and).
Removed top 1 bits (of 16) from port B of cell tt_um_danieltyukov_int8_npu.$flatten\u_core.\u_array.\g_row[1].g_col[0].u_pe.\u_mul.\g_bw.g_wallace.u_tree.\genblk1.g_reduce.u_next.\genblk1.g_reduce.u_next.\genblk1.g_reduce.u_next.$and$/home/danieltyukov/workspace/personal/tt-ihp-int8-npu/src/npu_csa_reduce.sv:53$1829 ($and).
Removed top 1 bits (of 16) from port Y of cell tt_um_danieltyukov_int8_npu.$flatten\u_core.\u_array.\g_row[1].g_col[1].u_pe.\u_mul.\g_bw.g_wallace.u_tree.\genblk1.g_reduce.u_next.$or$/home/danieltyukov/workspace/personal/tt-ihp-int8-npu/src/npu_csa_reduce.sv:53$1962 ($or).
Removed top 1 bits (of 16) from port A of cell tt_um_danieltyukov_int8_npu.$flatten\u_core.\u_array.\g_row[1].g_col[1].u_pe.\u_mul.\g_bw.g_wallace.u_tree.\genblk1.g_reduce.u_next.$or$/home/danieltyukov/workspace/personal/tt-ihp-int8-npu/src/npu_csa_reduce.sv:53$1962 ($or).
Removed top 1 bits (of 16) from port B of cell tt_um_danieltyukov_int8_npu.$flatten\u_core.\u_array.\g_row[1].g_col[1].u_pe.\u_mul.\g_bw.g_wallace.u_tree.\genblk1.g_reduce.u_next.$or$/home/danieltyukov/workspace/personal/tt-ihp-int8-npu/src/npu_csa_reduce.sv:53$1962 ($or).
Removed top 1 bits (of 16) from port Y of cell tt_um_danieltyukov_int8_npu.$flatten\u_core.\u_array.\g_row[1].g_col[1].u_pe.\u_mul.\g_bw.g_wallace.u_tree.\genblk1.g_reduce.u_next.$and$/home/danieltyukov/workspace/personal/tt-ihp-int8-npu/src/npu_csa_reduce.sv:53$1963 ($and).
Removed top 1 bits (of 16) from port A of cell tt_um_danieltyukov_int8_npu.$flatten\u_core.\u_array.\g_row[1].g_col[1].u_pe.\u_mul.\g_bw.g_wallace.u_tree.\genblk1.g_reduce.u_next.$and$/home/danieltyukov/workspace/personal/tt-ihp-int8-npu/src/npu_csa_reduce.sv:53$1963 ($and).
Removed top 1 bits (of 16) from port B of cell tt_um_danieltyukov_int8_npu.$flatten\u_core.\u_array.\g_row[1].g_col[1].u_pe.\u_mul.\g_bw.g_wallace.u_tree.\genblk1.g_reduce.u_next.$and$/home/danieltyukov/workspace/personal/tt-ihp-int8-npu/src/npu_csa_reduce.sv:53$1963 ($and).
Removed top 1 bits (of 16) from port Y of cell tt_um_danieltyukov_int8_npu.$flatten\u_core.\u_array.\g_row[1].g_col[1].u_pe.\u_mul.\g_bw.g_wallace.u_tree.\genblk1.g_reduce.u_next.$or$/home/danieltyukov/workspace/personal/tt-ihp-int8-npu/src/npu_csa_reduce.sv:53$1969 ($or).
Removed top 1 bits (of 16) from port A of cell tt_um_danieltyukov_int8_npu.$flatten\u_core.\u_array.\g_row[1].g_col[1].u_pe.\u_mul.\g_bw.g_wallace.u_tree.\genblk1.g_reduce.u_next.$or$/home/danieltyukov/workspace/personal/tt-ihp-int8-npu/src/npu_csa_reduce.sv:53$1969 ($or).
Removed top 1 bits (of 16) from port B of cell tt_um_danieltyukov_int8_npu.$flatten\u_core.\u_array.\g_row[1].g_col[1].u_pe.\u_mul.\g_bw.g_wallace.u_tree.\genblk1.g_reduce.u_next.$or$/home/danieltyukov/workspace/personal/tt-ihp-int8-npu/src/npu_csa_reduce.sv:53$1969 ($or).
Removed top 1 bits (of 16) from port Y of cell tt_um_danieltyukov_int8_npu.$flatten\u_core.\u_array.\g_row[1].g_col[1].u_pe.\u_mul.\g_bw.g_wallace.u_tree.\genblk1.g_reduce.u_next.$and$/home/danieltyukov/workspace/personal/tt-ihp-int8-npu/src/npu_csa_reduce.sv:53$1970 ($and).
Removed top 1 bits (of 16) from port A of cell tt_um_danieltyukov_int8_npu.$flatten\u_core.\u_array.\g_row[1].g_col[1].u_pe.\u_mul.\g_bw.g_wallace.u_tree.\genblk1.g_reduce.u_next.$and$/home/danieltyukov/workspace/personal/tt-ihp-int8-npu/src/npu_csa_reduce.sv:53$1970 ($and).
Removed top 1 bits (of 16) from port B of cell tt_um_danieltyukov_int8_npu.$flatten\u_core.\u_array.\g_row[1].g_col[1].u_pe.\u_mul.\g_bw.g_wallace.u_tree.\genblk1.g_reduce.u_next.$and$/home/danieltyukov/workspace/personal/tt-ihp-int8-npu/src/npu_csa_reduce.sv:53$1970 ($and).
Removed top 1 bits (of 16) from port Y of cell tt_um_danieltyukov_int8_npu.$flatten\u_core.\u_array.\g_row[1].g_col[1].u_pe.\u_mul.\g_bw.g_wallace.u_tree.\genblk1.g_reduce.u_next.\genblk1.g_reduce.u_next.\genblk1.g_reduce.u_next.$or$/home/danieltyukov/workspace/personal/tt-ihp-int8-npu/src/npu_csa_reduce.sv:53$1828 ($or).
Removed top 1 bits (of 16) from port A of cell tt_um_danieltyukov_int8_npu.$flatten\u_core.\u_array.\g_row[1].g_col[1].u_pe.\u_mul.\g_bw.g_wallace.u_tree.\genblk1.g_reduce.u_next.\genblk1.g_reduce.u_next.\genblk1.g_reduce.u_next.$or$/home/danieltyukov/workspace/personal/tt-ihp-int8-npu/src/npu_csa_reduce.sv:53$1828 ($or).
Removed top 1 bits (of 16) from port B of cell tt_um_danieltyukov_int8_npu.$flatten\u_core.\u_array.\g_row[1].g_col[1].u_pe.\u_mul.\g_bw.g_wallace.u_tree.\genblk1.g_reduce.u_next.\genblk1.g_reduce.u_next.\genblk1.g_reduce.u_next.$or$/home/danieltyukov/workspace/personal/tt-ihp-int8-npu/src/npu_csa_reduce.sv:53$1828 ($or).
Removed top 1 bits (of 16) from port Y of cell tt_um_danieltyukov_int8_npu.$flatten\u_core.\u_array.\g_row[1].g_col[1].u_pe.\u_mul.\g_bw.g_wallace.u_tree.\genblk1.g_reduce.u_next.\genblk1.g_reduce.u_next.\genblk1.g_reduce.u_next.$and$/home/danieltyukov/workspace/personal/tt-ihp-int8-npu/src/npu_csa_reduce.sv:53$1829 ($and).
Removed top 1 bits (of 16) from port A of cell tt_um_danieltyukov_int8_npu.$flatten\u_core.\u_array.\g_row[1].g_col[1].u_pe.\u_mul.\g_bw.g_wallace.u_tree.\genblk1.g_reduce.u_next.\genblk1.g_reduce.u_next.\genblk1.g_reduce.u_next.$and$/home/danieltyukov/workspace/personal/tt-ihp-int8-npu/src/npu_csa_reduce.sv:53$1829 ($and).
Removed top 1 bits (of 16) from port B of cell tt_um_danieltyukov_int8_npu.$flatten\u_core.\u_array.\g_row[1].g_col[1].u_pe.\u_mul.\g_bw.g_wallace.u_tree.\genblk1.g_reduce.u_next.\genblk1.g_reduce.u_next.\genblk1.g_reduce.u_next.$and$/home/danieltyukov/workspace/personal/tt-ihp-int8-npu/src/npu_csa_reduce.sv:53$1829 ($and).
Removed top 1 bits (of 16) from port Y of cell tt_um_danieltyukov_int8_npu.$flatten\u_core.\u_array.\g_row[2].g_col[0].u_pe.\u_mul.\g_bw.g_wallace.u_tree.\genblk1.g_reduce.u_next.$or$/home/danieltyukov/workspace/personal/tt-ihp-int8-npu/src/npu_csa_reduce.sv:53$1962 ($or).
Removed top 1 bits (of 16) from port A of cell tt_um_danieltyukov_int8_npu.$flatten\u_core.\u_array.\g_row[2].g_col[0].u_pe.\u_mul.\g_bw.g_wallace.u_tree.\genblk1.g_reduce.u_next.$or$/home/danieltyukov/workspace/personal/tt-ihp-int8-npu/src/npu_csa_reduce.sv:53$1962 ($or).
Removed top 1 bits (of 16) from port B of cell tt_um_danieltyukov_int8_npu.$flatten\u_core.\u_array.\g_row[2].g_col[0].u_pe.\u_mul.\g_bw.g_wallace.u_tree.\genblk1.g_reduce.u_next.$or$/home/danieltyukov/workspace/personal/tt-ihp-int8-npu/src/npu_csa_reduce.sv:53$1962 ($or).
Removed top 1 bits (of 16) from port Y of cell tt_um_danieltyukov_int8_npu.$flatten\u_core.\u_array.\g_row[2].g_col[0].u_pe.\u_mul.\g_bw.g_wallace.u_tree.\genblk1.g_reduce.u_next.$and$/home/danieltyukov/workspace/personal/tt-ihp-int8-npu/src/npu_csa_reduce.sv:53$1963 ($and).
Removed top 1 bits (of 16) from port A of cell tt_um_danieltyukov_int8_npu.$flatten\u_core.\u_array.\g_row[2].g_col[0].u_pe.\u_mul.\g_bw.g_wallace.u_tree.\genblk1.g_reduce.u_next.$and$/home/danieltyukov/workspace/personal/tt-ihp-int8-npu/src/npu_csa_reduce.sv:53$1963 ($and).
Removed top 1 bits (of 16) from port B of cell tt_um_danieltyukov_int8_npu.$flatten\u_core.\u_array.\g_row[2].g_col[0].u_pe.\u_mul.\g_bw.g_wallace.u_tree.\genblk1.g_reduce.u_next.$and$/home/danieltyukov/workspace/personal/tt-ihp-int8-npu/src/npu_csa_reduce.sv:53$1963 ($and).
Removed top 1 bits (of 16) from port Y of cell tt_um_danieltyukov_int8_npu.$flatten\u_core.\u_array.\g_row[2].g_col[0].u_pe.\u_mul.\g_bw.g_wallace.u_tree.\genblk1.g_reduce.u_next.$or$/home/danieltyukov/workspace/personal/tt-ihp-int8-npu/src/npu_csa_reduce.sv:53$1969 ($or).
Removed top 1 bits (of 16) from port A of cell tt_um_danieltyukov_int8_npu.$flatten\u_core.\u_array.\g_row[2].g_col[0].u_pe.\u_mul.\g_bw.g_wallace.u_tree.\genblk1.g_reduce.u_next.$or$/home/danieltyukov/workspace/personal/tt-ihp-int8-npu/src/npu_csa_reduce.sv:53$1969 ($or).
Removed top 1 bits (of 16) from port B of cell tt_um_danieltyukov_int8_npu.$flatten\u_core.\u_array.\g_row[2].g_col[0].u_pe.\u_mul.\g_bw.g_wallace.u_tree.\genblk1.g_reduce.u_next.$or$/home/danieltyukov/workspace/personal/tt-ihp-int8-npu/src/npu_csa_reduce.sv:53$1969 ($or).
Removed top 1 bits (of 16) from port Y of cell tt_um_danieltyukov_int8_npu.$flatten\u_core.\u_array.\g_row[2].g_col[0].u_pe.\u_mul.\g_bw.g_wallace.u_tree.\genblk1.g_reduce.u_next.$and$/home/danieltyukov/workspace/personal/tt-ihp-int8-npu/src/npu_csa_reduce.sv:53$1970 ($and).
Removed top 1 bits (of 16) from port A of cell tt_um_danieltyukov_int8_npu.$flatten\u_core.\u_array.\g_row[2].g_col[0].u_pe.\u_mul.\g_bw.g_wallace.u_tree.\genblk1.g_reduce.u_next.$and$/home/danieltyukov/workspace/personal/tt-ihp-int8-npu/src/npu_csa_reduce.sv:53$1970 ($and).
Removed top 1 bits (of 16) from port B of cell tt_um_danieltyukov_int8_npu.$flatten\u_core.\u_array.\g_row[2].g_col[0].u_pe.\u_mul.\g_bw.g_wallace.u_tree.\genblk1.g_reduce.u_next.$and$/home/danieltyukov/workspace/personal/tt-ihp-int8-npu/src/npu_csa_reduce.sv:53$1970 ($and).
Removed top 1 bits (of 16) from port Y of cell tt_um_danieltyukov_int8_npu.$flatten\u_core.\u_array.\g_row[2].g_col[0].u_pe.\u_mul.\g_bw.g_wallace.u_tree.\genblk1.g_reduce.u_next.\genblk1.g_reduce.u_next.\genblk1.g_reduce.u_next.$or$/home/danieltyukov/workspace/personal/tt-ihp-int8-npu/src/npu_csa_reduce.sv:53$1828 ($or).
Removed top 1 bits (of 16) from port A of cell tt_um_danieltyukov_int8_npu.$flatten\u_core.\u_array.\g_row[2].g_col[0].u_pe.\u_mul.\g_bw.g_wallace.u_tree.\genblk1.g_reduce.u_next.\genblk1.g_reduce.u_next.\genblk1.g_reduce.u_next.$or$/home/danieltyukov/workspace/personal/tt-ihp-int8-npu/src/npu_csa_reduce.sv:53$1828 ($or).
Removed top 1 bits (of 16) from port B of cell tt_um_danieltyukov_int8_npu.$flatten\u_core.\u_array.\g_row[2].g_col[0].u_pe.\u_mul.\g_bw.g_wallace.u_tree.\genblk1.g_reduce.u_next.\genblk1.g_reduce.u_next.\genblk1.g_reduce.u_next.$or$/home/danieltyukov/workspace/personal/tt-ihp-int8-npu/src/npu_csa_reduce.sv:53$1828 ($or).
Removed top 1 bits (of 16) from port Y of cell tt_um_danieltyukov_int8_npu.$flatten\u_core.\u_array.\g_row[2].g_col[0].u_pe.\u_mul.\g_bw.g_wallace.u_tree.\genblk1.g_reduce.u_next.\genblk1.g_reduce.u_next.\genblk1.g_reduce.u_next.$and$/home/danieltyukov/workspace/personal/tt-ihp-int8-npu/src/npu_csa_reduce.sv:53$1829 ($and).
Removed top 1 bits (of 16) from port A of cell tt_um_danieltyukov_int8_npu.$flatten\u_core.\u_array.\g_row[2].g_col[0].u_pe.\u_mul.\g_bw.g_wallace.u_tree.\genblk1.g_reduce.u_next.\genblk1.g_reduce.u_next.\genblk1.g_reduce.u_next.$and$/home/danieltyukov/workspace/personal/tt-ihp-int8-npu/src/npu_csa_reduce.sv:53$1829 ($and).
Removed top 1 bits (of 16) from port B of cell tt_um_danieltyukov_int8_npu.$flatten\u_core.\u_array.\g_row[2].g_col[0].u_pe.\u_mul.\g_bw.g_wallace.u_tree.\genblk1.g_reduce.u_next.\genblk1.g_reduce.u_next.\genblk1.g_reduce.u_next.$and$/home/danieltyukov/workspace/personal/tt-ihp-int8-npu/src/npu_csa_reduce.sv:53$1829 ($and).
Removed top 1 bits (of 16) from port Y of cell tt_um_danieltyukov_int8_npu.$flatten\u_core.\u_array.\g_row[2].g_col[1].u_pe.\u_mul.\g_bw.g_wallace.u_tree.\genblk1.g_reduce.u_next.$or$/home/danieltyukov/workspace/personal/tt-ihp-int8-npu/src/npu_csa_reduce.sv:53$1962 ($or).
Removed top 1 bits (of 16) from port A of cell tt_um_danieltyukov_int8_npu.$flatten\u_core.\u_array.\g_row[2].g_col[1].u_pe.\u_mul.\g_bw.g_wallace.u_tree.\genblk1.g_reduce.u_next.$or$/home/danieltyukov/workspace/personal/tt-ihp-int8-npu/src/npu_csa_reduce.sv:53$1962 ($or).
Removed top 1 bits (of 16) from port B of cell tt_um_danieltyukov_int8_npu.$flatten\u_core.\u_array.\g_row[2].g_col[1].u_pe.\u_mul.\g_bw.g_wallace.u_tree.\genblk1.g_reduce.u_next.$or$/home/danieltyukov/workspace/personal/tt-ihp-int8-npu/src/npu_csa_reduce.sv:53$1962 ($or).
Removed top 1 bits (of 16) from port Y of cell tt_um_danieltyukov_int8_npu.$flatten\u_core.\u_array.\g_row[2].g_col[1].u_pe.\u_mul.\g_bw.g_wallace.u_tree.\genblk1.g_reduce.u_next.$and$/home/danieltyukov/workspace/personal/tt-ihp-int8-npu/src/npu_csa_reduce.sv:53$1963 ($and).
Removed top 1 bits (of 16) from port A of cell tt_um_danieltyukov_int8_npu.$flatten\u_core.\u_array.\g_row[2].g_col[1].u_pe.\u_mul.\g_bw.g_wallace.u_tree.\genblk1.g_reduce.u_next.$and$/home/danieltyukov/workspace/personal/tt-ihp-int8-npu/src/npu_csa_reduce.sv:53$1963 ($and).
Removed top 1 bits (of 16) from port B of cell tt_um_danieltyukov_int8_npu.$flatten\u_core.\u_array.\g_row[2].g_col[1].u_pe.\u_mul.\g_bw.g_wallace.u_tree.\genblk1.g_reduce.u_next.$and$/home/danieltyukov/workspace/personal/tt-ihp-int8-npu/src/npu_csa_reduce.sv:53$1963 ($and).
Removed top 1 bits (of 16) from port Y of cell tt_um_danieltyukov_int8_npu.$flatten\u_core.\u_array.\g_row[2].g_col[1].u_pe.\u_mul.\g_bw.g_wallace.u_tree.\genblk1.g_reduce.u_next.$or$/home/danieltyukov/workspace/personal/tt-ihp-int8-npu/src/npu_csa_reduce.sv:53$1969 ($or).
Removed top 1 bits (of 16) from port A of cell tt_um_danieltyukov_int8_npu.$flatten\u_core.\u_array.\g_row[2].g_col[1].u_pe.\u_mul.\g_bw.g_wallace.u_tree.\genblk1.g_reduce.u_next.$or$/home/danieltyukov/workspace/personal/tt-ihp-int8-npu/src/npu_csa_reduce.sv:53$1969 ($or).
Removed top 1 bits (of 16) from port B of cell tt_um_danieltyukov_int8_npu.$flatten\u_core.\u_array.\g_row[2].g_col[1].u_pe.\u_mul.\g_bw.g_wallace.u_tree.\genblk1.g_reduce.u_next.$or$/home/danieltyukov/workspace/personal/tt-ihp-int8-npu/src/npu_csa_reduce.sv:53$1969 ($or).
Removed top 1 bits (of 16) from port Y of cell tt_um_danieltyukov_int8_npu.$flatten\u_core.\u_array.\g_row[2].g_col[1].u_pe.\u_mul.\g_bw.g_wallace.u_tree.\genblk1.g_reduce.u_next.$and$/home/danieltyukov/workspace/personal/tt-ihp-int8-npu/src/npu_csa_reduce.sv:53$1970 ($and).
Removed top 1 bits (of 16) from port A of cell tt_um_danieltyukov_int8_npu.$flatten\u_core.\u_array.\g_row[2].g_col[1].u_pe.\u_mul.\g_bw.g_wallace.u_tree.\genblk1.g_reduce.u_next.$and$/home/danieltyukov/workspace/personal/tt-ihp-int8-npu/src/npu_csa_reduce.sv:53$1970 ($and).
Removed top 1 bits (of 16) from port B of cell tt_um_danieltyukov_int8_npu.$flatten\u_core.\u_array.\g_row[2].g_col[1].u_pe.\u_mul.\g_bw.g_wallace.u_tree.\genblk1.g_reduce.u_next.$and$/home/danieltyukov/workspace/personal/tt-ihp-int8-npu/src/npu_csa_reduce.sv:53$1970 ($and).
Removed top 1 bits (of 16) from port Y of cell tt_um_danieltyukov_int8_npu.$flatten\u_core.\u_array.\g_row[2].g_col[1].u_pe.\u_mul.\g_bw.g_wallace.u_tree.\genblk1.g_reduce.u_next.\genblk1.g_reduce.u_next.\genblk1.g_reduce.u_next.$or$/home/danieltyukov/workspace/personal/tt-ihp-int8-npu/src/npu_csa_reduce.sv:53$1828 ($or).
Removed top 1 bits (of 16) from port A of cell tt_um_danieltyukov_int8_npu.$flatten\u_core.\u_array.\g_row[2].g_col[1].u_pe.\u_mul.\g_bw.g_wallace.u_tree.\genblk1.g_reduce.u_next.\genblk1.g_reduce.u_next.\genblk1.g_reduce.u_next.$or$/home/danieltyukov/workspace/personal/tt-ihp-int8-npu/src/npu_csa_reduce.sv:53$1828 ($or).
Removed top 1 bits (of 16) from port B of cell tt_um_danieltyukov_int8_npu.$flatten\u_core.\u_array.\g_row[2].g_col[1].u_pe.\u_mul.\g_bw.g_wallace.u_tree.\genblk1.g_reduce.u_next.\genblk1.g_reduce.u_next.\genblk1.g_reduce.u_next.$or$/home/danieltyukov/workspace/personal/tt-ihp-int8-npu/src/npu_csa_reduce.sv:53$1828 ($or).
Removed top 1 bits (of 16) from port Y of cell tt_um_danieltyukov_int8_npu.$flatten\u_core.\u_array.\g_row[2].g_col[1].u_pe.\u_mul.\g_bw.g_wallace.u_tree.\genblk1.g_reduce.u_next.\genblk1.g_reduce.u_next.\genblk1.g_reduce.u_next.$and$/home/danieltyukov/workspace/personal/tt-ihp-int8-npu/src/npu_csa_reduce.sv:53$1829 ($and).
Removed top 1 bits (of 16) from port A of cell tt_um_danieltyukov_int8_npu.$flatten\u_core.\u_array.\g_row[2].g_col[1].u_pe.\u_mul.\g_bw.g_wallace.u_tree.\genblk1.g_reduce.u_next.\genblk1.g_reduce.u_next.\genblk1.g_reduce.u_next.$and$/home/danieltyukov/workspace/personal/tt-ihp-int8-npu/src/npu_csa_reduce.sv:53$1829 ($and).
Removed top 1 bits (of 16) from port B of cell tt_um_danieltyukov_int8_npu.$flatten\u_core.\u_array.\g_row[2].g_col[1].u_pe.\u_mul.\g_bw.g_wallace.u_tree.\genblk1.g_reduce.u_next.\genblk1.g_reduce.u_next.\genblk1.g_reduce.u_next.$and$/home/danieltyukov/workspace/personal/tt-ihp-int8-npu/src/npu_csa_reduce.sv:53$1829 ($and).
Removed top 1 bits (of 16) from port Y of cell tt_um_danieltyukov_int8_npu.$flatten\u_core.\u_array.\g_row[3].g_col[0].u_pe.\u_mul.\g_bw.g_wallace.u_tree.\genblk1.g_reduce.u_next.$or$/home/danieltyukov/workspace/personal/tt-ihp-int8-npu/src/npu_csa_reduce.sv:53$1962 ($or).
Removed top 1 bits (of 16) from port A of cell tt_um_danieltyukov_int8_npu.$flatten\u_core.\u_array.\g_row[3].g_col[0].u_pe.\u_mul.\g_bw.g_wallace.u_tree.\genblk1.g_reduce.u_next.$or$/home/danieltyukov/workspace/personal/tt-ihp-int8-npu/src/npu_csa_reduce.sv:53$1962 ($or).
Removed top 1 bits (of 16) from port B of cell tt_um_danieltyukov_int8_npu.$flatten\u_core.\u_array.\g_row[3].g_col[0].u_pe.\u_mul.\g_bw.g_wallace.u_tree.\genblk1.g_reduce.u_next.$or$/home/danieltyukov/workspace/personal/tt-ihp-int8-npu/src/npu_csa_reduce.sv:53$1962 ($or).
Removed top 1 bits (of 16) from port Y of cell tt_um_danieltyukov_int8_npu.$flatten\u_core.\u_array.\g_row[3].g_col[0].u_pe.\u_mul.\g_bw.g_wallace.u_tree.\genblk1.g_reduce.u_next.$and$/home/danieltyukov/workspace/personal/tt-ihp-int8-npu/src/npu_csa_reduce.sv:53$1963 ($and).
Removed top 1 bits (of 16) from port A of cell tt_um_danieltyukov_int8_npu.$flatten\u_core.\u_array.\g_row[3].g_col[0].u_pe.\u_mul.\g_bw.g_wallace.u_tree.\genblk1.g_reduce.u_next.$and$/home/danieltyukov/workspace/personal/tt-ihp-int8-npu/src/npu_csa_reduce.sv:53$1963 ($and).
Removed top 1 bits (of 16) from port B of cell tt_um_danieltyukov_int8_npu.$flatten\u_core.\u_array.\g_row[3].g_col[0].u_pe.\u_mul.\g_bw.g_wallace.u_tree.\genblk1.g_reduce.u_next.$and$/home/danieltyukov/workspace/personal/tt-ihp-int8-npu/src/npu_csa_reduce.sv:53$1963 ($and).
Removed top 1 bits (of 16) from port Y of cell tt_um_danieltyukov_int8_npu.$flatten\u_core.\u_array.\g_row[3].g_col[0].u_pe.\u_mul.\g_bw.g_wallace.u_tree.\genblk1.g_reduce.u_next.$or$/home/danieltyukov/workspace/personal/tt-ihp-int8-npu/src/npu_csa_reduce.sv:53$1969 ($or).
Removed top 1 bits (of 16) from port A of cell tt_um_danieltyukov_int8_npu.$flatten\u_core.\u_array.\g_row[3].g_col[0].u_pe.\u_mul.\g_bw.g_wallace.u_tree.\genblk1.g_reduce.u_next.$or$/home/danieltyukov/workspace/personal/tt-ihp-int8-npu/src/npu_csa_reduce.sv:53$1969 ($or).
Removed top 1 bits (of 16) from port B of cell tt_um_danieltyukov_int8_npu.$flatten\u_core.\u_array.\g_row[3].g_col[0].u_pe.\u_mul.\g_bw.g_wallace.u_tree.\genblk1.g_reduce.u_next.$or$/home/danieltyukov/workspace/personal/tt-ihp-int8-npu/src/npu_csa_reduce.sv:53$1969 ($or).
Removed top 1 bits (of 16) from port Y of cell tt_um_danieltyukov_int8_npu.$flatten\u_core.\u_array.\g_row[3].g_col[0].u_pe.\u_mul.\g_bw.g_wallace.u_tree.\genblk1.g_reduce.u_next.$and$/home/danieltyukov/workspace/personal/tt-ihp-int8-npu/src/npu_csa_reduce.sv:53$1970 ($and).
Removed top 1 bits (of 16) from port A of cell tt_um_danieltyukov_int8_npu.$flatten\u_core.\u_array.\g_row[3].g_col[0].u_pe.\u_mul.\g_bw.g_wallace.u_tree.\genblk1.g_reduce.u_next.$and$/home/danieltyukov/workspace/personal/tt-ihp-int8-npu/src/npu_csa_reduce.sv:53$1970 ($and).
Removed top 1 bits (of 16) from port B of cell tt_um_danieltyukov_int8_npu.$flatten\u_core.\u_array.\g_row[3].g_col[0].u_pe.\u_mul.\g_bw.g_wallace.u_tree.\genblk1.g_reduce.u_next.$and$/home/danieltyukov/workspace/personal/tt-ihp-int8-npu/src/npu_csa_reduce.sv:53$1970 ($and).
Removed top 1 bits (of 16) from port Y of cell tt_um_danieltyukov_int8_npu.$flatten\u_core.\u_array.\g_row[3].g_col[0].u_pe.\u_mul.\g_bw.g_wallace.u_tree.\genblk1.g_reduce.u_next.\genblk1.g_reduce.u_next.\genblk1.g_reduce.u_next.$or$/home/danieltyukov/workspace/personal/tt-ihp-int8-npu/src/npu_csa_reduce.sv:53$1828 ($or).
Removed top 1 bits (of 16) from port A of cell tt_um_danieltyukov_int8_npu.$flatten\u_core.\u_array.\g_row[3].g_col[0].u_pe.\u_mul.\g_bw.g_wallace.u_tree.\genblk1.g_reduce.u_next.\genblk1.g_reduce.u_next.\genblk1.g_reduce.u_next.$or$/home/danieltyukov/workspace/personal/tt-ihp-int8-npu/src/npu_csa_reduce.sv:53$1828 ($or).
Removed top 1 bits (of 16) from port B of cell tt_um_danieltyukov_int8_npu.$flatten\u_core.\u_array.\g_row[3].g_col[0].u_pe.\u_mul.\g_bw.g_wallace.u_tree.\genblk1.g_reduce.u_next.\genblk1.g_reduce.u_next.\genblk1.g_reduce.u_next.$or$/home/danieltyukov/workspace/personal/tt-ihp-int8-npu/src/npu_csa_reduce.sv:53$1828 ($or).
Removed top 1 bits (of 16) from port Y of cell tt_um_danieltyukov_int8_npu.$flatten\u_core.\u_array.\g_row[3].g_col[0].u_pe.\u_mul.\g_bw.g_wallace.u_tree.\genblk1.g_reduce.u_next.\genblk1.g_reduce.u_next.\genblk1.g_reduce.u_next.$and$/home/danieltyukov/workspace/personal/tt-ihp-int8-npu/src/npu_csa_reduce.sv:53$1829 ($and).
Removed top 1 bits (of 16) from port A of cell tt_um_danieltyukov_int8_npu.$flatten\u_core.\u_array.\g_row[3].g_col[0].u_pe.\u_mul.\g_bw.g_wallace.u_tree.\genblk1.g_reduce.u_next.\genblk1.g_reduce.u_next.\genblk1.g_reduce.u_next.$and$/home/danieltyukov/workspace/personal/tt-ihp-int8-npu/src/npu_csa_reduce.sv:53$1829 ($and).
Removed top 1 bits (of 16) from port B of cell tt_um_danieltyukov_int8_npu.$flatten\u_core.\u_array.\g_row[3].g_col[0].u_pe.\u_mul.\g_bw.g_wallace.u_tree.\genblk1.g_reduce.u_next.\genblk1.g_reduce.u_next.\genblk1.g_reduce.u_next.$and$/home/danieltyukov/workspace/personal/tt-ihp-int8-npu/src/npu_csa_reduce.sv:53$1829 ($and).
Removed top 1 bits (of 16) from port Y of cell tt_um_danieltyukov_int8_npu.$flatten\u_core.\u_array.\g_row[3].g_col[1].u_pe.\u_mul.\g_bw.g_wallace.u_tree.\genblk1.g_reduce.u_next.$or$/home/danieltyukov/workspace/personal/tt-ihp-int8-npu/src/npu_csa_reduce.sv:53$1962 ($or).
Removed top 1 bits (of 16) from port A of cell tt_um_danieltyukov_int8_npu.$flatten\u_core.\u_array.\g_row[3].g_col[1].u_pe.\u_mul.\g_bw.g_wallace.u_tree.\genblk1.g_reduce.u_next.$or$/home/danieltyukov/workspace/personal/tt-ihp-int8-npu/src/npu_csa_reduce.sv:53$1962 ($or).
Removed top 1 bits (of 16) from port B of cell tt_um_danieltyukov_int8_npu.$flatten\u_core.\u_array.\g_row[3].g_col[1].u_pe.\u_mul.\g_bw.g_wallace.u_tree.\genblk1.g_reduce.u_next.$or$/home/danieltyukov/workspace/personal/tt-ihp-int8-npu/src/npu_csa_reduce.sv:53$1962 ($or).
Removed top 1 bits (of 16) from port Y of cell tt_um_danieltyukov_int8_npu.$flatten\u_core.\u_array.\g_row[3].g_col[1].u_pe.\u_mul.\g_bw.g_wallace.u_tree.\genblk1.g_reduce.u_next.$and$/home/danieltyukov/workspace/personal/tt-ihp-int8-npu/src/npu_csa_reduce.sv:53$1963 ($and).
Removed top 1 bits (of 16) from port A of cell tt_um_danieltyukov_int8_npu.$flatten\u_core.\u_array.\g_row[3].g_col[1].u_pe.\u_mul.\g_bw.g_wallace.u_tree.\genblk1.g_reduce.u_next.$and$/home/danieltyukov/workspace/personal/tt-ihp-int8-npu/src/npu_csa_reduce.sv:53$1963 ($and).
Removed top 1 bits (of 16) from port B of cell tt_um_danieltyukov_int8_npu.$flatten\u_core.\u_array.\g_row[3].g_col[1].u_pe.\u_mul.\g_bw.g_wallace.u_tree.\genblk1.g_reduce.u_next.$and$/home/danieltyukov/workspace/personal/tt-ihp-int8-npu/src/npu_csa_reduce.sv:53$1963 ($and).
Removed top 1 bits (of 16) from port Y of cell tt_um_danieltyukov_int8_npu.$flatten\u_core.\u_array.\g_row[3].g_col[1].u_pe.\u_mul.\g_bw.g_wallace.u_tree.\genblk1.g_reduce.u_next.$or$/home/danieltyukov/workspace/personal/tt-ihp-int8-npu/src/npu_csa_reduce.sv:53$1969 ($or).
Removed top 1 bits (of 16) from port A of cell tt_um_danieltyukov_int8_npu.$flatten\u_core.\u_array.\g_row[3].g_col[1].u_pe.\u_mul.\g_bw.g_wallace.u_tree.\genblk1.g_reduce.u_next.$or$/home/danieltyukov/workspace/personal/tt-ihp-int8-npu/src/npu_csa_reduce.sv:53$1969 ($or).
Removed top 1 bits (of 16) from port B of cell tt_um_danieltyukov_int8_npu.$flatten\u_core.\u_array.\g_row[3].g_col[1].u_pe.\u_mul.\g_bw.g_wallace.u_tree.\genblk1.g_reduce.u_next.$or$/home/danieltyukov/workspace/personal/tt-ihp-int8-npu/src/npu_csa_reduce.sv:53$1969 ($or).
Removed top 1 bits (of 16) from port Y of cell tt_um_danieltyukov_int8_npu.$flatten\u_core.\u_array.\g_row[3].g_col[1].u_pe.\u_mul.\g_bw.g_wallace.u_tree.\genblk1.g_reduce.u_next.$and$/home/danieltyukov/workspace/personal/tt-ihp-int8-npu/src/npu_csa_reduce.sv:53$1970 ($and).
Removed top 1 bits (of 16) from port A of cell tt_um_danieltyukov_int8_npu.$flatten\u_core.\u_array.\g_row[3].g_col[1].u_pe.\u_mul.\g_bw.g_wallace.u_tree.\genblk1.g_reduce.u_next.$and$/home/danieltyukov/workspace/personal/tt-ihp-int8-npu/src/npu_csa_reduce.sv:53$1970 ($and).
Removed top 1 bits (of 16) from port B of cell tt_um_danieltyukov_int8_npu.$flatten\u_core.\u_array.\g_row[3].g_col[1].u_pe.\u_mul.\g_bw.g_wallace.u_tree.\genblk1.g_reduce.u_next.$and$/home/danieltyukov/workspace/personal/tt-ihp-int8-npu/src/npu_csa_reduce.sv:53$1970 ($and).
Removed top 1 bits (of 16) from port Y of cell tt_um_danieltyukov_int8_npu.$flatten\u_core.\u_array.\g_row[3].g_col[1].u_pe.\u_mul.\g_bw.g_wallace.u_tree.\genblk1.g_reduce.u_next.\genblk1.g_reduce.u_next.\genblk1.g_reduce.u_next.$or$/home/danieltyukov/workspace/personal/tt-ihp-int8-npu/src/npu_csa_reduce.sv:53$1828 ($or).
Removed top 1 bits (of 16) from port A of cell tt_um_danieltyukov_int8_npu.$flatten\u_core.\u_array.\g_row[3].g_col[1].u_pe.\u_mul.\g_bw.g_wallace.u_tree.\genblk1.g_reduce.u_next.\genblk1.g_reduce.u_next.\genblk1.g_reduce.u_next.$or$/home/danieltyukov/workspace/personal/tt-ihp-int8-npu/src/npu_csa_reduce.sv:53$1828 ($or).
Removed top 1 bits (of 16) from port B of cell tt_um_danieltyukov_int8_npu.$flatten\u_core.\u_array.\g_row[3].g_col[1].u_pe.\u_mul.\g_bw.g_wallace.u_tree.\genblk1.g_reduce.u_next.\genblk1.g_reduce.u_next.\genblk1.g_reduce.u_next.$or$/home/danieltyukov/workspace/personal/tt-ihp-int8-npu/src/npu_csa_reduce.sv:53$1828 ($or).
Removed top 1 bits (of 16) from port Y of cell tt_um_danieltyukov_int8_npu.$flatten\u_core.\u_array.\g_row[3].g_col[1].u_pe.\u_mul.\g_bw.g_wallace.u_tree.\genblk1.g_reduce.u_next.\genblk1.g_reduce.u_next.\genblk1.g_reduce.u_next.$and$/home/danieltyukov/workspace/personal/tt-ihp-int8-npu/src/npu_csa_reduce.sv:53$1829 ($and).
Removed top 1 bits (of 16) from port A of cell tt_um_danieltyukov_int8_npu.$flatten\u_core.\u_array.\g_row[3].g_col[1].u_pe.\u_mul.\g_bw.g_wallace.u_tree.\genblk1.g_reduce.u_next.\genblk1.g_reduce.u_next.\genblk1.g_reduce.u_next.$and$/home/danieltyukov/workspace/personal/tt-ihp-int8-npu/src/npu_csa_reduce.sv:53$1829 ($and).
Removed top 1 bits (of 16) from port B of cell tt_um_danieltyukov_int8_npu.$flatten\u_core.\u_array.\g_row[3].g_col[1].u_pe.\u_mul.\g_bw.g_wallace.u_tree.\genblk1.g_reduce.u_next.\genblk1.g_reduce.u_next.\genblk1.g_reduce.u_next.$and$/home/danieltyukov/workspace/personal/tt-ihp-int8-npu/src/npu_csa_reduce.sv:53$1829 ($and).
Removed top 1 bits (of 16) from port Y of cell tt_um_danieltyukov_int8_npu.$flatten\u_core.\u_array.\g_row[4].g_col[0].u_pe.\u_mul.\g_bw.g_wallace.u_tree.\genblk1.g_reduce.u_next.$or$/home/danieltyukov/workspace/personal/tt-ihp-int8-npu/src/npu_csa_reduce.sv:53$1962 ($or).
Removed top 1 bits (of 16) from port A of cell tt_um_danieltyukov_int8_npu.$flatten\u_core.\u_array.\g_row[4].g_col[0].u_pe.\u_mul.\g_bw.g_wallace.u_tree.\genblk1.g_reduce.u_next.$or$/home/danieltyukov/workspace/personal/tt-ihp-int8-npu/src/npu_csa_reduce.sv:53$1962 ($or).
Removed top 1 bits (of 16) from port B of cell tt_um_danieltyukov_int8_npu.$flatten\u_core.\u_array.\g_row[4].g_col[0].u_pe.\u_mul.\g_bw.g_wallace.u_tree.\genblk1.g_reduce.u_next.$or$/home/danieltyukov/workspace/personal/tt-ihp-int8-npu/src/npu_csa_reduce.sv:53$1962 ($or).
Removed top 1 bits (of 16) from port Y of cell tt_um_danieltyukov_int8_npu.$flatten\u_core.\u_array.\g_row[4].g_col[0].u_pe.\u_mul.\g_bw.g_wallace.u_tree.\genblk1.g_reduce.u_next.$and$/home/danieltyukov/workspace/personal/tt-ihp-int8-npu/src/npu_csa_reduce.sv:53$1963 ($and).
Removed top 1 bits (of 16) from port A of cell tt_um_danieltyukov_int8_npu.$flatten\u_core.\u_array.\g_row[4].g_col[0].u_pe.\u_mul.\g_bw.g_wallace.u_tree.\genblk1.g_reduce.u_next.$and$/home/danieltyukov/workspace/personal/tt-ihp-int8-npu/src/npu_csa_reduce.sv:53$1963 ($and).
Removed top 1 bits (of 16) from port B of cell tt_um_danieltyukov_int8_npu.$flatten\u_core.\u_array.\g_row[4].g_col[0].u_pe.\u_mul.\g_bw.g_wallace.u_tree.\genblk1.g_reduce.u_next.$and$/home/danieltyukov/workspace/personal/tt-ihp-int8-npu/src/npu_csa_reduce.sv:53$1963 ($and).
Removed top 1 bits (of 16) from port Y of cell tt_um_danieltyukov_int8_npu.$flatten\u_core.\u_array.\g_row[4].g_col[0].u_pe.\u_mul.\g_bw.g_wallace.u_tree.\genblk1.g_reduce.u_next.$or$/home/danieltyukov/workspace/personal/tt-ihp-int8-npu/src/npu_csa_reduce.sv:53$1969 ($or).
Removed top 1 bits (of 16) from port A of cell tt_um_danieltyukov_int8_npu.$flatten\u_core.\u_array.\g_row[4].g_col[0].u_pe.\u_mul.\g_bw.g_wallace.u_tree.\genblk1.g_reduce.u_next.$or$/home/danieltyukov/workspace/personal/tt-ihp-int8-npu/src/npu_csa_reduce.sv:53$1969 ($or).
Removed top 1 bits (of 16) from port B of cell tt_um_danieltyukov_int8_npu.$flatten\u_core.\u_array.\g_row[4].g_col[0].u_pe.\u_mul.\g_bw.g_wallace.u_tree.\genblk1.g_reduce.u_next.$or$/home/danieltyukov/workspace/personal/tt-ihp-int8-npu/src/npu_csa_reduce.sv:53$1969 ($or).
Removed top 1 bits (of 16) from port Y of cell tt_um_danieltyukov_int8_npu.$flatten\u_core.\u_array.\g_row[4].g_col[0].u_pe.\u_mul.\g_bw.g_wallace.u_tree.\genblk1.g_reduce.u_next.$and$/home/danieltyukov/workspace/personal/tt-ihp-int8-npu/src/npu_csa_reduce.sv:53$1970 ($and).
Removed top 1 bits (of 16) from port A of cell tt_um_danieltyukov_int8_npu.$flatten\u_core.\u_array.\g_row[4].g_col[0].u_pe.\u_mul.\g_bw.g_wallace.u_tree.\genblk1.g_reduce.u_next.$and$/home/danieltyukov/workspace/personal/tt-ihp-int8-npu/src/npu_csa_reduce.sv:53$1970 ($and).
Removed top 1 bits (of 16) from port B of cell tt_um_danieltyukov_int8_npu.$flatten\u_core.\u_array.\g_row[4].g_col[0].u_pe.\u_mul.\g_bw.g_wallace.u_tree.\genblk1.g_reduce.u_next.$and$/home/danieltyukov/workspace/personal/tt-ihp-int8-npu/src/npu_csa_reduce.sv:53$1970 ($and).
Removed top 1 bits (of 16) from port Y of cell tt_um_danieltyukov_int8_npu.$flatten\u_core.\u_array.\g_row[4].g_col[0].u_pe.\u_mul.\g_bw.g_wallace.u_tree.\genblk1.g_reduce.u_next.\genblk1.g_reduce.u_next.\genblk1.g_reduce.u_next.$or$/home/danieltyukov/workspace/personal/tt-ihp-int8-npu/src/npu_csa_reduce.sv:53$1828 ($or).
Removed top 1 bits (of 16) from port A of cell tt_um_danieltyukov_int8_npu.$flatten\u_core.\u_array.\g_row[4].g_col[0].u_pe.\u_mul.\g_bw.g_wallace.u_tree.\genblk1.g_reduce.u_next.\genblk1.g_reduce.u_next.\genblk1.g_reduce.u_next.$or$/home/danieltyukov/workspace/personal/tt-ihp-int8-npu/src/npu_csa_reduce.sv:53$1828 ($or).
Removed top 1 bits (of 16) from port B of cell tt_um_danieltyukov_int8_npu.$flatten\u_core.\u_array.\g_row[4].g_col[0].u_pe.\u_mul.\g_bw.g_wallace.u_tree.\genblk1.g_reduce.u_next.\genblk1.g_reduce.u_next.\genblk1.g_reduce.u_next.$or$/home/danieltyukov/workspace/personal/tt-ihp-int8-npu/src/npu_csa_reduce.sv:53$1828 ($or).
Removed top 1 bits (of 16) from port Y of cell tt_um_danieltyukov_int8_npu.$flatten\u_core.\u_array.\g_row[4].g_col[0].u_pe.\u_mul.\g_bw.g_wallace.u_tree.\genblk1.g_reduce.u_next.\genblk1.g_reduce.u_next.\genblk1.g_reduce.u_next.$and$/home/danieltyukov/workspace/personal/tt-ihp-int8-npu/src/npu_csa_reduce.sv:53$1829 ($and).
Removed top 1 bits (of 16) from port A of cell tt_um_danieltyukov_int8_npu.$flatten\u_core.\u_array.\g_row[4].g_col[0].u_pe.\u_mul.\g_bw.g_wallace.u_tree.\genblk1.g_reduce.u_next.\genblk1.g_reduce.u_next.\genblk1.g_reduce.u_next.$and$/home/danieltyukov/workspace/personal/tt-ihp-int8-npu/src/npu_csa_reduce.sv:53$1829 ($and).
Removed top 1 bits (of 16) from port B of cell tt_um_danieltyukov_int8_npu.$flatten\u_core.\u_array.\g_row[4].g_col[0].u_pe.\u_mul.\g_bw.g_wallace.u_tree.\genblk1.g_reduce.u_next.\genblk1.g_reduce.u_next.\genblk1.g_reduce.u_next.$and$/home/danieltyukov/workspace/personal/tt-ihp-int8-npu/src/npu_csa_reduce.sv:53$1829 ($and).
Removed top 1 bits (of 16) from port Y of cell tt_um_danieltyukov_int8_npu.$flatten\u_core.\u_array.\g_row[4].g_col[1].u_pe.\u_mul.\g_bw.g_wallace.u_tree.\genblk1.g_reduce.u_next.$or$/home/danieltyukov/workspace/personal/tt-ihp-int8-npu/src/npu_csa_reduce.sv:53$1962 ($or).
Removed top 1 bits (of 16) from port A of cell tt_um_danieltyukov_int8_npu.$flatten\u_core.\u_array.\g_row[4].g_col[1].u_pe.\u_mul.\g_bw.g_wallace.u_tree.\genblk1.g_reduce.u_next.$or$/home/danieltyukov/workspace/personal/tt-ihp-int8-npu/src/npu_csa_reduce.sv:53$1962 ($or).
Removed top 1 bits (of 16) from port B of cell tt_um_danieltyukov_int8_npu.$flatten\u_core.\u_array.\g_row[4].g_col[1].u_pe.\u_mul.\g_bw.g_wallace.u_tree.\genblk1.g_reduce.u_next.$or$/home/danieltyukov/workspace/personal/tt-ihp-int8-npu/src/npu_csa_reduce.sv:53$1962 ($or).
Removed top 1 bits (of 16) from port Y of cell tt_um_danieltyukov_int8_npu.$flatten\u_core.\u_array.\g_row[4].g_col[1].u_pe.\u_mul.\g_bw.g_wallace.u_tree.\genblk1.g_reduce.u_next.$and$/home/danieltyukov/workspace/personal/tt-ihp-int8-npu/src/npu_csa_reduce.sv:53$1963 ($and).
Removed top 1 bits (of 16) from port A of cell tt_um_danieltyukov_int8_npu.$flatten\u_core.\u_array.\g_row[4].g_col[1].u_pe.\u_mul.\g_bw.g_wallace.u_tree.\genblk1.g_reduce.u_next.$and$/home/danieltyukov/workspace/personal/tt-ihp-int8-npu/src/npu_csa_reduce.sv:53$1963 ($and).
Removed top 1 bits (of 16) from port B of cell tt_um_danieltyukov_int8_npu.$flatten\u_core.\u_array.\g_row[4].g_col[1].u_pe.\u_mul.\g_bw.g_wallace.u_tree.\genblk1.g_reduce.u_next.$and$/home/danieltyukov/workspace/personal/tt-ihp-int8-npu/src/npu_csa_reduce.sv:53$1963 ($and).
Removed top 1 bits (of 16) from port Y of cell tt_um_danieltyukov_int8_npu.$flatten\u_core.\u_array.\g_row[4].g_col[1].u_pe.\u_mul.\g_bw.g_wallace.u_tree.\genblk1.g_reduce.u_next.$or$/home/danieltyukov/workspace/personal/tt-ihp-int8-npu/src/npu_csa_reduce.sv:53$1969 ($or).
Removed top 1 bits (of 16) from port A of cell tt_um_danieltyukov_int8_npu.$flatten\u_core.\u_array.\g_row[4].g_col[1].u_pe.\u_mul.\g_bw.g_wallace.u_tree.\genblk1.g_reduce.u_next.$or$/home/danieltyukov/workspace/personal/tt-ihp-int8-npu/src/npu_csa_reduce.sv:53$1969 ($or).
Removed top 1 bits (of 16) from port B of cell tt_um_danieltyukov_int8_npu.$flatten\u_core.\u_array.\g_row[4].g_col[1].u_pe.\u_mul.\g_bw.g_wallace.u_tree.\genblk1.g_reduce.u_next.$or$/home/danieltyukov/workspace/personal/tt-ihp-int8-npu/src/npu_csa_reduce.sv:53$1969 ($or).
Removed top 1 bits (of 16) from port Y of cell tt_um_danieltyukov_int8_npu.$flatten\u_core.\u_array.\g_row[4].g_col[1].u_pe.\u_mul.\g_bw.g_wallace.u_tree.\genblk1.g_reduce.u_next.$and$/home/danieltyukov/workspace/personal/tt-ihp-int8-npu/src/npu_csa_reduce.sv:53$1970 ($and).
Removed top 1 bits (of 16) from port A of cell tt_um_danieltyukov_int8_npu.$flatten\u_core.\u_array.\g_row[4].g_col[1].u_pe.\u_mul.\g_bw.g_wallace.u_tree.\genblk1.g_reduce.u_next.$and$/home/danieltyukov/workspace/personal/tt-ihp-int8-npu/src/npu_csa_reduce.sv:53$1970 ($and).
Removed top 1 bits (of 16) from port B of cell tt_um_danieltyukov_int8_npu.$flatten\u_core.\u_array.\g_row[4].g_col[1].u_pe.\u_mul.\g_bw.g_wallace.u_tree.\genblk1.g_reduce.u_next.$and$/home/danieltyukov/workspace/personal/tt-ihp-int8-npu/src/npu_csa_reduce.sv:53$1970 ($and).
Removed top 1 bits (of 16) from port Y of cell tt_um_danieltyukov_int8_npu.$flatten\u_core.\u_array.\g_row[4].g_col[1].u_pe.\u_mul.\g_bw.g_wallace.u_tree.\genblk1.g_reduce.u_next.\genblk1.g_reduce.u_next.\genblk1.g_reduce.u_next.$or$/home/danieltyukov/workspace/personal/tt-ihp-int8-npu/src/npu_csa_reduce.sv:53$1828 ($or).
Removed top 1 bits (of 16) from port A of cell tt_um_danieltyukov_int8_npu.$flatten\u_core.\u_array.\g_row[4].g_col[1].u_pe.\u_mul.\g_bw.g_wallace.u_tree.\genblk1.g_reduce.u_next.\genblk1.g_reduce.u_next.\genblk1.g_reduce.u_next.$or$/home/danieltyukov/workspace/personal/tt-ihp-int8-npu/src/npu_csa_reduce.sv:53$1828 ($or).
Removed top 1 bits (of 16) from port B of cell tt_um_danieltyukov_int8_npu.$flatten\u_core.\u_array.\g_row[4].g_col[1].u_pe.\u_mul.\g_bw.g_wallace.u_tree.\genblk1.g_reduce.u_next.\genblk1.g_reduce.u_next.\genblk1.g_reduce.u_next.$or$/home/danieltyukov/workspace/personal/tt-ihp-int8-npu/src/npu_csa_reduce.sv:53$1828 ($or).
Removed top 1 bits (of 16) from port Y of cell tt_um_danieltyukov_int8_npu.$flatten\u_core.\u_array.\g_row[4].g_col[1].u_pe.\u_mul.\g_bw.g_wallace.u_tree.\genblk1.g_reduce.u_next.\genblk1.g_reduce.u_next.\genblk1.g_reduce.u_next.$and$/home/danieltyukov/workspace/personal/tt-ihp-int8-npu/src/npu_csa_reduce.sv:53$1829 ($and).
Removed top 1 bits (of 16) from port A of cell tt_um_danieltyukov_int8_npu.$flatten\u_core.\u_array.\g_row[4].g_col[1].u_pe.\u_mul.\g_bw.g_wallace.u_tree.\genblk1.g_reduce.u_next.\genblk1.g_reduce.u_next.\genblk1.g_reduce.u_next.$and$/home/danieltyukov/workspace/personal/tt-ihp-int8-npu/src/npu_csa_reduce.sv:53$1829 ($and).
Removed top 1 bits (of 16) from port B of cell tt_um_danieltyukov_int8_npu.$flatten\u_core.\u_array.\g_row[4].g_col[1].u_pe.\u_mul.\g_bw.g_wallace.u_tree.\genblk1.g_reduce.u_next.\genblk1.g_reduce.u_next.\genblk1.g_reduce.u_next.$and$/home/danieltyukov/workspace/personal/tt-ihp-int8-npu/src/npu_csa_reduce.sv:53$1829 ($and).
Removed top 1 bits (of 16) from port Y of cell tt_um_danieltyukov_int8_npu.$flatten\u_core.\u_array.\g_row[5].g_col[0].u_pe.\u_mul.\g_bw.g_wallace.u_tree.\genblk1.g_reduce.u_next.$or$/home/danieltyukov/workspace/personal/tt-ihp-int8-npu/src/npu_csa_reduce.sv:53$1962 ($or).
Removed top 1 bits (of 16) from port A of cell tt_um_danieltyukov_int8_npu.$flatten\u_core.\u_array.\g_row[5].g_col[0].u_pe.\u_mul.\g_bw.g_wallace.u_tree.\genblk1.g_reduce.u_next.$or$/home/danieltyukov/workspace/personal/tt-ihp-int8-npu/src/npu_csa_reduce.sv:53$1962 ($or).
Removed top 1 bits (of 16) from port B of cell tt_um_danieltyukov_int8_npu.$flatten\u_core.\u_array.\g_row[5].g_col[0].u_pe.\u_mul.\g_bw.g_wallace.u_tree.\genblk1.g_reduce.u_next.$or$/home/danieltyukov/workspace/personal/tt-ihp-int8-npu/src/npu_csa_reduce.sv:53$1962 ($or).
Removed top 1 bits (of 16) from port Y of cell tt_um_danieltyukov_int8_npu.$flatten\u_core.\u_array.\g_row[5].g_col[0].u_pe.\u_mul.\g_bw.g_wallace.u_tree.\genblk1.g_reduce.u_next.$and$/home/danieltyukov/workspace/personal/tt-ihp-int8-npu/src/npu_csa_reduce.sv:53$1963 ($and).
Removed top 1 bits (of 16) from port A of cell tt_um_danieltyukov_int8_npu.$flatten\u_core.\u_array.\g_row[5].g_col[0].u_pe.\u_mul.\g_bw.g_wallace.u_tree.\genblk1.g_reduce.u_next.$and$/home/danieltyukov/workspace/personal/tt-ihp-int8-npu/src/npu_csa_reduce.sv:53$1963 ($and).
Removed top 1 bits (of 16) from port B of cell tt_um_danieltyukov_int8_npu.$flatten\u_core.\u_array.\g_row[5].g_col[0].u_pe.\u_mul.\g_bw.g_wallace.u_tree.\genblk1.g_reduce.u_next.$and$/home/danieltyukov/workspace/personal/tt-ihp-int8-npu/src/npu_csa_reduce.sv:53$1963 ($and).
Removed top 1 bits (of 16) from port Y of cell tt_um_danieltyukov_int8_npu.$flatten\u_core.\u_array.\g_row[5].g_col[0].u_pe.\u_mul.\g_bw.g_wallace.u_tree.\genblk1.g_reduce.u_next.$or$/home/danieltyukov/workspace/personal/tt-ihp-int8-npu/src/npu_csa_reduce.sv:53$1969 ($or).
Removed top 1 bits (of 16) from port A of cell tt_um_danieltyukov_int8_npu.$flatten\u_core.\u_array.\g_row[5].g_col[0].u_pe.\u_mul.\g_bw.g_wallace.u_tree.\genblk1.g_reduce.u_next.$or$/home/danieltyukov/workspace/personal/tt-ihp-int8-npu/src/npu_csa_reduce.sv:53$1969 ($or).
Removed top 1 bits (of 16) from port B of cell tt_um_danieltyukov_int8_npu.$flatten\u_core.\u_array.\g_row[5].g_col[0].u_pe.\u_mul.\g_bw.g_wallace.u_tree.\genblk1.g_reduce.u_next.$or$/home/danieltyukov/workspace/personal/tt-ihp-int8-npu/src/npu_csa_reduce.sv:53$1969 ($or).
Removed top 1 bits (of 16) from port Y of cell tt_um_danieltyukov_int8_npu.$flatten\u_core.\u_array.\g_row[5].g_col[0].u_pe.\u_mul.\g_bw.g_wallace.u_tree.\genblk1.g_reduce.u_next.$and$/home/danieltyukov/workspace/personal/tt-ihp-int8-npu/src/npu_csa_reduce.sv:53$1970 ($and).
Removed top 1 bits (of 16) from port A of cell tt_um_danieltyukov_int8_npu.$flatten\u_core.\u_array.\g_row[5].g_col[0].u_pe.\u_mul.\g_bw.g_wallace.u_tree.\genblk1.g_reduce.u_next.$and$/home/danieltyukov/workspace/personal/tt-ihp-int8-npu/src/npu_csa_reduce.sv:53$1970 ($and).
Removed top 1 bits (of 16) from port B of cell tt_um_danieltyukov_int8_npu.$flatten\u_core.\u_array.\g_row[5].g_col[0].u_pe.\u_mul.\g_bw.g_wallace.u_tree.\genblk1.g_reduce.u_next.$and$/home/danieltyukov/workspace/personal/tt-ihp-int8-npu/src/npu_csa_reduce.sv:53$1970 ($and).
Removed top 1 bits (of 16) from port Y of cell tt_um_danieltyukov_int8_npu.$flatten\u_core.\u_array.\g_row[5].g_col[0].u_pe.\u_mul.\g_bw.g_wallace.u_tree.\genblk1.g_reduce.u_next.\genblk1.g_reduce.u_next.\genblk1.g_reduce.u_next.$or$/home/danieltyukov/workspace/personal/tt-ihp-int8-npu/src/npu_csa_reduce.sv:53$1828 ($or).
Removed top 1 bits (of 16) from port A of cell tt_um_danieltyukov_int8_npu.$flatten\u_core.\u_array.\g_row[5].g_col[0].u_pe.\u_mul.\g_bw.g_wallace.u_tree.\genblk1.g_reduce.u_next.\genblk1.g_reduce.u_next.\genblk1.g_reduce.u_next.$or$/home/danieltyukov/workspace/personal/tt-ihp-int8-npu/src/npu_csa_reduce.sv:53$1828 ($or).
Removed top 1 bits (of 16) from port B of cell tt_um_danieltyukov_int8_npu.$flatten\u_core.\u_array.\g_row[5].g_col[0].u_pe.\u_mul.\g_bw.g_wallace.u_tree.\genblk1.g_reduce.u_next.\genblk1.g_reduce.u_next.\genblk1.g_reduce.u_next.$or$/home/danieltyukov/workspace/personal/tt-ihp-int8-npu/src/npu_csa_reduce.sv:53$1828 ($or).
Removed top 1 bits (of 16) from port Y of cell tt_um_danieltyukov_int8_npu.$flatten\u_core.\u_array.\g_row[5].g_col[0].u_pe.\u_mul.\g_bw.g_wallace.u_tree.\genblk1.g_reduce.u_next.\genblk1.g_reduce.u_next.\genblk1.g_reduce.u_next.$and$/home/danieltyukov/workspace/personal/tt-ihp-int8-npu/src/npu_csa_reduce.sv:53$1829 ($and).
Removed top 1 bits (of 16) from port A of cell tt_um_danieltyukov_int8_npu.$flatten\u_core.\u_array.\g_row[5].g_col[0].u_pe.\u_mul.\g_bw.g_wallace.u_tree.\genblk1.g_reduce.u_next.\genblk1.g_reduce.u_next.\genblk1.g_reduce.u_next.$and$/home/danieltyukov/workspace/personal/tt-ihp-int8-npu/src/npu_csa_reduce.sv:53$1829 ($and).
Removed top 1 bits (of 16) from port B of cell tt_um_danieltyukov_int8_npu.$flatten\u_core.\u_array.\g_row[5].g_col[0].u_pe.\u_mul.\g_bw.g_wallace.u_tree.\genblk1.g_reduce.u_next.\genblk1.g_reduce.u_next.\genblk1.g_reduce.u_next.$and$/home/danieltyukov/workspace/personal/tt-ihp-int8-npu/src/npu_csa_reduce.sv:53$1829 ($and).
Removed top 1 bits (of 2) from port A of cell tt_um_danieltyukov_int8_npu.$auto$opt_expr.cc:706:replace_const_cells$2814 ($not).
Removed top 6 bits (of 16) from port A of cell tt_um_danieltyukov_int8_npu.$flatten\u_core.\u_array.\g_row[5].g_col[1].u_pe.\u_mul.\g_bw.g_wallace.u_tree.\genblk1.g_reduce.u_next.$and$/home/danieltyukov/workspace/personal/tt-ihp-int8-npu/src/npu_csa_reduce.sv:53$1960 ($and).
Removed top 1 bits (of 16) from port Y of cell tt_um_danieltyukov_int8_npu.$flatten\u_core.\u_array.\g_row[5].g_col[1].u_pe.\u_mul.\g_bw.g_wallace.u_tree.\genblk1.g_reduce.u_next.$and$/home/danieltyukov/workspace/personal/tt-ihp-int8-npu/src/npu_csa_reduce.sv:53$1960 ($and).
Removed top 1 bits (of 16) from port B of cell tt_um_danieltyukov_int8_npu.$flatten\u_core.\u_array.\g_row[5].g_col[1].u_pe.\u_mul.\g_bw.g_wallace.u_tree.\genblk1.g_reduce.u_next.$and$/home/danieltyukov/workspace/personal/tt-ihp-int8-npu/src/npu_csa_reduce.sv:53$1960 ($and).
Removed top 6 bits (of 16) from port A of cell tt_um_danieltyukov_int8_npu.$flatten\u_core.\u_array.\g_row[5].g_col[1].u_pe.\u_mul.\g_bw.g_wallace.u_tree.\genblk1.g_reduce.u_next.$and$/home/danieltyukov/workspace/personal/tt-ihp-int8-npu/src/npu_csa_reduce.sv:53$1961 ($and).
Removed top 1 bits (of 16) from port Y of cell tt_um_danieltyukov_int8_npu.$flatten\u_core.\u_array.\g_row[5].g_col[1].u_pe.\u_mul.\g_bw.g_wallace.u_tree.\genblk1.g_reduce.u_next.$and$/home/danieltyukov/workspace/personal/tt-ihp-int8-npu/src/npu_csa_reduce.sv:53$1961 ($and).
Removed top 1 bits (of 16) from port B of cell tt_um_danieltyukov_int8_npu.$flatten\u_core.\u_array.\g_row[5].g_col[1].u_pe.\u_mul.\g_bw.g_wallace.u_tree.\genblk1.g_reduce.u_next.$and$/home/danieltyukov/workspace/personal/tt-ihp-int8-npu/src/npu_csa_reduce.sv:53$1961 ($and).
Removed top 1 bits (of 16) from port Y of cell tt_um_danieltyukov_int8_npu.$flatten\u_core.\u_array.\g_row[5].g_col[1].u_pe.\u_mul.\g_bw.g_wallace.u_tree.\genblk1.g_reduce.u_next.$and$/home/danieltyukov/workspace/personal/tt-ihp-int8-npu/src/npu_csa_reduce.sv:53$1967 ($and).
Removed top 1 bits (of 16) from port A of cell tt_um_danieltyukov_int8_npu.$flatten\u_core.\u_array.\g_row[5].g_col[1].u_pe.\u_mul.\g_bw.g_wallace.u_tree.\genblk1.g_reduce.u_next.$and$/home/danieltyukov/workspace/personal/tt-ihp-int8-npu/src/npu_csa_reduce.sv:53$1967 ($and).
Removed top 1 bits (of 16) from port B of cell tt_um_danieltyukov_int8_npu.$flatten\u_core.\u_array.\g_row[5].g_col[1].u_pe.\u_mul.\g_bw.g_wallace.u_tree.\genblk1.g_reduce.u_next.$and$/home/danieltyukov/workspace/personal/tt-ihp-int8-npu/src/npu_csa_reduce.sv:53$1967 ($and).
Removed top 1 bits (of 16) from port Y of cell tt_um_danieltyukov_int8_npu.$flatten\u_core.\u_array.\g_row[5].g_col[1].u_pe.\u_mul.\g_bw.g_wallace.u_tree.\genblk1.g_reduce.u_next.$and$/home/danieltyukov/workspace/personal/tt-ihp-int8-npu/src/npu_csa_reduce.sv:53$1968 ($and).
Removed top 1 bits (of 16) from port A of cell tt_um_danieltyukov_int8_npu.$flatten\u_core.\u_array.\g_row[5].g_col[1].u_pe.\u_mul.\g_bw.g_wallace.u_tree.\genblk1.g_reduce.u_next.$and$/home/danieltyukov/workspace/personal/tt-ihp-int8-npu/src/npu_csa_reduce.sv:53$1968 ($and).
Removed top 1 bits (of 16) from port B of cell tt_um_danieltyukov_int8_npu.$flatten\u_core.\u_array.\g_row[5].g_col[1].u_pe.\u_mul.\g_bw.g_wallace.u_tree.\genblk1.g_reduce.u_next.$and$/home/danieltyukov/workspace/personal/tt-ihp-int8-npu/src/npu_csa_reduce.sv:53$1968 ($and).
Removed top 1 bits (of 16) from port Y of cell tt_um_danieltyukov_int8_npu.$flatten\u_core.\u_array.\g_row[5].g_col[1].u_pe.\u_mul.\g_bw.g_wallace.u_tree.\genblk1.g_reduce.u_next.\genblk1.g_reduce.u_next.\genblk1.g_reduce.u_next.$and$/home/danieltyukov/workspace/personal/tt-ihp-int8-npu/src/npu_csa_reduce.sv:53$1826 ($and).
Removed top 1 bits (of 16) from port A of cell tt_um_danieltyukov_int8_npu.$flatten\u_core.\u_array.\g_row[5].g_col[1].u_pe.\u_mul.\g_bw.g_wallace.u_tree.\genblk1.g_reduce.u_next.\genblk1.g_reduce.u_next.\genblk1.g_reduce.u_next.$and$/home/danieltyukov/workspace/personal/tt-ihp-int8-npu/src/npu_csa_reduce.sv:53$1826 ($and).
Removed top 1 bits (of 16) from port B of cell tt_um_danieltyukov_int8_npu.$flatten\u_core.\u_array.\g_row[5].g_col[1].u_pe.\u_mul.\g_bw.g_wallace.u_tree.\genblk1.g_reduce.u_next.\genblk1.g_reduce.u_next.\genblk1.g_reduce.u_next.$and$/home/danieltyukov/workspace/personal/tt-ihp-int8-npu/src/npu_csa_reduce.sv:53$1826 ($and).
Removed top 1 bits (of 16) from port Y of cell tt_um_danieltyukov_int8_npu.$flatten\u_core.\u_array.\g_row[5].g_col[1].u_pe.\u_mul.\g_bw.g_wallace.u_tree.\genblk1.g_reduce.u_next.\genblk1.g_reduce.u_next.\genblk1.g_reduce.u_next.$and$/home/danieltyukov/workspace/personal/tt-ihp-int8-npu/src/npu_csa_reduce.sv:53$1827 ($and).
Removed top 1 bits (of 16) from port A of cell tt_um_danieltyukov_int8_npu.$flatten\u_core.\u_array.\g_row[5].g_col[1].u_pe.\u_mul.\g_bw.g_wallace.u_tree.\genblk1.g_reduce.u_next.\genblk1.g_reduce.u_next.\genblk1.g_reduce.u_next.$and$/home/danieltyukov/workspace/personal/tt-ihp-int8-npu/src/npu_csa_reduce.sv:53$1827 ($and).
Removed top 1 bits (of 16) from port B of cell tt_um_danieltyukov_int8_npu.$flatten\u_core.\u_array.\g_row[5].g_col[1].u_pe.\u_mul.\g_bw.g_wallace.u_tree.\genblk1.g_reduce.u_next.\genblk1.g_reduce.u_next.\genblk1.g_reduce.u_next.$and$/home/danieltyukov/workspace/personal/tt-ihp-int8-npu/src/npu_csa_reduce.sv:53$1827 ($and).
Removed top 6 bits (of 16) from port A of cell tt_um_danieltyukov_int8_npu.$flatten\u_core.\u_array.\g_row[5].g_col[1].u_pe.\u_mul.\g_bw.g_wallace.u_tree.\genblk1.g_reduce.u_next.$xor$/home/danieltyukov/workspace/personal/tt-ihp-int8-npu/src/npu_csa_reduce.sv:49$1958 ($xor).
Removed top 4 bits (of 16) from port A of cell tt_um_danieltyukov_int8_npu.$flatten\u_core.\u_array.\g_row[5].g_col[1].u_pe.\u_mul.\g_bw.g_wallace.u_tree.$xor$/home/danieltyukov/workspace/personal/tt-ihp-int8-npu/src/npu_csa_reduce.sv:49$1840 ($xor).
Removed top 3 bits (of 16) from port Y of cell tt_um_danieltyukov_int8_npu.$flatten\u_core.\u_array.\g_row[5].g_col[1].u_pe.\u_mul.\g_bw.g_wallace.u_tree.$xor$/home/danieltyukov/workspace/personal/tt-ihp-int8-npu/src/npu_csa_reduce.sv:49$1840 ($xor).
Removed top 5 bits (of 15) from port B of cell tt_um_danieltyukov_int8_npu.$flatten\u_core.\u_array.\g_row[5].g_col[1].u_pe.\u_mul.\g_bw.g_wallace.u_tree.$or$/home/danieltyukov/workspace/personal/tt-ihp-int8-npu/src/npu_csa_reduce.sv:53$1838 ($or).
Removed top 6 bits (of 16) from port A of cell tt_um_danieltyukov_int8_npu.$flatten\u_core.\u_array.\g_row[0].g_col[0].u_pe.\u_mul.\g_bw.g_wallace.u_tree.\genblk1.g_reduce.u_next.$and$/home/danieltyukov/workspace/personal/tt-ihp-int8-npu/src/npu_csa_reduce.sv:53$1960 ($and).
Removed top 1 bits (of 16) from port Y of cell tt_um_danieltyukov_int8_npu.$flatten\u_core.\u_array.\g_row[0].g_col[0].u_pe.\u_mul.\g_bw.g_wallace.u_tree.\genblk1.g_reduce.u_next.$and$/home/danieltyukov/workspace/personal/tt-ihp-int8-npu/src/npu_csa_reduce.sv:53$1960 ($and).
Removed top 1 bits (of 16) from port B of cell tt_um_danieltyukov_int8_npu.$flatten\u_core.\u_array.\g_row[0].g_col[0].u_pe.\u_mul.\g_bw.g_wallace.u_tree.\genblk1.g_reduce.u_next.$and$/home/danieltyukov/workspace/personal/tt-ihp-int8-npu/src/npu_csa_reduce.sv:53$1960 ($and).
Removed top 6 bits (of 16) from port A of cell tt_um_danieltyukov_int8_npu.$flatten\u_core.\u_array.\g_row[0].g_col[0].u_pe.\u_mul.\g_bw.g_wallace.u_tree.\genblk1.g_reduce.u_next.$and$/home/danieltyukov/workspace/personal/tt-ihp-int8-npu/src/npu_csa_reduce.sv:53$1961 ($and).
Removed top 1 bits (of 16) from port Y of cell tt_um_danieltyukov_int8_npu.$flatten\u_core.\u_array.\g_row[0].g_col[0].u_pe.\u_mul.\g_bw.g_wallace.u_tree.\genblk1.g_reduce.u_next.$and$/home/danieltyukov/workspace/personal/tt-ihp-int8-npu/src/npu_csa_reduce.sv:53$1961 ($and).
Removed top 1 bits (of 16) from port B of cell tt_um_danieltyukov_int8_npu.$flatten\u_core.\u_array.\g_row[0].g_col[0].u_pe.\u_mul.\g_bw.g_wallace.u_tree.\genblk1.g_reduce.u_next.$and$/home/danieltyukov/workspace/personal/tt-ihp-int8-npu/src/npu_csa_reduce.sv:53$1961 ($and).
Removed top 1 bits (of 16) from port Y of cell tt_um_danieltyukov_int8_npu.$flatten\u_core.\u_array.\g_row[0].g_col[0].u_pe.\u_mul.\g_bw.g_wallace.u_tree.\genblk1.g_reduce.u_next.$and$/home/danieltyukov/workspace/personal/tt-ihp-int8-npu/src/npu_csa_reduce.sv:53$1967 ($and).
Removed top 1 bits (of 16) from port A of cell tt_um_danieltyukov_int8_npu.$flatten\u_core.\u_array.\g_row[0].g_col[0].u_pe.\u_mul.\g_bw.g_wallace.u_tree.\genblk1.g_reduce.u_next.$and$/home/danieltyukov/workspace/personal/tt-ihp-int8-npu/src/npu_csa_reduce.sv:53$1967 ($and).
Removed top 1 bits (of 16) from port B of cell tt_um_danieltyukov_int8_npu.$flatten\u_core.\u_array.\g_row[0].g_col[0].u_pe.\u_mul.\g_bw.g_wallace.u_tree.\genblk1.g_reduce.u_next.$and$/home/danieltyukov/workspace/personal/tt-ihp-int8-npu/src/npu_csa_reduce.sv:53$1967 ($and).
Removed top 1 bits (of 16) from port Y of cell tt_um_danieltyukov_int8_npu.$flatten\u_core.\u_array.\g_row[0].g_col[0].u_pe.\u_mul.\g_bw.g_wallace.u_tree.\genblk1.g_reduce.u_next.$and$/home/danieltyukov/workspace/personal/tt-ihp-int8-npu/src/npu_csa_reduce.sv:53$1968 ($and).
Removed top 1 bits (of 16) from port A of cell tt_um_danieltyukov_int8_npu.$flatten\u_core.\u_array.\g_row[0].g_col[0].u_pe.\u_mul.\g_bw.g_wallace.u_tree.\genblk1.g_reduce.u_next.$and$/home/danieltyukov/workspace/personal/tt-ihp-int8-npu/src/npu_csa_reduce.sv:53$1968 ($and).
Removed top 1 bits (of 16) from port B of cell tt_um_danieltyukov_int8_npu.$flatten\u_core.\u_array.\g_row[0].g_col[0].u_pe.\u_mul.\g_bw.g_wallace.u_tree.\genblk1.g_reduce.u_next.$and$/home/danieltyukov/workspace/personal/tt-ihp-int8-npu/src/npu_csa_reduce.sv:53$1968 ($and).
Removed top 1 bits (of 16) from port Y of cell tt_um_danieltyukov_int8_npu.$flatten\u_core.\u_array.\g_row[0].g_col[0].u_pe.\u_mul.\g_bw.g_wallace.u_tree.\genblk1.g_reduce.u_next.\genblk1.g_reduce.u_next.\genblk1.g_reduce.u_next.$and$/home/danieltyukov/workspace/personal/tt-ihp-int8-npu/src/npu_csa_reduce.sv:53$1826 ($and).
Removed top 1 bits (of 16) from port A of cell tt_um_danieltyukov_int8_npu.$flatten\u_core.\u_array.\g_row[0].g_col[0].u_pe.\u_mul.\g_bw.g_wallace.u_tree.\genblk1.g_reduce.u_next.\genblk1.g_reduce.u_next.\genblk1.g_reduce.u_next.$and$/home/danieltyukov/workspace/personal/tt-ihp-int8-npu/src/npu_csa_reduce.sv:53$1826 ($and).
Removed top 1 bits (of 16) from port B of cell tt_um_danieltyukov_int8_npu.$flatten\u_core.\u_array.\g_row[0].g_col[0].u_pe.\u_mul.\g_bw.g_wallace.u_tree.\genblk1.g_reduce.u_next.\genblk1.g_reduce.u_next.\genblk1.g_reduce.u_next.$and$/home/danieltyukov/workspace/personal/tt-ihp-int8-npu/src/npu_csa_reduce.sv:53$1826 ($and).
Removed top 1 bits (of 16) from port Y of cell tt_um_danieltyukov_int8_npu.$flatten\u_core.\u_array.\g_row[0].g_col[0].u_pe.\u_mul.\g_bw.g_wallace.u_tree.\genblk1.g_reduce.u_next.\genblk1.g_reduce.u_next.\genblk1.g_reduce.u_next.$and$/home/danieltyukov/workspace/personal/tt-ihp-int8-npu/src/npu_csa_reduce.sv:53$1827 ($and).
Removed top 1 bits (of 16) from port A of cell tt_um_danieltyukov_int8_npu.$flatten\u_core.\u_array.\g_row[0].g_col[0].u_pe.\u_mul.\g_bw.g_wallace.u_tree.\genblk1.g_reduce.u_next.\genblk1.g_reduce.u_next.\genblk1.g_reduce.u_next.$and$/home/danieltyukov/workspace/personal/tt-ihp-int8-npu/src/npu_csa_reduce.sv:53$1827 ($and).
Removed top 1 bits (of 16) from port B of cell tt_um_danieltyukov_int8_npu.$flatten\u_core.\u_array.\g_row[0].g_col[0].u_pe.\u_mul.\g_bw.g_wallace.u_tree.\genblk1.g_reduce.u_next.\genblk1.g_reduce.u_next.\genblk1.g_reduce.u_next.$and$/home/danieltyukov/workspace/personal/tt-ihp-int8-npu/src/npu_csa_reduce.sv:53$1827 ($and).
Removed top 6 bits (of 16) from port A of cell tt_um_danieltyukov_int8_npu.$flatten\u_core.\u_array.\g_row[0].g_col[0].u_pe.\u_mul.\g_bw.g_wallace.u_tree.\genblk1.g_reduce.u_next.$xor$/home/danieltyukov/workspace/personal/tt-ihp-int8-npu/src/npu_csa_reduce.sv:49$1958 ($xor).
Removed top 1 bits (of 2) from port A of cell tt_um_danieltyukov_int8_npu.$auto$opt_expr.cc:706:replace_const_cells$2816 ($not).
Removed top 4 bits (of 16) from port A of cell tt_um_danieltyukov_int8_npu.$flatten\u_core.\u_array.\g_row[0].g_col[0].u_pe.\u_mul.\g_bw.g_wallace.u_tree.$xor$/home/danieltyukov/workspace/personal/tt-ihp-int8-npu/src/npu_csa_reduce.sv:49$1840 ($xor).
Removed top 3 bits (of 16) from port Y of cell tt_um_danieltyukov_int8_npu.$flatten\u_core.\u_array.\g_row[0].g_col[0].u_pe.\u_mul.\g_bw.g_wallace.u_tree.$xor$/home/danieltyukov/workspace/personal/tt-ihp-int8-npu/src/npu_csa_reduce.sv:49$1840 ($xor).
Removed top 5 bits (of 15) from port B of cell tt_um_danieltyukov_int8_npu.$flatten\u_core.\u_array.\g_row[0].g_col[0].u_pe.\u_mul.\g_bw.g_wallace.u_tree.$or$/home/danieltyukov/workspace/personal/tt-ihp-int8-npu/src/npu_csa_reduce.sv:53$1838 ($or).
Removed top 6 bits (of 16) from port A of cell tt_um_danieltyukov_int8_npu.$flatten\u_core.\u_array.\g_row[0].g_col[1].u_pe.\u_mul.\g_bw.g_wallace.u_tree.\genblk1.g_reduce.u_next.$and$/home/danieltyukov/workspace/personal/tt-ihp-int8-npu/src/npu_csa_reduce.sv:53$1960 ($and).
Removed top 1 bits (of 16) from port Y of cell tt_um_danieltyukov_int8_npu.$flatten\u_core.\u_array.\g_row[0].g_col[1].u_pe.\u_mul.\g_bw.g_wallace.u_tree.\genblk1.g_reduce.u_next.$and$/home/danieltyukov/workspace/personal/tt-ihp-int8-npu/src/npu_csa_reduce.sv:53$1960 ($and).
Removed top 1 bits (of 16) from port B of cell tt_um_danieltyukov_int8_npu.$flatten\u_core.\u_array.\g_row[0].g_col[1].u_pe.\u_mul.\g_bw.g_wallace.u_tree.\genblk1.g_reduce.u_next.$and$/home/danieltyukov/workspace/personal/tt-ihp-int8-npu/src/npu_csa_reduce.sv:53$1960 ($and).
Removed top 6 bits (of 16) from port A of cell tt_um_danieltyukov_int8_npu.$flatten\u_core.\u_array.\g_row[0].g_col[1].u_pe.\u_mul.\g_bw.g_wallace.u_tree.\genblk1.g_reduce.u_next.$and$/home/danieltyukov/workspace/personal/tt-ihp-int8-npu/src/npu_csa_reduce.sv:53$1961 ($and).
Removed top 1 bits (of 16) from port Y of cell tt_um_danieltyukov_int8_npu.$flatten\u_core.\u_array.\g_row[0].g_col[1].u_pe.\u_mul.\g_bw.g_wallace.u_tree.\genblk1.g_reduce.u_next.$and$/home/danieltyukov/workspace/personal/tt-ihp-int8-npu/src/npu_csa_reduce.sv:53$1961 ($and).
Removed top 1 bits (of 16) from port B of cell tt_um_danieltyukov_int8_npu.$flatten\u_core.\u_array.\g_row[0].g_col[1].u_pe.\u_mul.\g_bw.g_wallace.u_tree.\genblk1.g_reduce.u_next.$and$/home/danieltyukov/workspace/personal/tt-ihp-int8-npu/src/npu_csa_reduce.sv:53$1961 ($and).
Removed top 1 bits (of 16) from port Y of cell tt_um_danieltyukov_int8_npu.$flatten\u_core.\u_array.\g_row[0].g_col[1].u_pe.\u_mul.\g_bw.g_wallace.u_tree.\genblk1.g_reduce.u_next.$and$/home/danieltyukov/workspace/personal/tt-ihp-int8-npu/src/npu_csa_reduce.sv:53$1967 ($and).
Removed top 1 bits (of 16) from port A of cell tt_um_danieltyukov_int8_npu.$flatten\u_core.\u_array.\g_row[0].g_col[1].u_pe.\u_mul.\g_bw.g_wallace.u_tree.\genblk1.g_reduce.u_next.$and$/home/danieltyukov/workspace/personal/tt-ihp-int8-npu/src/npu_csa_reduce.sv:53$1967 ($and).
Removed top 1 bits (of 16) from port B of cell tt_um_danieltyukov_int8_npu.$flatten\u_core.\u_array.\g_row[0].g_col[1].u_pe.\u_mul.\g_bw.g_wallace.u_tree.\genblk1.g_reduce.u_next.$and$/home/danieltyukov/workspace/personal/tt-ihp-int8-npu/src/npu_csa_reduce.sv:53$1967 ($and).
Removed top 1 bits (of 16) from port Y of cell tt_um_danieltyukov_int8_npu.$flatten\u_core.\u_array.\g_row[0].g_col[1].u_pe.\u_mul.\g_bw.g_wallace.u_tree.\genblk1.g_reduce.u_next.$and$/home/danieltyukov/workspace/personal/tt-ihp-int8-npu/src/npu_csa_reduce.sv:53$1968 ($and).
Removed top 1 bits (of 16) from port A of cell tt_um_danieltyukov_int8_npu.$flatten\u_core.\u_array.\g_row[0].g_col[1].u_pe.\u_mul.\g_bw.g_wallace.u_tree.\genblk1.g_reduce.u_next.$and$/home/danieltyukov/workspace/personal/tt-ihp-int8-npu/src/npu_csa_reduce.sv:53$1968 ($and).
Removed top 1 bits (of 16) from port B of cell tt_um_danieltyukov_int8_npu.$flatten\u_core.\u_array.\g_row[0].g_col[1].u_pe.\u_mul.\g_bw.g_wallace.u_tree.\genblk1.g_reduce.u_next.$and$/home/danieltyukov/workspace/personal/tt-ihp-int8-npu/src/npu_csa_reduce.sv:53$1968 ($and).
Removed top 1 bits (of 16) from port Y of cell tt_um_danieltyukov_int8_npu.$flatten\u_core.\u_array.\g_row[0].g_col[1].u_pe.\u_mul.\g_bw.g_wallace.u_tree.\genblk1.g_reduce.u_next.\genblk1.g_reduce.u_next.\genblk1.g_reduce.u_next.$and$/home/danieltyukov/workspace/personal/tt-ihp-int8-npu/src/npu_csa_reduce.sv:53$1826 ($and).
Removed top 1 bits (of 16) from port A of cell tt_um_danieltyukov_int8_npu.$flatten\u_core.\u_array.\g_row[0].g_col[1].u_pe.\u_mul.\g_bw.g_wallace.u_tree.\genblk1.g_reduce.u_next.\genblk1.g_reduce.u_next.\genblk1.g_reduce.u_next.$and$/home/danieltyukov/workspace/personal/tt-ihp-int8-npu/src/npu_csa_reduce.sv:53$1826 ($and).
Removed top 1 bits (of 16) from port B of cell tt_um_danieltyukov_int8_npu.$flatten\u_core.\u_array.\g_row[0].g_col[1].u_pe.\u_mul.\g_bw.g_wallace.u_tree.\genblk1.g_reduce.u_next.\genblk1.g_reduce.u_next.\genblk1.g_reduce.u_next.$and$/home/danieltyukov/workspace/personal/tt-ihp-int8-npu/src/npu_csa_reduce.sv:53$1826 ($and).
Removed top 1 bits (of 16) from port Y of cell tt_um_danieltyukov_int8_npu.$flatten\u_core.\u_array.\g_row[0].g_col[1].u_pe.\u_mul.\g_bw.g_wallace.u_tree.\genblk1.g_reduce.u_next.\genblk1.g_reduce.u_next.\genblk1.g_reduce.u_next.$and$/home/danieltyukov/workspace/personal/tt-ihp-int8-npu/src/npu_csa_reduce.sv:53$1827 ($and).
Removed top 1 bits (of 16) from port A of cell tt_um_danieltyukov_int8_npu.$flatten\u_core.\u_array.\g_row[0].g_col[1].u_pe.\u_mul.\g_bw.g_wallace.u_tree.\genblk1.g_reduce.u_next.\genblk1.g_reduce.u_next.\genblk1.g_reduce.u_next.$and$/home/danieltyukov/workspace/personal/tt-ihp-int8-npu/src/npu_csa_reduce.sv:53$1827 ($and).
Removed top 1 bits (of 16) from port B of cell tt_um_danieltyukov_int8_npu.$flatten\u_core.\u_array.\g_row[0].g_col[1].u_pe.\u_mul.\g_bw.g_wallace.u_tree.\genblk1.g_reduce.u_next.\genblk1.g_reduce.u_next.\genblk1.g_reduce.u_next.$and$/home/danieltyukov/workspace/personal/tt-ihp-int8-npu/src/npu_csa_reduce.sv:53$1827 ($and).
Removed top 6 bits (of 16) from port A of cell tt_um_danieltyukov_int8_npu.$flatten\u_core.\u_array.\g_row[0].g_col[1].u_pe.\u_mul.\g_bw.g_wallace.u_tree.\genblk1.g_reduce.u_next.$xor$/home/danieltyukov/workspace/personal/tt-ihp-int8-npu/src/npu_csa_reduce.sv:49$1958 ($xor).
Removed top 1 bits (of 2) from port A of cell tt_um_danieltyukov_int8_npu.$auto$opt_expr.cc:706:replace_const_cells$2818 ($not).
Removed top 4 bits (of 16) from port A of cell tt_um_danieltyukov_int8_npu.$flatten\u_core.\u_array.\g_row[0].g_col[1].u_pe.\u_mul.\g_bw.g_wallace.u_tree.$xor$/home/danieltyukov/workspace/personal/tt-ihp-int8-npu/src/npu_csa_reduce.sv:49$1840 ($xor).
Removed top 3 bits (of 16) from port Y of cell tt_um_danieltyukov_int8_npu.$flatten\u_core.\u_array.\g_row[0].g_col[1].u_pe.\u_mul.\g_bw.g_wallace.u_tree.$xor$/home/danieltyukov/workspace/personal/tt-ihp-int8-npu/src/npu_csa_reduce.sv:49$1840 ($xor).
Removed top 5 bits (of 15) from port B of cell tt_um_danieltyukov_int8_npu.$flatten\u_core.\u_array.\g_row[0].g_col[1].u_pe.\u_mul.\g_bw.g_wallace.u_tree.$or$/home/danieltyukov/workspace/personal/tt-ihp-int8-npu/src/npu_csa_reduce.sv:53$1838 ($or).
Removed top 6 bits (of 16) from port A of cell tt_um_danieltyukov_int8_npu.$flatten\u_core.\u_array.\g_row[1].g_col[0].u_pe.\u_mul.\g_bw.g_wallace.u_tree.\genblk1.g_reduce.u_next.$and$/home/danieltyukov/workspace/personal/tt-ihp-int8-npu/src/npu_csa_reduce.sv:53$1960 ($and).
Removed top 1 bits (of 16) from port Y of cell tt_um_danieltyukov_int8_npu.$flatten\u_core.\u_array.\g_row[1].g_col[0].u_pe.\u_mul.\g_bw.g_wallace.u_tree.\genblk1.g_reduce.u_next.$and$/home/danieltyukov/workspace/personal/tt-ihp-int8-npu/src/npu_csa_reduce.sv:53$1960 ($and).
Removed top 1 bits (of 16) from port B of cell tt_um_danieltyukov_int8_npu.$flatten\u_core.\u_array.\g_row[1].g_col[0].u_pe.\u_mul.\g_bw.g_wallace.u_tree.\genblk1.g_reduce.u_next.$and$/home/danieltyukov/workspace/personal/tt-ihp-int8-npu/src/npu_csa_reduce.sv:53$1960 ($and).
Removed top 6 bits (of 16) from port A of cell tt_um_danieltyukov_int8_npu.$flatten\u_core.\u_array.\g_row[1].g_col[0].u_pe.\u_mul.\g_bw.g_wallace.u_tree.\genblk1.g_reduce.u_next.$and$/home/danieltyukov/workspace/personal/tt-ihp-int8-npu/src/npu_csa_reduce.sv:53$1961 ($and).
Removed top 1 bits (of 16) from port Y of cell tt_um_danieltyukov_int8_npu.$flatten\u_core.\u_array.\g_row[1].g_col[0].u_pe.\u_mul.\g_bw.g_wallace.u_tree.\genblk1.g_reduce.u_next.$and$/home/danieltyukov/workspace/personal/tt-ihp-int8-npu/src/npu_csa_reduce.sv:53$1961 ($and).
Removed top 1 bits (of 16) from port B of cell tt_um_danieltyukov_int8_npu.$flatten\u_core.\u_array.\g_row[1].g_col[0].u_pe.\u_mul.\g_bw.g_wallace.u_tree.\genblk1.g_reduce.u_next.$and$/home/danieltyukov/workspace/personal/tt-ihp-int8-npu/src/npu_csa_reduce.sv:53$1961 ($and).
Removed top 1 bits (of 16) from port Y of cell tt_um_danieltyukov_int8_npu.$flatten\u_core.\u_array.\g_row[1].g_col[0].u_pe.\u_mul.\g_bw.g_wallace.u_tree.\genblk1.g_reduce.u_next.$and$/home/danieltyukov/workspace/personal/tt-ihp-int8-npu/src/npu_csa_reduce.sv:53$1967 ($and).
Removed top 1 bits (of 16) from port A of cell tt_um_danieltyukov_int8_npu.$flatten\u_core.\u_array.\g_row[1].g_col[0].u_pe.\u_mul.\g_bw.g_wallace.u_tree.\genblk1.g_reduce.u_next.$and$/home/danieltyukov/workspace/personal/tt-ihp-int8-npu/src/npu_csa_reduce.sv:53$1967 ($and).
Removed top 1 bits (of 16) from port B of cell tt_um_danieltyukov_int8_npu.$flatten\u_core.\u_array.\g_row[1].g_col[0].u_pe.\u_mul.\g_bw.g_wallace.u_tree.\genblk1.g_reduce.u_next.$and$/home/danieltyukov/workspace/personal/tt-ihp-int8-npu/src/npu_csa_reduce.sv:53$1967 ($and).
Removed top 1 bits (of 16) from port Y of cell tt_um_danieltyukov_int8_npu.$flatten\u_core.\u_array.\g_row[1].g_col[0].u_pe.\u_mul.\g_bw.g_wallace.u_tree.\genblk1.g_reduce.u_next.$and$/home/danieltyukov/workspace/personal/tt-ihp-int8-npu/src/npu_csa_reduce.sv:53$1968 ($and).
Removed top 1 bits (of 16) from port A of cell tt_um_danieltyukov_int8_npu.$flatten\u_core.\u_array.\g_row[1].g_col[0].u_pe.\u_mul.\g_bw.g_wallace.u_tree.\genblk1.g_reduce.u_next.$and$/home/danieltyukov/workspace/personal/tt-ihp-int8-npu/src/npu_csa_reduce.sv:53$1968 ($and).
Removed top 1 bits (of 16) from port B of cell tt_um_danieltyukov_int8_npu.$flatten\u_core.\u_array.\g_row[1].g_col[0].u_pe.\u_mul.\g_bw.g_wallace.u_tree.\genblk1.g_reduce.u_next.$and$/home/danieltyukov/workspace/personal/tt-ihp-int8-npu/src/npu_csa_reduce.sv:53$1968 ($and).
Removed top 1 bits (of 16) from port Y of cell tt_um_danieltyukov_int8_npu.$flatten\u_core.\u_array.\g_row[1].g_col[0].u_pe.\u_mul.\g_bw.g_wallace.u_tree.\genblk1.g_reduce.u_next.\genblk1.g_reduce.u_next.\genblk1.g_reduce.u_next.$and$/home/danieltyukov/workspace/personal/tt-ihp-int8-npu/src/npu_csa_reduce.sv:53$1826 ($and).
Removed top 1 bits (of 16) from port A of cell tt_um_danieltyukov_int8_npu.$flatten\u_core.\u_array.\g_row[1].g_col[0].u_pe.\u_mul.\g_bw.g_wallace.u_tree.\genblk1.g_reduce.u_next.\genblk1.g_reduce.u_next.\genblk1.g_reduce.u_next.$and$/home/danieltyukov/workspace/personal/tt-ihp-int8-npu/src/npu_csa_reduce.sv:53$1826 ($and).
Removed top 1 bits (of 16) from port B of cell tt_um_danieltyukov_int8_npu.$flatten\u_core.\u_array.\g_row[1].g_col[0].u_pe.\u_mul.\g_bw.g_wallace.u_tree.\genblk1.g_reduce.u_next.\genblk1.g_reduce.u_next.\genblk1.g_reduce.u_next.$and$/home/danieltyukov/workspace/personal/tt-ihp-int8-npu/src/npu_csa_reduce.sv:53$1826 ($and).
Removed top 1 bits (of 16) from port Y of cell tt_um_danieltyukov_int8_npu.$flatten\u_core.\u_array.\g_row[1].g_col[0].u_pe.\u_mul.\g_bw.g_wallace.u_tree.\genblk1.g_reduce.u_next.\genblk1.g_reduce.u_next.\genblk1.g_reduce.u_next.$and$/home/danieltyukov/workspace/personal/tt-ihp-int8-npu/src/npu_csa_reduce.sv:53$1827 ($and).
Removed top 1 bits (of 16) from port A of cell tt_um_danieltyukov_int8_npu.$flatten\u_core.\u_array.\g_row[1].g_col[0].u_pe.\u_mul.\g_bw.g_wallace.u_tree.\genblk1.g_reduce.u_next.\genblk1.g_reduce.u_next.\genblk1.g_reduce.u_next.$and$/home/danieltyukov/workspace/personal/tt-ihp-int8-npu/src/npu_csa_reduce.sv:53$1827 ($and).
Removed top 1 bits (of 16) from port B of cell tt_um_danieltyukov_int8_npu.$flatten\u_core.\u_array.\g_row[1].g_col[0].u_pe.\u_mul.\g_bw.g_wallace.u_tree.\genblk1.g_reduce.u_next.\genblk1.g_reduce.u_next.\genblk1.g_reduce.u_next.$and$/home/danieltyukov/workspace/personal/tt-ihp-int8-npu/src/npu_csa_reduce.sv:53$1827 ($and).
Removed top 6 bits (of 16) from port A of cell tt_um_danieltyukov_int8_npu.$flatten\u_core.\u_array.\g_row[1].g_col[0].u_pe.\u_mul.\g_bw.g_wallace.u_tree.\genblk1.g_reduce.u_next.$xor$/home/danieltyukov/workspace/personal/tt-ihp-int8-npu/src/npu_csa_reduce.sv:49$1958 ($xor).
Removed top 1 bits (of 2) from port A of cell tt_um_danieltyukov_int8_npu.$auto$opt_expr.cc:706:replace_const_cells$2820 ($not).
Removed top 4 bits (of 16) from port A of cell tt_um_danieltyukov_int8_npu.$flatten\u_core.\u_array.\g_row[1].g_col[0].u_pe.\u_mul.\g_bw.g_wallace.u_tree.$xor$/home/danieltyukov/workspace/personal/tt-ihp-int8-npu/src/npu_csa_reduce.sv:49$1840 ($xor).
Removed top 3 bits (of 16) from port Y of cell tt_um_danieltyukov_int8_npu.$flatten\u_core.\u_array.\g_row[1].g_col[0].u_pe.\u_mul.\g_bw.g_wallace.u_tree.$xor$/home/danieltyukov/workspace/personal/tt-ihp-int8-npu/src/npu_csa_reduce.sv:49$1840 ($xor).
Removed top 5 bits (of 15) from port B of cell tt_um_danieltyukov_int8_npu.$flatten\u_core.\u_array.\g_row[1].g_col[0].u_pe.\u_mul.\g_bw.g_wallace.u_tree.$or$/home/danieltyukov/workspace/personal/tt-ihp-int8-npu/src/npu_csa_reduce.sv:53$1838 ($or).
Removed top 6 bits (of 16) from port A of cell tt_um_danieltyukov_int8_npu.$flatten\u_core.\u_array.\g_row[1].g_col[1].u_pe.\u_mul.\g_bw.g_wallace.u_tree.\genblk1.g_reduce.u_next.$and$/home/danieltyukov/workspace/personal/tt-ihp-int8-npu/src/npu_csa_reduce.sv:53$1960 ($and).
Removed top 1 bits (of 16) from port Y of cell tt_um_danieltyukov_int8_npu.$flatten\u_core.\u_array.\g_row[1].g_col[1].u_pe.\u_mul.\g_bw.g_wallace.u_tree.\genblk1.g_reduce.u_next.$and$/home/danieltyukov/workspace/personal/tt-ihp-int8-npu/src/npu_csa_reduce.sv:53$1960 ($and).
Removed top 1 bits (of 16) from port B of cell tt_um_danieltyukov_int8_npu.$flatten\u_core.\u_array.\g_row[1].g_col[1].u_pe.\u_mul.\g_bw.g_wallace.u_tree.\genblk1.g_reduce.u_next.$and$/home/danieltyukov/workspace/personal/tt-ihp-int8-npu/src/npu_csa_reduce.sv:53$1960 ($and).
Removed top 6 bits (of 16) from port A of cell tt_um_danieltyukov_int8_npu.$flatten\u_core.\u_array.\g_row[1].g_col[1].u_pe.\u_mul.\g_bw.g_wallace.u_tree.\genblk1.g_reduce.u_next.$and$/home/danieltyukov/workspace/personal/tt-ihp-int8-npu/src/npu_csa_reduce.sv:53$1961 ($and).
Removed top 1 bits (of 16) from port Y of cell tt_um_danieltyukov_int8_npu.$flatten\u_core.\u_array.\g_row[1].g_col[1].u_pe.\u_mul.\g_bw.g_wallace.u_tree.\genblk1.g_reduce.u_next.$and$/home/danieltyukov/workspace/personal/tt-ihp-int8-npu/src/npu_csa_reduce.sv:53$1961 ($and).
Removed top 1 bits (of 16) from port B of cell tt_um_danieltyukov_int8_npu.$flatten\u_core.\u_array.\g_row[1].g_col[1].u_pe.\u_mul.\g_bw.g_wallace.u_tree.\genblk1.g_reduce.u_next.$and$/home/danieltyukov/workspace/personal/tt-ihp-int8-npu/src/npu_csa_reduce.sv:53$1961 ($and).
Removed top 1 bits (of 16) from port Y of cell tt_um_danieltyukov_int8_npu.$flatten\u_core.\u_array.\g_row[1].g_col[1].u_pe.\u_mul.\g_bw.g_wallace.u_tree.\genblk1.g_reduce.u_next.$and$/home/danieltyukov/workspace/personal/tt-ihp-int8-npu/src/npu_csa_reduce.sv:53$1967 ($and).
Removed top 1 bits (of 16) from port A of cell tt_um_danieltyukov_int8_npu.$flatten\u_core.\u_array.\g_row[1].g_col[1].u_pe.\u_mul.\g_bw.g_wallace.u_tree.\genblk1.g_reduce.u_next.$and$/home/danieltyukov/workspace/personal/tt-ihp-int8-npu/src/npu_csa_reduce.sv:53$1967 ($and).
Removed top 1 bits (of 16) from port B of cell tt_um_danieltyukov_int8_npu.$flatten\u_core.\u_array.\g_row[1].g_col[1].u_pe.\u_mul.\g_bw.g_wallace.u_tree.\genblk1.g_reduce.u_next.$and$/home/danieltyukov/workspace/personal/tt-ihp-int8-npu/src/npu_csa_reduce.sv:53$1967 ($and).
Removed top 1 bits (of 16) from port Y of cell tt_um_danieltyukov_int8_npu.$flatten\u_core.\u_array.\g_row[1].g_col[1].u_pe.\u_mul.\g_bw.g_wallace.u_tree.\genblk1.g_reduce.u_next.$and$/home/danieltyukov/workspace/personal/tt-ihp-int8-npu/src/npu_csa_reduce.sv:53$1968 ($and).
Removed top 1 bits (of 16) from port A of cell tt_um_danieltyukov_int8_npu.$flatten\u_core.\u_array.\g_row[1].g_col[1].u_pe.\u_mul.\g_bw.g_wallace.u_tree.\genblk1.g_reduce.u_next.$and$/home/danieltyukov/workspace/personal/tt-ihp-int8-npu/src/npu_csa_reduce.sv:53$1968 ($and).
Removed top 1 bits (of 16) from port B of cell tt_um_danieltyukov_int8_npu.$flatten\u_core.\u_array.\g_row[1].g_col[1].u_pe.\u_mul.\g_bw.g_wallace.u_tree.\genblk1.g_reduce.u_next.$and$/home/danieltyukov/workspace/personal/tt-ihp-int8-npu/src/npu_csa_reduce.sv:53$1968 ($and).
Removed top 1 bits (of 16) from port Y of cell tt_um_danieltyukov_int8_npu.$flatten\u_core.\u_array.\g_row[1].g_col[1].u_pe.\u_mul.\g_bw.g_wallace.u_tree.\genblk1.g_reduce.u_next.\genblk1.g_reduce.u_next.\genblk1.g_reduce.u_next.$and$/home/danieltyukov/workspace/personal/tt-ihp-int8-npu/src/npu_csa_reduce.sv:53$1826 ($and).
Removed top 1 bits (of 16) from port A of cell tt_um_danieltyukov_int8_npu.$flatten\u_core.\u_array.\g_row[1].g_col[1].u_pe.\u_mul.\g_bw.g_wallace.u_tree.\genblk1.g_reduce.u_next.\genblk1.g_reduce.u_next.\genblk1.g_reduce.u_next.$and$/home/danieltyukov/workspace/personal/tt-ihp-int8-npu/src/npu_csa_reduce.sv:53$1826 ($and).
Removed top 1 bits (of 16) from port B of cell tt_um_danieltyukov_int8_npu.$flatten\u_core.\u_array.\g_row[1].g_col[1].u_pe.\u_mul.\g_bw.g_wallace.u_tree.\genblk1.g_reduce.u_next.\genblk1.g_reduce.u_next.\genblk1.g_reduce.u_next.$and$/home/danieltyukov/workspace/personal/tt-ihp-int8-npu/src/npu_csa_reduce.sv:53$1826 ($and).
Removed top 1 bits (of 16) from port Y of cell tt_um_danieltyukov_int8_npu.$flatten\u_core.\u_array.\g_row[1].g_col[1].u_pe.\u_mul.\g_bw.g_wallace.u_tree.\genblk1.g_reduce.u_next.\genblk1.g_reduce.u_next.\genblk1.g_reduce.u_next.$and$/home/danieltyukov/workspace/personal/tt-ihp-int8-npu/src/npu_csa_reduce.sv:53$1827 ($and).
Removed top 1 bits (of 16) from port A of cell tt_um_danieltyukov_int8_npu.$flatten\u_core.\u_array.\g_row[1].g_col[1].u_pe.\u_mul.\g_bw.g_wallace.u_tree.\genblk1.g_reduce.u_next.\genblk1.g_reduce.u_next.\genblk1.g_reduce.u_next.$and$/home/danieltyukov/workspace/personal/tt-ihp-int8-npu/src/npu_csa_reduce.sv:53$1827 ($and).
Removed top 1 bits (of 16) from port B of cell tt_um_danieltyukov_int8_npu.$flatten\u_core.\u_array.\g_row[1].g_col[1].u_pe.\u_mul.\g_bw.g_wallace.u_tree.\genblk1.g_reduce.u_next.\genblk1.g_reduce.u_next.\genblk1.g_reduce.u_next.$and$/home/danieltyukov/workspace/personal/tt-ihp-int8-npu/src/npu_csa_reduce.sv:53$1827 ($and).
Removed top 6 bits (of 16) from port A of cell tt_um_danieltyukov_int8_npu.$flatten\u_core.\u_array.\g_row[1].g_col[1].u_pe.\u_mul.\g_bw.g_wallace.u_tree.\genblk1.g_reduce.u_next.$xor$/home/danieltyukov/workspace/personal/tt-ihp-int8-npu/src/npu_csa_reduce.sv:49$1958 ($xor).
Removed top 1 bits (of 2) from port A of cell tt_um_danieltyukov_int8_npu.$auto$opt_expr.cc:706:replace_const_cells$2822 ($not).
Removed top 4 bits (of 16) from port A of cell tt_um_danieltyukov_int8_npu.$flatten\u_core.\u_array.\g_row[1].g_col[1].u_pe.\u_mul.\g_bw.g_wallace.u_tree.$xor$/home/danieltyukov/workspace/personal/tt-ihp-int8-npu/src/npu_csa_reduce.sv:49$1840 ($xor).
Removed top 3 bits (of 16) from port Y of cell tt_um_danieltyukov_int8_npu.$flatten\u_core.\u_array.\g_row[1].g_col[1].u_pe.\u_mul.\g_bw.g_wallace.u_tree.$xor$/home/danieltyukov/workspace/personal/tt-ihp-int8-npu/src/npu_csa_reduce.sv:49$1840 ($xor).
Removed top 5 bits (of 15) from port B of cell tt_um_danieltyukov_int8_npu.$flatten\u_core.\u_array.\g_row[1].g_col[1].u_pe.\u_mul.\g_bw.g_wallace.u_tree.$or$/home/danieltyukov/workspace/personal/tt-ihp-int8-npu/src/npu_csa_reduce.sv:53$1838 ($or).
Removed top 6 bits (of 16) from port A of cell tt_um_danieltyukov_int8_npu.$flatten\u_core.\u_array.\g_row[2].g_col[0].u_pe.\u_mul.\g_bw.g_wallace.u_tree.\genblk1.g_reduce.u_next.$and$/home/danieltyukov/workspace/personal/tt-ihp-int8-npu/src/npu_csa_reduce.sv:53$1960 ($and).
Removed top 1 bits (of 16) from port Y of cell tt_um_danieltyukov_int8_npu.$flatten\u_core.\u_array.\g_row[2].g_col[0].u_pe.\u_mul.\g_bw.g_wallace.u_tree.\genblk1.g_reduce.u_next.$and$/home/danieltyukov/workspace/personal/tt-ihp-int8-npu/src/npu_csa_reduce.sv:53$1960 ($and).
Removed top 1 bits (of 16) from port B of cell tt_um_danieltyukov_int8_npu.$flatten\u_core.\u_array.\g_row[2].g_col[0].u_pe.\u_mul.\g_bw.g_wallace.u_tree.\genblk1.g_reduce.u_next.$and$/home/danieltyukov/workspace/personal/tt-ihp-int8-npu/src/npu_csa_reduce.sv:53$1960 ($and).
Removed top 6 bits (of 16) from port A of cell tt_um_danieltyukov_int8_npu.$flatten\u_core.\u_array.\g_row[2].g_col[0].u_pe.\u_mul.\g_bw.g_wallace.u_tree.\genblk1.g_reduce.u_next.$and$/home/danieltyukov/workspace/personal/tt-ihp-int8-npu/src/npu_csa_reduce.sv:53$1961 ($and).
Removed top 1 bits (of 16) from port Y of cell tt_um_danieltyukov_int8_npu.$flatten\u_core.\u_array.\g_row[2].g_col[0].u_pe.\u_mul.\g_bw.g_wallace.u_tree.\genblk1.g_reduce.u_next.$and$/home/danieltyukov/workspace/personal/tt-ihp-int8-npu/src/npu_csa_reduce.sv:53$1961 ($and).
Removed top 1 bits (of 16) from port B of cell tt_um_danieltyukov_int8_npu.$flatten\u_core.\u_array.\g_row[2].g_col[0].u_pe.\u_mul.\g_bw.g_wallace.u_tree.\genblk1.g_reduce.u_next.$and$/home/danieltyukov/workspace/personal/tt-ihp-int8-npu/src/npu_csa_reduce.sv:53$1961 ($and).
Removed top 1 bits (of 16) from port Y of cell tt_um_danieltyukov_int8_npu.$flatten\u_core.\u_array.\g_row[2].g_col[0].u_pe.\u_mul.\g_bw.g_wallace.u_tree.\genblk1.g_reduce.u_next.$and$/home/danieltyukov/workspace/personal/tt-ihp-int8-npu/src/npu_csa_reduce.sv:53$1967 ($and).
Removed top 1 bits (of 16) from port A of cell tt_um_danieltyukov_int8_npu.$flatten\u_core.\u_array.\g_row[2].g_col[0].u_pe.\u_mul.\g_bw.g_wallace.u_tree.\genblk1.g_reduce.u_next.$and$/home/danieltyukov/workspace/personal/tt-ihp-int8-npu/src/npu_csa_reduce.sv:53$1967 ($and).
Removed top 1 bits (of 16) from port B of cell tt_um_danieltyukov_int8_npu.$flatten\u_core.\u_array.\g_row[2].g_col[0].u_pe.\u_mul.\g_bw.g_wallace.u_tree.\genblk1.g_reduce.u_next.$and$/home/danieltyukov/workspace/personal/tt-ihp-int8-npu/src/npu_csa_reduce.sv:53$1967 ($and).
Removed top 1 bits (of 16) from port Y of cell tt_um_danieltyukov_int8_npu.$flatten\u_core.\u_array.\g_row[2].g_col[0].u_pe.\u_mul.\g_bw.g_wallace.u_tree.\genblk1.g_reduce.u_next.$and$/home/danieltyukov/workspace/personal/tt-ihp-int8-npu/src/npu_csa_reduce.sv:53$1968 ($and).
Removed top 1 bits (of 16) from port A of cell tt_um_danieltyukov_int8_npu.$flatten\u_core.\u_array.\g_row[2].g_col[0].u_pe.\u_mul.\g_bw.g_wallace.u_tree.\genblk1.g_reduce.u_next.$and$/home/danieltyukov/workspace/personal/tt-ihp-int8-npu/src/npu_csa_reduce.sv:53$1968 ($and).
Removed top 1 bits (of 16) from port B of cell tt_um_danieltyukov_int8_npu.$flatten\u_core.\u_array.\g_row[2].g_col[0].u_pe.\u_mul.\g_bw.g_wallace.u_tree.\genblk1.g_reduce.u_next.$and$/home/danieltyukov/workspace/personal/tt-ihp-int8-npu/src/npu_csa_reduce.sv:53$1968 ($and).
Removed top 1 bits (of 16) from port Y of cell tt_um_danieltyukov_int8_npu.$flatten\u_core.\u_array.\g_row[2].g_col[0].u_pe.\u_mul.\g_bw.g_wallace.u_tree.\genblk1.g_reduce.u_next.\genblk1.g_reduce.u_next.\genblk1.g_reduce.u_next.$and$/home/danieltyukov/workspace/personal/tt-ihp-int8-npu/src/npu_csa_reduce.sv:53$1826 ($and).
Removed top 1 bits (of 16) from port A of cell tt_um_danieltyukov_int8_npu.$flatten\u_core.\u_array.\g_row[2].g_col[0].u_pe.\u_mul.\g_bw.g_wallace.u_tree.\genblk1.g_reduce.u_next.\genblk1.g_reduce.u_next.\genblk1.g_reduce.u_next.$and$/home/danieltyukov/workspace/personal/tt-ihp-int8-npu/src/npu_csa_reduce.sv:53$1826 ($and).
Removed top 1 bits (of 16) from port B of cell tt_um_danieltyukov_int8_npu.$flatten\u_core.\u_array.\g_row[2].g_col[0].u_pe.\u_mul.\g_bw.g_wallace.u_tree.\genblk1.g_reduce.u_next.\genblk1.g_reduce.u_next.\genblk1.g_reduce.u_next.$and$/home/danieltyukov/workspace/personal/tt-ihp-int8-npu/src/npu_csa_reduce.sv:53$1826 ($and).
Removed top 1 bits (of 16) from port Y of cell tt_um_danieltyukov_int8_npu.$flatten\u_core.\u_array.\g_row[2].g_col[0].u_pe.\u_mul.\g_bw.g_wallace.u_tree.\genblk1.g_reduce.u_next.\genblk1.g_reduce.u_next.\genblk1.g_reduce.u_next.$and$/home/danieltyukov/workspace/personal/tt-ihp-int8-npu/src/npu_csa_reduce.sv:53$1827 ($and).
Removed top 1 bits (of 16) from port A of cell tt_um_danieltyukov_int8_npu.$flatten\u_core.\u_array.\g_row[2].g_col[0].u_pe.\u_mul.\g_bw.g_wallace.u_tree.\genblk1.g_reduce.u_next.\genblk1.g_reduce.u_next.\genblk1.g_reduce.u_next.$and$/home/danieltyukov/workspace/personal/tt-ihp-int8-npu/src/npu_csa_reduce.sv:53$1827 ($and).
Removed top 1 bits (of 16) from port B of cell tt_um_danieltyukov_int8_npu.$flatten\u_core.\u_array.\g_row[2].g_col[0].u_pe.\u_mul.\g_bw.g_wallace.u_tree.\genblk1.g_reduce.u_next.\genblk1.g_reduce.u_next.\genblk1.g_reduce.u_next.$and$/home/danieltyukov/workspace/personal/tt-ihp-int8-npu/src/npu_csa_reduce.sv:53$1827 ($and).
Removed top 6 bits (of 16) from port A of cell tt_um_danieltyukov_int8_npu.$flatten\u_core.\u_array.\g_row[2].g_col[0].u_pe.\u_mul.\g_bw.g_wallace.u_tree.\genblk1.g_reduce.u_next.$xor$/home/danieltyukov/workspace/personal/tt-ihp-int8-npu/src/npu_csa_reduce.sv:49$1958 ($xor).
Removed top 1 bits (of 2) from port A of cell tt_um_danieltyukov_int8_npu.$auto$opt_expr.cc:706:replace_const_cells$2824 ($not).
Removed top 4 bits (of 16) from port A of cell tt_um_danieltyukov_int8_npu.$flatten\u_core.\u_array.\g_row[2].g_col[0].u_pe.\u_mul.\g_bw.g_wallace.u_tree.$xor$/home/danieltyukov/workspace/personal/tt-ihp-int8-npu/src/npu_csa_reduce.sv:49$1840 ($xor).
Removed top 3 bits (of 16) from port Y of cell tt_um_danieltyukov_int8_npu.$flatten\u_core.\u_array.\g_row[2].g_col[0].u_pe.\u_mul.\g_bw.g_wallace.u_tree.$xor$/home/danieltyukov/workspace/personal/tt-ihp-int8-npu/src/npu_csa_reduce.sv:49$1840 ($xor).
Removed top 5 bits (of 15) from port B of cell tt_um_danieltyukov_int8_npu.$flatten\u_core.\u_array.\g_row[2].g_col[0].u_pe.\u_mul.\g_bw.g_wallace.u_tree.$or$/home/danieltyukov/workspace/personal/tt-ihp-int8-npu/src/npu_csa_reduce.sv:53$1838 ($or).
Removed top 6 bits (of 16) from port A of cell tt_um_danieltyukov_int8_npu.$flatten\u_core.\u_array.\g_row[2].g_col[1].u_pe.\u_mul.\g_bw.g_wallace.u_tree.\genblk1.g_reduce.u_next.$and$/home/danieltyukov/workspace/personal/tt-ihp-int8-npu/src/npu_csa_reduce.sv:53$1960 ($and).
Removed top 1 bits (of 16) from port Y of cell tt_um_danieltyukov_int8_npu.$flatten\u_core.\u_array.\g_row[2].g_col[1].u_pe.\u_mul.\g_bw.g_wallace.u_tree.\genblk1.g_reduce.u_next.$and$/home/danieltyukov/workspace/personal/tt-ihp-int8-npu/src/npu_csa_reduce.sv:53$1960 ($and).
Removed top 1 bits (of 16) from port B of cell tt_um_danieltyukov_int8_npu.$flatten\u_core.\u_array.\g_row[2].g_col[1].u_pe.\u_mul.\g_bw.g_wallace.u_tree.\genblk1.g_reduce.u_next.$and$/home/danieltyukov/workspace/personal/tt-ihp-int8-npu/src/npu_csa_reduce.sv:53$1960 ($and).
Removed top 6 bits (of 16) from port A of cell tt_um_danieltyukov_int8_npu.$flatten\u_core.\u_array.\g_row[2].g_col[1].u_pe.\u_mul.\g_bw.g_wallace.u_tree.\genblk1.g_reduce.u_next.$and$/home/danieltyukov/workspace/personal/tt-ihp-int8-npu/src/npu_csa_reduce.sv:53$1961 ($and).
Removed top 1 bits (of 16) from port Y of cell tt_um_danieltyukov_int8_npu.$flatten\u_core.\u_array.\g_row[2].g_col[1].u_pe.\u_mul.\g_bw.g_wallace.u_tree.\genblk1.g_reduce.u_next.$and$/home/danieltyukov/workspace/personal/tt-ihp-int8-npu/src/npu_csa_reduce.sv:53$1961 ($and).
Removed top 1 bits (of 16) from port B of cell tt_um_danieltyukov_int8_npu.$flatten\u_core.\u_array.\g_row[2].g_col[1].u_pe.\u_mul.\g_bw.g_wallace.u_tree.\genblk1.g_reduce.u_next.$and$/home/danieltyukov/workspace/personal/tt-ihp-int8-npu/src/npu_csa_reduce.sv:53$1961 ($and).
Removed top 1 bits (of 16) from port Y of cell tt_um_danieltyukov_int8_npu.$flatten\u_core.\u_array.\g_row[2].g_col[1].u_pe.\u_mul.\g_bw.g_wallace.u_tree.\genblk1.g_reduce.u_next.$and$/home/danieltyukov/workspace/personal/tt-ihp-int8-npu/src/npu_csa_reduce.sv:53$1967 ($and).
Removed top 1 bits (of 16) from port A of cell tt_um_danieltyukov_int8_npu.$flatten\u_core.\u_array.\g_row[2].g_col[1].u_pe.\u_mul.\g_bw.g_wallace.u_tree.\genblk1.g_reduce.u_next.$and$/home/danieltyukov/workspace/personal/tt-ihp-int8-npu/src/npu_csa_reduce.sv:53$1967 ($and).
Removed top 1 bits (of 16) from port B of cell tt_um_danieltyukov_int8_npu.$flatten\u_core.\u_array.\g_row[2].g_col[1].u_pe.\u_mul.\g_bw.g_wallace.u_tree.\genblk1.g_reduce.u_next.$and$/home/danieltyukov/workspace/personal/tt-ihp-int8-npu/src/npu_csa_reduce.sv:53$1967 ($and).
Removed top 1 bits (of 16) from port Y of cell tt_um_danieltyukov_int8_npu.$flatten\u_core.\u_array.\g_row[2].g_col[1].u_pe.\u_mul.\g_bw.g_wallace.u_tree.\genblk1.g_reduce.u_next.$and$/home/danieltyukov/workspace/personal/tt-ihp-int8-npu/src/npu_csa_reduce.sv:53$1968 ($and).
Removed top 1 bits (of 16) from port A of cell tt_um_danieltyukov_int8_npu.$flatten\u_core.\u_array.\g_row[2].g_col[1].u_pe.\u_mul.\g_bw.g_wallace.u_tree.\genblk1.g_reduce.u_next.$and$/home/danieltyukov/workspace/personal/tt-ihp-int8-npu/src/npu_csa_reduce.sv:53$1968 ($and).
Removed top 1 bits (of 16) from port B of cell tt_um_danieltyukov_int8_npu.$flatten\u_core.\u_array.\g_row[2].g_col[1].u_pe.\u_mul.\g_bw.g_wallace.u_tree.\genblk1.g_reduce.u_next.$and$/home/danieltyukov/workspace/personal/tt-ihp-int8-npu/src/npu_csa_reduce.sv:53$1968 ($and).
Removed top 1 bits (of 16) from port Y of cell tt_um_danieltyukov_int8_npu.$flatten\u_core.\u_array.\g_row[2].g_col[1].u_pe.\u_mul.\g_bw.g_wallace.u_tree.\genblk1.g_reduce.u_next.\genblk1.g_reduce.u_next.\genblk1.g_reduce.u_next.$and$/home/danieltyukov/workspace/personal/tt-ihp-int8-npu/src/npu_csa_reduce.sv:53$1826 ($and).
Removed top 1 bits (of 16) from port A of cell tt_um_danieltyukov_int8_npu.$flatten\u_core.\u_array.\g_row[2].g_col[1].u_pe.\u_mul.\g_bw.g_wallace.u_tree.\genblk1.g_reduce.u_next.\genblk1.g_reduce.u_next.\genblk1.g_reduce.u_next.$and$/home/danieltyukov/workspace/personal/tt-ihp-int8-npu/src/npu_csa_reduce.sv:53$1826 ($and).
Removed top 1 bits (of 16) from port B of cell tt_um_danieltyukov_int8_npu.$flatten\u_core.\u_array.\g_row[2].g_col[1].u_pe.\u_mul.\g_bw.g_wallace.u_tree.\genblk1.g_reduce.u_next.\genblk1.g_reduce.u_next.\genblk1.g_reduce.u_next.$and$/home/danieltyukov/workspace/personal/tt-ihp-int8-npu/src/npu_csa_reduce.sv:53$1826 ($and).
Removed top 1 bits (of 16) from port Y of cell tt_um_danieltyukov_int8_npu.$flatten\u_core.\u_array.\g_row[2].g_col[1].u_pe.\u_mul.\g_bw.g_wallace.u_tree.\genblk1.g_reduce.u_next.\genblk1.g_reduce.u_next.\genblk1.g_reduce.u_next.$and$/home/danieltyukov/workspace/personal/tt-ihp-int8-npu/src/npu_csa_reduce.sv:53$1827 ($and).
Removed top 1 bits (of 16) from port A of cell tt_um_danieltyukov_int8_npu.$flatten\u_core.\u_array.\g_row[2].g_col[1].u_pe.\u_mul.\g_bw.g_wallace.u_tree.\genblk1.g_reduce.u_next.\genblk1.g_reduce.u_next.\genblk1.g_reduce.u_next.$and$/home/danieltyukov/workspace/personal/tt-ihp-int8-npu/src/npu_csa_reduce.sv:53$1827 ($and).
Removed top 1 bits (of 16) from port B of cell tt_um_danieltyukov_int8_npu.$flatten\u_core.\u_array.\g_row[2].g_col[1].u_pe.\u_mul.\g_bw.g_wallace.u_tree.\genblk1.g_reduce.u_next.\genblk1.g_reduce.u_next.\genblk1.g_reduce.u_next.$and$/home/danieltyukov/workspace/personal/tt-ihp-int8-npu/src/npu_csa_reduce.sv:53$1827 ($and).
Removed top 6 bits (of 16) from port A of cell tt_um_danieltyukov_int8_npu.$flatten\u_core.\u_array.\g_row[2].g_col[1].u_pe.\u_mul.\g_bw.g_wallace.u_tree.\genblk1.g_reduce.u_next.$xor$/home/danieltyukov/workspace/personal/tt-ihp-int8-npu/src/npu_csa_reduce.sv:49$1958 ($xor).
Removed top 1 bits (of 2) from port A of cell tt_um_danieltyukov_int8_npu.$auto$opt_expr.cc:706:replace_const_cells$2826 ($not).
Removed top 4 bits (of 16) from port A of cell tt_um_danieltyukov_int8_npu.$flatten\u_core.\u_array.\g_row[2].g_col[1].u_pe.\u_mul.\g_bw.g_wallace.u_tree.$xor$/home/danieltyukov/workspace/personal/tt-ihp-int8-npu/src/npu_csa_reduce.sv:49$1840 ($xor).
Removed top 3 bits (of 16) from port Y of cell tt_um_danieltyukov_int8_npu.$flatten\u_core.\u_array.\g_row[2].g_col[1].u_pe.\u_mul.\g_bw.g_wallace.u_tree.$xor$/home/danieltyukov/workspace/personal/tt-ihp-int8-npu/src/npu_csa_reduce.sv:49$1840 ($xor).
Removed top 5 bits (of 15) from port B of cell tt_um_danieltyukov_int8_npu.$flatten\u_core.\u_array.\g_row[2].g_col[1].u_pe.\u_mul.\g_bw.g_wallace.u_tree.$or$/home/danieltyukov/workspace/personal/tt-ihp-int8-npu/src/npu_csa_reduce.sv:53$1838 ($or).
Removed top 6 bits (of 16) from port A of cell tt_um_danieltyukov_int8_npu.$flatten\u_core.\u_array.\g_row[3].g_col[0].u_pe.\u_mul.\g_bw.g_wallace.u_tree.\genblk1.g_reduce.u_next.$and$/home/danieltyukov/workspace/personal/tt-ihp-int8-npu/src/npu_csa_reduce.sv:53$1960 ($and).
Removed top 1 bits (of 16) from port Y of cell tt_um_danieltyukov_int8_npu.$flatten\u_core.\u_array.\g_row[3].g_col[0].u_pe.\u_mul.\g_bw.g_wallace.u_tree.\genblk1.g_reduce.u_next.$and$/home/danieltyukov/workspace/personal/tt-ihp-int8-npu/src/npu_csa_reduce.sv:53$1960 ($and).
Removed top 1 bits (of 16) from port B of cell tt_um_danieltyukov_int8_npu.$flatten\u_core.\u_array.\g_row[3].g_col[0].u_pe.\u_mul.\g_bw.g_wallace.u_tree.\genblk1.g_reduce.u_next.$and$/home/danieltyukov/workspace/personal/tt-ihp-int8-npu/src/npu_csa_reduce.sv:53$1960 ($and).
Removed top 6 bits (of 16) from port A of cell tt_um_danieltyukov_int8_npu.$flatten\u_core.\u_array.\g_row[3].g_col[0].u_pe.\u_mul.\g_bw.g_wallace.u_tree.\genblk1.g_reduce.u_next.$and$/home/danieltyukov/workspace/personal/tt-ihp-int8-npu/src/npu_csa_reduce.sv:53$1961 ($and).
Removed top 1 bits (of 16) from port Y of cell tt_um_danieltyukov_int8_npu.$flatten\u_core.\u_array.\g_row[3].g_col[0].u_pe.\u_mul.\g_bw.g_wallace.u_tree.\genblk1.g_reduce.u_next.$and$/home/danieltyukov/workspace/personal/tt-ihp-int8-npu/src/npu_csa_reduce.sv:53$1961 ($and).
Removed top 1 bits (of 16) from port B of cell tt_um_danieltyukov_int8_npu.$flatten\u_core.\u_array.\g_row[3].g_col[0].u_pe.\u_mul.\g_bw.g_wallace.u_tree.\genblk1.g_reduce.u_next.$and$/home/danieltyukov/workspace/personal/tt-ihp-int8-npu/src/npu_csa_reduce.sv:53$1961 ($and).
Removed top 1 bits (of 16) from port Y of cell tt_um_danieltyukov_int8_npu.$flatten\u_core.\u_array.\g_row[3].g_col[0].u_pe.\u_mul.\g_bw.g_wallace.u_tree.\genblk1.g_reduce.u_next.$and$/home/danieltyukov/workspace/personal/tt-ihp-int8-npu/src/npu_csa_reduce.sv:53$1967 ($and).
Removed top 1 bits (of 16) from port A of cell tt_um_danieltyukov_int8_npu.$flatten\u_core.\u_array.\g_row[3].g_col[0].u_pe.\u_mul.\g_bw.g_wallace.u_tree.\genblk1.g_reduce.u_next.$and$/home/danieltyukov/workspace/personal/tt-ihp-int8-npu/src/npu_csa_reduce.sv:53$1967 ($and).
Removed top 1 bits (of 16) from port B of cell tt_um_danieltyukov_int8_npu.$flatten\u_core.\u_array.\g_row[3].g_col[0].u_pe.\u_mul.\g_bw.g_wallace.u_tree.\genblk1.g_reduce.u_next.$and$/home/danieltyukov/workspace/personal/tt-ihp-int8-npu/src/npu_csa_reduce.sv:53$1967 ($and).
Removed top 1 bits (of 16) from port Y of cell tt_um_danieltyukov_int8_npu.$flatten\u_core.\u_array.\g_row[3].g_col[0].u_pe.\u_mul.\g_bw.g_wallace.u_tree.\genblk1.g_reduce.u_next.$and$/home/danieltyukov/workspace/personal/tt-ihp-int8-npu/src/npu_csa_reduce.sv:53$1968 ($and).
Removed top 1 bits (of 16) from port A of cell tt_um_danieltyukov_int8_npu.$flatten\u_core.\u_array.\g_row[3].g_col[0].u_pe.\u_mul.\g_bw.g_wallace.u_tree.\genblk1.g_reduce.u_next.$and$/home/danieltyukov/workspace/personal/tt-ihp-int8-npu/src/npu_csa_reduce.sv:53$1968 ($and).
Removed top 1 bits (of 16) from port B of cell tt_um_danieltyukov_int8_npu.$flatten\u_core.\u_array.\g_row[3].g_col[0].u_pe.\u_mul.\g_bw.g_wallace.u_tree.\genblk1.g_reduce.u_next.$and$/home/danieltyukov/workspace/personal/tt-ihp-int8-npu/src/npu_csa_reduce.sv:53$1968 ($and).
Removed top 1 bits (of 16) from port Y of cell tt_um_danieltyukov_int8_npu.$flatten\u_core.\u_array.\g_row[3].g_col[0].u_pe.\u_mul.\g_bw.g_wallace.u_tree.\genblk1.g_reduce.u_next.\genblk1.g_reduce.u_next.\genblk1.g_reduce.u_next.$and$/home/danieltyukov/workspace/personal/tt-ihp-int8-npu/src/npu_csa_reduce.sv:53$1826 ($and).
Removed top 1 bits (of 16) from port A of cell tt_um_danieltyukov_int8_npu.$flatten\u_core.\u_array.\g_row[3].g_col[0].u_pe.\u_mul.\g_bw.g_wallace.u_tree.\genblk1.g_reduce.u_next.\genblk1.g_reduce.u_next.\genblk1.g_reduce.u_next.$and$/home/danieltyukov/workspace/personal/tt-ihp-int8-npu/src/npu_csa_reduce.sv:53$1826 ($and).
Removed top 1 bits (of 16) from port B of cell tt_um_danieltyukov_int8_npu.$flatten\u_core.\u_array.\g_row[3].g_col[0].u_pe.\u_mul.\g_bw.g_wallace.u_tree.\genblk1.g_reduce.u_next.\genblk1.g_reduce.u_next.\genblk1.g_reduce.u_next.$and$/home/danieltyukov/workspace/personal/tt-ihp-int8-npu/src/npu_csa_reduce.sv:53$1826 ($and).
Removed top 1 bits (of 16) from port Y of cell tt_um_danieltyukov_int8_npu.$flatten\u_core.\u_array.\g_row[3].g_col[0].u_pe.\u_mul.\g_bw.g_wallace.u_tree.\genblk1.g_reduce.u_next.\genblk1.g_reduce.u_next.\genblk1.g_reduce.u_next.$and$/home/danieltyukov/workspace/personal/tt-ihp-int8-npu/src/npu_csa_reduce.sv:53$1827 ($and).
Removed top 1 bits (of 16) from port A of cell tt_um_danieltyukov_int8_npu.$flatten\u_core.\u_array.\g_row[3].g_col[0].u_pe.\u_mul.\g_bw.g_wallace.u_tree.\genblk1.g_reduce.u_next.\genblk1.g_reduce.u_next.\genblk1.g_reduce.u_next.$and$/home/danieltyukov/workspace/personal/tt-ihp-int8-npu/src/npu_csa_reduce.sv:53$1827 ($and).
Removed top 1 bits (of 16) from port B of cell tt_um_danieltyukov_int8_npu.$flatten\u_core.\u_array.\g_row[3].g_col[0].u_pe.\u_mul.\g_bw.g_wallace.u_tree.\genblk1.g_reduce.u_next.\genblk1.g_reduce.u_next.\genblk1.g_reduce.u_next.$and$/home/danieltyukov/workspace/personal/tt-ihp-int8-npu/src/npu_csa_reduce.sv:53$1827 ($and).
Removed top 6 bits (of 16) from port A of cell tt_um_danieltyukov_int8_npu.$flatten\u_core.\u_array.\g_row[3].g_col[0].u_pe.\u_mul.\g_bw.g_wallace.u_tree.\genblk1.g_reduce.u_next.$xor$/home/danieltyukov/workspace/personal/tt-ihp-int8-npu/src/npu_csa_reduce.sv:49$1958 ($xor).
Removed top 1 bits (of 2) from port A of cell tt_um_danieltyukov_int8_npu.$auto$opt_expr.cc:706:replace_const_cells$2828 ($not).
Removed top 4 bits (of 16) from port A of cell tt_um_danieltyukov_int8_npu.$flatten\u_core.\u_array.\g_row[3].g_col[0].u_pe.\u_mul.\g_bw.g_wallace.u_tree.$xor$/home/danieltyukov/workspace/personal/tt-ihp-int8-npu/src/npu_csa_reduce.sv:49$1840 ($xor).
Removed top 3 bits (of 16) from port Y of cell tt_um_danieltyukov_int8_npu.$flatten\u_core.\u_array.\g_row[3].g_col[0].u_pe.\u_mul.\g_bw.g_wallace.u_tree.$xor$/home/danieltyukov/workspace/personal/tt-ihp-int8-npu/src/npu_csa_reduce.sv:49$1840 ($xor).
Removed top 5 bits (of 15) from port B of cell tt_um_danieltyukov_int8_npu.$flatten\u_core.\u_array.\g_row[3].g_col[0].u_pe.\u_mul.\g_bw.g_wallace.u_tree.$or$/home/danieltyukov/workspace/personal/tt-ihp-int8-npu/src/npu_csa_reduce.sv:53$1838 ($or).
Removed top 6 bits (of 16) from port A of cell tt_um_danieltyukov_int8_npu.$flatten\u_core.\u_array.\g_row[3].g_col[1].u_pe.\u_mul.\g_bw.g_wallace.u_tree.\genblk1.g_reduce.u_next.$and$/home/danieltyukov/workspace/personal/tt-ihp-int8-npu/src/npu_csa_reduce.sv:53$1960 ($and).
Removed top 1 bits (of 16) from port Y of cell tt_um_danieltyukov_int8_npu.$flatten\u_core.\u_array.\g_row[3].g_col[1].u_pe.\u_mul.\g_bw.g_wallace.u_tree.\genblk1.g_reduce.u_next.$and$/home/danieltyukov/workspace/personal/tt-ihp-int8-npu/src/npu_csa_reduce.sv:53$1960 ($and).
Removed top 1 bits (of 16) from port B of cell tt_um_danieltyukov_int8_npu.$flatten\u_core.\u_array.\g_row[3].g_col[1].u_pe.\u_mul.\g_bw.g_wallace.u_tree.\genblk1.g_reduce.u_next.$and$/home/danieltyukov/workspace/personal/tt-ihp-int8-npu/src/npu_csa_reduce.sv:53$1960 ($and).
Removed top 6 bits (of 16) from port A of cell tt_um_danieltyukov_int8_npu.$flatten\u_core.\u_array.\g_row[3].g_col[1].u_pe.\u_mul.\g_bw.g_wallace.u_tree.\genblk1.g_reduce.u_next.$and$/home/danieltyukov/workspace/personal/tt-ihp-int8-npu/src/npu_csa_reduce.sv:53$1961 ($and).
Removed top 1 bits (of 16) from port Y of cell tt_um_danieltyukov_int8_npu.$flatten\u_core.\u_array.\g_row[3].g_col[1].u_pe.\u_mul.\g_bw.g_wallace.u_tree.\genblk1.g_reduce.u_next.$and$/home/danieltyukov/workspace/personal/tt-ihp-int8-npu/src/npu_csa_reduce.sv:53$1961 ($and).
Removed top 1 bits (of 16) from port B of cell tt_um_danieltyukov_int8_npu.$flatten\u_core.\u_array.\g_row[3].g_col[1].u_pe.\u_mul.\g_bw.g_wallace.u_tree.\genblk1.g_reduce.u_next.$and$/home/danieltyukov/workspace/personal/tt-ihp-int8-npu/src/npu_csa_reduce.sv:53$1961 ($and).
Removed top 1 bits (of 16) from port Y of cell tt_um_danieltyukov_int8_npu.$flatten\u_core.\u_array.\g_row[3].g_col[1].u_pe.\u_mul.\g_bw.g_wallace.u_tree.\genblk1.g_reduce.u_next.$and$/home/danieltyukov/workspace/personal/tt-ihp-int8-npu/src/npu_csa_reduce.sv:53$1967 ($and).
Removed top 1 bits (of 16) from port A of cell tt_um_danieltyukov_int8_npu.$flatten\u_core.\u_array.\g_row[3].g_col[1].u_pe.\u_mul.\g_bw.g_wallace.u_tree.\genblk1.g_reduce.u_next.$and$/home/danieltyukov/workspace/personal/tt-ihp-int8-npu/src/npu_csa_reduce.sv:53$1967 ($and).
Removed top 1 bits (of 16) from port B of cell tt_um_danieltyukov_int8_npu.$flatten\u_core.\u_array.\g_row[3].g_col[1].u_pe.\u_mul.\g_bw.g_wallace.u_tree.\genblk1.g_reduce.u_next.$and$/home/danieltyukov/workspace/personal/tt-ihp-int8-npu/src/npu_csa_reduce.sv:53$1967 ($and).
Removed top 1 bits (of 16) from port Y of cell tt_um_danieltyukov_int8_npu.$flatten\u_core.\u_array.\g_row[3].g_col[1].u_pe.\u_mul.\g_bw.g_wallace.u_tree.\genblk1.g_reduce.u_next.$and$/home/danieltyukov/workspace/personal/tt-ihp-int8-npu/src/npu_csa_reduce.sv:53$1968 ($and).
Removed top 1 bits (of 16) from port A of cell tt_um_danieltyukov_int8_npu.$flatten\u_core.\u_array.\g_row[3].g_col[1].u_pe.\u_mul.\g_bw.g_wallace.u_tree.\genblk1.g_reduce.u_next.$and$/home/danieltyukov/workspace/personal/tt-ihp-int8-npu/src/npu_csa_reduce.sv:53$1968 ($and).
Removed top 1 bits (of 16) from port B of cell tt_um_danieltyukov_int8_npu.$flatten\u_core.\u_array.\g_row[3].g_col[1].u_pe.\u_mul.\g_bw.g_wallace.u_tree.\genblk1.g_reduce.u_next.$and$/home/danieltyukov/workspace/personal/tt-ihp-int8-npu/src/npu_csa_reduce.sv:53$1968 ($and).
Removed top 1 bits (of 16) from port Y of cell tt_um_danieltyukov_int8_npu.$flatten\u_core.\u_array.\g_row[3].g_col[1].u_pe.\u_mul.\g_bw.g_wallace.u_tree.\genblk1.g_reduce.u_next.\genblk1.g_reduce.u_next.\genblk1.g_reduce.u_next.$and$/home/danieltyukov/workspace/personal/tt-ihp-int8-npu/src/npu_csa_reduce.sv:53$1826 ($and).
Removed top 1 bits (of 16) from port A of cell tt_um_danieltyukov_int8_npu.$flatten\u_core.\u_array.\g_row[3].g_col[1].u_pe.\u_mul.\g_bw.g_wallace.u_tree.\genblk1.g_reduce.u_next.\genblk1.g_reduce.u_next.\genblk1.g_reduce.u_next.$and$/home/danieltyukov/workspace/personal/tt-ihp-int8-npu/src/npu_csa_reduce.sv:53$1826 ($and).
Removed top 1 bits (of 16) from port B of cell tt_um_danieltyukov_int8_npu.$flatten\u_core.\u_array.\g_row[3].g_col[1].u_pe.\u_mul.\g_bw.g_wallace.u_tree.\genblk1.g_reduce.u_next.\genblk1.g_reduce.u_next.\genblk1.g_reduce.u_next.$and$/home/danieltyukov/workspace/personal/tt-ihp-int8-npu/src/npu_csa_reduce.sv:53$1826 ($and).
Removed top 1 bits (of 16) from port Y of cell tt_um_danieltyukov_int8_npu.$flatten\u_core.\u_array.\g_row[3].g_col[1].u_pe.\u_mul.\g_bw.g_wallace.u_tree.\genblk1.g_reduce.u_next.\genblk1.g_reduce.u_next.\genblk1.g_reduce.u_next.$and$/home/danieltyukov/workspace/personal/tt-ihp-int8-npu/src/npu_csa_reduce.sv:53$1827 ($and).
Removed top 1 bits (of 16) from port A of cell tt_um_danieltyukov_int8_npu.$flatten\u_core.\u_array.\g_row[3].g_col[1].u_pe.\u_mul.\g_bw.g_wallace.u_tree.\genblk1.g_reduce.u_next.\genblk1.g_reduce.u_next.\genblk1.g_reduce.u_next.$and$/home/danieltyukov/workspace/personal/tt-ihp-int8-npu/src/npu_csa_reduce.sv:53$1827 ($and).
Removed top 1 bits (of 16) from port B of cell tt_um_danieltyukov_int8_npu.$flatten\u_core.\u_array.\g_row[3].g_col[1].u_pe.\u_mul.\g_bw.g_wallace.u_tree.\genblk1.g_reduce.u_next.\genblk1.g_reduce.u_next.\genblk1.g_reduce.u_next.$and$/home/danieltyukov/workspace/personal/tt-ihp-int8-npu/src/npu_csa_reduce.sv:53$1827 ($and).
Removed top 6 bits (of 16) from port A of cell tt_um_danieltyukov_int8_npu.$flatten\u_core.\u_array.\g_row[3].g_col[1].u_pe.\u_mul.\g_bw.g_wallace.u_tree.\genblk1.g_reduce.u_next.$xor$/home/danieltyukov/workspace/personal/tt-ihp-int8-npu/src/npu_csa_reduce.sv:49$1958 ($xor).
Removed top 1 bits (of 2) from port A of cell tt_um_danieltyukov_int8_npu.$auto$opt_expr.cc:706:replace_const_cells$2830 ($not).
Removed top 4 bits (of 16) from port A of cell tt_um_danieltyukov_int8_npu.$flatten\u_core.\u_array.\g_row[3].g_col[1].u_pe.\u_mul.\g_bw.g_wallace.u_tree.$xor$/home/danieltyukov/workspace/personal/tt-ihp-int8-npu/src/npu_csa_reduce.sv:49$1840 ($xor).
Removed top 3 bits (of 16) from port Y of cell tt_um_danieltyukov_int8_npu.$flatten\u_core.\u_array.\g_row[3].g_col[1].u_pe.\u_mul.\g_bw.g_wallace.u_tree.$xor$/home/danieltyukov/workspace/personal/tt-ihp-int8-npu/src/npu_csa_reduce.sv:49$1840 ($xor).
Removed top 5 bits (of 15) from port B of cell tt_um_danieltyukov_int8_npu.$flatten\u_core.\u_array.\g_row[3].g_col[1].u_pe.\u_mul.\g_bw.g_wallace.u_tree.$or$/home/danieltyukov/workspace/personal/tt-ihp-int8-npu/src/npu_csa_reduce.sv:53$1838 ($or).
Removed top 6 bits (of 16) from port A of cell tt_um_danieltyukov_int8_npu.$flatten\u_core.\u_array.\g_row[4].g_col[0].u_pe.\u_mul.\g_bw.g_wallace.u_tree.\genblk1.g_reduce.u_next.$and$/home/danieltyukov/workspace/personal/tt-ihp-int8-npu/src/npu_csa_reduce.sv:53$1960 ($and).
Removed top 1 bits (of 16) from port Y of cell tt_um_danieltyukov_int8_npu.$flatten\u_core.\u_array.\g_row[4].g_col[0].u_pe.\u_mul.\g_bw.g_wallace.u_tree.\genblk1.g_reduce.u_next.$and$/home/danieltyukov/workspace/personal/tt-ihp-int8-npu/src/npu_csa_reduce.sv:53$1960 ($and).
Removed top 1 bits (of 16) from port B of cell tt_um_danieltyukov_int8_npu.$flatten\u_core.\u_array.\g_row[4].g_col[0].u_pe.\u_mul.\g_bw.g_wallace.u_tree.\genblk1.g_reduce.u_next.$and$/home/danieltyukov/workspace/personal/tt-ihp-int8-npu/src/npu_csa_reduce.sv:53$1960 ($and).
Removed top 6 bits (of 16) from port A of cell tt_um_danieltyukov_int8_npu.$flatten\u_core.\u_array.\g_row[4].g_col[0].u_pe.\u_mul.\g_bw.g_wallace.u_tree.\genblk1.g_reduce.u_next.$and$/home/danieltyukov/workspace/personal/tt-ihp-int8-npu/src/npu_csa_reduce.sv:53$1961 ($and).
Removed top 1 bits (of 16) from port Y of cell tt_um_danieltyukov_int8_npu.$flatten\u_core.\u_array.\g_row[4].g_col[0].u_pe.\u_mul.\g_bw.g_wallace.u_tree.\genblk1.g_reduce.u_next.$and$/home/danieltyukov/workspace/personal/tt-ihp-int8-npu/src/npu_csa_reduce.sv:53$1961 ($and).
Removed top 1 bits (of 16) from port B of cell tt_um_danieltyukov_int8_npu.$flatten\u_core.\u_array.\g_row[4].g_col[0].u_pe.\u_mul.\g_bw.g_wallace.u_tree.\genblk1.g_reduce.u_next.$and$/home/danieltyukov/workspace/personal/tt-ihp-int8-npu/src/npu_csa_reduce.sv:53$1961 ($and).
Removed top 1 bits (of 16) from port Y of cell tt_um_danieltyukov_int8_npu.$flatten\u_core.\u_array.\g_row[4].g_col[0].u_pe.\u_mul.\g_bw.g_wallace.u_tree.\genblk1.g_reduce.u_next.$and$/home/danieltyukov/workspace/personal/tt-ihp-int8-npu/src/npu_csa_reduce.sv:53$1967 ($and).
Removed top 1 bits (of 16) from port A of cell tt_um_danieltyukov_int8_npu.$flatten\u_core.\u_array.\g_row[4].g_col[0].u_pe.\u_mul.\g_bw.g_wallace.u_tree.\genblk1.g_reduce.u_next.$and$/home/danieltyukov/workspace/personal/tt-ihp-int8-npu/src/npu_csa_reduce.sv:53$1967 ($and).
Removed top 1 bits (of 16) from port B of cell tt_um_danieltyukov_int8_npu.$flatten\u_core.\u_array.\g_row[4].g_col[0].u_pe.\u_mul.\g_bw.g_wallace.u_tree.\genblk1.g_reduce.u_next.$and$/home/danieltyukov/workspace/personal/tt-ihp-int8-npu/src/npu_csa_reduce.sv:53$1967 ($and).
Removed top 1 bits (of 16) from port Y of cell tt_um_danieltyukov_int8_npu.$flatten\u_core.\u_array.\g_row[4].g_col[0].u_pe.\u_mul.\g_bw.g_wallace.u_tree.\genblk1.g_reduce.u_next.$and$/home/danieltyukov/workspace/personal/tt-ihp-int8-npu/src/npu_csa_reduce.sv:53$1968 ($and).
Removed top 1 bits (of 16) from port A of cell tt_um_danieltyukov_int8_npu.$flatten\u_core.\u_array.\g_row[4].g_col[0].u_pe.\u_mul.\g_bw.g_wallace.u_tree.\genblk1.g_reduce.u_next.$and$/home/danieltyukov/workspace/personal/tt-ihp-int8-npu/src/npu_csa_reduce.sv:53$1968 ($and).
Removed top 1 bits (of 16) from port B of cell tt_um_danieltyukov_int8_npu.$flatten\u_core.\u_array.\g_row[4].g_col[0].u_pe.\u_mul.\g_bw.g_wallace.u_tree.\genblk1.g_reduce.u_next.$and$/home/danieltyukov/workspace/personal/tt-ihp-int8-npu/src/npu_csa_reduce.sv:53$1968 ($and).
Removed top 1 bits (of 16) from port Y of cell tt_um_danieltyukov_int8_npu.$flatten\u_core.\u_array.\g_row[4].g_col[0].u_pe.\u_mul.\g_bw.g_wallace.u_tree.\genblk1.g_reduce.u_next.\genblk1.g_reduce.u_next.\genblk1.g_reduce.u_next.$and$/home/danieltyukov/workspace/personal/tt-ihp-int8-npu/src/npu_csa_reduce.sv:53$1826 ($and).
Removed top 1 bits (of 16) from port A of cell tt_um_danieltyukov_int8_npu.$flatten\u_core.\u_array.\g_row[4].g_col[0].u_pe.\u_mul.\g_bw.g_wallace.u_tree.\genblk1.g_reduce.u_next.\genblk1.g_reduce.u_next.\genblk1.g_reduce.u_next.$and$/home/danieltyukov/workspace/personal/tt-ihp-int8-npu/src/npu_csa_reduce.sv:53$1826 ($and).
Removed top 1 bits (of 16) from port B of cell tt_um_danieltyukov_int8_npu.$flatten\u_core.\u_array.\g_row[4].g_col[0].u_pe.\u_mul.\g_bw.g_wallace.u_tree.\genblk1.g_reduce.u_next.\genblk1.g_reduce.u_next.\genblk1.g_reduce.u_next.$and$/home/danieltyukov/workspace/personal/tt-ihp-int8-npu/src/npu_csa_reduce.sv:53$1826 ($and).
Removed top 1 bits (of 16) from port Y of cell tt_um_danieltyukov_int8_npu.$flatten\u_core.\u_array.\g_row[4].g_col[0].u_pe.\u_mul.\g_bw.g_wallace.u_tree.\genblk1.g_reduce.u_next.\genblk1.g_reduce.u_next.\genblk1.g_reduce.u_next.$and$/home/danieltyukov/workspace/personal/tt-ihp-int8-npu/src/npu_csa_reduce.sv:53$1827 ($and).
Removed top 1 bits (of 16) from port A of cell tt_um_danieltyukov_int8_npu.$flatten\u_core.\u_array.\g_row[4].g_col[0].u_pe.\u_mul.\g_bw.g_wallace.u_tree.\genblk1.g_reduce.u_next.\genblk1.g_reduce.u_next.\genblk1.g_reduce.u_next.$and$/home/danieltyukov/workspace/personal/tt-ihp-int8-npu/src/npu_csa_reduce.sv:53$1827 ($and).
Removed top 1 bits (of 16) from port B of cell tt_um_danieltyukov_int8_npu.$flatten\u_core.\u_array.\g_row[4].g_col[0].u_pe.\u_mul.\g_bw.g_wallace.u_tree.\genblk1.g_reduce.u_next.\genblk1.g_reduce.u_next.\genblk1.g_reduce.u_next.$and$/home/danieltyukov/workspace/personal/tt-ihp-int8-npu/src/npu_csa_reduce.sv:53$1827 ($and).
Removed top 6 bits (of 16) from port A of cell tt_um_danieltyukov_int8_npu.$flatten\u_core.\u_array.\g_row[4].g_col[0].u_pe.\u_mul.\g_bw.g_wallace.u_tree.\genblk1.g_reduce.u_next.$xor$/home/danieltyukov/workspace/personal/tt-ihp-int8-npu/src/npu_csa_reduce.sv:49$1958 ($xor).
Removed top 1 bits (of 2) from port A of cell tt_um_danieltyukov_int8_npu.$auto$opt_expr.cc:706:replace_const_cells$2832 ($not).
Removed top 4 bits (of 16) from port A of cell tt_um_danieltyukov_int8_npu.$flatten\u_core.\u_array.\g_row[4].g_col[0].u_pe.\u_mul.\g_bw.g_wallace.u_tree.$xor$/home/danieltyukov/workspace/personal/tt-ihp-int8-npu/src/npu_csa_reduce.sv:49$1840 ($xor).
Removed top 3 bits (of 16) from port Y of cell tt_um_danieltyukov_int8_npu.$flatten\u_core.\u_array.\g_row[4].g_col[0].u_pe.\u_mul.\g_bw.g_wallace.u_tree.$xor$/home/danieltyukov/workspace/personal/tt-ihp-int8-npu/src/npu_csa_reduce.sv:49$1840 ($xor).
Removed top 5 bits (of 15) from port B of cell tt_um_danieltyukov_int8_npu.$flatten\u_core.\u_array.\g_row[4].g_col[0].u_pe.\u_mul.\g_bw.g_wallace.u_tree.$or$/home/danieltyukov/workspace/personal/tt-ihp-int8-npu/src/npu_csa_reduce.sv:53$1838 ($or).
Removed top 6 bits (of 16) from port A of cell tt_um_danieltyukov_int8_npu.$flatten\u_core.\u_array.\g_row[4].g_col[1].u_pe.\u_mul.\g_bw.g_wallace.u_tree.\genblk1.g_reduce.u_next.$and$/home/danieltyukov/workspace/personal/tt-ihp-int8-npu/src/npu_csa_reduce.sv:53$1960 ($and).
Removed top 1 bits (of 16) from port Y of cell tt_um_danieltyukov_int8_npu.$flatten\u_core.\u_array.\g_row[4].g_col[1].u_pe.\u_mul.\g_bw.g_wallace.u_tree.\genblk1.g_reduce.u_next.$and$/home/danieltyukov/workspace/personal/tt-ihp-int8-npu/src/npu_csa_reduce.sv:53$1960 ($and).
Removed top 1 bits (of 16) from port B of cell tt_um_danieltyukov_int8_npu.$flatten\u_core.\u_array.\g_row[4].g_col[1].u_pe.\u_mul.\g_bw.g_wallace.u_tree.\genblk1.g_reduce.u_next.$and$/home/danieltyukov/workspace/personal/tt-ihp-int8-npu/src/npu_csa_reduce.sv:53$1960 ($and).
Removed top 6 bits (of 16) from port A of cell tt_um_danieltyukov_int8_npu.$flatten\u_core.\u_array.\g_row[4].g_col[1].u_pe.\u_mul.\g_bw.g_wallace.u_tree.\genblk1.g_reduce.u_next.$and$/home/danieltyukov/workspace/personal/tt-ihp-int8-npu/src/npu_csa_reduce.sv:53$1961 ($and).
Removed top 1 bits (of 16) from port Y of cell tt_um_danieltyukov_int8_npu.$flatten\u_core.\u_array.\g_row[4].g_col[1].u_pe.\u_mul.\g_bw.g_wallace.u_tree.\genblk1.g_reduce.u_next.$and$/home/danieltyukov/workspace/personal/tt-ihp-int8-npu/src/npu_csa_reduce.sv:53$1961 ($and).
Removed top 1 bits (of 16) from port B of cell tt_um_danieltyukov_int8_npu.$flatten\u_core.\u_array.\g_row[4].g_col[1].u_pe.\u_mul.\g_bw.g_wallace.u_tree.\genblk1.g_reduce.u_next.$and$/home/danieltyukov/workspace/personal/tt-ihp-int8-npu/src/npu_csa_reduce.sv:53$1961 ($and).
Removed top 1 bits (of 16) from port Y of cell tt_um_danieltyukov_int8_npu.$flatten\u_core.\u_array.\g_row[4].g_col[1].u_pe.\u_mul.\g_bw.g_wallace.u_tree.\genblk1.g_reduce.u_next.$and$/home/danieltyukov/workspace/personal/tt-ihp-int8-npu/src/npu_csa_reduce.sv:53$1967 ($and).
Removed top 1 bits (of 16) from port A of cell tt_um_danieltyukov_int8_npu.$flatten\u_core.\u_array.\g_row[4].g_col[1].u_pe.\u_mul.\g_bw.g_wallace.u_tree.\genblk1.g_reduce.u_next.$and$/home/danieltyukov/workspace/personal/tt-ihp-int8-npu/src/npu_csa_reduce.sv:53$1967 ($and).
Removed top 1 bits (of 16) from port B of cell tt_um_danieltyukov_int8_npu.$flatten\u_core.\u_array.\g_row[4].g_col[1].u_pe.\u_mul.\g_bw.g_wallace.u_tree.\genblk1.g_reduce.u_next.$and$/home/danieltyukov/workspace/personal/tt-ihp-int8-npu/src/npu_csa_reduce.sv:53$1967 ($and).
Removed top 1 bits (of 16) from port Y of cell tt_um_danieltyukov_int8_npu.$flatten\u_core.\u_array.\g_row[4].g_col[1].u_pe.\u_mul.\g_bw.g_wallace.u_tree.\genblk1.g_reduce.u_next.$and$/home/danieltyukov/workspace/personal/tt-ihp-int8-npu/src/npu_csa_reduce.sv:53$1968 ($and).
Removed top 1 bits (of 16) from port A of cell tt_um_danieltyukov_int8_npu.$flatten\u_core.\u_array.\g_row[4].g_col[1].u_pe.\u_mul.\g_bw.g_wallace.u_tree.\genblk1.g_reduce.u_next.$and$/home/danieltyukov/workspace/personal/tt-ihp-int8-npu/src/npu_csa_reduce.sv:53$1968 ($and).
Removed top 1 bits (of 16) from port B of cell tt_um_danieltyukov_int8_npu.$flatten\u_core.\u_array.\g_row[4].g_col[1].u_pe.\u_mul.\g_bw.g_wallace.u_tree.\genblk1.g_reduce.u_next.$and$/home/danieltyukov/workspace/personal/tt-ihp-int8-npu/src/npu_csa_reduce.sv:53$1968 ($and).
Removed top 1 bits (of 16) from port Y of cell tt_um_danieltyukov_int8_npu.$flatten\u_core.\u_array.\g_row[4].g_col[1].u_pe.\u_mul.\g_bw.g_wallace.u_tree.\genblk1.g_reduce.u_next.\genblk1.g_reduce.u_next.\genblk1.g_reduce.u_next.$and$/home/danieltyukov/workspace/personal/tt-ihp-int8-npu/src/npu_csa_reduce.sv:53$1826 ($and).
Removed top 1 bits (of 16) from port A of cell tt_um_danieltyukov_int8_npu.$flatten\u_core.\u_array.\g_row[4].g_col[1].u_pe.\u_mul.\g_bw.g_wallace.u_tree.\genblk1.g_reduce.u_next.\genblk1.g_reduce.u_next.\genblk1.g_reduce.u_next.$and$/home/danieltyukov/workspace/personal/tt-ihp-int8-npu/src/npu_csa_reduce.sv:53$1826 ($and).
Removed top 1 bits (of 16) from port B of cell tt_um_danieltyukov_int8_npu.$flatten\u_core.\u_array.\g_row[4].g_col[1].u_pe.\u_mul.\g_bw.g_wallace.u_tree.\genblk1.g_reduce.u_next.\genblk1.g_reduce.u_next.\genblk1.g_reduce.u_next.$and$/home/danieltyukov/workspace/personal/tt-ihp-int8-npu/src/npu_csa_reduce.sv:53$1826 ($and).
Removed top 1 bits (of 16) from port Y of cell tt_um_danieltyukov_int8_npu.$flatten\u_core.\u_array.\g_row[4].g_col[1].u_pe.\u_mul.\g_bw.g_wallace.u_tree.\genblk1.g_reduce.u_next.\genblk1.g_reduce.u_next.\genblk1.g_reduce.u_next.$and$/home/danieltyukov/workspace/personal/tt-ihp-int8-npu/src/npu_csa_reduce.sv:53$1827 ($and).
Removed top 1 bits (of 16) from port A of cell tt_um_danieltyukov_int8_npu.$flatten\u_core.\u_array.\g_row[4].g_col[1].u_pe.\u_mul.\g_bw.g_wallace.u_tree.\genblk1.g_reduce.u_next.\genblk1.g_reduce.u_next.\genblk1.g_reduce.u_next.$and$/home/danieltyukov/workspace/personal/tt-ihp-int8-npu/src/npu_csa_reduce.sv:53$1827 ($and).
Removed top 1 bits (of 16) from port B of cell tt_um_danieltyukov_int8_npu.$flatten\u_core.\u_array.\g_row[4].g_col[1].u_pe.\u_mul.\g_bw.g_wallace.u_tree.\genblk1.g_reduce.u_next.\genblk1.g_reduce.u_next.\genblk1.g_reduce.u_next.$and$/home/danieltyukov/workspace/personal/tt-ihp-int8-npu/src/npu_csa_reduce.sv:53$1827 ($and).
Removed top 6 bits (of 16) from port A of cell tt_um_danieltyukov_int8_npu.$flatten\u_core.\u_array.\g_row[4].g_col[1].u_pe.\u_mul.\g_bw.g_wallace.u_tree.\genblk1.g_reduce.u_next.$xor$/home/danieltyukov/workspace/personal/tt-ihp-int8-npu/src/npu_csa_reduce.sv:49$1958 ($xor).
Removed top 1 bits (of 2) from port A of cell tt_um_danieltyukov_int8_npu.$auto$opt_expr.cc:706:replace_const_cells$2834 ($not).
Removed top 4 bits (of 16) from port A of cell tt_um_danieltyukov_int8_npu.$flatten\u_core.\u_array.\g_row[4].g_col[1].u_pe.\u_mul.\g_bw.g_wallace.u_tree.$xor$/home/danieltyukov/workspace/personal/tt-ihp-int8-npu/src/npu_csa_reduce.sv:49$1840 ($xor).
Removed top 3 bits (of 16) from port Y of cell tt_um_danieltyukov_int8_npu.$flatten\u_core.\u_array.\g_row[4].g_col[1].u_pe.\u_mul.\g_bw.g_wallace.u_tree.$xor$/home/danieltyukov/workspace/personal/tt-ihp-int8-npu/src/npu_csa_reduce.sv:49$1840 ($xor).
Removed top 5 bits (of 15) from port B of cell tt_um_danieltyukov_int8_npu.$flatten\u_core.\u_array.\g_row[4].g_col[1].u_pe.\u_mul.\g_bw.g_wallace.u_tree.$or$/home/danieltyukov/workspace/personal/tt-ihp-int8-npu/src/npu_csa_reduce.sv:53$1838 ($or).
Removed top 6 bits (of 16) from port A of cell tt_um_danieltyukov_int8_npu.$flatten\u_core.\u_array.\g_row[5].g_col[0].u_pe.\u_mul.\g_bw.g_wallace.u_tree.\genblk1.g_reduce.u_next.$and$/home/danieltyukov/workspace/personal/tt-ihp-int8-npu/src/npu_csa_reduce.sv:53$1960 ($and).
Removed top 1 bits (of 16) from port Y of cell tt_um_danieltyukov_int8_npu.$flatten\u_core.\u_array.\g_row[5].g_col[0].u_pe.\u_mul.\g_bw.g_wallace.u_tree.\genblk1.g_reduce.u_next.$and$/home/danieltyukov/workspace/personal/tt-ihp-int8-npu/src/npu_csa_reduce.sv:53$1960 ($and).
Removed top 1 bits (of 16) from port B of cell tt_um_danieltyukov_int8_npu.$flatten\u_core.\u_array.\g_row[5].g_col[0].u_pe.\u_mul.\g_bw.g_wallace.u_tree.\genblk1.g_reduce.u_next.$and$/home/danieltyukov/workspace/personal/tt-ihp-int8-npu/src/npu_csa_reduce.sv:53$1960 ($and).
Removed top 6 bits (of 16) from port A of cell tt_um_danieltyukov_int8_npu.$flatten\u_core.\u_array.\g_row[5].g_col[0].u_pe.\u_mul.\g_bw.g_wallace.u_tree.\genblk1.g_reduce.u_next.$and$/home/danieltyukov/workspace/personal/tt-ihp-int8-npu/src/npu_csa_reduce.sv:53$1961 ($and).
Removed top 1 bits (of 16) from port Y of cell tt_um_danieltyukov_int8_npu.$flatten\u_core.\u_array.\g_row[5].g_col[0].u_pe.\u_mul.\g_bw.g_wallace.u_tree.\genblk1.g_reduce.u_next.$and$/home/danieltyukov/workspace/personal/tt-ihp-int8-npu/src/npu_csa_reduce.sv:53$1961 ($and).
Removed top 1 bits (of 16) from port B of cell tt_um_danieltyukov_int8_npu.$flatten\u_core.\u_array.\g_row[5].g_col[0].u_pe.\u_mul.\g_bw.g_wallace.u_tree.\genblk1.g_reduce.u_next.$and$/home/danieltyukov/workspace/personal/tt-ihp-int8-npu/src/npu_csa_reduce.sv:53$1961 ($and).
Removed top 1 bits (of 16) from port Y of cell tt_um_danieltyukov_int8_npu.$flatten\u_core.\u_array.\g_row[5].g_col[0].u_pe.\u_mul.\g_bw.g_wallace.u_tree.\genblk1.g_reduce.u_next.$and$/home/danieltyukov/workspace/personal/tt-ihp-int8-npu/src/npu_csa_reduce.sv:53$1967 ($and).
Removed top 1 bits (of 16) from port A of cell tt_um_danieltyukov_int8_npu.$flatten\u_core.\u_array.\g_row[5].g_col[0].u_pe.\u_mul.\g_bw.g_wallace.u_tree.\genblk1.g_reduce.u_next.$and$/home/danieltyukov/workspace/personal/tt-ihp-int8-npu/src/npu_csa_reduce.sv:53$1967 ($and).
Removed top 1 bits (of 16) from port B of cell tt_um_danieltyukov_int8_npu.$flatten\u_core.\u_array.\g_row[5].g_col[0].u_pe.\u_mul.\g_bw.g_wallace.u_tree.\genblk1.g_reduce.u_next.$and$/home/danieltyukov/workspace/personal/tt-ihp-int8-npu/src/npu_csa_reduce.sv:53$1967 ($and).
Removed top 1 bits (of 16) from port Y of cell tt_um_danieltyukov_int8_npu.$flatten\u_core.\u_array.\g_row[5].g_col[0].u_pe.\u_mul.\g_bw.g_wallace.u_tree.\genblk1.g_reduce.u_next.$and$/home/danieltyukov/workspace/personal/tt-ihp-int8-npu/src/npu_csa_reduce.sv:53$1968 ($and).
Removed top 1 bits (of 16) from port A of cell tt_um_danieltyukov_int8_npu.$flatten\u_core.\u_array.\g_row[5].g_col[0].u_pe.\u_mul.\g_bw.g_wallace.u_tree.\genblk1.g_reduce.u_next.$and$/home/danieltyukov/workspace/personal/tt-ihp-int8-npu/src/npu_csa_reduce.sv:53$1968 ($and).
Removed top 1 bits (of 16) from port B of cell tt_um_danieltyukov_int8_npu.$flatten\u_core.\u_array.\g_row[5].g_col[0].u_pe.\u_mul.\g_bw.g_wallace.u_tree.\genblk1.g_reduce.u_next.$and$/home/danieltyukov/workspace/personal/tt-ihp-int8-npu/src/npu_csa_reduce.sv:53$1968 ($and).
Removed top 1 bits (of 16) from port Y of cell tt_um_danieltyukov_int8_npu.$flatten\u_core.\u_array.\g_row[5].g_col[0].u_pe.\u_mul.\g_bw.g_wallace.u_tree.\genblk1.g_reduce.u_next.\genblk1.g_reduce.u_next.\genblk1.g_reduce.u_next.$and$/home/danieltyukov/workspace/personal/tt-ihp-int8-npu/src/npu_csa_reduce.sv:53$1826 ($and).
Removed top 1 bits (of 16) from port A of cell tt_um_danieltyukov_int8_npu.$flatten\u_core.\u_array.\g_row[5].g_col[0].u_pe.\u_mul.\g_bw.g_wallace.u_tree.\genblk1.g_reduce.u_next.\genblk1.g_reduce.u_next.\genblk1.g_reduce.u_next.$and$/home/danieltyukov/workspace/personal/tt-ihp-int8-npu/src/npu_csa_reduce.sv:53$1826 ($and).
Removed top 1 bits (of 16) from port B of cell tt_um_danieltyukov_int8_npu.$flatten\u_core.\u_array.\g_row[5].g_col[0].u_pe.\u_mul.\g_bw.g_wallace.u_tree.\genblk1.g_reduce.u_next.\genblk1.g_reduce.u_next.\genblk1.g_reduce.u_next.$and$/home/danieltyukov/workspace/personal/tt-ihp-int8-npu/src/npu_csa_reduce.sv:53$1826 ($and).
Removed top 1 bits (of 16) from port Y of cell tt_um_danieltyukov_int8_npu.$flatten\u_core.\u_array.\g_row[5].g_col[0].u_pe.\u_mul.\g_bw.g_wallace.u_tree.\genblk1.g_reduce.u_next.\genblk1.g_reduce.u_next.\genblk1.g_reduce.u_next.$and$/home/danieltyukov/workspace/personal/tt-ihp-int8-npu/src/npu_csa_reduce.sv:53$1827 ($and).
Removed top 1 bits (of 16) from port A of cell tt_um_danieltyukov_int8_npu.$flatten\u_core.\u_array.\g_row[5].g_col[0].u_pe.\u_mul.\g_bw.g_wallace.u_tree.\genblk1.g_reduce.u_next.\genblk1.g_reduce.u_next.\genblk1.g_reduce.u_next.$and$/home/danieltyukov/workspace/personal/tt-ihp-int8-npu/src/npu_csa_reduce.sv:53$1827 ($and).
Removed top 1 bits (of 16) from port B of cell tt_um_danieltyukov_int8_npu.$flatten\u_core.\u_array.\g_row[5].g_col[0].u_pe.\u_mul.\g_bw.g_wallace.u_tree.\genblk1.g_reduce.u_next.\genblk1.g_reduce.u_next.\genblk1.g_reduce.u_next.$and$/home/danieltyukov/workspace/personal/tt-ihp-int8-npu/src/npu_csa_reduce.sv:53$1827 ($and).
Removed top 6 bits (of 16) from port A of cell tt_um_danieltyukov_int8_npu.$flatten\u_core.\u_array.\g_row[5].g_col[0].u_pe.\u_mul.\g_bw.g_wallace.u_tree.\genblk1.g_reduce.u_next.$xor$/home/danieltyukov/workspace/personal/tt-ihp-int8-npu/src/npu_csa_reduce.sv:49$1958 ($xor).
Removed top 4 bits (of 16) from port A of cell tt_um_danieltyukov_int8_npu.$flatten\u_core.\u_array.\g_row[5].g_col[0].u_pe.\u_mul.\g_bw.g_wallace.u_tree.$xor$/home/danieltyukov/workspace/personal/tt-ihp-int8-npu/src/npu_csa_reduce.sv:49$1840 ($xor).
Removed top 3 bits (of 16) from port Y of cell tt_um_danieltyukov_int8_npu.$flatten\u_core.\u_array.\g_row[5].g_col[0].u_pe.\u_mul.\g_bw.g_wallace.u_tree.$xor$/home/danieltyukov/workspace/personal/tt-ihp-int8-npu/src/npu_csa_reduce.sv:49$1840 ($xor).
Removed top 5 bits (of 15) from port B of cell tt_um_danieltyukov_int8_npu.$flatten\u_core.\u_array.\g_row[5].g_col[0].u_pe.\u_mul.\g_bw.g_wallace.u_tree.$or$/home/danieltyukov/workspace/personal/tt-ihp-int8-npu/src/npu_csa_reduce.sv:53$1838 ($or).
Removed top 2 bits (of 15) from port B of cell tt_um_danieltyukov_int8_npu.$flatten\u_core.\u_array.\g_row[5].g_col[1].u_pe.\u_mul.\g_bw.g_wallace.u_tree.$or$/home/danieltyukov/workspace/personal/tt-ihp-int8-npu/src/npu_csa_reduce.sv:53$1845 ($or).
Removed top 2 bits (of 15) from port B of cell tt_um_danieltyukov_int8_npu.$flatten\u_core.\u_array.\g_row[0].g_col[0].u_pe.\u_mul.\g_bw.g_wallace.u_tree.$or$/home/danieltyukov/workspace/personal/tt-ihp-int8-npu/src/npu_csa_reduce.sv:53$1845 ($or).
Removed top 2 bits (of 15) from port B of cell tt_um_danieltyukov_int8_npu.$flatten\u_core.\u_array.\g_row[0].g_col[1].u_pe.\u_mul.\g_bw.g_wallace.u_tree.$or$/home/danieltyukov/workspace/personal/tt-ihp-int8-npu/src/npu_csa_reduce.sv:53$1845 ($or).
Removed top 2 bits (of 15) from port B of cell tt_um_danieltyukov_int8_npu.$flatten\u_core.\u_array.\g_row[1].g_col[0].u_pe.\u_mul.\g_bw.g_wallace.u_tree.$or$/home/danieltyukov/workspace/personal/tt-ihp-int8-npu/src/npu_csa_reduce.sv:53$1845 ($or).
Removed top 2 bits (of 15) from port B of cell tt_um_danieltyukov_int8_npu.$flatten\u_core.\u_array.\g_row[1].g_col[1].u_pe.\u_mul.\g_bw.g_wallace.u_tree.$or$/home/danieltyukov/workspace/personal/tt-ihp-int8-npu/src/npu_csa_reduce.sv:53$1845 ($or).
Removed top 2 bits (of 15) from port B of cell tt_um_danieltyukov_int8_npu.$flatten\u_core.\u_array.\g_row[2].g_col[0].u_pe.\u_mul.\g_bw.g_wallace.u_tree.$or$/home/danieltyukov/workspace/personal/tt-ihp-int8-npu/src/npu_csa_reduce.sv:53$1845 ($or).
Removed top 2 bits (of 15) from port B of cell tt_um_danieltyukov_int8_npu.$flatten\u_core.\u_array.\g_row[2].g_col[1].u_pe.\u_mul.\g_bw.g_wallace.u_tree.$or$/home/danieltyukov/workspace/personal/tt-ihp-int8-npu/src/npu_csa_reduce.sv:53$1845 ($or).
Removed top 2 bits (of 15) from port B of cell tt_um_danieltyukov_int8_npu.$flatten\u_core.\u_array.\g_row[3].g_col[0].u_pe.\u_mul.\g_bw.g_wallace.u_tree.$or$/home/danieltyukov/workspace/personal/tt-ihp-int8-npu/src/npu_csa_reduce.sv:53$1845 ($or).
Removed top 2 bits (of 15) from port B of cell tt_um_danieltyukov_int8_npu.$flatten\u_core.\u_array.\g_row[3].g_col[1].u_pe.\u_mul.\g_bw.g_wallace.u_tree.$or$/home/danieltyukov/workspace/personal/tt-ihp-int8-npu/src/npu_csa_reduce.sv:53$1845 ($or).
Removed top 2 bits (of 15) from port B of cell tt_um_danieltyukov_int8_npu.$flatten\u_core.\u_array.\g_row[4].g_col[0].u_pe.\u_mul.\g_bw.g_wallace.u_tree.$or$/home/danieltyukov/workspace/personal/tt-ihp-int8-npu/src/npu_csa_reduce.sv:53$1845 ($or).
Removed top 2 bits (of 15) from port B of cell tt_um_danieltyukov_int8_npu.$flatten\u_core.\u_array.\g_row[4].g_col[1].u_pe.\u_mul.\g_bw.g_wallace.u_tree.$or$/home/danieltyukov/workspace/personal/tt-ihp-int8-npu/src/npu_csa_reduce.sv:53$1845 ($or).
Removed top 2 bits (of 15) from port B of cell tt_um_danieltyukov_int8_npu.$flatten\u_core.\u_array.\g_row[5].g_col[0].u_pe.\u_mul.\g_bw.g_wallace.u_tree.$or$/home/danieltyukov/workspace/personal/tt-ihp-int8-npu/src/npu_csa_reduce.sv:53$1845 ($or).
Removed top 24 bits (of 32) from wire tt_um_danieltyukov_int8_npu.$flatten\u_core.$add$/home/danieltyukov/workspace/personal/tt-ihp-int8-npu/src/npu_core.sv:0$1027_Y.
Removed top 25 bits (of 32) from wire tt_um_danieltyukov_int8_npu.$flatten\u_core.$add$/home/danieltyukov/workspace/personal/tt-ihp-int8-npu/src/npu_core.sv:0$1099_Y.
Removed top 26 bits (of 32) from wire tt_um_danieltyukov_int8_npu.$flatten\u_core.$add$/home/danieltyukov/workspace/personal/tt-ihp-int8-npu/src/npu_core.sv:0$975_Y.
Removed top 26 bits (of 32) from wire tt_um_danieltyukov_int8_npu.$flatten\u_core.$add$/home/danieltyukov/workspace/personal/tt-ihp-int8-npu/src/npu_core.sv:0$979_Y.
Removed top 3 bits (of 32) from wire tt_um_danieltyukov_int8_npu.$flatten\u_core.$add$/home/danieltyukov/workspace/personal/tt-ihp-int8-npu/src/npu_core.sv:234$1038_Y.
Removed top 20 bits (of 32) from wire tt_um_danieltyukov_int8_npu.$flatten\u_core.$add$/home/danieltyukov/workspace/personal/tt-ihp-int8-npu/src/npu_core.sv:234$1064_Y.
Removed top 3 bits (of 32) from wire tt_um_danieltyukov_int8_npu.$flatten\u_core.$add$/home/danieltyukov/workspace/personal/tt-ihp-int8-npu/src/npu_core.sv:234$1077_Y.
Removed top 3 bits (of 32) from wire tt_um_danieltyukov_int8_npu.$flatten\u_core.$add$/home/danieltyukov/workspace/personal/tt-ihp-int8-npu/src/npu_core.sv:234$1090_Y.
Removed top 3 bits (of 32) from wire tt_um_danieltyukov_int8_npu.$flatten\u_core.$add$/home/danieltyukov/workspace/personal/tt-ihp-int8-npu/src/npu_core.sv:348$982_Y.
Removed top 27 bits (of 32) from wire tt_um_danieltyukov_int8_npu.$flatten\u_core.$mul$/home/danieltyukov/workspace/personal/tt-ihp-int8-npu/src/npu_core.sv:234$1037_Y.
Removed top 1 bits (of 2) from wire tt_um_danieltyukov_int8_npu.$flatten\u_core.$procmux$2681_Y.
Removed top 7 bits (of 16) from wire tt_um_danieltyukov_int8_npu.$flatten\u_core.\u_array.\g_row[0].g_col[0].u_pe.\u_mul.\g_bw.g_wallace.u_tree.$and$/home/danieltyukov/workspace/personal/tt-ihp-int8-npu/src/npu_csa_reduce.sv:53$1834_Y.
Removed top 6 bits (of 16) from wire tt_um_danieltyukov_int8_npu.$flatten\u_core.\u_array.\g_row[0].g_col[0].u_pe.\u_mul.\g_bw.g_wallace.u_tree.$and$/home/danieltyukov/workspace/personal/tt-ihp-int8-npu/src/npu_csa_reduce.sv:53$1835_Y.
Removed top 6 bits (of 16) from wire tt_um_danieltyukov_int8_npu.$flatten\u_core.\u_array.\g_row[0].g_col[0].u_pe.\u_mul.\g_bw.g_wallace.u_tree.$and$/home/danieltyukov/workspace/personal/tt-ihp-int8-npu/src/npu_csa_reduce.sv:53$1837_Y.
Removed top 4 bits (of 16) from wire tt_um_danieltyukov_int8_npu.$flatten\u_core.\u_array.\g_row[0].g_col[0].u_pe.\u_mul.\g_bw.g_wallace.u_tree.$and$/home/danieltyukov/workspace/personal/tt-ihp-int8-npu/src/npu_csa_reduce.sv:53$1841_Y.
Removed top 3 bits (of 16) from wire tt_um_danieltyukov_int8_npu.$flatten\u_core.\u_array.\g_row[0].g_col[0].u_pe.\u_mul.\g_bw.g_wallace.u_tree.$and$/home/danieltyukov/workspace/personal/tt-ihp-int8-npu/src/npu_csa_reduce.sv:53$1842_Y.
Removed top 3 bits (of 16) from wire tt_um_danieltyukov_int8_npu.$flatten\u_core.\u_array.\g_row[0].g_col[0].u_pe.\u_mul.\g_bw.g_wallace.u_tree.$and$/home/danieltyukov/workspace/personal/tt-ihp-int8-npu/src/npu_csa_reduce.sv:53$1844_Y.
Removed top 1 bits (of 16) from wire tt_um_danieltyukov_int8_npu.$flatten\u_core.\u_array.\g_row[0].g_col[0].u_pe.\u_mul.\g_bw.g_wallace.u_tree.$and$/home/danieltyukov/workspace/personal/tt-ihp-int8-npu/src/npu_csa_reduce.sv:53$1848_Y.
Removed top 1 bits (of 16) from wire tt_um_danieltyukov_int8_npu.$flatten\u_core.\u_array.\g_row[0].g_col[0].u_pe.\u_mul.\g_bw.g_wallace.u_tree.$or$/home/danieltyukov/workspace/personal/tt-ihp-int8-npu/src/npu_csa_reduce.sv:53$1850_Y.
Removed top 1 bits (of 16) from wire tt_um_danieltyukov_int8_npu.$flatten\u_core.\u_array.\g_row[0].g_col[0].u_pe.\u_mul.\g_bw.g_wallace.u_tree.$xor$/home/danieltyukov/workspace/personal/tt-ihp-int8-npu/src/npu_csa_reduce.sv:49$1846_Y.
Removed top 1 bits (of 16) from wire tt_um_danieltyukov_int8_npu.$flatten\u_core.\u_array.\g_row[0].g_col[0].u_pe.\u_mul.\g_bw.g_wallace.u_tree.\genblk1.g_reduce.u_next.$and$/home/danieltyukov/workspace/personal/tt-ihp-int8-npu/src/npu_csa_reduce.sv:53$1960_Y.
Removed top 1 bits (of 16) from wire tt_um_danieltyukov_int8_npu.$flatten\u_core.\u_array.\g_row[0].g_col[0].u_pe.\u_mul.\g_bw.g_wallace.u_tree.\genblk1.g_reduce.u_next.$and$/home/danieltyukov/workspace/personal/tt-ihp-int8-npu/src/npu_csa_reduce.sv:53$1961_Y.
Removed top 1 bits (of 16) from wire tt_um_danieltyukov_int8_npu.$flatten\u_core.\u_array.\g_row[0].g_col[0].u_pe.\u_mul.\g_bw.g_wallace.u_tree.\genblk1.g_reduce.u_next.$and$/home/danieltyukov/workspace/personal/tt-ihp-int8-npu/src/npu_csa_reduce.sv:53$1963_Y.
Removed top 1 bits (of 16) from wire tt_um_danieltyukov_int8_npu.$flatten\u_core.\u_array.\g_row[0].g_col[0].u_pe.\u_mul.\g_bw.g_wallace.u_tree.\genblk1.g_reduce.u_next.$and$/home/danieltyukov/workspace/personal/tt-ihp-int8-npu/src/npu_csa_reduce.sv:53$1967_Y.
Removed top 1 bits (of 16) from wire tt_um_danieltyukov_int8_npu.$flatten\u_core.\u_array.\g_row[0].g_col[0].u_pe.\u_mul.\g_bw.g_wallace.u_tree.\genblk1.g_reduce.u_next.$and$/home/danieltyukov/workspace/personal/tt-ihp-int8-npu/src/npu_csa_reduce.sv:53$1968_Y.
Removed top 1 bits (of 16) from wire tt_um_danieltyukov_int8_npu.$flatten\u_core.\u_array.\g_row[0].g_col[0].u_pe.\u_mul.\g_bw.g_wallace.u_tree.\genblk1.g_reduce.u_next.$and$/home/danieltyukov/workspace/personal/tt-ihp-int8-npu/src/npu_csa_reduce.sv:53$1970_Y.
Removed top 1 bits (of 16) from wire tt_um_danieltyukov_int8_npu.$flatten\u_core.\u_array.\g_row[0].g_col[0].u_pe.\u_mul.\g_bw.g_wallace.u_tree.\genblk1.g_reduce.u_next.$or$/home/danieltyukov/workspace/personal/tt-ihp-int8-npu/src/npu_csa_reduce.sv:53$1969_Y.
Removed top 1 bits (of 16) from wire tt_um_danieltyukov_int8_npu.$flatten\u_core.\u_array.\g_row[0].g_col[0].u_pe.\u_mul.\g_bw.g_wallace.u_tree.\genblk1.g_reduce.u_next.\genblk1.g_reduce.u_next.$and$/home/danieltyukov/workspace/personal/tt-ihp-int8-npu/src/npu_csa_reduce.sv:53$1975_Y.
Removed top 1 bits (of 16) from wire tt_um_danieltyukov_int8_npu.$flatten\u_core.\u_array.\g_row[0].g_col[0].u_pe.\u_mul.\g_bw.g_wallace.u_tree.\genblk1.g_reduce.u_next.\genblk1.g_reduce.u_next.$and$/home/danieltyukov/workspace/personal/tt-ihp-int8-npu/src/npu_csa_reduce.sv:53$1976_Y.
Removed top 1 bits (of 16) from wire tt_um_danieltyukov_int8_npu.$flatten\u_core.\u_array.\g_row[0].g_col[0].u_pe.\u_mul.\g_bw.g_wallace.u_tree.\genblk1.g_reduce.u_next.\genblk1.g_reduce.u_next.$and$/home/danieltyukov/workspace/personal/tt-ihp-int8-npu/src/npu_csa_reduce.sv:53$1978_Y.
Removed top 1 bits (of 16) from wire tt_um_danieltyukov_int8_npu.$flatten\u_core.\u_array.\g_row[0].g_col[0].u_pe.\u_mul.\g_bw.g_wallace.u_tree.\genblk1.g_reduce.u_next.\genblk1.g_reduce.u_next.$or$/home/danieltyukov/workspace/personal/tt-ihp-int8-npu/src/npu_csa_reduce.sv:53$1977_Y.
Removed top 1 bits (of 16) from wire tt_um_danieltyukov_int8_npu.$flatten\u_core.\u_array.\g_row[0].g_col[0].u_pe.\u_mul.\g_bw.g_wallace.u_tree.\genblk1.g_reduce.u_next.\genblk1.g_reduce.u_next.\genblk1.g_reduce.u_next.$and$/home/danieltyukov/workspace/personal/tt-ihp-int8-npu/src/npu_csa_reduce.sv:53$1826_Y.
Removed top 1 bits (of 16) from wire tt_um_danieltyukov_int8_npu.$flatten\u_core.\u_array.\g_row[0].g_col[0].u_pe.\u_mul.\g_bw.g_wallace.u_tree.\genblk1.g_reduce.u_next.\genblk1.g_reduce.u_next.\genblk1.g_reduce.u_next.$and$/home/danieltyukov/workspace/personal/tt-ihp-int8-npu/src/npu_csa_reduce.sv:53$1827_Y.
Removed top 7 bits (of 16) from wire tt_um_danieltyukov_int8_npu.$flatten\u_core.\u_array.\g_row[0].g_col[1].u_pe.\u_mul.\g_bw.g_wallace.u_tree.$and$/home/danieltyukov/workspace/personal/tt-ihp-int8-npu/src/npu_csa_reduce.sv:53$1834_Y.
Removed top 7 bits (of 16) from wire tt_um_danieltyukov_int8_npu.$flatten\u_core.\u_array.\g_row[0].g_col[1].u_pe.\u_mul.\g_bw.g_wallace.u_tree.$xor$/home/danieltyukov/workspace/personal/tt-ihp-int8-npu/src/npu_csa_reduce.sv:49$1832_Y.
Removed top 7 bits (of 16) from wire tt_um_danieltyukov_int8_npu.$flatten\u_core.\u_array.\g_row[1].g_col[0].u_pe.\u_mul.\g_bw.g_wallace.u_tree.$and$/home/danieltyukov/workspace/personal/tt-ihp-int8-npu/src/npu_csa_reduce.sv:53$1834_Y.
Removed top 6 bits (of 16) from wire tt_um_danieltyukov_int8_npu.$flatten\u_core.\u_array.\g_row[1].g_col[0].u_pe.\u_mul.\g_bw.g_wallace.u_tree.$and$/home/danieltyukov/workspace/personal/tt-ihp-int8-npu/src/npu_csa_reduce.sv:53$1835_Y.
Removed top 7 bits (of 16) from wire tt_um_danieltyukov_int8_npu.$flatten\u_core.\u_array.\g_row[1].g_col[1].u_pe.\u_mul.\g_bw.g_wallace.u_tree.$and$/home/danieltyukov/workspace/personal/tt-ihp-int8-npu/src/npu_csa_reduce.sv:53$1834_Y.
Removed top 6 bits (of 16) from wire tt_um_danieltyukov_int8_npu.$flatten\u_core.\u_array.\g_row[1].g_col[1].u_pe.\u_mul.\g_bw.g_wallace.u_tree.$and$/home/danieltyukov/workspace/personal/tt-ihp-int8-npu/src/npu_csa_reduce.sv:53$1835_Y.
Removed top 6 bits (of 16) from wire tt_um_danieltyukov_int8_npu.$flatten\u_core.\u_array.\g_row[1].g_col[1].u_pe.\u_mul.\g_bw.g_wallace.u_tree.$and$/home/danieltyukov/workspace/personal/tt-ihp-int8-npu/src/npu_csa_reduce.sv:53$1837_Y.
Removed top 4 bits (of 16) from wire tt_um_danieltyukov_int8_npu.$flatten\u_core.\u_array.\g_row[1].g_col[1].u_pe.\u_mul.\g_bw.g_wallace.u_tree.$and$/home/danieltyukov/workspace/personal/tt-ihp-int8-npu/src/npu_csa_reduce.sv:53$1841_Y.
Removed top 1 bits (of 16) from wire tt_um_danieltyukov_int8_npu.$flatten\u_core.\u_array.\g_row[1].g_col[1].u_pe.\u_mul.\g_bw.g_wallace.u_tree.$and$/home/danieltyukov/workspace/personal/tt-ihp-int8-npu/src/npu_csa_reduce.sv:53$1848_Y.
Removed top 1 bits (of 16) from wire tt_um_danieltyukov_int8_npu.$flatten\u_core.\u_array.\g_row[1].g_col[1].u_pe.\u_mul.\g_bw.g_wallace.u_tree.$or$/home/danieltyukov/workspace/personal/tt-ihp-int8-npu/src/npu_csa_reduce.sv:53$1850_Y.
Removed top 4 bits (of 16) from wire tt_um_danieltyukov_int8_npu.$flatten\u_core.\u_array.\g_row[1].g_col[1].u_pe.\u_mul.\g_bw.g_wallace.u_tree.$xor$/home/danieltyukov/workspace/personal/tt-ihp-int8-npu/src/npu_csa_reduce.sv:49$1839_Y.
Removed top 1 bits (of 16) from wire tt_um_danieltyukov_int8_npu.$flatten\u_core.\u_array.\g_row[1].g_col[1].u_pe.\u_mul.\g_bw.g_wallace.u_tree.$xor$/home/danieltyukov/workspace/personal/tt-ihp-int8-npu/src/npu_csa_reduce.sv:49$1846_Y.
Removed top 1 bits (of 16) from wire tt_um_danieltyukov_int8_npu.$flatten\u_core.\u_array.\g_row[1].g_col[1].u_pe.\u_mul.\g_bw.g_wallace.u_tree.\genblk1.g_reduce.u_next.$and$/home/danieltyukov/workspace/personal/tt-ihp-int8-npu/src/npu_csa_reduce.sv:53$1960_Y.
Removed top 1 bits (of 16) from wire tt_um_danieltyukov_int8_npu.$flatten\u_core.\u_array.\g_row[1].g_col[1].u_pe.\u_mul.\g_bw.g_wallace.u_tree.\genblk1.g_reduce.u_next.$and$/home/danieltyukov/workspace/personal/tt-ihp-int8-npu/src/npu_csa_reduce.sv:53$1961_Y.
Removed top 1 bits (of 16) from wire tt_um_danieltyukov_int8_npu.$flatten\u_core.\u_array.\g_row[1].g_col[1].u_pe.\u_mul.\g_bw.g_wallace.u_tree.\genblk1.g_reduce.u_next.$and$/home/danieltyukov/workspace/personal/tt-ihp-int8-npu/src/npu_csa_reduce.sv:53$1963_Y.
Removed top 1 bits (of 16) from wire tt_um_danieltyukov_int8_npu.$flatten\u_core.\u_array.\g_row[1].g_col[1].u_pe.\u_mul.\g_bw.g_wallace.u_tree.\genblk1.g_reduce.u_next.$and$/home/danieltyukov/workspace/personal/tt-ihp-int8-npu/src/npu_csa_reduce.sv:53$1967_Y.
Removed top 1 bits (of 16) from wire tt_um_danieltyukov_int8_npu.$flatten\u_core.\u_array.\g_row[1].g_col[1].u_pe.\u_mul.\g_bw.g_wallace.u_tree.\genblk1.g_reduce.u_next.$and$/home/danieltyukov/workspace/personal/tt-ihp-int8-npu/src/npu_csa_reduce.sv:53$1968_Y.
Removed top 1 bits (of 16) from wire tt_um_danieltyukov_int8_npu.$flatten\u_core.\u_array.\g_row[1].g_col[1].u_pe.\u_mul.\g_bw.g_wallace.u_tree.\genblk1.g_reduce.u_next.$and$/home/danieltyukov/workspace/personal/tt-ihp-int8-npu/src/npu_csa_reduce.sv:53$1970_Y.
Removed top 1 bits (of 16) from wire tt_um_danieltyukov_int8_npu.$flatten\u_core.\u_array.\g_row[1].g_col[1].u_pe.\u_mul.\g_bw.g_wallace.u_tree.\genblk1.g_reduce.u_next.$or$/home/danieltyukov/workspace/personal/tt-ihp-int8-npu/src/npu_csa_reduce.sv:53$1969_Y.
Removed top 1 bits (of 16) from wire tt_um_danieltyukov_int8_npu.$flatten\u_core.\u_array.\g_row[1].g_col[1].u_pe.\u_mul.\g_bw.g_wallace.u_tree.\genblk1.g_reduce.u_next.\genblk1.g_reduce.u_next.$and$/home/danieltyukov/workspace/personal/tt-ihp-int8-npu/src/npu_csa_reduce.sv:53$1975_Y.
Removed top 1 bits (of 16) from wire tt_um_danieltyukov_int8_npu.$flatten\u_core.\u_array.\g_row[1].g_col[1].u_pe.\u_mul.\g_bw.g_wallace.u_tree.\genblk1.g_reduce.u_next.\genblk1.g_reduce.u_next.$and$/home/danieltyukov/workspace/personal/tt-ihp-int8-npu/src/npu_csa_reduce.sv:53$1976_Y.
Removed top 1 bits (of 16) from wire tt_um_danieltyukov_int8_npu.$flatten\u_core.\u_array.\g_row[1].g_col[1].u_pe.\u_mul.\g_bw.g_wallace.u_tree.\genblk1.g_reduce.u_next.\genblk1.g_reduce.u_next.$and$/home/danieltyukov/workspace/personal/tt-ihp-int8-npu/src/npu_csa_reduce.sv:53$1978_Y.
Removed top 1 bits (of 16) from wire tt_um_danieltyukov_int8_npu.$flatten\u_core.\u_array.\g_row[1].g_col[1].u_pe.\u_mul.\g_bw.g_wallace.u_tree.\genblk1.g_reduce.u_next.\genblk1.g_reduce.u_next.\genblk1.g_reduce.u_next.$and$/home/danieltyukov/workspace/personal/tt-ihp-int8-npu/src/npu_csa_reduce.sv:53$1826_Y.
Removed top 1 bits (of 45) from wire tt_um_danieltyukov_int8_npu.$flatten\u_core.\u_requant.$procmux$2408_Y.
Removed top 1 bits (of 2) from wire tt_um_danieltyukov_int8_npu.$flatten\u_core.\u_requant.$ternary$/home/danieltyukov/workspace/personal/tt-ihp-int8-npu/src/npu_requant.sv:168$1438_Y.

16.11. Executing PEEPOPT pass (run peephole optimizers).

16.12. Executing OPT_CLEAN pass (remove unused cells and wires).
Finding unused cells or wires in module \tt_um_danieltyukov_int8_npu..
Removed 0 unused cells and 66 unused wires.
<suppressed ~1 debug messages>

16.13. Executing ALUMACC pass (create $alu and $macc cells).
Extracting $alu and $macc cells in module tt_um_danieltyukov_int8_npu:
  creating $macc model for $flatten\u_core.$add$/home/danieltyukov/workspace/personal/tt-ihp-int8-npu/src/npu_core.sv:234$1038 ($add).
  creating $macc model for $flatten\u_core.$add$/home/danieltyukov/workspace/personal/tt-ihp-int8-npu/src/npu_core.sv:234$1051 ($add).
  creating $macc model for $flatten\u_core.$add$/home/danieltyukov/workspace/personal/tt-ihp-int8-npu/src/npu_core.sv:234$1064 ($add).
  creating $macc model for $flatten\u_core.$add$/home/danieltyukov/workspace/personal/tt-ihp-int8-npu/src/npu_core.sv:234$1077 ($add).
  creating $macc model for $flatten\u_core.$add$/home/danieltyukov/workspace/personal/tt-ihp-int8-npu/src/npu_core.sv:234$1090 ($add).
  creating $macc model for $flatten\u_core.$add$/home/danieltyukov/workspace/personal/tt-ihp-int8-npu/src/npu_core.sv:272$973 ($add).
  creating $macc model for $flatten\u_core.$add$/home/danieltyukov/workspace/personal/tt-ihp-int8-npu/src/npu_core.sv:298$1132 ($add).
  creating $macc model for $flatten\u_core.$add$/home/danieltyukov/workspace/personal/tt-ihp-int8-npu/src/npu_core.sv:348$982 ($add).
  creating $macc model for $flatten\u_core.$add$/home/danieltyukov/workspace/personal/tt-ihp-int8-npu/src/npu_core.sv:411$986 ($add).
  creating $macc model for $flatten\u_core.$add$/home/danieltyukov/workspace/personal/tt-ihp-int8-npu/src/npu_core.sv:468$996 ($add).
  creating $macc model for $flatten\u_core.$add$/home/danieltyukov/workspace/personal/tt-ihp-int8-npu/src/npu_core.sv:490$998 ($add).
  creating $macc model for $flatten\u_core.$add$/home/danieltyukov/workspace/personal/tt-ihp-int8-npu/src/npu_core.sv:492$999 ($add).
  creating $macc model for $flatten\u_core.$add$/home/danieltyukov/workspace/personal/tt-ihp-int8-npu/src/npu_core.sv:525$1003 ($add).
  creating $macc model for $flatten\u_core.$mul$/home/danieltyukov/workspace/personal/tt-ihp-int8-npu/src/npu_core.sv:234$1024 ($mul).
  creating $macc model for $flatten\u_core.$mul$/home/danieltyukov/workspace/personal/tt-ihp-int8-npu/src/npu_core.sv:234$1037 ($mul).
  creating $macc model for $flatten\u_core.$mul$/home/danieltyukov/workspace/personal/tt-ihp-int8-npu/src/npu_core.sv:234$1050 ($mul).
  creating $macc model for $flatten\u_core.$mul$/home/danieltyukov/workspace/personal/tt-ihp-int8-npu/src/npu_core.sv:234$1063 ($mul).
  creating $macc model for $flatten\u_core.$mul$/home/danieltyukov/workspace/personal/tt-ihp-int8-npu/src/npu_core.sv:234$1076 ($mul).
  creating $macc model for $flatten\u_core.$mul$/home/danieltyukov/workspace/personal/tt-ihp-int8-npu/src/npu_core.sv:234$1089 ($mul).
  creating $macc model for $flatten\u_core.$mul$/home/danieltyukov/workspace/personal/tt-ihp-int8-npu/src/npu_core.sv:299$1098 ($mul).
  creating $macc model for $flatten\u_core.$mul$/home/danieltyukov/workspace/personal/tt-ihp-int8-npu/src/npu_core.sv:299$1133 ($mul).
  creating $macc model for $flatten\u_core.$mul$/home/danieltyukov/workspace/personal/tt-ihp-int8-npu/src/npu_core.sv:342$974 ($mul).
  creating $macc model for $flatten\u_core.$mul$/home/danieltyukov/workspace/personal/tt-ihp-int8-npu/src/npu_core.sv:347$977 ($mul).
  creating $macc model for $flatten\u_core.$mul$/home/danieltyukov/workspace/personal/tt-ihp-int8-npu/src/npu_core.sv:527$1004 ($mul).
  creating $macc model for $flatten\u_core.$sub$/home/danieltyukov/workspace/personal/tt-ihp-int8-npu/src/npu_core.sv:226$1030 ($sub).
  creating $macc model for $flatten\u_core.$sub$/home/danieltyukov/workspace/personal/tt-ihp-int8-npu/src/npu_core.sv:226$1043 ($sub).
  creating $macc model for $flatten\u_core.$sub$/home/danieltyukov/workspace/personal/tt-ihp-int8-npu/src/npu_core.sv:226$1056 ($sub).
  creating $macc model for $flatten\u_core.$sub$/home/danieltyukov/workspace/personal/tt-ihp-int8-npu/src/npu_core.sv:226$1069 ($sub).
  creating $macc model for $flatten\u_core.$sub$/home/danieltyukov/workspace/personal/tt-ihp-int8-npu/src/npu_core.sv:226$1082 ($sub).
  creating $macc model for $flatten\u_core.\u_act.$add$/home/danieltyukov/workspace/personal/tt-ihp-int8-npu/src/npu_activation.sv:43$3 ($add).
  creating $macc model for $flatten\u_core.\u_act.$sub$/home/danieltyukov/workspace/personal/tt-ihp-int8-npu/src/npu_activation.sv:41$1 ($sub).
  creating $macc model for $flatten\u_core.\u_host.$add$/home/danieltyukov/workspace/personal/tt-ihp-int8-npu/src/npu_host_if.sv:197$1498 ($add).
  creating $macc model for $flatten\u_core.\u_host.$add$/home/danieltyukov/workspace/personal/tt-ihp-int8-npu/src/npu_host_if.sv:215$1499 ($add).
  creating $macc model for $flatten\u_core.\u_requant.$add$/home/danieltyukov/workspace/personal/tt-ihp-int8-npu/src/npu_requant.sv:157$1434 ($add).
  creating $macc model for $flatten\u_core.\u_requant.$sub$/home/danieltyukov/workspace/personal/tt-ihp-int8-npu/src/npu_requant.sv:167$1435 ($sub).
  creating $macc model for $flatten\u_core.\u_requant.$sub$/home/danieltyukov/workspace/personal/tt-ihp-int8-npu/src/npu_requant.sv:178$1444 ($sub).
  creating $macc model for $flatten\u_core.\u_requant.$sub$/home/danieltyukov/workspace/personal/tt-ihp-int8-npu/src/npu_requant.sv:184$1447 ($sub).
  creating $alu model for $macc $flatten\u_core.\u_requant.$sub$/home/danieltyukov/workspace/personal/tt-ihp-int8-npu/src/npu_requant.sv:184$1447.
  creating $alu model for $macc $flatten\u_core.\u_requant.$sub$/home/danieltyukov/workspace/personal/tt-ihp-int8-npu/src/npu_requant.sv:178$1444.
  creating $alu model for $macc $flatten\u_core.\u_requant.$sub$/home/danieltyukov/workspace/personal/tt-ihp-int8-npu/src/npu_requant.sv:167$1435.
  creating $alu model for $macc $flatten\u_core.\u_requant.$add$/home/danieltyukov/workspace/personal/tt-ihp-int8-npu/src/npu_requant.sv:157$1434.
  creating $alu model for $macc $flatten\u_core.\u_host.$add$/home/danieltyukov/workspace/personal/tt-ihp-int8-npu/src/npu_host_if.sv:215$1499.
  creating $alu model for $macc $flatten\u_core.\u_host.$add$/home/danieltyukov/workspace/personal/tt-ihp-int8-npu/src/npu_host_if.sv:197$1498.
  creating $alu model for $macc $flatten\u_core.\u_act.$sub$/home/danieltyukov/workspace/personal/tt-ihp-int8-npu/src/npu_activation.sv:41$1.
  creating $alu model for $macc $flatten\u_core.\u_act.$add$/home/danieltyukov/workspace/personal/tt-ihp-int8-npu/src/npu_activation.sv:43$3.
  creating $alu model for $macc $flatten\u_core.$sub$/home/danieltyukov/workspace/personal/tt-ihp-int8-npu/src/npu_core.sv:226$1082.
  creating $alu model for $macc $flatten\u_core.$sub$/home/danieltyukov/workspace/personal/tt-ihp-int8-npu/src/npu_core.sv:226$1069.
  creating $alu model for $macc $flatten\u_core.$sub$/home/danieltyukov/workspace/personal/tt-ihp-int8-npu/src/npu_core.sv:226$1056.
  creating $alu model for $macc $flatten\u_core.$sub$/home/danieltyukov/workspace/personal/tt-ihp-int8-npu/src/npu_core.sv:226$1043.
  creating $alu model for $macc $flatten\u_core.$sub$/home/danieltyukov/workspace/personal/tt-ihp-int8-npu/src/npu_core.sv:226$1030.
  creating $alu model for $macc $flatten\u_core.$add$/home/danieltyukov/workspace/personal/tt-ihp-int8-npu/src/npu_core.sv:525$1003.
  creating $alu model for $macc $flatten\u_core.$add$/home/danieltyukov/workspace/personal/tt-ihp-int8-npu/src/npu_core.sv:492$999.
  creating $alu model for $macc $flatten\u_core.$add$/home/danieltyukov/workspace/personal/tt-ihp-int8-npu/src/npu_core.sv:490$998.
  creating $alu model for $macc $flatten\u_core.$add$/home/danieltyukov/workspace/personal/tt-ihp-int8-npu/src/npu_core.sv:468$996.
  creating $alu model for $macc $flatten\u_core.$add$/home/danieltyukov/workspace/personal/tt-ihp-int8-npu/src/npu_core.sv:411$986.
  creating $alu model for $macc $flatten\u_core.$add$/home/danieltyukov/workspace/personal/tt-ihp-int8-npu/src/npu_core.sv:348$982.
  creating $alu model for $macc $flatten\u_core.$add$/home/danieltyukov/workspace/personal/tt-ihp-int8-npu/src/npu_core.sv:298$1132.
  creating $alu model for $macc $flatten\u_core.$add$/home/danieltyukov/workspace/personal/tt-ihp-int8-npu/src/npu_core.sv:272$973.
  creating $alu model for $macc $flatten\u_core.$add$/home/danieltyukov/workspace/personal/tt-ihp-int8-npu/src/npu_core.sv:234$1090.
  creating $alu model for $macc $flatten\u_core.$add$/home/danieltyukov/workspace/personal/tt-ihp-int8-npu/src/npu_core.sv:234$1077.
  creating $alu model for $macc $flatten\u_core.$add$/home/danieltyukov/workspace/personal/tt-ihp-int8-npu/src/npu_core.sv:234$1064.
  creating $alu model for $macc $flatten\u_core.$add$/home/danieltyukov/workspace/personal/tt-ihp-int8-npu/src/npu_core.sv:234$1051.
  creating $alu model for $macc $flatten\u_core.$add$/home/danieltyukov/workspace/personal/tt-ihp-int8-npu/src/npu_core.sv:234$1038.
  creating $macc cell for $flatten\u_core.$mul$/home/danieltyukov/workspace/personal/tt-ihp-int8-npu/src/npu_core.sv:342$974: $auto$alumacc.cc:365:replace_macc$3194
  creating $macc cell for $flatten\u_core.$mul$/home/danieltyukov/workspace/personal/tt-ihp-int8-npu/src/npu_core.sv:299$1133: $auto$alumacc.cc:365:replace_macc$3195
  creating $macc cell for $flatten\u_core.$mul$/home/danieltyukov/workspace/personal/tt-ihp-int8-npu/src/npu_core.sv:299$1098: $auto$alumacc.cc:365:replace_macc$3196
  creating $macc cell for $flatten\u_core.$mul$/home/danieltyukov/workspace/personal/tt-ihp-int8-npu/src/npu_core.sv:234$1089: $auto$alumacc.cc:365:replace_macc$3197
  creating $macc cell for $flatten\u_core.$mul$/home/danieltyukov/workspace/personal/tt-ihp-int8-npu/src/npu_core.sv:234$1076: $auto$alumacc.cc:365:replace_macc$3198
  creating $macc cell for $flatten\u_core.$mul$/home/danieltyukov/workspace/personal/tt-ihp-int8-npu/src/npu_core.sv:234$1063: $auto$alumacc.cc:365:replace_macc$3199
  creating $macc cell for $flatten\u_core.$mul$/home/danieltyukov/workspace/personal/tt-ihp-int8-npu/src/npu_core.sv:234$1050: $auto$alumacc.cc:365:replace_macc$3200
  creating $macc cell for $flatten\u_core.$mul$/home/danieltyukov/workspace/personal/tt-ihp-int8-npu/src/npu_core.sv:234$1037: $auto$alumacc.cc:365:replace_macc$3201
  creating $macc cell for $flatten\u_core.$mul$/home/danieltyukov/workspace/personal/tt-ihp-int8-npu/src/npu_core.sv:234$1024: $auto$alumacc.cc:365:replace_macc$3202
  creating $macc cell for $flatten\u_core.$mul$/home/danieltyukov/workspace/personal/tt-ihp-int8-npu/src/npu_core.sv:527$1004: $auto$alumacc.cc:365:replace_macc$3203
  creating $macc cell for $flatten\u_core.$mul$/home/danieltyukov/workspace/personal/tt-ihp-int8-npu/src/npu_core.sv:347$977: $auto$alumacc.cc:365:replace_macc$3204
  creating $alu model for $flatten\u_core.$ge$/home/danieltyukov/workspace/personal/tt-ihp-int8-npu/src/npu_core.sv:231$1032 ($ge): new $alu
  creating $alu model for $flatten\u_core.$ge$/home/danieltyukov/workspace/personal/tt-ihp-int8-npu/src/npu_core.sv:231$1045 ($ge): new $alu
  creating $alu model for $flatten\u_core.$ge$/home/danieltyukov/workspace/personal/tt-ihp-int8-npu/src/npu_core.sv:231$1058 ($ge): new $alu
  creating $alu model for $flatten\u_core.$ge$/home/danieltyukov/workspace/personal/tt-ihp-int8-npu/src/npu_core.sv:231$1071 ($ge): new $alu
  creating $alu model for $flatten\u_core.$ge$/home/danieltyukov/workspace/personal/tt-ihp-int8-npu/src/npu_core.sv:231$1084 ($ge): new $alu
  creating $alu model for $flatten\u_core.$le$/home/danieltyukov/workspace/personal/tt-ihp-int8-npu/src/npu_core.sv:229$1021 ($le): new $alu
  creating $alu model for $flatten\u_core.$le$/home/danieltyukov/workspace/personal/tt-ihp-int8-npu/src/npu_core.sv:231$1034 ($le): new $alu
  creating $alu model for $flatten\u_core.$le$/home/danieltyukov/workspace/personal/tt-ihp-int8-npu/src/npu_core.sv:231$1047 ($le): new $alu
  creating $alu model for $flatten\u_core.$le$/home/danieltyukov/workspace/personal/tt-ihp-int8-npu/src/npu_core.sv:231$1060 ($le): new $alu
  creating $alu model for $flatten\u_core.$le$/home/danieltyukov/workspace/personal/tt-ihp-int8-npu/src/npu_core.sv:231$1073 ($le): new $alu
  creating $alu model for $flatten\u_core.$le$/home/danieltyukov/workspace/personal/tt-ihp-int8-npu/src/npu_core.sv:231$1086 ($le): new $alu
  creating $alu model for $flatten\u_core.$lt$/home/danieltyukov/workspace/personal/tt-ihp-int8-npu/src/npu_core.sv:530$1007 ($lt): new $alu
  creating $alu model for $flatten\u_core.\u_act.$ge$/home/danieltyukov/workspace/personal/tt-ihp-int8-npu/src/npu_activation.sv:48$9 ($ge): new $alu
  creating $alu model for $flatten\u_core.\u_act.$gt$/home/danieltyukov/workspace/personal/tt-ihp-int8-npu/src/npu_activation.sv:44$4 ($gt): new $alu
  creating $alu model for $flatten\u_core.\u_act.$gt$/home/danieltyukov/workspace/personal/tt-ihp-int8-npu/src/npu_activation.sv:56$19 ($gt): new $alu
  creating $alu model for $flatten\u_core.\u_act.$lt$/home/danieltyukov/workspace/personal/tt-ihp-int8-npu/src/npu_activation.sv:45$5 ($lt): new $alu
  creating $alu model for $flatten\u_core.\u_act.$lt$/home/danieltyukov/workspace/personal/tt-ihp-int8-npu/src/npu_activation.sv:56$18 ($lt): new $alu
  creating $alu model for $flatten\u_core.\u_host.$ge$/home/danieltyukov/workspace/personal/tt-ihp-int8-npu/src/npu_host_if.sv:193$1497 ($ge): new $alu
  creating $alu model for $flatten\u_core.\u_requant.$ge$/home/danieltyukov/workspace/personal/tt-ihp-int8-npu/src/npu_requant.sv:174$1439 ($ge): new $alu
  creating $alu model for $flatten\u_core.\u_requant.$gt$/home/danieltyukov/workspace/personal/tt-ihp-int8-npu/src/npu_requant.sv:130$1428 ($gt): new $alu
  creating $alu model for $flatten\u_core.\u_requant.$lt$/home/danieltyukov/workspace/personal/tt-ihp-int8-npu/src/npu_requant.sv:131$1429 ($lt): new $alu
  creating $alu model for $flatten\u_core.\u_requant.$eq$/home/danieltyukov/workspace/personal/tt-ihp-int8-npu/src/npu_requant.sv:179$1445 ($eq): merged with $flatten\u_core.\u_requant.$ge$/home/danieltyukov/workspace/personal/tt-ihp-int8-npu/src/npu_requant.sv:174$1439.
  creating $alu cell for $flatten\u_core.\u_requant.$lt$/home/danieltyukov/workspace/personal/tt-ihp-int8-npu/src/npu_requant.sv:131$1429: $auto$alumacc.cc:485:replace_alu$3226
  creating $alu cell for $flatten\u_core.\u_requant.$gt$/home/danieltyukov/workspace/personal/tt-ihp-int8-npu/src/npu_requant.sv:130$1428: $auto$alumacc.cc:485:replace_alu$3239
  creating $alu cell for $flatten\u_core.\u_requant.$ge$/home/danieltyukov/workspace/personal/tt-ihp-int8-npu/src/npu_requant.sv:174$1439, $flatten\u_core.\u_requant.$eq$/home/danieltyukov/workspace/personal/tt-ihp-int8-npu/src/npu_requant.sv:179$1445: $auto$alumacc.cc:485:replace_alu$3246
  creating $alu cell for $flatten\u_core.\u_host.$ge$/home/danieltyukov/workspace/personal/tt-ihp-int8-npu/src/npu_host_if.sv:193$1497: $auto$alumacc.cc:485:replace_alu$3255
  creating $alu cell for $flatten\u_core.\u_act.$lt$/home/danieltyukov/workspace/personal/tt-ihp-int8-npu/src/npu_activation.sv:56$18: $auto$alumacc.cc:485:replace_alu$3264
  creating $alu cell for $flatten\u_core.\u_act.$lt$/home/danieltyukov/workspace/personal/tt-ihp-int8-npu/src/npu_activation.sv:45$5: $auto$alumacc.cc:485:replace_alu$3271
  creating $alu cell for $flatten\u_core.\u_act.$gt$/home/danieltyukov/workspace/personal/tt-ihp-int8-npu/src/npu_activation.sv:56$19: $auto$alumacc.cc:485:replace_alu$3284
  creating $alu cell for $flatten\u_core.\u_act.$gt$/home/danieltyukov/workspace/personal/tt-ihp-int8-npu/src/npu_activation.sv:44$4: $auto$alumacc.cc:485:replace_alu$3297
  creating $alu cell for $flatten\u_core.\u_act.$ge$/home/danieltyukov/workspace/personal/tt-ihp-int8-npu/src/npu_activation.sv:48$9: $auto$alumacc.cc:485:replace_alu$3304
  creating $alu cell for $flatten\u_core.$lt$/home/danieltyukov/workspace/personal/tt-ihp-int8-npu/src/npu_core.sv:530$1007: $auto$alumacc.cc:485:replace_alu$3315
  creating $alu cell for $flatten\u_core.$le$/home/danieltyukov/workspace/personal/tt-ihp-int8-npu/src/npu_core.sv:231$1086: $auto$alumacc.cc:485:replace_alu$3326
  creating $alu cell for $flatten\u_core.$le$/home/danieltyukov/workspace/personal/tt-ihp-int8-npu/src/npu_core.sv:231$1073: $auto$alumacc.cc:485:replace_alu$3339
  creating $alu cell for $flatten\u_core.$le$/home/danieltyukov/workspace/personal/tt-ihp-int8-npu/src/npu_core.sv:231$1060: $auto$alumacc.cc:485:replace_alu$3352
  creating $alu cell for $flatten\u_core.$le$/home/danieltyukov/workspace/personal/tt-ihp-int8-npu/src/npu_core.sv:231$1047: $auto$alumacc.cc:485:replace_alu$3365
  creating $alu cell for $flatten\u_core.$le$/home/danieltyukov/workspace/personal/tt-ihp-int8-npu/src/npu_core.sv:231$1034: $auto$alumacc.cc:485:replace_alu$3378
  creating $alu cell for $flatten\u_core.$le$/home/danieltyukov/workspace/personal/tt-ihp-int8-npu/src/npu_core.sv:229$1021: $auto$alumacc.cc:485:replace_alu$3391
  creating $alu cell for $flatten\u_core.$ge$/home/danieltyukov/workspace/personal/tt-ihp-int8-npu/src/npu_core.sv:231$1084: $auto$alumacc.cc:485:replace_alu$3404
  creating $alu cell for $flatten\u_core.$ge$/home/danieltyukov/workspace/personal/tt-ihp-int8-npu/src/npu_core.sv:231$1071: $auto$alumacc.cc:485:replace_alu$3413
  creating $alu cell for $flatten\u_core.$ge$/home/danieltyukov/workspace/personal/tt-ihp-int8-npu/src/npu_core.sv:231$1058: $auto$alumacc.cc:485:replace_alu$3422
  creating $alu cell for $flatten\u_core.$ge$/home/danieltyukov/workspace/personal/tt-ihp-int8-npu/src/npu_core.sv:231$1045: $auto$alumacc.cc:485:replace_alu$3431
  creating $alu cell for $flatten\u_core.$add$/home/danieltyukov/workspace/personal/tt-ihp-int8-npu/src/npu_core.sv:234$1038: $auto$alumacc.cc:485:replace_alu$3440
  creating $alu cell for $flatten\u_core.$add$/home/danieltyukov/workspace/personal/tt-ihp-int8-npu/src/npu_core.sv:234$1051: $auto$alumacc.cc:485:replace_alu$3443
  creating $alu cell for $flatten\u_core.$add$/home/danieltyukov/workspace/personal/tt-ihp-int8-npu/src/npu_core.sv:234$1064: $auto$alumacc.cc:485:replace_alu$3446
  creating $alu cell for $flatten\u_core.$add$/home/danieltyukov/workspace/personal/tt-ihp-int8-npu/src/npu_core.sv:234$1077: $auto$alumacc.cc:485:replace_alu$3449
  creating $alu cell for $flatten\u_core.$add$/home/danieltyukov/workspace/personal/tt-ihp-int8-npu/src/npu_core.sv:234$1090: $auto$alumacc.cc:485:replace_alu$3452
  creating $alu cell for $flatten\u_core.$add$/home/danieltyukov/workspace/personal/tt-ihp-int8-npu/src/npu_core.sv:272$973: $auto$alumacc.cc:485:replace_alu$3455
  creating $alu cell for $flatten\u_core.$add$/home/danieltyukov/workspace/personal/tt-ihp-int8-npu/src/npu_core.sv:298$1132: $auto$alumacc.cc:485:replace_alu$3458
  creating $alu cell for $flatten\u_core.$add$/home/danieltyukov/workspace/personal/tt-ihp-int8-npu/src/npu_core.sv:348$982: $auto$alumacc.cc:485:replace_alu$3461
  creating $alu cell for $flatten\u_core.$add$/home/danieltyukov/workspace/personal/tt-ihp-int8-npu/src/npu_core.sv:411$986: $auto$alumacc.cc:485:replace_alu$3464
  creating $alu cell for $flatten\u_core.$ge$/home/danieltyukov/workspace/personal/tt-ihp-int8-npu/src/npu_core.sv:231$1032: $auto$alumacc.cc:485:replace_alu$3467
  creating $alu cell for $flatten\u_core.$add$/home/danieltyukov/workspace/personal/tt-ihp-int8-npu/src/npu_core.sv:468$996: $auto$alumacc.cc:485:replace_alu$3476
  creating $alu cell for $flatten\u_core.$add$/home/danieltyukov/workspace/personal/tt-ihp-int8-npu/src/npu_core.sv:490$998: $auto$alumacc.cc:485:replace_alu$3479
  creating $alu cell for $flatten\u_core.$add$/home/danieltyukov/workspace/personal/tt-ihp-int8-npu/src/npu_core.sv:492$999: $auto$alumacc.cc:485:replace_alu$3482
  creating $alu cell for $flatten\u_core.$add$/home/danieltyukov/workspace/personal/tt-ihp-int8-npu/src/npu_core.sv:525$1003: $auto$alumacc.cc:485:replace_alu$3485
  creating $alu cell for $flatten\u_core.$sub$/home/danieltyukov/workspace/personal/tt-ihp-int8-npu/src/npu_core.sv:226$1030: $auto$alumacc.cc:485:replace_alu$3488
  creating $alu cell for $flatten\u_core.$sub$/home/danieltyukov/workspace/personal/tt-ihp-int8-npu/src/npu_core.sv:226$1043: $auto$alumacc.cc:485:replace_alu$3491
  creating $alu cell for $flatten\u_core.$sub$/home/danieltyukov/workspace/personal/tt-ihp-int8-npu/src/npu_core.sv:226$1056: $auto$alumacc.cc:485:replace_alu$3494
  creating $alu cell for $flatten\u_core.$sub$/home/danieltyukov/workspace/personal/tt-ihp-int8-npu/src/npu_core.sv:226$1069: $auto$alumacc.cc:485:replace_alu$3497
  creating $alu cell for $flatten\u_core.$sub$/home/danieltyukov/workspace/personal/tt-ihp-int8-npu/src/npu_core.sv:226$1082: $auto$alumacc.cc:485:replace_alu$3500
  creating $alu cell for $flatten\u_core.\u_act.$add$/home/danieltyukov/workspace/personal/tt-ihp-int8-npu/src/npu_activation.sv:43$3: $auto$alumacc.cc:485:replace_alu$3503
  creating $alu cell for $flatten\u_core.\u_act.$sub$/home/danieltyukov/workspace/personal/tt-ihp-int8-npu/src/npu_activation.sv:41$1: $auto$alumacc.cc:485:replace_alu$3506
  creating $alu cell for $flatten\u_core.\u_host.$add$/home/danieltyukov/workspace/personal/tt-ihp-int8-npu/src/npu_host_if.sv:197$1498: $auto$alumacc.cc:485:replace_alu$3509
  creating $alu cell for $flatten\u_core.\u_host.$add$/home/danieltyukov/workspace/personal/tt-ihp-int8-npu/src/npu_host_if.sv:215$1499: $auto$alumacc.cc:485:replace_alu$3512
  creating $alu cell for $flatten\u_core.\u_requant.$add$/home/danieltyukov/workspace/personal/tt-ihp-int8-npu/src/npu_requant.sv:157$1434: $auto$alumacc.cc:485:replace_alu$3515
  creating $alu cell for $flatten\u_core.\u_requant.$sub$/home/danieltyukov/workspace/personal/tt-ihp-int8-npu/src/npu_requant.sv:167$1435: $auto$alumacc.cc:485:replace_alu$3518
  creating $alu cell for $flatten\u_core.\u_requant.$sub$/home/danieltyukov/workspace/personal/tt-ihp-int8-npu/src/npu_requant.sv:178$1444: $auto$alumacc.cc:485:replace_alu$3521
  creating $alu cell for $flatten\u_core.\u_requant.$sub$/home/danieltyukov/workspace/personal/tt-ihp-int8-npu/src/npu_requant.sv:184$1447: $auto$alumacc.cc:485:replace_alu$3524
  created 47 $alu and 11 $macc cells.

16.14. Executing SHARE pass (SAT-based resource sharing).
Found 2 cells in module tt_um_danieltyukov_int8_npu that may be considered for resource sharing.
  Analyzing resource sharing options for $flatten\u_core.\u_host.$auto$mem.cc:273:emit$1983 ($memrd_v2):
    Found 1 activation_patterns using ctrl signal { $flatten\u_core.\u_host.$logic_and$/home/danieltyukov/workspace/personal/tt-ihp-int8-npu/src/npu_host_if.sv:160$1479_Y $flatten\u_core.\u_host.$logic_and$/home/danieltyukov/workspace/personal/tt-ihp-int8-npu/src/npu_host_if.sv:156$1472_Y }.
    No candidates found.
  Analyzing resource sharing options for $flatten\u_core.\u_act.$sshr$/home/danieltyukov/workspace/personal/tt-ihp-int8-npu/src/npu_activation.sv:42$2 ($sshr):
    Found 72 activation_patterns using ctrl signal { \u_core.g_res[0].wen \u_core.g_res[1].wen \u_core.g_res[2].wen \u_core.g_res[3].wen \u_core.g_res[4].wen \u_core.g_res[5].wen \u_core.g_res[6].wen \u_core.g_res[7].wen $auto$rtlil.cc:2433:Xor$3303 $auto$rtlil.cc:2401:Not$3296 $auto$rtlil.cc:2405:ReduceOr$3314 $auto$rtlil.cc:2401:Not$3283 \u_core.u_host.soft_rst $auto$rtlil.cc:2433:Xor$3270 $flatten\u_core.\u_act.$eq$/home/danieltyukov/workspace/personal/tt-ihp-int8-npu/src/npu_activation.sv:48$8_Y }.
    No candidates found.

16.15. Executing OPT pass (performing simple optimizations).

16.15.1. Executing OPT_EXPR pass (perform const folding).
Optimizing module tt_um_danieltyukov_int8_npu.
<suppressed ~5 debug messages>

16.15.2. Executing OPT_MERGE pass (detect identical cells).
Finding identical cells in module `\tt_um_danieltyukov_int8_npu'.
<suppressed ~3 debug messages>
Removed a total of 1 cells.

16.15.3. Executing OPT_MUXTREE pass (detect dead branches in mux trees).
Running muxtree optimizer on module \tt_um_danieltyukov_int8_npu..
  Creating internal representation of mux trees.
  Evaluating internal representation of mux trees.
  Analyzing evaluation results.
Removed 0 multiplexer ports.
<suppressed ~86 debug messages>

16.15.4. Executing OPT_REDUCE pass (consolidate $*mux and $reduce_* inputs).
  Optimizing cells in module \tt_um_danieltyukov_int8_npu.
Performed a total of 0 changes.

16.15.5. Executing OPT_MERGE pass (detect identical cells).
Finding identical cells in module `\tt_um_danieltyukov_int8_npu'.
Removed a total of 0 cells.

16.15.6. Executing OPT_DFF pass (perform DFF optimizations).

16.15.7. Executing OPT_CLEAN pass (remove unused cells and wires).
Finding unused cells or wires in module \tt_um_danieltyukov_int8_npu..
Removed 3 unused cells and 26 unused wires.
<suppressed ~5 debug messages>

16.15.8. Executing OPT_EXPR pass (perform const folding).
Optimizing module tt_um_danieltyukov_int8_npu.

16.15.9. Rerunning OPT passes. (Maybe there is more to do..)

16.15.10. Executing OPT_MUXTREE pass (detect dead branches in mux trees).
Running muxtree optimizer on module \tt_um_danieltyukov_int8_npu..
  Creating internal representation of mux trees.
  Evaluating internal representation of mux trees.
  Analyzing evaluation results.
Removed 0 multiplexer ports.
<suppressed ~86 debug messages>

16.15.11. Executing OPT_REDUCE pass (consolidate $*mux and $reduce_* inputs).
  Optimizing cells in module \tt_um_danieltyukov_int8_npu.
Performed a total of 0 changes.

16.15.12. Executing OPT_MERGE pass (detect identical cells).
Finding identical cells in module `\tt_um_danieltyukov_int8_npu'.
Removed a total of 0 cells.

16.15.13. Executing OPT_DFF pass (perform DFF optimizations).

16.15.14. Executing OPT_CLEAN pass (remove unused cells and wires).
Finding unused cells or wires in module \tt_um_danieltyukov_int8_npu..

16.15.15. Executing OPT_EXPR pass (perform const folding).
Optimizing module tt_um_danieltyukov_int8_npu.

16.15.16. Finished OPT passes. (There is nothing left to do.)

16.16. Executing MEMORY pass.

16.16.1. Executing OPT_MEM pass (optimize memories).
Performed a total of 0 transformations.

16.16.2. Executing OPT_MEM_PRIORITY pass (removing unnecessary memory write priority relations).
Performed a total of 0 transformations.

16.16.3. Executing OPT_MEM_FEEDBACK pass (finding memory read-to-write feedback paths).

16.16.4. Executing MEMORY_BMUX2ROM pass (converting muxes to ROMs).

16.16.5. Executing MEMORY_DFF pass (merging $dff cells to $memrd).
Checking read port `$flatten\u_core.\u_host.$auto$proc_rom.cc:150:do_switch$1982'[0] in module `\tt_um_danieltyukov_int8_npu': no output FF found.
Checking read port address `$flatten\u_core.\u_host.$auto$proc_rom.cc:150:do_switch$1982'[0] in module `\tt_um_danieltyukov_int8_npu': no address FF found.

16.16.6. Executing OPT_CLEAN pass (remove unused cells and wires).
Finding unused cells or wires in module \tt_um_danieltyukov_int8_npu..

16.16.7. Executing MEMORY_SHARE pass (consolidating $memrd/$memwr cells).

16.16.8. Executing OPT_MEM_WIDEN pass (optimize memories where all ports are wide).
Performed a total of 0 transformations.

16.16.9. Executing OPT_CLEAN pass (remove unused cells and wires).
Finding unused cells or wires in module \tt_um_danieltyukov_int8_npu..

16.16.10. Executing MEMORY_COLLECT pass (generating $mem cells).

16.17. Executing OPT_CLEAN pass (remove unused cells and wires).
Finding unused cells or wires in module \tt_um_danieltyukov_int8_npu..

16.18. Executing OPT pass (performing simple optimizations).

16.18.1. Executing OPT_EXPR pass (perform const folding).
Optimizing module tt_um_danieltyukov_int8_npu.
<suppressed ~11848 debug messages>

16.18.2. Executing OPT_MERGE pass (detect identical cells).
Finding identical cells in module `\tt_um_danieltyukov_int8_npu'.
<suppressed ~54 debug messages>
Removed a total of 18 cells.

16.18.3. Executing OPT_DFF pass (perform DFF optimizations).
Adding EN signal on $auto$ff.cc:266:slice$2872 ($adffe) from module tt_um_danieltyukov_int8_npu (D = $flatten\u_core.\u_requant.$0\shcnt[5:0] [1:0], Q = \u_core.u_requant.shcnt [1:0]).

16.18.4. Executing OPT_CLEAN pass (remove unused cells and wires).
Finding unused cells or wires in module \tt_um_danieltyukov_int8_npu..
Removed 90 unused cells and 3579 unused wires.
<suppressed ~92 debug messages>

16.18.5. Rerunning OPT passes. (Removed registers in this run.)

16.18.6. Executing OPT_EXPR pass (perform const folding).
Optimizing module tt_um_danieltyukov_int8_npu.
<suppressed ~76 debug messages>

16.18.7. Executing OPT_MERGE pass (detect identical cells).
Finding identical cells in module `\tt_um_danieltyukov_int8_npu'.
Removed a total of 0 cells.

16.18.8. Executing OPT_DFF pass (perform DFF optimizations).

16.18.9. Executing OPT_CLEAN pass (remove unused cells and wires).
Finding unused cells or wires in module \tt_um_danieltyukov_int8_npu..

16.18.10. Finished fast OPT passes.

16.19. Executing MEMORY_MAP pass (converting memories to logic and flip-flops).
Mapping memory $flatten\u_core.\u_host.$auto$proc_rom.cc:150:do_switch$1982 in module \tt_um_danieltyukov_int8_npu:
  created 16 $dff cells and 0 static cells of width 1.
  read interface: 0 $dff and 15 $mux cells.
  write interface: 0 write mux blocks.

16.20. Executing OPT pass (performing simple optimizations).

16.20.1. Executing OPT_EXPR pass (perform const folding).
Optimizing module tt_um_danieltyukov_int8_npu.
<suppressed ~9 debug messages>

16.20.2. Executing OPT_MERGE pass (detect identical cells).
Finding identical cells in module `\tt_um_danieltyukov_int8_npu'.
Removed a total of 0 cells.

16.20.3. Executing OPT_MUXTREE pass (detect dead branches in mux trees).
Running muxtree optimizer on module \tt_um_danieltyukov_int8_npu..
  Creating internal representation of mux trees.
  Evaluating internal representation of mux trees.
  Analyzing evaluation results.
Removed 0 multiplexer ports.
<suppressed ~73 debug messages>

16.20.4. Executing OPT_REDUCE pass (consolidate $*mux and $reduce_* inputs).
  Optimizing cells in module \tt_um_danieltyukov_int8_npu.
    New input vector for $reduce_and cell $auto$opt_dff.cc:220:make_patterns_logic$9374: { $auto$opt_dff.cc:194:make_patterns_logic$2861 $auto$opt_dff.cc:194:make_patterns_logic$2859 $auto$opt_dff.cc:194:make_patterns_logic$9371 }
    Consolidated identical input bits for $mux cell $flatten\u_core.$ternary$/home/danieltyukov/workspace/personal/tt-ihp-int8-npu/src/npu_core.sv:322$1103:
      Old ports: A=24'011111111111111111111111, B=24'100000000000000000000000, Y=$flatten\u_core.$ternary$/home/danieltyukov/workspace/personal/tt-ihp-int8-npu/src/npu_core.sv:322$1103_Y
      New ports: A=2'01, B=2'10, Y={ $flatten\u_core.$ternary$/home/danieltyukov/workspace/personal/tt-ihp-int8-npu/src/npu_core.sv:322$1103_Y [23] $flatten\u_core.$ternary$/home/danieltyukov/workspace/personal/tt-ihp-int8-npu/src/npu_core.sv:322$1103_Y [0] }
      New connections: $flatten\u_core.$ternary$/home/danieltyukov/workspace/personal/tt-ihp-int8-npu/src/npu_core.sv:322$1103_Y [22:1] = { $flatten\u_core.$ternary$/home/danieltyukov/workspace/personal/tt-ihp-int8-npu/src/npu_core.sv:322$1103_Y [0] $flatten\u_core.$ternary$/home/danieltyukov/workspace/personal/tt-ihp-int8-npu/src/npu_core.sv:322$1103_Y [0] $flatten\u_core.$ternary$/home/danieltyukov/workspace/personal/tt-ihp-int8-npu/src/npu_core.sv:322$1103_Y [0] $flatten\u_core.$ternary$/home/danieltyukov/workspace/personal/tt-ihp-int8-npu/src/npu_core.sv:322$1103_Y [0] $flatten\u_core.$ternary$/home/danieltyukov/workspace/personal/tt-ihp-int8-npu/src/npu_core.sv:322$1103_Y [0] $flatten\u_core.$ternary$/home/danieltyukov/workspace/personal/tt-ihp-int8-npu/src/npu_core.sv:322$1103_Y [0] $flatten\u_core.$ternary$/home/danieltyukov/workspace/personal/tt-ihp-int8-npu/src/npu_core.sv:322$1103_Y [0] $flatten\u_core.$ternary$/home/danieltyukov/workspace/personal/tt-ihp-int8-npu/src/npu_core.sv:322$1103_Y [0] $flatten\u_core.$ternary$/home/danieltyukov/workspace/personal/tt-ihp-int8-npu/src/npu_core.sv:322$1103_Y [0] $flatten\u_core.$ternary$/home/danieltyukov/workspace/personal/tt-ihp-int8-npu/src/npu_core.sv:322$1103_Y [0] $flatten\u_core.$ternary$/home/danieltyukov/workspace/personal/tt-ihp-int8-npu/src/npu_core.sv:322$1103_Y [0] $flatten\u_core.$ternary$/home/danieltyukov/workspace/personal/tt-ihp-int8-npu/src/npu_core.sv:322$1103_Y [0] $flatten\u_core.$ternary$/home/danieltyukov/workspace/personal/tt-ihp-int8-npu/src/npu_core.sv:322$1103_Y [0] $flatten\u_core.$ternary$/home/danieltyukov/workspace/personal/tt-ihp-int8-npu/src/npu_core.sv:322$1103_Y [0] $flatten\u_core.$ternary$/home/danieltyukov/workspace/personal/tt-ihp-int8-npu/src/npu_core.sv:322$1103_Y [0] $flatten\u_core.$ternary$/home/danieltyukov/workspace/personal/tt-ihp-int8-npu/src/npu_core.sv:322$1103_Y [0] $flatten\u_core.$ternary$/home/danieltyukov/workspace/personal/tt-ihp-int8-npu/src/npu_core.sv:322$1103_Y [0] $flatten\u_core.$ternary$/home/danieltyukov/workspace/personal/tt-ihp-int8-npu/src/npu_core.sv:322$1103_Y [0] $flatten\u_core.$ternary$/home/danieltyukov/workspace/personal/tt-ihp-int8-npu/src/npu_core.sv:322$1103_Y [0] $flatten\u_core.$ternary$/home/danieltyukov/workspace/personal/tt-ihp-int8-npu/src/npu_core.sv:322$1103_Y [0] $flatten\u_core.$ternary$/home/danieltyukov/workspace/personal/tt-ihp-int8-npu/src/npu_core.sv:322$1103_Y [0] $flatten\u_core.$ternary$/home/danieltyukov/workspace/personal/tt-ihp-int8-npu/src/npu_core.sv:322$1103_Y [0] }
    Consolidated identical input bits for $mux cell $flatten\u_core.$ternary$/home/danieltyukov/workspace/personal/tt-ihp-int8-npu/src/npu_core.sv:322$1138:
      Old ports: A=24'011111111111111111111111, B=24'100000000000000000000000, Y=$flatten\u_core.$ternary$/home/danieltyukov/workspace/personal/tt-ihp-int8-npu/src/npu_core.sv:322$1138_Y
      New ports: A=2'01, B=2'10, Y={ $flatten\u_core.$ternary$/home/danieltyukov/workspace/personal/tt-ihp-int8-npu/src/npu_core.sv:322$1138_Y [23] $flatten\u_core.$ternary$/home/danieltyukov/workspace/personal/tt-ihp-int8-npu/src/npu_core.sv:322$1138_Y [0] }
      New connections: $flatten\u_core.$ternary$/home/danieltyukov/workspace/personal/tt-ihp-int8-npu/src/npu_core.sv:322$1138_Y [22:1] = { $flatten\u_core.$ternary$/home/danieltyukov/workspace/personal/tt-ihp-int8-npu/src/npu_core.sv:322$1138_Y [0] $flatten\u_core.$ternary$/home/danieltyukov/workspace/personal/tt-ihp-int8-npu/src/npu_core.sv:322$1138_Y [0] $flatten\u_core.$ternary$/home/danieltyukov/workspace/personal/tt-ihp-int8-npu/src/npu_core.sv:322$1138_Y [0] $flatten\u_core.$ternary$/home/danieltyukov/workspace/personal/tt-ihp-int8-npu/src/npu_core.sv:322$1138_Y [0] $flatten\u_core.$ternary$/home/danieltyukov/workspace/personal/tt-ihp-int8-npu/src/npu_core.sv:322$1138_Y [0] $flatten\u_core.$ternary$/home/danieltyukov/workspace/personal/tt-ihp-int8-npu/src/npu_core.sv:322$1138_Y [0] $flatten\u_core.$ternary$/home/danieltyukov/workspace/personal/tt-ihp-int8-npu/src/npu_core.sv:322$1138_Y [0] $flatten\u_core.$ternary$/home/danieltyukov/workspace/personal/tt-ihp-int8-npu/src/npu_core.sv:322$1138_Y [0] $flatten\u_core.$ternary$/home/danieltyukov/workspace/personal/tt-ihp-int8-npu/src/npu_core.sv:322$1138_Y [0] $flatten\u_core.$ternary$/home/danieltyukov/workspace/personal/tt-ihp-int8-npu/src/npu_core.sv:322$1138_Y [0] $flatten\u_core.$ternary$/home/danieltyukov/workspace/personal/tt-ihp-int8-npu/src/npu_core.sv:322$1138_Y [0] $flatten\u_core.$ternary$/home/danieltyukov/workspace/personal/tt-ihp-int8-npu/src/npu_core.sv:322$1138_Y [0] $flatten\u_core.$ternary$/home/danieltyukov/workspace/personal/tt-ihp-int8-npu/src/npu_core.sv:322$1138_Y [0] $flatten\u_core.$ternary$/home/danieltyukov/workspace/personal/tt-ihp-int8-npu/src/npu_core.sv:322$1138_Y [0] $flatten\u_core.$ternary$/home/danieltyukov/workspace/personal/tt-ihp-int8-npu/src/npu_core.sv:322$1138_Y [0] $flatten\u_core.$ternary$/home/danieltyukov/workspace/personal/tt-ihp-int8-npu/src/npu_core.sv:322$1138_Y [0] $flatten\u_core.$ternary$/home/danieltyukov/workspace/personal/tt-ihp-int8-npu/src/npu_core.sv:322$1138_Y [0] $flatten\u_core.$ternary$/home/danieltyukov/workspace/personal/tt-ihp-int8-npu/src/npu_core.sv:322$1138_Y [0] $flatten\u_core.$ternary$/home/danieltyukov/workspace/personal/tt-ihp-int8-npu/src/npu_core.sv:322$1138_Y [0] $flatten\u_core.$ternary$/home/danieltyukov/workspace/personal/tt-ihp-int8-npu/src/npu_core.sv:322$1138_Y [0] $flatten\u_core.$ternary$/home/danieltyukov/workspace/personal/tt-ihp-int8-npu/src/npu_core.sv:322$1138_Y [0] $flatten\u_core.$ternary$/home/danieltyukov/workspace/personal/tt-ihp-int8-npu/src/npu_core.sv:322$1138_Y [0] }
    Consolidated identical input bits for $mux cell $flatten\u_core.\u_host.$procmux$2285:
      Old ports: A=2'01, B=2'11, Y=$flatten\u_core.\u_host.$procmux$2285_Y
      New ports: A=1'0, B=1'1, Y=$flatten\u_core.\u_host.$procmux$2285_Y [1]
      New connections: $flatten\u_core.\u_host.$procmux$2285_Y [0] = 1'1
    Consolidated identical input bits for $mux cell $flatten\u_core.\u_requant.$ternary$/home/danieltyukov/workspace/personal/tt-ihp-int8-npu/src/npu_requant.sv:98$1417:
      Old ports: A=26'00000000000000000000000000, B={ \u_core.acc_req_val [23] \u_core.acc_req_val [23] \u_core.acc_req_val }, Y=$flatten\u_core.\u_requant.$ternary$/home/danieltyukov/workspace/personal/tt-ihp-int8-npu/src/npu_requant.sv:98$1417_Y
      New ports: A=24'000000000000000000000000, B=\u_core.acc_req_val, Y=$flatten\u_core.\u_requant.$ternary$/home/danieltyukov/workspace/personal/tt-ihp-int8-npu/src/npu_requant.sv:98$1417_Y [23:0]
      New connections: $flatten\u_core.\u_requant.$ternary$/home/danieltyukov/workspace/personal/tt-ihp-int8-npu/src/npu_requant.sv:98$1417_Y [25:24] = { $flatten\u_core.\u_requant.$ternary$/home/danieltyukov/workspace/personal/tt-ihp-int8-npu/src/npu_requant.sv:98$1417_Y [23] $flatten\u_core.\u_requant.$ternary$/home/danieltyukov/workspace/personal/tt-ihp-int8-npu/src/npu_requant.sv:98$1417_Y [23] }
  Optimizing cells in module \tt_um_danieltyukov_int8_npu.
    Consolidated identical input bits for $mux cell $flatten\u_core.\u_host.$procmux$2287:
      Old ports: A=2'11, B=$flatten\u_core.\u_host.$procmux$2285_Y, Y=$flatten\u_core.\u_host.$procmux$2287_Y
      New ports: A=1'1, B=$flatten\u_core.\u_host.$procmux$2285_Y [1], Y=$flatten\u_core.\u_host.$procmux$2287_Y [1]
      New connections: $flatten\u_core.\u_host.$procmux$2287_Y [0] = 1'1
    Consolidated identical input bits for $mux cell $flatten\u_core.\u_requant.$ternary$/home/danieltyukov/workspace/personal/tt-ihp-int8-npu/src/npu_requant.sv:97$1418:
      Old ports: A=$flatten\u_core.\u_requant.$ternary$/home/danieltyukov/workspace/personal/tt-ihp-int8-npu/src/npu_requant.sv:98$1417_Y, B={ \u_core.acc_req_val [23] \u_core.acc_req_val 1'0 }, Y=\u_core.u_requant.boo_mag
      New ports: A={ $flatten\u_core.\u_requant.$ternary$/home/danieltyukov/workspace/personal/tt-ihp-int8-npu/src/npu_requant.sv:98$1417_Y [23] $flatten\u_core.\u_requant.$ternary$/home/danieltyukov/workspace/personal/tt-ihp-int8-npu/src/npu_requant.sv:98$1417_Y [23:0] }, B={ \u_core.acc_req_val 1'0 }, Y=\u_core.u_requant.boo_mag [24:0]
      New connections: \u_core.u_requant.boo_mag [25] = \u_core.u_requant.boo_mag [24]
  Optimizing cells in module \tt_um_danieltyukov_int8_npu.
Performed a total of 7 changes.

16.20.5. Executing OPT_MERGE pass (detect identical cells).
Finding identical cells in module `\tt_um_danieltyukov_int8_npu'.
Removed a total of 0 cells.

16.20.6. Executing OPT_SHARE pass.

16.20.7. Executing OPT_DFF pass (perform DFF optimizations).

16.20.8. Executing OPT_CLEAN pass (remove unused cells and wires).
Finding unused cells or wires in module \tt_um_danieltyukov_int8_npu..
Removed 0 unused cells and 25 unused wires.
<suppressed ~1 debug messages>

16.20.9. Executing OPT_EXPR pass (perform const folding).
Optimizing module tt_um_danieltyukov_int8_npu.
<suppressed ~8 debug messages>

16.20.10. Rerunning OPT passes. (Maybe there is more to do..)

16.20.11. Executing OPT_MUXTREE pass (detect dead branches in mux trees).
Running muxtree optimizer on module \tt_um_danieltyukov_int8_npu..
  Creating internal representation of mux trees.
  Evaluating internal representation of mux trees.
  Analyzing evaluation results.
Removed 0 multiplexer ports.
<suppressed ~73 debug messages>

16.20.12. Executing OPT_REDUCE pass (consolidate $*mux and $reduce_* inputs).
  Optimizing cells in module \tt_um_danieltyukov_int8_npu.
    Consolidated identical input bits for $mux cell $flatten\u_core.\u_requant.$ternary$/home/danieltyukov/workspace/personal/tt-ihp-int8-npu/src/npu_requant.sv:110$1425:
      Old ports: A=\u_core.u_requant.boo_addend, B={ \u_core.zp_reg [7] \u_core.zp_reg [7] \u_core.zp_reg [7] \u_core.zp_reg [7] \u_core.zp_reg [7] \u_core.zp_reg [7] \u_core.zp_reg [7] \u_core.zp_reg [7] \u_core.zp_reg [7] \u_core.zp_reg [7] \u_core.zp_reg [7] \u_core.zp_reg [7] \u_core.zp_reg [7] \u_core.zp_reg [7] \u_core.zp_reg [7] \u_core.zp_reg [7] \u_core.zp_reg [7] \u_core.zp_reg [7] \u_core.zp_reg }, Y=\u_core.u_requant.u_add.b
      New ports: A=$auto$opt_expr.cc:205:group_cell_inputs$9421, B={ \u_core.zp_reg [7] \u_core.zp_reg [7] \u_core.zp_reg [7] \u_core.zp_reg [7] \u_core.zp_reg [7] \u_core.zp_reg [7] \u_core.zp_reg [7] \u_core.zp_reg [7] \u_core.zp_reg [7] \u_core.zp_reg [7] \u_core.zp_reg [7] \u_core.zp_reg [7] \u_core.zp_reg [7] \u_core.zp_reg [7] \u_core.zp_reg [7] \u_core.zp_reg [7] \u_core.zp_reg [7] \u_core.zp_reg }, Y=\u_core.u_requant.u_add.b [24:0]
      New connections: \u_core.u_requant.u_add.b [25] = \u_core.u_requant.u_add.b [24]
  Optimizing cells in module \tt_um_danieltyukov_int8_npu.
Performed a total of 1 changes.

16.20.13. Executing OPT_MERGE pass (detect identical cells).
Finding identical cells in module `\tt_um_danieltyukov_int8_npu'.
Removed a total of 0 cells.

16.20.14. Executing OPT_SHARE pass.

16.20.15. Executing OPT_DFF pass (perform DFF optimizations).

16.20.16. Executing OPT_CLEAN pass (remove unused cells and wires).
Finding unused cells or wires in module \tt_um_danieltyukov_int8_npu..
Removed 0 unused cells and 3 unused wires.
<suppressed ~1 debug messages>

16.20.17. Executing OPT_EXPR pass (perform const folding).
Optimizing module tt_um_danieltyukov_int8_npu.

16.20.18. Rerunning OPT passes. (Maybe there is more to do..)

16.20.19. Executing OPT_MUXTREE pass (detect dead branches in mux trees).
Running muxtree optimizer on module \tt_um_danieltyukov_int8_npu..
  Creating internal representation of mux trees.
  Evaluating internal representation of mux trees.
  Analyzing evaluation results.
Removed 0 multiplexer ports.
<suppressed ~73 debug messages>

16.20.20. Executing OPT_REDUCE pass (consolidate $*mux and $reduce_* inputs).
  Optimizing cells in module \tt_um_danieltyukov_int8_npu.
Performed a total of 0 changes.

16.20.21. Executing OPT_MERGE pass (detect identical cells).
Finding identical cells in module `\tt_um_danieltyukov_int8_npu'.
Removed a total of 0 cells.

16.20.22. Executing OPT_SHARE pass.

16.20.23. Executing OPT_DFF pass (perform DFF optimizations).

16.20.24. Executing OPT_CLEAN pass (remove unused cells and wires).
Finding unused cells or wires in module \tt_um_danieltyukov_int8_npu..

16.20.25. Executing OPT_EXPR pass (perform const folding).
Optimizing module tt_um_danieltyukov_int8_npu.

16.20.26. Finished OPT passes. (There is nothing left to do.)

16.21. Executing TECHMAP pass (map to technology primitives).

16.21.1. Executing Verilog-2005 frontend: /usr/bin/../share/yosys/techmap.v
Parsing Verilog input from `/usr/bin/../share/yosys/techmap.v' to AST representation.
Generating RTLIL representation for module `\_90_simplemap_bool_ops'.
Generating RTLIL representation for module `\_90_simplemap_reduce_ops'.
Generating RTLIL representation for module `\_90_simplemap_logic_ops'.
Generating RTLIL representation for module `\_90_simplemap_compare_ops'.
Generating RTLIL representation for module `\_90_simplemap_various'.
Generating RTLIL representation for module `\_90_simplemap_registers'.
Generating RTLIL representation for module `\_90_shift_ops_shr_shl_sshl_sshr'.
Generating RTLIL representation for module `\_90_shift_shiftx'.
Generating RTLIL representation for module `\_90_fa'.
Generating RTLIL representation for module `\_90_lcu'.
Generating RTLIL representation for module `\_90_alu'.
Generating RTLIL representation for module `\_90_macc'.
Generating RTLIL representation for module `\_90_alumacc'.
Generating RTLIL representation for module `\$__div_mod_u'.
Generating RTLIL representation for module `\$__div_mod_trunc'.
Generating RTLIL representation for module `\_90_div'.
Generating RTLIL representation for module `\_90_mod'.
Generating RTLIL representation for module `\$__div_mod_floor'.
Generating RTLIL representation for module `\_90_divfloor'.
Generating RTLIL representation for module `\_90_modfloor'.
Generating RTLIL representation for module `\_90_pow'.
Generating RTLIL representation for module `\_90_pmux'.
Generating RTLIL representation for module `\_90_demux'.
Generating RTLIL representation for module `\_90_lut'.
Successfully finished Verilog frontend.

16.21.2. Continuing TECHMAP pass.
Using extmapper simplemap for cells of type $xor.
Using extmapper simplemap for cells of type $or.
Using extmapper simplemap for cells of type $and.
Using extmapper simplemap for cells of type $not.
Using extmapper maccmap for cells of type $macc.
  add 2'11 * \u_core.req_c (2x1 bits, unsigned)
Using extmapper simplemap for cells of type $reduce_and.
Using extmapper simplemap for cells of type $reduce_bool.
Using extmapper simplemap for cells of type $adffe.
Using template $paramod$2e1494a4b447defe52efe982567c833830ffcd42\_90_alu for cells of type $alu.
Using extmapper simplemap for cells of type $reduce_or.
Using extmapper simplemap for cells of type $ne.
Using template $paramod$d2fa05d38998afabc6d4f34471305d0af4b8b2df\_90_alu for cells of type $alu.
Using template $paramod$constmap:149243966e55990447b265bf363262ee2324aa0c$paramod$6853d0b0c182b1b1cdf760d90bf5412efbf03c5a\_90_shift_ops_shr_shl_sshl_sshr for cells of type $sshr.
Using template $paramod$08c2d337fba0d8fba53e35b89be96dd105931d9e\_90_alu for cells of type $alu.
Using extmapper simplemap for cells of type $eq.
Using template $paramod$83dd457849c736323edf2edb15923eb27f99c683\_90_alu for cells of type $alu.
Using extmapper simplemap for cells of type $logic_or.
Using template $paramod$484d51534650924b7ed4c69e46eed3a56904771f\_90_alu for cells of type $alu.
Using template $paramod$5404fad1a86b446f39b010a8ce9b5ebc058574c5\_90_alu for cells of type $alu.
Using template $paramod$1a6407745a4b939fc01b3599f611fd1c90656484\_90_alu for cells of type $alu.
Using template $paramod$4f7462fd7944a40ab328577064922bdf555975a5\_90_alu for cells of type $alu.
Using template $paramod$9d89fb639f737cac60740e160831d647469879cc\_90_alu for cells of type $alu.
Using template $paramod$8742280fdebca84e1c87f2a86ed84f62d558f4cc\_90_alu for cells of type $alu.
Using extmapper simplemap for cells of type $logic_not.
Using template $paramod$a04dd9d4d8b430140c4ff94b50470fb380fda2a0\_90_alu for cells of type $alu.
Using template $paramod$77db613179eb70c5e4e5c5aca72d602a7c6017b6\_90_pmux for cells of type $pmux.
Using template $paramod$a1bc51c02ce12ac21eb18988e83292af48ed7d72\_90_alu for cells of type $alu.
Using template $paramod$78e969f2586efcf3a5b0b0440bcca0db83d5cca2\_90_alu for cells of type $alu.
Using template $paramod$constmap:2a793917b9f686a526e11156b3ee8cdca37b19fc$paramod$ce954fbe2c15b86a6e205fb8a0d1c4b76af02b0f\_90_shift_shiftx for cells of type $shiftx.
Using template $paramod$0482edde3ea394805a540f3e6a413d0dac29852d\_90_pmux for cells of type $pmux.
Using template $paramod$97565c3687be688407d1272a293bd9d0ae6852dc\_90_pmux for cells of type $pmux.
Using extmapper simplemap for cells of type $adff.
Using extmapper simplemap for cells of type $logic_and.
Using template $paramod$672a140277c71df8314410f22acc08d55222c3c7\_90_alu for cells of type $alu.
Using template $paramod$constmap:f32d4b8cc9a04ccfec3a439f9a3a884993e69ad8$paramod$5ae48997fffa6fae09144e0e7cf4c0ae9f0ca227\_90_shift_shiftx for cells of type $shiftx.
Using template $paramod$719aadea7a94d31a13cd25a777432aacb0e462b5\_90_alu for cells of type $alu.
Using template $paramod$c5c783b17ab1d780abfad8cfe6563a0a7b47a3b0\_90_pmux for cells of type $pmux.
Using template $paramod$a9f023b7f9387cc24984a8fa4722169e6d5f74aa\_90_pmux for cells of type $pmux.
Using template $paramod$constmap:b9fee95e68fefe23df3281210148ef3c107e1dfd$paramod$875c3c22e91c129b9fec1672e2952cce1d62c9be\_90_shift_shiftx for cells of type $shiftx.
Using template $paramod$constmap:3efe09016514a92804508649fa479f54369b05be$paramod$282e2f6c0b1116d84b8f8102ddacd7ff760b6794\_90_shift_shiftx for cells of type $shiftx.
Using template $paramod$645fe0cc96ae5edb83bff90cc2c78f4a20ca3e3c\_90_pmux for cells of type $pmux.
Using template $paramod$740b056ede97228d3eae64ea2fdc81f0a33e0fe7\_90_alu for cells of type $alu.
  add \u_core.g_bank[0].rd_i * 2'11 (2x2 bits, unsigned)
Using template $paramod$constmap:e8817466f1b0a58c916b0c5f8f87ba83fd93fa45$paramod$611b10f0fbcbb93e8dfba7c2c6f0d5dcf4176031\_90_shift_shiftx for cells of type $shiftx.
  add \u_core.g_feed[5].sidx * 2'11 (2x2 bits, unsigned)
Using template $paramod$constmap:fd50ef40a2e5e00d314af0e27bb935d97928bb30$paramod$6d434a9d013434a4ee34ff2ad44a6f5c61f0931c\_90_shift_shiftx for cells of type $shiftx.
Using template $paramod$175e67c02b86e96b1288b9dc100122520d7240d8\_90_alu for cells of type $alu.
  add \u_core.g_feed[4].sidx * 2'11 (2x2 bits, unsigned)
Using template $paramod$ba698a254f9a5947e85cbe7beae6b161eefc5386\_90_alu for cells of type $alu.
Using template $paramod$f85408ed1aa3d09e465edae8a7bf590332ae9f7b\_90_alu for cells of type $alu.
Using template $paramod$1a3a0c35c4a4896fbfd612699525c057298e72d2\_90_alu for cells of type $alu.
Using template $paramod$constmap:f7104fc1dbd1555e355290ad6ed40db5efc58dd6$paramod$0b7d09eb971eda48eb88451be64035fc97ebf3e0\_90_shift_shiftx for cells of type $shiftx.
  add \u_core.g_feed[3].sidx * 2'11 (2x2 bits, unsigned)
Using template $paramod$5ccf584370207a3ccc3032757a8e590623d4de56\_90_alu for cells of type $alu.
Using template $paramod$d1615bf4e5e328245ffd1550e5fe105901cda77b\_90_alu for cells of type $alu.
Using template $paramod$f956edc9fe4df758d9fdb10bfc518a364c99e75e\_90_alu for cells of type $alu.
Using template $paramod$b18e16801adf491a64caa0542270798e5d4ac6b6\_90_alu for cells of type $alu.
  add \u_core.g_feed[2].sidx * 2'11 (2x2 bits, unsigned)
Using template $paramod$b8c0a997bce700f23568a5ada79cc6781d1f5ca0\_90_alu for cells of type $alu.
  add \u_core.g_feed[1].sidx * 2'11 (2x2 bits, unsigned)
Using template $paramod$constmap:3df058837656d76959c5ae31249983bd7c2a4337$paramod$cc173684684738cb7554cd9cfdf6166495d4e0d2\_90_shift_shiftx for cells of type $shiftx.
  add \u_core.g_feed[0].sidx * 2'11 (2x2 bits, unsigned)
Using template $paramod$32a7b7b86c07519b7537abc18e96f0331f97914d\_90_alu for cells of type $alu.
Using template $paramod$constmap:e39d67eac921f9fc471bf930dd1fa2bd3b76cf99$paramod$4e31da7500973e56cfb352c2dc8355e865ac0516\_90_shift_shiftx for cells of type $shiftx.
  add { 1'0 \u_core.u_host.rd_ptr [2] \u_core.u_host.rd_ptr [4:3] } * 2'11 (4x2 bits, unsigned)
Using template $paramod$79fc7abbb3333dbd5736999d565fd903198fb1eb\_90_alu for cells of type $alu.
Using template $paramod$constmap:e06a0a1adb0f8985cfbbf8ba025518fcec6d3b16$paramod$3bc42dccc683f8adaddd1d2d9861164873fa59f0\_90_shift_shiftx for cells of type $shiftx.
Using template $paramod$fc972a7a46956c1788f3cb5257b53c8f1df2d0cc\_90_alu for cells of type $alu.
Using template $paramod$7af24cf7f572852703f08ef7a936c59efa2c57af\_90_alu for cells of type $alu.
Using template $paramod$c3cd1564c35d873179656addd6052d7ea8b6d991\_90_alu for cells of type $alu.
Using template $paramod$constmap:562000711883bff0e4fac7a2f1ccdca03abff836$paramod$99e34ee3dc4c7544956a79d3df2372e8af99cd57\_90_shift_shiftx for cells of type $shiftx.
  add { 2'01 \u_core.g_bank[1].rd_i } * 2'11 (4x2 bits, unsigned)
Using extmapper simplemap for cells of type $pos.
Using template $paramod\_90_lcu\WIDTH=32'00000000000000000000000000000011 for cells of type $lcu.
Using template $paramod$88ebedc0964674c5b2e447c66b33a42fc7e7abe0\_90_alu for cells of type $alu.
Using template $paramod\_90_lcu\WIDTH=32'00000000000000000000000000001000 for cells of type $lcu.
Using template $paramod\_90_lcu\WIDTH=32'00000000000000000000000000000010 for cells of type $lcu.
Using template $paramod\_90_lcu\WIDTH=32'00000000000000000000000000000001 for cells of type $lcu.
Using template $paramod\_90_lcu\WIDTH=32'00000000000000000000000000000100 for cells of type $lcu.
Using template $paramod\_90_lcu\WIDTH=32'00000000000000000000000000000101 for cells of type $lcu.
Using template $paramod\_90_lcu\WIDTH=32'00000000000000000000000000000110 for cells of type $lcu.
Using template $paramod\_90_lcu\WIDTH=32'00000000000000000000000000011010 for cells of type $lcu.
Using template $paramod\_90_lcu\WIDTH=32'00000000000000000000000000001010 for cells of type $lcu.
Using template $paramod\_90_lcu\WIDTH=32'00000000000000000000000000001001 for cells of type $lcu.
Using template $paramod\_90_lcu\WIDTH=32'00000000000000000000000000010011 for cells of type $lcu.
Using template $paramod\_90_lcu\WIDTH=32'00000000000000000000000000011101 for cells of type $lcu.
No more expansions possible.
<suppressed ~10398 debug messages>

16.22. Executing OPT pass (performing simple optimizations).

16.22.1. Executing OPT_EXPR pass (perform const folding).
Optimizing module tt_um_danieltyukov_int8_npu.
<suppressed ~29449 debug messages>

16.22.2. Executing OPT_MERGE pass (detect identical cells).
Finding identical cells in module `\tt_um_danieltyukov_int8_npu'.
<suppressed ~1197 debug messages>
Removed a total of 399 cells.

16.22.3. Executing OPT_DFF pass (perform DFF optimizations).

16.22.4. Executing OPT_CLEAN pass (remove unused cells and wires).
Finding unused cells or wires in module \tt_um_danieltyukov_int8_npu..
Removed 6663 unused cells and 2771 unused wires.
<suppressed ~6664 debug messages>

16.22.5. Finished fast OPT passes.

16.23. Executing ABC pass (technology mapping using ABC).

16.23.1. Extracting gate netlist of module `\tt_um_danieltyukov_int8_npu' to `<abc-temp-dir>/input.blif'..
Extracted 11818 gates and 12942 wires to a netlist network with 1121 inputs and 496 outputs.

16.23.1.1. Executing ABC.
Running ABC command: "<yosys-exe-dir>/yosys-abc" -s -f <abc-temp-dir>/abc.script 2>&1
ABC: ABC command line: "source <abc-temp-dir>/abc.script".
ABC: 
ABC: + read_blif <abc-temp-dir>/input.blif 
ABC: + read_library <abc-temp-dir>/stdcells.genlib 
ABC: Entered genlib library with 13 gates from file "<abc-temp-dir>/stdcells.genlib".
ABC: + strash 
ABC: + dretime 
ABC: + map 
ABC: + write_blif <abc-temp-dir>/output.blif 

16.23.1.2. Re-integrating ABC results.
ABC RESULTS:              NAND cells:      155
ABC RESULTS:               NOT cells:      787
ABC RESULTS:               NOR cells:      878
ABC RESULTS:               AND cells:     1220
ABC RESULTS:               XOR cells:     1520
ABC RESULTS:                OR cells:     1047
ABC RESULTS:               MUX cells:     2250
ABC RESULTS:             ORNOT cells:      474
ABC RESULTS:              XNOR cells:      569
ABC RESULTS:            ANDNOT cells:     3108
ABC RESULTS:        internal signals:    11325
ABC RESULTS:           input signals:     1121
ABC RESULTS:          output signals:      496
Removing temp directory.

16.24. Executing OPT pass (performing simple optimizations).

16.24.1. Executing OPT_EXPR pass (perform const folding).
Optimizing module tt_um_danieltyukov_int8_npu.
<suppressed ~280 debug messages>

16.24.2. Executing OPT_MERGE pass (detect identical cells).
Finding identical cells in module `\tt_um_danieltyukov_int8_npu'.
<suppressed ~87 debug messages>
Removed a total of 29 cells.

16.24.3. Executing OPT_DFF pass (perform DFF optimizations).

16.24.4. Executing OPT_CLEAN pass (remove unused cells and wires).
Finding unused cells or wires in module \tt_um_danieltyukov_int8_npu..
Removed 1 unused cells and 3749 unused wires.
<suppressed ~171 debug messages>

16.24.5. Finished fast OPT passes.

16.25. Executing HIERARCHY pass (managing design hierarchy).

16.25.1. Analyzing design hierarchy..
Top module:  \tt_um_danieltyukov_int8_npu

16.25.2. Analyzing design hierarchy..
Top module:  \tt_um_danieltyukov_int8_npu
Removed 0 unused modules.

16.26. Printing statistics.

=== tt_um_danieltyukov_int8_npu ===

   Number of wires:              13009
   Number of wire bits:          50605
   Number of public wires:        1364
   Number of public wire bits:   38915
   Number of memories:               0
   Number of memory bits:            0
   Number of processes:              0
   Number of cells:              13123
     $_ANDNOT_                    3103
     $_AND_                       1219
     $_DFFE_PN0P_                  779
     $_DFFE_PN1P_                    9
     $_DFF_PN0_                    357
     $_MUX_                       2249
     $_NAND_                       152
     $_NOR_                        869
     $_NOT_                        786
     $_ORNOT_                      473
     $_OR_                        1042
     $_XNOR_                       569
     $_XOR_                       1516

16.27. Executing CHECK pass (checking for obvious problems).
Checking module tt_um_danieltyukov_int8_npu...
Found and reported 0 problems.

17. Executing CHECK pass (checking for obvious problems).
Checking module tt_um_danieltyukov_int8_npu...
Found and reported 0 problems.

18. Executing ABC pass (technology mapping using ABC).

18.1. Extracting gate netlist of module `\tt_um_danieltyukov_int8_npu' to `<abc-temp-dir>/input.blif'..
Extracted 11978 gates and 13099 wires to a netlist network with 1121 inputs and 494 outputs.

18.1.1. Executing ABC.
Running ABC command: "<yosys-exe-dir>/yosys-abc" -s -f <abc-temp-dir>/abc.script 2>&1
ABC: ABC command line: "source <abc-temp-dir>/abc.script".
ABC: 
ABC: + read_blif <abc-temp-dir>/input.blif 
ABC: + read_lib -w /home/danieltyukov/workspace/personal/tt-ihp-int8-npu/pdk/sg13g2_stdcell_typ_1p20V_25C.lib 
ABC: Parsing finished successfully.  Parsing time =     0.02 sec
ABC: Scl_LibertyReadGenlib() skipped cell "sg13g2_antennanp" due to dont_use attribute.
ABC: Scl_LibertyReadGenlib() skipped cell "sg13g2_decap_4" due to dont_use attribute.
ABC: Scl_LibertyReadGenlib() skipped cell "sg13g2_decap_8" due to dont_use attribute.
ABC: Scl_LibertyReadGenlib() skipped sequential cell "sg13g2_dfrbp_1".
ABC: Scl_LibertyReadGenlib() skipped sequential cell "sg13g2_dfrbp_2".
ABC: Scl_LibertyReadGenlib() skipped sequential cell "sg13g2_dfrbpq_1".
ABC: Scl_LibertyReadGenlib() skipped sequential cell "sg13g2_dfrbpq_2".
ABC: Scl_LibertyReadGenlib() skipped sequential cell "sg13g2_dlhq_1".
ABC: Scl_LibertyReadGenlib() skipped sequential cell "sg13g2_dlhr_1".
ABC: Scl_LibertyReadGenlib() skipped sequential cell "sg13g2_dlhrq_1".
ABC: Scl_LibertyReadGenlib() skipped sequential cell "sg13g2_dllr_1".
ABC: Scl_LibertyReadGenlib() skipped sequential cell "sg13g2_dllrq_1".
ABC: Scl_LibertyReadGenlib() skipped three-state cell "sg13g2_ebufn_2".
ABC: Scl_LibertyReadGenlib() skipped three-state cell "sg13g2_ebufn_4".
ABC: Scl_LibertyReadGenlib() skipped three-state cell "sg13g2_ebufn_8".
ABC: Scl_LibertyReadGenlib() skipped three-state cell "sg13g2_einvn_2".
ABC: Scl_LibertyReadGenlib() skipped three-state cell "sg13g2_einvn_4".
ABC: Scl_LibertyReadGenlib() skipped three-state cell "sg13g2_einvn_8".
ABC: Scl_LibertyReadGenlib() skipped cell "sg13g2_fill_1" due to dont_use attribute.
ABC: Scl_LibertyReadGenlib() skipped cell "sg13g2_fill_2" due to dont_use attribute.
ABC: Scl_LibertyReadGenlib() skipped cell "sg13g2_fill_4" due to dont_use attribute.
ABC: Scl_LibertyReadGenlib() skipped cell "sg13g2_fill_8" due to dont_use attribute.
ABC: Scl_LibertyReadGenlib() skipped cell "sg13g2_lgcp_1" due to dont_use attribute.
ABC: Scl_LibertyReadGenlib() skipped sequential cell "sg13g2_sdfbbp_1".
ABC: Scl_LibertyReadGenlib() skipped sequential cell "sg13g2_sdfrbp_1".
ABC: Scl_LibertyReadGenlib() skipped sequential cell "sg13g2_sdfrbp_2".
ABC: Scl_LibertyReadGenlib() skipped sequential cell "sg13g2_sdfrbpq_1".
ABC: Scl_LibertyReadGenlib() skipped sequential cell "sg13g2_sdfrbpq_2".
ABC: Scl_LibertyReadGenlib() skipped cell "sg13g2_sighold" due to dont_use attribute.
ABC: Scl_LibertyReadGenlib() skipped cell "sg13g2_slgcp_1" due to dont_use attribute.
ABC: Library "sg13g2_stdcell_typ_1p20V_25C" from "/home/danieltyukov/workspace/personal/tt-ihp-int8-npu/pdk/sg13g2_stdcell_typ_1p20V_25C.lib" has 54 cells (20 skipped: 14 seq; 6 tri-state; 0 no func; 10 dont_use).  Time =     0.03 sec
ABC: Memory =    2.86 MB. Time =     0.03 sec
ABC: + strash 
ABC: + &get -n 
ABC: + &fraig -x 
ABC: + &put 
ABC: + scorr 
ABC: Warning: The network is combinational (run "fraig" or "fraig_sweep").
ABC: + dc2 
ABC: + dretime 
ABC: + strash 
ABC: + &get -n 
ABC: + &dch -f 
ABC: + &nf 
ABC: + &put 
ABC: + write_blif <abc-temp-dir>/output.blif 

18.1.2. Re-integrating ABC results.
ABC RESULTS:      sg13g2_or4_1 cells:        6
ABC RESULTS:     sg13g2_nor4_1 cells:       26
ABC RESULTS:     sg13g2_mux4_1 cells:      158
ABC RESULTS:     sg13g2_mux2_1 cells:      279
ABC RESULTS:   sg13g2_nand3b_1 cells:       21
ABC RESULTS:     sg13g2_and3_1 cells:       61
ABC RESULTS:     sg13g2_nor3_1 cells:       93
ABC RESULTS:      sg13g2_or2_1 cells:       99
ABC RESULTS:    sg13g2_nand4_1 cells:      111
ABC RESULTS:     sg13g2_and4_1 cells:       53
ABC RESULTS:    sg13g2_a22oi_1 cells:      251
ABC RESULTS:    sg13g2_nand2_1 cells:     1027
ABC RESULTS:   sg13g2_nand2b_1 cells:      262
ABC RESULTS:      sg13g2_inv_1 cells:      177
ABC RESULTS:    sg13g2_a21oi_1 cells:      610
ABC RESULTS:   sg13g2_a221oi_1 cells:       26
ABC RESULTS:    sg13g2_xnor2_1 cells:      980
ABC RESULTS:      sg13g2_or3_1 cells:       59
ABC RESULTS:    sg13g2_nand3_1 cells:      228
ABC RESULTS:    sg13g2_nor2b_1 cells:      408
ABC RESULTS:     sg13g2_a21o_1 cells:      217
ABC RESULTS:     sg13g2_and2_1 cells:      230
ABC RESULTS:     sg13g2_xor2_1 cells:      430
ABC RESULTS:    sg13g2_o21ai_1 cells:      541
ABC RESULTS:     sg13g2_nor2_1 cells:      554
ABC RESULTS:        internal signals:    11484
ABC RESULTS:           input signals:     1121
ABC RESULTS:          output signals:      494
Removing temp directory.

19. Executing SETUNDEF pass (replace undef values with defined constants).

20. Executing OPT_CLEAN pass (remove unused cells and wires).
Finding unused cells or wires in module \tt_um_danieltyukov_int8_npu..
Removed 0 unused cells and 14343 unused wires.
<suppressed ~1245 debug messages>

21. Executing LTP pass (find longest path).

Longest topological path in tt_um_danieltyukov_int8_npu (length=29):
    0: \u_core.u_array.g_row[5].g_col[0].u_pe.w_in [4]
    1: $abc$73162$new_n7619_ (via $abc$73162$auto$blifparse.cc:386:parse_blif$79166)
    2: $abc$73162$new_n7620_ (via $abc$73162$auto$blifparse.cc:386:parse_blif$79167)
    3: $abc$73162$new_n7621_ (via $abc$73162$auto$blifparse.cc:386:parse_blif$79168)
    4: $abc$73162$new_n7673_ (via $abc$73162$auto$blifparse.cc:386:parse_blif$79220)
    5: $abc$73162$new_n7674_ (via $abc$73162$auto$blifparse.cc:386:parse_blif$79221)
    6: $abc$73162$new_n7675_ (via $abc$73162$auto$blifparse.cc:386:parse_blif$79222)
    7: $abc$73162$new_n7676_ (via $abc$73162$auto$blifparse.cc:386:parse_blif$79223)
    8: $abc$73162$new_n7678_ (via $abc$73162$auto$blifparse.cc:386:parse_blif$79225)
    9: $abc$73162$new_n7679_ (via $abc$73162$auto$blifparse.cc:386:parse_blif$79226)
   10: $abc$73162$new_n7683_ (via $abc$73162$auto$blifparse.cc:386:parse_blif$79230)
   11: $abc$73162$new_n7684_ (via $abc$73162$auto$blifparse.cc:386:parse_blif$79231)
   12: $abc$73162$new_n7686_ (via $abc$73162$auto$blifparse.cc:386:parse_blif$79233)
   13: $abc$73162$new_n7687_ (via $abc$73162$auto$blifparse.cc:386:parse_blif$79234)
   14: $abc$73162$new_n7734_ (via $abc$73162$auto$blifparse.cc:386:parse_blif$79281)
   15: $abc$73162$new_n7775_ (via $abc$73162$auto$blifparse.cc:386:parse_blif$79322)
   16: $abc$73162$new_n7776_ (via $abc$73162$auto$blifparse.cc:386:parse_blif$79323)
   17: $abc$73162$new_n7778_ (via $abc$73162$auto$blifparse.cc:386:parse_blif$79325)
   18: $abc$73162$new_n7779_ (via $abc$73162$auto$blifparse.cc:386:parse_blif$79326)
   19: $abc$73162$new_n7817_ (via $abc$73162$auto$blifparse.cc:386:parse_blif$79364)
   20: $abc$73162$new_n7850_ (via $abc$73162$auto$blifparse.cc:386:parse_blif$79397)
   21: $abc$73162$new_n7877_ (via $abc$73162$auto$blifparse.cc:386:parse_blif$79424)
   22: $abc$73162$new_n7895_ (via $abc$73162$auto$blifparse.cc:386:parse_blif$79442)
   23: $abc$73162$new_n7910_ (via $abc$73162$auto$blifparse.cc:386:parse_blif$79457)
   24: $abc$73162$new_n7917_ (via $abc$73162$auto$blifparse.cc:386:parse_blif$79464)
   25: $abc$73162$new_n7921_ (via $abc$73162$auto$blifparse.cc:386:parse_blif$79468)
   26: $abc$73162$new_n7924_ (via $abc$73162$auto$blifparse.cc:386:parse_blif$79471)
   27: $abc$73162$new_n7927_ (via $abc$73162$auto$blifparse.cc:386:parse_blif$79474)
   28: $abc$73162$new_n7928_ (via $abc$73162$auto$blifparse.cc:386:parse_blif$79475)
   29: \u_core.u_array.g_row[5].g_col[1].u_pe.psum_sum [18] (via $abc$73162$auto$blifparse.cc:386:parse_blif$79476)
   ff: \u_core.g_bank[1].ps [18] (via $auto$ff.cc:266:slice$15692)

22. Executing DFFLIBMAP pass (mapping DFF cells to sequential cells from liberty file).
Warning: Found unsupported expression 'SCE*SCD+!SCE*D' in pin attribute of cell 'sg13g2_sdfrbp_1' - skipping.
Warning: Found unsupported expression 'SCE*SCD+!SCE*D' in pin attribute of cell 'sg13g2_sdfrbp_2' - skipping.
Warning: Found unsupported expression 'SCE*SCD+!SCE*D' in pin attribute of cell 'sg13g2_sdfrbpq_1' - skipping.
Warning: Found unsupported expression 'SCE*SCD+!SCE*D' in pin attribute of cell 'sg13g2_sdfrbpq_2' - skipping.
Warning: Found unsupported expression 'SCE*SCD+!SCE*D' in pin attribute of cell 'sg13g2_sdfrbp_1' - skipping.
Warning: Found unsupported expression 'SCE*SCD+!SCE*D' in pin attribute of cell 'sg13g2_sdfrbp_2' - skipping.
Warning: Found unsupported expression 'SCE*SCD+!SCE*D' in pin attribute of cell 'sg13g2_sdfrbpq_1' - skipping.
Warning: Found unsupported expression 'SCE*SCD+!SCE*D' in pin attribute of cell 'sg13g2_sdfrbpq_2' - skipping.
  cell sg13g2_dfrbpq_1 (noninv, pins=4, area=48.99) is a direct match for cell type $_DFF_PN0_.
Warning: Found unsupported expression 'SCE*SCD+!SCE*D' in pin attribute of cell 'sg13g2_sdfrbp_1' - skipping.
Warning: Found unsupported expression 'SCE*SCD+!SCE*D' in pin attribute of cell 'sg13g2_sdfrbp_2' - skipping.
Warning: Found unsupported expression 'SCE*SCD+!SCE*D' in pin attribute of cell 'sg13g2_sdfrbpq_1' - skipping.
Warning: Found unsupported expression 'SCE*SCD+!SCE*D' in pin attribute of cell 'sg13g2_sdfrbpq_2' - skipping.
Warning: Found unsupported expression 'SCE*SCD+!SCE*D' in pin attribute of cell 'sg13g2_sdfrbp_1' - skipping.
Warning: Found unsupported expression 'SCE*SCD+!SCE*D' in pin attribute of cell 'sg13g2_sdfrbp_2' - skipping.
Warning: Found unsupported expression 'SCE*SCD+!SCE*D' in pin attribute of cell 'sg13g2_sdfrbpq_1' - skipping.
Warning: Found unsupported expression 'SCE*SCD+!SCE*D' in pin attribute of cell 'sg13g2_sdfrbpq_2' - skipping.
Warning: Found unsupported expression 'SCE*SCD+!SCE*D' in pin attribute of cell 'sg13g2_sdfrbp_1' - skipping.
Warning: Found unsupported expression 'SCE*SCD+!SCE*D' in pin attribute of cell 'sg13g2_sdfrbp_2' - skipping.
Warning: Found unsupported expression 'SCE*SCD+!SCE*D' in pin attribute of cell 'sg13g2_sdfrbpq_1' - skipping.
Warning: Found unsupported expression 'SCE*SCD+!SCE*D' in pin attribute of cell 'sg13g2_sdfrbpq_2' - skipping.
Warning: Found unsupported expression 'SCE*SCD+!SCE*D' in pin attribute of cell 'sg13g2_sdfrbp_1' - skipping.
Warning: Found unsupported expression 'SCE*SCD+!SCE*D' in pin attribute of cell 'sg13g2_sdfrbp_2' - skipping.
Warning: Found unsupported expression 'SCE*SCD+!SCE*D' in pin attribute of cell 'sg13g2_sdfrbpq_1' - skipping.
Warning: Found unsupported expression 'SCE*SCD+!SCE*D' in pin attribute of cell 'sg13g2_sdfrbpq_2' - skipping.
Warning: Found unsupported expression 'SCE*SCD+!SCE*D' in pin attribute of cell 'sg13g2_sdfrbp_1' - skipping.
Warning: Found unsupported expression 'SCE*SCD+!SCE*D' in pin attribute of cell 'sg13g2_sdfrbp_2' - skipping.
Warning: Found unsupported expression 'SCE*SCD+!SCE*D' in pin attribute of cell 'sg13g2_sdfrbpq_1' - skipping.
Warning: Found unsupported expression 'SCE*SCD+!SCE*D' in pin attribute of cell 'sg13g2_sdfrbpq_2' - skipping.
Warning: Found unsupported expression 'SCE*SCD+!SCE*D' in pin attribute of cell 'sg13g2_sdfrbp_1' - skipping.
Warning: Found unsupported expression 'SCE*SCD+!SCE*D' in pin attribute of cell 'sg13g2_sdfrbp_2' - skipping.
Warning: Found unsupported expression 'SCE*SCD+!SCE*D' in pin attribute of cell 'sg13g2_sdfrbpq_1' - skipping.
Warning: Found unsupported expression 'SCE*SCD+!SCE*D' in pin attribute of cell 'sg13g2_sdfrbpq_2' - skipping.
Warning: Found unsupported expression 'SCE*SCD+!SCE*D' in pin attribute of cell 'sg13g2_sdfrbp_1' - skipping.
Warning: Found unsupported expression 'SCE*SCD+!SCE*D' in pin attribute of cell 'sg13g2_sdfrbp_2' - skipping.
Warning: Found unsupported expression 'SCE*SCD+!SCE*D' in pin attribute of cell 'sg13g2_sdfrbpq_1' - skipping.
Warning: Found unsupported expression 'SCE*SCD+!SCE*D' in pin attribute of cell 'sg13g2_sdfrbpq_2' - skipping.
  final dff cell mappings:
    unmapped dff cell: $_DFF_N_
    unmapped dff cell: $_DFF_P_
    unmapped dff cell: $_DFF_NN0_
    unmapped dff cell: $_DFF_NN1_
    unmapped dff cell: $_DFF_NP0_
    unmapped dff cell: $_DFF_NP1_
    \sg13g2_dfrbpq_1 _DFF_PN0_ (.CLK( C), .D( D), .Q( Q), .RESET_B( R));
    unmapped dff cell: $_DFF_PN1_
    unmapped dff cell: $_DFF_PP0_
    unmapped dff cell: $_DFF_PP1_
    unmapped dff cell: $_DFFSR_NNN_
    unmapped dff cell: $_DFFSR_NNP_
    unmapped dff cell: $_DFFSR_NPN_
    unmapped dff cell: $_DFFSR_NPP_
    unmapped dff cell: $_DFFSR_PNN_
    unmapped dff cell: $_DFFSR_PNP_
    unmapped dff cell: $_DFFSR_PPN_
    unmapped dff cell: $_DFFSR_PPP_

22.1. Executing DFFLEGALIZE pass (convert FFs to types supported by the target).
Mapping DFF cells in module `\tt_um_danieltyukov_int8_npu':
  mapped 1145 $_DFF_PN0_ cells to \sg13g2_dfrbpq_1 cells.

23. Executing ABC pass (technology mapping using ABC).

23.1. Extracting gate netlist of module `\tt_um_danieltyukov_int8_npu' to `<abc-temp-dir>/input.blif'..
Extracted 12784 gates and 13922 wires to a netlist network with 1138 inputs and 1083 outputs.

23.1.1. Executing ABC.
Running ABC command: "<yosys-exe-dir>/yosys-abc" -s -f <abc-temp-dir>/abc.script 2>&1
ABC: ABC command line: "source <abc-temp-dir>/abc.script".
ABC: 
ABC: + read_blif <abc-temp-dir>/input.blif 
ABC: + read_lib -w /home/danieltyukov/workspace/personal/tt-ihp-int8-npu/pdk/sg13g2_stdcell_typ_1p20V_25C.lib 
ABC: Parsing finished successfully.  Parsing time =     0.03 sec
ABC: Scl_LibertyReadGenlib() skipped cell "sg13g2_antennanp" due to dont_use attribute.
ABC: Scl_LibertyReadGenlib() skipped cell "sg13g2_decap_4" due to dont_use attribute.
ABC: Scl_LibertyReadGenlib() skipped cell "sg13g2_decap_8" due to dont_use attribute.
ABC: Scl_LibertyReadGenlib() skipped sequential cell "sg13g2_dfrbp_1".
ABC: Scl_LibertyReadGenlib() skipped sequential cell "sg13g2_dfrbp_2".
ABC: Scl_LibertyReadGenlib() skipped sequential cell "sg13g2_dfrbpq_1".
ABC: Scl_LibertyReadGenlib() skipped sequential cell "sg13g2_dfrbpq_2".
ABC: Scl_LibertyReadGenlib() skipped sequential cell "sg13g2_dlhq_1".
ABC: Scl_LibertyReadGenlib() skipped sequential cell "sg13g2_dlhr_1".
ABC: Scl_LibertyReadGenlib() skipped sequential cell "sg13g2_dlhrq_1".
ABC: Scl_LibertyReadGenlib() skipped sequential cell "sg13g2_dllr_1".
ABC: Scl_LibertyReadGenlib() skipped sequential cell "sg13g2_dllrq_1".
ABC: Scl_LibertyReadGenlib() skipped three-state cell "sg13g2_ebufn_2".
ABC: Scl_LibertyReadGenlib() skipped three-state cell "sg13g2_ebufn_4".
ABC: Scl_LibertyReadGenlib() skipped three-state cell "sg13g2_ebufn_8".
ABC: Scl_LibertyReadGenlib() skipped three-state cell "sg13g2_einvn_2".
ABC: Scl_LibertyReadGenlib() skipped three-state cell "sg13g2_einvn_4".
ABC: Scl_LibertyReadGenlib() skipped three-state cell "sg13g2_einvn_8".
ABC: Scl_LibertyReadGenlib() skipped cell "sg13g2_fill_1" due to dont_use attribute.
ABC: Scl_LibertyReadGenlib() skipped cell "sg13g2_fill_2" due to dont_use attribute.
ABC: Scl_LibertyReadGenlib() skipped cell "sg13g2_fill_4" due to dont_use attribute.
ABC: Scl_LibertyReadGenlib() skipped cell "sg13g2_fill_8" due to dont_use attribute.
ABC: Scl_LibertyReadGenlib() skipped cell "sg13g2_lgcp_1" due to dont_use attribute.
ABC: Scl_LibertyReadGenlib() skipped sequential cell "sg13g2_sdfbbp_1".
ABC: Scl_LibertyReadGenlib() skipped sequential cell "sg13g2_sdfrbp_1".
ABC: Scl_LibertyReadGenlib() skipped sequential cell "sg13g2_sdfrbp_2".
ABC: Scl_LibertyReadGenlib() skipped sequential cell "sg13g2_sdfrbpq_1".
ABC: Scl_LibertyReadGenlib() skipped sequential cell "sg13g2_sdfrbpq_2".
ABC: Scl_LibertyReadGenlib() skipped cell "sg13g2_sighold" due to dont_use attribute.
ABC: Scl_LibertyReadGenlib() skipped cell "sg13g2_slgcp_1" due to dont_use attribute.
ABC: Library "sg13g2_stdcell_typ_1p20V_25C" from "/home/danieltyukov/workspace/personal/tt-ihp-int8-npu/pdk/sg13g2_stdcell_typ_1p20V_25C.lib" has 54 cells (20 skipped: 14 seq; 6 tri-state; 0 no func; 10 dont_use).  Time =     0.04 sec
ABC: Memory =    2.86 MB. Time =     0.04 sec
ABC: + strash 
ABC: + &get -n 
ABC: + &fraig -x 
ABC: + &put 
ABC: + scorr 
ABC: Warning: The network is combinational (run "fraig" or "fraig_sweep").
ABC: + dc2 
ABC: + dretime 
ABC: + strash 
ABC: + &get -n 
ABC: + &dch -f 
ABC: + &nf 
ABC: + &put 
ABC: + write_blif <abc-temp-dir>/output.blif 

23.1.2. Re-integrating ABC results.
ABC RESULTS:     sg13g2_mux4_1 cells:      156
ABC RESULTS:      sg13g2_or3_1 cells:       58
ABC RESULTS:     sg13g2_and3_1 cells:       67
ABC RESULTS:      sg13g2_or4_1 cells:        1
ABC RESULTS:     sg13g2_and4_1 cells:       52
ABC RESULTS:     sg13g2_nor4_1 cells:       23
ABC RESULTS:    sg13g2_nand4_1 cells:      115
ABC RESULTS:      sg13g2_or2_1 cells:      113
ABC RESULTS:   sg13g2_nand2b_1 cells:      255
ABC RESULTS:   sg13g2_a221oi_1 cells:       47
ABC RESULTS:     sg13g2_a21o_1 cells:      209
ABC RESULTS:    sg13g2_nor2b_1 cells:      390
ABC RESULTS:    sg13g2_xnor2_1 cells:      968
ABC RESULTS:    sg13g2_a22oi_1 cells:      269
ABC RESULTS:      sg13g2_inv_1 cells:      229
ABC RESULTS:    sg13g2_nand3_1 cells:      201
ABC RESULTS:   sg13g2_nand3b_1 cells:       24
ABC RESULTS:     sg13g2_and2_1 cells:      219
ABC RESULTS:     sg13g2_xor2_1 cells:      443
ABC RESULTS:     sg13g2_nor2_1 cells:      583
ABC RESULTS:    sg13g2_a21oi_1 cells:      684
ABC RESULTS:     sg13g2_nor3_1 cells:       88
ABC RESULTS:     sg13g2_mux2_1 cells:      879
ABC RESULTS:    sg13g2_nand2_1 cells:     1049
ABC RESULTS:    sg13g2_o21ai_1 cells:      629
ABC RESULTS:        internal signals:    11701
ABC RESULTS:           input signals:     1138
ABC RESULTS:          output signals:     1083
Removing temp directory.

24. Executing SETUNDEF pass (replace undef values with defined constants).

25. Executing OPT_CLEAN pass (remove unused cells and wires).
Finding unused cells or wires in module \tt_um_danieltyukov_int8_npu..
Removed 0 unused cells and 15106 unused wires.
<suppressed ~1247 debug messages>

26. Printing statistics.

=== tt_um_danieltyukov_int8_npu ===

   Number of wires:               7598
   Number of wire bits:           8986
   Number of public wires:         118
   Number of public wire bits:    1506
   Number of memories:               0
   Number of memory bits:            0
   Number of processes:              0
   Number of cells:               8896
     sg13g2_a21o_1                 209
     sg13g2_a21oi_1                684
     sg13g2_a221oi_1                47
     sg13g2_a22oi_1                269
     sg13g2_and2_1                 219
     sg13g2_and3_1                  67
     sg13g2_and4_1                  52
     sg13g2_dfrbpq_1              1145
     sg13g2_inv_1                  229
     sg13g2_mux2_1                 879
     sg13g2_mux4_1                 156
     sg13g2_nand2_1               1049
     sg13g2_nand2b_1               255
     sg13g2_nand3_1                201
     sg13g2_nand3b_1                24
     sg13g2_nand4_1                115
     sg13g2_nor2_1                 583
     sg13g2_nor2b_1                390
     sg13g2_nor3_1                  88
     sg13g2_nor4_1                  23
     sg13g2_o21ai_1                629
     sg13g2_or2_1                  113
     sg13g2_or3_1                   58
     sg13g2_or4_1                    1
     sg13g2_xnor2_1                968
     sg13g2_xor2_1                 443

   Chip area for module '\tt_um_danieltyukov_int8_npu': 145372.260600

Warnings: 4 unique messages, 36 total
End of script. Logfile hash: 359c268930, CPU: user 31.96s system 0.21s, MEM: 247.06 MB peak
Yosys 0.33 (git sha1 2584903a060)
Time spent: 27% 68x opt_expr (10 sec), 18% 34x opt_clean (6 sec), ...
