
 /----------------------------------------------------------------------------\
 |                                                                            |
 |  yosys -- Yosys Open SYnthesis Suite                                       |
 |                                                                            |
 |  Copyright (C) 2012 - 2020  Claire Xenia Wolf <claire@yosyshq.com>         |
 |                                                                            |
 |  Permission to use, copy, modify, and/or distribute this software for any  |
 |  purpose with or without fee is hereby granted, provided that the above    |
 |  copyright notice and this permission notice appear in all copies.         |
 |                                                                            |
 |  THE SOFTWARE IS PROVIDED "AS IS" AND THE AUTHOR DISCLAIMS ALL WARRANTIES  |
 |  WITH REGARD TO THIS SOFTWARE INCLUDING ALL IMPLIED WARRANTIES OF          |
 |  MERCHANTABILITY AND FITNESS. IN NO EVENT SHALL THE AUTHOR BE LIABLE FOR   |
 |  ANY SPECIAL, DIRECT, INDIRECT, OR CONSEQUENTIAL DAMAGES OR ANY DAMAGES    |
 |  WHATSOEVER RESULTING FROM LOSS OF USE, DATA OR PROFITS, WHETHER IN AN     |
 |  ACTION OF CONTRACT, NEGLIGENCE OR OTHER TORTIOUS ACTION, ARISING OUT OF   |
 |  OR IN CONNECTION WITH THE USE OR PERFORMANCE OF THIS SOFTWARE.            |
 |                                                                            |
 \----------------------------------------------------------------------------/

 Yosys 0.33 (git sha1 2584903a060)


-- Running command `read_liberty -lib /home/danieltyukov/workspace/personal/tt-ihp-int8-npu/pdk/sg13g2_stdcell_typ_1p20V_25C.lib; read_verilog -sv /home/danieltyukov/workspace/personal/tt-ihp-int8-npu/src/npu_activation.sv /home/danieltyukov/workspace/personal/tt-ihp-int8-npu/src/npu_adder.sv /home/danieltyukov/workspace/personal/tt-ihp-int8-npu/src/npu_array.sv /home/danieltyukov/workspace/personal/tt-ihp-int8-npu/src/npu_core.sv /home/danieltyukov/workspace/personal/tt-ihp-int8-npu/src/npu_csa_reduce.sv /home/danieltyukov/workspace/personal/tt-ihp-int8-npu/src/npu_host_if.sv /home/danieltyukov/workspace/personal/tt-ihp-int8-npu/src/npu_mult.sv /home/danieltyukov/workspace/personal/tt-ihp-int8-npu/src/npu_pe.sv /home/danieltyukov/workspace/personal/tt-ihp-int8-npu/src/npu_pp_baugh_wooley.sv /home/danieltyukov/workspace/personal/tt-ihp-int8-npu/src/npu_pp_booth4.sv /home/danieltyukov/workspace/personal/tt-ihp-int8-npu/src/npu_requant.sv /home/danieltyukov/workspace/personal/tt-ihp-int8-npu/src/tt_um_danieltyukov_int8_npu.sv; chparam -set ROWS 4 -set COLS 2 -set S_MAX 6 tt_um_danieltyukov_int8_npu; hierarchy -top tt_um_danieltyukov_int8_npu -check; synth -top tt_um_danieltyukov_int8_npu -flatten; check -assert; design -save prepped; abc -fast -liberty /home/danieltyukov/workspace/personal/tt-ihp-int8-npu/pdk/sg13g2_stdcell_typ_1p20V_25C.lib; setundef -zero; opt_clean -purge; ltp -noff; design -load prepped; dfflibmap -liberty /home/danieltyukov/workspace/personal/tt-ihp-int8-npu/pdk/sg13g2_stdcell_typ_1p20V_25C.lib; abc -fast -liberty /home/danieltyukov/workspace/personal/tt-ihp-int8-npu/pdk/sg13g2_stdcell_typ_1p20V_25C.lib; setundef -zero; opt_clean -purge; stat -liberty /home/danieltyukov/workspace/personal/tt-ihp-int8-npu/pdk/sg13g2_stdcell_typ_1p20V_25C.lib' --

1. Executing Liberty frontend: /home/danieltyukov/workspace/personal/tt-ihp-int8-npu/pdk/sg13g2_stdcell_typ_1p20V_25C.lib
Imported 84 cell types from liberty file.

2. Executing Verilog-2005 frontend: /home/danieltyukov/workspace/personal/tt-ihp-int8-npu/src/npu_activation.sv
Parsing SystemVerilog input from `/home/danieltyukov/workspace/personal/tt-ihp-int8-npu/src/npu_activation.sv' to AST representation.
Generating RTLIL representation for module `\npu_activation'.
Successfully finished Verilog frontend.

3. Executing Verilog-2005 frontend: /home/danieltyukov/workspace/personal/tt-ihp-int8-npu/src/npu_adder.sv
Parsing SystemVerilog input from `/home/danieltyukov/workspace/personal/tt-ihp-int8-npu/src/npu_adder.sv' to AST representation.
Generating RTLIL representation for module `\npu_adder'.
Successfully finished Verilog frontend.

4. Executing Verilog-2005 frontend: /home/danieltyukov/workspace/personal/tt-ihp-int8-npu/src/npu_array.sv
Parsing SystemVerilog input from `/home/danieltyukov/workspace/personal/tt-ihp-int8-npu/src/npu_array.sv' to AST representation.
Generating RTLIL representation for module `\npu_array'.
Successfully finished Verilog frontend.

5. Executing Verilog-2005 frontend: /home/danieltyukov/workspace/personal/tt-ihp-int8-npu/src/npu_core.sv
Parsing SystemVerilog input from `/home/danieltyukov/workspace/personal/tt-ihp-int8-npu/src/npu_core.sv' to AST representation.
Generating RTLIL representation for module `\npu_core'.
Successfully finished Verilog frontend.

6. Executing Verilog-2005 frontend: /home/danieltyukov/workspace/personal/tt-ihp-int8-npu/src/npu_csa_reduce.sv
Parsing SystemVerilog input from `/home/danieltyukov/workspace/personal/tt-ihp-int8-npu/src/npu_csa_reduce.sv' to AST representation.
Generating RTLIL representation for module `\npu_csa_reduce'.
Successfully finished Verilog frontend.

7. Executing Verilog-2005 frontend: /home/danieltyukov/workspace/personal/tt-ihp-int8-npu/src/npu_host_if.sv
Parsing SystemVerilog input from `/home/danieltyukov/workspace/personal/tt-ihp-int8-npu/src/npu_host_if.sv' to AST representation.
Generating RTLIL representation for module `\npu_host_if'.
Successfully finished Verilog frontend.

8. Executing Verilog-2005 frontend: /home/danieltyukov/workspace/personal/tt-ihp-int8-npu/src/npu_mult.sv
Parsing SystemVerilog input from `/home/danieltyukov/workspace/personal/tt-ihp-int8-npu/src/npu_mult.sv' to AST representation.
Generating RTLIL representation for module `\npu_mult'.
Successfully finished Verilog frontend.

9. Executing Verilog-2005 frontend: /home/danieltyukov/workspace/personal/tt-ihp-int8-npu/src/npu_pe.sv
Parsing SystemVerilog input from `/home/danieltyukov/workspace/personal/tt-ihp-int8-npu/src/npu_pe.sv' to AST representation.
Generating RTLIL representation for module `\npu_pe'.
Successfully finished Verilog frontend.

10. Executing Verilog-2005 frontend: /home/danieltyukov/workspace/personal/tt-ihp-int8-npu/src/npu_pp_baugh_wooley.sv
Parsing SystemVerilog input from `/home/danieltyukov/workspace/personal/tt-ihp-int8-npu/src/npu_pp_baugh_wooley.sv' to AST representation.
Generating RTLIL representation for module `\npu_pp_baugh_wooley'.
Successfully finished Verilog frontend.

11. Executing Verilog-2005 frontend: /home/danieltyukov/workspace/personal/tt-ihp-int8-npu/src/npu_pp_booth4.sv
Parsing SystemVerilog input from `/home/danieltyukov/workspace/personal/tt-ihp-int8-npu/src/npu_pp_booth4.sv' to AST representation.
Generating RTLIL representation for module `\npu_pp_booth4'.
Successfully finished Verilog frontend.

12. Executing Verilog-2005 frontend: /home/danieltyukov/workspace/personal/tt-ihp-int8-npu/src/npu_requant.sv
Parsing SystemVerilog input from `/home/danieltyukov/workspace/personal/tt-ihp-int8-npu/src/npu_requant.sv' to AST representation.
Generating RTLIL representation for module `\npu_requant'.
Successfully finished Verilog frontend.

13. Executing Verilog-2005 frontend: /home/danieltyukov/workspace/personal/tt-ihp-int8-npu/src/tt_um_danieltyukov_int8_npu.sv
Parsing SystemVerilog input from `/home/danieltyukov/workspace/personal/tt-ihp-int8-npu/src/tt_um_danieltyukov_int8_npu.sv' to AST representation.
Generating RTLIL representation for module `\tt_um_danieltyukov_int8_npu'.
Successfully finished Verilog frontend.
Parameter \ROWS = 4
Parameter \COLS = 2
Parameter \S_MAX = 6

14. Executing AST frontend in derive mode using pre-parsed AST for module `\tt_um_danieltyukov_int8_npu'.
Parameter \ROWS = 4
Parameter \COLS = 2
Parameter \S_MAX = 6
Generating RTLIL representation for module `$paramod$9a3e331241a08b8c9516bbd04aa769d1a5d5b270\tt_um_danieltyukov_int8_npu'.

15. Executing HIERARCHY pass (managing design hierarchy).

15.1. Analyzing design hierarchy..
Top module:  \tt_um_danieltyukov_int8_npu
Used module:     \npu_core
Used module:         \npu_adder
Used module:         \npu_activation
Used module:         \npu_requant
Used module:         \npu_array
Used module:             \npu_pe
Used module:                 \npu_mult
Used module:                     \npu_pp_baugh_wooley
Used module:         \npu_host_if
Parameter \PSUM_W = 19
Parameter \MUL_ARCH = 0
Parameter \ADD_ARCH = 0

15.2. Executing AST frontend in derive mode using pre-parsed AST for module `\npu_pe'.
Parameter \PSUM_W = 19
Parameter \MUL_ARCH = 0
Parameter \ADD_ARCH = 0
Generating RTLIL representation for module `$paramod$ff257773bd01275f0d043df288de414e423018a5\npu_pe'.
Parameter \PSUM_W = 19
Parameter \MUL_ARCH = 0
Parameter \ADD_ARCH = 0
Found cached RTLIL representation for module `$paramod$ff257773bd01275f0d043df288de414e423018a5\npu_pe'.
Parameter \PSUM_W = 19
Parameter \MUL_ARCH = 0
Parameter \ADD_ARCH = 0
Found cached RTLIL representation for module `$paramod$ff257773bd01275f0d043df288de414e423018a5\npu_pe'.
Parameter \PSUM_W = 19
Parameter \MUL_ARCH = 0
Parameter \ADD_ARCH = 0
Found cached RTLIL representation for module `$paramod$ff257773bd01275f0d043df288de414e423018a5\npu_pe'.
Parameter \PSUM_W = 19
Parameter \MUL_ARCH = 0
Parameter \ADD_ARCH = 0
Found cached RTLIL representation for module `$paramod$ff257773bd01275f0d043df288de414e423018a5\npu_pe'.
Parameter \PSUM_W = 19
Parameter \MUL_ARCH = 0
Parameter \ADD_ARCH = 0
Found cached RTLIL representation for module `$paramod$ff257773bd01275f0d043df288de414e423018a5\npu_pe'.
Parameter \PSUM_W = 19
Parameter \MUL_ARCH = 0
Parameter \ADD_ARCH = 0
Found cached RTLIL representation for module `$paramod$ff257773bd01275f0d043df288de414e423018a5\npu_pe'.
Parameter \PSUM_W = 19
Parameter \MUL_ARCH = 0
Parameter \ADD_ARCH = 0
Found cached RTLIL representation for module `$paramod$ff257773bd01275f0d043df288de414e423018a5\npu_pe'.
Parameter \WIDTH = 19
Parameter \ARCH = 0

15.3. Executing AST frontend in derive mode using pre-parsed AST for module `\npu_adder'.
Parameter \WIDTH = 19
Parameter \ARCH = 0
Generating RTLIL representation for module `$paramod$fb8eb8dcaf3ef364e4d47beadacd83e06bae8163\npu_adder'.
Parameter \A_W = 8
Parameter \B_W = 8
Parameter \MUL_ARCH = 0
Parameter \ADD_ARCH = 0

15.4. Executing AST frontend in derive mode using pre-parsed AST for module `\npu_mult'.
Parameter \A_W = 8
Parameter \B_W = 8
Parameter \MUL_ARCH = 0
Parameter \ADD_ARCH = 0
Generating RTLIL representation for module `$paramod$a1cbd45a87523b3aa3376e3b8d05abd91c4cb6bf\npu_mult'.
Parameter \WIDTH = 25
Parameter \ARCH = 0

15.5. Executing AST frontend in derive mode using pre-parsed AST for module `\npu_adder'.
Parameter \WIDTH = 25
Parameter \ARCH = 0
Generating RTLIL representation for module `$paramod$ba7bff7ae67ca0921cf86cd97b8021e2ec0c5424\npu_adder'.
Parameter \WIDTH = 25
Parameter \ARCH = 0
Found cached RTLIL representation for module `$paramod$ba7bff7ae67ca0921cf86cd97b8021e2ec0c5424\npu_adder'.
Parameter \T_W = 24
Parameter \M_W = 16
Parameter \SH_W = 5
Parameter \ADD_ARCH = 0

15.6. Executing AST frontend in derive mode using pre-parsed AST for module `\npu_requant'.
Parameter \T_W = 24
Parameter \M_W = 16
Parameter \SH_W = 5
Parameter \ADD_ARCH = 0
Generating RTLIL representation for module `$paramod$30391a695cf76b71d765391e92da753473a83243\npu_requant'.
Parameter \ROWS = 4
Parameter \COLS = 2
Parameter \PSUM_W = 19
Parameter \MUL_ARCH = 0
Parameter \ADD_ARCH = 0

15.7. Executing AST frontend in derive mode using pre-parsed AST for module `\npu_array'.
Parameter \ROWS = 4
Parameter \COLS = 2
Parameter \PSUM_W = 19
Parameter \MUL_ARCH = 0
Parameter \ADD_ARCH = 0
Generating RTLIL representation for module `$paramod$666da260e2ee1dff8ff77b4606c64809bcab2bb0\npu_array'.
Parameter \W_LEN = 8
Parameter \ACT_LEN = 16
Parameter \BIAS_LEN = 6
Parameter \QUANT_LEN = 6
Parameter \RPTR_W = 5

15.8. Executing AST frontend in derive mode using pre-parsed AST for module `\npu_host_if'.
Parameter \W_LEN = 8
Parameter \ACT_LEN = 16
Parameter \BIAS_LEN = 6
Parameter \QUANT_LEN = 6
Parameter \RPTR_W = 5
Generating RTLIL representation for module `$paramod$529a98eedf781dfdd5b6499ee6f6fb7d2878c518\npu_host_if'.
Parameter \WIDTH = 26
Parameter \ARCH = 0

15.9. Executing AST frontend in derive mode using pre-parsed AST for module `\npu_adder'.
Parameter \WIDTH = 26
Parameter \ARCH = 0
Generating RTLIL representation for module `$paramod$d9c2f9dfb5e64c8dbdf33064c2b44a2f73ce6cb6\npu_adder'.
Parameter \A_W = 8
Parameter \B_W = 8

15.10. Executing AST frontend in derive mode using pre-parsed AST for module `\npu_pp_baugh_wooley'.
Parameter \A_W = 8
Parameter \B_W = 8
Generating RTLIL representation for module `$paramod$1ed99f1253f88f2664ca886b8b7f7f8ea7f768dd\npu_pp_baugh_wooley'.
Parameter \WIDTH = 16
Parameter \ARCH = 0

15.11. Executing AST frontend in derive mode using pre-parsed AST for module `\npu_adder'.
Parameter \WIDTH = 16
Parameter \ARCH = 0
Generating RTLIL representation for module `$paramod$60b3baad27a8ade2b24a1797a14779826394a681\npu_adder'.
Parameter \ROWS = 4
Parameter \COLS = 2
Parameter \S_MAX = 6
Parameter \ACC_W = 24
Parameter \M_W = 16
Parameter \SH_W = 5
Parameter \MUL_ARCH = 1
Parameter \ADD_ARCH = 4

15.12. Executing AST frontend in derive mode using pre-parsed AST for module `\npu_core'.
Parameter \ROWS = 4
Parameter \COLS = 2
Parameter \S_MAX = 6
Parameter \ACC_W = 24
Parameter \M_W = 16
Parameter \SH_W = 5
Parameter \MUL_ARCH = 1
Parameter \ADD_ARCH = 4
Generating RTLIL representation for module `$paramod$d2962093f8dd9d4e7179b97995761c09e7733d71\npu_core'.

15.13. Analyzing design hierarchy..
Top module:  \tt_um_danieltyukov_int8_npu
Used module:     $paramod$d2962093f8dd9d4e7179b97995761c09e7733d71\npu_core
Used module:         \npu_adder
Used module:         \npu_activation
Used module:         \npu_requant
Used module:             $paramod$d9c2f9dfb5e64c8dbdf33064c2b44a2f73ce6cb6\npu_adder
Used module:         \npu_array
Used module:             $paramod$ff257773bd01275f0d043df288de414e423018a5\npu_pe
Used module:                 \npu_mult
Used module:                     $paramod$1ed99f1253f88f2664ca886b8b7f7f8ea7f768dd\npu_pp_baugh_wooley
Used module:                     $paramod$60b3baad27a8ade2b24a1797a14779826394a681\npu_adder
Used module:         \npu_host_if
Parameter \WIDTH = 19
Parameter \ARCH = 0
Found cached RTLIL representation for module `$paramod$fb8eb8dcaf3ef364e4d47beadacd83e06bae8163\npu_adder'.
Parameter \A_W = 8
Parameter \B_W = 8
Parameter \MUL_ARCH = 0
Parameter \ADD_ARCH = 0
Found cached RTLIL representation for module `$paramod$a1cbd45a87523b3aa3376e3b8d05abd91c4cb6bf\npu_mult'.
Parameter \WIDTH = 25
Parameter \ARCH = 4

15.14. Executing AST frontend in derive mode using pre-parsed AST for module `\npu_adder'.
Parameter \WIDTH = 25
Parameter \ARCH = 4
Generating RTLIL representation for module `$paramod$2d6c54a146b5c9bc63af6521ae2fae94a8696de1\npu_adder'.
Parameter \WIDTH = 25
Parameter \ARCH = 4
Found cached RTLIL representation for module `$paramod$2d6c54a146b5c9bc63af6521ae2fae94a8696de1\npu_adder'.
Parameter \T_W = 24
Parameter \M_W = 16
Parameter \SH_W = 5
Parameter \ADD_ARCH = 4

15.15. Executing AST frontend in derive mode using pre-parsed AST for module `\npu_requant'.
Parameter \T_W = 24
Parameter \M_W = 16
Parameter \SH_W = 5
Parameter \ADD_ARCH = 4
Generating RTLIL representation for module `$paramod$9762f17314fc00bcc8483d811536c717be533d3b\npu_requant'.
Parameter \ROWS = 4
Parameter \COLS = 2
Parameter \PSUM_W = 19
Parameter \MUL_ARCH = 1
Parameter \ADD_ARCH = 4

15.16. Executing AST frontend in derive mode using pre-parsed AST for module `\npu_array'.
Parameter \ROWS = 4
Parameter \COLS = 2
Parameter \PSUM_W = 19
Parameter \MUL_ARCH = 1
Parameter \ADD_ARCH = 4
Generating RTLIL representation for module `$paramod$dd13fb79ecc7134c504489cf60fd3e03faadd8f0\npu_array'.
Parameter \W_LEN = 8
Parameter \ACT_LEN = 24
Parameter \BIAS_LEN = 6
Parameter \QUANT_LEN = 6
Parameter \RPTR_W = 6

15.17. Executing AST frontend in derive mode using pre-parsed AST for module `\npu_host_if'.
Parameter \W_LEN = 8
Parameter \ACT_LEN = 24
Parameter \BIAS_LEN = 6
Parameter \QUANT_LEN = 6
Parameter \RPTR_W = 6
Generating RTLIL representation for module `$paramod$a669845e71d033b9ed54d410c0832a058641c434\npu_host_if'.

15.18. Analyzing design hierarchy..
Top module:  \tt_um_danieltyukov_int8_npu
Used module:     $paramod$d2962093f8dd9d4e7179b97995761c09e7733d71\npu_core
Used module:         $paramod$2d6c54a146b5c9bc63af6521ae2fae94a8696de1\npu_adder
Used module:         \npu_activation
Used module:         $paramod$9762f17314fc00bcc8483d811536c717be533d3b\npu_requant
Used module:             \npu_adder
Used module:         $paramod$dd13fb79ecc7134c504489cf60fd3e03faadd8f0\npu_array
Used module:             \npu_pe
Used module:                 $paramod$fb8eb8dcaf3ef364e4d47beadacd83e06bae8163\npu_adder
Used module:                 $paramod$a1cbd45a87523b3aa3376e3b8d05abd91c4cb6bf\npu_mult
Used module:                     \npu_pp_baugh_wooley
Used module:         $paramod$a669845e71d033b9ed54d410c0832a058641c434\npu_host_if
Parameter \A_W = 8
Parameter \B_W = 8
Found cached RTLIL representation for module `$paramod$1ed99f1253f88f2664ca886b8b7f7f8ea7f768dd\npu_pp_baugh_wooley'.
Parameter \WIDTH = 16
Parameter \ARCH = 0
Found cached RTLIL representation for module `$paramod$60b3baad27a8ade2b24a1797a14779826394a681\npu_adder'.
Parameter \WIDTH = 26
Parameter \ARCH = 4

15.19. Executing AST frontend in derive mode using pre-parsed AST for module `\npu_adder'.
Parameter \WIDTH = 26
Parameter \ARCH = 4
Generating RTLIL representation for module `$paramod$00e50bd1d9329584e2110eb397cc8a22011310c9\npu_adder'.
Parameter \PSUM_W = 19
Parameter \MUL_ARCH = 1
Parameter \ADD_ARCH = 4

15.20. Executing AST frontend in derive mode using pre-parsed AST for module `\npu_pe'.
Parameter \PSUM_W = 19
Parameter \MUL_ARCH = 1
Parameter \ADD_ARCH = 4
Generating RTLIL representation for module `$paramod$67ba8969b455a9921a0ce9d05bfcb7563f4a488b\npu_pe'.
Parameter \PSUM_W = 19
Parameter \MUL_ARCH = 1
Parameter \ADD_ARCH = 4
Found cached RTLIL representation for module `$paramod$67ba8969b455a9921a0ce9d05bfcb7563f4a488b\npu_pe'.
Parameter \PSUM_W = 19
Parameter \MUL_ARCH = 1
Parameter \ADD_ARCH = 4
Found cached RTLIL representation for module `$paramod$67ba8969b455a9921a0ce9d05bfcb7563f4a488b\npu_pe'.
Parameter \PSUM_W = 19
Parameter \MUL_ARCH = 1
Parameter \ADD_ARCH = 4
Found cached RTLIL representation for module `$paramod$67ba8969b455a9921a0ce9d05bfcb7563f4a488b\npu_pe'.
Parameter \PSUM_W = 19
Parameter \MUL_ARCH = 1
Parameter \ADD_ARCH = 4
Found cached RTLIL representation for module `$paramod$67ba8969b455a9921a0ce9d05bfcb7563f4a488b\npu_pe'.
Parameter \PSUM_W = 19
Parameter \MUL_ARCH = 1
Parameter \ADD_ARCH = 4
Found cached RTLIL representation for module `$paramod$67ba8969b455a9921a0ce9d05bfcb7563f4a488b\npu_pe'.
Parameter \PSUM_W = 19
Parameter \MUL_ARCH = 1
Parameter \ADD_ARCH = 4
Found cached RTLIL representation for module `$paramod$67ba8969b455a9921a0ce9d05bfcb7563f4a488b\npu_pe'.
Parameter \PSUM_W = 19
Parameter \MUL_ARCH = 1
Parameter \ADD_ARCH = 4
Found cached RTLIL representation for module `$paramod$67ba8969b455a9921a0ce9d05bfcb7563f4a488b\npu_pe'.

15.21. Analyzing design hierarchy..
Top module:  \tt_um_danieltyukov_int8_npu
Used module:     $paramod$d2962093f8dd9d4e7179b97995761c09e7733d71\npu_core
Used module:         $paramod$2d6c54a146b5c9bc63af6521ae2fae94a8696de1\npu_adder
Used module:         \npu_activation
Used module:         $paramod$9762f17314fc00bcc8483d811536c717be533d3b\npu_requant
Used module:             $paramod$00e50bd1d9329584e2110eb397cc8a22011310c9\npu_adder
Used module:         $paramod$dd13fb79ecc7134c504489cf60fd3e03faadd8f0\npu_array
Used module:             $paramod$67ba8969b455a9921a0ce9d05bfcb7563f4a488b\npu_pe
Used module:                 \npu_adder
Used module:                 \npu_mult
Used module:                     $paramod$1ed99f1253f88f2664ca886b8b7f7f8ea7f768dd\npu_pp_baugh_wooley
Used module:                     $paramod$60b3baad27a8ade2b24a1797a14779826394a681\npu_adder
Used module:         $paramod$a669845e71d033b9ed54d410c0832a058641c434\npu_host_if
Parameter \WIDTH = 19
Parameter \ARCH = 4

15.22. Executing AST frontend in derive mode using pre-parsed AST for module `\npu_adder'.
Parameter \WIDTH = 19
Parameter \ARCH = 4
Generating RTLIL representation for module `$paramod$249e2fefde2cea6485f1861c172b2e75dba89233\npu_adder'.
Parameter \A_W = 8
Parameter \B_W = 8
Parameter \MUL_ARCH = 1
Parameter \ADD_ARCH = 4

15.23. Executing AST frontend in derive mode using pre-parsed AST for module `\npu_mult'.
Parameter \A_W = 8
Parameter \B_W = 8
Parameter \MUL_ARCH = 1
Parameter \ADD_ARCH = 4
Generating RTLIL representation for module `$paramod$67e98feaf73b54d35f9441170982b8d89b9a2316\npu_mult'.

15.24. Analyzing design hierarchy..
Top module:  \tt_um_danieltyukov_int8_npu
Used module:     $paramod$d2962093f8dd9d4e7179b97995761c09e7733d71\npu_core
Used module:         $paramod$2d6c54a146b5c9bc63af6521ae2fae94a8696de1\npu_adder
Used module:         \npu_activation
Used module:         $paramod$9762f17314fc00bcc8483d811536c717be533d3b\npu_requant
Used module:             $paramod$00e50bd1d9329584e2110eb397cc8a22011310c9\npu_adder
Used module:         $paramod$dd13fb79ecc7134c504489cf60fd3e03faadd8f0\npu_array
Used module:             $paramod$67ba8969b455a9921a0ce9d05bfcb7563f4a488b\npu_pe
Used module:                 $paramod$249e2fefde2cea6485f1861c172b2e75dba89233\npu_adder
Used module:                 $paramod$67e98feaf73b54d35f9441170982b8d89b9a2316\npu_mult
Used module:                     \npu_csa_reduce
Used module:                     \npu_pp_baugh_wooley
Used module:                     \npu_adder
Used module:         $paramod$a669845e71d033b9ed54d410c0832a058641c434\npu_host_if
Parameter \WIDTH = 16
Parameter \N = 3

15.25. Executing AST frontend in derive mode using pre-parsed AST for module `\npu_csa_reduce'.
Parameter \WIDTH = 16
Parameter \N = 3
Generating RTLIL representation for module `$paramod$17604f602797e3202e357decf915a5bc29aa0ca3\npu_csa_reduce'.
Parameter \WIDTH = 16
Parameter \N = 9

15.26. Executing AST frontend in derive mode using pre-parsed AST for module `\npu_csa_reduce'.
Parameter \WIDTH = 16
Parameter \N = 9
Generating RTLIL representation for module `$paramod$27a8bd94657cc90e38f275422f31847ddfd4487e\npu_csa_reduce'.
Parameter \A_W = 8
Parameter \B_W = 8
Found cached RTLIL representation for module `$paramod$1ed99f1253f88f2664ca886b8b7f7f8ea7f768dd\npu_pp_baugh_wooley'.
Parameter \WIDTH = 16
Parameter \ARCH = 4

15.27. Executing AST frontend in derive mode using pre-parsed AST for module `\npu_adder'.
Parameter \WIDTH = 16
Parameter \ARCH = 4
Generating RTLIL representation for module `$paramod$29b69393125ca7ee80b32022bd2decdec691949f\npu_adder'.

15.28. Analyzing design hierarchy..
Top module:  \tt_um_danieltyukov_int8_npu
Used module:     $paramod$d2962093f8dd9d4e7179b97995761c09e7733d71\npu_core
Used module:         $paramod$2d6c54a146b5c9bc63af6521ae2fae94a8696de1\npu_adder
Used module:         \npu_activation
Used module:         $paramod$9762f17314fc00bcc8483d811536c717be533d3b\npu_requant
Used module:             $paramod$00e50bd1d9329584e2110eb397cc8a22011310c9\npu_adder
Used module:         $paramod$dd13fb79ecc7134c504489cf60fd3e03faadd8f0\npu_array
Used module:             $paramod$67ba8969b455a9921a0ce9d05bfcb7563f4a488b\npu_pe
Used module:                 $paramod$249e2fefde2cea6485f1861c172b2e75dba89233\npu_adder
Used module:                 $paramod$67e98feaf73b54d35f9441170982b8d89b9a2316\npu_mult
Used module:                     $paramod$27a8bd94657cc90e38f275422f31847ddfd4487e\npu_csa_reduce
Used module:                         \npu_csa_reduce
Used module:                             $paramod$17604f602797e3202e357decf915a5bc29aa0ca3\npu_csa_reduce
Used module:                     $paramod$1ed99f1253f88f2664ca886b8b7f7f8ea7f768dd\npu_pp_baugh_wooley
Used module:                     $paramod$29b69393125ca7ee80b32022bd2decdec691949f\npu_adder
Used module:         $paramod$a669845e71d033b9ed54d410c0832a058641c434\npu_host_if
Parameter \WIDTH = 16
Parameter \N = 2

15.29. Executing AST frontend in derive mode using pre-parsed AST for module `\npu_csa_reduce'.
Parameter \WIDTH = 16
Parameter \N = 2
Generating RTLIL representation for module `$paramod$1eb2e9d021a26f5457ad6970e0ac2d330aaa366a\npu_csa_reduce'.
Parameter \WIDTH = 16
Parameter \N = 6

15.30. Executing AST frontend in derive mode using pre-parsed AST for module `\npu_csa_reduce'.
Parameter \WIDTH = 16
Parameter \N = 6
Generating RTLIL representation for module `$paramod$2b1d745c338a0a6e50bcd9a4dc82bdf12badc2b0\npu_csa_reduce'.

15.31. Analyzing design hierarchy..
Top module:  \tt_um_danieltyukov_int8_npu
Used module:     $paramod$d2962093f8dd9d4e7179b97995761c09e7733d71\npu_core
Used module:         $paramod$2d6c54a146b5c9bc63af6521ae2fae94a8696de1\npu_adder
Used module:         \npu_activation
Used module:         $paramod$9762f17314fc00bcc8483d811536c717be533d3b\npu_requant
Used module:             $paramod$00e50bd1d9329584e2110eb397cc8a22011310c9\npu_adder
Used module:         $paramod$dd13fb79ecc7134c504489cf60fd3e03faadd8f0\npu_array
Used module:             $paramod$67ba8969b455a9921a0ce9d05bfcb7563f4a488b\npu_pe
Used module:                 $paramod$249e2fefde2cea6485f1861c172b2e75dba89233\npu_adder
Used module:                 $paramod$67e98feaf73b54d35f9441170982b8d89b9a2316\npu_mult
Used module:                     $paramod$27a8bd94657cc90e38f275422f31847ddfd4487e\npu_csa_reduce
Used module:                         $paramod$2b1d745c338a0a6e50bcd9a4dc82bdf12badc2b0\npu_csa_reduce
Used module:                             \npu_csa_reduce
Used module:                                 $paramod$17604f602797e3202e357decf915a5bc29aa0ca3\npu_csa_reduce
Used module:                                     $paramod$1eb2e9d021a26f5457ad6970e0ac2d330aaa366a\npu_csa_reduce
Used module:                     $paramod$1ed99f1253f88f2664ca886b8b7f7f8ea7f768dd\npu_pp_baugh_wooley
Used module:                     $paramod$29b69393125ca7ee80b32022bd2decdec691949f\npu_adder
Used module:         $paramod$a669845e71d033b9ed54d410c0832a058641c434\npu_host_if
Parameter \WIDTH = 16
Parameter \N = 4

15.32. Executing AST frontend in derive mode using pre-parsed AST for module `\npu_csa_reduce'.
Parameter \WIDTH = 16
Parameter \N = 4
Generating RTLIL representation for module `$paramod$c023b5faa9c785d07331b76839e06bd1ab774764\npu_csa_reduce'.

15.33. Analyzing design hierarchy..
Top module:  \tt_um_danieltyukov_int8_npu
Used module:     $paramod$d2962093f8dd9d4e7179b97995761c09e7733d71\npu_core
Used module:         $paramod$2d6c54a146b5c9bc63af6521ae2fae94a8696de1\npu_adder
Used module:         \npu_activation
Used module:         $paramod$9762f17314fc00bcc8483d811536c717be533d3b\npu_requant
Used module:             $paramod$00e50bd1d9329584e2110eb397cc8a22011310c9\npu_adder
Used module:         $paramod$dd13fb79ecc7134c504489cf60fd3e03faadd8f0\npu_array
Used module:             $paramod$67ba8969b455a9921a0ce9d05bfcb7563f4a488b\npu_pe
Used module:                 $paramod$249e2fefde2cea6485f1861c172b2e75dba89233\npu_adder
Used module:                 $paramod$67e98feaf73b54d35f9441170982b8d89b9a2316\npu_mult
Used module:                     $paramod$27a8bd94657cc90e38f275422f31847ddfd4487e\npu_csa_reduce
Used module:                         $paramod$2b1d745c338a0a6e50bcd9a4dc82bdf12badc2b0\npu_csa_reduce
Used module:                             $paramod$c023b5faa9c785d07331b76839e06bd1ab774764\npu_csa_reduce
Used module:                                 \npu_csa_reduce
Used module:                                     $paramod$17604f602797e3202e357decf915a5bc29aa0ca3\npu_csa_reduce
Used module:                                         $paramod$1eb2e9d021a26f5457ad6970e0ac2d330aaa366a\npu_csa_reduce
Used module:                     $paramod$1ed99f1253f88f2664ca886b8b7f7f8ea7f768dd\npu_pp_baugh_wooley
Used module:                     $paramod$29b69393125ca7ee80b32022bd2decdec691949f\npu_adder
Used module:         $paramod$a669845e71d033b9ed54d410c0832a058641c434\npu_host_if
Parameter \WIDTH = 16
Parameter \N = 3
Found cached RTLIL representation for module `$paramod$17604f602797e3202e357decf915a5bc29aa0ca3\npu_csa_reduce'.

15.34. Analyzing design hierarchy..
Top module:  \tt_um_danieltyukov_int8_npu
Used module:     $paramod$d2962093f8dd9d4e7179b97995761c09e7733d71\npu_core
Used module:         $paramod$2d6c54a146b5c9bc63af6521ae2fae94a8696de1\npu_adder
Used module:         \npu_activation
Used module:         $paramod$9762f17314fc00bcc8483d811536c717be533d3b\npu_requant
Used module:             $paramod$00e50bd1d9329584e2110eb397cc8a22011310c9\npu_adder
Used module:         $paramod$dd13fb79ecc7134c504489cf60fd3e03faadd8f0\npu_array
Used module:             $paramod$67ba8969b455a9921a0ce9d05bfcb7563f4a488b\npu_pe
Used module:                 $paramod$249e2fefde2cea6485f1861c172b2e75dba89233\npu_adder
Used module:                 $paramod$67e98feaf73b54d35f9441170982b8d89b9a2316\npu_mult
Used module:                     $paramod$27a8bd94657cc90e38f275422f31847ddfd4487e\npu_csa_reduce
Used module:                         $paramod$2b1d745c338a0a6e50bcd9a4dc82bdf12badc2b0\npu_csa_reduce
Used module:                             $paramod$c023b5faa9c785d07331b76839e06bd1ab774764\npu_csa_reduce
Used module:                                 $paramod$17604f602797e3202e357decf915a5bc29aa0ca3\npu_csa_reduce
Used module:                                     $paramod$1eb2e9d021a26f5457ad6970e0ac2d330aaa366a\npu_csa_reduce
Used module:                     $paramod$1ed99f1253f88f2664ca886b8b7f7f8ea7f768dd\npu_pp_baugh_wooley
Used module:                     $paramod$29b69393125ca7ee80b32022bd2decdec691949f\npu_adder
Used module:         $paramod$a669845e71d033b9ed54d410c0832a058641c434\npu_host_if

15.35. Analyzing design hierarchy..
Top module:  \tt_um_danieltyukov_int8_npu
Used module:     $paramod$d2962093f8dd9d4e7179b97995761c09e7733d71\npu_core
Used module:         $paramod$2d6c54a146b5c9bc63af6521ae2fae94a8696de1\npu_adder
Used module:         \npu_activation
Used module:         $paramod$9762f17314fc00bcc8483d811536c717be533d3b\npu_requant
Used module:             $paramod$00e50bd1d9329584e2110eb397cc8a22011310c9\npu_adder
Used module:         $paramod$dd13fb79ecc7134c504489cf60fd3e03faadd8f0\npu_array
Used module:             $paramod$67ba8969b455a9921a0ce9d05bfcb7563f4a488b\npu_pe
Used module:                 $paramod$249e2fefde2cea6485f1861c172b2e75dba89233\npu_adder
Used module:                 $paramod$67e98feaf73b54d35f9441170982b8d89b9a2316\npu_mult
Used module:                     $paramod$27a8bd94657cc90e38f275422f31847ddfd4487e\npu_csa_reduce
Used module:                         $paramod$2b1d745c338a0a6e50bcd9a4dc82bdf12badc2b0\npu_csa_reduce
Used module:                             $paramod$c023b5faa9c785d07331b76839e06bd1ab774764\npu_csa_reduce
Used module:                                 $paramod$17604f602797e3202e357decf915a5bc29aa0ca3\npu_csa_reduce
Used module:                                     $paramod$1eb2e9d021a26f5457ad6970e0ac2d330aaa366a\npu_csa_reduce
Used module:                     $paramod$1ed99f1253f88f2664ca886b8b7f7f8ea7f768dd\npu_pp_baugh_wooley
Used module:                     $paramod$29b69393125ca7ee80b32022bd2decdec691949f\npu_adder
Used module:         $paramod$a669845e71d033b9ed54d410c0832a058641c434\npu_host_if
Removing unused module `$paramod$60b3baad27a8ade2b24a1797a14779826394a681\npu_adder'.
Removing unused module `$paramod$d9c2f9dfb5e64c8dbdf33064c2b44a2f73ce6cb6\npu_adder'.
Removing unused module `$paramod$529a98eedf781dfdd5b6499ee6f6fb7d2878c518\npu_host_if'.
Removing unused module `$paramod$666da260e2ee1dff8ff77b4606c64809bcab2bb0\npu_array'.
Removing unused module `$paramod$30391a695cf76b71d765391e92da753473a83243\npu_requant'.
Removing unused module `$paramod$ba7bff7ae67ca0921cf86cd97b8021e2ec0c5424\npu_adder'.
Removing unused module `$paramod$a1cbd45a87523b3aa3376e3b8d05abd91c4cb6bf\npu_mult'.
Removing unused module `$paramod$fb8eb8dcaf3ef364e4d47beadacd83e06bae8163\npu_adder'.
Removing unused module `$paramod$ff257773bd01275f0d043df288de414e423018a5\npu_pe'.
Removing unused module `\npu_requant'.
Removing unused module `\npu_pp_booth4'.
Removing unused module `\npu_pp_baugh_wooley'.
Removing unused module `\npu_pe'.
Removing unused module `\npu_mult'.
Removing unused module `\npu_host_if'.
Removing unused module `\npu_csa_reduce'.
Removing unused module `\npu_core'.
Removing unused module `\npu_array'.
Removing unused module `\npu_adder'.
Removed 19 unused modules.

16. Executing SYNTH pass.

16.1. Executing HIERARCHY pass (managing design hierarchy).

16.1.1. Analyzing design hierarchy..
Top module:  \tt_um_danieltyukov_int8_npu
Used module:     $paramod$d2962093f8dd9d4e7179b97995761c09e7733d71\npu_core
Used module:         $paramod$2d6c54a146b5c9bc63af6521ae2fae94a8696de1\npu_adder
Used module:         \npu_activation
Used module:         $paramod$9762f17314fc00bcc8483d811536c717be533d3b\npu_requant
Used module:             $paramod$00e50bd1d9329584e2110eb397cc8a22011310c9\npu_adder
Used module:         $paramod$dd13fb79ecc7134c504489cf60fd3e03faadd8f0\npu_array
Used module:             $paramod$67ba8969b455a9921a0ce9d05bfcb7563f4a488b\npu_pe
Used module:                 $paramod$249e2fefde2cea6485f1861c172b2e75dba89233\npu_adder
Used module:                 $paramod$67e98feaf73b54d35f9441170982b8d89b9a2316\npu_mult
Used module:                     $paramod$27a8bd94657cc90e38f275422f31847ddfd4487e\npu_csa_reduce
Used module:                         $paramod$2b1d745c338a0a6e50bcd9a4dc82bdf12badc2b0\npu_csa_reduce
Used module:                             $paramod$c023b5faa9c785d07331b76839e06bd1ab774764\npu_csa_reduce
Used module:                                 $paramod$17604f602797e3202e357decf915a5bc29aa0ca3\npu_csa_reduce
Used module:                                     $paramod$1eb2e9d021a26f5457ad6970e0ac2d330aaa366a\npu_csa_reduce
Used module:                     $paramod$1ed99f1253f88f2664ca886b8b7f7f8ea7f768dd\npu_pp_baugh_wooley
Used module:                     $paramod$29b69393125ca7ee80b32022bd2decdec691949f\npu_adder
Used module:         $paramod$a669845e71d033b9ed54d410c0832a058641c434\npu_host_if

16.1.2. Analyzing design hierarchy..
Top module:  \tt_um_danieltyukov_int8_npu
Used module:     $paramod$d2962093f8dd9d4e7179b97995761c09e7733d71\npu_core
Used module:         $paramod$2d6c54a146b5c9bc63af6521ae2fae94a8696de1\npu_adder
Used module:         \npu_activation
Used module:         $paramod$9762f17314fc00bcc8483d811536c717be533d3b\npu_requant
Used module:             $paramod$00e50bd1d9329584e2110eb397cc8a22011310c9\npu_adder
Used module:         $paramod$dd13fb79ecc7134c504489cf60fd3e03faadd8f0\npu_array
Used module:             $paramod$67ba8969b455a9921a0ce9d05bfcb7563f4a488b\npu_pe
Used module:                 $paramod$249e2fefde2cea6485f1861c172b2e75dba89233\npu_adder
Used module:                 $paramod$67e98feaf73b54d35f9441170982b8d89b9a2316\npu_mult
Used module:                     $paramod$27a8bd94657cc90e38f275422f31847ddfd4487e\npu_csa_reduce
Used module:                         $paramod$2b1d745c338a0a6e50bcd9a4dc82bdf12badc2b0\npu_csa_reduce
Used module:                             $paramod$c023b5faa9c785d07331b76839e06bd1ab774764\npu_csa_reduce
Used module:                                 $paramod$17604f602797e3202e357decf915a5bc29aa0ca3\npu_csa_reduce
Used module:                                     $paramod$1eb2e9d021a26f5457ad6970e0ac2d330aaa366a\npu_csa_reduce
Used module:                     $paramod$1ed99f1253f88f2664ca886b8b7f7f8ea7f768dd\npu_pp_baugh_wooley
Used module:                     $paramod$29b69393125ca7ee80b32022bd2decdec691949f\npu_adder
Used module:         $paramod$a669845e71d033b9ed54d410c0832a058641c434\npu_host_if
Removed 0 unused modules.

16.2. Executing PROC pass (convert processes to netlists).

16.2.1. Executing PROC_CLEAN pass (remove empty switches from decision trees).
Found and cleaned up 2 empty switches in `$paramod$29b69393125ca7ee80b32022bd2decdec691949f\npu_adder.$proc$/home/danieltyukov/workspace/personal/tt-ihp-int8-npu/src/npu_adder.sv:0$1988'.
Removing empty process `$paramod$29b69393125ca7ee80b32022bd2decdec691949f\npu_adder.$proc$/home/danieltyukov/workspace/personal/tt-ihp-int8-npu/src/npu_adder.sv:0$1988'.
Found and cleaned up 1 empty switch in `$paramod$27a8bd94657cc90e38f275422f31847ddfd4487e\npu_csa_reduce.$proc$/home/danieltyukov/workspace/personal/tt-ihp-int8-npu/src/npu_csa_reduce.sv:0$1885'.
Removing empty process `$paramod$27a8bd94657cc90e38f275422f31847ddfd4487e\npu_csa_reduce.$proc$/home/danieltyukov/workspace/personal/tt-ihp-int8-npu/src/npu_csa_reduce.sv:0$1885'.
Found and cleaned up 1 empty switch in `$paramod$17604f602797e3202e357decf915a5bc29aa0ca3\npu_csa_reduce.$proc$/home/danieltyukov/workspace/personal/tt-ihp-int8-npu/src/npu_csa_reduce.sv:0$1863'.
Removing empty process `$paramod$17604f602797e3202e357decf915a5bc29aa0ca3\npu_csa_reduce.$proc$/home/danieltyukov/workspace/personal/tt-ihp-int8-npu/src/npu_csa_reduce.sv:0$1863'.
Found and cleaned up 1 empty switch in `$paramod$67e98feaf73b54d35f9441170982b8d89b9a2316\npu_mult.$proc$/home/danieltyukov/workspace/personal/tt-ihp-int8-npu/src/npu_mult.sv:0$1855'.
Removing empty process `$paramod$67e98feaf73b54d35f9441170982b8d89b9a2316\npu_mult.$proc$/home/danieltyukov/workspace/personal/tt-ihp-int8-npu/src/npu_mult.sv:0$1855'.
Found and cleaned up 2 empty switches in `$paramod$249e2fefde2cea6485f1861c172b2e75dba89233\npu_adder.$proc$/home/danieltyukov/workspace/personal/tt-ihp-int8-npu/src/npu_adder.sv:0$1853'.
Removing empty process `$paramod$249e2fefde2cea6485f1861c172b2e75dba89233\npu_adder.$proc$/home/danieltyukov/workspace/personal/tt-ihp-int8-npu/src/npu_adder.sv:0$1853'.
Found and cleaned up 1 empty switch in `$paramod$67ba8969b455a9921a0ce9d05bfcb7563f4a488b\npu_pe.$proc$/home/danieltyukov/workspace/personal/tt-ihp-int8-npu/src/npu_pe.sv:0$1729'.
Removing empty process `$paramod$67ba8969b455a9921a0ce9d05bfcb7563f4a488b\npu_pe.$proc$/home/danieltyukov/workspace/personal/tt-ihp-int8-npu/src/npu_pe.sv:0$1729'.
Found and cleaned up 2 empty switches in `$paramod$00e50bd1d9329584e2110eb397cc8a22011310c9\npu_adder.$proc$/home/danieltyukov/workspace/personal/tt-ihp-int8-npu/src/npu_adder.sv:0$1725'.
Removing empty process `$paramod$00e50bd1d9329584e2110eb397cc8a22011310c9\npu_adder.$proc$/home/danieltyukov/workspace/personal/tt-ihp-int8-npu/src/npu_adder.sv:0$1725'.
Found and cleaned up 3 empty switches in `$paramod$dd13fb79ecc7134c504489cf60fd3e03faadd8f0\npu_array.$proc$/home/danieltyukov/workspace/personal/tt-ihp-int8-npu/src/npu_array.sv:0$1486'.
Removing empty process `$paramod$dd13fb79ecc7134c504489cf60fd3e03faadd8f0\npu_array.$proc$/home/danieltyukov/workspace/personal/tt-ihp-int8-npu/src/npu_array.sv:0$1486'.
Found and cleaned up 4 empty switches in `$paramod$9762f17314fc00bcc8483d811536c717be533d3b\npu_requant.$proc$/home/danieltyukov/workspace/personal/tt-ihp-int8-npu/src/npu_requant.sv:0$1484'.
Removing empty process `$paramod$9762f17314fc00bcc8483d811536c717be533d3b\npu_requant.$proc$/home/danieltyukov/workspace/personal/tt-ihp-int8-npu/src/npu_requant.sv:0$1484'.
Found and cleaned up 2 empty switches in `$paramod$2d6c54a146b5c9bc63af6521ae2fae94a8696de1\npu_adder.$proc$/home/danieltyukov/workspace/personal/tt-ihp-int8-npu/src/npu_adder.sv:0$1439'.
Removing empty process `$paramod$2d6c54a146b5c9bc63af6521ae2fae94a8696de1\npu_adder.$proc$/home/danieltyukov/workspace/personal/tt-ihp-int8-npu/src/npu_adder.sv:0$1439'.
Found and cleaned up 8 empty switches in `$paramod$d2962093f8dd9d4e7179b97995761c09e7733d71\npu_core.$proc$/home/danieltyukov/workspace/personal/tt-ihp-int8-npu/src/npu_core.sv:0$1261'.
Removing empty process `$paramod$d2962093f8dd9d4e7179b97995761c09e7733d71\npu_core.$proc$/home/danieltyukov/workspace/personal/tt-ihp-int8-npu/src/npu_core.sv:0$1261'.
Found and cleaned up 1 empty switch in `$paramod$c023b5faa9c785d07331b76839e06bd1ab774764\npu_csa_reduce.$proc$/home/danieltyukov/workspace/personal/tt-ihp-int8-npu/src/npu_csa_reduce.sv:0$2012'.
Removing empty process `$paramod$c023b5faa9c785d07331b76839e06bd1ab774764\npu_csa_reduce.$proc$/home/danieltyukov/workspace/personal/tt-ihp-int8-npu/src/npu_csa_reduce.sv:0$2012'.
Found and cleaned up 1 empty switch in `$paramod$1ed99f1253f88f2664ca886b8b7f7f8ea7f768dd\npu_pp_baugh_wooley.$proc$/home/danieltyukov/workspace/personal/tt-ihp-int8-npu/src/npu_pp_baugh_wooley.sv:0$926'.
Removing empty process `$paramod$1ed99f1253f88f2664ca886b8b7f7f8ea7f768dd\npu_pp_baugh_wooley.$proc$/home/danieltyukov/workspace/personal/tt-ihp-int8-npu/src/npu_pp_baugh_wooley.sv:0$926'.
Found and cleaned up 1 empty switch in `$paramod$2b1d745c338a0a6e50bcd9a4dc82bdf12badc2b0\npu_csa_reduce.$proc$/home/danieltyukov/workspace/personal/tt-ihp-int8-npu/src/npu_csa_reduce.sv:0$2004'.
Removing empty process `$paramod$2b1d745c338a0a6e50bcd9a4dc82bdf12badc2b0\npu_csa_reduce.$proc$/home/danieltyukov/workspace/personal/tt-ihp-int8-npu/src/npu_csa_reduce.sv:0$2004'.
Found and cleaned up 1 empty switch in `$paramod$1eb2e9d021a26f5457ad6970e0ac2d330aaa366a\npu_csa_reduce.$proc$/home/danieltyukov/workspace/personal/tt-ihp-int8-npu/src/npu_csa_reduce.sv:0$1989'.
Removing empty process `$paramod$1eb2e9d021a26f5457ad6970e0ac2d330aaa366a\npu_csa_reduce.$proc$/home/danieltyukov/workspace/personal/tt-ihp-int8-npu/src/npu_csa_reduce.sv:0$1989'.
Cleaned up 31 empty switches.

16.2.2. Executing PROC_RMDEAD pass (remove dead branches from decision trees).
Marked 1 switch rules as full_case in process $proc$/home/danieltyukov/workspace/personal/tt-ihp-int8-npu/src/npu_pe.sv:84$1726 in module $paramod$67ba8969b455a9921a0ce9d05bfcb7563f4a488b\npu_pe.
Marked 9 switch rules as full_case in process $proc$/home/danieltyukov/workspace/personal/tt-ihp-int8-npu/src/npu_host_if.sv:123$1490 in module $paramod$a669845e71d033b9ed54d410c0832a058641c434\npu_host_if.
Marked 3 switch rules as full_case in process $proc$/home/danieltyukov/workspace/personal/tt-ihp-int8-npu/src/npu_requant.sv:137$1464 in module $paramod$9762f17314fc00bcc8483d811536c717be533d3b\npu_requant.
Marked 2 switch rules as full_case in process $proc$/home/danieltyukov/workspace/personal/tt-ihp-int8-npu/src/npu_core.sv:396$1259 in module $paramod$d2962093f8dd9d4e7179b97995761c09e7733d71\npu_core.
Marked 2 switch rules as full_case in process $proc$/home/danieltyukov/workspace/personal/tt-ihp-int8-npu/src/npu_core.sv:396$1251 in module $paramod$d2962093f8dd9d4e7179b97995761c09e7733d71\npu_core.
Marked 2 switch rules as full_case in process $proc$/home/danieltyukov/workspace/personal/tt-ihp-int8-npu/src/npu_core.sv:396$1243 in module $paramod$d2962093f8dd9d4e7179b97995761c09e7733d71\npu_core.
Marked 2 switch rules as full_case in process $proc$/home/danieltyukov/workspace/personal/tt-ihp-int8-npu/src/npu_core.sv:396$1235 in module $paramod$d2962093f8dd9d4e7179b97995761c09e7733d71\npu_core.
Marked 2 switch rules as full_case in process $proc$/home/danieltyukov/workspace/personal/tt-ihp-int8-npu/src/npu_core.sv:396$1227 in module $paramod$d2962093f8dd9d4e7179b97995761c09e7733d71\npu_core.
Marked 2 switch rules as full_case in process $proc$/home/danieltyukov/workspace/personal/tt-ihp-int8-npu/src/npu_core.sv:396$1219 in module $paramod$d2962093f8dd9d4e7179b97995761c09e7733d71\npu_core.
Marked 2 switch rules as full_case in process $proc$/home/danieltyukov/workspace/personal/tt-ihp-int8-npu/src/npu_core.sv:396$1211 in module $paramod$d2962093f8dd9d4e7179b97995761c09e7733d71\npu_core.
Marked 2 switch rules as full_case in process $proc$/home/danieltyukov/workspace/personal/tt-ihp-int8-npu/src/npu_core.sv:396$1203 in module $paramod$d2962093f8dd9d4e7179b97995761c09e7733d71\npu_core.
Marked 2 switch rules as full_case in process $proc$/home/danieltyukov/workspace/personal/tt-ihp-int8-npu/src/npu_core.sv:396$1195 in module $paramod$d2962093f8dd9d4e7179b97995761c09e7733d71\npu_core.
Marked 2 switch rules as full_case in process $proc$/home/danieltyukov/workspace/personal/tt-ihp-int8-npu/src/npu_core.sv:396$1187 in module $paramod$d2962093f8dd9d4e7179b97995761c09e7733d71\npu_core.
Marked 2 switch rules as full_case in process $proc$/home/danieltyukov/workspace/personal/tt-ihp-int8-npu/src/npu_core.sv:396$1179 in module $paramod$d2962093f8dd9d4e7179b97995761c09e7733d71\npu_core.
Marked 2 switch rules as full_case in process $proc$/home/danieltyukov/workspace/personal/tt-ihp-int8-npu/src/npu_core.sv:396$1171 in module $paramod$d2962093f8dd9d4e7179b97995761c09e7733d71\npu_core.
Marked 2 switch rules as full_case in process $proc$/home/danieltyukov/workspace/personal/tt-ihp-int8-npu/src/npu_core.sv:330$1162 in module $paramod$d2962093f8dd9d4e7179b97995761c09e7733d71\npu_core.
Marked 2 switch rules as full_case in process $proc$/home/danieltyukov/workspace/personal/tt-ihp-int8-npu/src/npu_core.sv:330$1156 in module $paramod$d2962093f8dd9d4e7179b97995761c09e7733d71\npu_core.
Marked 2 switch rules as full_case in process $proc$/home/danieltyukov/workspace/personal/tt-ihp-int8-npu/src/npu_core.sv:330$1150 in module $paramod$d2962093f8dd9d4e7179b97995761c09e7733d71\npu_core.
Marked 2 switch rules as full_case in process $proc$/home/danieltyukov/workspace/personal/tt-ihp-int8-npu/src/npu_core.sv:330$1144 in module $paramod$d2962093f8dd9d4e7179b97995761c09e7733d71\npu_core.
Marked 2 switch rules as full_case in process $proc$/home/danieltyukov/workspace/personal/tt-ihp-int8-npu/src/npu_core.sv:330$1138 in module $paramod$d2962093f8dd9d4e7179b97995761c09e7733d71\npu_core.
Marked 2 switch rules as full_case in process $proc$/home/danieltyukov/workspace/personal/tt-ihp-int8-npu/src/npu_core.sv:330$1132 in module $paramod$d2962093f8dd9d4e7179b97995761c09e7733d71\npu_core.
Marked 2 switch rules as full_case in process $proc$/home/danieltyukov/workspace/personal/tt-ihp-int8-npu/src/npu_core.sv:330$1115 in module $paramod$d2962093f8dd9d4e7179b97995761c09e7733d71\npu_core.
Marked 2 switch rules as full_case in process $proc$/home/danieltyukov/workspace/personal/tt-ihp-int8-npu/src/npu_core.sv:330$1109 in module $paramod$d2962093f8dd9d4e7179b97995761c09e7733d71\npu_core.
Marked 2 switch rules as full_case in process $proc$/home/danieltyukov/workspace/personal/tt-ihp-int8-npu/src/npu_core.sv:330$1103 in module $paramod$d2962093f8dd9d4e7179b97995761c09e7733d71\npu_core.
Marked 2 switch rules as full_case in process $proc$/home/danieltyukov/workspace/personal/tt-ihp-int8-npu/src/npu_core.sv:330$1097 in module $paramod$d2962093f8dd9d4e7179b97995761c09e7733d71\npu_core.
Marked 2 switch rules as full_case in process $proc$/home/danieltyukov/workspace/personal/tt-ihp-int8-npu/src/npu_core.sv:330$1091 in module $paramod$d2962093f8dd9d4e7179b97995761c09e7733d71\npu_core.
Marked 2 switch rules as full_case in process $proc$/home/danieltyukov/workspace/personal/tt-ihp-int8-npu/src/npu_core.sv:330$1085 in module $paramod$d2962093f8dd9d4e7179b97995761c09e7733d71\npu_core.
Marked 1 switch rules as full_case in process $proc$/home/danieltyukov/workspace/personal/tt-ihp-int8-npu/src/npu_core.sv:0$1010 in module $paramod$d2962093f8dd9d4e7179b97995761c09e7733d71\npu_core.
Marked 1 switch rules as full_case in process $proc$/home/danieltyukov/workspace/personal/tt-ihp-int8-npu/src/npu_core.sv:0$1009 in module $paramod$d2962093f8dd9d4e7179b97995761c09e7733d71\npu_core.
Marked 6 switch rules as full_case in process $proc$/home/danieltyukov/workspace/personal/tt-ihp-int8-npu/src/npu_core.sv:415$993 in module $paramod$d2962093f8dd9d4e7179b97995761c09e7733d71\npu_core.
Marked 2 switch rules as full_case in process $proc$/home/danieltyukov/workspace/personal/tt-ihp-int8-npu/src/npu_core.sv:263$971 in module $paramod$d2962093f8dd9d4e7179b97995761c09e7733d71\npu_core.
Marked 2 switch rules as full_case in process $proc$/home/danieltyukov/workspace/personal/tt-ihp-int8-npu/src/npu_core.sv:173$966 in module $paramod$d2962093f8dd9d4e7179b97995761c09e7733d71\npu_core.
Removed a total of 0 dead cases.

16.2.3. Executing PROC_PRUNE pass (remove redundant assignments in processes).
Removed 16 redundant assignments.
Promoted 8 assignments to connections.

16.2.4. Executing PROC_INIT pass (extract init attributes).

16.2.5. Executing PROC_ARST pass (detect async resets in processes).
Found async reset \rst_n in `$paramod$67ba8969b455a9921a0ce9d05bfcb7563f4a488b\npu_pe.$proc$/home/danieltyukov/workspace/personal/tt-ihp-int8-npu/src/npu_pe.sv:84$1726'.
Found async reset \rst_n in `$paramod$a669845e71d033b9ed54d410c0832a058641c434\npu_host_if.$proc$/home/danieltyukov/workspace/personal/tt-ihp-int8-npu/src/npu_host_if.sv:123$1490'.
Found async reset \rst_n in `$paramod$9762f17314fc00bcc8483d811536c717be533d3b\npu_requant.$proc$/home/danieltyukov/workspace/personal/tt-ihp-int8-npu/src/npu_requant.sv:137$1464'.
Found async reset \rst_n in `$paramod$d2962093f8dd9d4e7179b97995761c09e7733d71\npu_core.$proc$/home/danieltyukov/workspace/personal/tt-ihp-int8-npu/src/npu_core.sv:396$1259'.
Found async reset \rst_n in `$paramod$d2962093f8dd9d4e7179b97995761c09e7733d71\npu_core.$proc$/home/danieltyukov/workspace/personal/tt-ihp-int8-npu/src/npu_core.sv:396$1251'.
Found async reset \rst_n in `$paramod$d2962093f8dd9d4e7179b97995761c09e7733d71\npu_core.$proc$/home/danieltyukov/workspace/personal/tt-ihp-int8-npu/src/npu_core.sv:396$1243'.
Found async reset \rst_n in `$paramod$d2962093f8dd9d4e7179b97995761c09e7733d71\npu_core.$proc$/home/danieltyukov/workspace/personal/tt-ihp-int8-npu/src/npu_core.sv:396$1235'.
Found async reset \rst_n in `$paramod$d2962093f8dd9d4e7179b97995761c09e7733d71\npu_core.$proc$/home/danieltyukov/workspace/personal/tt-ihp-int8-npu/src/npu_core.sv:396$1227'.
Found async reset \rst_n in `$paramod$d2962093f8dd9d4e7179b97995761c09e7733d71\npu_core.$proc$/home/danieltyukov/workspace/personal/tt-ihp-int8-npu/src/npu_core.sv:396$1219'.
Found async reset \rst_n in `$paramod$d2962093f8dd9d4e7179b97995761c09e7733d71\npu_core.$proc$/home/danieltyukov/workspace/personal/tt-ihp-int8-npu/src/npu_core.sv:396$1211'.
Found async reset \rst_n in `$paramod$d2962093f8dd9d4e7179b97995761c09e7733d71\npu_core.$proc$/home/danieltyukov/workspace/personal/tt-ihp-int8-npu/src/npu_core.sv:396$1203'.
Found async reset \rst_n in `$paramod$d2962093f8dd9d4e7179b97995761c09e7733d71\npu_core.$proc$/home/danieltyukov/workspace/personal/tt-ihp-int8-npu/src/npu_core.sv:396$1195'.
Found async reset \rst_n in `$paramod$d2962093f8dd9d4e7179b97995761c09e7733d71\npu_core.$proc$/home/danieltyukov/workspace/personal/tt-ihp-int8-npu/src/npu_core.sv:396$1187'.
Found async reset \rst_n in `$paramod$d2962093f8dd9d4e7179b97995761c09e7733d71\npu_core.$proc$/home/danieltyukov/workspace/personal/tt-ihp-int8-npu/src/npu_core.sv:396$1179'.
Found async reset \rst_n in `$paramod$d2962093f8dd9d4e7179b97995761c09e7733d71\npu_core.$proc$/home/danieltyukov/workspace/personal/tt-ihp-int8-npu/src/npu_core.sv:396$1171'.
Found async reset \rst_n in `$paramod$d2962093f8dd9d4e7179b97995761c09e7733d71\npu_core.$proc$/home/danieltyukov/workspace/personal/tt-ihp-int8-npu/src/npu_core.sv:330$1162'.
Found async reset \rst_n in `$paramod$d2962093f8dd9d4e7179b97995761c09e7733d71\npu_core.$proc$/home/danieltyukov/workspace/personal/tt-ihp-int8-npu/src/npu_core.sv:330$1156'.
Found async reset \rst_n in `$paramod$d2962093f8dd9d4e7179b97995761c09e7733d71\npu_core.$proc$/home/danieltyukov/workspace/personal/tt-ihp-int8-npu/src/npu_core.sv:330$1150'.
Found async reset \rst_n in `$paramod$d2962093f8dd9d4e7179b97995761c09e7733d71\npu_core.$proc$/home/danieltyukov/workspace/personal/tt-ihp-int8-npu/src/npu_core.sv:330$1144'.
Found async reset \rst_n in `$paramod$d2962093f8dd9d4e7179b97995761c09e7733d71\npu_core.$proc$/home/danieltyukov/workspace/personal/tt-ihp-int8-npu/src/npu_core.sv:330$1138'.
Found async reset \rst_n in `$paramod$d2962093f8dd9d4e7179b97995761c09e7733d71\npu_core.$proc$/home/danieltyukov/workspace/personal/tt-ihp-int8-npu/src/npu_core.sv:330$1132'.
Found async reset \rst_n in `$paramod$d2962093f8dd9d4e7179b97995761c09e7733d71\npu_core.$proc$/home/danieltyukov/workspace/personal/tt-ihp-int8-npu/src/npu_core.sv:330$1115'.
Found async reset \rst_n in `$paramod$d2962093f8dd9d4e7179b97995761c09e7733d71\npu_core.$proc$/home/danieltyukov/workspace/personal/tt-ihp-int8-npu/src/npu_core.sv:330$1109'.
Found async reset \rst_n in `$paramod$d2962093f8dd9d4e7179b97995761c09e7733d71\npu_core.$proc$/home/danieltyukov/workspace/personal/tt-ihp-int8-npu/src/npu_core.sv:330$1103'.
Found async reset \rst_n in `$paramod$d2962093f8dd9d4e7179b97995761c09e7733d71\npu_core.$proc$/home/danieltyukov/workspace/personal/tt-ihp-int8-npu/src/npu_core.sv:330$1097'.
Found async reset \rst_n in `$paramod$d2962093f8dd9d4e7179b97995761c09e7733d71\npu_core.$proc$/home/danieltyukov/workspace/personal/tt-ihp-int8-npu/src/npu_core.sv:330$1091'.
Found async reset \rst_n in `$paramod$d2962093f8dd9d4e7179b97995761c09e7733d71\npu_core.$proc$/home/danieltyukov/workspace/personal/tt-ihp-int8-npu/src/npu_core.sv:330$1085'.
Found async reset \rst_n in `$paramod$d2962093f8dd9d4e7179b97995761c09e7733d71\npu_core.$proc$/home/danieltyukov/workspace/personal/tt-ihp-int8-npu/src/npu_core.sv:415$993'.
Found async reset \rst_n in `$paramod$d2962093f8dd9d4e7179b97995761c09e7733d71\npu_core.$proc$/home/danieltyukov/workspace/personal/tt-ihp-int8-npu/src/npu_core.sv:263$971'.
Found async reset \rst_n in `$paramod$d2962093f8dd9d4e7179b97995761c09e7733d71\npu_core.$proc$/home/danieltyukov/workspace/personal/tt-ihp-int8-npu/src/npu_core.sv:173$966'.

16.2.6. Executing PROC_ROM pass (convert switches to ROMs).
Converted 1 switch.
<suppressed ~88 debug messages>

16.2.7. Executing PROC_MUX pass (convert decision trees to multiplexers).
Creating decoders for process `$paramod$67ba8969b455a9921a0ce9d05bfcb7563f4a488b\npu_pe.$proc$/home/danieltyukov/workspace/personal/tt-ihp-int8-npu/src/npu_pe.sv:84$1726'.
     1/3: $0\psum_reg[18:0]
     2/3: $0\a_reg[7:0]
     3/3: $0\w_reg[7:0]
Creating decoders for process `$paramod$a669845e71d033b9ed54d410c0832a058641c434\npu_host_if.$proc$/home/danieltyukov/workspace/personal/tt-ihp-int8-npu/src/npu_host_if.sv:123$1490'.
     1/42: $5\payload_len$func$/home/danieltyukov/workspace/personal/tt-ihp-int8-npu/src/npu_host_if.sv:193$1489.$result[7:0]$1528
     2/42: $4\payload_len$func$/home/danieltyukov/workspace/personal/tt-ihp-int8-npu/src/npu_host_if.sv:193$1489.$result[7:0]$1526
     3/42: $4\payload_len$func$/home/danieltyukov/workspace/personal/tt-ihp-int8-npu/src/npu_host_if.sv:193$1489.o[3:0]$1527
     4/42: $4\known_op$func$/home/danieltyukov/workspace/personal/tt-ihp-int8-npu/src/npu_host_if.sv:167$1488.$result[0:0]$1522
     5/42: $4\payload_len$func$/home/danieltyukov/workspace/personal/tt-ihp-int8-npu/src/npu_host_if.sv:163$1487.$result[7:0]$1518
     6/42: $3\known_op$func$/home/danieltyukov/workspace/personal/tt-ihp-int8-npu/src/npu_host_if.sv:167$1488.$result[0:0]$1514
     7/42: $3\known_op$func$/home/danieltyukov/workspace/personal/tt-ihp-int8-npu/src/npu_host_if.sv:167$1488.o[3:0]$1515
     8/42: $3\payload_len$func$/home/danieltyukov/workspace/personal/tt-ihp-int8-npu/src/npu_host_if.sv:163$1487.$result[7:0]$1512
     9/42: $3\payload_len$func$/home/danieltyukov/workspace/personal/tt-ihp-int8-npu/src/npu_host_if.sv:163$1487.o[3:0]$1513
    10/42: $3\payload_len$func$/home/danieltyukov/workspace/personal/tt-ihp-int8-npu/src/npu_host_if.sv:193$1489.o[3:0]$1517
    11/42: $3\payload_len$func$/home/danieltyukov/workspace/personal/tt-ihp-int8-npu/src/npu_host_if.sv:193$1489.$result[7:0]$1516
    12/42: $2\payload_len$func$/home/danieltyukov/workspace/personal/tt-ihp-int8-npu/src/npu_host_if.sv:193$1489.o[3:0]$1510
    13/42: $2\payload_len$func$/home/danieltyukov/workspace/personal/tt-ihp-int8-npu/src/npu_host_if.sv:193$1489.$result[7:0]$1509
    14/42: $2\known_op$func$/home/danieltyukov/workspace/personal/tt-ihp-int8-npu/src/npu_host_if.sv:167$1488.o[3:0]$1508
    15/42: $2\known_op$func$/home/danieltyukov/workspace/personal/tt-ihp-int8-npu/src/npu_host_if.sv:167$1488.$result[0:0]$1507
    16/42: $2\payload_len$func$/home/danieltyukov/workspace/personal/tt-ihp-int8-npu/src/npu_host_if.sv:163$1487.o[3:0]$1506
    17/42: $2\payload_len$func$/home/danieltyukov/workspace/personal/tt-ihp-int8-npu/src/npu_host_if.sv:163$1487.$result[7:0]$1505
    18/42: $1\payload_len$func$/home/danieltyukov/workspace/personal/tt-ihp-int8-npu/src/npu_host_if.sv:193$1489.o[3:0]$1503
    19/42: $1\payload_len$func$/home/danieltyukov/workspace/personal/tt-ihp-int8-npu/src/npu_host_if.sv:193$1489.$result[7:0]$1502
    20/42: $1\known_op$func$/home/danieltyukov/workspace/personal/tt-ihp-int8-npu/src/npu_host_if.sv:167$1488.o[3:0]$1501
    21/42: $1\known_op$func$/home/danieltyukov/workspace/personal/tt-ihp-int8-npu/src/npu_host_if.sv:167$1488.$result[0:0]$1500
    22/42: $1\payload_len$func$/home/danieltyukov/workspace/personal/tt-ihp-int8-npu/src/npu_host_if.sv:163$1487.o[3:0]$1499
    23/42: $1\payload_len$func$/home/danieltyukov/workspace/personal/tt-ihp-int8-npu/src/npu_host_if.sv:163$1487.$result[7:0]$1498
    24/42: $0\err_set[0:0]
    25/42: $0\soft_rst[0:0]
    26/42: $0\clr_flags[0:0]
    27/42: $0\run[0:0]
    28/42: $0\wr_cfg[0:0]
    29/42: $0\wr_post[0:0]
    30/42: $0\wr_quant[0:0]
    31/42: $0\wr_bias[0:0]
    32/42: $0\wr_act[0:0]
    33/42: $0\wr_w[0:0]
    34/42: $0\pcount[7:0]
    35/42: $0\op[3:0]
    36/42: $0\err_code[1:0]
    37/42: $0\run_req[0:0]
    38/42: $0\run_acc[0:0]
    39/42: $0\byte_out[7:0]
    40/42: $0\rd_ptr[5:0]
    41/42: $0\rd_src[1:0]
    42/42: $0\post_idx[1:0]
Creating decoders for process `$paramod$9762f17314fc00bcc8483d811536c717be533d3b\npu_requant.$proc$/home/danieltyukov/workspace/personal/tt-ihp-int8-npu/src/npu_requant.sv:137$1464'.
     1/9: $0\done[0:0]
     2/9: $0\sbit[0:0]
     3/9: $0\rbit[0:0]
     4/9: $0\shcnt[5:0]
     5/9: $0\digcnt[3:0]
     6/9: $0\pr[44:0]
     7/9: $0\sat_out[0:0]
     8/9: $0\q_out[7:0]
     9/9: $0\state[1:0]
Creating decoders for process `$paramod$d2962093f8dd9d4e7179b97995761c09e7733d71\npu_core.$proc$/home/danieltyukov/workspace/personal/tt-ihp-int8-npu/src/npu_core.sv:396$1259'.
     1/1: $0\g_res[11].q[7:0]
Creating decoders for process `$paramod$d2962093f8dd9d4e7179b97995761c09e7733d71\npu_core.$proc$/home/danieltyukov/workspace/personal/tt-ihp-int8-npu/src/npu_core.sv:396$1251'.
     1/1: $0\g_res[10].q[7:0]
Creating decoders for process `$paramod$d2962093f8dd9d4e7179b97995761c09e7733d71\npu_core.$proc$/home/danieltyukov/workspace/personal/tt-ihp-int8-npu/src/npu_core.sv:396$1243'.
     1/1: $0\g_res[9].q[7:0]
Creating decoders for process `$paramod$d2962093f8dd9d4e7179b97995761c09e7733d71\npu_core.$proc$/home/danieltyukov/workspace/personal/tt-ihp-int8-npu/src/npu_core.sv:396$1235'.
     1/1: $0\g_res[8].q[7:0]
Creating decoders for process `$paramod$d2962093f8dd9d4e7179b97995761c09e7733d71\npu_core.$proc$/home/danieltyukov/workspace/personal/tt-ihp-int8-npu/src/npu_core.sv:396$1227'.
     1/1: $0\g_res[7].q[7:0]
Creating decoders for process `$paramod$d2962093f8dd9d4e7179b97995761c09e7733d71\npu_core.$proc$/home/danieltyukov/workspace/personal/tt-ihp-int8-npu/src/npu_core.sv:396$1219'.
     1/1: $0\g_res[6].q[7:0]
Creating decoders for process `$paramod$d2962093f8dd9d4e7179b97995761c09e7733d71\npu_core.$proc$/home/danieltyukov/workspace/personal/tt-ihp-int8-npu/src/npu_core.sv:396$1211'.
     1/1: $0\g_res[5].q[7:0]
Creating decoders for process `$paramod$d2962093f8dd9d4e7179b97995761c09e7733d71\npu_core.$proc$/home/danieltyukov/workspace/personal/tt-ihp-int8-npu/src/npu_core.sv:396$1203'.
     1/1: $0\g_res[4].q[7:0]
Creating decoders for process `$paramod$d2962093f8dd9d4e7179b97995761c09e7733d71\npu_core.$proc$/home/danieltyukov/workspace/personal/tt-ihp-int8-npu/src/npu_core.sv:396$1195'.
     1/1: $0\g_res[3].q[7:0]
Creating decoders for process `$paramod$d2962093f8dd9d4e7179b97995761c09e7733d71\npu_core.$proc$/home/danieltyukov/workspace/personal/tt-ihp-int8-npu/src/npu_core.sv:396$1187'.
     1/1: $0\g_res[2].q[7:0]
Creating decoders for process `$paramod$d2962093f8dd9d4e7179b97995761c09e7733d71\npu_core.$proc$/home/danieltyukov/workspace/personal/tt-ihp-int8-npu/src/npu_core.sv:396$1179'.
     1/1: $0\g_res[1].q[7:0]
Creating decoders for process `$paramod$d2962093f8dd9d4e7179b97995761c09e7733d71\npu_core.$proc$/home/danieltyukov/workspace/personal/tt-ihp-int8-npu/src/npu_core.sv:396$1171'.
     1/1: $0\g_res[0].q[7:0]
Creating decoders for process `$paramod$d2962093f8dd9d4e7179b97995761c09e7733d71\npu_core.$proc$/home/danieltyukov/workspace/personal/tt-ihp-int8-npu/src/npu_core.sv:330$1162'.
     1/1: $0\g_bank[1].g_ent[5].q[23:0]
Creating decoders for process `$paramod$d2962093f8dd9d4e7179b97995761c09e7733d71\npu_core.$proc$/home/danieltyukov/workspace/personal/tt-ihp-int8-npu/src/npu_core.sv:330$1156'.
     1/1: $0\g_bank[1].g_ent[4].q[23:0]
Creating decoders for process `$paramod$d2962093f8dd9d4e7179b97995761c09e7733d71\npu_core.$proc$/home/danieltyukov/workspace/personal/tt-ihp-int8-npu/src/npu_core.sv:330$1150'.
     1/1: $0\g_bank[1].g_ent[3].q[23:0]
Creating decoders for process `$paramod$d2962093f8dd9d4e7179b97995761c09e7733d71\npu_core.$proc$/home/danieltyukov/workspace/personal/tt-ihp-int8-npu/src/npu_core.sv:330$1144'.
     1/1: $0\g_bank[1].g_ent[2].q[23:0]
Creating decoders for process `$paramod$d2962093f8dd9d4e7179b97995761c09e7733d71\npu_core.$proc$/home/danieltyukov/workspace/personal/tt-ihp-int8-npu/src/npu_core.sv:330$1138'.
     1/1: $0\g_bank[1].g_ent[1].q[23:0]
Creating decoders for process `$paramod$d2962093f8dd9d4e7179b97995761c09e7733d71\npu_core.$proc$/home/danieltyukov/workspace/personal/tt-ihp-int8-npu/src/npu_core.sv:330$1132'.
     1/1: $0\g_bank[1].g_ent[0].q[23:0]
Creating decoders for process `$paramod$d2962093f8dd9d4e7179b97995761c09e7733d71\npu_core.$proc$/home/danieltyukov/workspace/personal/tt-ihp-int8-npu/src/npu_core.sv:330$1115'.
     1/1: $0\g_bank[0].g_ent[5].q[23:0]
Creating decoders for process `$paramod$d2962093f8dd9d4e7179b97995761c09e7733d71\npu_core.$proc$/home/danieltyukov/workspace/personal/tt-ihp-int8-npu/src/npu_core.sv:330$1109'.
     1/1: $0\g_bank[0].g_ent[4].q[23:0]
Creating decoders for process `$paramod$d2962093f8dd9d4e7179b97995761c09e7733d71\npu_core.$proc$/home/danieltyukov/workspace/personal/tt-ihp-int8-npu/src/npu_core.sv:330$1103'.
     1/1: $0\g_bank[0].g_ent[3].q[23:0]
Creating decoders for process `$paramod$d2962093f8dd9d4e7179b97995761c09e7733d71\npu_core.$proc$/home/danieltyukov/workspace/personal/tt-ihp-int8-npu/src/npu_core.sv:330$1097'.
     1/1: $0\g_bank[0].g_ent[2].q[23:0]
Creating decoders for process `$paramod$d2962093f8dd9d4e7179b97995761c09e7733d71\npu_core.$proc$/home/danieltyukov/workspace/personal/tt-ihp-int8-npu/src/npu_core.sv:330$1091'.
     1/1: $0\g_bank[0].g_ent[1].q[23:0]
Creating decoders for process `$paramod$d2962093f8dd9d4e7179b97995761c09e7733d71\npu_core.$proc$/home/danieltyukov/workspace/personal/tt-ihp-int8-npu/src/npu_core.sv:330$1085'.
     1/1: $0\g_bank[0].g_ent[0].q[23:0]
Creating decoders for process `$paramod$d2962093f8dd9d4e7179b97995761c09e7733d71\npu_core.$proc$/home/danieltyukov/workspace/personal/tt-ihp-int8-npu/src/npu_core.sv:0$1010'.
     1/1: $1\rb[7:0]
Creating decoders for process `$paramod$d2962093f8dd9d4e7179b97995761c09e7733d71\npu_core.$proc$/home/danieltyukov/workspace/personal/tt-ihp-int8-npu/src/npu_core.sv:0$1009'.
     1/1: $1\id_byte[7:0]
Creating decoders for process `$paramod$d2962093f8dd9d4e7179b97995761c09e7733d71\npu_core.$proc$/home/danieltyukov/workspace/personal/tt-ihp-int8-npu/src/npu_core.sv:415$993'.
     1/12: $0\req_start[0:0]
     2/12: $0\err_code_reg[1:0]
     3/12: $0\ovf_reg[0:0]
     4/12: $0\sat_reg[0:0]
     5/12: $0\err_reg[0:0]
     6/12: $0\done_reg[0:0]
     7/12: $0\req_c[0:0]
     8/12: $0\req_s[2:0]
     9/12: $0\do_req[0:0]
    10/12: $0\acc_first[0:0]
    11/12: $0\cyc[3:0]
    12/12: $0\state[1:0]
Creating decoders for process `$paramod$d2962093f8dd9d4e7179b97995761c09e7733d71\npu_core.$proc$/home/danieltyukov/workspace/personal/tt-ihp-int8-npu/src/npu_core.sv:263$971'.
     1/3: $0\ipipe[17:0]
     2/3: $0\vpipe[5:0]
     3/3: $0\inj_idx[2:0]
Creating decoders for process `$paramod$d2962093f8dd9d4e7179b97995761c09e7733d71\npu_core.$proc$/home/danieltyukov/workspace/personal/tt-ihp-int8-npu/src/npu_core.sv:173$966'.
     1/9: $0\s_cnt_m1[2:0]
     2/9: $0\leaky_k_reg[2:0]
     3/9: $0\act_sel_reg[1:0]
     4/9: $0\clamp_hi_reg[7:0]
     5/9: $0\clamp_lo_reg[7:0]
     6/9: $0\zp_reg[7:0]
     7/9: $0\quant_buf[47:0]
     8/9: $0\bias_buf[47:0]
     9/9: $0\act_buf[191:0]

16.2.8. Executing PROC_DLATCH pass (convert process syncs to latches).
No latch inferred for signal `$paramod$d2962093f8dd9d4e7179b97995761c09e7733d71\npu_core.\rb' from process `$paramod$d2962093f8dd9d4e7179b97995761c09e7733d71\npu_core.$proc$/home/danieltyukov/workspace/personal/tt-ihp-int8-npu/src/npu_core.sv:0$1010'.
No latch inferred for signal `$paramod$d2962093f8dd9d4e7179b97995761c09e7733d71\npu_core.\id_byte' from process `$paramod$d2962093f8dd9d4e7179b97995761c09e7733d71\npu_core.$proc$/home/danieltyukov/workspace/personal/tt-ihp-int8-npu/src/npu_core.sv:0$1009'.

16.2.9. Executing PROC_DFF pass (convert process syncs to FFs).
Creating register for signal `$paramod$67ba8969b455a9921a0ce9d05bfcb7563f4a488b\npu_pe.\w_reg' using process `$paramod$67ba8969b455a9921a0ce9d05bfcb7563f4a488b\npu_pe.$proc$/home/danieltyukov/workspace/personal/tt-ihp-int8-npu/src/npu_pe.sv:84$1726'.
  created $adff cell `$procdff$2809' with positive edge clock and negative level reset.
Creating register for signal `$paramod$67ba8969b455a9921a0ce9d05bfcb7563f4a488b\npu_pe.\a_reg' using process `$paramod$67ba8969b455a9921a0ce9d05bfcb7563f4a488b\npu_pe.$proc$/home/danieltyukov/workspace/personal/tt-ihp-int8-npu/src/npu_pe.sv:84$1726'.
  created $adff cell `$procdff$2810' with positive edge clock and negative level reset.
Creating register for signal `$paramod$67ba8969b455a9921a0ce9d05bfcb7563f4a488b\npu_pe.\psum_reg' using process `$paramod$67ba8969b455a9921a0ce9d05bfcb7563f4a488b\npu_pe.$proc$/home/danieltyukov/workspace/personal/tt-ihp-int8-npu/src/npu_pe.sv:84$1726'.
  created $adff cell `$procdff$2811' with positive edge clock and negative level reset.
Creating register for signal `$paramod$a669845e71d033b9ed54d410c0832a058641c434\npu_host_if.\wr_w' using process `$paramod$a669845e71d033b9ed54d410c0832a058641c434\npu_host_if.$proc$/home/danieltyukov/workspace/personal/tt-ihp-int8-npu/src/npu_host_if.sv:123$1490'.
  created $adff cell `$procdff$2812' with positive edge clock and negative level reset.
Creating register for signal `$paramod$a669845e71d033b9ed54d410c0832a058641c434\npu_host_if.\wr_act' using process `$paramod$a669845e71d033b9ed54d410c0832a058641c434\npu_host_if.$proc$/home/danieltyukov/workspace/personal/tt-ihp-int8-npu/src/npu_host_if.sv:123$1490'.
  created $adff cell `$procdff$2813' with positive edge clock and negative level reset.
Creating register for signal `$paramod$a669845e71d033b9ed54d410c0832a058641c434\npu_host_if.\wr_bias' using process `$paramod$a669845e71d033b9ed54d410c0832a058641c434\npu_host_if.$proc$/home/danieltyukov/workspace/personal/tt-ihp-int8-npu/src/npu_host_if.sv:123$1490'.
  created $adff cell `$procdff$2814' with positive edge clock and negative level reset.
Creating register for signal `$paramod$a669845e71d033b9ed54d410c0832a058641c434\npu_host_if.\wr_quant' using process `$paramod$a669845e71d033b9ed54d410c0832a058641c434\npu_host_if.$proc$/home/danieltyukov/workspace/personal/tt-ihp-int8-npu/src/npu_host_if.sv:123$1490'.
  created $adff cell `$procdff$2815' with positive edge clock and negative level reset.
Creating register for signal `$paramod$a669845e71d033b9ed54d410c0832a058641c434\npu_host_if.\wr_post' using process `$paramod$a669845e71d033b9ed54d410c0832a058641c434\npu_host_if.$proc$/home/danieltyukov/workspace/personal/tt-ihp-int8-npu/src/npu_host_if.sv:123$1490'.
  created $adff cell `$procdff$2816' with positive edge clock and negative level reset.
Creating register for signal `$paramod$a669845e71d033b9ed54d410c0832a058641c434\npu_host_if.\wr_cfg' using process `$paramod$a669845e71d033b9ed54d410c0832a058641c434\npu_host_if.$proc$/home/danieltyukov/workspace/personal/tt-ihp-int8-npu/src/npu_host_if.sv:123$1490'.
  created $adff cell `$procdff$2817' with positive edge clock and negative level reset.
Creating register for signal `$paramod$a669845e71d033b9ed54d410c0832a058641c434\npu_host_if.\post_idx' using process `$paramod$a669845e71d033b9ed54d410c0832a058641c434\npu_host_if.$proc$/home/danieltyukov/workspace/personal/tt-ihp-int8-npu/src/npu_host_if.sv:123$1490'.
  created $adff cell `$procdff$2818' with positive edge clock and negative level reset.
Creating register for signal `$paramod$a669845e71d033b9ed54d410c0832a058641c434\npu_host_if.\clr_flags' using process `$paramod$a669845e71d033b9ed54d410c0832a058641c434\npu_host_if.$proc$/home/danieltyukov/workspace/personal/tt-ihp-int8-npu/src/npu_host_if.sv:123$1490'.
  created $adff cell `$procdff$2819' with positive edge clock and negative level reset.
Creating register for signal `$paramod$a669845e71d033b9ed54d410c0832a058641c434\npu_host_if.\soft_rst' using process `$paramod$a669845e71d033b9ed54d410c0832a058641c434\npu_host_if.$proc$/home/danieltyukov/workspace/personal/tt-ihp-int8-npu/src/npu_host_if.sv:123$1490'.
  created $adff cell `$procdff$2820' with positive edge clock and negative level reset.
Creating register for signal `$paramod$a669845e71d033b9ed54d410c0832a058641c434\npu_host_if.\rd_src' using process `$paramod$a669845e71d033b9ed54d410c0832a058641c434\npu_host_if.$proc$/home/danieltyukov/workspace/personal/tt-ihp-int8-npu/src/npu_host_if.sv:123$1490'.
  created $adff cell `$procdff$2821' with positive edge clock and negative level reset.
Creating register for signal `$paramod$a669845e71d033b9ed54d410c0832a058641c434\npu_host_if.\rd_ptr' using process `$paramod$a669845e71d033b9ed54d410c0832a058641c434\npu_host_if.$proc$/home/danieltyukov/workspace/personal/tt-ihp-int8-npu/src/npu_host_if.sv:123$1490'.
  created $adff cell `$procdff$2822' with positive edge clock and negative level reset.
Creating register for signal `$paramod$a669845e71d033b9ed54d410c0832a058641c434\npu_host_if.\err_set' using process `$paramod$a669845e71d033b9ed54d410c0832a058641c434\npu_host_if.$proc$/home/danieltyukov/workspace/personal/tt-ihp-int8-npu/src/npu_host_if.sv:123$1490'.
  created $adff cell `$procdff$2823' with positive edge clock and negative level reset.
Creating register for signal `$paramod$a669845e71d033b9ed54d410c0832a058641c434\npu_host_if.\byte_out' using process `$paramod$a669845e71d033b9ed54d410c0832a058641c434\npu_host_if.$proc$/home/danieltyukov/workspace/personal/tt-ihp-int8-npu/src/npu_host_if.sv:123$1490'.
  created $adff cell `$procdff$2824' with positive edge clock and negative level reset.
Creating register for signal `$paramod$a669845e71d033b9ed54d410c0832a058641c434\npu_host_if.\run' using process `$paramod$a669845e71d033b9ed54d410c0832a058641c434\npu_host_if.$proc$/home/danieltyukov/workspace/personal/tt-ihp-int8-npu/src/npu_host_if.sv:123$1490'.
  created $adff cell `$procdff$2825' with positive edge clock and negative level reset.
Creating register for signal `$paramod$a669845e71d033b9ed54d410c0832a058641c434\npu_host_if.\run_acc' using process `$paramod$a669845e71d033b9ed54d410c0832a058641c434\npu_host_if.$proc$/home/danieltyukov/workspace/personal/tt-ihp-int8-npu/src/npu_host_if.sv:123$1490'.
  created $adff cell `$procdff$2826' with positive edge clock and negative level reset.
Creating register for signal `$paramod$a669845e71d033b9ed54d410c0832a058641c434\npu_host_if.\run_req' using process `$paramod$a669845e71d033b9ed54d410c0832a058641c434\npu_host_if.$proc$/home/danieltyukov/workspace/personal/tt-ihp-int8-npu/src/npu_host_if.sv:123$1490'.
  created $adff cell `$procdff$2827' with positive edge clock and negative level reset.
Creating register for signal `$paramod$a669845e71d033b9ed54d410c0832a058641c434\npu_host_if.\err_code' using process `$paramod$a669845e71d033b9ed54d410c0832a058641c434\npu_host_if.$proc$/home/danieltyukov/workspace/personal/tt-ihp-int8-npu/src/npu_host_if.sv:123$1490'.
  created $adff cell `$procdff$2828' with positive edge clock and negative level reset.
Creating register for signal `$paramod$a669845e71d033b9ed54d410c0832a058641c434\npu_host_if.\op' using process `$paramod$a669845e71d033b9ed54d410c0832a058641c434\npu_host_if.$proc$/home/danieltyukov/workspace/personal/tt-ihp-int8-npu/src/npu_host_if.sv:123$1490'.
  created $adff cell `$procdff$2829' with positive edge clock and negative level reset.
Creating register for signal `$paramod$a669845e71d033b9ed54d410c0832a058641c434\npu_host_if.\pcount' using process `$paramod$a669845e71d033b9ed54d410c0832a058641c434\npu_host_if.$proc$/home/danieltyukov/workspace/personal/tt-ihp-int8-npu/src/npu_host_if.sv:123$1490'.
  created $adff cell `$procdff$2830' with positive edge clock and negative level reset.
Creating register for signal `$paramod$a669845e71d033b9ed54d410c0832a058641c434\npu_host_if.\payload_len$func$/home/danieltyukov/workspace/personal/tt-ihp-int8-npu/src/npu_host_if.sv:163$1487.$result' using process `$paramod$a669845e71d033b9ed54d410c0832a058641c434\npu_host_if.$proc$/home/danieltyukov/workspace/personal/tt-ihp-int8-npu/src/npu_host_if.sv:123$1490'.
  created $adff cell `$procdff$2831' with positive edge clock and negative level reset.
Creating register for signal `$paramod$a669845e71d033b9ed54d410c0832a058641c434\npu_host_if.\payload_len$func$/home/danieltyukov/workspace/personal/tt-ihp-int8-npu/src/npu_host_if.sv:163$1487.o' using process `$paramod$a669845e71d033b9ed54d410c0832a058641c434\npu_host_if.$proc$/home/danieltyukov/workspace/personal/tt-ihp-int8-npu/src/npu_host_if.sv:123$1490'.
  created $adff cell `$procdff$2832' with positive edge clock and negative level reset.
Creating register for signal `$paramod$a669845e71d033b9ed54d410c0832a058641c434\npu_host_if.\known_op$func$/home/danieltyukov/workspace/personal/tt-ihp-int8-npu/src/npu_host_if.sv:167$1488.$result' using process `$paramod$a669845e71d033b9ed54d410c0832a058641c434\npu_host_if.$proc$/home/danieltyukov/workspace/personal/tt-ihp-int8-npu/src/npu_host_if.sv:123$1490'.
  created $adff cell `$procdff$2833' with positive edge clock and negative level reset.
Creating register for signal `$paramod$a669845e71d033b9ed54d410c0832a058641c434\npu_host_if.\known_op$func$/home/danieltyukov/workspace/personal/tt-ihp-int8-npu/src/npu_host_if.sv:167$1488.o' using process `$paramod$a669845e71d033b9ed54d410c0832a058641c434\npu_host_if.$proc$/home/danieltyukov/workspace/personal/tt-ihp-int8-npu/src/npu_host_if.sv:123$1490'.
  created $adff cell `$procdff$2834' with positive edge clock and negative level reset.
Creating register for signal `$paramod$a669845e71d033b9ed54d410c0832a058641c434\npu_host_if.\payload_len$func$/home/danieltyukov/workspace/personal/tt-ihp-int8-npu/src/npu_host_if.sv:193$1489.$result' using process `$paramod$a669845e71d033b9ed54d410c0832a058641c434\npu_host_if.$proc$/home/danieltyukov/workspace/personal/tt-ihp-int8-npu/src/npu_host_if.sv:123$1490'.
  created $adff cell `$procdff$2835' with positive edge clock and negative level reset.
Creating register for signal `$paramod$a669845e71d033b9ed54d410c0832a058641c434\npu_host_if.\payload_len$func$/home/danieltyukov/workspace/personal/tt-ihp-int8-npu/src/npu_host_if.sv:193$1489.o' using process `$paramod$a669845e71d033b9ed54d410c0832a058641c434\npu_host_if.$proc$/home/danieltyukov/workspace/personal/tt-ihp-int8-npu/src/npu_host_if.sv:123$1490'.
  created $adff cell `$procdff$2836' with positive edge clock and negative level reset.
Creating register for signal `$paramod$9762f17314fc00bcc8483d811536c717be533d3b\npu_requant.\done' using process `$paramod$9762f17314fc00bcc8483d811536c717be533d3b\npu_requant.$proc$/home/danieltyukov/workspace/personal/tt-ihp-int8-npu/src/npu_requant.sv:137$1464'.
  created $adff cell `$procdff$2837' with positive edge clock and negative level reset.
Creating register for signal `$paramod$9762f17314fc00bcc8483d811536c717be533d3b\npu_requant.\state' using process `$paramod$9762f17314fc00bcc8483d811536c717be533d3b\npu_requant.$proc$/home/danieltyukov/workspace/personal/tt-ihp-int8-npu/src/npu_requant.sv:137$1464'.
  created $adff cell `$procdff$2838' with positive edge clock and negative level reset.
Creating register for signal `$paramod$9762f17314fc00bcc8483d811536c717be533d3b\npu_requant.\q_out' using process `$paramod$9762f17314fc00bcc8483d811536c717be533d3b\npu_requant.$proc$/home/danieltyukov/workspace/personal/tt-ihp-int8-npu/src/npu_requant.sv:137$1464'.
  created $adff cell `$procdff$2839' with positive edge clock and negative level reset.
Creating register for signal `$paramod$9762f17314fc00bcc8483d811536c717be533d3b\npu_requant.\sat_out' using process `$paramod$9762f17314fc00bcc8483d811536c717be533d3b\npu_requant.$proc$/home/danieltyukov/workspace/personal/tt-ihp-int8-npu/src/npu_requant.sv:137$1464'.
  created $adff cell `$procdff$2840' with positive edge clock and negative level reset.
Creating register for signal `$paramod$9762f17314fc00bcc8483d811536c717be533d3b\npu_requant.\pr' using process `$paramod$9762f17314fc00bcc8483d811536c717be533d3b\npu_requant.$proc$/home/danieltyukov/workspace/personal/tt-ihp-int8-npu/src/npu_requant.sv:137$1464'.
  created $adff cell `$procdff$2841' with positive edge clock and negative level reset.
Creating register for signal `$paramod$9762f17314fc00bcc8483d811536c717be533d3b\npu_requant.\digcnt' using process `$paramod$9762f17314fc00bcc8483d811536c717be533d3b\npu_requant.$proc$/home/danieltyukov/workspace/personal/tt-ihp-int8-npu/src/npu_requant.sv:137$1464'.
  created $adff cell `$procdff$2842' with positive edge clock and negative level reset.
Creating register for signal `$paramod$9762f17314fc00bcc8483d811536c717be533d3b\npu_requant.\shcnt' using process `$paramod$9762f17314fc00bcc8483d811536c717be533d3b\npu_requant.$proc$/home/danieltyukov/workspace/personal/tt-ihp-int8-npu/src/npu_requant.sv:137$1464'.
  created $adff cell `$procdff$2843' with positive edge clock and negative level reset.
Creating register for signal `$paramod$9762f17314fc00bcc8483d811536c717be533d3b\npu_requant.\rbit' using process `$paramod$9762f17314fc00bcc8483d811536c717be533d3b\npu_requant.$proc$/home/danieltyukov/workspace/personal/tt-ihp-int8-npu/src/npu_requant.sv:137$1464'.
  created $adff cell `$procdff$2844' with positive edge clock and negative level reset.
Creating register for signal `$paramod$9762f17314fc00bcc8483d811536c717be533d3b\npu_requant.\sbit' using process `$paramod$9762f17314fc00bcc8483d811536c717be533d3b\npu_requant.$proc$/home/danieltyukov/workspace/personal/tt-ihp-int8-npu/src/npu_requant.sv:137$1464'.
  created $adff cell `$procdff$2845' with positive edge clock and negative level reset.
Creating register for signal `$paramod$d2962093f8dd9d4e7179b97995761c09e7733d71\npu_core.\g_res[11].q' using process `$paramod$d2962093f8dd9d4e7179b97995761c09e7733d71\npu_core.$proc$/home/danieltyukov/workspace/personal/tt-ihp-int8-npu/src/npu_core.sv:396$1259'.
  created $adff cell `$procdff$2846' with positive edge clock and negative level reset.
Creating register for signal `$paramod$d2962093f8dd9d4e7179b97995761c09e7733d71\npu_core.\g_res[10].q' using process `$paramod$d2962093f8dd9d4e7179b97995761c09e7733d71\npu_core.$proc$/home/danieltyukov/workspace/personal/tt-ihp-int8-npu/src/npu_core.sv:396$1251'.
  created $adff cell `$procdff$2847' with positive edge clock and negative level reset.
Creating register for signal `$paramod$d2962093f8dd9d4e7179b97995761c09e7733d71\npu_core.\g_res[9].q' using process `$paramod$d2962093f8dd9d4e7179b97995761c09e7733d71\npu_core.$proc$/home/danieltyukov/workspace/personal/tt-ihp-int8-npu/src/npu_core.sv:396$1243'.
  created $adff cell `$procdff$2848' with positive edge clock and negative level reset.
Creating register for signal `$paramod$d2962093f8dd9d4e7179b97995761c09e7733d71\npu_core.\g_res[8].q' using process `$paramod$d2962093f8dd9d4e7179b97995761c09e7733d71\npu_core.$proc$/home/danieltyukov/workspace/personal/tt-ihp-int8-npu/src/npu_core.sv:396$1235'.
  created $adff cell `$procdff$2849' with positive edge clock and negative level reset.
Creating register for signal `$paramod$d2962093f8dd9d4e7179b97995761c09e7733d71\npu_core.\g_res[7].q' using process `$paramod$d2962093f8dd9d4e7179b97995761c09e7733d71\npu_core.$proc$/home/danieltyukov/workspace/personal/tt-ihp-int8-npu/src/npu_core.sv:396$1227'.
  created $adff cell `$procdff$2850' with positive edge clock and negative level reset.
Creating register for signal `$paramod$d2962093f8dd9d4e7179b97995761c09e7733d71\npu_core.\g_res[6].q' using process `$paramod$d2962093f8dd9d4e7179b97995761c09e7733d71\npu_core.$proc$/home/danieltyukov/workspace/personal/tt-ihp-int8-npu/src/npu_core.sv:396$1219'.
  created $adff cell `$procdff$2851' with positive edge clock and negative level reset.
Creating register for signal `$paramod$d2962093f8dd9d4e7179b97995761c09e7733d71\npu_core.\g_res[5].q' using process `$paramod$d2962093f8dd9d4e7179b97995761c09e7733d71\npu_core.$proc$/home/danieltyukov/workspace/personal/tt-ihp-int8-npu/src/npu_core.sv:396$1211'.
  created $adff cell `$procdff$2852' with positive edge clock and negative level reset.
Creating register for signal `$paramod$d2962093f8dd9d4e7179b97995761c09e7733d71\npu_core.\g_res[4].q' using process `$paramod$d2962093f8dd9d4e7179b97995761c09e7733d71\npu_core.$proc$/home/danieltyukov/workspace/personal/tt-ihp-int8-npu/src/npu_core.sv:396$1203'.
  created $adff cell `$procdff$2853' with positive edge clock and negative level reset.
Creating register for signal `$paramod$d2962093f8dd9d4e7179b97995761c09e7733d71\npu_core.\g_res[3].q' using process `$paramod$d2962093f8dd9d4e7179b97995761c09e7733d71\npu_core.$proc$/home/danieltyukov/workspace/personal/tt-ihp-int8-npu/src/npu_core.sv:396$1195'.
  created $adff cell `$procdff$2854' with positive edge clock and negative level reset.
Creating register for signal `$paramod$d2962093f8dd9d4e7179b97995761c09e7733d71\npu_core.\g_res[2].q' using process `$paramod$d2962093f8dd9d4e7179b97995761c09e7733d71\npu_core.$proc$/home/danieltyukov/workspace/personal/tt-ihp-int8-npu/src/npu_core.sv:396$1187'.
  created $adff cell `$procdff$2855' with positive edge clock and negative level reset.
Creating register for signal `$paramod$d2962093f8dd9d4e7179b97995761c09e7733d71\npu_core.\g_res[1].q' using process `$paramod$d2962093f8dd9d4e7179b97995761c09e7733d71\npu_core.$proc$/home/danieltyukov/workspace/personal/tt-ihp-int8-npu/src/npu_core.sv:396$1179'.
  created $adff cell `$procdff$2856' with positive edge clock and negative level reset.
Creating register for signal `$paramod$d2962093f8dd9d4e7179b97995761c09e7733d71\npu_core.\g_res[0].q' using process `$paramod$d2962093f8dd9d4e7179b97995761c09e7733d71\npu_core.$proc$/home/danieltyukov/workspace/personal/tt-ihp-int8-npu/src/npu_core.sv:396$1171'.
  created $adff cell `$procdff$2857' with positive edge clock and negative level reset.
Creating register for signal `$paramod$d2962093f8dd9d4e7179b97995761c09e7733d71\npu_core.\g_bank[1].g_ent[5].q' using process `$paramod$d2962093f8dd9d4e7179b97995761c09e7733d71\npu_core.$proc$/home/danieltyukov/workspace/personal/tt-ihp-int8-npu/src/npu_core.sv:330$1162'.
  created $adff cell `$procdff$2858' with positive edge clock and negative level reset.
Creating register for signal `$paramod$d2962093f8dd9d4e7179b97995761c09e7733d71\npu_core.\g_bank[1].g_ent[4].q' using process `$paramod$d2962093f8dd9d4e7179b97995761c09e7733d71\npu_core.$proc$/home/danieltyukov/workspace/personal/tt-ihp-int8-npu/src/npu_core.sv:330$1156'.
  created $adff cell `$procdff$2859' with positive edge clock and negative level reset.
Creating register for signal `$paramod$d2962093f8dd9d4e7179b97995761c09e7733d71\npu_core.\g_bank[1].g_ent[3].q' using process `$paramod$d2962093f8dd9d4e7179b97995761c09e7733d71\npu_core.$proc$/home/danieltyukov/workspace/personal/tt-ihp-int8-npu/src/npu_core.sv:330$1150'.
  created $adff cell `$procdff$2860' with positive edge clock and negative level reset.
Creating register for signal `$paramod$d2962093f8dd9d4e7179b97995761c09e7733d71\npu_core.\g_bank[1].g_ent[2].q' using process `$paramod$d2962093f8dd9d4e7179b97995761c09e7733d71\npu_core.$proc$/home/danieltyukov/workspace/personal/tt-ihp-int8-npu/src/npu_core.sv:330$1144'.
  created $adff cell `$procdff$2861' with positive edge clock and negative level reset.
Creating register for signal `$paramod$d2962093f8dd9d4e7179b97995761c09e7733d71\npu_core.\g_bank[1].g_ent[1].q' using process `$paramod$d2962093f8dd9d4e7179b97995761c09e7733d71\npu_core.$proc$/home/danieltyukov/workspace/personal/tt-ihp-int8-npu/src/npu_core.sv:330$1138'.
  created $adff cell `$procdff$2862' with positive edge clock and negative level reset.
Creating register for signal `$paramod$d2962093f8dd9d4e7179b97995761c09e7733d71\npu_core.\g_bank[1].g_ent[0].q' using process `$paramod$d2962093f8dd9d4e7179b97995761c09e7733d71\npu_core.$proc$/home/danieltyukov/workspace/personal/tt-ihp-int8-npu/src/npu_core.sv:330$1132'.
  created $adff cell `$procdff$2863' with positive edge clock and negative level reset.
Creating register for signal `$paramod$d2962093f8dd9d4e7179b97995761c09e7733d71\npu_core.\g_bank[0].g_ent[5].q' using process `$paramod$d2962093f8dd9d4e7179b97995761c09e7733d71\npu_core.$proc$/home/danieltyukov/workspace/personal/tt-ihp-int8-npu/src/npu_core.sv:330$1115'.
  created $adff cell `$procdff$2864' with positive edge clock and negative level reset.
Creating register for signal `$paramod$d2962093f8dd9d4e7179b97995761c09e7733d71\npu_core.\g_bank[0].g_ent[4].q' using process `$paramod$d2962093f8dd9d4e7179b97995761c09e7733d71\npu_core.$proc$/home/danieltyukov/workspace/personal/tt-ihp-int8-npu/src/npu_core.sv:330$1109'.
  created $adff cell `$procdff$2865' with positive edge clock and negative level reset.
Creating register for signal `$paramod$d2962093f8dd9d4e7179b97995761c09e7733d71\npu_core.\g_bank[0].g_ent[3].q' using process `$paramod$d2962093f8dd9d4e7179b97995761c09e7733d71\npu_core.$proc$/home/danieltyukov/workspace/personal/tt-ihp-int8-npu/src/npu_core.sv:330$1103'.
  created $adff cell `$procdff$2866' with positive edge clock and negative level reset.
Creating register for signal `$paramod$d2962093f8dd9d4e7179b97995761c09e7733d71\npu_core.\g_bank[0].g_ent[2].q' using process `$paramod$d2962093f8dd9d4e7179b97995761c09e7733d71\npu_core.$proc$/home/danieltyukov/workspace/personal/tt-ihp-int8-npu/src/npu_core.sv:330$1097'.
  created $adff cell `$procdff$2867' with positive edge clock and negative level reset.
Creating register for signal `$paramod$d2962093f8dd9d4e7179b97995761c09e7733d71\npu_core.\g_bank[0].g_ent[1].q' using process `$paramod$d2962093f8dd9d4e7179b97995761c09e7733d71\npu_core.$proc$/home/danieltyukov/workspace/personal/tt-ihp-int8-npu/src/npu_core.sv:330$1091'.
  created $adff cell `$procdff$2868' with positive edge clock and negative level reset.
Creating register for signal `$paramod$d2962093f8dd9d4e7179b97995761c09e7733d71\npu_core.\g_bank[0].g_ent[0].q' using process `$paramod$d2962093f8dd9d4e7179b97995761c09e7733d71\npu_core.$proc$/home/danieltyukov/workspace/personal/tt-ihp-int8-npu/src/npu_core.sv:330$1085'.
  created $adff cell `$procdff$2869' with positive edge clock and negative level reset.
Creating register for signal `$paramod$d2962093f8dd9d4e7179b97995761c09e7733d71\npu_core.\state' using process `$paramod$d2962093f8dd9d4e7179b97995761c09e7733d71\npu_core.$proc$/home/danieltyukov/workspace/personal/tt-ihp-int8-npu/src/npu_core.sv:415$993'.
  created $adff cell `$procdff$2870' with positive edge clock and negative level reset.
Creating register for signal `$paramod$d2962093f8dd9d4e7179b97995761c09e7733d71\npu_core.\cyc' using process `$paramod$d2962093f8dd9d4e7179b97995761c09e7733d71\npu_core.$proc$/home/danieltyukov/workspace/personal/tt-ihp-int8-npu/src/npu_core.sv:415$993'.
  created $adff cell `$procdff$2871' with positive edge clock and negative level reset.
Creating register for signal `$paramod$d2962093f8dd9d4e7179b97995761c09e7733d71\npu_core.\acc_first' using process `$paramod$d2962093f8dd9d4e7179b97995761c09e7733d71\npu_core.$proc$/home/danieltyukov/workspace/personal/tt-ihp-int8-npu/src/npu_core.sv:415$993'.
  created $adff cell `$procdff$2872' with positive edge clock and negative level reset.
Creating register for signal `$paramod$d2962093f8dd9d4e7179b97995761c09e7733d71\npu_core.\do_req' using process `$paramod$d2962093f8dd9d4e7179b97995761c09e7733d71\npu_core.$proc$/home/danieltyukov/workspace/personal/tt-ihp-int8-npu/src/npu_core.sv:415$993'.
  created $adff cell `$procdff$2873' with positive edge clock and negative level reset.
Creating register for signal `$paramod$d2962093f8dd9d4e7179b97995761c09e7733d71\npu_core.\req_s' using process `$paramod$d2962093f8dd9d4e7179b97995761c09e7733d71\npu_core.$proc$/home/danieltyukov/workspace/personal/tt-ihp-int8-npu/src/npu_core.sv:415$993'.
  created $adff cell `$procdff$2874' with positive edge clock and negative level reset.
Creating register for signal `$paramod$d2962093f8dd9d4e7179b97995761c09e7733d71\npu_core.\req_c' using process `$paramod$d2962093f8dd9d4e7179b97995761c09e7733d71\npu_core.$proc$/home/danieltyukov/workspace/personal/tt-ihp-int8-npu/src/npu_core.sv:415$993'.
  created $adff cell `$procdff$2875' with positive edge clock and negative level reset.
Creating register for signal `$paramod$d2962093f8dd9d4e7179b97995761c09e7733d71\npu_core.\req_start' using process `$paramod$d2962093f8dd9d4e7179b97995761c09e7733d71\npu_core.$proc$/home/danieltyukov/workspace/personal/tt-ihp-int8-npu/src/npu_core.sv:415$993'.
  created $adff cell `$procdff$2876' with positive edge clock and negative level reset.
Creating register for signal `$paramod$d2962093f8dd9d4e7179b97995761c09e7733d71\npu_core.\done_reg' using process `$paramod$d2962093f8dd9d4e7179b97995761c09e7733d71\npu_core.$proc$/home/danieltyukov/workspace/personal/tt-ihp-int8-npu/src/npu_core.sv:415$993'.
  created $adff cell `$procdff$2877' with positive edge clock and negative level reset.
Creating register for signal `$paramod$d2962093f8dd9d4e7179b97995761c09e7733d71\npu_core.\err_reg' using process `$paramod$d2962093f8dd9d4e7179b97995761c09e7733d71\npu_core.$proc$/home/danieltyukov/workspace/personal/tt-ihp-int8-npu/src/npu_core.sv:415$993'.
  created $adff cell `$procdff$2878' with positive edge clock and negative level reset.
Creating register for signal `$paramod$d2962093f8dd9d4e7179b97995761c09e7733d71\npu_core.\sat_reg' using process `$paramod$d2962093f8dd9d4e7179b97995761c09e7733d71\npu_core.$proc$/home/danieltyukov/workspace/personal/tt-ihp-int8-npu/src/npu_core.sv:415$993'.
  created $adff cell `$procdff$2879' with positive edge clock and negative level reset.
Creating register for signal `$paramod$d2962093f8dd9d4e7179b97995761c09e7733d71\npu_core.\ovf_reg' using process `$paramod$d2962093f8dd9d4e7179b97995761c09e7733d71\npu_core.$proc$/home/danieltyukov/workspace/personal/tt-ihp-int8-npu/src/npu_core.sv:415$993'.
  created $adff cell `$procdff$2880' with positive edge clock and negative level reset.
Creating register for signal `$paramod$d2962093f8dd9d4e7179b97995761c09e7733d71\npu_core.\err_code_reg' using process `$paramod$d2962093f8dd9d4e7179b97995761c09e7733d71\npu_core.$proc$/home/danieltyukov/workspace/personal/tt-ihp-int8-npu/src/npu_core.sv:415$993'.
  created $adff cell `$procdff$2881' with positive edge clock and negative level reset.
Creating register for signal `$paramod$d2962093f8dd9d4e7179b97995761c09e7733d71\npu_core.\vpipe' using process `$paramod$d2962093f8dd9d4e7179b97995761c09e7733d71\npu_core.$proc$/home/danieltyukov/workspace/personal/tt-ihp-int8-npu/src/npu_core.sv:263$971'.
  created $adff cell `$procdff$2882' with positive edge clock and negative level reset.
Creating register for signal `$paramod$d2962093f8dd9d4e7179b97995761c09e7733d71\npu_core.\ipipe' using process `$paramod$d2962093f8dd9d4e7179b97995761c09e7733d71\npu_core.$proc$/home/danieltyukov/workspace/personal/tt-ihp-int8-npu/src/npu_core.sv:263$971'.
  created $adff cell `$procdff$2883' with positive edge clock and negative level reset.
Creating register for signal `$paramod$d2962093f8dd9d4e7179b97995761c09e7733d71\npu_core.\inj_idx' using process `$paramod$d2962093f8dd9d4e7179b97995761c09e7733d71\npu_core.$proc$/home/danieltyukov/workspace/personal/tt-ihp-int8-npu/src/npu_core.sv:263$971'.
  created $adff cell `$procdff$2884' with positive edge clock and negative level reset.
Creating register for signal `$paramod$d2962093f8dd9d4e7179b97995761c09e7733d71\npu_core.\act_buf' using process `$paramod$d2962093f8dd9d4e7179b97995761c09e7733d71\npu_core.$proc$/home/danieltyukov/workspace/personal/tt-ihp-int8-npu/src/npu_core.sv:173$966'.
  created $adff cell `$procdff$2885' with positive edge clock and negative level reset.
Creating register for signal `$paramod$d2962093f8dd9d4e7179b97995761c09e7733d71\npu_core.\bias_buf' using process `$paramod$d2962093f8dd9d4e7179b97995761c09e7733d71\npu_core.$proc$/home/danieltyukov/workspace/personal/tt-ihp-int8-npu/src/npu_core.sv:173$966'.
  created $adff cell `$procdff$2886' with positive edge clock and negative level reset.
Creating register for signal `$paramod$d2962093f8dd9d4e7179b97995761c09e7733d71\npu_core.\quant_buf' using process `$paramod$d2962093f8dd9d4e7179b97995761c09e7733d71\npu_core.$proc$/home/danieltyukov/workspace/personal/tt-ihp-int8-npu/src/npu_core.sv:173$966'.
  created $adff cell `$procdff$2887' with positive edge clock and negative level reset.
Creating register for signal `$paramod$d2962093f8dd9d4e7179b97995761c09e7733d71\npu_core.\zp_reg' using process `$paramod$d2962093f8dd9d4e7179b97995761c09e7733d71\npu_core.$proc$/home/danieltyukov/workspace/personal/tt-ihp-int8-npu/src/npu_core.sv:173$966'.
  created $adff cell `$procdff$2888' with positive edge clock and negative level reset.
Creating register for signal `$paramod$d2962093f8dd9d4e7179b97995761c09e7733d71\npu_core.\clamp_lo_reg' using process `$paramod$d2962093f8dd9d4e7179b97995761c09e7733d71\npu_core.$proc$/home/danieltyukov/workspace/personal/tt-ihp-int8-npu/src/npu_core.sv:173$966'.
  created $adff cell `$procdff$2889' with positive edge clock and negative level reset.
Creating register for signal `$paramod$d2962093f8dd9d4e7179b97995761c09e7733d71\npu_core.\clamp_hi_reg' using process `$paramod$d2962093f8dd9d4e7179b97995761c09e7733d71\npu_core.$proc$/home/danieltyukov/workspace/personal/tt-ihp-int8-npu/src/npu_core.sv:173$966'.
  created $adff cell `$procdff$2890' with positive edge clock and negative level reset.
Creating register for signal `$paramod$d2962093f8dd9d4e7179b97995761c09e7733d71\npu_core.\act_sel_reg' using process `$paramod$d2962093f8dd9d4e7179b97995761c09e7733d71\npu_core.$proc$/home/danieltyukov/workspace/personal/tt-ihp-int8-npu/src/npu_core.sv:173$966'.
  created $adff cell `$procdff$2891' with positive edge clock and negative level reset.
Creating register for signal `$paramod$d2962093f8dd9d4e7179b97995761c09e7733d71\npu_core.\leaky_k_reg' using process `$paramod$d2962093f8dd9d4e7179b97995761c09e7733d71\npu_core.$proc$/home/danieltyukov/workspace/personal/tt-ihp-int8-npu/src/npu_core.sv:173$966'.
  created $adff cell `$procdff$2892' with positive edge clock and negative level reset.
Creating register for signal `$paramod$d2962093f8dd9d4e7179b97995761c09e7733d71\npu_core.\s_cnt_m1' using process `$paramod$d2962093f8dd9d4e7179b97995761c09e7733d71\npu_core.$proc$/home/danieltyukov/workspace/personal/tt-ihp-int8-npu/src/npu_core.sv:173$966'.
  created $adff cell `$procdff$2893' with positive edge clock and negative level reset.

16.2.10. Executing PROC_MEMWR pass (convert process memory writes to cells).

16.2.11. Executing PROC_CLEAN pass (remove empty switches from decision trees).
Found and cleaned up 1 empty switch in `$paramod$67ba8969b455a9921a0ce9d05bfcb7563f4a488b\npu_pe.$proc$/home/danieltyukov/workspace/personal/tt-ihp-int8-npu/src/npu_pe.sv:84$1726'.
Removing empty process `$paramod$67ba8969b455a9921a0ce9d05bfcb7563f4a488b\npu_pe.$proc$/home/danieltyukov/workspace/personal/tt-ihp-int8-npu/src/npu_pe.sv:84$1726'.
Found and cleaned up 12 empty switches in `$paramod$a669845e71d033b9ed54d410c0832a058641c434\npu_host_if.$proc$/home/danieltyukov/workspace/personal/tt-ihp-int8-npu/src/npu_host_if.sv:123$1490'.
Removing empty process `$paramod$a669845e71d033b9ed54d410c0832a058641c434\npu_host_if.$proc$/home/danieltyukov/workspace/personal/tt-ihp-int8-npu/src/npu_host_if.sv:123$1490'.
Found and cleaned up 6 empty switches in `$paramod$9762f17314fc00bcc8483d811536c717be533d3b\npu_requant.$proc$/home/danieltyukov/workspace/personal/tt-ihp-int8-npu/src/npu_requant.sv:137$1464'.
Removing empty process `$paramod$9762f17314fc00bcc8483d811536c717be533d3b\npu_requant.$proc$/home/danieltyukov/workspace/personal/tt-ihp-int8-npu/src/npu_requant.sv:137$1464'.
Found and cleaned up 2 empty switches in `$paramod$d2962093f8dd9d4e7179b97995761c09e7733d71\npu_core.$proc$/home/danieltyukov/workspace/personal/tt-ihp-int8-npu/src/npu_core.sv:396$1259'.
Removing empty process `$paramod$d2962093f8dd9d4e7179b97995761c09e7733d71\npu_core.$proc$/home/danieltyukov/workspace/personal/tt-ihp-int8-npu/src/npu_core.sv:396$1259'.
Found and cleaned up 2 empty switches in `$paramod$d2962093f8dd9d4e7179b97995761c09e7733d71\npu_core.$proc$/home/danieltyukov/workspace/personal/tt-ihp-int8-npu/src/npu_core.sv:396$1251'.
Removing empty process `$paramod$d2962093f8dd9d4e7179b97995761c09e7733d71\npu_core.$proc$/home/danieltyukov/workspace/personal/tt-ihp-int8-npu/src/npu_core.sv:396$1251'.
Found and cleaned up 2 empty switches in `$paramod$d2962093f8dd9d4e7179b97995761c09e7733d71\npu_core.$proc$/home/danieltyukov/workspace/personal/tt-ihp-int8-npu/src/npu_core.sv:396$1243'.
Removing empty process `$paramod$d2962093f8dd9d4e7179b97995761c09e7733d71\npu_core.$proc$/home/danieltyukov/workspace/personal/tt-ihp-int8-npu/src/npu_core.sv:396$1243'.
Found and cleaned up 2 empty switches in `$paramod$d2962093f8dd9d4e7179b97995761c09e7733d71\npu_core.$proc$/home/danieltyukov/workspace/personal/tt-ihp-int8-npu/src/npu_core.sv:396$1235'.
Removing empty process `$paramod$d2962093f8dd9d4e7179b97995761c09e7733d71\npu_core.$proc$/home/danieltyukov/workspace/personal/tt-ihp-int8-npu/src/npu_core.sv:396$1235'.
Found and cleaned up 2 empty switches in `$paramod$d2962093f8dd9d4e7179b97995761c09e7733d71\npu_core.$proc$/home/danieltyukov/workspace/personal/tt-ihp-int8-npu/src/npu_core.sv:396$1227'.
Removing empty process `$paramod$d2962093f8dd9d4e7179b97995761c09e7733d71\npu_core.$proc$/home/danieltyukov/workspace/personal/tt-ihp-int8-npu/src/npu_core.sv:396$1227'.
Found and cleaned up 2 empty switches in `$paramod$d2962093f8dd9d4e7179b97995761c09e7733d71\npu_core.$proc$/home/danieltyukov/workspace/personal/tt-ihp-int8-npu/src/npu_core.sv:396$1219'.
Removing empty process `$paramod$d2962093f8dd9d4e7179b97995761c09e7733d71\npu_core.$proc$/home/danieltyukov/workspace/personal/tt-ihp-int8-npu/src/npu_core.sv:396$1219'.
Found and cleaned up 2 empty switches in `$paramod$d2962093f8dd9d4e7179b97995761c09e7733d71\npu_core.$proc$/home/danieltyukov/workspace/personal/tt-ihp-int8-npu/src/npu_core.sv:396$1211'.
Removing empty process `$paramod$d2962093f8dd9d4e7179b97995761c09e7733d71\npu_core.$proc$/home/danieltyukov/workspace/personal/tt-ihp-int8-npu/src/npu_core.sv:396$1211'.
Found and cleaned up 2 empty switches in `$paramod$d2962093f8dd9d4e7179b97995761c09e7733d71\npu_core.$proc$/home/danieltyukov/workspace/personal/tt-ihp-int8-npu/src/npu_core.sv:396$1203'.
Removing empty process `$paramod$d2962093f8dd9d4e7179b97995761c09e7733d71\npu_core.$proc$/home/danieltyukov/workspace/personal/tt-ihp-int8-npu/src/npu_core.sv:396$1203'.
Found and cleaned up 2 empty switches in `$paramod$d2962093f8dd9d4e7179b97995761c09e7733d71\npu_core.$proc$/home/danieltyukov/workspace/personal/tt-ihp-int8-npu/src/npu_core.sv:396$1195'.
Removing empty process `$paramod$d2962093f8dd9d4e7179b97995761c09e7733d71\npu_core.$proc$/home/danieltyukov/workspace/personal/tt-ihp-int8-npu/src/npu_core.sv:396$1195'.
Found and cleaned up 2 empty switches in `$paramod$d2962093f8dd9d4e7179b97995761c09e7733d71\npu_core.$proc$/home/danieltyukov/workspace/personal/tt-ihp-int8-npu/src/npu_core.sv:396$1187'.
Removing empty process `$paramod$d2962093f8dd9d4e7179b97995761c09e7733d71\npu_core.$proc$/home/danieltyukov/workspace/personal/tt-ihp-int8-npu/src/npu_core.sv:396$1187'.
Found and cleaned up 2 empty switches in `$paramod$d2962093f8dd9d4e7179b97995761c09e7733d71\npu_core.$proc$/home/danieltyukov/workspace/personal/tt-ihp-int8-npu/src/npu_core.sv:396$1179'.
Removing empty process `$paramod$d2962093f8dd9d4e7179b97995761c09e7733d71\npu_core.$proc$/home/danieltyukov/workspace/personal/tt-ihp-int8-npu/src/npu_core.sv:396$1179'.
Found and cleaned up 2 empty switches in `$paramod$d2962093f8dd9d4e7179b97995761c09e7733d71\npu_core.$proc$/home/danieltyukov/workspace/personal/tt-ihp-int8-npu/src/npu_core.sv:396$1171'.
Removing empty process `$paramod$d2962093f8dd9d4e7179b97995761c09e7733d71\npu_core.$proc$/home/danieltyukov/workspace/personal/tt-ihp-int8-npu/src/npu_core.sv:396$1171'.
Found and cleaned up 2 empty switches in `$paramod$d2962093f8dd9d4e7179b97995761c09e7733d71\npu_core.$proc$/home/danieltyukov/workspace/personal/tt-ihp-int8-npu/src/npu_core.sv:330$1162'.
Removing empty process `$paramod$d2962093f8dd9d4e7179b97995761c09e7733d71\npu_core.$proc$/home/danieltyukov/workspace/personal/tt-ihp-int8-npu/src/npu_core.sv:330$1162'.
Found and cleaned up 2 empty switches in `$paramod$d2962093f8dd9d4e7179b97995761c09e7733d71\npu_core.$proc$/home/danieltyukov/workspace/personal/tt-ihp-int8-npu/src/npu_core.sv:330$1156'.
Removing empty process `$paramod$d2962093f8dd9d4e7179b97995761c09e7733d71\npu_core.$proc$/home/danieltyukov/workspace/personal/tt-ihp-int8-npu/src/npu_core.sv:330$1156'.
Found and cleaned up 2 empty switches in `$paramod$d2962093f8dd9d4e7179b97995761c09e7733d71\npu_core.$proc$/home/danieltyukov/workspace/personal/tt-ihp-int8-npu/src/npu_core.sv:330$1150'.
Removing empty process `$paramod$d2962093f8dd9d4e7179b97995761c09e7733d71\npu_core.$proc$/home/danieltyukov/workspace/personal/tt-ihp-int8-npu/src/npu_core.sv:330$1150'.
Found and cleaned up 2 empty switches in `$paramod$d2962093f8dd9d4e7179b97995761c09e7733d71\npu_core.$proc$/home/danieltyukov/workspace/personal/tt-ihp-int8-npu/src/npu_core.sv:330$1144'.
Removing empty process `$paramod$d2962093f8dd9d4e7179b97995761c09e7733d71\npu_core.$proc$/home/danieltyukov/workspace/personal/tt-ihp-int8-npu/src/npu_core.sv:330$1144'.
Found and cleaned up 2 empty switches in `$paramod$d2962093f8dd9d4e7179b97995761c09e7733d71\npu_core.$proc$/home/danieltyukov/workspace/personal/tt-ihp-int8-npu/src/npu_core.sv:330$1138'.
Removing empty process `$paramod$d2962093f8dd9d4e7179b97995761c09e7733d71\npu_core.$proc$/home/danieltyukov/workspace/personal/tt-ihp-int8-npu/src/npu_core.sv:330$1138'.
Found and cleaned up 2 empty switches in `$paramod$d2962093f8dd9d4e7179b97995761c09e7733d71\npu_core.$proc$/home/danieltyukov/workspace/personal/tt-ihp-int8-npu/src/npu_core.sv:330$1132'.
Removing empty process `$paramod$d2962093f8dd9d4e7179b97995761c09e7733d71\npu_core.$proc$/home/danieltyukov/workspace/personal/tt-ihp-int8-npu/src/npu_core.sv:330$1132'.
Found and cleaned up 2 empty switches in `$paramod$d2962093f8dd9d4e7179b97995761c09e7733d71\npu_core.$proc$/home/danieltyukov/workspace/personal/tt-ihp-int8-npu/src/npu_core.sv:330$1115'.
Removing empty process `$paramod$d2962093f8dd9d4e7179b97995761c09e7733d71\npu_core.$proc$/home/danieltyukov/workspace/personal/tt-ihp-int8-npu/src/npu_core.sv:330$1115'.
Found and cleaned up 2 empty switches in `$paramod$d2962093f8dd9d4e7179b97995761c09e7733d71\npu_core.$proc$/home/danieltyukov/workspace/personal/tt-ihp-int8-npu/src/npu_core.sv:330$1109'.
Removing empty process `$paramod$d2962093f8dd9d4e7179b97995761c09e7733d71\npu_core.$proc$/home/danieltyukov/workspace/personal/tt-ihp-int8-npu/src/npu_core.sv:330$1109'.
Found and cleaned up 2 empty switches in `$paramod$d2962093f8dd9d4e7179b97995761c09e7733d71\npu_core.$proc$/home/danieltyukov/workspace/personal/tt-ihp-int8-npu/src/npu_core.sv:330$1103'.
Removing empty process `$paramod$d2962093f8dd9d4e7179b97995761c09e7733d71\npu_core.$proc$/home/danieltyukov/workspace/personal/tt-ihp-int8-npu/src/npu_core.sv:330$1103'.
Found and cleaned up 2 empty switches in `$paramod$d2962093f8dd9d4e7179b97995761c09e7733d71\npu_core.$proc$/home/danieltyukov/workspace/personal/tt-ihp-int8-npu/src/npu_core.sv:330$1097'.
Removing empty process `$paramod$d2962093f8dd9d4e7179b97995761c09e7733d71\npu_core.$proc$/home/danieltyukov/workspace/personal/tt-ihp-int8-npu/src/npu_core.sv:330$1097'.
Found and cleaned up 2 empty switches in `$paramod$d2962093f8dd9d4e7179b97995761c09e7733d71\npu_core.$proc$/home/danieltyukov/workspace/personal/tt-ihp-int8-npu/src/npu_core.sv:330$1091'.
Removing empty process `$paramod$d2962093f8dd9d4e7179b97995761c09e7733d71\npu_core.$proc$/home/danieltyukov/workspace/personal/tt-ihp-int8-npu/src/npu_core.sv:330$1091'.
Found and cleaned up 2 empty switches in `$paramod$d2962093f8dd9d4e7179b97995761c09e7733d71\npu_core.$proc$/home/danieltyukov/workspace/personal/tt-ihp-int8-npu/src/npu_core.sv:330$1085'.
Removing empty process `$paramod$d2962093f8dd9d4e7179b97995761c09e7733d71\npu_core.$proc$/home/danieltyukov/workspace/personal/tt-ihp-int8-npu/src/npu_core.sv:330$1085'.
Found and cleaned up 1 empty switch in `$paramod$d2962093f8dd9d4e7179b97995761c09e7733d71\npu_core.$proc$/home/danieltyukov/workspace/personal/tt-ihp-int8-npu/src/npu_core.sv:0$1010'.
Removing empty process `$paramod$d2962093f8dd9d4e7179b97995761c09e7733d71\npu_core.$proc$/home/danieltyukov/workspace/personal/tt-ihp-int8-npu/src/npu_core.sv:0$1010'.
Found and cleaned up 1 empty switch in `$paramod$d2962093f8dd9d4e7179b97995761c09e7733d71\npu_core.$proc$/home/danieltyukov/workspace/personal/tt-ihp-int8-npu/src/npu_core.sv:0$1009'.
Removing empty process `$paramod$d2962093f8dd9d4e7179b97995761c09e7733d71\npu_core.$proc$/home/danieltyukov/workspace/personal/tt-ihp-int8-npu/src/npu_core.sv:0$1009'.
Found and cleaned up 12 empty switches in `$paramod$d2962093f8dd9d4e7179b97995761c09e7733d71\npu_core.$proc$/home/danieltyukov/workspace/personal/tt-ihp-int8-npu/src/npu_core.sv:415$993'.
Removing empty process `$paramod$d2962093f8dd9d4e7179b97995761c09e7733d71\npu_core.$proc$/home/danieltyukov/workspace/personal/tt-ihp-int8-npu/src/npu_core.sv:415$993'.
Found and cleaned up 2 empty switches in `$paramod$d2962093f8dd9d4e7179b97995761c09e7733d71\npu_core.$proc$/home/danieltyukov/workspace/personal/tt-ihp-int8-npu/src/npu_core.sv:263$971'.
Removing empty process `$paramod$d2962093f8dd9d4e7179b97995761c09e7733d71\npu_core.$proc$/home/danieltyukov/workspace/personal/tt-ihp-int8-npu/src/npu_core.sv:263$971'.
Found and cleaned up 6 empty switches in `$paramod$d2962093f8dd9d4e7179b97995761c09e7733d71\npu_core.$proc$/home/danieltyukov/workspace/personal/tt-ihp-int8-npu/src/npu_core.sv:173$966'.
Removing empty process `$paramod$d2962093f8dd9d4e7179b97995761c09e7733d71\npu_core.$proc$/home/danieltyukov/workspace/personal/tt-ihp-int8-npu/src/npu_core.sv:173$966'.
Cleaned up 89 empty switches.

16.2.12. Executing OPT_EXPR pass (perform const folding).
Optimizing module $paramod$29b69393125ca7ee80b32022bd2decdec691949f\npu_adder.
<suppressed ~1 debug messages>
Optimizing module $paramod$27a8bd94657cc90e38f275422f31847ddfd4487e\npu_csa_reduce.
Optimizing module $paramod$17604f602797e3202e357decf915a5bc29aa0ca3\npu_csa_reduce.
Optimizing module $paramod$67e98feaf73b54d35f9441170982b8d89b9a2316\npu_mult.
<suppressed ~1 debug messages>
Optimizing module $paramod$249e2fefde2cea6485f1861c172b2e75dba89233\npu_adder.
<suppressed ~1 debug messages>
Optimizing module $paramod$67ba8969b455a9921a0ce9d05bfcb7563f4a488b\npu_pe.
<suppressed ~1 debug messages>
Optimizing module tt_um_danieltyukov_int8_npu.
<suppressed ~1 debug messages>
Optimizing module $paramod$00e50bd1d9329584e2110eb397cc8a22011310c9\npu_adder.
<suppressed ~1 debug messages>
Optimizing module $paramod$a669845e71d033b9ed54d410c0832a058641c434\npu_host_if.
<suppressed ~5 debug messages>
Optimizing module $paramod$dd13fb79ecc7134c504489cf60fd3e03faadd8f0\npu_array.
<suppressed ~1 debug messages>
Optimizing module $paramod$9762f17314fc00bcc8483d811536c717be533d3b\npu_requant.
<suppressed ~12 debug messages>
Optimizing module $paramod$2d6c54a146b5c9bc63af6521ae2fae94a8696de1\npu_adder.
<suppressed ~1 debug messages>
Optimizing module $paramod$d2962093f8dd9d4e7179b97995761c09e7733d71\npu_core.
<suppressed ~32 debug messages>
Optimizing module $paramod$c023b5faa9c785d07331b76839e06bd1ab774764\npu_csa_reduce.
Optimizing module $paramod$1ed99f1253f88f2664ca886b8b7f7f8ea7f768dd\npu_pp_baugh_wooley.
Optimizing module $paramod$2b1d745c338a0a6e50bcd9a4dc82bdf12badc2b0\npu_csa_reduce.
Optimizing module $paramod$1eb2e9d021a26f5457ad6970e0ac2d330aaa366a\npu_csa_reduce.
Optimizing module npu_activation.

16.3. Executing FLATTEN pass (flatten design).
Deleting now unused module $paramod$29b69393125ca7ee80b32022bd2decdec691949f\npu_adder.
Deleting now unused module $paramod$27a8bd94657cc90e38f275422f31847ddfd4487e\npu_csa_reduce.
Deleting now unused module $paramod$17604f602797e3202e357decf915a5bc29aa0ca3\npu_csa_reduce.
Deleting now unused module $paramod$67e98feaf73b54d35f9441170982b8d89b9a2316\npu_mult.
Deleting now unused module $paramod$249e2fefde2cea6485f1861c172b2e75dba89233\npu_adder.
Deleting now unused module $paramod$67ba8969b455a9921a0ce9d05bfcb7563f4a488b\npu_pe.
Deleting now unused module $paramod$00e50bd1d9329584e2110eb397cc8a22011310c9\npu_adder.
Deleting now unused module $paramod$a669845e71d033b9ed54d410c0832a058641c434\npu_host_if.
Deleting now unused module $paramod$dd13fb79ecc7134c504489cf60fd3e03faadd8f0\npu_array.
Deleting now unused module $paramod$9762f17314fc00bcc8483d811536c717be533d3b\npu_requant.
Deleting now unused module $paramod$2d6c54a146b5c9bc63af6521ae2fae94a8696de1\npu_adder.
Deleting now unused module $paramod$d2962093f8dd9d4e7179b97995761c09e7733d71\npu_core.
Deleting now unused module $paramod$c023b5faa9c785d07331b76839e06bd1ab774764\npu_csa_reduce.
Deleting now unused module $paramod$1ed99f1253f88f2664ca886b8b7f7f8ea7f768dd\npu_pp_baugh_wooley.
Deleting now unused module $paramod$2b1d745c338a0a6e50bcd9a4dc82bdf12badc2b0\npu_csa_reduce.
Deleting now unused module $paramod$1eb2e9d021a26f5457ad6970e0ac2d330aaa366a\npu_csa_reduce.
Deleting now unused module npu_activation.
<suppressed ~25 debug messages>

16.4. Executing OPT_EXPR pass (perform const folding).
Optimizing module tt_um_danieltyukov_int8_npu.
<suppressed ~268 debug messages>

16.5. Executing OPT_CLEAN pass (remove unused cells and wires).
Finding unused cells or wires in module \tt_um_danieltyukov_int8_npu..
Removed 563 unused cells and 2584 unused wires.
<suppressed ~614 debug messages>

16.6. Executing CHECK pass (checking for obvious problems).
Checking module tt_um_danieltyukov_int8_npu...
Found and reported 0 problems.

16.7. Executing OPT pass (performing simple optimizations).

16.7.1. Executing OPT_EXPR pass (perform const folding).
Optimizing module tt_um_danieltyukov_int8_npu.

16.7.2. Executing OPT_MERGE pass (detect identical cells).
Finding identical cells in module `\tt_um_danieltyukov_int8_npu'.
<suppressed ~402 debug messages>
Removed a total of 134 cells.

16.7.3. Executing OPT_MUXTREE pass (detect dead branches in mux trees).
Running muxtree optimizer on module \tt_um_danieltyukov_int8_npu..
  Creating internal representation of mux trees.
  Evaluating internal representation of mux trees.
  Analyzing evaluation results.
Removed 0 multiplexer ports.
<suppressed ~112 debug messages>

16.7.4. Executing OPT_REDUCE pass (consolidate $*mux and $reduce_* inputs).
  Optimizing cells in module \tt_um_danieltyukov_int8_npu.
    New ctrl vector for $pmux cell $flatten\u_core.$procmux$2665: { $flatten\u_core.$procmux$2670_CMP $auto$opt_reduce.cc:134:opt_pmux$2911 }
    New ctrl vector for $pmux cell $flatten\u_core.$procmux$2772: $auto$opt_reduce.cc:134:opt_pmux$2913
    New ctrl vector for $pmux cell $flatten\u_core.$procmux$2779: $auto$opt_reduce.cc:134:opt_pmux$2915
    New ctrl vector for $pmux cell $flatten\u_core.\u_host.$procmux$2021: { $flatten\u_core.\u_host.$procmux$2027_CMP $flatten\u_core.\u_host.$procmux$2026_CMP $auto$opt_reduce.cc:134:opt_pmux$2919 $flatten\u_core.\u_host.$procmux$2023_CMP $auto$opt_reduce.cc:134:opt_pmux$2917 }
    New ctrl vector for $pmux cell $flatten\u_core.\u_host.$procmux$2064: { $flatten\u_core.\u_host.$procmux$2027_CMP $flatten\u_core.\u_host.$procmux$2026_CMP $auto$opt_reduce.cc:134:opt_pmux$2923 $flatten\u_core.\u_host.$procmux$2023_CMP $auto$opt_reduce.cc:134:opt_pmux$2921 }
    New ctrl vector for $pmux cell $flatten\u_core.\u_requant.$procmux$2400: $auto$opt_reduce.cc:134:opt_pmux$2925
    New ctrl vector for $pmux cell $flatten\u_core.\u_requant.$procmux$2449: $auto$opt_reduce.cc:134:opt_pmux$2927
    New ctrl vector for $pmux cell $flatten\u_core.\u_requant.$procmux$2454: $auto$opt_reduce.cc:134:opt_pmux$2929
  Optimizing cells in module \tt_um_danieltyukov_int8_npu.
Performed a total of 8 changes.

16.7.5. Executing OPT_MERGE pass (detect identical cells).
Finding identical cells in module `\tt_um_danieltyukov_int8_npu'.
<suppressed ~18 debug messages>
Removed a total of 6 cells.

16.7.6. Executing OPT_DFF pass (perform DFF optimizations).

16.7.7. Executing OPT_CLEAN pass (remove unused cells and wires).
Finding unused cells or wires in module \tt_um_danieltyukov_int8_npu..
Removed 0 unused cells and 141 unused wires.
<suppressed ~3 debug messages>

16.7.8. Executing OPT_EXPR pass (perform const folding).
Optimizing module tt_um_danieltyukov_int8_npu.

16.7.9. Rerunning OPT passes. (Maybe there is more to do..)

16.7.10. Executing OPT_MUXTREE pass (detect dead branches in mux trees).
Running muxtree optimizer on module \tt_um_danieltyukov_int8_npu..
  Creating internal representation of mux trees.
  Evaluating internal representation of mux trees.
  Analyzing evaluation results.
Removed 0 multiplexer ports.
<suppressed ~113 debug messages>

16.7.11. Executing OPT_REDUCE pass (consolidate $*mux and $reduce_* inputs).
  Optimizing cells in module \tt_um_danieltyukov_int8_npu.
Performed a total of 0 changes.

16.7.12. Executing OPT_MERGE pass (detect identical cells).
Finding identical cells in module `\tt_um_danieltyukov_int8_npu'.
Removed a total of 0 cells.

16.7.13. Executing OPT_DFF pass (perform DFF optimizations).

16.7.14. Executing OPT_CLEAN pass (remove unused cells and wires).
Finding unused cells or wires in module \tt_um_danieltyukov_int8_npu..

16.7.15. Executing OPT_EXPR pass (perform const folding).
Optimizing module tt_um_danieltyukov_int8_npu.

16.7.16. Finished OPT passes. (There is nothing left to do.)

16.8. Executing FSM pass (extract and optimize FSM).

16.8.1. Executing FSM_DETECT pass (finding FSMs in design).
Not marking tt_um_danieltyukov_int8_npu.u_core.state as FSM state register:
    Users of register don't seem to benefit from recoding.
Not marking tt_um_danieltyukov_int8_npu.u_core.u_host.err_code as FSM state register:
    Users of register don't seem to benefit from recoding.
Not marking tt_um_danieltyukov_int8_npu.u_core.u_requant.state as FSM state register:
    Users of register don't seem to benefit from recoding.
    Circuit seems to be self-resetting.

16.8.2. Executing FSM_EXTRACT pass (extracting FSM from design).

16.8.3. Executing FSM_OPT pass (simple optimizations of FSMs).

16.8.4. Executing OPT_CLEAN pass (remove unused cells and wires).
Finding unused cells or wires in module \tt_um_danieltyukov_int8_npu..

16.8.5. Executing FSM_OPT pass (simple optimizations of FSMs).

16.8.6. Executing FSM_RECODE pass (re-assigning FSM state encoding).

16.8.7. Executing FSM_INFO pass (dumping all available information on FSM cells).

16.8.8. Executing FSM_MAP pass (mapping FSMs to basic logic).

16.9. Executing OPT pass (performing simple optimizations).

16.9.1. Executing OPT_EXPR pass (perform const folding).
Optimizing module tt_um_danieltyukov_int8_npu.

16.9.2. Executing OPT_MERGE pass (detect identical cells).
Finding identical cells in module `\tt_um_danieltyukov_int8_npu'.
Removed a total of 0 cells.

16.9.3. Executing OPT_MUXTREE pass (detect dead branches in mux trees).
Running muxtree optimizer on module \tt_um_danieltyukov_int8_npu..
  Creating internal representation of mux trees.
  Evaluating internal representation of mux trees.
  Analyzing evaluation results.
Removed 0 multiplexer ports.
<suppressed ~113 debug messages>

16.9.4. Executing OPT_REDUCE pass (consolidate $*mux and $reduce_* inputs).
  Optimizing cells in module \tt_um_danieltyukov_int8_npu.
Performed a total of 0 changes.

16.9.5. Executing OPT_MERGE pass (detect identical cells).
Finding identical cells in module `\tt_um_danieltyukov_int8_npu'.
Removed a total of 0 cells.

16.9.6. Executing OPT_DFF pass (perform DFF optimizations).
Adding EN signal on $flatten\u_core.\u_requant.$procdff$2845 ($adff) from module tt_um_danieltyukov_int8_npu (D = $flatten\u_core.\u_requant.$0\sbit[0:0], Q = \u_core.u_requant.sbit).
Adding EN signal on $flatten\u_core.\u_requant.$procdff$2844 ($adff) from module tt_um_danieltyukov_int8_npu (D = $flatten\u_core.\u_requant.$0\rbit[0:0], Q = \u_core.u_requant.rbit).
Adding EN signal on $flatten\u_core.\u_requant.$procdff$2843 ($adff) from module tt_um_danieltyukov_int8_npu (D = $flatten\u_core.\u_requant.$0\shcnt[5:0], Q = \u_core.u_requant.shcnt).
Adding EN signal on $flatten\u_core.\u_requant.$procdff$2842 ($adff) from module tt_um_danieltyukov_int8_npu (D = $flatten\u_core.\u_requant.$0\digcnt[3:0], Q = \u_core.u_requant.digcnt).
Adding EN signal on $flatten\u_core.\u_requant.$procdff$2841 ($adff) from module tt_um_danieltyukov_int8_npu (D = $flatten\u_core.\u_requant.$0\pr[44:0] [44], Q = \u_core.u_requant.pr [44]).
Adding EN signal on $flatten\u_core.\u_requant.$procdff$2841 ($adff) from module tt_um_danieltyukov_int8_npu (D = $flatten\u_core.\u_requant.$0\pr[44:0] [43:0], Q = \u_core.u_requant.pr [43:0]).
Adding EN signal on $flatten\u_core.\u_requant.$procdff$2840 ($adff) from module tt_um_danieltyukov_int8_npu (D = $flatten\u_core.\u_requant.$or$/home/danieltyukov/workspace/personal/tt-ihp-int8-npu/src/npu_requant.sv:191$1481_Y, Q = \u_core.u_requant.sat_out).
Adding EN signal on $flatten\u_core.\u_requant.$procdff$2839 ($adff) from module tt_um_danieltyukov_int8_npu (D = \u_core.u_requant.y_clamp, Q = \u_core.u_requant.q_out).
Adding EN signal on $flatten\u_core.\u_requant.$procdff$2838 ($adff) from module tt_um_danieltyukov_int8_npu (D = $flatten\u_core.\u_requant.$0\state[1:0], Q = \u_core.u_requant.state).
Adding EN signal on $flatten\u_core.\u_host.$procdff$2830 ($adff) from module tt_um_danieltyukov_int8_npu (D = $flatten\u_core.\u_host.$procmux$2293_Y, Q = \u_core.u_host.pcount).
Adding EN signal on $flatten\u_core.\u_host.$procdff$2829 ($adff) from module tt_um_danieltyukov_int8_npu (D = $flatten\u_core.\u_host.$procmux$2300_Y, Q = \u_core.u_host.op).
Adding EN signal on $flatten\u_core.\u_host.$procdff$2828 ($adff) from module tt_um_danieltyukov_int8_npu (D = $flatten\u_core.\u_host.$0\err_code[1:0], Q = \u_core.u_host.err_code).
Adding EN signal on $flatten\u_core.\u_host.$procdff$2827 ($adff) from module tt_um_danieltyukov_int8_npu (D = \ui_in [1], Q = \u_core.u_host.run_req).
Adding EN signal on $flatten\u_core.\u_host.$procdff$2826 ($adff) from module tt_um_danieltyukov_int8_npu (D = \ui_in [0], Q = \u_core.u_host.run_acc).
Adding EN signal on $flatten\u_core.\u_host.$procdff$2824 ($adff) from module tt_um_danieltyukov_int8_npu (D = \ui_in, Q = \u_core.u_host.byte_out).
Adding EN signal on $flatten\u_core.\u_host.$procdff$2822 ($adff) from module tt_um_danieltyukov_int8_npu (D = $flatten\u_core.\u_host.$procmux$2373_Y, Q = \u_core.u_host.rd_ptr).
Adding EN signal on $flatten\u_core.\u_host.$procdff$2821 ($adff) from module tt_um_danieltyukov_int8_npu (D = $flatten\u_core.\u_host.$procmux$2379_Y, Q = \u_core.u_host.rd_src).
Adding EN signal on $flatten\u_core.\u_host.$procdff$2818 ($adff) from module tt_um_danieltyukov_int8_npu (D = \u_core.u_host.pcount [1:0], Q = \u_core.u_host.post_idx).
Adding EN signal on $flatten\u_core.\u_array.\g_row[3].g_col[1].u_pe.$procdff$2809 ($adff) from module tt_um_danieltyukov_int8_npu (D = \u_core.u_host.byte_out, Q = \u_core.u_array.g_row[3].g_col[1].u_pe.w_reg).
Adding EN signal on $flatten\u_core.\u_array.\g_row[3].g_col[0].u_pe.$procdff$2809 ($adff) from module tt_um_danieltyukov_int8_npu (D = \u_core.u_array.g_row[3].g_col[1].u_pe.w_reg, Q = \u_core.u_array.g_row[3].g_col[0].u_pe.w_reg).
Adding EN signal on $flatten\u_core.\u_array.\g_row[2].g_col[1].u_pe.$procdff$2809 ($adff) from module tt_um_danieltyukov_int8_npu (D = \u_core.u_array.g_row[3].g_col[0].u_pe.w_reg, Q = \u_core.u_array.g_row[2].g_col[1].u_pe.w_reg).
Adding EN signal on $flatten\u_core.\u_array.\g_row[2].g_col[0].u_pe.$procdff$2809 ($adff) from module tt_um_danieltyukov_int8_npu (D = \u_core.u_array.g_row[2].g_col[1].u_pe.w_reg, Q = \u_core.u_array.g_row[2].g_col[0].u_pe.w_reg).
Adding EN signal on $flatten\u_core.\u_array.\g_row[1].g_col[1].u_pe.$procdff$2809 ($adff) from module tt_um_danieltyukov_int8_npu (D = \u_core.u_array.g_row[2].g_col[0].u_pe.w_reg, Q = \u_core.u_array.g_row[1].g_col[1].u_pe.w_reg).
Adding EN signal on $flatten\u_core.\u_array.\g_row[1].g_col[0].u_pe.$procdff$2809 ($adff) from module tt_um_danieltyukov_int8_npu (D = \u_core.u_array.g_row[1].g_col[1].u_pe.w_reg, Q = \u_core.u_array.g_row[1].g_col[0].u_pe.w_reg).
Adding EN signal on $flatten\u_core.\u_array.\g_row[0].g_col[1].u_pe.$procdff$2809 ($adff) from module tt_um_danieltyukov_int8_npu (D = \u_core.u_array.g_row[1].g_col[0].u_pe.w_reg, Q = \u_core.u_array.g_row[0].g_col[1].u_pe.w_reg).
Adding EN signal on $flatten\u_core.\u_array.\g_row[0].g_col[0].u_pe.$procdff$2809 ($adff) from module tt_um_danieltyukov_int8_npu (D = \u_core.u_array.g_row[0].g_col[1].u_pe.w_reg, Q = \u_core.u_array.g_row[0].g_col[0].u_pe.w_reg).
Adding EN signal on $flatten\u_core.$procdff$2893 ($adff) from module tt_um_danieltyukov_int8_npu (D = \u_core.cfg_s_count_m1, Q = \u_core.s_cnt_m1).
Adding EN signal on $flatten\u_core.$procdff$2892 ($adff) from module tt_um_danieltyukov_int8_npu (D = \u_core.u_host.byte_out [4:2], Q = \u_core.leaky_k_reg).
Adding EN signal on $flatten\u_core.$procdff$2891 ($adff) from module tt_um_danieltyukov_int8_npu (D = \u_core.u_host.byte_out [1:0], Q = \u_core.act_sel_reg).
Adding EN signal on $flatten\u_core.$procdff$2890 ($adff) from module tt_um_danieltyukov_int8_npu (D = \u_core.u_host.byte_out, Q = \u_core.clamp_hi_reg).
Adding EN signal on $flatten\u_core.$procdff$2889 ($adff) from module tt_um_danieltyukov_int8_npu (D = \u_core.u_host.byte_out, Q = \u_core.clamp_lo_reg).
Adding EN signal on $flatten\u_core.$procdff$2888 ($adff) from module tt_um_danieltyukov_int8_npu (D = \u_core.u_host.byte_out, Q = \u_core.zp_reg).
Adding EN signal on $flatten\u_core.$procdff$2887 ($adff) from module tt_um_danieltyukov_int8_npu (D = { \u_core.u_host.byte_out \u_core.quant_buf [47:8] }, Q = \u_core.quant_buf).
Adding EN signal on $flatten\u_core.$procdff$2886 ($adff) from module tt_um_danieltyukov_int8_npu (D = { \u_core.u_host.byte_out \u_core.bias_buf [47:8] }, Q = \u_core.bias_buf).
Adding EN signal on $flatten\u_core.$procdff$2885 ($adff) from module tt_um_danieltyukov_int8_npu (D = { \u_core.u_host.byte_out \u_core.act_buf [191:8] }, Q = \u_core.act_buf).
Adding EN signal on $flatten\u_core.$procdff$2884 ($adff) from module tt_um_danieltyukov_int8_npu (D = $flatten\u_core.$0\inj_idx[2:0], Q = \u_core.inj_idx).
Adding EN signal on $flatten\u_core.$procdff$2881 ($adff) from module tt_um_danieltyukov_int8_npu (D = $flatten\u_core.$0\err_code_reg[1:0], Q = \u_core.err_code_reg).
Adding EN signal on $flatten\u_core.$procdff$2878 ($adff) from module tt_um_danieltyukov_int8_npu (D = $flatten\u_core.$0\err_reg[0:0], Q = \u_core.err_reg).
Adding EN signal on $flatten\u_core.$procdff$2875 ($adff) from module tt_um_danieltyukov_int8_npu (D = $flatten\u_core.$0\req_c[0:0], Q = \u_core.req_c).
Adding EN signal on $flatten\u_core.$procdff$2874 ($adff) from module tt_um_danieltyukov_int8_npu (D = $flatten\u_core.$0\req_s[2:0], Q = \u_core.req_s).
Adding EN signal on $flatten\u_core.$procdff$2873 ($adff) from module tt_um_danieltyukov_int8_npu (D = \u_core.u_host.run_req, Q = \u_core.do_req).
Adding EN signal on $flatten\u_core.$procdff$2872 ($adff) from module tt_um_danieltyukov_int8_npu (D = $flatten\u_core.$logic_not$/home/danieltyukov/workspace/personal/tt-ihp-int8-npu/src/npu_core.sv:461$995_Y, Q = \u_core.acc_first).
Adding EN signal on $flatten\u_core.$procdff$2871 ($adff) from module tt_um_danieltyukov_int8_npu (D = $flatten\u_core.$0\cyc[3:0], Q = \u_core.cyc).
Adding EN signal on $flatten\u_core.$procdff$2870 ($adff) from module tt_um_danieltyukov_int8_npu (D = $flatten\u_core.$0\state[1:0], Q = \u_core.state).
Adding EN signal on $flatten\u_core.$procdff$2869 ($adff) from module tt_um_danieltyukov_int8_npu (D = $flatten\u_core.$0\g_bank[0].g_ent[0].q[23:0], Q = \u_core.g_bank[0].g_ent[0].q).
Adding EN signal on $flatten\u_core.$procdff$2868 ($adff) from module tt_um_danieltyukov_int8_npu (D = $flatten\u_core.$0\g_bank[0].g_ent[1].q[23:0], Q = \u_core.g_bank[0].g_ent[1].q).
Adding EN signal on $flatten\u_core.$procdff$2867 ($adff) from module tt_um_danieltyukov_int8_npu (D = $flatten\u_core.$0\g_bank[0].g_ent[2].q[23:0], Q = \u_core.g_bank[0].g_ent[2].q).
Adding EN signal on $flatten\u_core.$procdff$2866 ($adff) from module tt_um_danieltyukov_int8_npu (D = $flatten\u_core.$0\g_bank[0].g_ent[3].q[23:0], Q = \u_core.g_bank[0].g_ent[3].q).
Adding EN signal on $flatten\u_core.$procdff$2865 ($adff) from module tt_um_danieltyukov_int8_npu (D = $flatten\u_core.$0\g_bank[0].g_ent[4].q[23:0], Q = \u_core.g_bank[0].g_ent[4].q).
Adding EN signal on $flatten\u_core.$procdff$2864 ($adff) from module tt_um_danieltyukov_int8_npu (D = $flatten\u_core.$0\g_bank[0].g_ent[5].q[23:0], Q = \u_core.g_bank[0].g_ent[5].q).
Adding EN signal on $flatten\u_core.$procdff$2863 ($adff) from module tt_um_danieltyukov_int8_npu (D = $flatten\u_core.$0\g_bank[1].g_ent[0].q[23:0], Q = \u_core.g_bank[1].g_ent[0].q).
Adding EN signal on $flatten\u_core.$procdff$2862 ($adff) from module tt_um_danieltyukov_int8_npu (D = $flatten\u_core.$0\g_bank[1].g_ent[1].q[23:0], Q = \u_core.g_bank[1].g_ent[1].q).
Adding EN signal on $flatten\u_core.$procdff$2861 ($adff) from module tt_um_danieltyukov_int8_npu (D = $flatten\u_core.$0\g_bank[1].g_ent[2].q[23:0], Q = \u_core.g_bank[1].g_ent[2].q).
Adding EN signal on $flatten\u_core.$procdff$2860 ($adff) from module tt_um_danieltyukov_int8_npu (D = $flatten\u_core.$0\g_bank[1].g_ent[3].q[23:0], Q = \u_core.g_bank[1].g_ent[3].q).
Adding EN signal on $flatten\u_core.$procdff$2859 ($adff) from module tt_um_danieltyukov_int8_npu (D = $flatten\u_core.$0\g_bank[1].g_ent[4].q[23:0], Q = \u_core.g_bank[1].g_ent[4].q).
Adding EN signal on $flatten\u_core.$procdff$2858 ($adff) from module tt_um_danieltyukov_int8_npu (D = $flatten\u_core.$0\g_bank[1].g_ent[5].q[23:0], Q = \u_core.g_bank[1].g_ent[5].q).
Adding EN signal on $flatten\u_core.$procdff$2857 ($adff) from module tt_um_danieltyukov_int8_npu (D = $flatten\u_core.$0\g_res[0].q[7:0], Q = \u_core.g_res[0].q).
Adding EN signal on $flatten\u_core.$procdff$2856 ($adff) from module tt_um_danieltyukov_int8_npu (D = $flatten\u_core.$0\g_res[1].q[7:0], Q = \u_core.g_res[1].q).
Adding EN signal on $flatten\u_core.$procdff$2855 ($adff) from module tt_um_danieltyukov_int8_npu (D = $flatten\u_core.$0\g_res[2].q[7:0], Q = \u_core.g_res[2].q).
Adding EN signal on $flatten\u_core.$procdff$2854 ($adff) from module tt_um_danieltyukov_int8_npu (D = $flatten\u_core.$0\g_res[3].q[7:0], Q = \u_core.g_res[3].q).
Adding EN signal on $flatten\u_core.$procdff$2853 ($adff) from module tt_um_danieltyukov_int8_npu (D = $flatten\u_core.$0\g_res[4].q[7:0], Q = \u_core.g_res[4].q).
Adding EN signal on $flatten\u_core.$procdff$2852 ($adff) from module tt_um_danieltyukov_int8_npu (D = $flatten\u_core.$0\g_res[5].q[7:0], Q = \u_core.g_res[5].q).
Adding EN signal on $flatten\u_core.$procdff$2851 ($adff) from module tt_um_danieltyukov_int8_npu (D = $flatten\u_core.$0\g_res[6].q[7:0], Q = \u_core.g_res[6].q).
Adding EN signal on $flatten\u_core.$procdff$2850 ($adff) from module tt_um_danieltyukov_int8_npu (D = $flatten\u_core.$0\g_res[7].q[7:0], Q = \u_core.g_res[7].q).
Adding EN signal on $flatten\u_core.$procdff$2849 ($adff) from module tt_um_danieltyukov_int8_npu (D = $flatten\u_core.$0\g_res[8].q[7:0], Q = \u_core.g_res[8].q).
Adding EN signal on $flatten\u_core.$procdff$2848 ($adff) from module tt_um_danieltyukov_int8_npu (D = $flatten\u_core.$0\g_res[9].q[7:0], Q = \u_core.g_res[9].q).
Adding EN signal on $flatten\u_core.$procdff$2847 ($adff) from module tt_um_danieltyukov_int8_npu (D = $flatten\u_core.$0\g_res[10].q[7:0], Q = \u_core.g_res[10].q).
Adding EN signal on $flatten\u_core.$procdff$2846 ($adff) from module tt_um_danieltyukov_int8_npu (D = $flatten\u_core.$0\g_res[11].q[7:0], Q = \u_core.g_res[11].q).

16.9.7. Executing OPT_CLEAN pass (remove unused cells and wires).
Finding unused cells or wires in module \tt_um_danieltyukov_int8_npu..
Removed 50 unused cells and 50 unused wires.
<suppressed ~51 debug messages>

16.9.8. Executing OPT_EXPR pass (perform const folding).
Optimizing module tt_um_danieltyukov_int8_npu.
<suppressed ~40 debug messages>

16.9.9. Rerunning OPT passes. (Maybe there is more to do..)

16.9.10. Executing OPT_MUXTREE pass (detect dead branches in mux trees).
Running muxtree optimizer on module \tt_um_danieltyukov_int8_npu..
  Creating internal representation of mux trees.
  Evaluating internal representation of mux trees.
  Analyzing evaluation results.
Removed 0 multiplexer ports.
<suppressed ~90 debug messages>

16.9.11. Executing OPT_REDUCE pass (consolidate $*mux and $reduce_* inputs).
  Optimizing cells in module \tt_um_danieltyukov_int8_npu.
Performed a total of 0 changes.

16.9.12. Executing OPT_MERGE pass (detect identical cells).
Finding identical cells in module `\tt_um_danieltyukov_int8_npu'.
<suppressed ~111 debug messages>
Removed a total of 37 cells.

16.9.13. Executing OPT_DFF pass (perform DFF optimizations).

16.9.14. Executing OPT_CLEAN pass (remove unused cells and wires).
Finding unused cells or wires in module \tt_um_danieltyukov_int8_npu..
Removed 0 unused cells and 37 unused wires.
<suppressed ~1 debug messages>

16.9.15. Executing OPT_EXPR pass (perform const folding).
Optimizing module tt_um_danieltyukov_int8_npu.

16.9.16. Rerunning OPT passes. (Maybe there is more to do..)

16.9.17. Executing OPT_MUXTREE pass (detect dead branches in mux trees).
Running muxtree optimizer on module \tt_um_danieltyukov_int8_npu..
  Creating internal representation of mux trees.
  Evaluating internal representation of mux trees.
  Analyzing evaluation results.
Removed 0 multiplexer ports.
<suppressed ~91 debug messages>

16.9.18. Executing OPT_REDUCE pass (consolidate $*mux and $reduce_* inputs).
  Optimizing cells in module \tt_um_danieltyukov_int8_npu.
Performed a total of 0 changes.

16.9.19. Executing OPT_MERGE pass (detect identical cells).
Finding identical cells in module `\tt_um_danieltyukov_int8_npu'.
Removed a total of 0 cells.

16.9.20. Executing OPT_DFF pass (perform DFF optimizations).

16.9.21. Executing OPT_CLEAN pass (remove unused cells and wires).
Finding unused cells or wires in module \tt_um_danieltyukov_int8_npu..

16.9.22. Executing OPT_EXPR pass (perform const folding).
Optimizing module tt_um_danieltyukov_int8_npu.

16.9.23. Finished OPT passes. (There is nothing left to do.)

16.10. Executing WREDUCE pass (reducing word size of cells).
Removed top 28 address bits (of 32) from memory init port tt_um_danieltyukov_int8_npu.$flatten\u_core.\u_host.$auto$mem.cc:319:emit$2016 ($flatten\u_core.\u_host.$auto$proc_rom.cc:150:do_switch$2014).
Removed top 1 bits (of 2) from port B of cell tt_um_danieltyukov_int8_npu.$auto$opt_dff.cc:195:make_patterns_logic$3039 ($ne).
Removed top 2 bits (of 4) from port B of cell tt_um_danieltyukov_int8_npu.$auto$opt_dff.cc:195:make_patterns_logic$3035 ($ne).
Removed top 1 bits (of 4) from port B of cell tt_um_danieltyukov_int8_npu.$auto$opt_dff.cc:195:make_patterns_logic$3007 ($ne).
Removed top 1 bits (of 25) from port Y of cell tt_um_danieltyukov_int8_npu.$flatten\u_core.\g_bank[1].u_acc_add.$and$/home/danieltyukov/workspace/personal/tt-ihp-int8-npu/src/npu_adder.sv:60$1263 ($and).
Removed top 1 bits (of 25) from port A of cell tt_um_danieltyukov_int8_npu.$flatten\u_core.\g_bank[1].u_acc_add.$and$/home/danieltyukov/workspace/personal/tt-ihp-int8-npu/src/npu_adder.sv:60$1263 ($and).
Removed top 1 bits (of 25) from port B of cell tt_um_danieltyukov_int8_npu.$flatten\u_core.\g_bank[1].u_acc_add.$and$/home/danieltyukov/workspace/personal/tt-ihp-int8-npu/src/npu_adder.sv:60$1263 ($and).
Removed top 1 bits (of 25) from port Y of cell tt_um_danieltyukov_int8_npu.$flatten\u_core.\g_bank[0].u_acc_add.$and$/home/danieltyukov/workspace/personal/tt-ihp-int8-npu/src/npu_adder.sv:60$1263 ($and).
Removed top 1 bits (of 25) from port A of cell tt_um_danieltyukov_int8_npu.$flatten\u_core.\g_bank[0].u_acc_add.$and$/home/danieltyukov/workspace/personal/tt-ihp-int8-npu/src/npu_adder.sv:60$1263 ($and).
Removed top 1 bits (of 25) from port B of cell tt_um_danieltyukov_int8_npu.$flatten\u_core.\g_bank[0].u_acc_add.$and$/home/danieltyukov/workspace/personal/tt-ihp-int8-npu/src/npu_adder.sv:60$1263 ($and).
Removed top 2 bits (of 10) from port B of cell tt_um_danieltyukov_int8_npu.$flatten\u_core.\u_act.$gt$/home/danieltyukov/workspace/personal/tt-ihp-int8-npu/src/npu_activation.sv:44$4 ($gt).
Removed top 2 bits (of 10) from port B of cell tt_um_danieltyukov_int8_npu.$flatten\u_core.\u_act.$lt$/home/danieltyukov/workspace/personal/tt-ihp-int8-npu/src/npu_activation.sv:45$5 ($lt).
Removed top 1 bits (of 2) from port B of cell tt_um_danieltyukov_int8_npu.$flatten\u_core.\u_act.$eq$/home/danieltyukov/workspace/personal/tt-ihp-int8-npu/src/npu_activation.sv:51$12 ($eq).
Removed top 2 bits (of 5) from port B of cell tt_um_danieltyukov_int8_npu.$auto$opt_dff.cc:195:make_patterns_logic$3117 ($ne).
Removed top 18 bits (of 26) from port B of cell tt_um_danieltyukov_int8_npu.$flatten\u_core.\u_requant.$gt$/home/danieltyukov/workspace/personal/tt-ihp-int8-npu/src/npu_requant.sv:130$1460 ($gt).
Removed top 18 bits (of 26) from port B of cell tt_um_danieltyukov_int8_npu.$flatten\u_core.\u_requant.$lt$/home/danieltyukov/workspace/personal/tt-ihp-int8-npu/src/npu_requant.sv:131$1461 ($lt).
Removed top 1 bits (of 6) from port A of cell tt_um_danieltyukov_int8_npu.$flatten\u_core.\u_requant.$add$/home/danieltyukov/workspace/personal/tt-ihp-int8-npu/src/npu_requant.sv:157$1466 ($add).
Removed top 1 bits (of 6) from port B of cell tt_um_danieltyukov_int8_npu.$flatten\u_core.\u_requant.$add$/home/danieltyukov/workspace/personal/tt-ihp-int8-npu/src/npu_requant.sv:157$1466 ($add).
Removed top 3 bits (of 4) from port B of cell tt_um_danieltyukov_int8_npu.$flatten\u_core.\u_requant.$eq$/home/danieltyukov/workspace/personal/tt-ihp-int8-npu/src/npu_requant.sv:168$1468 ($eq).
Removed top 1 bits (of 2) from mux cell tt_um_danieltyukov_int8_npu.$flatten\u_core.\u_requant.$ternary$/home/danieltyukov/workspace/personal/tt-ihp-int8-npu/src/npu_requant.sv:168$1470 ($mux).
Removed top 3 bits (of 6) from port B of cell tt_um_danieltyukov_int8_npu.$flatten\u_core.\u_requant.$ge$/home/danieltyukov/workspace/personal/tt-ihp-int8-npu/src/npu_requant.sv:174$1471 ($ge).
Removed top 3 bits (of 6) from port B of cell tt_um_danieltyukov_int8_npu.$flatten\u_core.\u_requant.$sub$/home/danieltyukov/workspace/personal/tt-ihp-int8-npu/src/npu_requant.sv:178$1476 ($sub).
Removed top 3 bits (of 6) from port B of cell tt_um_danieltyukov_int8_npu.$flatten\u_core.\u_requant.$eq$/home/danieltyukov/workspace/personal/tt-ihp-int8-npu/src/npu_requant.sv:179$1477 ($eq).
Removed top 5 bits (of 6) from port B of cell tt_um_danieltyukov_int8_npu.$flatten\u_core.\u_requant.$sub$/home/danieltyukov/workspace/personal/tt-ihp-int8-npu/src/npu_requant.sv:184$1479 ($sub).
Removed top 5 bits (of 6) from port B of cell tt_um_danieltyukov_int8_npu.$flatten\u_core.\u_requant.$eq$/home/danieltyukov/workspace/personal/tt-ihp-int8-npu/src/npu_requant.sv:185$1480 ($eq).
Removed top 1 bits (of 2) from port B of cell tt_um_danieltyukov_int8_npu.$flatten\u_core.\u_requant.$procmux$2402_CMP0 ($eq).
Removed top 2 bits (of 45) from mux cell tt_um_danieltyukov_int8_npu.$flatten\u_core.\u_requant.$procmux$2440 ($mux).
Removed top 1 bits (of 2) from port B of cell tt_um_danieltyukov_int8_npu.$auto$opt_dff.cc:195:make_patterns_logic$2934 ($ne).
Removed top 1 bits (of 4) from port B of cell tt_um_danieltyukov_int8_npu.$auto$opt_dff.cc:195:make_patterns_logic$3110 ($ne).
Removed top 1 bits (of 26) from port Y of cell tt_um_danieltyukov_int8_npu.$flatten\u_core.\u_requant.\u_add.$and$/home/danieltyukov/workspace/personal/tt-ihp-int8-npu/src/npu_adder.sv:60$1534 ($and).
Removed top 1 bits (of 26) from port A of cell tt_um_danieltyukov_int8_npu.$flatten\u_core.\u_requant.\u_add.$and$/home/danieltyukov/workspace/personal/tt-ihp-int8-npu/src/npu_adder.sv:60$1534 ($and).
Removed top 1 bits (of 26) from port B of cell tt_um_danieltyukov_int8_npu.$flatten\u_core.\u_requant.\u_add.$and$/home/danieltyukov/workspace/personal/tt-ihp-int8-npu/src/npu_adder.sv:60$1534 ($and).
Removed top 1 bits (of 19) from port Y of cell tt_um_danieltyukov_int8_npu.$flatten\u_core.\u_array.\g_row[3].g_col[1].u_pe.\u_add.$and$/home/danieltyukov/workspace/personal/tt-ihp-int8-npu/src/npu_adder.sv:60$1731 ($and).
Removed top 1 bits (of 19) from port A of cell tt_um_danieltyukov_int8_npu.$flatten\u_core.\u_array.\g_row[3].g_col[1].u_pe.\u_add.$and$/home/danieltyukov/workspace/personal/tt-ihp-int8-npu/src/npu_adder.sv:60$1731 ($and).
Removed top 1 bits (of 19) from port B of cell tt_um_danieltyukov_int8_npu.$flatten\u_core.\u_array.\g_row[3].g_col[1].u_pe.\u_add.$and$/home/danieltyukov/workspace/personal/tt-ihp-int8-npu/src/npu_adder.sv:60$1731 ($and).
Removed top 8 bits (of 16) from port A of cell tt_um_danieltyukov_int8_npu.$flatten\u_core.\u_array.\g_row[3].g_col[1].u_pe.\u_mul.\g_bw.g_wallace.u_tree.$xor$/home/danieltyukov/workspace/personal/tt-ihp-int8-npu/src/npu_csa_reduce.sv:49$1864 ($xor).
Removed top 7 bits (of 16) from port B of cell tt_um_danieltyukov_int8_npu.$flatten\u_core.\u_array.\g_row[3].g_col[1].u_pe.\u_mul.\g_bw.g_wallace.u_tree.$xor$/home/danieltyukov/workspace/personal/tt-ihp-int8-npu/src/npu_csa_reduce.sv:49$1864 ($xor).
Removed top 7 bits (of 16) from port Y of cell tt_um_danieltyukov_int8_npu.$flatten\u_core.\u_array.\g_row[3].g_col[1].u_pe.\u_mul.\g_bw.g_wallace.u_tree.$xor$/home/danieltyukov/workspace/personal/tt-ihp-int8-npu/src/npu_csa_reduce.sv:49$1864 ($xor).
Removed top 1 bits (of 16) from port Y of cell tt_um_danieltyukov_int8_npu.$flatten\u_core.\u_array.\g_row[3].g_col[1].u_pe.\u_mul.\u_cpa.$and$/home/danieltyukov/workspace/personal/tt-ihp-int8-npu/src/npu_adder.sv:60$1887 ($and).
Removed top 1 bits (of 16) from port A of cell tt_um_danieltyukov_int8_npu.$flatten\u_core.\u_array.\g_row[3].g_col[1].u_pe.\u_mul.\u_cpa.$and$/home/danieltyukov/workspace/personal/tt-ihp-int8-npu/src/npu_adder.sv:60$1887 ($and).
Removed top 1 bits (of 16) from port B of cell tt_um_danieltyukov_int8_npu.$flatten\u_core.\u_array.\g_row[3].g_col[1].u_pe.\u_mul.\u_cpa.$and$/home/danieltyukov/workspace/personal/tt-ihp-int8-npu/src/npu_adder.sv:60$1887 ($and).
Removed top 1 bits (of 16) from port Y of cell tt_um_danieltyukov_int8_npu.$flatten\u_core.\u_array.\g_row[3].g_col[1].u_pe.\u_mul.\g_bw.g_wallace.u_tree.\genblk1.g_reduce.u_next.$or$/home/danieltyukov/workspace/personal/tt-ihp-int8-npu/src/npu_csa_reduce.sv:53$1996 ($or).
Removed top 1 bits (of 16) from port A of cell tt_um_danieltyukov_int8_npu.$flatten\u_core.\u_array.\g_row[3].g_col[1].u_pe.\u_mul.\g_bw.g_wallace.u_tree.\genblk1.g_reduce.u_next.$or$/home/danieltyukov/workspace/personal/tt-ihp-int8-npu/src/npu_csa_reduce.sv:53$1996 ($or).
Removed top 1 bits (of 16) from port B of cell tt_um_danieltyukov_int8_npu.$flatten\u_core.\u_array.\g_row[3].g_col[1].u_pe.\u_mul.\g_bw.g_wallace.u_tree.\genblk1.g_reduce.u_next.$or$/home/danieltyukov/workspace/personal/tt-ihp-int8-npu/src/npu_csa_reduce.sv:53$1996 ($or).
Removed top 1 bits (of 16) from port Y of cell tt_um_danieltyukov_int8_npu.$flatten\u_core.\u_array.\g_row[3].g_col[1].u_pe.\u_mul.\g_bw.g_wallace.u_tree.\genblk1.g_reduce.u_next.$or$/home/danieltyukov/workspace/personal/tt-ihp-int8-npu/src/npu_csa_reduce.sv:53$2003 ($or).
Removed top 1 bits (of 16) from port A of cell tt_um_danieltyukov_int8_npu.$flatten\u_core.\u_array.\g_row[3].g_col[1].u_pe.\u_mul.\g_bw.g_wallace.u_tree.\genblk1.g_reduce.u_next.$or$/home/danieltyukov/workspace/personal/tt-ihp-int8-npu/src/npu_csa_reduce.sv:53$2003 ($or).
Removed top 1 bits (of 16) from port B of cell tt_um_danieltyukov_int8_npu.$flatten\u_core.\u_array.\g_row[3].g_col[1].u_pe.\u_mul.\g_bw.g_wallace.u_tree.\genblk1.g_reduce.u_next.$or$/home/danieltyukov/workspace/personal/tt-ihp-int8-npu/src/npu_csa_reduce.sv:53$2003 ($or).
Removed top 1 bits (of 16) from port Y of cell tt_um_danieltyukov_int8_npu.$flatten\u_core.\u_array.\g_row[3].g_col[1].u_pe.\u_mul.\g_bw.g_wallace.u_tree.\genblk1.g_reduce.u_next.\genblk1.g_reduce.u_next.\genblk1.g_reduce.u_next.$or$/home/danieltyukov/workspace/personal/tt-ihp-int8-npu/src/npu_csa_reduce.sv:53$1862 ($or).
Removed top 1 bits (of 16) from port A of cell tt_um_danieltyukov_int8_npu.$flatten\u_core.\u_array.\g_row[3].g_col[1].u_pe.\u_mul.\g_bw.g_wallace.u_tree.\genblk1.g_reduce.u_next.\genblk1.g_reduce.u_next.\genblk1.g_reduce.u_next.$or$/home/danieltyukov/workspace/personal/tt-ihp-int8-npu/src/npu_csa_reduce.sv:53$1862 ($or).
Removed top 1 bits (of 16) from port B of cell tt_um_danieltyukov_int8_npu.$flatten\u_core.\u_array.\g_row[3].g_col[1].u_pe.\u_mul.\g_bw.g_wallace.u_tree.\genblk1.g_reduce.u_next.\genblk1.g_reduce.u_next.\genblk1.g_reduce.u_next.$or$/home/danieltyukov/workspace/personal/tt-ihp-int8-npu/src/npu_csa_reduce.sv:53$1862 ($or).
Removed top 1 bits (of 16) from port Y of cell tt_um_danieltyukov_int8_npu.$flatten\u_core.\u_array.\g_row[3].g_col[1].u_pe.\u_mul.\g_bw.g_wallace.u_tree.\genblk1.g_reduce.u_next.\genblk1.g_reduce.u_next.$or$/home/danieltyukov/workspace/personal/tt-ihp-int8-npu/src/npu_csa_reduce.sv:53$2011 ($or).
Removed top 1 bits (of 16) from port A of cell tt_um_danieltyukov_int8_npu.$flatten\u_core.\u_array.\g_row[3].g_col[1].u_pe.\u_mul.\g_bw.g_wallace.u_tree.\genblk1.g_reduce.u_next.\genblk1.g_reduce.u_next.$or$/home/danieltyukov/workspace/personal/tt-ihp-int8-npu/src/npu_csa_reduce.sv:53$2011 ($or).
Removed top 1 bits (of 16) from port B of cell tt_um_danieltyukov_int8_npu.$flatten\u_core.\u_array.\g_row[3].g_col[1].u_pe.\u_mul.\g_bw.g_wallace.u_tree.\genblk1.g_reduce.u_next.\genblk1.g_reduce.u_next.$or$/home/danieltyukov/workspace/personal/tt-ihp-int8-npu/src/npu_csa_reduce.sv:53$2011 ($or).
Removed top 1 bits (of 16) from port Y of cell tt_um_danieltyukov_int8_npu.$flatten\u_core.\u_array.\g_row[3].g_col[1].u_pe.\u_mul.\g_bw.g_wallace.u_tree.\genblk1.g_reduce.u_next.\genblk1.g_reduce.u_next.$and$/home/danieltyukov/workspace/personal/tt-ihp-int8-npu/src/npu_csa_reduce.sv:53$2010 ($and).
Removed top 1 bits (of 16) from port A of cell tt_um_danieltyukov_int8_npu.$flatten\u_core.\u_array.\g_row[3].g_col[1].u_pe.\u_mul.\g_bw.g_wallace.u_tree.\genblk1.g_reduce.u_next.\genblk1.g_reduce.u_next.$and$/home/danieltyukov/workspace/personal/tt-ihp-int8-npu/src/npu_csa_reduce.sv:53$2010 ($and).
Removed top 1 bits (of 16) from port B of cell tt_um_danieltyukov_int8_npu.$flatten\u_core.\u_array.\g_row[3].g_col[1].u_pe.\u_mul.\g_bw.g_wallace.u_tree.\genblk1.g_reduce.u_next.\genblk1.g_reduce.u_next.$and$/home/danieltyukov/workspace/personal/tt-ihp-int8-npu/src/npu_csa_reduce.sv:53$2010 ($and).
Removed top 1 bits (of 16) from port Y of cell tt_um_danieltyukov_int8_npu.$flatten\u_core.\u_array.\g_row[3].g_col[1].u_pe.\u_mul.\g_bw.g_wallace.u_tree.\genblk1.g_reduce.u_next.\genblk1.g_reduce.u_next.$or$/home/danieltyukov/workspace/personal/tt-ihp-int8-npu/src/npu_csa_reduce.sv:53$2009 ($or).
Removed top 1 bits (of 16) from port A of cell tt_um_danieltyukov_int8_npu.$flatten\u_core.\u_array.\g_row[3].g_col[1].u_pe.\u_mul.\g_bw.g_wallace.u_tree.\genblk1.g_reduce.u_next.\genblk1.g_reduce.u_next.$or$/home/danieltyukov/workspace/personal/tt-ihp-int8-npu/src/npu_csa_reduce.sv:53$2009 ($or).
Removed top 1 bits (of 16) from port B of cell tt_um_danieltyukov_int8_npu.$flatten\u_core.\u_array.\g_row[3].g_col[1].u_pe.\u_mul.\g_bw.g_wallace.u_tree.\genblk1.g_reduce.u_next.\genblk1.g_reduce.u_next.$or$/home/danieltyukov/workspace/personal/tt-ihp-int8-npu/src/npu_csa_reduce.sv:53$2009 ($or).
Removed top 1 bits (of 16) from port Y of cell tt_um_danieltyukov_int8_npu.$flatten\u_core.\u_array.\g_row[3].g_col[1].u_pe.\u_mul.\g_bw.g_wallace.u_tree.\genblk1.g_reduce.u_next.\genblk1.g_reduce.u_next.$and$/home/danieltyukov/workspace/personal/tt-ihp-int8-npu/src/npu_csa_reduce.sv:53$2008 ($and).
Removed top 1 bits (of 16) from port A of cell tt_um_danieltyukov_int8_npu.$flatten\u_core.\u_array.\g_row[3].g_col[1].u_pe.\u_mul.\g_bw.g_wallace.u_tree.\genblk1.g_reduce.u_next.\genblk1.g_reduce.u_next.$and$/home/danieltyukov/workspace/personal/tt-ihp-int8-npu/src/npu_csa_reduce.sv:53$2008 ($and).
Removed top 1 bits (of 16) from port B of cell tt_um_danieltyukov_int8_npu.$flatten\u_core.\u_array.\g_row[3].g_col[1].u_pe.\u_mul.\g_bw.g_wallace.u_tree.\genblk1.g_reduce.u_next.\genblk1.g_reduce.u_next.$and$/home/danieltyukov/workspace/personal/tt-ihp-int8-npu/src/npu_csa_reduce.sv:53$2008 ($and).
Removed top 1 bits (of 16) from port Y of cell tt_um_danieltyukov_int8_npu.$flatten\u_core.\u_array.\g_row[3].g_col[1].u_pe.\u_mul.\g_bw.g_wallace.u_tree.\genblk1.g_reduce.u_next.\genblk1.g_reduce.u_next.$and$/home/danieltyukov/workspace/personal/tt-ihp-int8-npu/src/npu_csa_reduce.sv:53$2007 ($and).
Removed top 1 bits (of 16) from port A of cell tt_um_danieltyukov_int8_npu.$flatten\u_core.\u_array.\g_row[3].g_col[1].u_pe.\u_mul.\g_bw.g_wallace.u_tree.\genblk1.g_reduce.u_next.\genblk1.g_reduce.u_next.$and$/home/danieltyukov/workspace/personal/tt-ihp-int8-npu/src/npu_csa_reduce.sv:53$2007 ($and).
Removed top 1 bits (of 16) from port B of cell tt_um_danieltyukov_int8_npu.$flatten\u_core.\u_array.\g_row[3].g_col[1].u_pe.\u_mul.\g_bw.g_wallace.u_tree.\genblk1.g_reduce.u_next.\genblk1.g_reduce.u_next.$and$/home/danieltyukov/workspace/personal/tt-ihp-int8-npu/src/npu_csa_reduce.sv:53$2007 ($and).
Removed top 7 bits (of 16) from port B of cell tt_um_danieltyukov_int8_npu.$flatten\u_core.\u_array.\g_row[3].g_col[1].u_pe.\u_mul.\g_bw.g_wallace.u_tree.$or$/home/danieltyukov/workspace/personal/tt-ihp-int8-npu/src/npu_csa_reduce.sv:53$1884 ($or).
Removed top 1 bits (of 16) from port Y of cell tt_um_danieltyukov_int8_npu.$flatten\u_core.\u_array.\g_row[3].g_col[1].u_pe.\u_mul.\g_bw.g_wallace.u_tree.$or$/home/danieltyukov/workspace/personal/tt-ihp-int8-npu/src/npu_csa_reduce.sv:53$1884 ($or).
Removed top 1 bits (of 16) from port A of cell tt_um_danieltyukov_int8_npu.$flatten\u_core.\u_array.\g_row[3].g_col[1].u_pe.\u_mul.\g_bw.g_wallace.u_tree.$or$/home/danieltyukov/workspace/personal/tt-ihp-int8-npu/src/npu_csa_reduce.sv:53$1884 ($or).
Removed top 7 bits (of 16) from port B of cell tt_um_danieltyukov_int8_npu.$flatten\u_core.\u_array.\g_row[3].g_col[1].u_pe.\u_mul.\g_bw.g_wallace.u_tree.$or$/home/danieltyukov/workspace/personal/tt-ihp-int8-npu/src/npu_csa_reduce.sv:53$1882 ($or).
Removed top 1 bits (of 16) from port Y of cell tt_um_danieltyukov_int8_npu.$flatten\u_core.\u_array.\g_row[3].g_col[1].u_pe.\u_mul.\g_bw.g_wallace.u_tree.$or$/home/danieltyukov/workspace/personal/tt-ihp-int8-npu/src/npu_csa_reduce.sv:53$1882 ($or).
Removed top 1 bits (of 16) from port A of cell tt_um_danieltyukov_int8_npu.$flatten\u_core.\u_array.\g_row[3].g_col[1].u_pe.\u_mul.\g_bw.g_wallace.u_tree.$or$/home/danieltyukov/workspace/personal/tt-ihp-int8-npu/src/npu_csa_reduce.sv:53$1882 ($or).
Removed top 2 bits (of 16) from port A of cell tt_um_danieltyukov_int8_npu.$flatten\u_core.\u_array.\g_row[3].g_col[1].u_pe.\u_mul.\g_bw.g_wallace.u_tree.$and$/home/danieltyukov/workspace/personal/tt-ihp-int8-npu/src/npu_csa_reduce.sv:53$1880 ($and).
Removed top 1 bits (of 16) from port B of cell tt_um_danieltyukov_int8_npu.$flatten\u_core.\u_array.\g_row[3].g_col[1].u_pe.\u_mul.\g_bw.g_wallace.u_tree.$and$/home/danieltyukov/workspace/personal/tt-ihp-int8-npu/src/npu_csa_reduce.sv:53$1880 ($and).
Removed top 1 bits (of 16) from port Y of cell tt_um_danieltyukov_int8_npu.$flatten\u_core.\u_array.\g_row[3].g_col[1].u_pe.\u_mul.\g_bw.g_wallace.u_tree.$and$/home/danieltyukov/workspace/personal/tt-ihp-int8-npu/src/npu_csa_reduce.sv:53$1880 ($and).
Removed top 2 bits (of 16) from port A of cell tt_um_danieltyukov_int8_npu.$flatten\u_core.\u_array.\g_row[3].g_col[1].u_pe.\u_mul.\g_bw.g_wallace.u_tree.$xor$/home/danieltyukov/workspace/personal/tt-ihp-int8-npu/src/npu_csa_reduce.sv:49$1878 ($xor).
Removed top 1 bits (of 16) from port B of cell tt_um_danieltyukov_int8_npu.$flatten\u_core.\u_array.\g_row[3].g_col[1].u_pe.\u_mul.\g_bw.g_wallace.u_tree.$xor$/home/danieltyukov/workspace/personal/tt-ihp-int8-npu/src/npu_csa_reduce.sv:49$1878 ($xor).
Removed top 1 bits (of 16) from port Y of cell tt_um_danieltyukov_int8_npu.$flatten\u_core.\u_array.\g_row[3].g_col[1].u_pe.\u_mul.\g_bw.g_wallace.u_tree.$xor$/home/danieltyukov/workspace/personal/tt-ihp-int8-npu/src/npu_csa_reduce.sv:49$1878 ($xor).
Removed top 1 bits (of 16) from port Y of cell tt_um_danieltyukov_int8_npu.$flatten\u_core.\u_array.\g_row[3].g_col[1].u_pe.\u_mul.\g_bw.g_wallace.u_tree.$or$/home/danieltyukov/workspace/personal/tt-ihp-int8-npu/src/npu_csa_reduce.sv:53$1877 ($or).
Removed top 1 bits (of 16) from port A of cell tt_um_danieltyukov_int8_npu.$flatten\u_core.\u_array.\g_row[3].g_col[1].u_pe.\u_mul.\g_bw.g_wallace.u_tree.$or$/home/danieltyukov/workspace/personal/tt-ihp-int8-npu/src/npu_csa_reduce.sv:53$1877 ($or).
Removed top 1 bits (of 16) from port B of cell tt_um_danieltyukov_int8_npu.$flatten\u_core.\u_array.\g_row[3].g_col[1].u_pe.\u_mul.\g_bw.g_wallace.u_tree.$or$/home/danieltyukov/workspace/personal/tt-ihp-int8-npu/src/npu_csa_reduce.sv:53$1877 ($or).
Removed top 4 bits (of 16) from port A of cell tt_um_danieltyukov_int8_npu.$flatten\u_core.\u_array.\g_row[3].g_col[1].u_pe.\u_mul.\g_bw.g_wallace.u_tree.$and$/home/danieltyukov/workspace/personal/tt-ihp-int8-npu/src/npu_csa_reduce.sv:53$1876 ($and).
Removed top 3 bits (of 16) from port B of cell tt_um_danieltyukov_int8_npu.$flatten\u_core.\u_array.\g_row[3].g_col[1].u_pe.\u_mul.\g_bw.g_wallace.u_tree.$and$/home/danieltyukov/workspace/personal/tt-ihp-int8-npu/src/npu_csa_reduce.sv:53$1876 ($and).
Removed top 3 bits (of 16) from port Y of cell tt_um_danieltyukov_int8_npu.$flatten\u_core.\u_array.\g_row[3].g_col[1].u_pe.\u_mul.\g_bw.g_wallace.u_tree.$and$/home/danieltyukov/workspace/personal/tt-ihp-int8-npu/src/npu_csa_reduce.sv:53$1876 ($and).
Removed top 1 bits (of 16) from port Y of cell tt_um_danieltyukov_int8_npu.$flatten\u_core.\u_array.\g_row[3].g_col[1].u_pe.\u_mul.\g_bw.g_wallace.u_tree.$or$/home/danieltyukov/workspace/personal/tt-ihp-int8-npu/src/npu_csa_reduce.sv:53$1875 ($or).
Removed top 1 bits (of 16) from port A of cell tt_um_danieltyukov_int8_npu.$flatten\u_core.\u_array.\g_row[3].g_col[1].u_pe.\u_mul.\g_bw.g_wallace.u_tree.$or$/home/danieltyukov/workspace/personal/tt-ihp-int8-npu/src/npu_csa_reduce.sv:53$1875 ($or).
Removed top 1 bits (of 16) from port B of cell tt_um_danieltyukov_int8_npu.$flatten\u_core.\u_array.\g_row[3].g_col[1].u_pe.\u_mul.\g_bw.g_wallace.u_tree.$or$/home/danieltyukov/workspace/personal/tt-ihp-int8-npu/src/npu_csa_reduce.sv:53$1875 ($or).
Removed top 5 bits (of 16) from port A of cell tt_um_danieltyukov_int8_npu.$flatten\u_core.\u_array.\g_row[3].g_col[1].u_pe.\u_mul.\g_bw.g_wallace.u_tree.$and$/home/danieltyukov/workspace/personal/tt-ihp-int8-npu/src/npu_csa_reduce.sv:53$1874 ($and).
Removed top 3 bits (of 16) from port B of cell tt_um_danieltyukov_int8_npu.$flatten\u_core.\u_array.\g_row[3].g_col[1].u_pe.\u_mul.\g_bw.g_wallace.u_tree.$and$/home/danieltyukov/workspace/personal/tt-ihp-int8-npu/src/npu_csa_reduce.sv:53$1874 ($and).
Removed top 3 bits (of 16) from port Y of cell tt_um_danieltyukov_int8_npu.$flatten\u_core.\u_array.\g_row[3].g_col[1].u_pe.\u_mul.\g_bw.g_wallace.u_tree.$and$/home/danieltyukov/workspace/personal/tt-ihp-int8-npu/src/npu_csa_reduce.sv:53$1874 ($and).
Removed top 5 bits (of 16) from port A of cell tt_um_danieltyukov_int8_npu.$flatten\u_core.\u_array.\g_row[3].g_col[1].u_pe.\u_mul.\g_bw.g_wallace.u_tree.$and$/home/danieltyukov/workspace/personal/tt-ihp-int8-npu/src/npu_csa_reduce.sv:53$1873 ($and).
Removed top 4 bits (of 16) from port B of cell tt_um_danieltyukov_int8_npu.$flatten\u_core.\u_array.\g_row[3].g_col[1].u_pe.\u_mul.\g_bw.g_wallace.u_tree.$and$/home/danieltyukov/workspace/personal/tt-ihp-int8-npu/src/npu_csa_reduce.sv:53$1873 ($and).
Removed top 4 bits (of 16) from port Y of cell tt_um_danieltyukov_int8_npu.$flatten\u_core.\u_array.\g_row[3].g_col[1].u_pe.\u_mul.\g_bw.g_wallace.u_tree.$and$/home/danieltyukov/workspace/personal/tt-ihp-int8-npu/src/npu_csa_reduce.sv:53$1873 ($and).
Removed top 3 bits (of 16) from port B of cell tt_um_danieltyukov_int8_npu.$flatten\u_core.\u_array.\g_row[3].g_col[1].u_pe.\u_mul.\g_bw.g_wallace.u_tree.$xor$/home/danieltyukov/workspace/personal/tt-ihp-int8-npu/src/npu_csa_reduce.sv:49$1872 ($xor).
Removed top 5 bits (of 16) from port A of cell tt_um_danieltyukov_int8_npu.$flatten\u_core.\u_array.\g_row[3].g_col[1].u_pe.\u_mul.\g_bw.g_wallace.u_tree.$xor$/home/danieltyukov/workspace/personal/tt-ihp-int8-npu/src/npu_csa_reduce.sv:49$1871 ($xor).
Removed top 4 bits (of 16) from port B of cell tt_um_danieltyukov_int8_npu.$flatten\u_core.\u_array.\g_row[3].g_col[1].u_pe.\u_mul.\g_bw.g_wallace.u_tree.$xor$/home/danieltyukov/workspace/personal/tt-ihp-int8-npu/src/npu_csa_reduce.sv:49$1871 ($xor).
Removed top 4 bits (of 16) from port Y of cell tt_um_danieltyukov_int8_npu.$flatten\u_core.\u_array.\g_row[3].g_col[1].u_pe.\u_mul.\g_bw.g_wallace.u_tree.$xor$/home/danieltyukov/workspace/personal/tt-ihp-int8-npu/src/npu_csa_reduce.sv:49$1871 ($xor).
Removed top 1 bits (of 16) from port Y of cell tt_um_danieltyukov_int8_npu.$flatten\u_core.\u_array.\g_row[3].g_col[1].u_pe.\u_mul.\g_bw.g_wallace.u_tree.$or$/home/danieltyukov/workspace/personal/tt-ihp-int8-npu/src/npu_csa_reduce.sv:53$1870 ($or).
Removed top 1 bits (of 16) from port A of cell tt_um_danieltyukov_int8_npu.$flatten\u_core.\u_array.\g_row[3].g_col[1].u_pe.\u_mul.\g_bw.g_wallace.u_tree.$or$/home/danieltyukov/workspace/personal/tt-ihp-int8-npu/src/npu_csa_reduce.sv:53$1870 ($or).
Removed top 1 bits (of 16) from port B of cell tt_um_danieltyukov_int8_npu.$flatten\u_core.\u_array.\g_row[3].g_col[1].u_pe.\u_mul.\g_bw.g_wallace.u_tree.$or$/home/danieltyukov/workspace/personal/tt-ihp-int8-npu/src/npu_csa_reduce.sv:53$1870 ($or).
Removed top 7 bits (of 16) from port A of cell tt_um_danieltyukov_int8_npu.$flatten\u_core.\u_array.\g_row[3].g_col[1].u_pe.\u_mul.\g_bw.g_wallace.u_tree.$and$/home/danieltyukov/workspace/personal/tt-ihp-int8-npu/src/npu_csa_reduce.sv:53$1869 ($and).
Removed top 6 bits (of 16) from port B of cell tt_um_danieltyukov_int8_npu.$flatten\u_core.\u_array.\g_row[3].g_col[1].u_pe.\u_mul.\g_bw.g_wallace.u_tree.$and$/home/danieltyukov/workspace/personal/tt-ihp-int8-npu/src/npu_csa_reduce.sv:53$1869 ($and).
Removed top 6 bits (of 16) from port Y of cell tt_um_danieltyukov_int8_npu.$flatten\u_core.\u_array.\g_row[3].g_col[1].u_pe.\u_mul.\g_bw.g_wallace.u_tree.$and$/home/danieltyukov/workspace/personal/tt-ihp-int8-npu/src/npu_csa_reduce.sv:53$1869 ($and).
Removed top 1 bits (of 16) from port Y of cell tt_um_danieltyukov_int8_npu.$flatten\u_core.\u_array.\g_row[3].g_col[1].u_pe.\u_mul.\g_bw.g_wallace.u_tree.$or$/home/danieltyukov/workspace/personal/tt-ihp-int8-npu/src/npu_csa_reduce.sv:53$1868 ($or).
Removed top 1 bits (of 16) from port A of cell tt_um_danieltyukov_int8_npu.$flatten\u_core.\u_array.\g_row[3].g_col[1].u_pe.\u_mul.\g_bw.g_wallace.u_tree.$or$/home/danieltyukov/workspace/personal/tt-ihp-int8-npu/src/npu_csa_reduce.sv:53$1868 ($or).
Removed top 1 bits (of 16) from port B of cell tt_um_danieltyukov_int8_npu.$flatten\u_core.\u_array.\g_row[3].g_col[1].u_pe.\u_mul.\g_bw.g_wallace.u_tree.$or$/home/danieltyukov/workspace/personal/tt-ihp-int8-npu/src/npu_csa_reduce.sv:53$1868 ($or).
Removed top 8 bits (of 16) from port A of cell tt_um_danieltyukov_int8_npu.$flatten\u_core.\u_array.\g_row[3].g_col[1].u_pe.\u_mul.\g_bw.g_wallace.u_tree.$and$/home/danieltyukov/workspace/personal/tt-ihp-int8-npu/src/npu_csa_reduce.sv:53$1867 ($and).
Removed top 6 bits (of 16) from port B of cell tt_um_danieltyukov_int8_npu.$flatten\u_core.\u_array.\g_row[3].g_col[1].u_pe.\u_mul.\g_bw.g_wallace.u_tree.$and$/home/danieltyukov/workspace/personal/tt-ihp-int8-npu/src/npu_csa_reduce.sv:53$1867 ($and).
Removed top 6 bits (of 16) from port Y of cell tt_um_danieltyukov_int8_npu.$flatten\u_core.\u_array.\g_row[3].g_col[1].u_pe.\u_mul.\g_bw.g_wallace.u_tree.$and$/home/danieltyukov/workspace/personal/tt-ihp-int8-npu/src/npu_csa_reduce.sv:53$1867 ($and).
Removed top 8 bits (of 16) from port A of cell tt_um_danieltyukov_int8_npu.$flatten\u_core.\u_array.\g_row[3].g_col[1].u_pe.\u_mul.\g_bw.g_wallace.u_tree.$and$/home/danieltyukov/workspace/personal/tt-ihp-int8-npu/src/npu_csa_reduce.sv:53$1866 ($and).
Removed top 7 bits (of 16) from port B of cell tt_um_danieltyukov_int8_npu.$flatten\u_core.\u_array.\g_row[3].g_col[1].u_pe.\u_mul.\g_bw.g_wallace.u_tree.$and$/home/danieltyukov/workspace/personal/tt-ihp-int8-npu/src/npu_csa_reduce.sv:53$1866 ($and).
Removed top 7 bits (of 16) from port Y of cell tt_um_danieltyukov_int8_npu.$flatten\u_core.\u_array.\g_row[3].g_col[1].u_pe.\u_mul.\g_bw.g_wallace.u_tree.$and$/home/danieltyukov/workspace/personal/tt-ihp-int8-npu/src/npu_csa_reduce.sv:53$1866 ($and).
Removed top 7 bits (of 16) from port A of cell tt_um_danieltyukov_int8_npu.$flatten\u_core.\u_array.\g_row[3].g_col[1].u_pe.\u_mul.\g_bw.g_wallace.u_tree.$xor$/home/danieltyukov/workspace/personal/tt-ihp-int8-npu/src/npu_csa_reduce.sv:49$1865 ($xor).
Removed top 6 bits (of 16) from port B of cell tt_um_danieltyukov_int8_npu.$flatten\u_core.\u_array.\g_row[3].g_col[1].u_pe.\u_mul.\g_bw.g_wallace.u_tree.$xor$/home/danieltyukov/workspace/personal/tt-ihp-int8-npu/src/npu_csa_reduce.sv:49$1865 ($xor).
Removed top 6 bits (of 16) from port Y of cell tt_um_danieltyukov_int8_npu.$flatten\u_core.\u_array.\g_row[3].g_col[1].u_pe.\u_mul.\g_bw.g_wallace.u_tree.$xor$/home/danieltyukov/workspace/personal/tt-ihp-int8-npu/src/npu_csa_reduce.sv:49$1865 ($xor).
Removed top 8 bits (of 16) from port A of cell tt_um_danieltyukov_int8_npu.$flatten\u_core.\u_array.\g_row[0].g_col[0].u_pe.\u_mul.\g_bw.g_wallace.u_tree.$xor$/home/danieltyukov/workspace/personal/tt-ihp-int8-npu/src/npu_csa_reduce.sv:49$1864 ($xor).
Removed top 7 bits (of 16) from port B of cell tt_um_danieltyukov_int8_npu.$flatten\u_core.\u_array.\g_row[0].g_col[0].u_pe.\u_mul.\g_bw.g_wallace.u_tree.$xor$/home/danieltyukov/workspace/personal/tt-ihp-int8-npu/src/npu_csa_reduce.sv:49$1864 ($xor).
Removed top 7 bits (of 16) from port Y of cell tt_um_danieltyukov_int8_npu.$flatten\u_core.\u_array.\g_row[0].g_col[0].u_pe.\u_mul.\g_bw.g_wallace.u_tree.$xor$/home/danieltyukov/workspace/personal/tt-ihp-int8-npu/src/npu_csa_reduce.sv:49$1864 ($xor).
Removed top 1 bits (of 16) from port Y of cell tt_um_danieltyukov_int8_npu.$flatten\u_core.\u_array.\g_row[0].g_col[0].u_pe.\u_mul.\u_cpa.$and$/home/danieltyukov/workspace/personal/tt-ihp-int8-npu/src/npu_adder.sv:60$1887 ($and).
Removed top 1 bits (of 16) from port A of cell tt_um_danieltyukov_int8_npu.$flatten\u_core.\u_array.\g_row[0].g_col[0].u_pe.\u_mul.\u_cpa.$and$/home/danieltyukov/workspace/personal/tt-ihp-int8-npu/src/npu_adder.sv:60$1887 ($and).
Removed top 1 bits (of 16) from port B of cell tt_um_danieltyukov_int8_npu.$flatten\u_core.\u_array.\g_row[0].g_col[0].u_pe.\u_mul.\u_cpa.$and$/home/danieltyukov/workspace/personal/tt-ihp-int8-npu/src/npu_adder.sv:60$1887 ($and).
Removed top 1 bits (of 16) from port Y of cell tt_um_danieltyukov_int8_npu.$flatten\u_core.\u_array.\g_row[0].g_col[0].u_pe.\u_mul.\g_bw.g_wallace.u_tree.\genblk1.g_reduce.u_next.$or$/home/danieltyukov/workspace/personal/tt-ihp-int8-npu/src/npu_csa_reduce.sv:53$1996 ($or).
Removed top 1 bits (of 16) from port A of cell tt_um_danieltyukov_int8_npu.$flatten\u_core.\u_array.\g_row[0].g_col[0].u_pe.\u_mul.\g_bw.g_wallace.u_tree.\genblk1.g_reduce.u_next.$or$/home/danieltyukov/workspace/personal/tt-ihp-int8-npu/src/npu_csa_reduce.sv:53$1996 ($or).
Removed top 1 bits (of 16) from port B of cell tt_um_danieltyukov_int8_npu.$flatten\u_core.\u_array.\g_row[0].g_col[0].u_pe.\u_mul.\g_bw.g_wallace.u_tree.\genblk1.g_reduce.u_next.$or$/home/danieltyukov/workspace/personal/tt-ihp-int8-npu/src/npu_csa_reduce.sv:53$1996 ($or).
Removed top 1 bits (of 16) from port Y of cell tt_um_danieltyukov_int8_npu.$flatten\u_core.\u_array.\g_row[0].g_col[0].u_pe.\u_mul.\g_bw.g_wallace.u_tree.\genblk1.g_reduce.u_next.$or$/home/danieltyukov/workspace/personal/tt-ihp-int8-npu/src/npu_csa_reduce.sv:53$2003 ($or).
Removed top 1 bits (of 16) from port A of cell tt_um_danieltyukov_int8_npu.$flatten\u_core.\u_array.\g_row[0].g_col[0].u_pe.\u_mul.\g_bw.g_wallace.u_tree.\genblk1.g_reduce.u_next.$or$/home/danieltyukov/workspace/personal/tt-ihp-int8-npu/src/npu_csa_reduce.sv:53$2003 ($or).
Removed top 1 bits (of 16) from port B of cell tt_um_danieltyukov_int8_npu.$flatten\u_core.\u_array.\g_row[0].g_col[0].u_pe.\u_mul.\g_bw.g_wallace.u_tree.\genblk1.g_reduce.u_next.$or$/home/danieltyukov/workspace/personal/tt-ihp-int8-npu/src/npu_csa_reduce.sv:53$2003 ($or).
Removed top 1 bits (of 16) from port Y of cell tt_um_danieltyukov_int8_npu.$flatten\u_core.\u_array.\g_row[0].g_col[0].u_pe.\u_mul.\g_bw.g_wallace.u_tree.\genblk1.g_reduce.u_next.\genblk1.g_reduce.u_next.\genblk1.g_reduce.u_next.$or$/home/danieltyukov/workspace/personal/tt-ihp-int8-npu/src/npu_csa_reduce.sv:53$1862 ($or).
Removed top 1 bits (of 16) from port A of cell tt_um_danieltyukov_int8_npu.$flatten\u_core.\u_array.\g_row[0].g_col[0].u_pe.\u_mul.\g_bw.g_wallace.u_tree.\genblk1.g_reduce.u_next.\genblk1.g_reduce.u_next.\genblk1.g_reduce.u_next.$or$/home/danieltyukov/workspace/personal/tt-ihp-int8-npu/src/npu_csa_reduce.sv:53$1862 ($or).
Removed top 1 bits (of 16) from port B of cell tt_um_danieltyukov_int8_npu.$flatten\u_core.\u_array.\g_row[0].g_col[0].u_pe.\u_mul.\g_bw.g_wallace.u_tree.\genblk1.g_reduce.u_next.\genblk1.g_reduce.u_next.\genblk1.g_reduce.u_next.$or$/home/danieltyukov/workspace/personal/tt-ihp-int8-npu/src/npu_csa_reduce.sv:53$1862 ($or).
Removed top 1 bits (of 16) from port Y of cell tt_um_danieltyukov_int8_npu.$flatten\u_core.\u_array.\g_row[0].g_col[0].u_pe.\u_mul.\g_bw.g_wallace.u_tree.\genblk1.g_reduce.u_next.\genblk1.g_reduce.u_next.$or$/home/danieltyukov/workspace/personal/tt-ihp-int8-npu/src/npu_csa_reduce.sv:53$2011 ($or).
Removed top 1 bits (of 16) from port A of cell tt_um_danieltyukov_int8_npu.$flatten\u_core.\u_array.\g_row[0].g_col[0].u_pe.\u_mul.\g_bw.g_wallace.u_tree.\genblk1.g_reduce.u_next.\genblk1.g_reduce.u_next.$or$/home/danieltyukov/workspace/personal/tt-ihp-int8-npu/src/npu_csa_reduce.sv:53$2011 ($or).
Removed top 1 bits (of 16) from port B of cell tt_um_danieltyukov_int8_npu.$flatten\u_core.\u_array.\g_row[0].g_col[0].u_pe.\u_mul.\g_bw.g_wallace.u_tree.\genblk1.g_reduce.u_next.\genblk1.g_reduce.u_next.$or$/home/danieltyukov/workspace/personal/tt-ihp-int8-npu/src/npu_csa_reduce.sv:53$2011 ($or).
Removed top 1 bits (of 16) from port Y of cell tt_um_danieltyukov_int8_npu.$flatten\u_core.\u_array.\g_row[0].g_col[0].u_pe.\u_mul.\g_bw.g_wallace.u_tree.\genblk1.g_reduce.u_next.\genblk1.g_reduce.u_next.$and$/home/danieltyukov/workspace/personal/tt-ihp-int8-npu/src/npu_csa_reduce.sv:53$2010 ($and).
Removed top 1 bits (of 16) from port A of cell tt_um_danieltyukov_int8_npu.$flatten\u_core.\u_array.\g_row[0].g_col[0].u_pe.\u_mul.\g_bw.g_wallace.u_tree.\genblk1.g_reduce.u_next.\genblk1.g_reduce.u_next.$and$/home/danieltyukov/workspace/personal/tt-ihp-int8-npu/src/npu_csa_reduce.sv:53$2010 ($and).
Removed top 1 bits (of 16) from port B of cell tt_um_danieltyukov_int8_npu.$flatten\u_core.\u_array.\g_row[0].g_col[0].u_pe.\u_mul.\g_bw.g_wallace.u_tree.\genblk1.g_reduce.u_next.\genblk1.g_reduce.u_next.$and$/home/danieltyukov/workspace/personal/tt-ihp-int8-npu/src/npu_csa_reduce.sv:53$2010 ($and).
Removed top 1 bits (of 16) from port Y of cell tt_um_danieltyukov_int8_npu.$flatten\u_core.\u_array.\g_row[0].g_col[0].u_pe.\u_mul.\g_bw.g_wallace.u_tree.\genblk1.g_reduce.u_next.\genblk1.g_reduce.u_next.$or$/home/danieltyukov/workspace/personal/tt-ihp-int8-npu/src/npu_csa_reduce.sv:53$2009 ($or).
Removed top 1 bits (of 16) from port A of cell tt_um_danieltyukov_int8_npu.$flatten\u_core.\u_array.\g_row[0].g_col[0].u_pe.\u_mul.\g_bw.g_wallace.u_tree.\genblk1.g_reduce.u_next.\genblk1.g_reduce.u_next.$or$/home/danieltyukov/workspace/personal/tt-ihp-int8-npu/src/npu_csa_reduce.sv:53$2009 ($or).
Removed top 1 bits (of 16) from port B of cell tt_um_danieltyukov_int8_npu.$flatten\u_core.\u_array.\g_row[0].g_col[0].u_pe.\u_mul.\g_bw.g_wallace.u_tree.\genblk1.g_reduce.u_next.\genblk1.g_reduce.u_next.$or$/home/danieltyukov/workspace/personal/tt-ihp-int8-npu/src/npu_csa_reduce.sv:53$2009 ($or).
Removed top 1 bits (of 16) from port Y of cell tt_um_danieltyukov_int8_npu.$flatten\u_core.\u_array.\g_row[0].g_col[0].u_pe.\u_mul.\g_bw.g_wallace.u_tree.\genblk1.g_reduce.u_next.\genblk1.g_reduce.u_next.$and$/home/danieltyukov/workspace/personal/tt-ihp-int8-npu/src/npu_csa_reduce.sv:53$2008 ($and).
Removed top 1 bits (of 16) from port A of cell tt_um_danieltyukov_int8_npu.$flatten\u_core.\u_array.\g_row[0].g_col[0].u_pe.\u_mul.\g_bw.g_wallace.u_tree.\genblk1.g_reduce.u_next.\genblk1.g_reduce.u_next.$and$/home/danieltyukov/workspace/personal/tt-ihp-int8-npu/src/npu_csa_reduce.sv:53$2008 ($and).
Removed top 1 bits (of 16) from port B of cell tt_um_danieltyukov_int8_npu.$flatten\u_core.\u_array.\g_row[0].g_col[0].u_pe.\u_mul.\g_bw.g_wallace.u_tree.\genblk1.g_reduce.u_next.\genblk1.g_reduce.u_next.$and$/home/danieltyukov/workspace/personal/tt-ihp-int8-npu/src/npu_csa_reduce.sv:53$2008 ($and).
Removed top 1 bits (of 16) from port Y of cell tt_um_danieltyukov_int8_npu.$flatten\u_core.\u_array.\g_row[0].g_col[0].u_pe.\u_mul.\g_bw.g_wallace.u_tree.\genblk1.g_reduce.u_next.\genblk1.g_reduce.u_next.$and$/home/danieltyukov/workspace/personal/tt-ihp-int8-npu/src/npu_csa_reduce.sv:53$2007 ($and).
Removed top 1 bits (of 16) from port A of cell tt_um_danieltyukov_int8_npu.$flatten\u_core.\u_array.\g_row[0].g_col[0].u_pe.\u_mul.\g_bw.g_wallace.u_tree.\genblk1.g_reduce.u_next.\genblk1.g_reduce.u_next.$and$/home/danieltyukov/workspace/personal/tt-ihp-int8-npu/src/npu_csa_reduce.sv:53$2007 ($and).
Removed top 1 bits (of 16) from port B of cell tt_um_danieltyukov_int8_npu.$flatten\u_core.\u_array.\g_row[0].g_col[0].u_pe.\u_mul.\g_bw.g_wallace.u_tree.\genblk1.g_reduce.u_next.\genblk1.g_reduce.u_next.$and$/home/danieltyukov/workspace/personal/tt-ihp-int8-npu/src/npu_csa_reduce.sv:53$2007 ($and).
Removed top 7 bits (of 16) from port B of cell tt_um_danieltyukov_int8_npu.$flatten\u_core.\u_array.\g_row[0].g_col[0].u_pe.\u_mul.\g_bw.g_wallace.u_tree.$or$/home/danieltyukov/workspace/personal/tt-ihp-int8-npu/src/npu_csa_reduce.sv:53$1884 ($or).
Removed top 1 bits (of 16) from port Y of cell tt_um_danieltyukov_int8_npu.$flatten\u_core.\u_array.\g_row[0].g_col[0].u_pe.\u_mul.\g_bw.g_wallace.u_tree.$or$/home/danieltyukov/workspace/personal/tt-ihp-int8-npu/src/npu_csa_reduce.sv:53$1884 ($or).
Removed top 1 bits (of 16) from port A of cell tt_um_danieltyukov_int8_npu.$flatten\u_core.\u_array.\g_row[0].g_col[0].u_pe.\u_mul.\g_bw.g_wallace.u_tree.$or$/home/danieltyukov/workspace/personal/tt-ihp-int8-npu/src/npu_csa_reduce.sv:53$1884 ($or).
Removed top 7 bits (of 16) from port B of cell tt_um_danieltyukov_int8_npu.$flatten\u_core.\u_array.\g_row[0].g_col[0].u_pe.\u_mul.\g_bw.g_wallace.u_tree.$or$/home/danieltyukov/workspace/personal/tt-ihp-int8-npu/src/npu_csa_reduce.sv:53$1882 ($or).
Removed top 1 bits (of 16) from port Y of cell tt_um_danieltyukov_int8_npu.$flatten\u_core.\u_array.\g_row[0].g_col[0].u_pe.\u_mul.\g_bw.g_wallace.u_tree.$or$/home/danieltyukov/workspace/personal/tt-ihp-int8-npu/src/npu_csa_reduce.sv:53$1882 ($or).
Removed top 1 bits (of 16) from port A of cell tt_um_danieltyukov_int8_npu.$flatten\u_core.\u_array.\g_row[0].g_col[0].u_pe.\u_mul.\g_bw.g_wallace.u_tree.$or$/home/danieltyukov/workspace/personal/tt-ihp-int8-npu/src/npu_csa_reduce.sv:53$1882 ($or).
Removed top 2 bits (of 16) from port A of cell tt_um_danieltyukov_int8_npu.$flatten\u_core.\u_array.\g_row[0].g_col[0].u_pe.\u_mul.\g_bw.g_wallace.u_tree.$and$/home/danieltyukov/workspace/personal/tt-ihp-int8-npu/src/npu_csa_reduce.sv:53$1880 ($and).
Removed top 1 bits (of 16) from port B of cell tt_um_danieltyukov_int8_npu.$flatten\u_core.\u_array.\g_row[0].g_col[0].u_pe.\u_mul.\g_bw.g_wallace.u_tree.$and$/home/danieltyukov/workspace/personal/tt-ihp-int8-npu/src/npu_csa_reduce.sv:53$1880 ($and).
Removed top 1 bits (of 16) from port Y of cell tt_um_danieltyukov_int8_npu.$flatten\u_core.\u_array.\g_row[0].g_col[0].u_pe.\u_mul.\g_bw.g_wallace.u_tree.$and$/home/danieltyukov/workspace/personal/tt-ihp-int8-npu/src/npu_csa_reduce.sv:53$1880 ($and).
Removed top 2 bits (of 16) from port A of cell tt_um_danieltyukov_int8_npu.$flatten\u_core.\u_array.\g_row[0].g_col[0].u_pe.\u_mul.\g_bw.g_wallace.u_tree.$xor$/home/danieltyukov/workspace/personal/tt-ihp-int8-npu/src/npu_csa_reduce.sv:49$1878 ($xor).
Removed top 1 bits (of 16) from port B of cell tt_um_danieltyukov_int8_npu.$flatten\u_core.\u_array.\g_row[0].g_col[0].u_pe.\u_mul.\g_bw.g_wallace.u_tree.$xor$/home/danieltyukov/workspace/personal/tt-ihp-int8-npu/src/npu_csa_reduce.sv:49$1878 ($xor).
Removed top 1 bits (of 16) from port Y of cell tt_um_danieltyukov_int8_npu.$flatten\u_core.\u_array.\g_row[0].g_col[0].u_pe.\u_mul.\g_bw.g_wallace.u_tree.$xor$/home/danieltyukov/workspace/personal/tt-ihp-int8-npu/src/npu_csa_reduce.sv:49$1878 ($xor).
Removed top 1 bits (of 16) from port Y of cell tt_um_danieltyukov_int8_npu.$flatten\u_core.\u_array.\g_row[0].g_col[0].u_pe.\u_mul.\g_bw.g_wallace.u_tree.$or$/home/danieltyukov/workspace/personal/tt-ihp-int8-npu/src/npu_csa_reduce.sv:53$1877 ($or).
Removed top 1 bits (of 16) from port A of cell tt_um_danieltyukov_int8_npu.$flatten\u_core.\u_array.\g_row[0].g_col[0].u_pe.\u_mul.\g_bw.g_wallace.u_tree.$or$/home/danieltyukov/workspace/personal/tt-ihp-int8-npu/src/npu_csa_reduce.sv:53$1877 ($or).
Removed top 1 bits (of 16) from port B of cell tt_um_danieltyukov_int8_npu.$flatten\u_core.\u_array.\g_row[0].g_col[0].u_pe.\u_mul.\g_bw.g_wallace.u_tree.$or$/home/danieltyukov/workspace/personal/tt-ihp-int8-npu/src/npu_csa_reduce.sv:53$1877 ($or).
Removed top 4 bits (of 16) from port A of cell tt_um_danieltyukov_int8_npu.$flatten\u_core.\u_array.\g_row[0].g_col[0].u_pe.\u_mul.\g_bw.g_wallace.u_tree.$and$/home/danieltyukov/workspace/personal/tt-ihp-int8-npu/src/npu_csa_reduce.sv:53$1876 ($and).
Removed top 3 bits (of 16) from port B of cell tt_um_danieltyukov_int8_npu.$flatten\u_core.\u_array.\g_row[0].g_col[0].u_pe.\u_mul.\g_bw.g_wallace.u_tree.$and$/home/danieltyukov/workspace/personal/tt-ihp-int8-npu/src/npu_csa_reduce.sv:53$1876 ($and).
Removed top 3 bits (of 16) from port Y of cell tt_um_danieltyukov_int8_npu.$flatten\u_core.\u_array.\g_row[0].g_col[0].u_pe.\u_mul.\g_bw.g_wallace.u_tree.$and$/home/danieltyukov/workspace/personal/tt-ihp-int8-npu/src/npu_csa_reduce.sv:53$1876 ($and).
Removed top 1 bits (of 16) from port Y of cell tt_um_danieltyukov_int8_npu.$flatten\u_core.\u_array.\g_row[0].g_col[0].u_pe.\u_mul.\g_bw.g_wallace.u_tree.$or$/home/danieltyukov/workspace/personal/tt-ihp-int8-npu/src/npu_csa_reduce.sv:53$1875 ($or).
Removed top 1 bits (of 16) from port A of cell tt_um_danieltyukov_int8_npu.$flatten\u_core.\u_array.\g_row[0].g_col[0].u_pe.\u_mul.\g_bw.g_wallace.u_tree.$or$/home/danieltyukov/workspace/personal/tt-ihp-int8-npu/src/npu_csa_reduce.sv:53$1875 ($or).
Removed top 1 bits (of 16) from port B of cell tt_um_danieltyukov_int8_npu.$flatten\u_core.\u_array.\g_row[0].g_col[0].u_pe.\u_mul.\g_bw.g_wallace.u_tree.$or$/home/danieltyukov/workspace/personal/tt-ihp-int8-npu/src/npu_csa_reduce.sv:53$1875 ($or).
Removed top 5 bits (of 16) from port A of cell tt_um_danieltyukov_int8_npu.$flatten\u_core.\u_array.\g_row[0].g_col[0].u_pe.\u_mul.\g_bw.g_wallace.u_tree.$and$/home/danieltyukov/workspace/personal/tt-ihp-int8-npu/src/npu_csa_reduce.sv:53$1874 ($and).
Removed top 3 bits (of 16) from port B of cell tt_um_danieltyukov_int8_npu.$flatten\u_core.\u_array.\g_row[0].g_col[0].u_pe.\u_mul.\g_bw.g_wallace.u_tree.$and$/home/danieltyukov/workspace/personal/tt-ihp-int8-npu/src/npu_csa_reduce.sv:53$1874 ($and).
Removed top 3 bits (of 16) from port Y of cell tt_um_danieltyukov_int8_npu.$flatten\u_core.\u_array.\g_row[0].g_col[0].u_pe.\u_mul.\g_bw.g_wallace.u_tree.$and$/home/danieltyukov/workspace/personal/tt-ihp-int8-npu/src/npu_csa_reduce.sv:53$1874 ($and).
Removed top 5 bits (of 16) from port A of cell tt_um_danieltyukov_int8_npu.$flatten\u_core.\u_array.\g_row[0].g_col[0].u_pe.\u_mul.\g_bw.g_wallace.u_tree.$and$/home/danieltyukov/workspace/personal/tt-ihp-int8-npu/src/npu_csa_reduce.sv:53$1873 ($and).
Removed top 4 bits (of 16) from port B of cell tt_um_danieltyukov_int8_npu.$flatten\u_core.\u_array.\g_row[0].g_col[0].u_pe.\u_mul.\g_bw.g_wallace.u_tree.$and$/home/danieltyukov/workspace/personal/tt-ihp-int8-npu/src/npu_csa_reduce.sv:53$1873 ($and).
Removed top 4 bits (of 16) from port Y of cell tt_um_danieltyukov_int8_npu.$flatten\u_core.\u_array.\g_row[0].g_col[0].u_pe.\u_mul.\g_bw.g_wallace.u_tree.$and$/home/danieltyukov/workspace/personal/tt-ihp-int8-npu/src/npu_csa_reduce.sv:53$1873 ($and).
Removed top 3 bits (of 16) from port B of cell tt_um_danieltyukov_int8_npu.$flatten\u_core.\u_array.\g_row[0].g_col[0].u_pe.\u_mul.\g_bw.g_wallace.u_tree.$xor$/home/danieltyukov/workspace/personal/tt-ihp-int8-npu/src/npu_csa_reduce.sv:49$1872 ($xor).
Removed top 5 bits (of 16) from port A of cell tt_um_danieltyukov_int8_npu.$flatten\u_core.\u_array.\g_row[0].g_col[0].u_pe.\u_mul.\g_bw.g_wallace.u_tree.$xor$/home/danieltyukov/workspace/personal/tt-ihp-int8-npu/src/npu_csa_reduce.sv:49$1871 ($xor).
Removed top 4 bits (of 16) from port B of cell tt_um_danieltyukov_int8_npu.$flatten\u_core.\u_array.\g_row[0].g_col[0].u_pe.\u_mul.\g_bw.g_wallace.u_tree.$xor$/home/danieltyukov/workspace/personal/tt-ihp-int8-npu/src/npu_csa_reduce.sv:49$1871 ($xor).
Removed top 4 bits (of 16) from port Y of cell tt_um_danieltyukov_int8_npu.$flatten\u_core.\u_array.\g_row[0].g_col[0].u_pe.\u_mul.\g_bw.g_wallace.u_tree.$xor$/home/danieltyukov/workspace/personal/tt-ihp-int8-npu/src/npu_csa_reduce.sv:49$1871 ($xor).
Removed top 1 bits (of 16) from port Y of cell tt_um_danieltyukov_int8_npu.$flatten\u_core.\u_array.\g_row[0].g_col[0].u_pe.\u_mul.\g_bw.g_wallace.u_tree.$or$/home/danieltyukov/workspace/personal/tt-ihp-int8-npu/src/npu_csa_reduce.sv:53$1870 ($or).
Removed top 1 bits (of 16) from port A of cell tt_um_danieltyukov_int8_npu.$flatten\u_core.\u_array.\g_row[0].g_col[0].u_pe.\u_mul.\g_bw.g_wallace.u_tree.$or$/home/danieltyukov/workspace/personal/tt-ihp-int8-npu/src/npu_csa_reduce.sv:53$1870 ($or).
Removed top 1 bits (of 16) from port B of cell tt_um_danieltyukov_int8_npu.$flatten\u_core.\u_array.\g_row[0].g_col[0].u_pe.\u_mul.\g_bw.g_wallace.u_tree.$or$/home/danieltyukov/workspace/personal/tt-ihp-int8-npu/src/npu_csa_reduce.sv:53$1870 ($or).
Removed top 7 bits (of 16) from port A of cell tt_um_danieltyukov_int8_npu.$flatten\u_core.\u_array.\g_row[0].g_col[0].u_pe.\u_mul.\g_bw.g_wallace.u_tree.$and$/home/danieltyukov/workspace/personal/tt-ihp-int8-npu/src/npu_csa_reduce.sv:53$1869 ($and).
Removed top 6 bits (of 16) from port B of cell tt_um_danieltyukov_int8_npu.$flatten\u_core.\u_array.\g_row[0].g_col[0].u_pe.\u_mul.\g_bw.g_wallace.u_tree.$and$/home/danieltyukov/workspace/personal/tt-ihp-int8-npu/src/npu_csa_reduce.sv:53$1869 ($and).
Removed top 6 bits (of 16) from port Y of cell tt_um_danieltyukov_int8_npu.$flatten\u_core.\u_array.\g_row[0].g_col[0].u_pe.\u_mul.\g_bw.g_wallace.u_tree.$and$/home/danieltyukov/workspace/personal/tt-ihp-int8-npu/src/npu_csa_reduce.sv:53$1869 ($and).
Removed top 1 bits (of 16) from port Y of cell tt_um_danieltyukov_int8_npu.$flatten\u_core.\u_array.\g_row[0].g_col[0].u_pe.\u_mul.\g_bw.g_wallace.u_tree.$or$/home/danieltyukov/workspace/personal/tt-ihp-int8-npu/src/npu_csa_reduce.sv:53$1868 ($or).
Removed top 1 bits (of 16) from port A of cell tt_um_danieltyukov_int8_npu.$flatten\u_core.\u_array.\g_row[0].g_col[0].u_pe.\u_mul.\g_bw.g_wallace.u_tree.$or$/home/danieltyukov/workspace/personal/tt-ihp-int8-npu/src/npu_csa_reduce.sv:53$1868 ($or).
Removed top 1 bits (of 16) from port B of cell tt_um_danieltyukov_int8_npu.$flatten\u_core.\u_array.\g_row[0].g_col[0].u_pe.\u_mul.\g_bw.g_wallace.u_tree.$or$/home/danieltyukov/workspace/personal/tt-ihp-int8-npu/src/npu_csa_reduce.sv:53$1868 ($or).
Removed top 8 bits (of 16) from port A of cell tt_um_danieltyukov_int8_npu.$flatten\u_core.\u_array.\g_row[0].g_col[0].u_pe.\u_mul.\g_bw.g_wallace.u_tree.$and$/home/danieltyukov/workspace/personal/tt-ihp-int8-npu/src/npu_csa_reduce.sv:53$1867 ($and).
Removed top 6 bits (of 16) from port B of cell tt_um_danieltyukov_int8_npu.$flatten\u_core.\u_array.\g_row[0].g_col[0].u_pe.\u_mul.\g_bw.g_wallace.u_tree.$and$/home/danieltyukov/workspace/personal/tt-ihp-int8-npu/src/npu_csa_reduce.sv:53$1867 ($and).
Removed top 6 bits (of 16) from port Y of cell tt_um_danieltyukov_int8_npu.$flatten\u_core.\u_array.\g_row[0].g_col[0].u_pe.\u_mul.\g_bw.g_wallace.u_tree.$and$/home/danieltyukov/workspace/personal/tt-ihp-int8-npu/src/npu_csa_reduce.sv:53$1867 ($and).
Removed top 8 bits (of 16) from port A of cell tt_um_danieltyukov_int8_npu.$flatten\u_core.\u_array.\g_row[0].g_col[0].u_pe.\u_mul.\g_bw.g_wallace.u_tree.$and$/home/danieltyukov/workspace/personal/tt-ihp-int8-npu/src/npu_csa_reduce.sv:53$1866 ($and).
Removed top 7 bits (of 16) from port B of cell tt_um_danieltyukov_int8_npu.$flatten\u_core.\u_array.\g_row[0].g_col[0].u_pe.\u_mul.\g_bw.g_wallace.u_tree.$and$/home/danieltyukov/workspace/personal/tt-ihp-int8-npu/src/npu_csa_reduce.sv:53$1866 ($and).
Removed top 7 bits (of 16) from port Y of cell tt_um_danieltyukov_int8_npu.$flatten\u_core.\u_array.\g_row[0].g_col[0].u_pe.\u_mul.\g_bw.g_wallace.u_tree.$and$/home/danieltyukov/workspace/personal/tt-ihp-int8-npu/src/npu_csa_reduce.sv:53$1866 ($and).
Removed top 7 bits (of 16) from port A of cell tt_um_danieltyukov_int8_npu.$flatten\u_core.\u_array.\g_row[0].g_col[0].u_pe.\u_mul.\g_bw.g_wallace.u_tree.$xor$/home/danieltyukov/workspace/personal/tt-ihp-int8-npu/src/npu_csa_reduce.sv:49$1865 ($xor).
Removed top 6 bits (of 16) from port B of cell tt_um_danieltyukov_int8_npu.$flatten\u_core.\u_array.\g_row[0].g_col[0].u_pe.\u_mul.\g_bw.g_wallace.u_tree.$xor$/home/danieltyukov/workspace/personal/tt-ihp-int8-npu/src/npu_csa_reduce.sv:49$1865 ($xor).
Removed top 6 bits (of 16) from port Y of cell tt_um_danieltyukov_int8_npu.$flatten\u_core.\u_array.\g_row[0].g_col[0].u_pe.\u_mul.\g_bw.g_wallace.u_tree.$xor$/home/danieltyukov/workspace/personal/tt-ihp-int8-npu/src/npu_csa_reduce.sv:49$1865 ($xor).
Removed top 3 bits (of 19) from FF cell tt_um_danieltyukov_int8_npu.$flatten\u_core.\u_array.\g_row[0].g_col[0].u_pe.$procdff$2811 ($adff).
Removed top 8 bits (of 16) from port A of cell tt_um_danieltyukov_int8_npu.$flatten\u_core.\u_array.\g_row[0].g_col[1].u_pe.\u_mul.\g_bw.g_wallace.u_tree.$xor$/home/danieltyukov/workspace/personal/tt-ihp-int8-npu/src/npu_csa_reduce.sv:49$1864 ($xor).
Removed top 7 bits (of 16) from port B of cell tt_um_danieltyukov_int8_npu.$flatten\u_core.\u_array.\g_row[0].g_col[1].u_pe.\u_mul.\g_bw.g_wallace.u_tree.$xor$/home/danieltyukov/workspace/personal/tt-ihp-int8-npu/src/npu_csa_reduce.sv:49$1864 ($xor).
Removed top 7 bits (of 16) from port Y of cell tt_um_danieltyukov_int8_npu.$flatten\u_core.\u_array.\g_row[0].g_col[1].u_pe.\u_mul.\g_bw.g_wallace.u_tree.$xor$/home/danieltyukov/workspace/personal/tt-ihp-int8-npu/src/npu_csa_reduce.sv:49$1864 ($xor).
Removed top 1 bits (of 16) from port Y of cell tt_um_danieltyukov_int8_npu.$flatten\u_core.\u_array.\g_row[0].g_col[1].u_pe.\u_mul.\u_cpa.$and$/home/danieltyukov/workspace/personal/tt-ihp-int8-npu/src/npu_adder.sv:60$1887 ($and).
Removed top 1 bits (of 16) from port A of cell tt_um_danieltyukov_int8_npu.$flatten\u_core.\u_array.\g_row[0].g_col[1].u_pe.\u_mul.\u_cpa.$and$/home/danieltyukov/workspace/personal/tt-ihp-int8-npu/src/npu_adder.sv:60$1887 ($and).
Removed top 1 bits (of 16) from port B of cell tt_um_danieltyukov_int8_npu.$flatten\u_core.\u_array.\g_row[0].g_col[1].u_pe.\u_mul.\u_cpa.$and$/home/danieltyukov/workspace/personal/tt-ihp-int8-npu/src/npu_adder.sv:60$1887 ($and).
Removed top 1 bits (of 16) from port Y of cell tt_um_danieltyukov_int8_npu.$flatten\u_core.\u_array.\g_row[0].g_col[1].u_pe.\u_mul.\g_bw.g_wallace.u_tree.\genblk1.g_reduce.u_next.$or$/home/danieltyukov/workspace/personal/tt-ihp-int8-npu/src/npu_csa_reduce.sv:53$1996 ($or).
Removed top 1 bits (of 16) from port A of cell tt_um_danieltyukov_int8_npu.$flatten\u_core.\u_array.\g_row[0].g_col[1].u_pe.\u_mul.\g_bw.g_wallace.u_tree.\genblk1.g_reduce.u_next.$or$/home/danieltyukov/workspace/personal/tt-ihp-int8-npu/src/npu_csa_reduce.sv:53$1996 ($or).
Removed top 1 bits (of 16) from port B of cell tt_um_danieltyukov_int8_npu.$flatten\u_core.\u_array.\g_row[0].g_col[1].u_pe.\u_mul.\g_bw.g_wallace.u_tree.\genblk1.g_reduce.u_next.$or$/home/danieltyukov/workspace/personal/tt-ihp-int8-npu/src/npu_csa_reduce.sv:53$1996 ($or).
Removed top 1 bits (of 16) from port Y of cell tt_um_danieltyukov_int8_npu.$flatten\u_core.\u_array.\g_row[0].g_col[1].u_pe.\u_mul.\g_bw.g_wallace.u_tree.\genblk1.g_reduce.u_next.$or$/home/danieltyukov/workspace/personal/tt-ihp-int8-npu/src/npu_csa_reduce.sv:53$2003 ($or).
Removed top 1 bits (of 16) from port A of cell tt_um_danieltyukov_int8_npu.$flatten\u_core.\u_array.\g_row[0].g_col[1].u_pe.\u_mul.\g_bw.g_wallace.u_tree.\genblk1.g_reduce.u_next.$or$/home/danieltyukov/workspace/personal/tt-ihp-int8-npu/src/npu_csa_reduce.sv:53$2003 ($or).
Removed top 1 bits (of 16) from port B of cell tt_um_danieltyukov_int8_npu.$flatten\u_core.\u_array.\g_row[0].g_col[1].u_pe.\u_mul.\g_bw.g_wallace.u_tree.\genblk1.g_reduce.u_next.$or$/home/danieltyukov/workspace/personal/tt-ihp-int8-npu/src/npu_csa_reduce.sv:53$2003 ($or).
Removed top 1 bits (of 16) from port Y of cell tt_um_danieltyukov_int8_npu.$flatten\u_core.\u_array.\g_row[0].g_col[1].u_pe.\u_mul.\g_bw.g_wallace.u_tree.\genblk1.g_reduce.u_next.\genblk1.g_reduce.u_next.\genblk1.g_reduce.u_next.$or$/home/danieltyukov/workspace/personal/tt-ihp-int8-npu/src/npu_csa_reduce.sv:53$1862 ($or).
Removed top 1 bits (of 16) from port A of cell tt_um_danieltyukov_int8_npu.$flatten\u_core.\u_array.\g_row[0].g_col[1].u_pe.\u_mul.\g_bw.g_wallace.u_tree.\genblk1.g_reduce.u_next.\genblk1.g_reduce.u_next.\genblk1.g_reduce.u_next.$or$/home/danieltyukov/workspace/personal/tt-ihp-int8-npu/src/npu_csa_reduce.sv:53$1862 ($or).
Removed top 1 bits (of 16) from port B of cell tt_um_danieltyukov_int8_npu.$flatten\u_core.\u_array.\g_row[0].g_col[1].u_pe.\u_mul.\g_bw.g_wallace.u_tree.\genblk1.g_reduce.u_next.\genblk1.g_reduce.u_next.\genblk1.g_reduce.u_next.$or$/home/danieltyukov/workspace/personal/tt-ihp-int8-npu/src/npu_csa_reduce.sv:53$1862 ($or).
Removed top 1 bits (of 16) from port Y of cell tt_um_danieltyukov_int8_npu.$flatten\u_core.\u_array.\g_row[0].g_col[1].u_pe.\u_mul.\g_bw.g_wallace.u_tree.\genblk1.g_reduce.u_next.\genblk1.g_reduce.u_next.$or$/home/danieltyukov/workspace/personal/tt-ihp-int8-npu/src/npu_csa_reduce.sv:53$2011 ($or).
Removed top 1 bits (of 16) from port A of cell tt_um_danieltyukov_int8_npu.$flatten\u_core.\u_array.\g_row[0].g_col[1].u_pe.\u_mul.\g_bw.g_wallace.u_tree.\genblk1.g_reduce.u_next.\genblk1.g_reduce.u_next.$or$/home/danieltyukov/workspace/personal/tt-ihp-int8-npu/src/npu_csa_reduce.sv:53$2011 ($or).
Removed top 1 bits (of 16) from port B of cell tt_um_danieltyukov_int8_npu.$flatten\u_core.\u_array.\g_row[0].g_col[1].u_pe.\u_mul.\g_bw.g_wallace.u_tree.\genblk1.g_reduce.u_next.\genblk1.g_reduce.u_next.$or$/home/danieltyukov/workspace/personal/tt-ihp-int8-npu/src/npu_csa_reduce.sv:53$2011 ($or).
Removed top 1 bits (of 16) from port Y of cell tt_um_danieltyukov_int8_npu.$flatten\u_core.\u_array.\g_row[0].g_col[1].u_pe.\u_mul.\g_bw.g_wallace.u_tree.\genblk1.g_reduce.u_next.\genblk1.g_reduce.u_next.$and$/home/danieltyukov/workspace/personal/tt-ihp-int8-npu/src/npu_csa_reduce.sv:53$2010 ($and).
Removed top 1 bits (of 16) from port A of cell tt_um_danieltyukov_int8_npu.$flatten\u_core.\u_array.\g_row[0].g_col[1].u_pe.\u_mul.\g_bw.g_wallace.u_tree.\genblk1.g_reduce.u_next.\genblk1.g_reduce.u_next.$and$/home/danieltyukov/workspace/personal/tt-ihp-int8-npu/src/npu_csa_reduce.sv:53$2010 ($and).
Removed top 1 bits (of 16) from port B of cell tt_um_danieltyukov_int8_npu.$flatten\u_core.\u_array.\g_row[0].g_col[1].u_pe.\u_mul.\g_bw.g_wallace.u_tree.\genblk1.g_reduce.u_next.\genblk1.g_reduce.u_next.$and$/home/danieltyukov/workspace/personal/tt-ihp-int8-npu/src/npu_csa_reduce.sv:53$2010 ($and).
Removed top 1 bits (of 16) from port Y of cell tt_um_danieltyukov_int8_npu.$flatten\u_core.\u_array.\g_row[0].g_col[1].u_pe.\u_mul.\g_bw.g_wallace.u_tree.\genblk1.g_reduce.u_next.\genblk1.g_reduce.u_next.$or$/home/danieltyukov/workspace/personal/tt-ihp-int8-npu/src/npu_csa_reduce.sv:53$2009 ($or).
Removed top 1 bits (of 16) from port A of cell tt_um_danieltyukov_int8_npu.$flatten\u_core.\u_array.\g_row[0].g_col[1].u_pe.\u_mul.\g_bw.g_wallace.u_tree.\genblk1.g_reduce.u_next.\genblk1.g_reduce.u_next.$or$/home/danieltyukov/workspace/personal/tt-ihp-int8-npu/src/npu_csa_reduce.sv:53$2009 ($or).
Removed top 1 bits (of 16) from port B of cell tt_um_danieltyukov_int8_npu.$flatten\u_core.\u_array.\g_row[0].g_col[1].u_pe.\u_mul.\g_bw.g_wallace.u_tree.\genblk1.g_reduce.u_next.\genblk1.g_reduce.u_next.$or$/home/danieltyukov/workspace/personal/tt-ihp-int8-npu/src/npu_csa_reduce.sv:53$2009 ($or).
Removed top 1 bits (of 16) from port Y of cell tt_um_danieltyukov_int8_npu.$flatten\u_core.\u_array.\g_row[0].g_col[1].u_pe.\u_mul.\g_bw.g_wallace.u_tree.\genblk1.g_reduce.u_next.\genblk1.g_reduce.u_next.$and$/home/danieltyukov/workspace/personal/tt-ihp-int8-npu/src/npu_csa_reduce.sv:53$2008 ($and).
Removed top 1 bits (of 16) from port A of cell tt_um_danieltyukov_int8_npu.$flatten\u_core.\u_array.\g_row[0].g_col[1].u_pe.\u_mul.\g_bw.g_wallace.u_tree.\genblk1.g_reduce.u_next.\genblk1.g_reduce.u_next.$and$/home/danieltyukov/workspace/personal/tt-ihp-int8-npu/src/npu_csa_reduce.sv:53$2008 ($and).
Removed top 1 bits (of 16) from port B of cell tt_um_danieltyukov_int8_npu.$flatten\u_core.\u_array.\g_row[0].g_col[1].u_pe.\u_mul.\g_bw.g_wallace.u_tree.\genblk1.g_reduce.u_next.\genblk1.g_reduce.u_next.$and$/home/danieltyukov/workspace/personal/tt-ihp-int8-npu/src/npu_csa_reduce.sv:53$2008 ($and).
Removed top 1 bits (of 16) from port Y of cell tt_um_danieltyukov_int8_npu.$flatten\u_core.\u_array.\g_row[0].g_col[1].u_pe.\u_mul.\g_bw.g_wallace.u_tree.\genblk1.g_reduce.u_next.\genblk1.g_reduce.u_next.$and$/home/danieltyukov/workspace/personal/tt-ihp-int8-npu/src/npu_csa_reduce.sv:53$2007 ($and).
Removed top 1 bits (of 16) from port A of cell tt_um_danieltyukov_int8_npu.$flatten\u_core.\u_array.\g_row[0].g_col[1].u_pe.\u_mul.\g_bw.g_wallace.u_tree.\genblk1.g_reduce.u_next.\genblk1.g_reduce.u_next.$and$/home/danieltyukov/workspace/personal/tt-ihp-int8-npu/src/npu_csa_reduce.sv:53$2007 ($and).
Removed top 1 bits (of 16) from port B of cell tt_um_danieltyukov_int8_npu.$flatten\u_core.\u_array.\g_row[0].g_col[1].u_pe.\u_mul.\g_bw.g_wallace.u_tree.\genblk1.g_reduce.u_next.\genblk1.g_reduce.u_next.$and$/home/danieltyukov/workspace/personal/tt-ihp-int8-npu/src/npu_csa_reduce.sv:53$2007 ($and).
Removed top 7 bits (of 16) from port B of cell tt_um_danieltyukov_int8_npu.$flatten\u_core.\u_array.\g_row[0].g_col[1].u_pe.\u_mul.\g_bw.g_wallace.u_tree.$or$/home/danieltyukov/workspace/personal/tt-ihp-int8-npu/src/npu_csa_reduce.sv:53$1884 ($or).
Removed top 1 bits (of 16) from port Y of cell tt_um_danieltyukov_int8_npu.$flatten\u_core.\u_array.\g_row[0].g_col[1].u_pe.\u_mul.\g_bw.g_wallace.u_tree.$or$/home/danieltyukov/workspace/personal/tt-ihp-int8-npu/src/npu_csa_reduce.sv:53$1884 ($or).
Removed top 1 bits (of 16) from port A of cell tt_um_danieltyukov_int8_npu.$flatten\u_core.\u_array.\g_row[0].g_col[1].u_pe.\u_mul.\g_bw.g_wallace.u_tree.$or$/home/danieltyukov/workspace/personal/tt-ihp-int8-npu/src/npu_csa_reduce.sv:53$1884 ($or).
Removed top 7 bits (of 16) from port B of cell tt_um_danieltyukov_int8_npu.$flatten\u_core.\u_array.\g_row[0].g_col[1].u_pe.\u_mul.\g_bw.g_wallace.u_tree.$or$/home/danieltyukov/workspace/personal/tt-ihp-int8-npu/src/npu_csa_reduce.sv:53$1882 ($or).
Removed top 1 bits (of 16) from port Y of cell tt_um_danieltyukov_int8_npu.$flatten\u_core.\u_array.\g_row[0].g_col[1].u_pe.\u_mul.\g_bw.g_wallace.u_tree.$or$/home/danieltyukov/workspace/personal/tt-ihp-int8-npu/src/npu_csa_reduce.sv:53$1882 ($or).
Removed top 1 bits (of 16) from port A of cell tt_um_danieltyukov_int8_npu.$flatten\u_core.\u_array.\g_row[0].g_col[1].u_pe.\u_mul.\g_bw.g_wallace.u_tree.$or$/home/danieltyukov/workspace/personal/tt-ihp-int8-npu/src/npu_csa_reduce.sv:53$1882 ($or).
Removed top 2 bits (of 16) from port A of cell tt_um_danieltyukov_int8_npu.$flatten\u_core.\u_array.\g_row[0].g_col[1].u_pe.\u_mul.\g_bw.g_wallace.u_tree.$and$/home/danieltyukov/workspace/personal/tt-ihp-int8-npu/src/npu_csa_reduce.sv:53$1880 ($and).
Removed top 1 bits (of 16) from port B of cell tt_um_danieltyukov_int8_npu.$flatten\u_core.\u_array.\g_row[0].g_col[1].u_pe.\u_mul.\g_bw.g_wallace.u_tree.$and$/home/danieltyukov/workspace/personal/tt-ihp-int8-npu/src/npu_csa_reduce.sv:53$1880 ($and).
Removed top 1 bits (of 16) from port Y of cell tt_um_danieltyukov_int8_npu.$flatten\u_core.\u_array.\g_row[0].g_col[1].u_pe.\u_mul.\g_bw.g_wallace.u_tree.$and$/home/danieltyukov/workspace/personal/tt-ihp-int8-npu/src/npu_csa_reduce.sv:53$1880 ($and).
Removed top 2 bits (of 16) from port A of cell tt_um_danieltyukov_int8_npu.$flatten\u_core.\u_array.\g_row[0].g_col[1].u_pe.\u_mul.\g_bw.g_wallace.u_tree.$xor$/home/danieltyukov/workspace/personal/tt-ihp-int8-npu/src/npu_csa_reduce.sv:49$1878 ($xor).
Removed top 1 bits (of 16) from port B of cell tt_um_danieltyukov_int8_npu.$flatten\u_core.\u_array.\g_row[0].g_col[1].u_pe.\u_mul.\g_bw.g_wallace.u_tree.$xor$/home/danieltyukov/workspace/personal/tt-ihp-int8-npu/src/npu_csa_reduce.sv:49$1878 ($xor).
Removed top 1 bits (of 16) from port Y of cell tt_um_danieltyukov_int8_npu.$flatten\u_core.\u_array.\g_row[0].g_col[1].u_pe.\u_mul.\g_bw.g_wallace.u_tree.$xor$/home/danieltyukov/workspace/personal/tt-ihp-int8-npu/src/npu_csa_reduce.sv:49$1878 ($xor).
Removed top 1 bits (of 16) from port Y of cell tt_um_danieltyukov_int8_npu.$flatten\u_core.\u_array.\g_row[0].g_col[1].u_pe.\u_mul.\g_bw.g_wallace.u_tree.$or$/home/danieltyukov/workspace/personal/tt-ihp-int8-npu/src/npu_csa_reduce.sv:53$1877 ($or).
Removed top 1 bits (of 16) from port A of cell tt_um_danieltyukov_int8_npu.$flatten\u_core.\u_array.\g_row[0].g_col[1].u_pe.\u_mul.\g_bw.g_wallace.u_tree.$or$/home/danieltyukov/workspace/personal/tt-ihp-int8-npu/src/npu_csa_reduce.sv:53$1877 ($or).
Removed top 1 bits (of 16) from port B of cell tt_um_danieltyukov_int8_npu.$flatten\u_core.\u_array.\g_row[0].g_col[1].u_pe.\u_mul.\g_bw.g_wallace.u_tree.$or$/home/danieltyukov/workspace/personal/tt-ihp-int8-npu/src/npu_csa_reduce.sv:53$1877 ($or).
Removed top 4 bits (of 16) from port A of cell tt_um_danieltyukov_int8_npu.$flatten\u_core.\u_array.\g_row[0].g_col[1].u_pe.\u_mul.\g_bw.g_wallace.u_tree.$and$/home/danieltyukov/workspace/personal/tt-ihp-int8-npu/src/npu_csa_reduce.sv:53$1876 ($and).
Removed top 3 bits (of 16) from port B of cell tt_um_danieltyukov_int8_npu.$flatten\u_core.\u_array.\g_row[0].g_col[1].u_pe.\u_mul.\g_bw.g_wallace.u_tree.$and$/home/danieltyukov/workspace/personal/tt-ihp-int8-npu/src/npu_csa_reduce.sv:53$1876 ($and).
Removed top 3 bits (of 16) from port Y of cell tt_um_danieltyukov_int8_npu.$flatten\u_core.\u_array.\g_row[0].g_col[1].u_pe.\u_mul.\g_bw.g_wallace.u_tree.$and$/home/danieltyukov/workspace/personal/tt-ihp-int8-npu/src/npu_csa_reduce.sv:53$1876 ($and).
Removed top 1 bits (of 16) from port Y of cell tt_um_danieltyukov_int8_npu.$flatten\u_core.\u_array.\g_row[0].g_col[1].u_pe.\u_mul.\g_bw.g_wallace.u_tree.$or$/home/danieltyukov/workspace/personal/tt-ihp-int8-npu/src/npu_csa_reduce.sv:53$1875 ($or).
Removed top 1 bits (of 16) from port A of cell tt_um_danieltyukov_int8_npu.$flatten\u_core.\u_array.\g_row[0].g_col[1].u_pe.\u_mul.\g_bw.g_wallace.u_tree.$or$/home/danieltyukov/workspace/personal/tt-ihp-int8-npu/src/npu_csa_reduce.sv:53$1875 ($or).
Removed top 1 bits (of 16) from port B of cell tt_um_danieltyukov_int8_npu.$flatten\u_core.\u_array.\g_row[0].g_col[1].u_pe.\u_mul.\g_bw.g_wallace.u_tree.$or$/home/danieltyukov/workspace/personal/tt-ihp-int8-npu/src/npu_csa_reduce.sv:53$1875 ($or).
Removed top 5 bits (of 16) from port A of cell tt_um_danieltyukov_int8_npu.$flatten\u_core.\u_array.\g_row[0].g_col[1].u_pe.\u_mul.\g_bw.g_wallace.u_tree.$and$/home/danieltyukov/workspace/personal/tt-ihp-int8-npu/src/npu_csa_reduce.sv:53$1874 ($and).
Removed top 3 bits (of 16) from port B of cell tt_um_danieltyukov_int8_npu.$flatten\u_core.\u_array.\g_row[0].g_col[1].u_pe.\u_mul.\g_bw.g_wallace.u_tree.$and$/home/danieltyukov/workspace/personal/tt-ihp-int8-npu/src/npu_csa_reduce.sv:53$1874 ($and).
Removed top 3 bits (of 16) from port Y of cell tt_um_danieltyukov_int8_npu.$flatten\u_core.\u_array.\g_row[0].g_col[1].u_pe.\u_mul.\g_bw.g_wallace.u_tree.$and$/home/danieltyukov/workspace/personal/tt-ihp-int8-npu/src/npu_csa_reduce.sv:53$1874 ($and).
Removed top 5 bits (of 16) from port A of cell tt_um_danieltyukov_int8_npu.$flatten\u_core.\u_array.\g_row[0].g_col[1].u_pe.\u_mul.\g_bw.g_wallace.u_tree.$and$/home/danieltyukov/workspace/personal/tt-ihp-int8-npu/src/npu_csa_reduce.sv:53$1873 ($and).
Removed top 4 bits (of 16) from port B of cell tt_um_danieltyukov_int8_npu.$flatten\u_core.\u_array.\g_row[0].g_col[1].u_pe.\u_mul.\g_bw.g_wallace.u_tree.$and$/home/danieltyukov/workspace/personal/tt-ihp-int8-npu/src/npu_csa_reduce.sv:53$1873 ($and).
Removed top 4 bits (of 16) from port Y of cell tt_um_danieltyukov_int8_npu.$flatten\u_core.\u_array.\g_row[0].g_col[1].u_pe.\u_mul.\g_bw.g_wallace.u_tree.$and$/home/danieltyukov/workspace/personal/tt-ihp-int8-npu/src/npu_csa_reduce.sv:53$1873 ($and).
Removed top 3 bits (of 16) from port B of cell tt_um_danieltyukov_int8_npu.$flatten\u_core.\u_array.\g_row[0].g_col[1].u_pe.\u_mul.\g_bw.g_wallace.u_tree.$xor$/home/danieltyukov/workspace/personal/tt-ihp-int8-npu/src/npu_csa_reduce.sv:49$1872 ($xor).
Removed top 5 bits (of 16) from port A of cell tt_um_danieltyukov_int8_npu.$flatten\u_core.\u_array.\g_row[0].g_col[1].u_pe.\u_mul.\g_bw.g_wallace.u_tree.$xor$/home/danieltyukov/workspace/personal/tt-ihp-int8-npu/src/npu_csa_reduce.sv:49$1871 ($xor).
Removed top 4 bits (of 16) from port B of cell tt_um_danieltyukov_int8_npu.$flatten\u_core.\u_array.\g_row[0].g_col[1].u_pe.\u_mul.\g_bw.g_wallace.u_tree.$xor$/home/danieltyukov/workspace/personal/tt-ihp-int8-npu/src/npu_csa_reduce.sv:49$1871 ($xor).
Removed top 4 bits (of 16) from port Y of cell tt_um_danieltyukov_int8_npu.$flatten\u_core.\u_array.\g_row[0].g_col[1].u_pe.\u_mul.\g_bw.g_wallace.u_tree.$xor$/home/danieltyukov/workspace/personal/tt-ihp-int8-npu/src/npu_csa_reduce.sv:49$1871 ($xor).
Removed top 1 bits (of 16) from port Y of cell tt_um_danieltyukov_int8_npu.$flatten\u_core.\u_array.\g_row[0].g_col[1].u_pe.\u_mul.\g_bw.g_wallace.u_tree.$or$/home/danieltyukov/workspace/personal/tt-ihp-int8-npu/src/npu_csa_reduce.sv:53$1870 ($or).
Removed top 1 bits (of 16) from port A of cell tt_um_danieltyukov_int8_npu.$flatten\u_core.\u_array.\g_row[0].g_col[1].u_pe.\u_mul.\g_bw.g_wallace.u_tree.$or$/home/danieltyukov/workspace/personal/tt-ihp-int8-npu/src/npu_csa_reduce.sv:53$1870 ($or).
Removed top 1 bits (of 16) from port B of cell tt_um_danieltyukov_int8_npu.$flatten\u_core.\u_array.\g_row[0].g_col[1].u_pe.\u_mul.\g_bw.g_wallace.u_tree.$or$/home/danieltyukov/workspace/personal/tt-ihp-int8-npu/src/npu_csa_reduce.sv:53$1870 ($or).
Removed top 7 bits (of 16) from port A of cell tt_um_danieltyukov_int8_npu.$flatten\u_core.\u_array.\g_row[0].g_col[1].u_pe.\u_mul.\g_bw.g_wallace.u_tree.$and$/home/danieltyukov/workspace/personal/tt-ihp-int8-npu/src/npu_csa_reduce.sv:53$1869 ($and).
Removed top 6 bits (of 16) from port B of cell tt_um_danieltyukov_int8_npu.$flatten\u_core.\u_array.\g_row[0].g_col[1].u_pe.\u_mul.\g_bw.g_wallace.u_tree.$and$/home/danieltyukov/workspace/personal/tt-ihp-int8-npu/src/npu_csa_reduce.sv:53$1869 ($and).
Removed top 6 bits (of 16) from port Y of cell tt_um_danieltyukov_int8_npu.$flatten\u_core.\u_array.\g_row[0].g_col[1].u_pe.\u_mul.\g_bw.g_wallace.u_tree.$and$/home/danieltyukov/workspace/personal/tt-ihp-int8-npu/src/npu_csa_reduce.sv:53$1869 ($and).
Removed top 1 bits (of 16) from port Y of cell tt_um_danieltyukov_int8_npu.$flatten\u_core.\u_array.\g_row[0].g_col[1].u_pe.\u_mul.\g_bw.g_wallace.u_tree.$or$/home/danieltyukov/workspace/personal/tt-ihp-int8-npu/src/npu_csa_reduce.sv:53$1868 ($or).
Removed top 1 bits (of 16) from port A of cell tt_um_danieltyukov_int8_npu.$flatten\u_core.\u_array.\g_row[0].g_col[1].u_pe.\u_mul.\g_bw.g_wallace.u_tree.$or$/home/danieltyukov/workspace/personal/tt-ihp-int8-npu/src/npu_csa_reduce.sv:53$1868 ($or).
Removed top 1 bits (of 16) from port B of cell tt_um_danieltyukov_int8_npu.$flatten\u_core.\u_array.\g_row[0].g_col[1].u_pe.\u_mul.\g_bw.g_wallace.u_tree.$or$/home/danieltyukov/workspace/personal/tt-ihp-int8-npu/src/npu_csa_reduce.sv:53$1868 ($or).
Removed top 8 bits (of 16) from port A of cell tt_um_danieltyukov_int8_npu.$flatten\u_core.\u_array.\g_row[0].g_col[1].u_pe.\u_mul.\g_bw.g_wallace.u_tree.$and$/home/danieltyukov/workspace/personal/tt-ihp-int8-npu/src/npu_csa_reduce.sv:53$1867 ($and).
Removed top 6 bits (of 16) from port B of cell tt_um_danieltyukov_int8_npu.$flatten\u_core.\u_array.\g_row[0].g_col[1].u_pe.\u_mul.\g_bw.g_wallace.u_tree.$and$/home/danieltyukov/workspace/personal/tt-ihp-int8-npu/src/npu_csa_reduce.sv:53$1867 ($and).
Removed top 6 bits (of 16) from port Y of cell tt_um_danieltyukov_int8_npu.$flatten\u_core.\u_array.\g_row[0].g_col[1].u_pe.\u_mul.\g_bw.g_wallace.u_tree.$and$/home/danieltyukov/workspace/personal/tt-ihp-int8-npu/src/npu_csa_reduce.sv:53$1867 ($and).
Removed top 8 bits (of 16) from port A of cell tt_um_danieltyukov_int8_npu.$flatten\u_core.\u_array.\g_row[0].g_col[1].u_pe.\u_mul.\g_bw.g_wallace.u_tree.$and$/home/danieltyukov/workspace/personal/tt-ihp-int8-npu/src/npu_csa_reduce.sv:53$1866 ($and).
Removed top 7 bits (of 16) from port B of cell tt_um_danieltyukov_int8_npu.$flatten\u_core.\u_array.\g_row[0].g_col[1].u_pe.\u_mul.\g_bw.g_wallace.u_tree.$and$/home/danieltyukov/workspace/personal/tt-ihp-int8-npu/src/npu_csa_reduce.sv:53$1866 ($and).
Removed top 7 bits (of 16) from port Y of cell tt_um_danieltyukov_int8_npu.$flatten\u_core.\u_array.\g_row[0].g_col[1].u_pe.\u_mul.\g_bw.g_wallace.u_tree.$and$/home/danieltyukov/workspace/personal/tt-ihp-int8-npu/src/npu_csa_reduce.sv:53$1866 ($and).
Removed top 7 bits (of 16) from port A of cell tt_um_danieltyukov_int8_npu.$flatten\u_core.\u_array.\g_row[0].g_col[1].u_pe.\u_mul.\g_bw.g_wallace.u_tree.$xor$/home/danieltyukov/workspace/personal/tt-ihp-int8-npu/src/npu_csa_reduce.sv:49$1865 ($xor).
Removed top 6 bits (of 16) from port B of cell tt_um_danieltyukov_int8_npu.$flatten\u_core.\u_array.\g_row[0].g_col[1].u_pe.\u_mul.\g_bw.g_wallace.u_tree.$xor$/home/danieltyukov/workspace/personal/tt-ihp-int8-npu/src/npu_csa_reduce.sv:49$1865 ($xor).
Removed top 6 bits (of 16) from port Y of cell tt_um_danieltyukov_int8_npu.$flatten\u_core.\u_array.\g_row[0].g_col[1].u_pe.\u_mul.\g_bw.g_wallace.u_tree.$xor$/home/danieltyukov/workspace/personal/tt-ihp-int8-npu/src/npu_csa_reduce.sv:49$1865 ($xor).
Removed top 3 bits (of 19) from FF cell tt_um_danieltyukov_int8_npu.$flatten\u_core.\u_array.\g_row[0].g_col[1].u_pe.$procdff$2811 ($adff).
Removed top 1 bits (of 19) from port Y of cell tt_um_danieltyukov_int8_npu.$flatten\u_core.\u_array.\g_row[1].g_col[0].u_pe.\u_add.$and$/home/danieltyukov/workspace/personal/tt-ihp-int8-npu/src/npu_adder.sv:60$1731 ($and).
Removed top 1 bits (of 19) from port A of cell tt_um_danieltyukov_int8_npu.$flatten\u_core.\u_array.\g_row[1].g_col[0].u_pe.\u_add.$and$/home/danieltyukov/workspace/personal/tt-ihp-int8-npu/src/npu_adder.sv:60$1731 ($and).
Removed top 1 bits (of 19) from port B of cell tt_um_danieltyukov_int8_npu.$flatten\u_core.\u_array.\g_row[1].g_col[0].u_pe.\u_add.$and$/home/danieltyukov/workspace/personal/tt-ihp-int8-npu/src/npu_adder.sv:60$1731 ($and).
Removed top 8 bits (of 16) from port A of cell tt_um_danieltyukov_int8_npu.$flatten\u_core.\u_array.\g_row[1].g_col[0].u_pe.\u_mul.\g_bw.g_wallace.u_tree.$xor$/home/danieltyukov/workspace/personal/tt-ihp-int8-npu/src/npu_csa_reduce.sv:49$1864 ($xor).
Removed top 7 bits (of 16) from port B of cell tt_um_danieltyukov_int8_npu.$flatten\u_core.\u_array.\g_row[1].g_col[0].u_pe.\u_mul.\g_bw.g_wallace.u_tree.$xor$/home/danieltyukov/workspace/personal/tt-ihp-int8-npu/src/npu_csa_reduce.sv:49$1864 ($xor).
Removed top 7 bits (of 16) from port Y of cell tt_um_danieltyukov_int8_npu.$flatten\u_core.\u_array.\g_row[1].g_col[0].u_pe.\u_mul.\g_bw.g_wallace.u_tree.$xor$/home/danieltyukov/workspace/personal/tt-ihp-int8-npu/src/npu_csa_reduce.sv:49$1864 ($xor).
Removed top 1 bits (of 16) from port Y of cell tt_um_danieltyukov_int8_npu.$flatten\u_core.\u_array.\g_row[1].g_col[0].u_pe.\u_mul.\u_cpa.$and$/home/danieltyukov/workspace/personal/tt-ihp-int8-npu/src/npu_adder.sv:60$1887 ($and).
Removed top 1 bits (of 16) from port A of cell tt_um_danieltyukov_int8_npu.$flatten\u_core.\u_array.\g_row[1].g_col[0].u_pe.\u_mul.\u_cpa.$and$/home/danieltyukov/workspace/personal/tt-ihp-int8-npu/src/npu_adder.sv:60$1887 ($and).
Removed top 1 bits (of 16) from port B of cell tt_um_danieltyukov_int8_npu.$flatten\u_core.\u_array.\g_row[1].g_col[0].u_pe.\u_mul.\u_cpa.$and$/home/danieltyukov/workspace/personal/tt-ihp-int8-npu/src/npu_adder.sv:60$1887 ($and).
Removed top 1 bits (of 16) from port Y of cell tt_um_danieltyukov_int8_npu.$flatten\u_core.\u_array.\g_row[1].g_col[0].u_pe.\u_mul.\g_bw.g_wallace.u_tree.\genblk1.g_reduce.u_next.$or$/home/danieltyukov/workspace/personal/tt-ihp-int8-npu/src/npu_csa_reduce.sv:53$1996 ($or).
Removed top 1 bits (of 16) from port A of cell tt_um_danieltyukov_int8_npu.$flatten\u_core.\u_array.\g_row[1].g_col[0].u_pe.\u_mul.\g_bw.g_wallace.u_tree.\genblk1.g_reduce.u_next.$or$/home/danieltyukov/workspace/personal/tt-ihp-int8-npu/src/npu_csa_reduce.sv:53$1996 ($or).
Removed top 1 bits (of 16) from port B of cell tt_um_danieltyukov_int8_npu.$flatten\u_core.\u_array.\g_row[1].g_col[0].u_pe.\u_mul.\g_bw.g_wallace.u_tree.\genblk1.g_reduce.u_next.$or$/home/danieltyukov/workspace/personal/tt-ihp-int8-npu/src/npu_csa_reduce.sv:53$1996 ($or).
Removed top 1 bits (of 16) from port Y of cell tt_um_danieltyukov_int8_npu.$flatten\u_core.\u_array.\g_row[1].g_col[0].u_pe.\u_mul.\g_bw.g_wallace.u_tree.\genblk1.g_reduce.u_next.$or$/home/danieltyukov/workspace/personal/tt-ihp-int8-npu/src/npu_csa_reduce.sv:53$2003 ($or).
Removed top 1 bits (of 16) from port A of cell tt_um_danieltyukov_int8_npu.$flatten\u_core.\u_array.\g_row[1].g_col[0].u_pe.\u_mul.\g_bw.g_wallace.u_tree.\genblk1.g_reduce.u_next.$or$/home/danieltyukov/workspace/personal/tt-ihp-int8-npu/src/npu_csa_reduce.sv:53$2003 ($or).
Removed top 1 bits (of 16) from port B of cell tt_um_danieltyukov_int8_npu.$flatten\u_core.\u_array.\g_row[1].g_col[0].u_pe.\u_mul.\g_bw.g_wallace.u_tree.\genblk1.g_reduce.u_next.$or$/home/danieltyukov/workspace/personal/tt-ihp-int8-npu/src/npu_csa_reduce.sv:53$2003 ($or).
Removed top 1 bits (of 16) from port Y of cell tt_um_danieltyukov_int8_npu.$flatten\u_core.\u_array.\g_row[1].g_col[0].u_pe.\u_mul.\g_bw.g_wallace.u_tree.\genblk1.g_reduce.u_next.\genblk1.g_reduce.u_next.\genblk1.g_reduce.u_next.$or$/home/danieltyukov/workspace/personal/tt-ihp-int8-npu/src/npu_csa_reduce.sv:53$1862 ($or).
Removed top 1 bits (of 16) from port A of cell tt_um_danieltyukov_int8_npu.$flatten\u_core.\u_array.\g_row[1].g_col[0].u_pe.\u_mul.\g_bw.g_wallace.u_tree.\genblk1.g_reduce.u_next.\genblk1.g_reduce.u_next.\genblk1.g_reduce.u_next.$or$/home/danieltyukov/workspace/personal/tt-ihp-int8-npu/src/npu_csa_reduce.sv:53$1862 ($or).
Removed top 1 bits (of 16) from port B of cell tt_um_danieltyukov_int8_npu.$flatten\u_core.\u_array.\g_row[1].g_col[0].u_pe.\u_mul.\g_bw.g_wallace.u_tree.\genblk1.g_reduce.u_next.\genblk1.g_reduce.u_next.\genblk1.g_reduce.u_next.$or$/home/danieltyukov/workspace/personal/tt-ihp-int8-npu/src/npu_csa_reduce.sv:53$1862 ($or).
Removed top 1 bits (of 16) from port Y of cell tt_um_danieltyukov_int8_npu.$flatten\u_core.\u_array.\g_row[1].g_col[0].u_pe.\u_mul.\g_bw.g_wallace.u_tree.\genblk1.g_reduce.u_next.\genblk1.g_reduce.u_next.$or$/home/danieltyukov/workspace/personal/tt-ihp-int8-npu/src/npu_csa_reduce.sv:53$2011 ($or).
Removed top 1 bits (of 16) from port A of cell tt_um_danieltyukov_int8_npu.$flatten\u_core.\u_array.\g_row[1].g_col[0].u_pe.\u_mul.\g_bw.g_wallace.u_tree.\genblk1.g_reduce.u_next.\genblk1.g_reduce.u_next.$or$/home/danieltyukov/workspace/personal/tt-ihp-int8-npu/src/npu_csa_reduce.sv:53$2011 ($or).
Removed top 1 bits (of 16) from port B of cell tt_um_danieltyukov_int8_npu.$flatten\u_core.\u_array.\g_row[1].g_col[0].u_pe.\u_mul.\g_bw.g_wallace.u_tree.\genblk1.g_reduce.u_next.\genblk1.g_reduce.u_next.$or$/home/danieltyukov/workspace/personal/tt-ihp-int8-npu/src/npu_csa_reduce.sv:53$2011 ($or).
Removed top 1 bits (of 16) from port Y of cell tt_um_danieltyukov_int8_npu.$flatten\u_core.\u_array.\g_row[1].g_col[0].u_pe.\u_mul.\g_bw.g_wallace.u_tree.\genblk1.g_reduce.u_next.\genblk1.g_reduce.u_next.$and$/home/danieltyukov/workspace/personal/tt-ihp-int8-npu/src/npu_csa_reduce.sv:53$2010 ($and).
Removed top 1 bits (of 16) from port A of cell tt_um_danieltyukov_int8_npu.$flatten\u_core.\u_array.\g_row[1].g_col[0].u_pe.\u_mul.\g_bw.g_wallace.u_tree.\genblk1.g_reduce.u_next.\genblk1.g_reduce.u_next.$and$/home/danieltyukov/workspace/personal/tt-ihp-int8-npu/src/npu_csa_reduce.sv:53$2010 ($and).
Removed top 1 bits (of 16) from port B of cell tt_um_danieltyukov_int8_npu.$flatten\u_core.\u_array.\g_row[1].g_col[0].u_pe.\u_mul.\g_bw.g_wallace.u_tree.\genblk1.g_reduce.u_next.\genblk1.g_reduce.u_next.$and$/home/danieltyukov/workspace/personal/tt-ihp-int8-npu/src/npu_csa_reduce.sv:53$2010 ($and).
Removed top 1 bits (of 16) from port Y of cell tt_um_danieltyukov_int8_npu.$flatten\u_core.\u_array.\g_row[1].g_col[0].u_pe.\u_mul.\g_bw.g_wallace.u_tree.\genblk1.g_reduce.u_next.\genblk1.g_reduce.u_next.$or$/home/danieltyukov/workspace/personal/tt-ihp-int8-npu/src/npu_csa_reduce.sv:53$2009 ($or).
Removed top 1 bits (of 16) from port A of cell tt_um_danieltyukov_int8_npu.$flatten\u_core.\u_array.\g_row[1].g_col[0].u_pe.\u_mul.\g_bw.g_wallace.u_tree.\genblk1.g_reduce.u_next.\genblk1.g_reduce.u_next.$or$/home/danieltyukov/workspace/personal/tt-ihp-int8-npu/src/npu_csa_reduce.sv:53$2009 ($or).
Removed top 1 bits (of 16) from port B of cell tt_um_danieltyukov_int8_npu.$flatten\u_core.\u_array.\g_row[1].g_col[0].u_pe.\u_mul.\g_bw.g_wallace.u_tree.\genblk1.g_reduce.u_next.\genblk1.g_reduce.u_next.$or$/home/danieltyukov/workspace/personal/tt-ihp-int8-npu/src/npu_csa_reduce.sv:53$2009 ($or).
Removed top 1 bits (of 16) from port Y of cell tt_um_danieltyukov_int8_npu.$flatten\u_core.\u_array.\g_row[1].g_col[0].u_pe.\u_mul.\g_bw.g_wallace.u_tree.\genblk1.g_reduce.u_next.\genblk1.g_reduce.u_next.$and$/home/danieltyukov/workspace/personal/tt-ihp-int8-npu/src/npu_csa_reduce.sv:53$2008 ($and).
Removed top 1 bits (of 16) from port A of cell tt_um_danieltyukov_int8_npu.$flatten\u_core.\u_array.\g_row[1].g_col[0].u_pe.\u_mul.\g_bw.g_wallace.u_tree.\genblk1.g_reduce.u_next.\genblk1.g_reduce.u_next.$and$/home/danieltyukov/workspace/personal/tt-ihp-int8-npu/src/npu_csa_reduce.sv:53$2008 ($and).
Removed top 1 bits (of 16) from port B of cell tt_um_danieltyukov_int8_npu.$flatten\u_core.\u_array.\g_row[1].g_col[0].u_pe.\u_mul.\g_bw.g_wallace.u_tree.\genblk1.g_reduce.u_next.\genblk1.g_reduce.u_next.$and$/home/danieltyukov/workspace/personal/tt-ihp-int8-npu/src/npu_csa_reduce.sv:53$2008 ($and).
Removed top 1 bits (of 16) from port Y of cell tt_um_danieltyukov_int8_npu.$flatten\u_core.\u_array.\g_row[1].g_col[0].u_pe.\u_mul.\g_bw.g_wallace.u_tree.\genblk1.g_reduce.u_next.\genblk1.g_reduce.u_next.$and$/home/danieltyukov/workspace/personal/tt-ihp-int8-npu/src/npu_csa_reduce.sv:53$2007 ($and).
Removed top 1 bits (of 16) from port A of cell tt_um_danieltyukov_int8_npu.$flatten\u_core.\u_array.\g_row[1].g_col[0].u_pe.\u_mul.\g_bw.g_wallace.u_tree.\genblk1.g_reduce.u_next.\genblk1.g_reduce.u_next.$and$/home/danieltyukov/workspace/personal/tt-ihp-int8-npu/src/npu_csa_reduce.sv:53$2007 ($and).
Removed top 1 bits (of 16) from port B of cell tt_um_danieltyukov_int8_npu.$flatten\u_core.\u_array.\g_row[1].g_col[0].u_pe.\u_mul.\g_bw.g_wallace.u_tree.\genblk1.g_reduce.u_next.\genblk1.g_reduce.u_next.$and$/home/danieltyukov/workspace/personal/tt-ihp-int8-npu/src/npu_csa_reduce.sv:53$2007 ($and).
Removed top 7 bits (of 16) from port B of cell tt_um_danieltyukov_int8_npu.$flatten\u_core.\u_array.\g_row[1].g_col[0].u_pe.\u_mul.\g_bw.g_wallace.u_tree.$or$/home/danieltyukov/workspace/personal/tt-ihp-int8-npu/src/npu_csa_reduce.sv:53$1884 ($or).
Removed top 1 bits (of 16) from port Y of cell tt_um_danieltyukov_int8_npu.$flatten\u_core.\u_array.\g_row[1].g_col[0].u_pe.\u_mul.\g_bw.g_wallace.u_tree.$or$/home/danieltyukov/workspace/personal/tt-ihp-int8-npu/src/npu_csa_reduce.sv:53$1884 ($or).
Removed top 1 bits (of 16) from port A of cell tt_um_danieltyukov_int8_npu.$flatten\u_core.\u_array.\g_row[1].g_col[0].u_pe.\u_mul.\g_bw.g_wallace.u_tree.$or$/home/danieltyukov/workspace/personal/tt-ihp-int8-npu/src/npu_csa_reduce.sv:53$1884 ($or).
Removed top 7 bits (of 16) from port B of cell tt_um_danieltyukov_int8_npu.$flatten\u_core.\u_array.\g_row[1].g_col[0].u_pe.\u_mul.\g_bw.g_wallace.u_tree.$or$/home/danieltyukov/workspace/personal/tt-ihp-int8-npu/src/npu_csa_reduce.sv:53$1882 ($or).
Removed top 1 bits (of 16) from port Y of cell tt_um_danieltyukov_int8_npu.$flatten\u_core.\u_array.\g_row[1].g_col[0].u_pe.\u_mul.\g_bw.g_wallace.u_tree.$or$/home/danieltyukov/workspace/personal/tt-ihp-int8-npu/src/npu_csa_reduce.sv:53$1882 ($or).
Removed top 1 bits (of 16) from port A of cell tt_um_danieltyukov_int8_npu.$flatten\u_core.\u_array.\g_row[1].g_col[0].u_pe.\u_mul.\g_bw.g_wallace.u_tree.$or$/home/danieltyukov/workspace/personal/tt-ihp-int8-npu/src/npu_csa_reduce.sv:53$1882 ($or).
Removed top 2 bits (of 16) from port A of cell tt_um_danieltyukov_int8_npu.$flatten\u_core.\u_array.\g_row[1].g_col[0].u_pe.\u_mul.\g_bw.g_wallace.u_tree.$and$/home/danieltyukov/workspace/personal/tt-ihp-int8-npu/src/npu_csa_reduce.sv:53$1880 ($and).
Removed top 1 bits (of 16) from port B of cell tt_um_danieltyukov_int8_npu.$flatten\u_core.\u_array.\g_row[1].g_col[0].u_pe.\u_mul.\g_bw.g_wallace.u_tree.$and$/home/danieltyukov/workspace/personal/tt-ihp-int8-npu/src/npu_csa_reduce.sv:53$1880 ($and).
Removed top 1 bits (of 16) from port Y of cell tt_um_danieltyukov_int8_npu.$flatten\u_core.\u_array.\g_row[1].g_col[0].u_pe.\u_mul.\g_bw.g_wallace.u_tree.$and$/home/danieltyukov/workspace/personal/tt-ihp-int8-npu/src/npu_csa_reduce.sv:53$1880 ($and).
Removed top 2 bits (of 16) from port A of cell tt_um_danieltyukov_int8_npu.$flatten\u_core.\u_array.\g_row[1].g_col[0].u_pe.\u_mul.\g_bw.g_wallace.u_tree.$xor$/home/danieltyukov/workspace/personal/tt-ihp-int8-npu/src/npu_csa_reduce.sv:49$1878 ($xor).
Removed top 1 bits (of 16) from port B of cell tt_um_danieltyukov_int8_npu.$flatten\u_core.\u_array.\g_row[1].g_col[0].u_pe.\u_mul.\g_bw.g_wallace.u_tree.$xor$/home/danieltyukov/workspace/personal/tt-ihp-int8-npu/src/npu_csa_reduce.sv:49$1878 ($xor).
Removed top 1 bits (of 16) from port Y of cell tt_um_danieltyukov_int8_npu.$flatten\u_core.\u_array.\g_row[1].g_col[0].u_pe.\u_mul.\g_bw.g_wallace.u_tree.$xor$/home/danieltyukov/workspace/personal/tt-ihp-int8-npu/src/npu_csa_reduce.sv:49$1878 ($xor).
Removed top 1 bits (of 16) from port Y of cell tt_um_danieltyukov_int8_npu.$flatten\u_core.\u_array.\g_row[1].g_col[0].u_pe.\u_mul.\g_bw.g_wallace.u_tree.$or$/home/danieltyukov/workspace/personal/tt-ihp-int8-npu/src/npu_csa_reduce.sv:53$1877 ($or).
Removed top 1 bits (of 16) from port A of cell tt_um_danieltyukov_int8_npu.$flatten\u_core.\u_array.\g_row[1].g_col[0].u_pe.\u_mul.\g_bw.g_wallace.u_tree.$or$/home/danieltyukov/workspace/personal/tt-ihp-int8-npu/src/npu_csa_reduce.sv:53$1877 ($or).
Removed top 1 bits (of 16) from port B of cell tt_um_danieltyukov_int8_npu.$flatten\u_core.\u_array.\g_row[1].g_col[0].u_pe.\u_mul.\g_bw.g_wallace.u_tree.$or$/home/danieltyukov/workspace/personal/tt-ihp-int8-npu/src/npu_csa_reduce.sv:53$1877 ($or).
Removed top 4 bits (of 16) from port A of cell tt_um_danieltyukov_int8_npu.$flatten\u_core.\u_array.\g_row[1].g_col[0].u_pe.\u_mul.\g_bw.g_wallace.u_tree.$and$/home/danieltyukov/workspace/personal/tt-ihp-int8-npu/src/npu_csa_reduce.sv:53$1876 ($and).
Removed top 3 bits (of 16) from port B of cell tt_um_danieltyukov_int8_npu.$flatten\u_core.\u_array.\g_row[1].g_col[0].u_pe.\u_mul.\g_bw.g_wallace.u_tree.$and$/home/danieltyukov/workspace/personal/tt-ihp-int8-npu/src/npu_csa_reduce.sv:53$1876 ($and).
Removed top 3 bits (of 16) from port Y of cell tt_um_danieltyukov_int8_npu.$flatten\u_core.\u_array.\g_row[1].g_col[0].u_pe.\u_mul.\g_bw.g_wallace.u_tree.$and$/home/danieltyukov/workspace/personal/tt-ihp-int8-npu/src/npu_csa_reduce.sv:53$1876 ($and).
Removed top 1 bits (of 16) from port Y of cell tt_um_danieltyukov_int8_npu.$flatten\u_core.\u_array.\g_row[1].g_col[0].u_pe.\u_mul.\g_bw.g_wallace.u_tree.$or$/home/danieltyukov/workspace/personal/tt-ihp-int8-npu/src/npu_csa_reduce.sv:53$1875 ($or).
Removed top 1 bits (of 16) from port A of cell tt_um_danieltyukov_int8_npu.$flatten\u_core.\u_array.\g_row[1].g_col[0].u_pe.\u_mul.\g_bw.g_wallace.u_tree.$or$/home/danieltyukov/workspace/personal/tt-ihp-int8-npu/src/npu_csa_reduce.sv:53$1875 ($or).
Removed top 1 bits (of 16) from port B of cell tt_um_danieltyukov_int8_npu.$flatten\u_core.\u_array.\g_row[1].g_col[0].u_pe.\u_mul.\g_bw.g_wallace.u_tree.$or$/home/danieltyukov/workspace/personal/tt-ihp-int8-npu/src/npu_csa_reduce.sv:53$1875 ($or).
Removed top 5 bits (of 16) from port A of cell tt_um_danieltyukov_int8_npu.$flatten\u_core.\u_array.\g_row[1].g_col[0].u_pe.\u_mul.\g_bw.g_wallace.u_tree.$and$/home/danieltyukov/workspace/personal/tt-ihp-int8-npu/src/npu_csa_reduce.sv:53$1874 ($and).
Removed top 3 bits (of 16) from port B of cell tt_um_danieltyukov_int8_npu.$flatten\u_core.\u_array.\g_row[1].g_col[0].u_pe.\u_mul.\g_bw.g_wallace.u_tree.$and$/home/danieltyukov/workspace/personal/tt-ihp-int8-npu/src/npu_csa_reduce.sv:53$1874 ($and).
Removed top 3 bits (of 16) from port Y of cell tt_um_danieltyukov_int8_npu.$flatten\u_core.\u_array.\g_row[1].g_col[0].u_pe.\u_mul.\g_bw.g_wallace.u_tree.$and$/home/danieltyukov/workspace/personal/tt-ihp-int8-npu/src/npu_csa_reduce.sv:53$1874 ($and).
Removed top 5 bits (of 16) from port A of cell tt_um_danieltyukov_int8_npu.$flatten\u_core.\u_array.\g_row[1].g_col[0].u_pe.\u_mul.\g_bw.g_wallace.u_tree.$and$/home/danieltyukov/workspace/personal/tt-ihp-int8-npu/src/npu_csa_reduce.sv:53$1873 ($and).
Removed top 4 bits (of 16) from port B of cell tt_um_danieltyukov_int8_npu.$flatten\u_core.\u_array.\g_row[1].g_col[0].u_pe.\u_mul.\g_bw.g_wallace.u_tree.$and$/home/danieltyukov/workspace/personal/tt-ihp-int8-npu/src/npu_csa_reduce.sv:53$1873 ($and).
Removed top 4 bits (of 16) from port Y of cell tt_um_danieltyukov_int8_npu.$flatten\u_core.\u_array.\g_row[1].g_col[0].u_pe.\u_mul.\g_bw.g_wallace.u_tree.$and$/home/danieltyukov/workspace/personal/tt-ihp-int8-npu/src/npu_csa_reduce.sv:53$1873 ($and).
Removed top 3 bits (of 16) from port B of cell tt_um_danieltyukov_int8_npu.$flatten\u_core.\u_array.\g_row[1].g_col[0].u_pe.\u_mul.\g_bw.g_wallace.u_tree.$xor$/home/danieltyukov/workspace/personal/tt-ihp-int8-npu/src/npu_csa_reduce.sv:49$1872 ($xor).
Removed top 5 bits (of 16) from port A of cell tt_um_danieltyukov_int8_npu.$flatten\u_core.\u_array.\g_row[1].g_col[0].u_pe.\u_mul.\g_bw.g_wallace.u_tree.$xor$/home/danieltyukov/workspace/personal/tt-ihp-int8-npu/src/npu_csa_reduce.sv:49$1871 ($xor).
Removed top 4 bits (of 16) from port B of cell tt_um_danieltyukov_int8_npu.$flatten\u_core.\u_array.\g_row[1].g_col[0].u_pe.\u_mul.\g_bw.g_wallace.u_tree.$xor$/home/danieltyukov/workspace/personal/tt-ihp-int8-npu/src/npu_csa_reduce.sv:49$1871 ($xor).
Removed top 4 bits (of 16) from port Y of cell tt_um_danieltyukov_int8_npu.$flatten\u_core.\u_array.\g_row[1].g_col[0].u_pe.\u_mul.\g_bw.g_wallace.u_tree.$xor$/home/danieltyukov/workspace/personal/tt-ihp-int8-npu/src/npu_csa_reduce.sv:49$1871 ($xor).
Removed top 1 bits (of 16) from port Y of cell tt_um_danieltyukov_int8_npu.$flatten\u_core.\u_array.\g_row[1].g_col[0].u_pe.\u_mul.\g_bw.g_wallace.u_tree.$or$/home/danieltyukov/workspace/personal/tt-ihp-int8-npu/src/npu_csa_reduce.sv:53$1870 ($or).
Removed top 1 bits (of 16) from port A of cell tt_um_danieltyukov_int8_npu.$flatten\u_core.\u_array.\g_row[1].g_col[0].u_pe.\u_mul.\g_bw.g_wallace.u_tree.$or$/home/danieltyukov/workspace/personal/tt-ihp-int8-npu/src/npu_csa_reduce.sv:53$1870 ($or).
Removed top 1 bits (of 16) from port B of cell tt_um_danieltyukov_int8_npu.$flatten\u_core.\u_array.\g_row[1].g_col[0].u_pe.\u_mul.\g_bw.g_wallace.u_tree.$or$/home/danieltyukov/workspace/personal/tt-ihp-int8-npu/src/npu_csa_reduce.sv:53$1870 ($or).
Removed top 7 bits (of 16) from port A of cell tt_um_danieltyukov_int8_npu.$flatten\u_core.\u_array.\g_row[1].g_col[0].u_pe.\u_mul.\g_bw.g_wallace.u_tree.$and$/home/danieltyukov/workspace/personal/tt-ihp-int8-npu/src/npu_csa_reduce.sv:53$1869 ($and).
Removed top 6 bits (of 16) from port B of cell tt_um_danieltyukov_int8_npu.$flatten\u_core.\u_array.\g_row[1].g_col[0].u_pe.\u_mul.\g_bw.g_wallace.u_tree.$and$/home/danieltyukov/workspace/personal/tt-ihp-int8-npu/src/npu_csa_reduce.sv:53$1869 ($and).
Removed top 6 bits (of 16) from port Y of cell tt_um_danieltyukov_int8_npu.$flatten\u_core.\u_array.\g_row[1].g_col[0].u_pe.\u_mul.\g_bw.g_wallace.u_tree.$and$/home/danieltyukov/workspace/personal/tt-ihp-int8-npu/src/npu_csa_reduce.sv:53$1869 ($and).
Removed top 1 bits (of 16) from port Y of cell tt_um_danieltyukov_int8_npu.$flatten\u_core.\u_array.\g_row[1].g_col[0].u_pe.\u_mul.\g_bw.g_wallace.u_tree.$or$/home/danieltyukov/workspace/personal/tt-ihp-int8-npu/src/npu_csa_reduce.sv:53$1868 ($or).
Removed top 1 bits (of 16) from port A of cell tt_um_danieltyukov_int8_npu.$flatten\u_core.\u_array.\g_row[1].g_col[0].u_pe.\u_mul.\g_bw.g_wallace.u_tree.$or$/home/danieltyukov/workspace/personal/tt-ihp-int8-npu/src/npu_csa_reduce.sv:53$1868 ($or).
Removed top 1 bits (of 16) from port B of cell tt_um_danieltyukov_int8_npu.$flatten\u_core.\u_array.\g_row[1].g_col[0].u_pe.\u_mul.\g_bw.g_wallace.u_tree.$or$/home/danieltyukov/workspace/personal/tt-ihp-int8-npu/src/npu_csa_reduce.sv:53$1868 ($or).
Removed top 8 bits (of 16) from port A of cell tt_um_danieltyukov_int8_npu.$flatten\u_core.\u_array.\g_row[1].g_col[0].u_pe.\u_mul.\g_bw.g_wallace.u_tree.$and$/home/danieltyukov/workspace/personal/tt-ihp-int8-npu/src/npu_csa_reduce.sv:53$1867 ($and).
Removed top 6 bits (of 16) from port B of cell tt_um_danieltyukov_int8_npu.$flatten\u_core.\u_array.\g_row[1].g_col[0].u_pe.\u_mul.\g_bw.g_wallace.u_tree.$and$/home/danieltyukov/workspace/personal/tt-ihp-int8-npu/src/npu_csa_reduce.sv:53$1867 ($and).
Removed top 6 bits (of 16) from port Y of cell tt_um_danieltyukov_int8_npu.$flatten\u_core.\u_array.\g_row[1].g_col[0].u_pe.\u_mul.\g_bw.g_wallace.u_tree.$and$/home/danieltyukov/workspace/personal/tt-ihp-int8-npu/src/npu_csa_reduce.sv:53$1867 ($and).
Removed top 8 bits (of 16) from port A of cell tt_um_danieltyukov_int8_npu.$flatten\u_core.\u_array.\g_row[1].g_col[0].u_pe.\u_mul.\g_bw.g_wallace.u_tree.$and$/home/danieltyukov/workspace/personal/tt-ihp-int8-npu/src/npu_csa_reduce.sv:53$1866 ($and).
Removed top 7 bits (of 16) from port B of cell tt_um_danieltyukov_int8_npu.$flatten\u_core.\u_array.\g_row[1].g_col[0].u_pe.\u_mul.\g_bw.g_wallace.u_tree.$and$/home/danieltyukov/workspace/personal/tt-ihp-int8-npu/src/npu_csa_reduce.sv:53$1866 ($and).
Removed top 7 bits (of 16) from port Y of cell tt_um_danieltyukov_int8_npu.$flatten\u_core.\u_array.\g_row[1].g_col[0].u_pe.\u_mul.\g_bw.g_wallace.u_tree.$and$/home/danieltyukov/workspace/personal/tt-ihp-int8-npu/src/npu_csa_reduce.sv:53$1866 ($and).
Removed top 7 bits (of 16) from port A of cell tt_um_danieltyukov_int8_npu.$flatten\u_core.\u_array.\g_row[1].g_col[0].u_pe.\u_mul.\g_bw.g_wallace.u_tree.$xor$/home/danieltyukov/workspace/personal/tt-ihp-int8-npu/src/npu_csa_reduce.sv:49$1865 ($xor).
Removed top 6 bits (of 16) from port B of cell tt_um_danieltyukov_int8_npu.$flatten\u_core.\u_array.\g_row[1].g_col[0].u_pe.\u_mul.\g_bw.g_wallace.u_tree.$xor$/home/danieltyukov/workspace/personal/tt-ihp-int8-npu/src/npu_csa_reduce.sv:49$1865 ($xor).
Removed top 6 bits (of 16) from port Y of cell tt_um_danieltyukov_int8_npu.$flatten\u_core.\u_array.\g_row[1].g_col[0].u_pe.\u_mul.\g_bw.g_wallace.u_tree.$xor$/home/danieltyukov/workspace/personal/tt-ihp-int8-npu/src/npu_csa_reduce.sv:49$1865 ($xor).
Removed top 1 bits (of 19) from port Y of cell tt_um_danieltyukov_int8_npu.$flatten\u_core.\u_array.\g_row[1].g_col[1].u_pe.\u_add.$and$/home/danieltyukov/workspace/personal/tt-ihp-int8-npu/src/npu_adder.sv:60$1731 ($and).
Removed top 1 bits (of 19) from port A of cell tt_um_danieltyukov_int8_npu.$flatten\u_core.\u_array.\g_row[1].g_col[1].u_pe.\u_add.$and$/home/danieltyukov/workspace/personal/tt-ihp-int8-npu/src/npu_adder.sv:60$1731 ($and).
Removed top 1 bits (of 19) from port B of cell tt_um_danieltyukov_int8_npu.$flatten\u_core.\u_array.\g_row[1].g_col[1].u_pe.\u_add.$and$/home/danieltyukov/workspace/personal/tt-ihp-int8-npu/src/npu_adder.sv:60$1731 ($and).
Removed top 8 bits (of 16) from port A of cell tt_um_danieltyukov_int8_npu.$flatten\u_core.\u_array.\g_row[1].g_col[1].u_pe.\u_mul.\g_bw.g_wallace.u_tree.$xor$/home/danieltyukov/workspace/personal/tt-ihp-int8-npu/src/npu_csa_reduce.sv:49$1864 ($xor).
Removed top 7 bits (of 16) from port B of cell tt_um_danieltyukov_int8_npu.$flatten\u_core.\u_array.\g_row[1].g_col[1].u_pe.\u_mul.\g_bw.g_wallace.u_tree.$xor$/home/danieltyukov/workspace/personal/tt-ihp-int8-npu/src/npu_csa_reduce.sv:49$1864 ($xor).
Removed top 7 bits (of 16) from port Y of cell tt_um_danieltyukov_int8_npu.$flatten\u_core.\u_array.\g_row[1].g_col[1].u_pe.\u_mul.\g_bw.g_wallace.u_tree.$xor$/home/danieltyukov/workspace/personal/tt-ihp-int8-npu/src/npu_csa_reduce.sv:49$1864 ($xor).
Removed top 1 bits (of 16) from port Y of cell tt_um_danieltyukov_int8_npu.$flatten\u_core.\u_array.\g_row[1].g_col[1].u_pe.\u_mul.\u_cpa.$and$/home/danieltyukov/workspace/personal/tt-ihp-int8-npu/src/npu_adder.sv:60$1887 ($and).
Removed top 1 bits (of 16) from port A of cell tt_um_danieltyukov_int8_npu.$flatten\u_core.\u_array.\g_row[1].g_col[1].u_pe.\u_mul.\u_cpa.$and$/home/danieltyukov/workspace/personal/tt-ihp-int8-npu/src/npu_adder.sv:60$1887 ($and).
Removed top 1 bits (of 16) from port B of cell tt_um_danieltyukov_int8_npu.$flatten\u_core.\u_array.\g_row[1].g_col[1].u_pe.\u_mul.\u_cpa.$and$/home/danieltyukov/workspace/personal/tt-ihp-int8-npu/src/npu_adder.sv:60$1887 ($and).
Removed top 1 bits (of 16) from port Y of cell tt_um_danieltyukov_int8_npu.$flatten\u_core.\u_array.\g_row[1].g_col[1].u_pe.\u_mul.\g_bw.g_wallace.u_tree.\genblk1.g_reduce.u_next.$or$/home/danieltyukov/workspace/personal/tt-ihp-int8-npu/src/npu_csa_reduce.sv:53$1996 ($or).
Removed top 1 bits (of 16) from port A of cell tt_um_danieltyukov_int8_npu.$flatten\u_core.\u_array.\g_row[1].g_col[1].u_pe.\u_mul.\g_bw.g_wallace.u_tree.\genblk1.g_reduce.u_next.$or$/home/danieltyukov/workspace/personal/tt-ihp-int8-npu/src/npu_csa_reduce.sv:53$1996 ($or).
Removed top 1 bits (of 16) from port B of cell tt_um_danieltyukov_int8_npu.$flatten\u_core.\u_array.\g_row[1].g_col[1].u_pe.\u_mul.\g_bw.g_wallace.u_tree.\genblk1.g_reduce.u_next.$or$/home/danieltyukov/workspace/personal/tt-ihp-int8-npu/src/npu_csa_reduce.sv:53$1996 ($or).
Removed top 1 bits (of 16) from port Y of cell tt_um_danieltyukov_int8_npu.$flatten\u_core.\u_array.\g_row[1].g_col[1].u_pe.\u_mul.\g_bw.g_wallace.u_tree.\genblk1.g_reduce.u_next.$or$/home/danieltyukov/workspace/personal/tt-ihp-int8-npu/src/npu_csa_reduce.sv:53$2003 ($or).
Removed top 1 bits (of 16) from port A of cell tt_um_danieltyukov_int8_npu.$flatten\u_core.\u_array.\g_row[1].g_col[1].u_pe.\u_mul.\g_bw.g_wallace.u_tree.\genblk1.g_reduce.u_next.$or$/home/danieltyukov/workspace/personal/tt-ihp-int8-npu/src/npu_csa_reduce.sv:53$2003 ($or).
Removed top 1 bits (of 16) from port B of cell tt_um_danieltyukov_int8_npu.$flatten\u_core.\u_array.\g_row[1].g_col[1].u_pe.\u_mul.\g_bw.g_wallace.u_tree.\genblk1.g_reduce.u_next.$or$/home/danieltyukov/workspace/personal/tt-ihp-int8-npu/src/npu_csa_reduce.sv:53$2003 ($or).
Removed top 1 bits (of 16) from port Y of cell tt_um_danieltyukov_int8_npu.$flatten\u_core.\u_array.\g_row[1].g_col[1].u_pe.\u_mul.\g_bw.g_wallace.u_tree.\genblk1.g_reduce.u_next.\genblk1.g_reduce.u_next.\genblk1.g_reduce.u_next.$or$/home/danieltyukov/workspace/personal/tt-ihp-int8-npu/src/npu_csa_reduce.sv:53$1862 ($or).
Removed top 1 bits (of 16) from port A of cell tt_um_danieltyukov_int8_npu.$flatten\u_core.\u_array.\g_row[1].g_col[1].u_pe.\u_mul.\g_bw.g_wallace.u_tree.\genblk1.g_reduce.u_next.\genblk1.g_reduce.u_next.\genblk1.g_reduce.u_next.$or$/home/danieltyukov/workspace/personal/tt-ihp-int8-npu/src/npu_csa_reduce.sv:53$1862 ($or).
Removed top 1 bits (of 16) from port B of cell tt_um_danieltyukov_int8_npu.$flatten\u_core.\u_array.\g_row[1].g_col[1].u_pe.\u_mul.\g_bw.g_wallace.u_tree.\genblk1.g_reduce.u_next.\genblk1.g_reduce.u_next.\genblk1.g_reduce.u_next.$or$/home/danieltyukov/workspace/personal/tt-ihp-int8-npu/src/npu_csa_reduce.sv:53$1862 ($or).
Removed top 1 bits (of 16) from port Y of cell tt_um_danieltyukov_int8_npu.$flatten\u_core.\u_array.\g_row[1].g_col[1].u_pe.\u_mul.\g_bw.g_wallace.u_tree.\genblk1.g_reduce.u_next.\genblk1.g_reduce.u_next.$or$/home/danieltyukov/workspace/personal/tt-ihp-int8-npu/src/npu_csa_reduce.sv:53$2011 ($or).
Removed top 1 bits (of 16) from port A of cell tt_um_danieltyukov_int8_npu.$flatten\u_core.\u_array.\g_row[1].g_col[1].u_pe.\u_mul.\g_bw.g_wallace.u_tree.\genblk1.g_reduce.u_next.\genblk1.g_reduce.u_next.$or$/home/danieltyukov/workspace/personal/tt-ihp-int8-npu/src/npu_csa_reduce.sv:53$2011 ($or).
Removed top 1 bits (of 16) from port B of cell tt_um_danieltyukov_int8_npu.$flatten\u_core.\u_array.\g_row[1].g_col[1].u_pe.\u_mul.\g_bw.g_wallace.u_tree.\genblk1.g_reduce.u_next.\genblk1.g_reduce.u_next.$or$/home/danieltyukov/workspace/personal/tt-ihp-int8-npu/src/npu_csa_reduce.sv:53$2011 ($or).
Removed top 1 bits (of 16) from port Y of cell tt_um_danieltyukov_int8_npu.$flatten\u_core.\u_array.\g_row[1].g_col[1].u_pe.\u_mul.\g_bw.g_wallace.u_tree.\genblk1.g_reduce.u_next.\genblk1.g_reduce.u_next.$and$/home/danieltyukov/workspace/personal/tt-ihp-int8-npu/src/npu_csa_reduce.sv:53$2010 ($and).
Removed top 1 bits (of 16) from port A of cell tt_um_danieltyukov_int8_npu.$flatten\u_core.\u_array.\g_row[1].g_col[1].u_pe.\u_mul.\g_bw.g_wallace.u_tree.\genblk1.g_reduce.u_next.\genblk1.g_reduce.u_next.$and$/home/danieltyukov/workspace/personal/tt-ihp-int8-npu/src/npu_csa_reduce.sv:53$2010 ($and).
Removed top 1 bits (of 16) from port B of cell tt_um_danieltyukov_int8_npu.$flatten\u_core.\u_array.\g_row[1].g_col[1].u_pe.\u_mul.\g_bw.g_wallace.u_tree.\genblk1.g_reduce.u_next.\genblk1.g_reduce.u_next.$and$/home/danieltyukov/workspace/personal/tt-ihp-int8-npu/src/npu_csa_reduce.sv:53$2010 ($and).
Removed top 1 bits (of 16) from port Y of cell tt_um_danieltyukov_int8_npu.$flatten\u_core.\u_array.\g_row[1].g_col[1].u_pe.\u_mul.\g_bw.g_wallace.u_tree.\genblk1.g_reduce.u_next.\genblk1.g_reduce.u_next.$or$/home/danieltyukov/workspace/personal/tt-ihp-int8-npu/src/npu_csa_reduce.sv:53$2009 ($or).
Removed top 1 bits (of 16) from port A of cell tt_um_danieltyukov_int8_npu.$flatten\u_core.\u_array.\g_row[1].g_col[1].u_pe.\u_mul.\g_bw.g_wallace.u_tree.\genblk1.g_reduce.u_next.\genblk1.g_reduce.u_next.$or$/home/danieltyukov/workspace/personal/tt-ihp-int8-npu/src/npu_csa_reduce.sv:53$2009 ($or).
Removed top 1 bits (of 16) from port B of cell tt_um_danieltyukov_int8_npu.$flatten\u_core.\u_array.\g_row[1].g_col[1].u_pe.\u_mul.\g_bw.g_wallace.u_tree.\genblk1.g_reduce.u_next.\genblk1.g_reduce.u_next.$or$/home/danieltyukov/workspace/personal/tt-ihp-int8-npu/src/npu_csa_reduce.sv:53$2009 ($or).
Removed top 1 bits (of 16) from port Y of cell tt_um_danieltyukov_int8_npu.$flatten\u_core.\u_array.\g_row[1].g_col[1].u_pe.\u_mul.\g_bw.g_wallace.u_tree.\genblk1.g_reduce.u_next.\genblk1.g_reduce.u_next.$and$/home/danieltyukov/workspace/personal/tt-ihp-int8-npu/src/npu_csa_reduce.sv:53$2008 ($and).
Removed top 1 bits (of 16) from port A of cell tt_um_danieltyukov_int8_npu.$flatten\u_core.\u_array.\g_row[1].g_col[1].u_pe.\u_mul.\g_bw.g_wallace.u_tree.\genblk1.g_reduce.u_next.\genblk1.g_reduce.u_next.$and$/home/danieltyukov/workspace/personal/tt-ihp-int8-npu/src/npu_csa_reduce.sv:53$2008 ($and).
Removed top 1 bits (of 16) from port B of cell tt_um_danieltyukov_int8_npu.$flatten\u_core.\u_array.\g_row[1].g_col[1].u_pe.\u_mul.\g_bw.g_wallace.u_tree.\genblk1.g_reduce.u_next.\genblk1.g_reduce.u_next.$and$/home/danieltyukov/workspace/personal/tt-ihp-int8-npu/src/npu_csa_reduce.sv:53$2008 ($and).
Removed top 1 bits (of 16) from port Y of cell tt_um_danieltyukov_int8_npu.$flatten\u_core.\u_array.\g_row[1].g_col[1].u_pe.\u_mul.\g_bw.g_wallace.u_tree.\genblk1.g_reduce.u_next.\genblk1.g_reduce.u_next.$and$/home/danieltyukov/workspace/personal/tt-ihp-int8-npu/src/npu_csa_reduce.sv:53$2007 ($and).
Removed top 1 bits (of 16) from port A of cell tt_um_danieltyukov_int8_npu.$flatten\u_core.\u_array.\g_row[1].g_col[1].u_pe.\u_mul.\g_bw.g_wallace.u_tree.\genblk1.g_reduce.u_next.\genblk1.g_reduce.u_next.$and$/home/danieltyukov/workspace/personal/tt-ihp-int8-npu/src/npu_csa_reduce.sv:53$2007 ($and).
Removed top 1 bits (of 16) from port B of cell tt_um_danieltyukov_int8_npu.$flatten\u_core.\u_array.\g_row[1].g_col[1].u_pe.\u_mul.\g_bw.g_wallace.u_tree.\genblk1.g_reduce.u_next.\genblk1.g_reduce.u_next.$and$/home/danieltyukov/workspace/personal/tt-ihp-int8-npu/src/npu_csa_reduce.sv:53$2007 ($and).
Removed top 7 bits (of 16) from port B of cell tt_um_danieltyukov_int8_npu.$flatten\u_core.\u_array.\g_row[1].g_col[1].u_pe.\u_mul.\g_bw.g_wallace.u_tree.$or$/home/danieltyukov/workspace/personal/tt-ihp-int8-npu/src/npu_csa_reduce.sv:53$1884 ($or).
Removed top 1 bits (of 16) from port Y of cell tt_um_danieltyukov_int8_npu.$flatten\u_core.\u_array.\g_row[1].g_col[1].u_pe.\u_mul.\g_bw.g_wallace.u_tree.$or$/home/danieltyukov/workspace/personal/tt-ihp-int8-npu/src/npu_csa_reduce.sv:53$1884 ($or).
Removed top 1 bits (of 16) from port A of cell tt_um_danieltyukov_int8_npu.$flatten\u_core.\u_array.\g_row[1].g_col[1].u_pe.\u_mul.\g_bw.g_wallace.u_tree.$or$/home/danieltyukov/workspace/personal/tt-ihp-int8-npu/src/npu_csa_reduce.sv:53$1884 ($or).
Removed top 7 bits (of 16) from port B of cell tt_um_danieltyukov_int8_npu.$flatten\u_core.\u_array.\g_row[1].g_col[1].u_pe.\u_mul.\g_bw.g_wallace.u_tree.$or$/home/danieltyukov/workspace/personal/tt-ihp-int8-npu/src/npu_csa_reduce.sv:53$1882 ($or).
Removed top 1 bits (of 16) from port Y of cell tt_um_danieltyukov_int8_npu.$flatten\u_core.\u_array.\g_row[1].g_col[1].u_pe.\u_mul.\g_bw.g_wallace.u_tree.$or$/home/danieltyukov/workspace/personal/tt-ihp-int8-npu/src/npu_csa_reduce.sv:53$1882 ($or).
Removed top 1 bits (of 16) from port A of cell tt_um_danieltyukov_int8_npu.$flatten\u_core.\u_array.\g_row[1].g_col[1].u_pe.\u_mul.\g_bw.g_wallace.u_tree.$or$/home/danieltyukov/workspace/personal/tt-ihp-int8-npu/src/npu_csa_reduce.sv:53$1882 ($or).
Removed top 2 bits (of 16) from port A of cell tt_um_danieltyukov_int8_npu.$flatten\u_core.\u_array.\g_row[1].g_col[1].u_pe.\u_mul.\g_bw.g_wallace.u_tree.$and$/home/danieltyukov/workspace/personal/tt-ihp-int8-npu/src/npu_csa_reduce.sv:53$1880 ($and).
Removed top 1 bits (of 16) from port B of cell tt_um_danieltyukov_int8_npu.$flatten\u_core.\u_array.\g_row[1].g_col[1].u_pe.\u_mul.\g_bw.g_wallace.u_tree.$and$/home/danieltyukov/workspace/personal/tt-ihp-int8-npu/src/npu_csa_reduce.sv:53$1880 ($and).
Removed top 1 bits (of 16) from port Y of cell tt_um_danieltyukov_int8_npu.$flatten\u_core.\u_array.\g_row[1].g_col[1].u_pe.\u_mul.\g_bw.g_wallace.u_tree.$and$/home/danieltyukov/workspace/personal/tt-ihp-int8-npu/src/npu_csa_reduce.sv:53$1880 ($and).
Removed top 2 bits (of 16) from port A of cell tt_um_danieltyukov_int8_npu.$flatten\u_core.\u_array.\g_row[1].g_col[1].u_pe.\u_mul.\g_bw.g_wallace.u_tree.$xor$/home/danieltyukov/workspace/personal/tt-ihp-int8-npu/src/npu_csa_reduce.sv:49$1878 ($xor).
Removed top 1 bits (of 16) from port B of cell tt_um_danieltyukov_int8_npu.$flatten\u_core.\u_array.\g_row[1].g_col[1].u_pe.\u_mul.\g_bw.g_wallace.u_tree.$xor$/home/danieltyukov/workspace/personal/tt-ihp-int8-npu/src/npu_csa_reduce.sv:49$1878 ($xor).
Removed top 1 bits (of 16) from port Y of cell tt_um_danieltyukov_int8_npu.$flatten\u_core.\u_array.\g_row[1].g_col[1].u_pe.\u_mul.\g_bw.g_wallace.u_tree.$xor$/home/danieltyukov/workspace/personal/tt-ihp-int8-npu/src/npu_csa_reduce.sv:49$1878 ($xor).
Removed top 1 bits (of 16) from port Y of cell tt_um_danieltyukov_int8_npu.$flatten\u_core.\u_array.\g_row[1].g_col[1].u_pe.\u_mul.\g_bw.g_wallace.u_tree.$or$/home/danieltyukov/workspace/personal/tt-ihp-int8-npu/src/npu_csa_reduce.sv:53$1877 ($or).
Removed top 1 bits (of 16) from port A of cell tt_um_danieltyukov_int8_npu.$flatten\u_core.\u_array.\g_row[1].g_col[1].u_pe.\u_mul.\g_bw.g_wallace.u_tree.$or$/home/danieltyukov/workspace/personal/tt-ihp-int8-npu/src/npu_csa_reduce.sv:53$1877 ($or).
Removed top 1 bits (of 16) from port B of cell tt_um_danieltyukov_int8_npu.$flatten\u_core.\u_array.\g_row[1].g_col[1].u_pe.\u_mul.\g_bw.g_wallace.u_tree.$or$/home/danieltyukov/workspace/personal/tt-ihp-int8-npu/src/npu_csa_reduce.sv:53$1877 ($or).
Removed top 4 bits (of 16) from port A of cell tt_um_danieltyukov_int8_npu.$flatten\u_core.\u_array.\g_row[1].g_col[1].u_pe.\u_mul.\g_bw.g_wallace.u_tree.$and$/home/danieltyukov/workspace/personal/tt-ihp-int8-npu/src/npu_csa_reduce.sv:53$1876 ($and).
Removed top 3 bits (of 16) from port B of cell tt_um_danieltyukov_int8_npu.$flatten\u_core.\u_array.\g_row[1].g_col[1].u_pe.\u_mul.\g_bw.g_wallace.u_tree.$and$/home/danieltyukov/workspace/personal/tt-ihp-int8-npu/src/npu_csa_reduce.sv:53$1876 ($and).
Removed top 3 bits (of 16) from port Y of cell tt_um_danieltyukov_int8_npu.$flatten\u_core.\u_array.\g_row[1].g_col[1].u_pe.\u_mul.\g_bw.g_wallace.u_tree.$and$/home/danieltyukov/workspace/personal/tt-ihp-int8-npu/src/npu_csa_reduce.sv:53$1876 ($and).
Removed top 1 bits (of 16) from port Y of cell tt_um_danieltyukov_int8_npu.$flatten\u_core.\u_array.\g_row[1].g_col[1].u_pe.\u_mul.\g_bw.g_wallace.u_tree.$or$/home/danieltyukov/workspace/personal/tt-ihp-int8-npu/src/npu_csa_reduce.sv:53$1875 ($or).
Removed top 1 bits (of 16) from port A of cell tt_um_danieltyukov_int8_npu.$flatten\u_core.\u_array.\g_row[1].g_col[1].u_pe.\u_mul.\g_bw.g_wallace.u_tree.$or$/home/danieltyukov/workspace/personal/tt-ihp-int8-npu/src/npu_csa_reduce.sv:53$1875 ($or).
Removed top 1 bits (of 16) from port B of cell tt_um_danieltyukov_int8_npu.$flatten\u_core.\u_array.\g_row[1].g_col[1].u_pe.\u_mul.\g_bw.g_wallace.u_tree.$or$/home/danieltyukov/workspace/personal/tt-ihp-int8-npu/src/npu_csa_reduce.sv:53$1875 ($or).
Removed top 5 bits (of 16) from port A of cell tt_um_danieltyukov_int8_npu.$flatten\u_core.\u_array.\g_row[1].g_col[1].u_pe.\u_mul.\g_bw.g_wallace.u_tree.$and$/home/danieltyukov/workspace/personal/tt-ihp-int8-npu/src/npu_csa_reduce.sv:53$1874 ($and).
Removed top 3 bits (of 16) from port B of cell tt_um_danieltyukov_int8_npu.$flatten\u_core.\u_array.\g_row[1].g_col[1].u_pe.\u_mul.\g_bw.g_wallace.u_tree.$and$/home/danieltyukov/workspace/personal/tt-ihp-int8-npu/src/npu_csa_reduce.sv:53$1874 ($and).
Removed top 3 bits (of 16) from port Y of cell tt_um_danieltyukov_int8_npu.$flatten\u_core.\u_array.\g_row[1].g_col[1].u_pe.\u_mul.\g_bw.g_wallace.u_tree.$and$/home/danieltyukov/workspace/personal/tt-ihp-int8-npu/src/npu_csa_reduce.sv:53$1874 ($and).
Removed top 5 bits (of 16) from port A of cell tt_um_danieltyukov_int8_npu.$flatten\u_core.\u_array.\g_row[1].g_col[1].u_pe.\u_mul.\g_bw.g_wallace.u_tree.$and$/home/danieltyukov/workspace/personal/tt-ihp-int8-npu/src/npu_csa_reduce.sv:53$1873 ($and).
Removed top 4 bits (of 16) from port B of cell tt_um_danieltyukov_int8_npu.$flatten\u_core.\u_array.\g_row[1].g_col[1].u_pe.\u_mul.\g_bw.g_wallace.u_tree.$and$/home/danieltyukov/workspace/personal/tt-ihp-int8-npu/src/npu_csa_reduce.sv:53$1873 ($and).
Removed top 4 bits (of 16) from port Y of cell tt_um_danieltyukov_int8_npu.$flatten\u_core.\u_array.\g_row[1].g_col[1].u_pe.\u_mul.\g_bw.g_wallace.u_tree.$and$/home/danieltyukov/workspace/personal/tt-ihp-int8-npu/src/npu_csa_reduce.sv:53$1873 ($and).
Removed top 3 bits (of 16) from port B of cell tt_um_danieltyukov_int8_npu.$flatten\u_core.\u_array.\g_row[1].g_col[1].u_pe.\u_mul.\g_bw.g_wallace.u_tree.$xor$/home/danieltyukov/workspace/personal/tt-ihp-int8-npu/src/npu_csa_reduce.sv:49$1872 ($xor).
Removed top 5 bits (of 16) from port A of cell tt_um_danieltyukov_int8_npu.$flatten\u_core.\u_array.\g_row[1].g_col[1].u_pe.\u_mul.\g_bw.g_wallace.u_tree.$xor$/home/danieltyukov/workspace/personal/tt-ihp-int8-npu/src/npu_csa_reduce.sv:49$1871 ($xor).
Removed top 4 bits (of 16) from port B of cell tt_um_danieltyukov_int8_npu.$flatten\u_core.\u_array.\g_row[1].g_col[1].u_pe.\u_mul.\g_bw.g_wallace.u_tree.$xor$/home/danieltyukov/workspace/personal/tt-ihp-int8-npu/src/npu_csa_reduce.sv:49$1871 ($xor).
Removed top 4 bits (of 16) from port Y of cell tt_um_danieltyukov_int8_npu.$flatten\u_core.\u_array.\g_row[1].g_col[1].u_pe.\u_mul.\g_bw.g_wallace.u_tree.$xor$/home/danieltyukov/workspace/personal/tt-ihp-int8-npu/src/npu_csa_reduce.sv:49$1871 ($xor).
Removed top 1 bits (of 16) from port Y of cell tt_um_danieltyukov_int8_npu.$flatten\u_core.\u_array.\g_row[1].g_col[1].u_pe.\u_mul.\g_bw.g_wallace.u_tree.$or$/home/danieltyukov/workspace/personal/tt-ihp-int8-npu/src/npu_csa_reduce.sv:53$1870 ($or).
Removed top 1 bits (of 16) from port A of cell tt_um_danieltyukov_int8_npu.$flatten\u_core.\u_array.\g_row[1].g_col[1].u_pe.\u_mul.\g_bw.g_wallace.u_tree.$or$/home/danieltyukov/workspace/personal/tt-ihp-int8-npu/src/npu_csa_reduce.sv:53$1870 ($or).
Removed top 1 bits (of 16) from port B of cell tt_um_danieltyukov_int8_npu.$flatten\u_core.\u_array.\g_row[1].g_col[1].u_pe.\u_mul.\g_bw.g_wallace.u_tree.$or$/home/danieltyukov/workspace/personal/tt-ihp-int8-npu/src/npu_csa_reduce.sv:53$1870 ($or).
Removed top 7 bits (of 16) from port A of cell tt_um_danieltyukov_int8_npu.$flatten\u_core.\u_array.\g_row[1].g_col[1].u_pe.\u_mul.\g_bw.g_wallace.u_tree.$and$/home/danieltyukov/workspace/personal/tt-ihp-int8-npu/src/npu_csa_reduce.sv:53$1869 ($and).
Removed top 6 bits (of 16) from port B of cell tt_um_danieltyukov_int8_npu.$flatten\u_core.\u_array.\g_row[1].g_col[1].u_pe.\u_mul.\g_bw.g_wallace.u_tree.$and$/home/danieltyukov/workspace/personal/tt-ihp-int8-npu/src/npu_csa_reduce.sv:53$1869 ($and).
Removed top 6 bits (of 16) from port Y of cell tt_um_danieltyukov_int8_npu.$flatten\u_core.\u_array.\g_row[1].g_col[1].u_pe.\u_mul.\g_bw.g_wallace.u_tree.$and$/home/danieltyukov/workspace/personal/tt-ihp-int8-npu/src/npu_csa_reduce.sv:53$1869 ($and).
Removed top 1 bits (of 16) from port Y of cell tt_um_danieltyukov_int8_npu.$flatten\u_core.\u_array.\g_row[1].g_col[1].u_pe.\u_mul.\g_bw.g_wallace.u_tree.$or$/home/danieltyukov/workspace/personal/tt-ihp-int8-npu/src/npu_csa_reduce.sv:53$1868 ($or).
Removed top 1 bits (of 16) from port A of cell tt_um_danieltyukov_int8_npu.$flatten\u_core.\u_array.\g_row[1].g_col[1].u_pe.\u_mul.\g_bw.g_wallace.u_tree.$or$/home/danieltyukov/workspace/personal/tt-ihp-int8-npu/src/npu_csa_reduce.sv:53$1868 ($or).
Removed top 1 bits (of 16) from port B of cell tt_um_danieltyukov_int8_npu.$flatten\u_core.\u_array.\g_row[1].g_col[1].u_pe.\u_mul.\g_bw.g_wallace.u_tree.$or$/home/danieltyukov/workspace/personal/tt-ihp-int8-npu/src/npu_csa_reduce.sv:53$1868 ($or).
Removed top 8 bits (of 16) from port A of cell tt_um_danieltyukov_int8_npu.$flatten\u_core.\u_array.\g_row[1].g_col[1].u_pe.\u_mul.\g_bw.g_wallace.u_tree.$and$/home/danieltyukov/workspace/personal/tt-ihp-int8-npu/src/npu_csa_reduce.sv:53$1867 ($and).
Removed top 6 bits (of 16) from port B of cell tt_um_danieltyukov_int8_npu.$flatten\u_core.\u_array.\g_row[1].g_col[1].u_pe.\u_mul.\g_bw.g_wallace.u_tree.$and$/home/danieltyukov/workspace/personal/tt-ihp-int8-npu/src/npu_csa_reduce.sv:53$1867 ($and).
Removed top 6 bits (of 16) from port Y of cell tt_um_danieltyukov_int8_npu.$flatten\u_core.\u_array.\g_row[1].g_col[1].u_pe.\u_mul.\g_bw.g_wallace.u_tree.$and$/home/danieltyukov/workspace/personal/tt-ihp-int8-npu/src/npu_csa_reduce.sv:53$1867 ($and).
Removed top 8 bits (of 16) from port A of cell tt_um_danieltyukov_int8_npu.$flatten\u_core.\u_array.\g_row[1].g_col[1].u_pe.\u_mul.\g_bw.g_wallace.u_tree.$and$/home/danieltyukov/workspace/personal/tt-ihp-int8-npu/src/npu_csa_reduce.sv:53$1866 ($and).
Removed top 7 bits (of 16) from port B of cell tt_um_danieltyukov_int8_npu.$flatten\u_core.\u_array.\g_row[1].g_col[1].u_pe.\u_mul.\g_bw.g_wallace.u_tree.$and$/home/danieltyukov/workspace/personal/tt-ihp-int8-npu/src/npu_csa_reduce.sv:53$1866 ($and).
Removed top 7 bits (of 16) from port Y of cell tt_um_danieltyukov_int8_npu.$flatten\u_core.\u_array.\g_row[1].g_col[1].u_pe.\u_mul.\g_bw.g_wallace.u_tree.$and$/home/danieltyukov/workspace/personal/tt-ihp-int8-npu/src/npu_csa_reduce.sv:53$1866 ($and).
Removed top 7 bits (of 16) from port A of cell tt_um_danieltyukov_int8_npu.$flatten\u_core.\u_array.\g_row[1].g_col[1].u_pe.\u_mul.\g_bw.g_wallace.u_tree.$xor$/home/danieltyukov/workspace/personal/tt-ihp-int8-npu/src/npu_csa_reduce.sv:49$1865 ($xor).
Removed top 6 bits (of 16) from port B of cell tt_um_danieltyukov_int8_npu.$flatten\u_core.\u_array.\g_row[1].g_col[1].u_pe.\u_mul.\g_bw.g_wallace.u_tree.$xor$/home/danieltyukov/workspace/personal/tt-ihp-int8-npu/src/npu_csa_reduce.sv:49$1865 ($xor).
Removed top 6 bits (of 16) from port Y of cell tt_um_danieltyukov_int8_npu.$flatten\u_core.\u_array.\g_row[1].g_col[1].u_pe.\u_mul.\g_bw.g_wallace.u_tree.$xor$/home/danieltyukov/workspace/personal/tt-ihp-int8-npu/src/npu_csa_reduce.sv:49$1865 ($xor).
Removed top 1 bits (of 19) from port Y of cell tt_um_danieltyukov_int8_npu.$flatten\u_core.\u_array.\g_row[2].g_col[0].u_pe.\u_add.$and$/home/danieltyukov/workspace/personal/tt-ihp-int8-npu/src/npu_adder.sv:60$1731 ($and).
Removed top 1 bits (of 19) from port A of cell tt_um_danieltyukov_int8_npu.$flatten\u_core.\u_array.\g_row[2].g_col[0].u_pe.\u_add.$and$/home/danieltyukov/workspace/personal/tt-ihp-int8-npu/src/npu_adder.sv:60$1731 ($and).
Removed top 1 bits (of 19) from port B of cell tt_um_danieltyukov_int8_npu.$flatten\u_core.\u_array.\g_row[2].g_col[0].u_pe.\u_add.$and$/home/danieltyukov/workspace/personal/tt-ihp-int8-npu/src/npu_adder.sv:60$1731 ($and).
Removed top 8 bits (of 16) from port A of cell tt_um_danieltyukov_int8_npu.$flatten\u_core.\u_array.\g_row[2].g_col[0].u_pe.\u_mul.\g_bw.g_wallace.u_tree.$xor$/home/danieltyukov/workspace/personal/tt-ihp-int8-npu/src/npu_csa_reduce.sv:49$1864 ($xor).
Removed top 7 bits (of 16) from port B of cell tt_um_danieltyukov_int8_npu.$flatten\u_core.\u_array.\g_row[2].g_col[0].u_pe.\u_mul.\g_bw.g_wallace.u_tree.$xor$/home/danieltyukov/workspace/personal/tt-ihp-int8-npu/src/npu_csa_reduce.sv:49$1864 ($xor).
Removed top 7 bits (of 16) from port Y of cell tt_um_danieltyukov_int8_npu.$flatten\u_core.\u_array.\g_row[2].g_col[0].u_pe.\u_mul.\g_bw.g_wallace.u_tree.$xor$/home/danieltyukov/workspace/personal/tt-ihp-int8-npu/src/npu_csa_reduce.sv:49$1864 ($xor).
Removed top 1 bits (of 16) from port Y of cell tt_um_danieltyukov_int8_npu.$flatten\u_core.\u_array.\g_row[2].g_col[0].u_pe.\u_mul.\u_cpa.$and$/home/danieltyukov/workspace/personal/tt-ihp-int8-npu/src/npu_adder.sv:60$1887 ($and).
Removed top 1 bits (of 16) from port A of cell tt_um_danieltyukov_int8_npu.$flatten\u_core.\u_array.\g_row[2].g_col[0].u_pe.\u_mul.\u_cpa.$and$/home/danieltyukov/workspace/personal/tt-ihp-int8-npu/src/npu_adder.sv:60$1887 ($and).
Removed top 1 bits (of 16) from port B of cell tt_um_danieltyukov_int8_npu.$flatten\u_core.\u_array.\g_row[2].g_col[0].u_pe.\u_mul.\u_cpa.$and$/home/danieltyukov/workspace/personal/tt-ihp-int8-npu/src/npu_adder.sv:60$1887 ($and).
Removed top 1 bits (of 16) from port Y of cell tt_um_danieltyukov_int8_npu.$flatten\u_core.\u_array.\g_row[2].g_col[0].u_pe.\u_mul.\g_bw.g_wallace.u_tree.\genblk1.g_reduce.u_next.$or$/home/danieltyukov/workspace/personal/tt-ihp-int8-npu/src/npu_csa_reduce.sv:53$1996 ($or).
Removed top 1 bits (of 16) from port A of cell tt_um_danieltyukov_int8_npu.$flatten\u_core.\u_array.\g_row[2].g_col[0].u_pe.\u_mul.\g_bw.g_wallace.u_tree.\genblk1.g_reduce.u_next.$or$/home/danieltyukov/workspace/personal/tt-ihp-int8-npu/src/npu_csa_reduce.sv:53$1996 ($or).
Removed top 1 bits (of 16) from port B of cell tt_um_danieltyukov_int8_npu.$flatten\u_core.\u_array.\g_row[2].g_col[0].u_pe.\u_mul.\g_bw.g_wallace.u_tree.\genblk1.g_reduce.u_next.$or$/home/danieltyukov/workspace/personal/tt-ihp-int8-npu/src/npu_csa_reduce.sv:53$1996 ($or).
Removed top 1 bits (of 16) from port Y of cell tt_um_danieltyukov_int8_npu.$flatten\u_core.\u_array.\g_row[2].g_col[0].u_pe.\u_mul.\g_bw.g_wallace.u_tree.\genblk1.g_reduce.u_next.$or$/home/danieltyukov/workspace/personal/tt-ihp-int8-npu/src/npu_csa_reduce.sv:53$2003 ($or).
Removed top 1 bits (of 16) from port A of cell tt_um_danieltyukov_int8_npu.$flatten\u_core.\u_array.\g_row[2].g_col[0].u_pe.\u_mul.\g_bw.g_wallace.u_tree.\genblk1.g_reduce.u_next.$or$/home/danieltyukov/workspace/personal/tt-ihp-int8-npu/src/npu_csa_reduce.sv:53$2003 ($or).
Removed top 1 bits (of 16) from port B of cell tt_um_danieltyukov_int8_npu.$flatten\u_core.\u_array.\g_row[2].g_col[0].u_pe.\u_mul.\g_bw.g_wallace.u_tree.\genblk1.g_reduce.u_next.$or$/home/danieltyukov/workspace/personal/tt-ihp-int8-npu/src/npu_csa_reduce.sv:53$2003 ($or).
Removed top 1 bits (of 16) from port Y of cell tt_um_danieltyukov_int8_npu.$flatten\u_core.\u_array.\g_row[2].g_col[0].u_pe.\u_mul.\g_bw.g_wallace.u_tree.\genblk1.g_reduce.u_next.\genblk1.g_reduce.u_next.\genblk1.g_reduce.u_next.$or$/home/danieltyukov/workspace/personal/tt-ihp-int8-npu/src/npu_csa_reduce.sv:53$1862 ($or).
Removed top 1 bits (of 16) from port A of cell tt_um_danieltyukov_int8_npu.$flatten\u_core.\u_array.\g_row[2].g_col[0].u_pe.\u_mul.\g_bw.g_wallace.u_tree.\genblk1.g_reduce.u_next.\genblk1.g_reduce.u_next.\genblk1.g_reduce.u_next.$or$/home/danieltyukov/workspace/personal/tt-ihp-int8-npu/src/npu_csa_reduce.sv:53$1862 ($or).
Removed top 1 bits (of 16) from port B of cell tt_um_danieltyukov_int8_npu.$flatten\u_core.\u_array.\g_row[2].g_col[0].u_pe.\u_mul.\g_bw.g_wallace.u_tree.\genblk1.g_reduce.u_next.\genblk1.g_reduce.u_next.\genblk1.g_reduce.u_next.$or$/home/danieltyukov/workspace/personal/tt-ihp-int8-npu/src/npu_csa_reduce.sv:53$1862 ($or).
Removed top 1 bits (of 16) from port Y of cell tt_um_danieltyukov_int8_npu.$flatten\u_core.\u_array.\g_row[2].g_col[0].u_pe.\u_mul.\g_bw.g_wallace.u_tree.\genblk1.g_reduce.u_next.\genblk1.g_reduce.u_next.$or$/home/danieltyukov/workspace/personal/tt-ihp-int8-npu/src/npu_csa_reduce.sv:53$2011 ($or).
Removed top 1 bits (of 16) from port A of cell tt_um_danieltyukov_int8_npu.$flatten\u_core.\u_array.\g_row[2].g_col[0].u_pe.\u_mul.\g_bw.g_wallace.u_tree.\genblk1.g_reduce.u_next.\genblk1.g_reduce.u_next.$or$/home/danieltyukov/workspace/personal/tt-ihp-int8-npu/src/npu_csa_reduce.sv:53$2011 ($or).
Removed top 1 bits (of 16) from port B of cell tt_um_danieltyukov_int8_npu.$flatten\u_core.\u_array.\g_row[2].g_col[0].u_pe.\u_mul.\g_bw.g_wallace.u_tree.\genblk1.g_reduce.u_next.\genblk1.g_reduce.u_next.$or$/home/danieltyukov/workspace/personal/tt-ihp-int8-npu/src/npu_csa_reduce.sv:53$2011 ($or).
Removed top 1 bits (of 16) from port Y of cell tt_um_danieltyukov_int8_npu.$flatten\u_core.\u_array.\g_row[2].g_col[0].u_pe.\u_mul.\g_bw.g_wallace.u_tree.\genblk1.g_reduce.u_next.\genblk1.g_reduce.u_next.$and$/home/danieltyukov/workspace/personal/tt-ihp-int8-npu/src/npu_csa_reduce.sv:53$2010 ($and).
Removed top 1 bits (of 16) from port A of cell tt_um_danieltyukov_int8_npu.$flatten\u_core.\u_array.\g_row[2].g_col[0].u_pe.\u_mul.\g_bw.g_wallace.u_tree.\genblk1.g_reduce.u_next.\genblk1.g_reduce.u_next.$and$/home/danieltyukov/workspace/personal/tt-ihp-int8-npu/src/npu_csa_reduce.sv:53$2010 ($and).
Removed top 1 bits (of 16) from port B of cell tt_um_danieltyukov_int8_npu.$flatten\u_core.\u_array.\g_row[2].g_col[0].u_pe.\u_mul.\g_bw.g_wallace.u_tree.\genblk1.g_reduce.u_next.\genblk1.g_reduce.u_next.$and$/home/danieltyukov/workspace/personal/tt-ihp-int8-npu/src/npu_csa_reduce.sv:53$2010 ($and).
Removed top 1 bits (of 16) from port Y of cell tt_um_danieltyukov_int8_npu.$flatten\u_core.\u_array.\g_row[2].g_col[0].u_pe.\u_mul.\g_bw.g_wallace.u_tree.\genblk1.g_reduce.u_next.\genblk1.g_reduce.u_next.$or$/home/danieltyukov/workspace/personal/tt-ihp-int8-npu/src/npu_csa_reduce.sv:53$2009 ($or).
Removed top 1 bits (of 16) from port A of cell tt_um_danieltyukov_int8_npu.$flatten\u_core.\u_array.\g_row[2].g_col[0].u_pe.\u_mul.\g_bw.g_wallace.u_tree.\genblk1.g_reduce.u_next.\genblk1.g_reduce.u_next.$or$/home/danieltyukov/workspace/personal/tt-ihp-int8-npu/src/npu_csa_reduce.sv:53$2009 ($or).
Removed top 1 bits (of 16) from port B of cell tt_um_danieltyukov_int8_npu.$flatten\u_core.\u_array.\g_row[2].g_col[0].u_pe.\u_mul.\g_bw.g_wallace.u_tree.\genblk1.g_reduce.u_next.\genblk1.g_reduce.u_next.$or$/home/danieltyukov/workspace/personal/tt-ihp-int8-npu/src/npu_csa_reduce.sv:53$2009 ($or).
Removed top 1 bits (of 16) from port Y of cell tt_um_danieltyukov_int8_npu.$flatten\u_core.\u_array.\g_row[2].g_col[0].u_pe.\u_mul.\g_bw.g_wallace.u_tree.\genblk1.g_reduce.u_next.\genblk1.g_reduce.u_next.$and$/home/danieltyukov/workspace/personal/tt-ihp-int8-npu/src/npu_csa_reduce.sv:53$2008 ($and).
Removed top 1 bits (of 16) from port A of cell tt_um_danieltyukov_int8_npu.$flatten\u_core.\u_array.\g_row[2].g_col[0].u_pe.\u_mul.\g_bw.g_wallace.u_tree.\genblk1.g_reduce.u_next.\genblk1.g_reduce.u_next.$and$/home/danieltyukov/workspace/personal/tt-ihp-int8-npu/src/npu_csa_reduce.sv:53$2008 ($and).
Removed top 1 bits (of 16) from port B of cell tt_um_danieltyukov_int8_npu.$flatten\u_core.\u_array.\g_row[2].g_col[0].u_pe.\u_mul.\g_bw.g_wallace.u_tree.\genblk1.g_reduce.u_next.\genblk1.g_reduce.u_next.$and$/home/danieltyukov/workspace/personal/tt-ihp-int8-npu/src/npu_csa_reduce.sv:53$2008 ($and).
Removed top 1 bits (of 16) from port Y of cell tt_um_danieltyukov_int8_npu.$flatten\u_core.\u_array.\g_row[2].g_col[0].u_pe.\u_mul.\g_bw.g_wallace.u_tree.\genblk1.g_reduce.u_next.\genblk1.g_reduce.u_next.$and$/home/danieltyukov/workspace/personal/tt-ihp-int8-npu/src/npu_csa_reduce.sv:53$2007 ($and).
Removed top 1 bits (of 16) from port A of cell tt_um_danieltyukov_int8_npu.$flatten\u_core.\u_array.\g_row[2].g_col[0].u_pe.\u_mul.\g_bw.g_wallace.u_tree.\genblk1.g_reduce.u_next.\genblk1.g_reduce.u_next.$and$/home/danieltyukov/workspace/personal/tt-ihp-int8-npu/src/npu_csa_reduce.sv:53$2007 ($and).
Removed top 1 bits (of 16) from port B of cell tt_um_danieltyukov_int8_npu.$flatten\u_core.\u_array.\g_row[2].g_col[0].u_pe.\u_mul.\g_bw.g_wallace.u_tree.\genblk1.g_reduce.u_next.\genblk1.g_reduce.u_next.$and$/home/danieltyukov/workspace/personal/tt-ihp-int8-npu/src/npu_csa_reduce.sv:53$2007 ($and).
Removed top 7 bits (of 16) from port B of cell tt_um_danieltyukov_int8_npu.$flatten\u_core.\u_array.\g_row[2].g_col[0].u_pe.\u_mul.\g_bw.g_wallace.u_tree.$or$/home/danieltyukov/workspace/personal/tt-ihp-int8-npu/src/npu_csa_reduce.sv:53$1884 ($or).
Removed top 1 bits (of 16) from port Y of cell tt_um_danieltyukov_int8_npu.$flatten\u_core.\u_array.\g_row[2].g_col[0].u_pe.\u_mul.\g_bw.g_wallace.u_tree.$or$/home/danieltyukov/workspace/personal/tt-ihp-int8-npu/src/npu_csa_reduce.sv:53$1884 ($or).
Removed top 1 bits (of 16) from port A of cell tt_um_danieltyukov_int8_npu.$flatten\u_core.\u_array.\g_row[2].g_col[0].u_pe.\u_mul.\g_bw.g_wallace.u_tree.$or$/home/danieltyukov/workspace/personal/tt-ihp-int8-npu/src/npu_csa_reduce.sv:53$1884 ($or).
Removed top 7 bits (of 16) from port B of cell tt_um_danieltyukov_int8_npu.$flatten\u_core.\u_array.\g_row[2].g_col[0].u_pe.\u_mul.\g_bw.g_wallace.u_tree.$or$/home/danieltyukov/workspace/personal/tt-ihp-int8-npu/src/npu_csa_reduce.sv:53$1882 ($or).
Removed top 1 bits (of 16) from port Y of cell tt_um_danieltyukov_int8_npu.$flatten\u_core.\u_array.\g_row[2].g_col[0].u_pe.\u_mul.\g_bw.g_wallace.u_tree.$or$/home/danieltyukov/workspace/personal/tt-ihp-int8-npu/src/npu_csa_reduce.sv:53$1882 ($or).
Removed top 1 bits (of 16) from port A of cell tt_um_danieltyukov_int8_npu.$flatten\u_core.\u_array.\g_row[2].g_col[0].u_pe.\u_mul.\g_bw.g_wallace.u_tree.$or$/home/danieltyukov/workspace/personal/tt-ihp-int8-npu/src/npu_csa_reduce.sv:53$1882 ($or).
Removed top 2 bits (of 16) from port A of cell tt_um_danieltyukov_int8_npu.$flatten\u_core.\u_array.\g_row[2].g_col[0].u_pe.\u_mul.\g_bw.g_wallace.u_tree.$and$/home/danieltyukov/workspace/personal/tt-ihp-int8-npu/src/npu_csa_reduce.sv:53$1880 ($and).
Removed top 1 bits (of 16) from port B of cell tt_um_danieltyukov_int8_npu.$flatten\u_core.\u_array.\g_row[2].g_col[0].u_pe.\u_mul.\g_bw.g_wallace.u_tree.$and$/home/danieltyukov/workspace/personal/tt-ihp-int8-npu/src/npu_csa_reduce.sv:53$1880 ($and).
Removed top 1 bits (of 16) from port Y of cell tt_um_danieltyukov_int8_npu.$flatten\u_core.\u_array.\g_row[2].g_col[0].u_pe.\u_mul.\g_bw.g_wallace.u_tree.$and$/home/danieltyukov/workspace/personal/tt-ihp-int8-npu/src/npu_csa_reduce.sv:53$1880 ($and).
Removed top 2 bits (of 16) from port A of cell tt_um_danieltyukov_int8_npu.$flatten\u_core.\u_array.\g_row[2].g_col[0].u_pe.\u_mul.\g_bw.g_wallace.u_tree.$xor$/home/danieltyukov/workspace/personal/tt-ihp-int8-npu/src/npu_csa_reduce.sv:49$1878 ($xor).
Removed top 1 bits (of 16) from port B of cell tt_um_danieltyukov_int8_npu.$flatten\u_core.\u_array.\g_row[2].g_col[0].u_pe.\u_mul.\g_bw.g_wallace.u_tree.$xor$/home/danieltyukov/workspace/personal/tt-ihp-int8-npu/src/npu_csa_reduce.sv:49$1878 ($xor).
Removed top 1 bits (of 16) from port Y of cell tt_um_danieltyukov_int8_npu.$flatten\u_core.\u_array.\g_row[2].g_col[0].u_pe.\u_mul.\g_bw.g_wallace.u_tree.$xor$/home/danieltyukov/workspace/personal/tt-ihp-int8-npu/src/npu_csa_reduce.sv:49$1878 ($xor).
Removed top 1 bits (of 16) from port Y of cell tt_um_danieltyukov_int8_npu.$flatten\u_core.\u_array.\g_row[2].g_col[0].u_pe.\u_mul.\g_bw.g_wallace.u_tree.$or$/home/danieltyukov/workspace/personal/tt-ihp-int8-npu/src/npu_csa_reduce.sv:53$1877 ($or).
Removed top 1 bits (of 16) from port A of cell tt_um_danieltyukov_int8_npu.$flatten\u_core.\u_array.\g_row[2].g_col[0].u_pe.\u_mul.\g_bw.g_wallace.u_tree.$or$/home/danieltyukov/workspace/personal/tt-ihp-int8-npu/src/npu_csa_reduce.sv:53$1877 ($or).
Removed top 1 bits (of 16) from port B of cell tt_um_danieltyukov_int8_npu.$flatten\u_core.\u_array.\g_row[2].g_col[0].u_pe.\u_mul.\g_bw.g_wallace.u_tree.$or$/home/danieltyukov/workspace/personal/tt-ihp-int8-npu/src/npu_csa_reduce.sv:53$1877 ($or).
Removed top 4 bits (of 16) from port A of cell tt_um_danieltyukov_int8_npu.$flatten\u_core.\u_array.\g_row[2].g_col[0].u_pe.\u_mul.\g_bw.g_wallace.u_tree.$and$/home/danieltyukov/workspace/personal/tt-ihp-int8-npu/src/npu_csa_reduce.sv:53$1876 ($and).
Removed top 3 bits (of 16) from port B of cell tt_um_danieltyukov_int8_npu.$flatten\u_core.\u_array.\g_row[2].g_col[0].u_pe.\u_mul.\g_bw.g_wallace.u_tree.$and$/home/danieltyukov/workspace/personal/tt-ihp-int8-npu/src/npu_csa_reduce.sv:53$1876 ($and).
Removed top 3 bits (of 16) from port Y of cell tt_um_danieltyukov_int8_npu.$flatten\u_core.\u_array.\g_row[2].g_col[0].u_pe.\u_mul.\g_bw.g_wallace.u_tree.$and$/home/danieltyukov/workspace/personal/tt-ihp-int8-npu/src/npu_csa_reduce.sv:53$1876 ($and).
Removed top 1 bits (of 16) from port Y of cell tt_um_danieltyukov_int8_npu.$flatten\u_core.\u_array.\g_row[2].g_col[0].u_pe.\u_mul.\g_bw.g_wallace.u_tree.$or$/home/danieltyukov/workspace/personal/tt-ihp-int8-npu/src/npu_csa_reduce.sv:53$1875 ($or).
Removed top 1 bits (of 16) from port A of cell tt_um_danieltyukov_int8_npu.$flatten\u_core.\u_array.\g_row[2].g_col[0].u_pe.\u_mul.\g_bw.g_wallace.u_tree.$or$/home/danieltyukov/workspace/personal/tt-ihp-int8-npu/src/npu_csa_reduce.sv:53$1875 ($or).
Removed top 1 bits (of 16) from port B of cell tt_um_danieltyukov_int8_npu.$flatten\u_core.\u_array.\g_row[2].g_col[0].u_pe.\u_mul.\g_bw.g_wallace.u_tree.$or$/home/danieltyukov/workspace/personal/tt-ihp-int8-npu/src/npu_csa_reduce.sv:53$1875 ($or).
Removed top 5 bits (of 16) from port A of cell tt_um_danieltyukov_int8_npu.$flatten\u_core.\u_array.\g_row[2].g_col[0].u_pe.\u_mul.\g_bw.g_wallace.u_tree.$and$/home/danieltyukov/workspace/personal/tt-ihp-int8-npu/src/npu_csa_reduce.sv:53$1874 ($and).
Removed top 3 bits (of 16) from port B of cell tt_um_danieltyukov_int8_npu.$flatten\u_core.\u_array.\g_row[2].g_col[0].u_pe.\u_mul.\g_bw.g_wallace.u_tree.$and$/home/danieltyukov/workspace/personal/tt-ihp-int8-npu/src/npu_csa_reduce.sv:53$1874 ($and).
Removed top 3 bits (of 16) from port Y of cell tt_um_danieltyukov_int8_npu.$flatten\u_core.\u_array.\g_row[2].g_col[0].u_pe.\u_mul.\g_bw.g_wallace.u_tree.$and$/home/danieltyukov/workspace/personal/tt-ihp-int8-npu/src/npu_csa_reduce.sv:53$1874 ($and).
Removed top 5 bits (of 16) from port A of cell tt_um_danieltyukov_int8_npu.$flatten\u_core.\u_array.\g_row[2].g_col[0].u_pe.\u_mul.\g_bw.g_wallace.u_tree.$and$/home/danieltyukov/workspace/personal/tt-ihp-int8-npu/src/npu_csa_reduce.sv:53$1873 ($and).
Removed top 4 bits (of 16) from port B of cell tt_um_danieltyukov_int8_npu.$flatten\u_core.\u_array.\g_row[2].g_col[0].u_pe.\u_mul.\g_bw.g_wallace.u_tree.$and$/home/danieltyukov/workspace/personal/tt-ihp-int8-npu/src/npu_csa_reduce.sv:53$1873 ($and).
Removed top 4 bits (of 16) from port Y of cell tt_um_danieltyukov_int8_npu.$flatten\u_core.\u_array.\g_row[2].g_col[0].u_pe.\u_mul.\g_bw.g_wallace.u_tree.$and$/home/danieltyukov/workspace/personal/tt-ihp-int8-npu/src/npu_csa_reduce.sv:53$1873 ($and).
Removed top 3 bits (of 16) from port B of cell tt_um_danieltyukov_int8_npu.$flatten\u_core.\u_array.\g_row[2].g_col[0].u_pe.\u_mul.\g_bw.g_wallace.u_tree.$xor$/home/danieltyukov/workspace/personal/tt-ihp-int8-npu/src/npu_csa_reduce.sv:49$1872 ($xor).
Removed top 5 bits (of 16) from port A of cell tt_um_danieltyukov_int8_npu.$flatten\u_core.\u_array.\g_row[2].g_col[0].u_pe.\u_mul.\g_bw.g_wallace.u_tree.$xor$/home/danieltyukov/workspace/personal/tt-ihp-int8-npu/src/npu_csa_reduce.sv:49$1871 ($xor).
Removed top 4 bits (of 16) from port B of cell tt_um_danieltyukov_int8_npu.$flatten\u_core.\u_array.\g_row[2].g_col[0].u_pe.\u_mul.\g_bw.g_wallace.u_tree.$xor$/home/danieltyukov/workspace/personal/tt-ihp-int8-npu/src/npu_csa_reduce.sv:49$1871 ($xor).
Removed top 4 bits (of 16) from port Y of cell tt_um_danieltyukov_int8_npu.$flatten\u_core.\u_array.\g_row[2].g_col[0].u_pe.\u_mul.\g_bw.g_wallace.u_tree.$xor$/home/danieltyukov/workspace/personal/tt-ihp-int8-npu/src/npu_csa_reduce.sv:49$1871 ($xor).
Removed top 1 bits (of 16) from port Y of cell tt_um_danieltyukov_int8_npu.$flatten\u_core.\u_array.\g_row[2].g_col[0].u_pe.\u_mul.\g_bw.g_wallace.u_tree.$or$/home/danieltyukov/workspace/personal/tt-ihp-int8-npu/src/npu_csa_reduce.sv:53$1870 ($or).
Removed top 1 bits (of 16) from port A of cell tt_um_danieltyukov_int8_npu.$flatten\u_core.\u_array.\g_row[2].g_col[0].u_pe.\u_mul.\g_bw.g_wallace.u_tree.$or$/home/danieltyukov/workspace/personal/tt-ihp-int8-npu/src/npu_csa_reduce.sv:53$1870 ($or).
Removed top 1 bits (of 16) from port B of cell tt_um_danieltyukov_int8_npu.$flatten\u_core.\u_array.\g_row[2].g_col[0].u_pe.\u_mul.\g_bw.g_wallace.u_tree.$or$/home/danieltyukov/workspace/personal/tt-ihp-int8-npu/src/npu_csa_reduce.sv:53$1870 ($or).
Removed top 7 bits (of 16) from port A of cell tt_um_danieltyukov_int8_npu.$flatten\u_core.\u_array.\g_row[2].g_col[0].u_pe.\u_mul.\g_bw.g_wallace.u_tree.$and$/home/danieltyukov/workspace/personal/tt-ihp-int8-npu/src/npu_csa_reduce.sv:53$1869 ($and).
Removed top 6 bits (of 16) from port B of cell tt_um_danieltyukov_int8_npu.$flatten\u_core.\u_array.\g_row[2].g_col[0].u_pe.\u_mul.\g_bw.g_wallace.u_tree.$and$/home/danieltyukov/workspace/personal/tt-ihp-int8-npu/src/npu_csa_reduce.sv:53$1869 ($and).
Removed top 6 bits (of 16) from port Y of cell tt_um_danieltyukov_int8_npu.$flatten\u_core.\u_array.\g_row[2].g_col[0].u_pe.\u_mul.\g_bw.g_wallace.u_tree.$and$/home/danieltyukov/workspace/personal/tt-ihp-int8-npu/src/npu_csa_reduce.sv:53$1869 ($and).
Removed top 1 bits (of 16) from port Y of cell tt_um_danieltyukov_int8_npu.$flatten\u_core.\u_array.\g_row[2].g_col[0].u_pe.\u_mul.\g_bw.g_wallace.u_tree.$or$/home/danieltyukov/workspace/personal/tt-ihp-int8-npu/src/npu_csa_reduce.sv:53$1868 ($or).
Removed top 1 bits (of 16) from port A of cell tt_um_danieltyukov_int8_npu.$flatten\u_core.\u_array.\g_row[2].g_col[0].u_pe.\u_mul.\g_bw.g_wallace.u_tree.$or$/home/danieltyukov/workspace/personal/tt-ihp-int8-npu/src/npu_csa_reduce.sv:53$1868 ($or).
Removed top 1 bits (of 16) from port B of cell tt_um_danieltyukov_int8_npu.$flatten\u_core.\u_array.\g_row[2].g_col[0].u_pe.\u_mul.\g_bw.g_wallace.u_tree.$or$/home/danieltyukov/workspace/personal/tt-ihp-int8-npu/src/npu_csa_reduce.sv:53$1868 ($or).
Removed top 8 bits (of 16) from port A of cell tt_um_danieltyukov_int8_npu.$flatten\u_core.\u_array.\g_row[2].g_col[0].u_pe.\u_mul.\g_bw.g_wallace.u_tree.$and$/home/danieltyukov/workspace/personal/tt-ihp-int8-npu/src/npu_csa_reduce.sv:53$1867 ($and).
Removed top 6 bits (of 16) from port B of cell tt_um_danieltyukov_int8_npu.$flatten\u_core.\u_array.\g_row[2].g_col[0].u_pe.\u_mul.\g_bw.g_wallace.u_tree.$and$/home/danieltyukov/workspace/personal/tt-ihp-int8-npu/src/npu_csa_reduce.sv:53$1867 ($and).
Removed top 6 bits (of 16) from port Y of cell tt_um_danieltyukov_int8_npu.$flatten\u_core.\u_array.\g_row[2].g_col[0].u_pe.\u_mul.\g_bw.g_wallace.u_tree.$and$/home/danieltyukov/workspace/personal/tt-ihp-int8-npu/src/npu_csa_reduce.sv:53$1867 ($and).
Removed top 8 bits (of 16) from port A of cell tt_um_danieltyukov_int8_npu.$flatten\u_core.\u_array.\g_row[2].g_col[0].u_pe.\u_mul.\g_bw.g_wallace.u_tree.$and$/home/danieltyukov/workspace/personal/tt-ihp-int8-npu/src/npu_csa_reduce.sv:53$1866 ($and).
Removed top 7 bits (of 16) from port B of cell tt_um_danieltyukov_int8_npu.$flatten\u_core.\u_array.\g_row[2].g_col[0].u_pe.\u_mul.\g_bw.g_wallace.u_tree.$and$/home/danieltyukov/workspace/personal/tt-ihp-int8-npu/src/npu_csa_reduce.sv:53$1866 ($and).
Removed top 7 bits (of 16) from port Y of cell tt_um_danieltyukov_int8_npu.$flatten\u_core.\u_array.\g_row[2].g_col[0].u_pe.\u_mul.\g_bw.g_wallace.u_tree.$and$/home/danieltyukov/workspace/personal/tt-ihp-int8-npu/src/npu_csa_reduce.sv:53$1866 ($and).
Removed top 7 bits (of 16) from port A of cell tt_um_danieltyukov_int8_npu.$flatten\u_core.\u_array.\g_row[2].g_col[0].u_pe.\u_mul.\g_bw.g_wallace.u_tree.$xor$/home/danieltyukov/workspace/personal/tt-ihp-int8-npu/src/npu_csa_reduce.sv:49$1865 ($xor).
Removed top 6 bits (of 16) from port B of cell tt_um_danieltyukov_int8_npu.$flatten\u_core.\u_array.\g_row[2].g_col[0].u_pe.\u_mul.\g_bw.g_wallace.u_tree.$xor$/home/danieltyukov/workspace/personal/tt-ihp-int8-npu/src/npu_csa_reduce.sv:49$1865 ($xor).
Removed top 6 bits (of 16) from port Y of cell tt_um_danieltyukov_int8_npu.$flatten\u_core.\u_array.\g_row[2].g_col[0].u_pe.\u_mul.\g_bw.g_wallace.u_tree.$xor$/home/danieltyukov/workspace/personal/tt-ihp-int8-npu/src/npu_csa_reduce.sv:49$1865 ($xor).
Removed top 1 bits (of 19) from port Y of cell tt_um_danieltyukov_int8_npu.$flatten\u_core.\u_array.\g_row[2].g_col[1].u_pe.\u_add.$and$/home/danieltyukov/workspace/personal/tt-ihp-int8-npu/src/npu_adder.sv:60$1731 ($and).
Removed top 1 bits (of 19) from port A of cell tt_um_danieltyukov_int8_npu.$flatten\u_core.\u_array.\g_row[2].g_col[1].u_pe.\u_add.$and$/home/danieltyukov/workspace/personal/tt-ihp-int8-npu/src/npu_adder.sv:60$1731 ($and).
Removed top 1 bits (of 19) from port B of cell tt_um_danieltyukov_int8_npu.$flatten\u_core.\u_array.\g_row[2].g_col[1].u_pe.\u_add.$and$/home/danieltyukov/workspace/personal/tt-ihp-int8-npu/src/npu_adder.sv:60$1731 ($and).
Removed top 8 bits (of 16) from port A of cell tt_um_danieltyukov_int8_npu.$flatten\u_core.\u_array.\g_row[2].g_col[1].u_pe.\u_mul.\g_bw.g_wallace.u_tree.$xor$/home/danieltyukov/workspace/personal/tt-ihp-int8-npu/src/npu_csa_reduce.sv:49$1864 ($xor).
Removed top 7 bits (of 16) from port B of cell tt_um_danieltyukov_int8_npu.$flatten\u_core.\u_array.\g_row[2].g_col[1].u_pe.\u_mul.\g_bw.g_wallace.u_tree.$xor$/home/danieltyukov/workspace/personal/tt-ihp-int8-npu/src/npu_csa_reduce.sv:49$1864 ($xor).
Removed top 7 bits (of 16) from port Y of cell tt_um_danieltyukov_int8_npu.$flatten\u_core.\u_array.\g_row[2].g_col[1].u_pe.\u_mul.\g_bw.g_wallace.u_tree.$xor$/home/danieltyukov/workspace/personal/tt-ihp-int8-npu/src/npu_csa_reduce.sv:49$1864 ($xor).
Removed top 1 bits (of 16) from port Y of cell tt_um_danieltyukov_int8_npu.$flatten\u_core.\u_array.\g_row[2].g_col[1].u_pe.\u_mul.\u_cpa.$and$/home/danieltyukov/workspace/personal/tt-ihp-int8-npu/src/npu_adder.sv:60$1887 ($and).
Removed top 1 bits (of 16) from port A of cell tt_um_danieltyukov_int8_npu.$flatten\u_core.\u_array.\g_row[2].g_col[1].u_pe.\u_mul.\u_cpa.$and$/home/danieltyukov/workspace/personal/tt-ihp-int8-npu/src/npu_adder.sv:60$1887 ($and).
Removed top 1 bits (of 16) from port B of cell tt_um_danieltyukov_int8_npu.$flatten\u_core.\u_array.\g_row[2].g_col[1].u_pe.\u_mul.\u_cpa.$and$/home/danieltyukov/workspace/personal/tt-ihp-int8-npu/src/npu_adder.sv:60$1887 ($and).
Removed top 1 bits (of 16) from port Y of cell tt_um_danieltyukov_int8_npu.$flatten\u_core.\u_array.\g_row[2].g_col[1].u_pe.\u_mul.\g_bw.g_wallace.u_tree.\genblk1.g_reduce.u_next.$or$/home/danieltyukov/workspace/personal/tt-ihp-int8-npu/src/npu_csa_reduce.sv:53$1996 ($or).
Removed top 1 bits (of 16) from port A of cell tt_um_danieltyukov_int8_npu.$flatten\u_core.\u_array.\g_row[2].g_col[1].u_pe.\u_mul.\g_bw.g_wallace.u_tree.\genblk1.g_reduce.u_next.$or$/home/danieltyukov/workspace/personal/tt-ihp-int8-npu/src/npu_csa_reduce.sv:53$1996 ($or).
Removed top 1 bits (of 16) from port B of cell tt_um_danieltyukov_int8_npu.$flatten\u_core.\u_array.\g_row[2].g_col[1].u_pe.\u_mul.\g_bw.g_wallace.u_tree.\genblk1.g_reduce.u_next.$or$/home/danieltyukov/workspace/personal/tt-ihp-int8-npu/src/npu_csa_reduce.sv:53$1996 ($or).
Removed top 1 bits (of 16) from port Y of cell tt_um_danieltyukov_int8_npu.$flatten\u_core.\u_array.\g_row[2].g_col[1].u_pe.\u_mul.\g_bw.g_wallace.u_tree.\genblk1.g_reduce.u_next.$or$/home/danieltyukov/workspace/personal/tt-ihp-int8-npu/src/npu_csa_reduce.sv:53$2003 ($or).
Removed top 1 bits (of 16) from port A of cell tt_um_danieltyukov_int8_npu.$flatten\u_core.\u_array.\g_row[2].g_col[1].u_pe.\u_mul.\g_bw.g_wallace.u_tree.\genblk1.g_reduce.u_next.$or$/home/danieltyukov/workspace/personal/tt-ihp-int8-npu/src/npu_csa_reduce.sv:53$2003 ($or).
Removed top 1 bits (of 16) from port B of cell tt_um_danieltyukov_int8_npu.$flatten\u_core.\u_array.\g_row[2].g_col[1].u_pe.\u_mul.\g_bw.g_wallace.u_tree.\genblk1.g_reduce.u_next.$or$/home/danieltyukov/workspace/personal/tt-ihp-int8-npu/src/npu_csa_reduce.sv:53$2003 ($or).
Removed top 1 bits (of 16) from port Y of cell tt_um_danieltyukov_int8_npu.$flatten\u_core.\u_array.\g_row[2].g_col[1].u_pe.\u_mul.\g_bw.g_wallace.u_tree.\genblk1.g_reduce.u_next.\genblk1.g_reduce.u_next.\genblk1.g_reduce.u_next.$or$/home/danieltyukov/workspace/personal/tt-ihp-int8-npu/src/npu_csa_reduce.sv:53$1862 ($or).
Removed top 1 bits (of 16) from port A of cell tt_um_danieltyukov_int8_npu.$flatten\u_core.\u_array.\g_row[2].g_col[1].u_pe.\u_mul.\g_bw.g_wallace.u_tree.\genblk1.g_reduce.u_next.\genblk1.g_reduce.u_next.\genblk1.g_reduce.u_next.$or$/home/danieltyukov/workspace/personal/tt-ihp-int8-npu/src/npu_csa_reduce.sv:53$1862 ($or).
Removed top 1 bits (of 16) from port B of cell tt_um_danieltyukov_int8_npu.$flatten\u_core.\u_array.\g_row[2].g_col[1].u_pe.\u_mul.\g_bw.g_wallace.u_tree.\genblk1.g_reduce.u_next.\genblk1.g_reduce.u_next.\genblk1.g_reduce.u_next.$or$/home/danieltyukov/workspace/personal/tt-ihp-int8-npu/src/npu_csa_reduce.sv:53$1862 ($or).
Removed top 1 bits (of 16) from port Y of cell tt_um_danieltyukov_int8_npu.$flatten\u_core.\u_array.\g_row[2].g_col[1].u_pe.\u_mul.\g_bw.g_wallace.u_tree.\genblk1.g_reduce.u_next.\genblk1.g_reduce.u_next.$or$/home/danieltyukov/workspace/personal/tt-ihp-int8-npu/src/npu_csa_reduce.sv:53$2011 ($or).
Removed top 1 bits (of 16) from port A of cell tt_um_danieltyukov_int8_npu.$flatten\u_core.\u_array.\g_row[2].g_col[1].u_pe.\u_mul.\g_bw.g_wallace.u_tree.\genblk1.g_reduce.u_next.\genblk1.g_reduce.u_next.$or$/home/danieltyukov/workspace/personal/tt-ihp-int8-npu/src/npu_csa_reduce.sv:53$2011 ($or).
Removed top 1 bits (of 16) from port B of cell tt_um_danieltyukov_int8_npu.$flatten\u_core.\u_array.\g_row[2].g_col[1].u_pe.\u_mul.\g_bw.g_wallace.u_tree.\genblk1.g_reduce.u_next.\genblk1.g_reduce.u_next.$or$/home/danieltyukov/workspace/personal/tt-ihp-int8-npu/src/npu_csa_reduce.sv:53$2011 ($or).
Removed top 1 bits (of 16) from port Y of cell tt_um_danieltyukov_int8_npu.$flatten\u_core.\u_array.\g_row[2].g_col[1].u_pe.\u_mul.\g_bw.g_wallace.u_tree.\genblk1.g_reduce.u_next.\genblk1.g_reduce.u_next.$and$/home/danieltyukov/workspace/personal/tt-ihp-int8-npu/src/npu_csa_reduce.sv:53$2010 ($and).
Removed top 1 bits (of 16) from port A of cell tt_um_danieltyukov_int8_npu.$flatten\u_core.\u_array.\g_row[2].g_col[1].u_pe.\u_mul.\g_bw.g_wallace.u_tree.\genblk1.g_reduce.u_next.\genblk1.g_reduce.u_next.$and$/home/danieltyukov/workspace/personal/tt-ihp-int8-npu/src/npu_csa_reduce.sv:53$2010 ($and).
Removed top 1 bits (of 16) from port B of cell tt_um_danieltyukov_int8_npu.$flatten\u_core.\u_array.\g_row[2].g_col[1].u_pe.\u_mul.\g_bw.g_wallace.u_tree.\genblk1.g_reduce.u_next.\genblk1.g_reduce.u_next.$and$/home/danieltyukov/workspace/personal/tt-ihp-int8-npu/src/npu_csa_reduce.sv:53$2010 ($and).
Removed top 1 bits (of 16) from port Y of cell tt_um_danieltyukov_int8_npu.$flatten\u_core.\u_array.\g_row[2].g_col[1].u_pe.\u_mul.\g_bw.g_wallace.u_tree.\genblk1.g_reduce.u_next.\genblk1.g_reduce.u_next.$or$/home/danieltyukov/workspace/personal/tt-ihp-int8-npu/src/npu_csa_reduce.sv:53$2009 ($or).
Removed top 1 bits (of 16) from port A of cell tt_um_danieltyukov_int8_npu.$flatten\u_core.\u_array.\g_row[2].g_col[1].u_pe.\u_mul.\g_bw.g_wallace.u_tree.\genblk1.g_reduce.u_next.\genblk1.g_reduce.u_next.$or$/home/danieltyukov/workspace/personal/tt-ihp-int8-npu/src/npu_csa_reduce.sv:53$2009 ($or).
Removed top 1 bits (of 16) from port B of cell tt_um_danieltyukov_int8_npu.$flatten\u_core.\u_array.\g_row[2].g_col[1].u_pe.\u_mul.\g_bw.g_wallace.u_tree.\genblk1.g_reduce.u_next.\genblk1.g_reduce.u_next.$or$/home/danieltyukov/workspace/personal/tt-ihp-int8-npu/src/npu_csa_reduce.sv:53$2009 ($or).
Removed top 1 bits (of 16) from port Y of cell tt_um_danieltyukov_int8_npu.$flatten\u_core.\u_array.\g_row[2].g_col[1].u_pe.\u_mul.\g_bw.g_wallace.u_tree.\genblk1.g_reduce.u_next.\genblk1.g_reduce.u_next.$and$/home/danieltyukov/workspace/personal/tt-ihp-int8-npu/src/npu_csa_reduce.sv:53$2008 ($and).
Removed top 1 bits (of 16) from port A of cell tt_um_danieltyukov_int8_npu.$flatten\u_core.\u_array.\g_row[2].g_col[1].u_pe.\u_mul.\g_bw.g_wallace.u_tree.\genblk1.g_reduce.u_next.\genblk1.g_reduce.u_next.$and$/home/danieltyukov/workspace/personal/tt-ihp-int8-npu/src/npu_csa_reduce.sv:53$2008 ($and).
Removed top 1 bits (of 16) from port B of cell tt_um_danieltyukov_int8_npu.$flatten\u_core.\u_array.\g_row[2].g_col[1].u_pe.\u_mul.\g_bw.g_wallace.u_tree.\genblk1.g_reduce.u_next.\genblk1.g_reduce.u_next.$and$/home/danieltyukov/workspace/personal/tt-ihp-int8-npu/src/npu_csa_reduce.sv:53$2008 ($and).
Removed top 1 bits (of 16) from port Y of cell tt_um_danieltyukov_int8_npu.$flatten\u_core.\u_array.\g_row[2].g_col[1].u_pe.\u_mul.\g_bw.g_wallace.u_tree.\genblk1.g_reduce.u_next.\genblk1.g_reduce.u_next.$and$/home/danieltyukov/workspace/personal/tt-ihp-int8-npu/src/npu_csa_reduce.sv:53$2007 ($and).
Removed top 1 bits (of 16) from port A of cell tt_um_danieltyukov_int8_npu.$flatten\u_core.\u_array.\g_row[2].g_col[1].u_pe.\u_mul.\g_bw.g_wallace.u_tree.\genblk1.g_reduce.u_next.\genblk1.g_reduce.u_next.$and$/home/danieltyukov/workspace/personal/tt-ihp-int8-npu/src/npu_csa_reduce.sv:53$2007 ($and).
Removed top 1 bits (of 16) from port B of cell tt_um_danieltyukov_int8_npu.$flatten\u_core.\u_array.\g_row[2].g_col[1].u_pe.\u_mul.\g_bw.g_wallace.u_tree.\genblk1.g_reduce.u_next.\genblk1.g_reduce.u_next.$and$/home/danieltyukov/workspace/personal/tt-ihp-int8-npu/src/npu_csa_reduce.sv:53$2007 ($and).
Removed top 7 bits (of 16) from port B of cell tt_um_danieltyukov_int8_npu.$flatten\u_core.\u_array.\g_row[2].g_col[1].u_pe.\u_mul.\g_bw.g_wallace.u_tree.$or$/home/danieltyukov/workspace/personal/tt-ihp-int8-npu/src/npu_csa_reduce.sv:53$1884 ($or).
Removed top 1 bits (of 16) from port Y of cell tt_um_danieltyukov_int8_npu.$flatten\u_core.\u_array.\g_row[2].g_col[1].u_pe.\u_mul.\g_bw.g_wallace.u_tree.$or$/home/danieltyukov/workspace/personal/tt-ihp-int8-npu/src/npu_csa_reduce.sv:53$1884 ($or).
Removed top 1 bits (of 16) from port A of cell tt_um_danieltyukov_int8_npu.$flatten\u_core.\u_array.\g_row[2].g_col[1].u_pe.\u_mul.\g_bw.g_wallace.u_tree.$or$/home/danieltyukov/workspace/personal/tt-ihp-int8-npu/src/npu_csa_reduce.sv:53$1884 ($or).
Removed top 7 bits (of 16) from port B of cell tt_um_danieltyukov_int8_npu.$flatten\u_core.\u_array.\g_row[2].g_col[1].u_pe.\u_mul.\g_bw.g_wallace.u_tree.$or$/home/danieltyukov/workspace/personal/tt-ihp-int8-npu/src/npu_csa_reduce.sv:53$1882 ($or).
Removed top 1 bits (of 16) from port Y of cell tt_um_danieltyukov_int8_npu.$flatten\u_core.\u_array.\g_row[2].g_col[1].u_pe.\u_mul.\g_bw.g_wallace.u_tree.$or$/home/danieltyukov/workspace/personal/tt-ihp-int8-npu/src/npu_csa_reduce.sv:53$1882 ($or).
Removed top 1 bits (of 16) from port A of cell tt_um_danieltyukov_int8_npu.$flatten\u_core.\u_array.\g_row[2].g_col[1].u_pe.\u_mul.\g_bw.g_wallace.u_tree.$or$/home/danieltyukov/workspace/personal/tt-ihp-int8-npu/src/npu_csa_reduce.sv:53$1882 ($or).
Removed top 2 bits (of 16) from port A of cell tt_um_danieltyukov_int8_npu.$flatten\u_core.\u_array.\g_row[2].g_col[1].u_pe.\u_mul.\g_bw.g_wallace.u_tree.$and$/home/danieltyukov/workspace/personal/tt-ihp-int8-npu/src/npu_csa_reduce.sv:53$1880 ($and).
Removed top 1 bits (of 16) from port B of cell tt_um_danieltyukov_int8_npu.$flatten\u_core.\u_array.\g_row[2].g_col[1].u_pe.\u_mul.\g_bw.g_wallace.u_tree.$and$/home/danieltyukov/workspace/personal/tt-ihp-int8-npu/src/npu_csa_reduce.sv:53$1880 ($and).
Removed top 1 bits (of 16) from port Y of cell tt_um_danieltyukov_int8_npu.$flatten\u_core.\u_array.\g_row[2].g_col[1].u_pe.\u_mul.\g_bw.g_wallace.u_tree.$and$/home/danieltyukov/workspace/personal/tt-ihp-int8-npu/src/npu_csa_reduce.sv:53$1880 ($and).
Removed top 2 bits (of 16) from port A of cell tt_um_danieltyukov_int8_npu.$flatten\u_core.\u_array.\g_row[2].g_col[1].u_pe.\u_mul.\g_bw.g_wallace.u_tree.$xor$/home/danieltyukov/workspace/personal/tt-ihp-int8-npu/src/npu_csa_reduce.sv:49$1878 ($xor).
Removed top 1 bits (of 16) from port B of cell tt_um_danieltyukov_int8_npu.$flatten\u_core.\u_array.\g_row[2].g_col[1].u_pe.\u_mul.\g_bw.g_wallace.u_tree.$xor$/home/danieltyukov/workspace/personal/tt-ihp-int8-npu/src/npu_csa_reduce.sv:49$1878 ($xor).
Removed top 1 bits (of 16) from port Y of cell tt_um_danieltyukov_int8_npu.$flatten\u_core.\u_array.\g_row[2].g_col[1].u_pe.\u_mul.\g_bw.g_wallace.u_tree.$xor$/home/danieltyukov/workspace/personal/tt-ihp-int8-npu/src/npu_csa_reduce.sv:49$1878 ($xor).
Removed top 1 bits (of 16) from port Y of cell tt_um_danieltyukov_int8_npu.$flatten\u_core.\u_array.\g_row[2].g_col[1].u_pe.\u_mul.\g_bw.g_wallace.u_tree.$or$/home/danieltyukov/workspace/personal/tt-ihp-int8-npu/src/npu_csa_reduce.sv:53$1877 ($or).
Removed top 1 bits (of 16) from port A of cell tt_um_danieltyukov_int8_npu.$flatten\u_core.\u_array.\g_row[2].g_col[1].u_pe.\u_mul.\g_bw.g_wallace.u_tree.$or$/home/danieltyukov/workspace/personal/tt-ihp-int8-npu/src/npu_csa_reduce.sv:53$1877 ($or).
Removed top 1 bits (of 16) from port B of cell tt_um_danieltyukov_int8_npu.$flatten\u_core.\u_array.\g_row[2].g_col[1].u_pe.\u_mul.\g_bw.g_wallace.u_tree.$or$/home/danieltyukov/workspace/personal/tt-ihp-int8-npu/src/npu_csa_reduce.sv:53$1877 ($or).
Removed top 4 bits (of 16) from port A of cell tt_um_danieltyukov_int8_npu.$flatten\u_core.\u_array.\g_row[2].g_col[1].u_pe.\u_mul.\g_bw.g_wallace.u_tree.$and$/home/danieltyukov/workspace/personal/tt-ihp-int8-npu/src/npu_csa_reduce.sv:53$1876 ($and).
Removed top 3 bits (of 16) from port B of cell tt_um_danieltyukov_int8_npu.$flatten\u_core.\u_array.\g_row[2].g_col[1].u_pe.\u_mul.\g_bw.g_wallace.u_tree.$and$/home/danieltyukov/workspace/personal/tt-ihp-int8-npu/src/npu_csa_reduce.sv:53$1876 ($and).
Removed top 3 bits (of 16) from port Y of cell tt_um_danieltyukov_int8_npu.$flatten\u_core.\u_array.\g_row[2].g_col[1].u_pe.\u_mul.\g_bw.g_wallace.u_tree.$and$/home/danieltyukov/workspace/personal/tt-ihp-int8-npu/src/npu_csa_reduce.sv:53$1876 ($and).
Removed top 1 bits (of 16) from port Y of cell tt_um_danieltyukov_int8_npu.$flatten\u_core.\u_array.\g_row[2].g_col[1].u_pe.\u_mul.\g_bw.g_wallace.u_tree.$or$/home/danieltyukov/workspace/personal/tt-ihp-int8-npu/src/npu_csa_reduce.sv:53$1875 ($or).
Removed top 1 bits (of 16) from port A of cell tt_um_danieltyukov_int8_npu.$flatten\u_core.\u_array.\g_row[2].g_col[1].u_pe.\u_mul.\g_bw.g_wallace.u_tree.$or$/home/danieltyukov/workspace/personal/tt-ihp-int8-npu/src/npu_csa_reduce.sv:53$1875 ($or).
Removed top 1 bits (of 16) from port B of cell tt_um_danieltyukov_int8_npu.$flatten\u_core.\u_array.\g_row[2].g_col[1].u_pe.\u_mul.\g_bw.g_wallace.u_tree.$or$/home/danieltyukov/workspace/personal/tt-ihp-int8-npu/src/npu_csa_reduce.sv:53$1875 ($or).
Removed top 5 bits (of 16) from port A of cell tt_um_danieltyukov_int8_npu.$flatten\u_core.\u_array.\g_row[2].g_col[1].u_pe.\u_mul.\g_bw.g_wallace.u_tree.$and$/home/danieltyukov/workspace/personal/tt-ihp-int8-npu/src/npu_csa_reduce.sv:53$1874 ($and).
Removed top 3 bits (of 16) from port B of cell tt_um_danieltyukov_int8_npu.$flatten\u_core.\u_array.\g_row[2].g_col[1].u_pe.\u_mul.\g_bw.g_wallace.u_tree.$and$/home/danieltyukov/workspace/personal/tt-ihp-int8-npu/src/npu_csa_reduce.sv:53$1874 ($and).
Removed top 3 bits (of 16) from port Y of cell tt_um_danieltyukov_int8_npu.$flatten\u_core.\u_array.\g_row[2].g_col[1].u_pe.\u_mul.\g_bw.g_wallace.u_tree.$and$/home/danieltyukov/workspace/personal/tt-ihp-int8-npu/src/npu_csa_reduce.sv:53$1874 ($and).
Removed top 5 bits (of 16) from port A of cell tt_um_danieltyukov_int8_npu.$flatten\u_core.\u_array.\g_row[2].g_col[1].u_pe.\u_mul.\g_bw.g_wallace.u_tree.$and$/home/danieltyukov/workspace/personal/tt-ihp-int8-npu/src/npu_csa_reduce.sv:53$1873 ($and).
Removed top 4 bits (of 16) from port B of cell tt_um_danieltyukov_int8_npu.$flatten\u_core.\u_array.\g_row[2].g_col[1].u_pe.\u_mul.\g_bw.g_wallace.u_tree.$and$/home/danieltyukov/workspace/personal/tt-ihp-int8-npu/src/npu_csa_reduce.sv:53$1873 ($and).
Removed top 4 bits (of 16) from port Y of cell tt_um_danieltyukov_int8_npu.$flatten\u_core.\u_array.\g_row[2].g_col[1].u_pe.\u_mul.\g_bw.g_wallace.u_tree.$and$/home/danieltyukov/workspace/personal/tt-ihp-int8-npu/src/npu_csa_reduce.sv:53$1873 ($and).
Removed top 3 bits (of 16) from port B of cell tt_um_danieltyukov_int8_npu.$flatten\u_core.\u_array.\g_row[2].g_col[1].u_pe.\u_mul.\g_bw.g_wallace.u_tree.$xor$/home/danieltyukov/workspace/personal/tt-ihp-int8-npu/src/npu_csa_reduce.sv:49$1872 ($xor).
Removed top 5 bits (of 16) from port A of cell tt_um_danieltyukov_int8_npu.$flatten\u_core.\u_array.\g_row[2].g_col[1].u_pe.\u_mul.\g_bw.g_wallace.u_tree.$xor$/home/danieltyukov/workspace/personal/tt-ihp-int8-npu/src/npu_csa_reduce.sv:49$1871 ($xor).
Removed top 4 bits (of 16) from port B of cell tt_um_danieltyukov_int8_npu.$flatten\u_core.\u_array.\g_row[2].g_col[1].u_pe.\u_mul.\g_bw.g_wallace.u_tree.$xor$/home/danieltyukov/workspace/personal/tt-ihp-int8-npu/src/npu_csa_reduce.sv:49$1871 ($xor).
Removed top 4 bits (of 16) from port Y of cell tt_um_danieltyukov_int8_npu.$flatten\u_core.\u_array.\g_row[2].g_col[1].u_pe.\u_mul.\g_bw.g_wallace.u_tree.$xor$/home/danieltyukov/workspace/personal/tt-ihp-int8-npu/src/npu_csa_reduce.sv:49$1871 ($xor).
Removed top 1 bits (of 16) from port Y of cell tt_um_danieltyukov_int8_npu.$flatten\u_core.\u_array.\g_row[2].g_col[1].u_pe.\u_mul.\g_bw.g_wallace.u_tree.$or$/home/danieltyukov/workspace/personal/tt-ihp-int8-npu/src/npu_csa_reduce.sv:53$1870 ($or).
Removed top 1 bits (of 16) from port A of cell tt_um_danieltyukov_int8_npu.$flatten\u_core.\u_array.\g_row[2].g_col[1].u_pe.\u_mul.\g_bw.g_wallace.u_tree.$or$/home/danieltyukov/workspace/personal/tt-ihp-int8-npu/src/npu_csa_reduce.sv:53$1870 ($or).
Removed top 1 bits (of 16) from port B of cell tt_um_danieltyukov_int8_npu.$flatten\u_core.\u_array.\g_row[2].g_col[1].u_pe.\u_mul.\g_bw.g_wallace.u_tree.$or$/home/danieltyukov/workspace/personal/tt-ihp-int8-npu/src/npu_csa_reduce.sv:53$1870 ($or).
Removed top 7 bits (of 16) from port A of cell tt_um_danieltyukov_int8_npu.$flatten\u_core.\u_array.\g_row[2].g_col[1].u_pe.\u_mul.\g_bw.g_wallace.u_tree.$and$/home/danieltyukov/workspace/personal/tt-ihp-int8-npu/src/npu_csa_reduce.sv:53$1869 ($and).
Removed top 6 bits (of 16) from port B of cell tt_um_danieltyukov_int8_npu.$flatten\u_core.\u_array.\g_row[2].g_col[1].u_pe.\u_mul.\g_bw.g_wallace.u_tree.$and$/home/danieltyukov/workspace/personal/tt-ihp-int8-npu/src/npu_csa_reduce.sv:53$1869 ($and).
Removed top 6 bits (of 16) from port Y of cell tt_um_danieltyukov_int8_npu.$flatten\u_core.\u_array.\g_row[2].g_col[1].u_pe.\u_mul.\g_bw.g_wallace.u_tree.$and$/home/danieltyukov/workspace/personal/tt-ihp-int8-npu/src/npu_csa_reduce.sv:53$1869 ($and).
Removed top 1 bits (of 16) from port Y of cell tt_um_danieltyukov_int8_npu.$flatten\u_core.\u_array.\g_row[2].g_col[1].u_pe.\u_mul.\g_bw.g_wallace.u_tree.$or$/home/danieltyukov/workspace/personal/tt-ihp-int8-npu/src/npu_csa_reduce.sv:53$1868 ($or).
Removed top 1 bits (of 16) from port A of cell tt_um_danieltyukov_int8_npu.$flatten\u_core.\u_array.\g_row[2].g_col[1].u_pe.\u_mul.\g_bw.g_wallace.u_tree.$or$/home/danieltyukov/workspace/personal/tt-ihp-int8-npu/src/npu_csa_reduce.sv:53$1868 ($or).
Removed top 1 bits (of 16) from port B of cell tt_um_danieltyukov_int8_npu.$flatten\u_core.\u_array.\g_row[2].g_col[1].u_pe.\u_mul.\g_bw.g_wallace.u_tree.$or$/home/danieltyukov/workspace/personal/tt-ihp-int8-npu/src/npu_csa_reduce.sv:53$1868 ($or).
Removed top 8 bits (of 16) from port A of cell tt_um_danieltyukov_int8_npu.$flatten\u_core.\u_array.\g_row[2].g_col[1].u_pe.\u_mul.\g_bw.g_wallace.u_tree.$and$/home/danieltyukov/workspace/personal/tt-ihp-int8-npu/src/npu_csa_reduce.sv:53$1867 ($and).
Removed top 6 bits (of 16) from port B of cell tt_um_danieltyukov_int8_npu.$flatten\u_core.\u_array.\g_row[2].g_col[1].u_pe.\u_mul.\g_bw.g_wallace.u_tree.$and$/home/danieltyukov/workspace/personal/tt-ihp-int8-npu/src/npu_csa_reduce.sv:53$1867 ($and).
Removed top 6 bits (of 16) from port Y of cell tt_um_danieltyukov_int8_npu.$flatten\u_core.\u_array.\g_row[2].g_col[1].u_pe.\u_mul.\g_bw.g_wallace.u_tree.$and$/home/danieltyukov/workspace/personal/tt-ihp-int8-npu/src/npu_csa_reduce.sv:53$1867 ($and).
Removed top 8 bits (of 16) from port A of cell tt_um_danieltyukov_int8_npu.$flatten\u_core.\u_array.\g_row[2].g_col[1].u_pe.\u_mul.\g_bw.g_wallace.u_tree.$and$/home/danieltyukov/workspace/personal/tt-ihp-int8-npu/src/npu_csa_reduce.sv:53$1866 ($and).
Removed top 7 bits (of 16) from port B of cell tt_um_danieltyukov_int8_npu.$flatten\u_core.\u_array.\g_row[2].g_col[1].u_pe.\u_mul.\g_bw.g_wallace.u_tree.$and$/home/danieltyukov/workspace/personal/tt-ihp-int8-npu/src/npu_csa_reduce.sv:53$1866 ($and).
Removed top 7 bits (of 16) from port Y of cell tt_um_danieltyukov_int8_npu.$flatten\u_core.\u_array.\g_row[2].g_col[1].u_pe.\u_mul.\g_bw.g_wallace.u_tree.$and$/home/danieltyukov/workspace/personal/tt-ihp-int8-npu/src/npu_csa_reduce.sv:53$1866 ($and).
Removed top 7 bits (of 16) from port A of cell tt_um_danieltyukov_int8_npu.$flatten\u_core.\u_array.\g_row[2].g_col[1].u_pe.\u_mul.\g_bw.g_wallace.u_tree.$xor$/home/danieltyukov/workspace/personal/tt-ihp-int8-npu/src/npu_csa_reduce.sv:49$1865 ($xor).
Removed top 6 bits (of 16) from port B of cell tt_um_danieltyukov_int8_npu.$flatten\u_core.\u_array.\g_row[2].g_col[1].u_pe.\u_mul.\g_bw.g_wallace.u_tree.$xor$/home/danieltyukov/workspace/personal/tt-ihp-int8-npu/src/npu_csa_reduce.sv:49$1865 ($xor).
Removed top 6 bits (of 16) from port Y of cell tt_um_danieltyukov_int8_npu.$flatten\u_core.\u_array.\g_row[2].g_col[1].u_pe.\u_mul.\g_bw.g_wallace.u_tree.$xor$/home/danieltyukov/workspace/personal/tt-ihp-int8-npu/src/npu_csa_reduce.sv:49$1865 ($xor).
Removed top 1 bits (of 19) from port Y of cell tt_um_danieltyukov_int8_npu.$flatten\u_core.\u_array.\g_row[3].g_col[0].u_pe.\u_add.$and$/home/danieltyukov/workspace/personal/tt-ihp-int8-npu/src/npu_adder.sv:60$1731 ($and).
Removed top 1 bits (of 19) from port A of cell tt_um_danieltyukov_int8_npu.$flatten\u_core.\u_array.\g_row[3].g_col[0].u_pe.\u_add.$and$/home/danieltyukov/workspace/personal/tt-ihp-int8-npu/src/npu_adder.sv:60$1731 ($and).
Removed top 1 bits (of 19) from port B of cell tt_um_danieltyukov_int8_npu.$flatten\u_core.\u_array.\g_row[3].g_col[0].u_pe.\u_add.$and$/home/danieltyukov/workspace/personal/tt-ihp-int8-npu/src/npu_adder.sv:60$1731 ($and).
Removed top 8 bits (of 16) from port A of cell tt_um_danieltyukov_int8_npu.$flatten\u_core.\u_array.\g_row[3].g_col[0].u_pe.\u_mul.\g_bw.g_wallace.u_tree.$xor$/home/danieltyukov/workspace/personal/tt-ihp-int8-npu/src/npu_csa_reduce.sv:49$1864 ($xor).
Removed top 7 bits (of 16) from port B of cell tt_um_danieltyukov_int8_npu.$flatten\u_core.\u_array.\g_row[3].g_col[0].u_pe.\u_mul.\g_bw.g_wallace.u_tree.$xor$/home/danieltyukov/workspace/personal/tt-ihp-int8-npu/src/npu_csa_reduce.sv:49$1864 ($xor).
Removed top 7 bits (of 16) from port Y of cell tt_um_danieltyukov_int8_npu.$flatten\u_core.\u_array.\g_row[3].g_col[0].u_pe.\u_mul.\g_bw.g_wallace.u_tree.$xor$/home/danieltyukov/workspace/personal/tt-ihp-int8-npu/src/npu_csa_reduce.sv:49$1864 ($xor).
Removed top 1 bits (of 16) from port Y of cell tt_um_danieltyukov_int8_npu.$flatten\u_core.\u_array.\g_row[3].g_col[0].u_pe.\u_mul.\u_cpa.$and$/home/danieltyukov/workspace/personal/tt-ihp-int8-npu/src/npu_adder.sv:60$1887 ($and).
Removed top 1 bits (of 16) from port A of cell tt_um_danieltyukov_int8_npu.$flatten\u_core.\u_array.\g_row[3].g_col[0].u_pe.\u_mul.\u_cpa.$and$/home/danieltyukov/workspace/personal/tt-ihp-int8-npu/src/npu_adder.sv:60$1887 ($and).
Removed top 1 bits (of 16) from port B of cell tt_um_danieltyukov_int8_npu.$flatten\u_core.\u_array.\g_row[3].g_col[0].u_pe.\u_mul.\u_cpa.$and$/home/danieltyukov/workspace/personal/tt-ihp-int8-npu/src/npu_adder.sv:60$1887 ($and).
Removed top 1 bits (of 16) from port Y of cell tt_um_danieltyukov_int8_npu.$flatten\u_core.\u_array.\g_row[3].g_col[0].u_pe.\u_mul.\g_bw.g_wallace.u_tree.\genblk1.g_reduce.u_next.$or$/home/danieltyukov/workspace/personal/tt-ihp-int8-npu/src/npu_csa_reduce.sv:53$1996 ($or).
Removed top 1 bits (of 16) from port A of cell tt_um_danieltyukov_int8_npu.$flatten\u_core.\u_array.\g_row[3].g_col[0].u_pe.\u_mul.\g_bw.g_wallace.u_tree.\genblk1.g_reduce.u_next.$or$/home/danieltyukov/workspace/personal/tt-ihp-int8-npu/src/npu_csa_reduce.sv:53$1996 ($or).
Removed top 1 bits (of 16) from port B of cell tt_um_danieltyukov_int8_npu.$flatten\u_core.\u_array.\g_row[3].g_col[0].u_pe.\u_mul.\g_bw.g_wallace.u_tree.\genblk1.g_reduce.u_next.$or$/home/danieltyukov/workspace/personal/tt-ihp-int8-npu/src/npu_csa_reduce.sv:53$1996 ($or).
Removed top 1 bits (of 16) from port Y of cell tt_um_danieltyukov_int8_npu.$flatten\u_core.\u_array.\g_row[3].g_col[0].u_pe.\u_mul.\g_bw.g_wallace.u_tree.\genblk1.g_reduce.u_next.$or$/home/danieltyukov/workspace/personal/tt-ihp-int8-npu/src/npu_csa_reduce.sv:53$2003 ($or).
Removed top 1 bits (of 16) from port A of cell tt_um_danieltyukov_int8_npu.$flatten\u_core.\u_array.\g_row[3].g_col[0].u_pe.\u_mul.\g_bw.g_wallace.u_tree.\genblk1.g_reduce.u_next.$or$/home/danieltyukov/workspace/personal/tt-ihp-int8-npu/src/npu_csa_reduce.sv:53$2003 ($or).
Removed top 1 bits (of 16) from port B of cell tt_um_danieltyukov_int8_npu.$flatten\u_core.\u_array.\g_row[3].g_col[0].u_pe.\u_mul.\g_bw.g_wallace.u_tree.\genblk1.g_reduce.u_next.$or$/home/danieltyukov/workspace/personal/tt-ihp-int8-npu/src/npu_csa_reduce.sv:53$2003 ($or).
Removed top 1 bits (of 16) from port Y of cell tt_um_danieltyukov_int8_npu.$flatten\u_core.\u_array.\g_row[3].g_col[0].u_pe.\u_mul.\g_bw.g_wallace.u_tree.\genblk1.g_reduce.u_next.\genblk1.g_reduce.u_next.\genblk1.g_reduce.u_next.$or$/home/danieltyukov/workspace/personal/tt-ihp-int8-npu/src/npu_csa_reduce.sv:53$1862 ($or).
Removed top 1 bits (of 16) from port A of cell tt_um_danieltyukov_int8_npu.$flatten\u_core.\u_array.\g_row[3].g_col[0].u_pe.\u_mul.\g_bw.g_wallace.u_tree.\genblk1.g_reduce.u_next.\genblk1.g_reduce.u_next.\genblk1.g_reduce.u_next.$or$/home/danieltyukov/workspace/personal/tt-ihp-int8-npu/src/npu_csa_reduce.sv:53$1862 ($or).
Removed top 1 bits (of 16) from port B of cell tt_um_danieltyukov_int8_npu.$flatten\u_core.\u_array.\g_row[3].g_col[0].u_pe.\u_mul.\g_bw.g_wallace.u_tree.\genblk1.g_reduce.u_next.\genblk1.g_reduce.u_next.\genblk1.g_reduce.u_next.$or$/home/danieltyukov/workspace/personal/tt-ihp-int8-npu/src/npu_csa_reduce.sv:53$1862 ($or).
Removed top 1 bits (of 16) from port Y of cell tt_um_danieltyukov_int8_npu.$flatten\u_core.\u_array.\g_row[3].g_col[0].u_pe.\u_mul.\g_bw.g_wallace.u_tree.\genblk1.g_reduce.u_next.\genblk1.g_reduce.u_next.$or$/home/danieltyukov/workspace/personal/tt-ihp-int8-npu/src/npu_csa_reduce.sv:53$2011 ($or).
Removed top 1 bits (of 16) from port A of cell tt_um_danieltyukov_int8_npu.$flatten\u_core.\u_array.\g_row[3].g_col[0].u_pe.\u_mul.\g_bw.g_wallace.u_tree.\genblk1.g_reduce.u_next.\genblk1.g_reduce.u_next.$or$/home/danieltyukov/workspace/personal/tt-ihp-int8-npu/src/npu_csa_reduce.sv:53$2011 ($or).
Removed top 1 bits (of 16) from port B of cell tt_um_danieltyukov_int8_npu.$flatten\u_core.\u_array.\g_row[3].g_col[0].u_pe.\u_mul.\g_bw.g_wallace.u_tree.\genblk1.g_reduce.u_next.\genblk1.g_reduce.u_next.$or$/home/danieltyukov/workspace/personal/tt-ihp-int8-npu/src/npu_csa_reduce.sv:53$2011 ($or).
Removed top 1 bits (of 16) from port Y of cell tt_um_danieltyukov_int8_npu.$flatten\u_core.\u_array.\g_row[3].g_col[0].u_pe.\u_mul.\g_bw.g_wallace.u_tree.\genblk1.g_reduce.u_next.\genblk1.g_reduce.u_next.$and$/home/danieltyukov/workspace/personal/tt-ihp-int8-npu/src/npu_csa_reduce.sv:53$2010 ($and).
Removed top 1 bits (of 16) from port A of cell tt_um_danieltyukov_int8_npu.$flatten\u_core.\u_array.\g_row[3].g_col[0].u_pe.\u_mul.\g_bw.g_wallace.u_tree.\genblk1.g_reduce.u_next.\genblk1.g_reduce.u_next.$and$/home/danieltyukov/workspace/personal/tt-ihp-int8-npu/src/npu_csa_reduce.sv:53$2010 ($and).
Removed top 1 bits (of 16) from port B of cell tt_um_danieltyukov_int8_npu.$flatten\u_core.\u_array.\g_row[3].g_col[0].u_pe.\u_mul.\g_bw.g_wallace.u_tree.\genblk1.g_reduce.u_next.\genblk1.g_reduce.u_next.$and$/home/danieltyukov/workspace/personal/tt-ihp-int8-npu/src/npu_csa_reduce.sv:53$2010 ($and).
Removed top 1 bits (of 16) from port Y of cell tt_um_danieltyukov_int8_npu.$flatten\u_core.\u_array.\g_row[3].g_col[0].u_pe.\u_mul.\g_bw.g_wallace.u_tree.\genblk1.g_reduce.u_next.\genblk1.g_reduce.u_next.$or$/home/danieltyukov/workspace/personal/tt-ihp-int8-npu/src/npu_csa_reduce.sv:53$2009 ($or).
Removed top 1 bits (of 16) from port A of cell tt_um_danieltyukov_int8_npu.$flatten\u_core.\u_array.\g_row[3].g_col[0].u_pe.\u_mul.\g_bw.g_wallace.u_tree.\genblk1.g_reduce.u_next.\genblk1.g_reduce.u_next.$or$/home/danieltyukov/workspace/personal/tt-ihp-int8-npu/src/npu_csa_reduce.sv:53$2009 ($or).
Removed top 1 bits (of 16) from port B of cell tt_um_danieltyukov_int8_npu.$flatten\u_core.\u_array.\g_row[3].g_col[0].u_pe.\u_mul.\g_bw.g_wallace.u_tree.\genblk1.g_reduce.u_next.\genblk1.g_reduce.u_next.$or$/home/danieltyukov/workspace/personal/tt-ihp-int8-npu/src/npu_csa_reduce.sv:53$2009 ($or).
Removed top 1 bits (of 16) from port Y of cell tt_um_danieltyukov_int8_npu.$flatten\u_core.\u_array.\g_row[3].g_col[0].u_pe.\u_mul.\g_bw.g_wallace.u_tree.\genblk1.g_reduce.u_next.\genblk1.g_reduce.u_next.$and$/home/danieltyukov/workspace/personal/tt-ihp-int8-npu/src/npu_csa_reduce.sv:53$2008 ($and).
Removed top 1 bits (of 16) from port A of cell tt_um_danieltyukov_int8_npu.$flatten\u_core.\u_array.\g_row[3].g_col[0].u_pe.\u_mul.\g_bw.g_wallace.u_tree.\genblk1.g_reduce.u_next.\genblk1.g_reduce.u_next.$and$/home/danieltyukov/workspace/personal/tt-ihp-int8-npu/src/npu_csa_reduce.sv:53$2008 ($and).
Removed top 1 bits (of 16) from port B of cell tt_um_danieltyukov_int8_npu.$flatten\u_core.\u_array.\g_row[3].g_col[0].u_pe.\u_mul.\g_bw.g_wallace.u_tree.\genblk1.g_reduce.u_next.\genblk1.g_reduce.u_next.$and$/home/danieltyukov/workspace/personal/tt-ihp-int8-npu/src/npu_csa_reduce.sv:53$2008 ($and).
Removed top 1 bits (of 16) from port Y of cell tt_um_danieltyukov_int8_npu.$flatten\u_core.\u_array.\g_row[3].g_col[0].u_pe.\u_mul.\g_bw.g_wallace.u_tree.\genblk1.g_reduce.u_next.\genblk1.g_reduce.u_next.$and$/home/danieltyukov/workspace/personal/tt-ihp-int8-npu/src/npu_csa_reduce.sv:53$2007 ($and).
Removed top 1 bits (of 16) from port A of cell tt_um_danieltyukov_int8_npu.$flatten\u_core.\u_array.\g_row[3].g_col[0].u_pe.\u_mul.\g_bw.g_wallace.u_tree.\genblk1.g_reduce.u_next.\genblk1.g_reduce.u_next.$and$/home/danieltyukov/workspace/personal/tt-ihp-int8-npu/src/npu_csa_reduce.sv:53$2007 ($and).
Removed top 1 bits (of 16) from port B of cell tt_um_danieltyukov_int8_npu.$flatten\u_core.\u_array.\g_row[3].g_col[0].u_pe.\u_mul.\g_bw.g_wallace.u_tree.\genblk1.g_reduce.u_next.\genblk1.g_reduce.u_next.$and$/home/danieltyukov/workspace/personal/tt-ihp-int8-npu/src/npu_csa_reduce.sv:53$2007 ($and).
Removed top 7 bits (of 16) from port B of cell tt_um_danieltyukov_int8_npu.$flatten\u_core.\u_array.\g_row[3].g_col[0].u_pe.\u_mul.\g_bw.g_wallace.u_tree.$or$/home/danieltyukov/workspace/personal/tt-ihp-int8-npu/src/npu_csa_reduce.sv:53$1884 ($or).
Removed top 1 bits (of 16) from port Y of cell tt_um_danieltyukov_int8_npu.$flatten\u_core.\u_array.\g_row[3].g_col[0].u_pe.\u_mul.\g_bw.g_wallace.u_tree.$or$/home/danieltyukov/workspace/personal/tt-ihp-int8-npu/src/npu_csa_reduce.sv:53$1884 ($or).
Removed top 1 bits (of 16) from port A of cell tt_um_danieltyukov_int8_npu.$flatten\u_core.\u_array.\g_row[3].g_col[0].u_pe.\u_mul.\g_bw.g_wallace.u_tree.$or$/home/danieltyukov/workspace/personal/tt-ihp-int8-npu/src/npu_csa_reduce.sv:53$1884 ($or).
Removed top 7 bits (of 16) from port B of cell tt_um_danieltyukov_int8_npu.$flatten\u_core.\u_array.\g_row[3].g_col[0].u_pe.\u_mul.\g_bw.g_wallace.u_tree.$or$/home/danieltyukov/workspace/personal/tt-ihp-int8-npu/src/npu_csa_reduce.sv:53$1882 ($or).
Removed top 1 bits (of 16) from port Y of cell tt_um_danieltyukov_int8_npu.$flatten\u_core.\u_array.\g_row[3].g_col[0].u_pe.\u_mul.\g_bw.g_wallace.u_tree.$or$/home/danieltyukov/workspace/personal/tt-ihp-int8-npu/src/npu_csa_reduce.sv:53$1882 ($or).
Removed top 1 bits (of 16) from port A of cell tt_um_danieltyukov_int8_npu.$flatten\u_core.\u_array.\g_row[3].g_col[0].u_pe.\u_mul.\g_bw.g_wallace.u_tree.$or$/home/danieltyukov/workspace/personal/tt-ihp-int8-npu/src/npu_csa_reduce.sv:53$1882 ($or).
Removed top 1 bits (of 2) from port A of cell tt_um_danieltyukov_int8_npu.$auto$opt_expr.cc:706:replace_const_cells$2908 ($not).
Removed top 2 bits (of 16) from port A of cell tt_um_danieltyukov_int8_npu.$flatten\u_core.\u_array.\g_row[3].g_col[0].u_pe.\u_mul.\g_bw.g_wallace.u_tree.$and$/home/danieltyukov/workspace/personal/tt-ihp-int8-npu/src/npu_csa_reduce.sv:53$1880 ($and).
Removed top 1 bits (of 16) from port B of cell tt_um_danieltyukov_int8_npu.$flatten\u_core.\u_array.\g_row[3].g_col[0].u_pe.\u_mul.\g_bw.g_wallace.u_tree.$and$/home/danieltyukov/workspace/personal/tt-ihp-int8-npu/src/npu_csa_reduce.sv:53$1880 ($and).
Removed top 1 bits (of 16) from port Y of cell tt_um_danieltyukov_int8_npu.$flatten\u_core.\u_array.\g_row[3].g_col[0].u_pe.\u_mul.\g_bw.g_wallace.u_tree.$and$/home/danieltyukov/workspace/personal/tt-ihp-int8-npu/src/npu_csa_reduce.sv:53$1880 ($and).
Removed top 2 bits (of 16) from port A of cell tt_um_danieltyukov_int8_npu.$flatten\u_core.\u_array.\g_row[3].g_col[0].u_pe.\u_mul.\g_bw.g_wallace.u_tree.$xor$/home/danieltyukov/workspace/personal/tt-ihp-int8-npu/src/npu_csa_reduce.sv:49$1878 ($xor).
Removed top 1 bits (of 16) from port B of cell tt_um_danieltyukov_int8_npu.$flatten\u_core.\u_array.\g_row[3].g_col[0].u_pe.\u_mul.\g_bw.g_wallace.u_tree.$xor$/home/danieltyukov/workspace/personal/tt-ihp-int8-npu/src/npu_csa_reduce.sv:49$1878 ($xor).
Removed top 1 bits (of 16) from port Y of cell tt_um_danieltyukov_int8_npu.$flatten\u_core.\u_array.\g_row[3].g_col[0].u_pe.\u_mul.\g_bw.g_wallace.u_tree.$xor$/home/danieltyukov/workspace/personal/tt-ihp-int8-npu/src/npu_csa_reduce.sv:49$1878 ($xor).
Removed top 1 bits (of 16) from port Y of cell tt_um_danieltyukov_int8_npu.$flatten\u_core.\u_array.\g_row[3].g_col[0].u_pe.\u_mul.\g_bw.g_wallace.u_tree.$or$/home/danieltyukov/workspace/personal/tt-ihp-int8-npu/src/npu_csa_reduce.sv:53$1877 ($or).
Removed top 1 bits (of 16) from port A of cell tt_um_danieltyukov_int8_npu.$flatten\u_core.\u_array.\g_row[3].g_col[0].u_pe.\u_mul.\g_bw.g_wallace.u_tree.$or$/home/danieltyukov/workspace/personal/tt-ihp-int8-npu/src/npu_csa_reduce.sv:53$1877 ($or).
Removed top 1 bits (of 16) from port B of cell tt_um_danieltyukov_int8_npu.$flatten\u_core.\u_array.\g_row[3].g_col[0].u_pe.\u_mul.\g_bw.g_wallace.u_tree.$or$/home/danieltyukov/workspace/personal/tt-ihp-int8-npu/src/npu_csa_reduce.sv:53$1877 ($or).
Removed top 4 bits (of 16) from port A of cell tt_um_danieltyukov_int8_npu.$flatten\u_core.\u_array.\g_row[3].g_col[0].u_pe.\u_mul.\g_bw.g_wallace.u_tree.$and$/home/danieltyukov/workspace/personal/tt-ihp-int8-npu/src/npu_csa_reduce.sv:53$1876 ($and).
Removed top 3 bits (of 16) from port B of cell tt_um_danieltyukov_int8_npu.$flatten\u_core.\u_array.\g_row[3].g_col[0].u_pe.\u_mul.\g_bw.g_wallace.u_tree.$and$/home/danieltyukov/workspace/personal/tt-ihp-int8-npu/src/npu_csa_reduce.sv:53$1876 ($and).
Removed top 3 bits (of 16) from port Y of cell tt_um_danieltyukov_int8_npu.$flatten\u_core.\u_array.\g_row[3].g_col[0].u_pe.\u_mul.\g_bw.g_wallace.u_tree.$and$/home/danieltyukov/workspace/personal/tt-ihp-int8-npu/src/npu_csa_reduce.sv:53$1876 ($and).
Removed top 1 bits (of 16) from port Y of cell tt_um_danieltyukov_int8_npu.$flatten\u_core.\u_array.\g_row[3].g_col[0].u_pe.\u_mul.\g_bw.g_wallace.u_tree.$or$/home/danieltyukov/workspace/personal/tt-ihp-int8-npu/src/npu_csa_reduce.sv:53$1875 ($or).
Removed top 1 bits (of 16) from port A of cell tt_um_danieltyukov_int8_npu.$flatten\u_core.\u_array.\g_row[3].g_col[0].u_pe.\u_mul.\g_bw.g_wallace.u_tree.$or$/home/danieltyukov/workspace/personal/tt-ihp-int8-npu/src/npu_csa_reduce.sv:53$1875 ($or).
Removed top 1 bits (of 16) from port B of cell tt_um_danieltyukov_int8_npu.$flatten\u_core.\u_array.\g_row[3].g_col[0].u_pe.\u_mul.\g_bw.g_wallace.u_tree.$or$/home/danieltyukov/workspace/personal/tt-ihp-int8-npu/src/npu_csa_reduce.sv:53$1875 ($or).
Removed top 5 bits (of 16) from port A of cell tt_um_danieltyukov_int8_npu.$flatten\u_core.\u_array.\g_row[3].g_col[0].u_pe.\u_mul.\g_bw.g_wallace.u_tree.$and$/home/danieltyukov/workspace/personal/tt-ihp-int8-npu/src/npu_csa_reduce.sv:53$1874 ($and).
Removed top 3 bits (of 16) from port B of cell tt_um_danieltyukov_int8_npu.$flatten\u_core.\u_array.\g_row[3].g_col[0].u_pe.\u_mul.\g_bw.g_wallace.u_tree.$and$/home/danieltyukov/workspace/personal/tt-ihp-int8-npu/src/npu_csa_reduce.sv:53$1874 ($and).
Removed top 3 bits (of 16) from port Y of cell tt_um_danieltyukov_int8_npu.$flatten\u_core.\u_array.\g_row[3].g_col[0].u_pe.\u_mul.\g_bw.g_wallace.u_tree.$and$/home/danieltyukov/workspace/personal/tt-ihp-int8-npu/src/npu_csa_reduce.sv:53$1874 ($and).
Removed top 5 bits (of 16) from port A of cell tt_um_danieltyukov_int8_npu.$flatten\u_core.\u_array.\g_row[3].g_col[0].u_pe.\u_mul.\g_bw.g_wallace.u_tree.$and$/home/danieltyukov/workspace/personal/tt-ihp-int8-npu/src/npu_csa_reduce.sv:53$1873 ($and).
Removed top 4 bits (of 16) from port B of cell tt_um_danieltyukov_int8_npu.$flatten\u_core.\u_array.\g_row[3].g_col[0].u_pe.\u_mul.\g_bw.g_wallace.u_tree.$and$/home/danieltyukov/workspace/personal/tt-ihp-int8-npu/src/npu_csa_reduce.sv:53$1873 ($and).
Removed top 4 bits (of 16) from port Y of cell tt_um_danieltyukov_int8_npu.$flatten\u_core.\u_array.\g_row[3].g_col[0].u_pe.\u_mul.\g_bw.g_wallace.u_tree.$and$/home/danieltyukov/workspace/personal/tt-ihp-int8-npu/src/npu_csa_reduce.sv:53$1873 ($and).
Removed top 3 bits (of 16) from port B of cell tt_um_danieltyukov_int8_npu.$flatten\u_core.\u_array.\g_row[3].g_col[0].u_pe.\u_mul.\g_bw.g_wallace.u_tree.$xor$/home/danieltyukov/workspace/personal/tt-ihp-int8-npu/src/npu_csa_reduce.sv:49$1872 ($xor).
Removed top 5 bits (of 16) from port A of cell tt_um_danieltyukov_int8_npu.$flatten\u_core.\u_array.\g_row[3].g_col[0].u_pe.\u_mul.\g_bw.g_wallace.u_tree.$xor$/home/danieltyukov/workspace/personal/tt-ihp-int8-npu/src/npu_csa_reduce.sv:49$1871 ($xor).
Removed top 4 bits (of 16) from port B of cell tt_um_danieltyukov_int8_npu.$flatten\u_core.\u_array.\g_row[3].g_col[0].u_pe.\u_mul.\g_bw.g_wallace.u_tree.$xor$/home/danieltyukov/workspace/personal/tt-ihp-int8-npu/src/npu_csa_reduce.sv:49$1871 ($xor).
Removed top 4 bits (of 16) from port Y of cell tt_um_danieltyukov_int8_npu.$flatten\u_core.\u_array.\g_row[3].g_col[0].u_pe.\u_mul.\g_bw.g_wallace.u_tree.$xor$/home/danieltyukov/workspace/personal/tt-ihp-int8-npu/src/npu_csa_reduce.sv:49$1871 ($xor).
Removed top 1 bits (of 16) from port Y of cell tt_um_danieltyukov_int8_npu.$flatten\u_core.\u_array.\g_row[3].g_col[0].u_pe.\u_mul.\g_bw.g_wallace.u_tree.$or$/home/danieltyukov/workspace/personal/tt-ihp-int8-npu/src/npu_csa_reduce.sv:53$1870 ($or).
Removed top 1 bits (of 16) from port A of cell tt_um_danieltyukov_int8_npu.$flatten\u_core.\u_array.\g_row[3].g_col[0].u_pe.\u_mul.\g_bw.g_wallace.u_tree.$or$/home/danieltyukov/workspace/personal/tt-ihp-int8-npu/src/npu_csa_reduce.sv:53$1870 ($or).
Removed top 1 bits (of 16) from port B of cell tt_um_danieltyukov_int8_npu.$flatten\u_core.\u_array.\g_row[3].g_col[0].u_pe.\u_mul.\g_bw.g_wallace.u_tree.$or$/home/danieltyukov/workspace/personal/tt-ihp-int8-npu/src/npu_csa_reduce.sv:53$1870 ($or).
Removed top 7 bits (of 16) from port A of cell tt_um_danieltyukov_int8_npu.$flatten\u_core.\u_array.\g_row[3].g_col[0].u_pe.\u_mul.\g_bw.g_wallace.u_tree.$and$/home/danieltyukov/workspace/personal/tt-ihp-int8-npu/src/npu_csa_reduce.sv:53$1869 ($and).
Removed top 6 bits (of 16) from port B of cell tt_um_danieltyukov_int8_npu.$flatten\u_core.\u_array.\g_row[3].g_col[0].u_pe.\u_mul.\g_bw.g_wallace.u_tree.$and$/home/danieltyukov/workspace/personal/tt-ihp-int8-npu/src/npu_csa_reduce.sv:53$1869 ($and).
Removed top 6 bits (of 16) from port Y of cell tt_um_danieltyukov_int8_npu.$flatten\u_core.\u_array.\g_row[3].g_col[0].u_pe.\u_mul.\g_bw.g_wallace.u_tree.$and$/home/danieltyukov/workspace/personal/tt-ihp-int8-npu/src/npu_csa_reduce.sv:53$1869 ($and).
Removed top 1 bits (of 16) from port Y of cell tt_um_danieltyukov_int8_npu.$flatten\u_core.\u_array.\g_row[3].g_col[0].u_pe.\u_mul.\g_bw.g_wallace.u_tree.$or$/home/danieltyukov/workspace/personal/tt-ihp-int8-npu/src/npu_csa_reduce.sv:53$1868 ($or).
Removed top 1 bits (of 16) from port A of cell tt_um_danieltyukov_int8_npu.$flatten\u_core.\u_array.\g_row[3].g_col[0].u_pe.\u_mul.\g_bw.g_wallace.u_tree.$or$/home/danieltyukov/workspace/personal/tt-ihp-int8-npu/src/npu_csa_reduce.sv:53$1868 ($or).
Removed top 1 bits (of 16) from port B of cell tt_um_danieltyukov_int8_npu.$flatten\u_core.\u_array.\g_row[3].g_col[0].u_pe.\u_mul.\g_bw.g_wallace.u_tree.$or$/home/danieltyukov/workspace/personal/tt-ihp-int8-npu/src/npu_csa_reduce.sv:53$1868 ($or).
Removed top 8 bits (of 16) from port A of cell tt_um_danieltyukov_int8_npu.$flatten\u_core.\u_array.\g_row[3].g_col[0].u_pe.\u_mul.\g_bw.g_wallace.u_tree.$and$/home/danieltyukov/workspace/personal/tt-ihp-int8-npu/src/npu_csa_reduce.sv:53$1867 ($and).
Removed top 6 bits (of 16) from port B of cell tt_um_danieltyukov_int8_npu.$flatten\u_core.\u_array.\g_row[3].g_col[0].u_pe.\u_mul.\g_bw.g_wallace.u_tree.$and$/home/danieltyukov/workspace/personal/tt-ihp-int8-npu/src/npu_csa_reduce.sv:53$1867 ($and).
Removed top 6 bits (of 16) from port Y of cell tt_um_danieltyukov_int8_npu.$flatten\u_core.\u_array.\g_row[3].g_col[0].u_pe.\u_mul.\g_bw.g_wallace.u_tree.$and$/home/danieltyukov/workspace/personal/tt-ihp-int8-npu/src/npu_csa_reduce.sv:53$1867 ($and).
Removed top 8 bits (of 16) from port A of cell tt_um_danieltyukov_int8_npu.$flatten\u_core.\u_array.\g_row[3].g_col[0].u_pe.\u_mul.\g_bw.g_wallace.u_tree.$and$/home/danieltyukov/workspace/personal/tt-ihp-int8-npu/src/npu_csa_reduce.sv:53$1866 ($and).
Removed top 7 bits (of 16) from port B of cell tt_um_danieltyukov_int8_npu.$flatten\u_core.\u_array.\g_row[3].g_col[0].u_pe.\u_mul.\g_bw.g_wallace.u_tree.$and$/home/danieltyukov/workspace/personal/tt-ihp-int8-npu/src/npu_csa_reduce.sv:53$1866 ($and).
Removed top 7 bits (of 16) from port Y of cell tt_um_danieltyukov_int8_npu.$flatten\u_core.\u_array.\g_row[3].g_col[0].u_pe.\u_mul.\g_bw.g_wallace.u_tree.$and$/home/danieltyukov/workspace/personal/tt-ihp-int8-npu/src/npu_csa_reduce.sv:53$1866 ($and).
Removed top 7 bits (of 16) from port A of cell tt_um_danieltyukov_int8_npu.$flatten\u_core.\u_array.\g_row[3].g_col[0].u_pe.\u_mul.\g_bw.g_wallace.u_tree.$xor$/home/danieltyukov/workspace/personal/tt-ihp-int8-npu/src/npu_csa_reduce.sv:49$1865 ($xor).
Removed top 6 bits (of 16) from port B of cell tt_um_danieltyukov_int8_npu.$flatten\u_core.\u_array.\g_row[3].g_col[0].u_pe.\u_mul.\g_bw.g_wallace.u_tree.$xor$/home/danieltyukov/workspace/personal/tt-ihp-int8-npu/src/npu_csa_reduce.sv:49$1865 ($xor).
Removed top 6 bits (of 16) from port Y of cell tt_um_danieltyukov_int8_npu.$flatten\u_core.\u_array.\g_row[3].g_col[0].u_pe.\u_mul.\g_bw.g_wallace.u_tree.$xor$/home/danieltyukov/workspace/personal/tt-ihp-int8-npu/src/npu_csa_reduce.sv:49$1865 ($xor).
Removed top 7 bits (of 8) from port B of cell tt_um_danieltyukov_int8_npu.$flatten\u_core.\u_host.$add$/home/danieltyukov/workspace/personal/tt-ihp-int8-npu/src/npu_host_if.sv:197$1530 ($add).
Removed top 5 bits (of 6) from port B of cell tt_um_danieltyukov_int8_npu.$flatten\u_core.\u_host.$add$/home/danieltyukov/workspace/personal/tt-ihp-int8-npu/src/npu_host_if.sv:215$1531 ($add).
Removed top 3 bits (of 8) from mux cell tt_um_danieltyukov_int8_npu.$flatten\u_core.\u_host.$procmux$2021 ($pmux).
Removed top 1 bits (of 4) from port B of cell tt_um_danieltyukov_int8_npu.$flatten\u_core.\u_host.$procmux$2023_CMP0 ($eq).
Removed top 1 bits (of 4) from port B of cell tt_um_danieltyukov_int8_npu.$flatten\u_core.\u_host.$procmux$2024_CMP0 ($eq).
Removed top 1 bits (of 4) from port B of cell tt_um_danieltyukov_int8_npu.$flatten\u_core.\u_host.$procmux$2025_CMP0 ($eq).
Removed top 2 bits (of 4) from port B of cell tt_um_danieltyukov_int8_npu.$flatten\u_core.\u_host.$procmux$2026_CMP0 ($eq).
Removed top 2 bits (of 4) from port B of cell tt_um_danieltyukov_int8_npu.$flatten\u_core.\u_host.$procmux$2027_CMP0 ($eq).
Removed top 3 bits (of 4) from port B of cell tt_um_danieltyukov_int8_npu.$flatten\u_core.\u_host.$procmux$2028_CMP0 ($eq).
Removed top 1 bits (of 3) from port B of cell tt_um_danieltyukov_int8_npu.$auto$opt_dff.cc:195:make_patterns_logic$3108 ($ne).
Removed top 1 bits (of 4) from port B of cell tt_um_danieltyukov_int8_npu.$flatten\u_core.\u_host.$procmux$2175_CMP0 ($eq).
Removed top 1 bits (of 2) from port B of cell tt_um_danieltyukov_int8_npu.$flatten\u_core.$procmux$2774_CMP0 ($eq).
Removed top 1 bits (of 2) from mux cell tt_um_danieltyukov_int8_npu.$flatten\u_core.$procmux$2753 ($mux).
Removed top 1 bits (of 4) from port B of cell tt_um_danieltyukov_int8_npu.$auto$opt_dff.cc:195:make_patterns_logic$3149 ($ne).
Removed top 2 bits (of 3) from port B of cell tt_um_danieltyukov_int8_npu.$flatten\u_core.$procmux$2606_CMP0 ($eq).
Removed top 1 bits (of 3) from port B of cell tt_um_danieltyukov_int8_npu.$flatten\u_core.$procmux$2605_CMP0 ($eq).
Removed top 1 bits (of 3) from port B of cell tt_um_danieltyukov_int8_npu.$flatten\u_core.$procmux$2604_CMP0 ($eq).
Removed top 1 bits (of 8) from mux cell tt_um_danieltyukov_int8_npu.$flatten\u_core.$procmux$2600 ($pmux).
Removed top 1 bits (of 2) from port B of cell tt_um_danieltyukov_int8_npu.$flatten\u_core.$procmux$2597_CMP0 ($eq).
Removed top 1 bits (of 3) from port B of cell tt_um_danieltyukov_int8_npu.$flatten\u_core.$eq$/home/danieltyukov/workspace/personal/tt-ihp-int8-npu/src/npu_core.sv:395$1215 ($eq).
Removed top 1 bits (of 3) from port B of cell tt_um_danieltyukov_int8_npu.$flatten\u_core.$eq$/home/danieltyukov/workspace/personal/tt-ihp-int8-npu/src/npu_core.sv:395$1199 ($eq).
Removed top 2 bits (of 3) from port B of cell tt_um_danieltyukov_int8_npu.$flatten\u_core.$eq$/home/danieltyukov/workspace/personal/tt-ihp-int8-npu/src/npu_core.sv:395$1183 ($eq).
Removed top 1 bits (of 3) from port B of cell tt_um_danieltyukov_int8_npu.$flatten\u_core.$eq$/home/danieltyukov/workspace/personal/tt-ihp-int8-npu/src/npu_core.sv:329$1148 ($eq).
Removed top 1 bits (of 3) from port B of cell tt_um_danieltyukov_int8_npu.$flatten\u_core.$eq$/home/danieltyukov/workspace/personal/tt-ihp-int8-npu/src/npu_core.sv:329$1142 ($eq).
Removed top 2 bits (of 3) from port B of cell tt_um_danieltyukov_int8_npu.$flatten\u_core.$eq$/home/danieltyukov/workspace/personal/tt-ihp-int8-npu/src/npu_core.sv:329$1136 ($eq).
Removed top 27 bits (of 29) from port B of cell tt_um_danieltyukov_int8_npu.$flatten\u_core.$mul$/home/danieltyukov/workspace/personal/tt-ihp-int8-npu/src/npu_core.sv:299$1121 ($mul).
Removed top 29 bits (of 32) from port A of cell tt_um_danieltyukov_int8_npu.$flatten\u_core.$add$/home/danieltyukov/workspace/personal/tt-ihp-int8-npu/src/npu_core.sv:298$1120 ($add).
Removed top 29 bits (of 32) from port B of cell tt_um_danieltyukov_int8_npu.$flatten\u_core.$add$/home/danieltyukov/workspace/personal/tt-ihp-int8-npu/src/npu_core.sv:298$1120 ($add).
Removed top 28 bits (of 32) from port Y of cell tt_um_danieltyukov_int8_npu.$flatten\u_core.$add$/home/danieltyukov/workspace/personal/tt-ihp-int8-npu/src/npu_core.sv:298$1120 ($add).
Removed top 1 bits (of 3) from port B of cell tt_um_danieltyukov_int8_npu.$flatten\u_core.$eq$/home/danieltyukov/workspace/personal/tt-ihp-int8-npu/src/npu_core.sv:329$1101 ($eq).
Removed top 1 bits (of 3) from port B of cell tt_um_danieltyukov_int8_npu.$flatten\u_core.$eq$/home/danieltyukov/workspace/personal/tt-ihp-int8-npu/src/npu_core.sv:329$1095 ($eq).
Removed top 2 bits (of 3) from port B of cell tt_um_danieltyukov_int8_npu.$flatten\u_core.$eq$/home/danieltyukov/workspace/personal/tt-ihp-int8-npu/src/npu_core.sv:329$1089 ($eq).
Removed top 29 bits (of 32) from port A of cell tt_um_danieltyukov_int8_npu.$flatten\u_core.$mul$/home/danieltyukov/workspace/personal/tt-ihp-int8-npu/src/npu_core.sv:299$1074 ($mul).
Removed top 27 bits (of 29) from port B of cell tt_um_danieltyukov_int8_npu.$flatten\u_core.$mul$/home/danieltyukov/workspace/personal/tt-ihp-int8-npu/src/npu_core.sv:299$1074 ($mul).
Removed top 24 bits (of 29) from port Y of cell tt_um_danieltyukov_int8_npu.$flatten\u_core.$mul$/home/danieltyukov/workspace/personal/tt-ihp-int8-npu/src/npu_core.sv:299$1074 ($mul).
Removed top 27 bits (of 32) from port A of cell tt_um_danieltyukov_int8_npu.$flatten\u_core.$add$/home/danieltyukov/workspace/personal/tt-ihp-int8-npu/src/npu_core.sv:234$1066 ($add).
Removed top 30 bits (of 32) from port B of cell tt_um_danieltyukov_int8_npu.$flatten\u_core.$add$/home/danieltyukov/workspace/personal/tt-ihp-int8-npu/src/npu_core.sv:234$1066 ($add).
Removed top 26 bits (of 32) from port Y of cell tt_um_danieltyukov_int8_npu.$flatten\u_core.$add$/home/danieltyukov/workspace/personal/tt-ihp-int8-npu/src/npu_core.sv:234$1066 ($add).
Removed top 1 bits (of 4) from port B of cell tt_um_danieltyukov_int8_npu.$flatten\u_core.$le$/home/danieltyukov/workspace/personal/tt-ihp-int8-npu/src/npu_core.sv:231$1062 ($le).
Removed top 2 bits (of 4) from port B of cell tt_um_danieltyukov_int8_npu.$flatten\u_core.$ge$/home/danieltyukov/workspace/personal/tt-ihp-int8-npu/src/npu_core.sv:231$1060 ($ge).
Removed top 2 bits (of 4) from port B of cell tt_um_danieltyukov_int8_npu.$flatten\u_core.$sub$/home/danieltyukov/workspace/personal/tt-ihp-int8-npu/src/npu_core.sv:226$1058 ($sub).
Removed top 27 bits (of 32) from port A of cell tt_um_danieltyukov_int8_npu.$flatten\u_core.$add$/home/danieltyukov/workspace/personal/tt-ihp-int8-npu/src/npu_core.sv:234$1053 ($add).
Removed top 30 bits (of 32) from port B of cell tt_um_danieltyukov_int8_npu.$flatten\u_core.$add$/home/danieltyukov/workspace/personal/tt-ihp-int8-npu/src/npu_core.sv:234$1053 ($add).
Removed top 26 bits (of 32) from port Y of cell tt_um_danieltyukov_int8_npu.$flatten\u_core.$add$/home/danieltyukov/workspace/personal/tt-ihp-int8-npu/src/npu_core.sv:234$1053 ($add).
Removed top 1 bits (of 4) from port B of cell tt_um_danieltyukov_int8_npu.$flatten\u_core.$le$/home/danieltyukov/workspace/personal/tt-ihp-int8-npu/src/npu_core.sv:231$1049 ($le).
Removed top 2 bits (of 4) from port B of cell tt_um_danieltyukov_int8_npu.$flatten\u_core.$ge$/home/danieltyukov/workspace/personal/tt-ihp-int8-npu/src/npu_core.sv:231$1047 ($ge).
Removed top 2 bits (of 4) from port B of cell tt_um_danieltyukov_int8_npu.$flatten\u_core.$sub$/home/danieltyukov/workspace/personal/tt-ihp-int8-npu/src/npu_core.sv:226$1045 ($sub).
Removed top 27 bits (of 32) from port A of cell tt_um_danieltyukov_int8_npu.$flatten\u_core.$add$/home/danieltyukov/workspace/personal/tt-ihp-int8-npu/src/npu_core.sv:234$1040 ($add).
Removed top 31 bits (of 32) from port B of cell tt_um_danieltyukov_int8_npu.$flatten\u_core.$add$/home/danieltyukov/workspace/personal/tt-ihp-int8-npu/src/npu_core.sv:234$1040 ($add).
Removed top 26 bits (of 32) from port Y of cell tt_um_danieltyukov_int8_npu.$flatten\u_core.$add$/home/danieltyukov/workspace/personal/tt-ihp-int8-npu/src/npu_core.sv:234$1040 ($add).
Removed top 1 bits (of 4) from port B of cell tt_um_danieltyukov_int8_npu.$flatten\u_core.$le$/home/danieltyukov/workspace/personal/tt-ihp-int8-npu/src/npu_core.sv:231$1036 ($le).
Removed top 3 bits (of 4) from port B of cell tt_um_danieltyukov_int8_npu.$flatten\u_core.$ge$/home/danieltyukov/workspace/personal/tt-ihp-int8-npu/src/npu_core.sv:231$1034 ($ge).
Removed top 3 bits (of 4) from port B of cell tt_um_danieltyukov_int8_npu.$flatten\u_core.$sub$/home/danieltyukov/workspace/personal/tt-ihp-int8-npu/src/npu_core.sv:226$1032 ($sub).
Removed top 23 bits (of 32) from port B of cell tt_um_danieltyukov_int8_npu.$flatten\u_core.$shiftx$/home/danieltyukov/workspace/personal/tt-ihp-int8-npu/src/npu_core.sv:0$1030 ($shiftx).
Removed top 1 bits (of 4) from port B of cell tt_um_danieltyukov_int8_npu.$flatten\u_core.$le$/home/danieltyukov/workspace/personal/tt-ihp-int8-npu/src/npu_core.sv:229$1023 ($le).
Removed top 1 bits (of 2) from port B of cell tt_um_danieltyukov_int8_npu.$flatten\u_core.$eq$/home/danieltyukov/workspace/personal/tt-ihp-int8-npu/src/npu_core.sv:229$1022 ($eq).
Removed top 26 bits (of 32) from port B of cell tt_um_danieltyukov_int8_npu.$flatten\u_core.$shiftx$/home/danieltyukov/workspace/personal/tt-ihp-int8-npu/src/npu_core.sv:0$1017 ($shiftx).
Removed top 24 bits (of 32) from port B of cell tt_um_danieltyukov_int8_npu.$flatten\u_core.$shiftx$/home/danieltyukov/workspace/personal/tt-ihp-int8-npu/src/npu_core.sv:0$1013 ($shiftx).
Removed top 2 bits (of 6) from port B of cell tt_um_danieltyukov_int8_npu.$flatten\u_core.$lt$/home/danieltyukov/workspace/personal/tt-ihp-int8-npu/src/npu_core.sv:530$1007 ($lt).
Removed top 27 bits (of 29) from port B of cell tt_um_danieltyukov_int8_npu.$flatten\u_core.$mul$/home/danieltyukov/workspace/personal/tt-ihp-int8-npu/src/npu_core.sv:527$1004 ($mul).
Removed top 29 bits (of 32) from port B of cell tt_um_danieltyukov_int8_npu.$flatten\u_core.$add$/home/danieltyukov/workspace/personal/tt-ihp-int8-npu/src/npu_core.sv:525$1003 ($add).
Removed top 31 bits (of 32) from port A of cell tt_um_danieltyukov_int8_npu.$flatten\u_core.$mul$/home/danieltyukov/workspace/personal/tt-ihp-int8-npu/src/npu_core.sv:525$1002 ($mul).
Removed top 29 bits (of 31) from port B of cell tt_um_danieltyukov_int8_npu.$flatten\u_core.$mul$/home/danieltyukov/workspace/personal/tt-ihp-int8-npu/src/npu_core.sv:525$1002 ($mul).
Removed top 28 bits (of 31) from port Y of cell tt_um_danieltyukov_int8_npu.$flatten\u_core.$mul$/home/danieltyukov/workspace/personal/tt-ihp-int8-npu/src/npu_core.sv:525$1002 ($mul).
Removed top 2 bits (of 3) from port B of cell tt_um_danieltyukov_int8_npu.$flatten\u_core.$add$/home/danieltyukov/workspace/personal/tt-ihp-int8-npu/src/npu_core.sv:490$998 ($add).
Removed top 3 bits (of 4) from port B of cell tt_um_danieltyukov_int8_npu.$flatten\u_core.$add$/home/danieltyukov/workspace/personal/tt-ihp-int8-npu/src/npu_core.sv:468$996 ($add).
Removed top 1 bits (of 4) from port A of cell tt_um_danieltyukov_int8_npu.$flatten\u_core.$add$/home/danieltyukov/workspace/personal/tt-ihp-int8-npu/src/npu_core.sv:411$986 ($add).
Removed top 1 bits (of 4) from port B of cell tt_um_danieltyukov_int8_npu.$flatten\u_core.$add$/home/danieltyukov/workspace/personal/tt-ihp-int8-npu/src/npu_core.sv:411$986 ($add).
Removed top 30 bits (of 32) from port B of cell tt_um_danieltyukov_int8_npu.$flatten\u_core.$add$/home/danieltyukov/workspace/personal/tt-ihp-int8-npu/src/npu_core.sv:348$982 ($add).
Removed top 3 bits (of 32) from port Y of cell tt_um_danieltyukov_int8_npu.$flatten\u_core.$add$/home/danieltyukov/workspace/personal/tt-ihp-int8-npu/src/npu_core.sv:348$982 ($add).
Removed top 3 bits (of 32) from port A of cell tt_um_danieltyukov_int8_npu.$flatten\u_core.$add$/home/danieltyukov/workspace/personal/tt-ihp-int8-npu/src/npu_core.sv:348$982 ($add).
Removed top 30 bits (of 32) from port B of cell tt_um_danieltyukov_int8_npu.$flatten\u_core.$mul$/home/danieltyukov/workspace/personal/tt-ihp-int8-npu/src/npu_core.sv:347$977 ($mul).
Removed top 29 bits (of 32) from port Y of cell tt_um_danieltyukov_int8_npu.$flatten\u_core.$mul$/home/danieltyukov/workspace/personal/tt-ihp-int8-npu/src/npu_core.sv:347$977 ($mul).
Removed top 27 bits (of 29) from port B of cell tt_um_danieltyukov_int8_npu.$flatten\u_core.$mul$/home/danieltyukov/workspace/personal/tt-ihp-int8-npu/src/npu_core.sv:342$974 ($mul).
Removed top 26 bits (of 29) from port Y of cell tt_um_danieltyukov_int8_npu.$flatten\u_core.$mul$/home/danieltyukov/workspace/personal/tt-ihp-int8-npu/src/npu_core.sv:342$974 ($mul).
Removed top 2 bits (of 3) from port B of cell tt_um_danieltyukov_int8_npu.$flatten\u_core.$add$/home/danieltyukov/workspace/personal/tt-ihp-int8-npu/src/npu_core.sv:272$973 ($add).
Removed top 1 bits (of 16) from port Y of cell tt_um_danieltyukov_int8_npu.$flatten\u_core.\u_array.\g_row[3].g_col[1].u_pe.\u_mul.\g_bw.g_wallace.u_tree.\genblk1.g_reduce.u_next.$or$/home/danieltyukov/workspace/personal/tt-ihp-int8-npu/src/npu_csa_reduce.sv:53$1994 ($or).
Removed top 1 bits (of 16) from port A of cell tt_um_danieltyukov_int8_npu.$flatten\u_core.\u_array.\g_row[3].g_col[1].u_pe.\u_mul.\g_bw.g_wallace.u_tree.\genblk1.g_reduce.u_next.$or$/home/danieltyukov/workspace/personal/tt-ihp-int8-npu/src/npu_csa_reduce.sv:53$1994 ($or).
Removed top 1 bits (of 16) from port B of cell tt_um_danieltyukov_int8_npu.$flatten\u_core.\u_array.\g_row[3].g_col[1].u_pe.\u_mul.\g_bw.g_wallace.u_tree.\genblk1.g_reduce.u_next.$or$/home/danieltyukov/workspace/personal/tt-ihp-int8-npu/src/npu_csa_reduce.sv:53$1994 ($or).
Removed top 1 bits (of 16) from port Y of cell tt_um_danieltyukov_int8_npu.$flatten\u_core.\u_array.\g_row[3].g_col[1].u_pe.\u_mul.\g_bw.g_wallace.u_tree.\genblk1.g_reduce.u_next.$and$/home/danieltyukov/workspace/personal/tt-ihp-int8-npu/src/npu_csa_reduce.sv:53$1995 ($and).
Removed top 1 bits (of 16) from port A of cell tt_um_danieltyukov_int8_npu.$flatten\u_core.\u_array.\g_row[3].g_col[1].u_pe.\u_mul.\g_bw.g_wallace.u_tree.\genblk1.g_reduce.u_next.$and$/home/danieltyukov/workspace/personal/tt-ihp-int8-npu/src/npu_csa_reduce.sv:53$1995 ($and).
Removed top 1 bits (of 16) from port B of cell tt_um_danieltyukov_int8_npu.$flatten\u_core.\u_array.\g_row[3].g_col[1].u_pe.\u_mul.\g_bw.g_wallace.u_tree.\genblk1.g_reduce.u_next.$and$/home/danieltyukov/workspace/personal/tt-ihp-int8-npu/src/npu_csa_reduce.sv:53$1995 ($and).
Removed top 1 bits (of 16) from port Y of cell tt_um_danieltyukov_int8_npu.$flatten\u_core.\u_array.\g_row[3].g_col[1].u_pe.\u_mul.\g_bw.g_wallace.u_tree.\genblk1.g_reduce.u_next.$or$/home/danieltyukov/workspace/personal/tt-ihp-int8-npu/src/npu_csa_reduce.sv:53$2001 ($or).
Removed top 1 bits (of 16) from port A of cell tt_um_danieltyukov_int8_npu.$flatten\u_core.\u_array.\g_row[3].g_col[1].u_pe.\u_mul.\g_bw.g_wallace.u_tree.\genblk1.g_reduce.u_next.$or$/home/danieltyukov/workspace/personal/tt-ihp-int8-npu/src/npu_csa_reduce.sv:53$2001 ($or).
Removed top 1 bits (of 16) from port B of cell tt_um_danieltyukov_int8_npu.$flatten\u_core.\u_array.\g_row[3].g_col[1].u_pe.\u_mul.\g_bw.g_wallace.u_tree.\genblk1.g_reduce.u_next.$or$/home/danieltyukov/workspace/personal/tt-ihp-int8-npu/src/npu_csa_reduce.sv:53$2001 ($or).
Removed top 1 bits (of 16) from port Y of cell tt_um_danieltyukov_int8_npu.$flatten\u_core.\u_array.\g_row[3].g_col[1].u_pe.\u_mul.\g_bw.g_wallace.u_tree.\genblk1.g_reduce.u_next.$and$/home/danieltyukov/workspace/personal/tt-ihp-int8-npu/src/npu_csa_reduce.sv:53$2002 ($and).
Removed top 1 bits (of 16) from port A of cell tt_um_danieltyukov_int8_npu.$flatten\u_core.\u_array.\g_row[3].g_col[1].u_pe.\u_mul.\g_bw.g_wallace.u_tree.\genblk1.g_reduce.u_next.$and$/home/danieltyukov/workspace/personal/tt-ihp-int8-npu/src/npu_csa_reduce.sv:53$2002 ($and).
Removed top 1 bits (of 16) from port B of cell tt_um_danieltyukov_int8_npu.$flatten\u_core.\u_array.\g_row[3].g_col[1].u_pe.\u_mul.\g_bw.g_wallace.u_tree.\genblk1.g_reduce.u_next.$and$/home/danieltyukov/workspace/personal/tt-ihp-int8-npu/src/npu_csa_reduce.sv:53$2002 ($and).
Removed top 1 bits (of 16) from port Y of cell tt_um_danieltyukov_int8_npu.$flatten\u_core.\u_array.\g_row[3].g_col[1].u_pe.\u_mul.\g_bw.g_wallace.u_tree.\genblk1.g_reduce.u_next.\genblk1.g_reduce.u_next.\genblk1.g_reduce.u_next.$or$/home/danieltyukov/workspace/personal/tt-ihp-int8-npu/src/npu_csa_reduce.sv:53$1860 ($or).
Removed top 1 bits (of 16) from port A of cell tt_um_danieltyukov_int8_npu.$flatten\u_core.\u_array.\g_row[3].g_col[1].u_pe.\u_mul.\g_bw.g_wallace.u_tree.\genblk1.g_reduce.u_next.\genblk1.g_reduce.u_next.\genblk1.g_reduce.u_next.$or$/home/danieltyukov/workspace/personal/tt-ihp-int8-npu/src/npu_csa_reduce.sv:53$1860 ($or).
Removed top 1 bits (of 16) from port B of cell tt_um_danieltyukov_int8_npu.$flatten\u_core.\u_array.\g_row[3].g_col[1].u_pe.\u_mul.\g_bw.g_wallace.u_tree.\genblk1.g_reduce.u_next.\genblk1.g_reduce.u_next.\genblk1.g_reduce.u_next.$or$/home/danieltyukov/workspace/personal/tt-ihp-int8-npu/src/npu_csa_reduce.sv:53$1860 ($or).
Removed top 1 bits (of 16) from port Y of cell tt_um_danieltyukov_int8_npu.$flatten\u_core.\u_array.\g_row[3].g_col[1].u_pe.\u_mul.\g_bw.g_wallace.u_tree.\genblk1.g_reduce.u_next.\genblk1.g_reduce.u_next.\genblk1.g_reduce.u_next.$and$/home/danieltyukov/workspace/personal/tt-ihp-int8-npu/src/npu_csa_reduce.sv:53$1861 ($and).
Removed top 1 bits (of 16) from port A of cell tt_um_danieltyukov_int8_npu.$flatten\u_core.\u_array.\g_row[3].g_col[1].u_pe.\u_mul.\g_bw.g_wallace.u_tree.\genblk1.g_reduce.u_next.\genblk1.g_reduce.u_next.\genblk1.g_reduce.u_next.$and$/home/danieltyukov/workspace/personal/tt-ihp-int8-npu/src/npu_csa_reduce.sv:53$1861 ($and).
Removed top 1 bits (of 16) from port B of cell tt_um_danieltyukov_int8_npu.$flatten\u_core.\u_array.\g_row[3].g_col[1].u_pe.\u_mul.\g_bw.g_wallace.u_tree.\genblk1.g_reduce.u_next.\genblk1.g_reduce.u_next.\genblk1.g_reduce.u_next.$and$/home/danieltyukov/workspace/personal/tt-ihp-int8-npu/src/npu_csa_reduce.sv:53$1861 ($and).
Removed top 1 bits (of 16) from port Y of cell tt_um_danieltyukov_int8_npu.$flatten\u_core.\u_array.\g_row[0].g_col[0].u_pe.\u_mul.\g_bw.g_wallace.u_tree.\genblk1.g_reduce.u_next.$or$/home/danieltyukov/workspace/personal/tt-ihp-int8-npu/src/npu_csa_reduce.sv:53$1994 ($or).
Removed top 1 bits (of 16) from port A of cell tt_um_danieltyukov_int8_npu.$flatten\u_core.\u_array.\g_row[0].g_col[0].u_pe.\u_mul.\g_bw.g_wallace.u_tree.\genblk1.g_reduce.u_next.$or$/home/danieltyukov/workspace/personal/tt-ihp-int8-npu/src/npu_csa_reduce.sv:53$1994 ($or).
Removed top 1 bits (of 16) from port B of cell tt_um_danieltyukov_int8_npu.$flatten\u_core.\u_array.\g_row[0].g_col[0].u_pe.\u_mul.\g_bw.g_wallace.u_tree.\genblk1.g_reduce.u_next.$or$/home/danieltyukov/workspace/personal/tt-ihp-int8-npu/src/npu_csa_reduce.sv:53$1994 ($or).
Removed top 1 bits (of 16) from port Y of cell tt_um_danieltyukov_int8_npu.$flatten\u_core.\u_array.\g_row[0].g_col[0].u_pe.\u_mul.\g_bw.g_wallace.u_tree.\genblk1.g_reduce.u_next.$and$/home/danieltyukov/workspace/personal/tt-ihp-int8-npu/src/npu_csa_reduce.sv:53$1995 ($and).
Removed top 1 bits (of 16) from port A of cell tt_um_danieltyukov_int8_npu.$flatten\u_core.\u_array.\g_row[0].g_col[0].u_pe.\u_mul.\g_bw.g_wallace.u_tree.\genblk1.g_reduce.u_next.$and$/home/danieltyukov/workspace/personal/tt-ihp-int8-npu/src/npu_csa_reduce.sv:53$1995 ($and).
Removed top 1 bits (of 16) from port B of cell tt_um_danieltyukov_int8_npu.$flatten\u_core.\u_array.\g_row[0].g_col[0].u_pe.\u_mul.\g_bw.g_wallace.u_tree.\genblk1.g_reduce.u_next.$and$/home/danieltyukov/workspace/personal/tt-ihp-int8-npu/src/npu_csa_reduce.sv:53$1995 ($and).
Removed top 1 bits (of 16) from port Y of cell tt_um_danieltyukov_int8_npu.$flatten\u_core.\u_array.\g_row[0].g_col[0].u_pe.\u_mul.\g_bw.g_wallace.u_tree.\genblk1.g_reduce.u_next.$or$/home/danieltyukov/workspace/personal/tt-ihp-int8-npu/src/npu_csa_reduce.sv:53$2001 ($or).
Removed top 1 bits (of 16) from port A of cell tt_um_danieltyukov_int8_npu.$flatten\u_core.\u_array.\g_row[0].g_col[0].u_pe.\u_mul.\g_bw.g_wallace.u_tree.\genblk1.g_reduce.u_next.$or$/home/danieltyukov/workspace/personal/tt-ihp-int8-npu/src/npu_csa_reduce.sv:53$2001 ($or).
Removed top 1 bits (of 16) from port B of cell tt_um_danieltyukov_int8_npu.$flatten\u_core.\u_array.\g_row[0].g_col[0].u_pe.\u_mul.\g_bw.g_wallace.u_tree.\genblk1.g_reduce.u_next.$or$/home/danieltyukov/workspace/personal/tt-ihp-int8-npu/src/npu_csa_reduce.sv:53$2001 ($or).
Removed top 1 bits (of 16) from port Y of cell tt_um_danieltyukov_int8_npu.$flatten\u_core.\u_array.\g_row[0].g_col[0].u_pe.\u_mul.\g_bw.g_wallace.u_tree.\genblk1.g_reduce.u_next.$and$/home/danieltyukov/workspace/personal/tt-ihp-int8-npu/src/npu_csa_reduce.sv:53$2002 ($and).
Removed top 1 bits (of 16) from port A of cell tt_um_danieltyukov_int8_npu.$flatten\u_core.\u_array.\g_row[0].g_col[0].u_pe.\u_mul.\g_bw.g_wallace.u_tree.\genblk1.g_reduce.u_next.$and$/home/danieltyukov/workspace/personal/tt-ihp-int8-npu/src/npu_csa_reduce.sv:53$2002 ($and).
Removed top 1 bits (of 16) from port B of cell tt_um_danieltyukov_int8_npu.$flatten\u_core.\u_array.\g_row[0].g_col[0].u_pe.\u_mul.\g_bw.g_wallace.u_tree.\genblk1.g_reduce.u_next.$and$/home/danieltyukov/workspace/personal/tt-ihp-int8-npu/src/npu_csa_reduce.sv:53$2002 ($and).
Removed top 1 bits (of 16) from port Y of cell tt_um_danieltyukov_int8_npu.$flatten\u_core.\u_array.\g_row[0].g_col[0].u_pe.\u_mul.\g_bw.g_wallace.u_tree.\genblk1.g_reduce.u_next.\genblk1.g_reduce.u_next.\genblk1.g_reduce.u_next.$or$/home/danieltyukov/workspace/personal/tt-ihp-int8-npu/src/npu_csa_reduce.sv:53$1860 ($or).
Removed top 1 bits (of 16) from port A of cell tt_um_danieltyukov_int8_npu.$flatten\u_core.\u_array.\g_row[0].g_col[0].u_pe.\u_mul.\g_bw.g_wallace.u_tree.\genblk1.g_reduce.u_next.\genblk1.g_reduce.u_next.\genblk1.g_reduce.u_next.$or$/home/danieltyukov/workspace/personal/tt-ihp-int8-npu/src/npu_csa_reduce.sv:53$1860 ($or).
Removed top 1 bits (of 16) from port B of cell tt_um_danieltyukov_int8_npu.$flatten\u_core.\u_array.\g_row[0].g_col[0].u_pe.\u_mul.\g_bw.g_wallace.u_tree.\genblk1.g_reduce.u_next.\genblk1.g_reduce.u_next.\genblk1.g_reduce.u_next.$or$/home/danieltyukov/workspace/personal/tt-ihp-int8-npu/src/npu_csa_reduce.sv:53$1860 ($or).
Removed top 1 bits (of 16) from port Y of cell tt_um_danieltyukov_int8_npu.$flatten\u_core.\u_array.\g_row[0].g_col[0].u_pe.\u_mul.\g_bw.g_wallace.u_tree.\genblk1.g_reduce.u_next.\genblk1.g_reduce.u_next.\genblk1.g_reduce.u_next.$and$/home/danieltyukov/workspace/personal/tt-ihp-int8-npu/src/npu_csa_reduce.sv:53$1861 ($and).
Removed top 1 bits (of 16) from port A of cell tt_um_danieltyukov_int8_npu.$flatten\u_core.\u_array.\g_row[0].g_col[0].u_pe.\u_mul.\g_bw.g_wallace.u_tree.\genblk1.g_reduce.u_next.\genblk1.g_reduce.u_next.\genblk1.g_reduce.u_next.$and$/home/danieltyukov/workspace/personal/tt-ihp-int8-npu/src/npu_csa_reduce.sv:53$1861 ($and).
Removed top 1 bits (of 16) from port B of cell tt_um_danieltyukov_int8_npu.$flatten\u_core.\u_array.\g_row[0].g_col[0].u_pe.\u_mul.\g_bw.g_wallace.u_tree.\genblk1.g_reduce.u_next.\genblk1.g_reduce.u_next.\genblk1.g_reduce.u_next.$and$/home/danieltyukov/workspace/personal/tt-ihp-int8-npu/src/npu_csa_reduce.sv:53$1861 ($and).
Removed top 1 bits (of 16) from port Y of cell tt_um_danieltyukov_int8_npu.$flatten\u_core.\u_array.\g_row[0].g_col[1].u_pe.\u_mul.\g_bw.g_wallace.u_tree.\genblk1.g_reduce.u_next.$or$/home/danieltyukov/workspace/personal/tt-ihp-int8-npu/src/npu_csa_reduce.sv:53$1994 ($or).
Removed top 1 bits (of 16) from port A of cell tt_um_danieltyukov_int8_npu.$flatten\u_core.\u_array.\g_row[0].g_col[1].u_pe.\u_mul.\g_bw.g_wallace.u_tree.\genblk1.g_reduce.u_next.$or$/home/danieltyukov/workspace/personal/tt-ihp-int8-npu/src/npu_csa_reduce.sv:53$1994 ($or).
Removed top 1 bits (of 16) from port B of cell tt_um_danieltyukov_int8_npu.$flatten\u_core.\u_array.\g_row[0].g_col[1].u_pe.\u_mul.\g_bw.g_wallace.u_tree.\genblk1.g_reduce.u_next.$or$/home/danieltyukov/workspace/personal/tt-ihp-int8-npu/src/npu_csa_reduce.sv:53$1994 ($or).
Removed top 1 bits (of 16) from port Y of cell tt_um_danieltyukov_int8_npu.$flatten\u_core.\u_array.\g_row[0].g_col[1].u_pe.\u_mul.\g_bw.g_wallace.u_tree.\genblk1.g_reduce.u_next.$and$/home/danieltyukov/workspace/personal/tt-ihp-int8-npu/src/npu_csa_reduce.sv:53$1995 ($and).
Removed top 1 bits (of 16) from port A of cell tt_um_danieltyukov_int8_npu.$flatten\u_core.\u_array.\g_row[0].g_col[1].u_pe.\u_mul.\g_bw.g_wallace.u_tree.\genblk1.g_reduce.u_next.$and$/home/danieltyukov/workspace/personal/tt-ihp-int8-npu/src/npu_csa_reduce.sv:53$1995 ($and).
Removed top 1 bits (of 16) from port B of cell tt_um_danieltyukov_int8_npu.$flatten\u_core.\u_array.\g_row[0].g_col[1].u_pe.\u_mul.\g_bw.g_wallace.u_tree.\genblk1.g_reduce.u_next.$and$/home/danieltyukov/workspace/personal/tt-ihp-int8-npu/src/npu_csa_reduce.sv:53$1995 ($and).
Removed top 1 bits (of 16) from port Y of cell tt_um_danieltyukov_int8_npu.$flatten\u_core.\u_array.\g_row[0].g_col[1].u_pe.\u_mul.\g_bw.g_wallace.u_tree.\genblk1.g_reduce.u_next.$or$/home/danieltyukov/workspace/personal/tt-ihp-int8-npu/src/npu_csa_reduce.sv:53$2001 ($or).
Removed top 1 bits (of 16) from port A of cell tt_um_danieltyukov_int8_npu.$flatten\u_core.\u_array.\g_row[0].g_col[1].u_pe.\u_mul.\g_bw.g_wallace.u_tree.\genblk1.g_reduce.u_next.$or$/home/danieltyukov/workspace/personal/tt-ihp-int8-npu/src/npu_csa_reduce.sv:53$2001 ($or).
Removed top 1 bits (of 16) from port B of cell tt_um_danieltyukov_int8_npu.$flatten\u_core.\u_array.\g_row[0].g_col[1].u_pe.\u_mul.\g_bw.g_wallace.u_tree.\genblk1.g_reduce.u_next.$or$/home/danieltyukov/workspace/personal/tt-ihp-int8-npu/src/npu_csa_reduce.sv:53$2001 ($or).
Removed top 1 bits (of 16) from port Y of cell tt_um_danieltyukov_int8_npu.$flatten\u_core.\u_array.\g_row[0].g_col[1].u_pe.\u_mul.\g_bw.g_wallace.u_tree.\genblk1.g_reduce.u_next.$and$/home/danieltyukov/workspace/personal/tt-ihp-int8-npu/src/npu_csa_reduce.sv:53$2002 ($and).
Removed top 1 bits (of 16) from port A of cell tt_um_danieltyukov_int8_npu.$flatten\u_core.\u_array.\g_row[0].g_col[1].u_pe.\u_mul.\g_bw.g_wallace.u_tree.\genblk1.g_reduce.u_next.$and$/home/danieltyukov/workspace/personal/tt-ihp-int8-npu/src/npu_csa_reduce.sv:53$2002 ($and).
Removed top 1 bits (of 16) from port B of cell tt_um_danieltyukov_int8_npu.$flatten\u_core.\u_array.\g_row[0].g_col[1].u_pe.\u_mul.\g_bw.g_wallace.u_tree.\genblk1.g_reduce.u_next.$and$/home/danieltyukov/workspace/personal/tt-ihp-int8-npu/src/npu_csa_reduce.sv:53$2002 ($and).
Removed top 1 bits (of 16) from port Y of cell tt_um_danieltyukov_int8_npu.$flatten\u_core.\u_array.\g_row[0].g_col[1].u_pe.\u_mul.\g_bw.g_wallace.u_tree.\genblk1.g_reduce.u_next.\genblk1.g_reduce.u_next.\genblk1.g_reduce.u_next.$or$/home/danieltyukov/workspace/personal/tt-ihp-int8-npu/src/npu_csa_reduce.sv:53$1860 ($or).
Removed top 1 bits (of 16) from port A of cell tt_um_danieltyukov_int8_npu.$flatten\u_core.\u_array.\g_row[0].g_col[1].u_pe.\u_mul.\g_bw.g_wallace.u_tree.\genblk1.g_reduce.u_next.\genblk1.g_reduce.u_next.\genblk1.g_reduce.u_next.$or$/home/danieltyukov/workspace/personal/tt-ihp-int8-npu/src/npu_csa_reduce.sv:53$1860 ($or).
Removed top 1 bits (of 16) from port B of cell tt_um_danieltyukov_int8_npu.$flatten\u_core.\u_array.\g_row[0].g_col[1].u_pe.\u_mul.\g_bw.g_wallace.u_tree.\genblk1.g_reduce.u_next.\genblk1.g_reduce.u_next.\genblk1.g_reduce.u_next.$or$/home/danieltyukov/workspace/personal/tt-ihp-int8-npu/src/npu_csa_reduce.sv:53$1860 ($or).
Removed top 1 bits (of 16) from port Y of cell tt_um_danieltyukov_int8_npu.$flatten\u_core.\u_array.\g_row[0].g_col[1].u_pe.\u_mul.\g_bw.g_wallace.u_tree.\genblk1.g_reduce.u_next.\genblk1.g_reduce.u_next.\genblk1.g_reduce.u_next.$and$/home/danieltyukov/workspace/personal/tt-ihp-int8-npu/src/npu_csa_reduce.sv:53$1861 ($and).
Removed top 1 bits (of 16) from port A of cell tt_um_danieltyukov_int8_npu.$flatten\u_core.\u_array.\g_row[0].g_col[1].u_pe.\u_mul.\g_bw.g_wallace.u_tree.\genblk1.g_reduce.u_next.\genblk1.g_reduce.u_next.\genblk1.g_reduce.u_next.$and$/home/danieltyukov/workspace/personal/tt-ihp-int8-npu/src/npu_csa_reduce.sv:53$1861 ($and).
Removed top 1 bits (of 16) from port B of cell tt_um_danieltyukov_int8_npu.$flatten\u_core.\u_array.\g_row[0].g_col[1].u_pe.\u_mul.\g_bw.g_wallace.u_tree.\genblk1.g_reduce.u_next.\genblk1.g_reduce.u_next.\genblk1.g_reduce.u_next.$and$/home/danieltyukov/workspace/personal/tt-ihp-int8-npu/src/npu_csa_reduce.sv:53$1861 ($and).
Removed top 1 bits (of 16) from port Y of cell tt_um_danieltyukov_int8_npu.$flatten\u_core.\u_array.\g_row[1].g_col[0].u_pe.\u_mul.\g_bw.g_wallace.u_tree.\genblk1.g_reduce.u_next.$or$/home/danieltyukov/workspace/personal/tt-ihp-int8-npu/src/npu_csa_reduce.sv:53$1994 ($or).
Removed top 1 bits (of 16) from port A of cell tt_um_danieltyukov_int8_npu.$flatten\u_core.\u_array.\g_row[1].g_col[0].u_pe.\u_mul.\g_bw.g_wallace.u_tree.\genblk1.g_reduce.u_next.$or$/home/danieltyukov/workspace/personal/tt-ihp-int8-npu/src/npu_csa_reduce.sv:53$1994 ($or).
Removed top 1 bits (of 16) from port B of cell tt_um_danieltyukov_int8_npu.$flatten\u_core.\u_array.\g_row[1].g_col[0].u_pe.\u_mul.\g_bw.g_wallace.u_tree.\genblk1.g_reduce.u_next.$or$/home/danieltyukov/workspace/personal/tt-ihp-int8-npu/src/npu_csa_reduce.sv:53$1994 ($or).
Removed top 1 bits (of 16) from port Y of cell tt_um_danieltyukov_int8_npu.$flatten\u_core.\u_array.\g_row[1].g_col[0].u_pe.\u_mul.\g_bw.g_wallace.u_tree.\genblk1.g_reduce.u_next.$and$/home/danieltyukov/workspace/personal/tt-ihp-int8-npu/src/npu_csa_reduce.sv:53$1995 ($and).
Removed top 1 bits (of 16) from port A of cell tt_um_danieltyukov_int8_npu.$flatten\u_core.\u_array.\g_row[1].g_col[0].u_pe.\u_mul.\g_bw.g_wallace.u_tree.\genblk1.g_reduce.u_next.$and$/home/danieltyukov/workspace/personal/tt-ihp-int8-npu/src/npu_csa_reduce.sv:53$1995 ($and).
Removed top 1 bits (of 16) from port B of cell tt_um_danieltyukov_int8_npu.$flatten\u_core.\u_array.\g_row[1].g_col[0].u_pe.\u_mul.\g_bw.g_wallace.u_tree.\genblk1.g_reduce.u_next.$and$/home/danieltyukov/workspace/personal/tt-ihp-int8-npu/src/npu_csa_reduce.sv:53$1995 ($and).
Removed top 1 bits (of 16) from port Y of cell tt_um_danieltyukov_int8_npu.$flatten\u_core.\u_array.\g_row[1].g_col[0].u_pe.\u_mul.\g_bw.g_wallace.u_tree.\genblk1.g_reduce.u_next.$or$/home/danieltyukov/workspace/personal/tt-ihp-int8-npu/src/npu_csa_reduce.sv:53$2001 ($or).
Removed top 1 bits (of 16) from port A of cell tt_um_danieltyukov_int8_npu.$flatten\u_core.\u_array.\g_row[1].g_col[0].u_pe.\u_mul.\g_bw.g_wallace.u_tree.\genblk1.g_reduce.u_next.$or$/home/danieltyukov/workspace/personal/tt-ihp-int8-npu/src/npu_csa_reduce.sv:53$2001 ($or).
Removed top 1 bits (of 16) from port B of cell tt_um_danieltyukov_int8_npu.$flatten\u_core.\u_array.\g_row[1].g_col[0].u_pe.\u_mul.\g_bw.g_wallace.u_tree.\genblk1.g_reduce.u_next.$or$/home/danieltyukov/workspace/personal/tt-ihp-int8-npu/src/npu_csa_reduce.sv:53$2001 ($or).
Removed top 1 bits (of 16) from port Y of cell tt_um_danieltyukov_int8_npu.$flatten\u_core.\u_array.\g_row[1].g_col[0].u_pe.\u_mul.\g_bw.g_wallace.u_tree.\genblk1.g_reduce.u_next.$and$/home/danieltyukov/workspace/personal/tt-ihp-int8-npu/src/npu_csa_reduce.sv:53$2002 ($and).
Removed top 1 bits (of 16) from port A of cell tt_um_danieltyukov_int8_npu.$flatten\u_core.\u_array.\g_row[1].g_col[0].u_pe.\u_mul.\g_bw.g_wallace.u_tree.\genblk1.g_reduce.u_next.$and$/home/danieltyukov/workspace/personal/tt-ihp-int8-npu/src/npu_csa_reduce.sv:53$2002 ($and).
Removed top 1 bits (of 16) from port B of cell tt_um_danieltyukov_int8_npu.$flatten\u_core.\u_array.\g_row[1].g_col[0].u_pe.\u_mul.\g_bw.g_wallace.u_tree.\genblk1.g_reduce.u_next.$and$/home/danieltyukov/workspace/personal/tt-ihp-int8-npu/src/npu_csa_reduce.sv:53$2002 ($and).
Removed top 1 bits (of 16) from port Y of cell tt_um_danieltyukov_int8_npu.$flatten\u_core.\u_array.\g_row[1].g_col[0].u_pe.\u_mul.\g_bw.g_wallace.u_tree.\genblk1.g_reduce.u_next.\genblk1.g_reduce.u_next.\genblk1.g_reduce.u_next.$or$/home/danieltyukov/workspace/personal/tt-ihp-int8-npu/src/npu_csa_reduce.sv:53$1860 ($or).
Removed top 1 bits (of 16) from port A of cell tt_um_danieltyukov_int8_npu.$flatten\u_core.\u_array.\g_row[1].g_col[0].u_pe.\u_mul.\g_bw.g_wallace.u_tree.\genblk1.g_reduce.u_next.\genblk1.g_reduce.u_next.\genblk1.g_reduce.u_next.$or$/home/danieltyukov/workspace/personal/tt-ihp-int8-npu/src/npu_csa_reduce.sv:53$1860 ($or).
Removed top 1 bits (of 16) from port B of cell tt_um_danieltyukov_int8_npu.$flatten\u_core.\u_array.\g_row[1].g_col[0].u_pe.\u_mul.\g_bw.g_wallace.u_tree.\genblk1.g_reduce.u_next.\genblk1.g_reduce.u_next.\genblk1.g_reduce.u_next.$or$/home/danieltyukov/workspace/personal/tt-ihp-int8-npu/src/npu_csa_reduce.sv:53$1860 ($or).
Removed top 1 bits (of 16) from port Y of cell tt_um_danieltyukov_int8_npu.$flatten\u_core.\u_array.\g_row[1].g_col[0].u_pe.\u_mul.\g_bw.g_wallace.u_tree.\genblk1.g_reduce.u_next.\genblk1.g_reduce.u_next.\genblk1.g_reduce.u_next.$and$/home/danieltyukov/workspace/personal/tt-ihp-int8-npu/src/npu_csa_reduce.sv:53$1861 ($and).
Removed top 1 bits (of 16) from port A of cell tt_um_danieltyukov_int8_npu.$flatten\u_core.\u_array.\g_row[1].g_col[0].u_pe.\u_mul.\g_bw.g_wallace.u_tree.\genblk1.g_reduce.u_next.\genblk1.g_reduce.u_next.\genblk1.g_reduce.u_next.$and$/home/danieltyukov/workspace/personal/tt-ihp-int8-npu/src/npu_csa_reduce.sv:53$1861 ($and).
Removed top 1 bits (of 16) from port B of cell tt_um_danieltyukov_int8_npu.$flatten\u_core.\u_array.\g_row[1].g_col[0].u_pe.\u_mul.\g_bw.g_wallace.u_tree.\genblk1.g_reduce.u_next.\genblk1.g_reduce.u_next.\genblk1.g_reduce.u_next.$and$/home/danieltyukov/workspace/personal/tt-ihp-int8-npu/src/npu_csa_reduce.sv:53$1861 ($and).
Removed top 1 bits (of 16) from port Y of cell tt_um_danieltyukov_int8_npu.$flatten\u_core.\u_array.\g_row[1].g_col[1].u_pe.\u_mul.\g_bw.g_wallace.u_tree.\genblk1.g_reduce.u_next.$or$/home/danieltyukov/workspace/personal/tt-ihp-int8-npu/src/npu_csa_reduce.sv:53$1994 ($or).
Removed top 1 bits (of 16) from port A of cell tt_um_danieltyukov_int8_npu.$flatten\u_core.\u_array.\g_row[1].g_col[1].u_pe.\u_mul.\g_bw.g_wallace.u_tree.\genblk1.g_reduce.u_next.$or$/home/danieltyukov/workspace/personal/tt-ihp-int8-npu/src/npu_csa_reduce.sv:53$1994 ($or).
Removed top 1 bits (of 16) from port B of cell tt_um_danieltyukov_int8_npu.$flatten\u_core.\u_array.\g_row[1].g_col[1].u_pe.\u_mul.\g_bw.g_wallace.u_tree.\genblk1.g_reduce.u_next.$or$/home/danieltyukov/workspace/personal/tt-ihp-int8-npu/src/npu_csa_reduce.sv:53$1994 ($or).
Removed top 1 bits (of 16) from port Y of cell tt_um_danieltyukov_int8_npu.$flatten\u_core.\u_array.\g_row[1].g_col[1].u_pe.\u_mul.\g_bw.g_wallace.u_tree.\genblk1.g_reduce.u_next.$and$/home/danieltyukov/workspace/personal/tt-ihp-int8-npu/src/npu_csa_reduce.sv:53$1995 ($and).
Removed top 1 bits (of 16) from port A of cell tt_um_danieltyukov_int8_npu.$flatten\u_core.\u_array.\g_row[1].g_col[1].u_pe.\u_mul.\g_bw.g_wallace.u_tree.\genblk1.g_reduce.u_next.$and$/home/danieltyukov/workspace/personal/tt-ihp-int8-npu/src/npu_csa_reduce.sv:53$1995 ($and).
Removed top 1 bits (of 16) from port B of cell tt_um_danieltyukov_int8_npu.$flatten\u_core.\u_array.\g_row[1].g_col[1].u_pe.\u_mul.\g_bw.g_wallace.u_tree.\genblk1.g_reduce.u_next.$and$/home/danieltyukov/workspace/personal/tt-ihp-int8-npu/src/npu_csa_reduce.sv:53$1995 ($and).
Removed top 1 bits (of 16) from port Y of cell tt_um_danieltyukov_int8_npu.$flatten\u_core.\u_array.\g_row[1].g_col[1].u_pe.\u_mul.\g_bw.g_wallace.u_tree.\genblk1.g_reduce.u_next.$or$/home/danieltyukov/workspace/personal/tt-ihp-int8-npu/src/npu_csa_reduce.sv:53$2001 ($or).
Removed top 1 bits (of 16) from port A of cell tt_um_danieltyukov_int8_npu.$flatten\u_core.\u_array.\g_row[1].g_col[1].u_pe.\u_mul.\g_bw.g_wallace.u_tree.\genblk1.g_reduce.u_next.$or$/home/danieltyukov/workspace/personal/tt-ihp-int8-npu/src/npu_csa_reduce.sv:53$2001 ($or).
Removed top 1 bits (of 16) from port B of cell tt_um_danieltyukov_int8_npu.$flatten\u_core.\u_array.\g_row[1].g_col[1].u_pe.\u_mul.\g_bw.g_wallace.u_tree.\genblk1.g_reduce.u_next.$or$/home/danieltyukov/workspace/personal/tt-ihp-int8-npu/src/npu_csa_reduce.sv:53$2001 ($or).
Removed top 1 bits (of 16) from port Y of cell tt_um_danieltyukov_int8_npu.$flatten\u_core.\u_array.\g_row[1].g_col[1].u_pe.\u_mul.\g_bw.g_wallace.u_tree.\genblk1.g_reduce.u_next.$and$/home/danieltyukov/workspace/personal/tt-ihp-int8-npu/src/npu_csa_reduce.sv:53$2002 ($and).
Removed top 1 bits (of 16) from port A of cell tt_um_danieltyukov_int8_npu.$flatten\u_core.\u_array.\g_row[1].g_col[1].u_pe.\u_mul.\g_bw.g_wallace.u_tree.\genblk1.g_reduce.u_next.$and$/home/danieltyukov/workspace/personal/tt-ihp-int8-npu/src/npu_csa_reduce.sv:53$2002 ($and).
Removed top 1 bits (of 16) from port B of cell tt_um_danieltyukov_int8_npu.$flatten\u_core.\u_array.\g_row[1].g_col[1].u_pe.\u_mul.\g_bw.g_wallace.u_tree.\genblk1.g_reduce.u_next.$and$/home/danieltyukov/workspace/personal/tt-ihp-int8-npu/src/npu_csa_reduce.sv:53$2002 ($and).
Removed top 1 bits (of 16) from port Y of cell tt_um_danieltyukov_int8_npu.$flatten\u_core.\u_array.\g_row[1].g_col[1].u_pe.\u_mul.\g_bw.g_wallace.u_tree.\genblk1.g_reduce.u_next.\genblk1.g_reduce.u_next.\genblk1.g_reduce.u_next.$or$/home/danieltyukov/workspace/personal/tt-ihp-int8-npu/src/npu_csa_reduce.sv:53$1860 ($or).
Removed top 1 bits (of 16) from port A of cell tt_um_danieltyukov_int8_npu.$flatten\u_core.\u_array.\g_row[1].g_col[1].u_pe.\u_mul.\g_bw.g_wallace.u_tree.\genblk1.g_reduce.u_next.\genblk1.g_reduce.u_next.\genblk1.g_reduce.u_next.$or$/home/danieltyukov/workspace/personal/tt-ihp-int8-npu/src/npu_csa_reduce.sv:53$1860 ($or).
Removed top 1 bits (of 16) from port B of cell tt_um_danieltyukov_int8_npu.$flatten\u_core.\u_array.\g_row[1].g_col[1].u_pe.\u_mul.\g_bw.g_wallace.u_tree.\genblk1.g_reduce.u_next.\genblk1.g_reduce.u_next.\genblk1.g_reduce.u_next.$or$/home/danieltyukov/workspace/personal/tt-ihp-int8-npu/src/npu_csa_reduce.sv:53$1860 ($or).
Removed top 1 bits (of 16) from port Y of cell tt_um_danieltyukov_int8_npu.$flatten\u_core.\u_array.\g_row[1].g_col[1].u_pe.\u_mul.\g_bw.g_wallace.u_tree.\genblk1.g_reduce.u_next.\genblk1.g_reduce.u_next.\genblk1.g_reduce.u_next.$and$/home/danieltyukov/workspace/personal/tt-ihp-int8-npu/src/npu_csa_reduce.sv:53$1861 ($and).
Removed top 1 bits (of 16) from port A of cell tt_um_danieltyukov_int8_npu.$flatten\u_core.\u_array.\g_row[1].g_col[1].u_pe.\u_mul.\g_bw.g_wallace.u_tree.\genblk1.g_reduce.u_next.\genblk1.g_reduce.u_next.\genblk1.g_reduce.u_next.$and$/home/danieltyukov/workspace/personal/tt-ihp-int8-npu/src/npu_csa_reduce.sv:53$1861 ($and).
Removed top 1 bits (of 16) from port B of cell tt_um_danieltyukov_int8_npu.$flatten\u_core.\u_array.\g_row[1].g_col[1].u_pe.\u_mul.\g_bw.g_wallace.u_tree.\genblk1.g_reduce.u_next.\genblk1.g_reduce.u_next.\genblk1.g_reduce.u_next.$and$/home/danieltyukov/workspace/personal/tt-ihp-int8-npu/src/npu_csa_reduce.sv:53$1861 ($and).
Removed top 1 bits (of 16) from port Y of cell tt_um_danieltyukov_int8_npu.$flatten\u_core.\u_array.\g_row[2].g_col[0].u_pe.\u_mul.\g_bw.g_wallace.u_tree.\genblk1.g_reduce.u_next.$or$/home/danieltyukov/workspace/personal/tt-ihp-int8-npu/src/npu_csa_reduce.sv:53$1994 ($or).
Removed top 1 bits (of 16) from port A of cell tt_um_danieltyukov_int8_npu.$flatten\u_core.\u_array.\g_row[2].g_col[0].u_pe.\u_mul.\g_bw.g_wallace.u_tree.\genblk1.g_reduce.u_next.$or$/home/danieltyukov/workspace/personal/tt-ihp-int8-npu/src/npu_csa_reduce.sv:53$1994 ($or).
Removed top 1 bits (of 16) from port B of cell tt_um_danieltyukov_int8_npu.$flatten\u_core.\u_array.\g_row[2].g_col[0].u_pe.\u_mul.\g_bw.g_wallace.u_tree.\genblk1.g_reduce.u_next.$or$/home/danieltyukov/workspace/personal/tt-ihp-int8-npu/src/npu_csa_reduce.sv:53$1994 ($or).
Removed top 1 bits (of 16) from port Y of cell tt_um_danieltyukov_int8_npu.$flatten\u_core.\u_array.\g_row[2].g_col[0].u_pe.\u_mul.\g_bw.g_wallace.u_tree.\genblk1.g_reduce.u_next.$and$/home/danieltyukov/workspace/personal/tt-ihp-int8-npu/src/npu_csa_reduce.sv:53$1995 ($and).
Removed top 1 bits (of 16) from port A of cell tt_um_danieltyukov_int8_npu.$flatten\u_core.\u_array.\g_row[2].g_col[0].u_pe.\u_mul.\g_bw.g_wallace.u_tree.\genblk1.g_reduce.u_next.$and$/home/danieltyukov/workspace/personal/tt-ihp-int8-npu/src/npu_csa_reduce.sv:53$1995 ($and).
Removed top 1 bits (of 16) from port B of cell tt_um_danieltyukov_int8_npu.$flatten\u_core.\u_array.\g_row[2].g_col[0].u_pe.\u_mul.\g_bw.g_wallace.u_tree.\genblk1.g_reduce.u_next.$and$/home/danieltyukov/workspace/personal/tt-ihp-int8-npu/src/npu_csa_reduce.sv:53$1995 ($and).
Removed top 1 bits (of 16) from port Y of cell tt_um_danieltyukov_int8_npu.$flatten\u_core.\u_array.\g_row[2].g_col[0].u_pe.\u_mul.\g_bw.g_wallace.u_tree.\genblk1.g_reduce.u_next.$or$/home/danieltyukov/workspace/personal/tt-ihp-int8-npu/src/npu_csa_reduce.sv:53$2001 ($or).
Removed top 1 bits (of 16) from port A of cell tt_um_danieltyukov_int8_npu.$flatten\u_core.\u_array.\g_row[2].g_col[0].u_pe.\u_mul.\g_bw.g_wallace.u_tree.\genblk1.g_reduce.u_next.$or$/home/danieltyukov/workspace/personal/tt-ihp-int8-npu/src/npu_csa_reduce.sv:53$2001 ($or).
Removed top 1 bits (of 16) from port B of cell tt_um_danieltyukov_int8_npu.$flatten\u_core.\u_array.\g_row[2].g_col[0].u_pe.\u_mul.\g_bw.g_wallace.u_tree.\genblk1.g_reduce.u_next.$or$/home/danieltyukov/workspace/personal/tt-ihp-int8-npu/src/npu_csa_reduce.sv:53$2001 ($or).
Removed top 1 bits (of 16) from port Y of cell tt_um_danieltyukov_int8_npu.$flatten\u_core.\u_array.\g_row[2].g_col[0].u_pe.\u_mul.\g_bw.g_wallace.u_tree.\genblk1.g_reduce.u_next.$and$/home/danieltyukov/workspace/personal/tt-ihp-int8-npu/src/npu_csa_reduce.sv:53$2002 ($and).
Removed top 1 bits (of 16) from port A of cell tt_um_danieltyukov_int8_npu.$flatten\u_core.\u_array.\g_row[2].g_col[0].u_pe.\u_mul.\g_bw.g_wallace.u_tree.\genblk1.g_reduce.u_next.$and$/home/danieltyukov/workspace/personal/tt-ihp-int8-npu/src/npu_csa_reduce.sv:53$2002 ($and).
Removed top 1 bits (of 16) from port B of cell tt_um_danieltyukov_int8_npu.$flatten\u_core.\u_array.\g_row[2].g_col[0].u_pe.\u_mul.\g_bw.g_wallace.u_tree.\genblk1.g_reduce.u_next.$and$/home/danieltyukov/workspace/personal/tt-ihp-int8-npu/src/npu_csa_reduce.sv:53$2002 ($and).
Removed top 1 bits (of 16) from port Y of cell tt_um_danieltyukov_int8_npu.$flatten\u_core.\u_array.\g_row[2].g_col[0].u_pe.\u_mul.\g_bw.g_wallace.u_tree.\genblk1.g_reduce.u_next.\genblk1.g_reduce.u_next.\genblk1.g_reduce.u_next.$or$/home/danieltyukov/workspace/personal/tt-ihp-int8-npu/src/npu_csa_reduce.sv:53$1860 ($or).
Removed top 1 bits (of 16) from port A of cell tt_um_danieltyukov_int8_npu.$flatten\u_core.\u_array.\g_row[2].g_col[0].u_pe.\u_mul.\g_bw.g_wallace.u_tree.\genblk1.g_reduce.u_next.\genblk1.g_reduce.u_next.\genblk1.g_reduce.u_next.$or$/home/danieltyukov/workspace/personal/tt-ihp-int8-npu/src/npu_csa_reduce.sv:53$1860 ($or).
Removed top 1 bits (of 16) from port B of cell tt_um_danieltyukov_int8_npu.$flatten\u_core.\u_array.\g_row[2].g_col[0].u_pe.\u_mul.\g_bw.g_wallace.u_tree.\genblk1.g_reduce.u_next.\genblk1.g_reduce.u_next.\genblk1.g_reduce.u_next.$or$/home/danieltyukov/workspace/personal/tt-ihp-int8-npu/src/npu_csa_reduce.sv:53$1860 ($or).
Removed top 1 bits (of 16) from port Y of cell tt_um_danieltyukov_int8_npu.$flatten\u_core.\u_array.\g_row[2].g_col[0].u_pe.\u_mul.\g_bw.g_wallace.u_tree.\genblk1.g_reduce.u_next.\genblk1.g_reduce.u_next.\genblk1.g_reduce.u_next.$and$/home/danieltyukov/workspace/personal/tt-ihp-int8-npu/src/npu_csa_reduce.sv:53$1861 ($and).
Removed top 1 bits (of 16) from port A of cell tt_um_danieltyukov_int8_npu.$flatten\u_core.\u_array.\g_row[2].g_col[0].u_pe.\u_mul.\g_bw.g_wallace.u_tree.\genblk1.g_reduce.u_next.\genblk1.g_reduce.u_next.\genblk1.g_reduce.u_next.$and$/home/danieltyukov/workspace/personal/tt-ihp-int8-npu/src/npu_csa_reduce.sv:53$1861 ($and).
Removed top 1 bits (of 16) from port B of cell tt_um_danieltyukov_int8_npu.$flatten\u_core.\u_array.\g_row[2].g_col[0].u_pe.\u_mul.\g_bw.g_wallace.u_tree.\genblk1.g_reduce.u_next.\genblk1.g_reduce.u_next.\genblk1.g_reduce.u_next.$and$/home/danieltyukov/workspace/personal/tt-ihp-int8-npu/src/npu_csa_reduce.sv:53$1861 ($and).
Removed top 1 bits (of 16) from port Y of cell tt_um_danieltyukov_int8_npu.$flatten\u_core.\u_array.\g_row[2].g_col[1].u_pe.\u_mul.\g_bw.g_wallace.u_tree.\genblk1.g_reduce.u_next.$or$/home/danieltyukov/workspace/personal/tt-ihp-int8-npu/src/npu_csa_reduce.sv:53$1994 ($or).
Removed top 1 bits (of 16) from port A of cell tt_um_danieltyukov_int8_npu.$flatten\u_core.\u_array.\g_row[2].g_col[1].u_pe.\u_mul.\g_bw.g_wallace.u_tree.\genblk1.g_reduce.u_next.$or$/home/danieltyukov/workspace/personal/tt-ihp-int8-npu/src/npu_csa_reduce.sv:53$1994 ($or).
Removed top 1 bits (of 16) from port B of cell tt_um_danieltyukov_int8_npu.$flatten\u_core.\u_array.\g_row[2].g_col[1].u_pe.\u_mul.\g_bw.g_wallace.u_tree.\genblk1.g_reduce.u_next.$or$/home/danieltyukov/workspace/personal/tt-ihp-int8-npu/src/npu_csa_reduce.sv:53$1994 ($or).
Removed top 1 bits (of 16) from port Y of cell tt_um_danieltyukov_int8_npu.$flatten\u_core.\u_array.\g_row[2].g_col[1].u_pe.\u_mul.\g_bw.g_wallace.u_tree.\genblk1.g_reduce.u_next.$and$/home/danieltyukov/workspace/personal/tt-ihp-int8-npu/src/npu_csa_reduce.sv:53$1995 ($and).
Removed top 1 bits (of 16) from port A of cell tt_um_danieltyukov_int8_npu.$flatten\u_core.\u_array.\g_row[2].g_col[1].u_pe.\u_mul.\g_bw.g_wallace.u_tree.\genblk1.g_reduce.u_next.$and$/home/danieltyukov/workspace/personal/tt-ihp-int8-npu/src/npu_csa_reduce.sv:53$1995 ($and).
Removed top 1 bits (of 16) from port B of cell tt_um_danieltyukov_int8_npu.$flatten\u_core.\u_array.\g_row[2].g_col[1].u_pe.\u_mul.\g_bw.g_wallace.u_tree.\genblk1.g_reduce.u_next.$and$/home/danieltyukov/workspace/personal/tt-ihp-int8-npu/src/npu_csa_reduce.sv:53$1995 ($and).
Removed top 1 bits (of 16) from port Y of cell tt_um_danieltyukov_int8_npu.$flatten\u_core.\u_array.\g_row[2].g_col[1].u_pe.\u_mul.\g_bw.g_wallace.u_tree.\genblk1.g_reduce.u_next.$or$/home/danieltyukov/workspace/personal/tt-ihp-int8-npu/src/npu_csa_reduce.sv:53$2001 ($or).
Removed top 1 bits (of 16) from port A of cell tt_um_danieltyukov_int8_npu.$flatten\u_core.\u_array.\g_row[2].g_col[1].u_pe.\u_mul.\g_bw.g_wallace.u_tree.\genblk1.g_reduce.u_next.$or$/home/danieltyukov/workspace/personal/tt-ihp-int8-npu/src/npu_csa_reduce.sv:53$2001 ($or).
Removed top 1 bits (of 16) from port B of cell tt_um_danieltyukov_int8_npu.$flatten\u_core.\u_array.\g_row[2].g_col[1].u_pe.\u_mul.\g_bw.g_wallace.u_tree.\genblk1.g_reduce.u_next.$or$/home/danieltyukov/workspace/personal/tt-ihp-int8-npu/src/npu_csa_reduce.sv:53$2001 ($or).
Removed top 1 bits (of 16) from port Y of cell tt_um_danieltyukov_int8_npu.$flatten\u_core.\u_array.\g_row[2].g_col[1].u_pe.\u_mul.\g_bw.g_wallace.u_tree.\genblk1.g_reduce.u_next.$and$/home/danieltyukov/workspace/personal/tt-ihp-int8-npu/src/npu_csa_reduce.sv:53$2002 ($and).
Removed top 1 bits (of 16) from port A of cell tt_um_danieltyukov_int8_npu.$flatten\u_core.\u_array.\g_row[2].g_col[1].u_pe.\u_mul.\g_bw.g_wallace.u_tree.\genblk1.g_reduce.u_next.$and$/home/danieltyukov/workspace/personal/tt-ihp-int8-npu/src/npu_csa_reduce.sv:53$2002 ($and).
Removed top 1 bits (of 16) from port B of cell tt_um_danieltyukov_int8_npu.$flatten\u_core.\u_array.\g_row[2].g_col[1].u_pe.\u_mul.\g_bw.g_wallace.u_tree.\genblk1.g_reduce.u_next.$and$/home/danieltyukov/workspace/personal/tt-ihp-int8-npu/src/npu_csa_reduce.sv:53$2002 ($and).
Removed top 1 bits (of 16) from port Y of cell tt_um_danieltyukov_int8_npu.$flatten\u_core.\u_array.\g_row[2].g_col[1].u_pe.\u_mul.\g_bw.g_wallace.u_tree.\genblk1.g_reduce.u_next.\genblk1.g_reduce.u_next.\genblk1.g_reduce.u_next.$or$/home/danieltyukov/workspace/personal/tt-ihp-int8-npu/src/npu_csa_reduce.sv:53$1860 ($or).
Removed top 1 bits (of 16) from port A of cell tt_um_danieltyukov_int8_npu.$flatten\u_core.\u_array.\g_row[2].g_col[1].u_pe.\u_mul.\g_bw.g_wallace.u_tree.\genblk1.g_reduce.u_next.\genblk1.g_reduce.u_next.\genblk1.g_reduce.u_next.$or$/home/danieltyukov/workspace/personal/tt-ihp-int8-npu/src/npu_csa_reduce.sv:53$1860 ($or).
Removed top 1 bits (of 16) from port B of cell tt_um_danieltyukov_int8_npu.$flatten\u_core.\u_array.\g_row[2].g_col[1].u_pe.\u_mul.\g_bw.g_wallace.u_tree.\genblk1.g_reduce.u_next.\genblk1.g_reduce.u_next.\genblk1.g_reduce.u_next.$or$/home/danieltyukov/workspace/personal/tt-ihp-int8-npu/src/npu_csa_reduce.sv:53$1860 ($or).
Removed top 1 bits (of 16) from port Y of cell tt_um_danieltyukov_int8_npu.$flatten\u_core.\u_array.\g_row[2].g_col[1].u_pe.\u_mul.\g_bw.g_wallace.u_tree.\genblk1.g_reduce.u_next.\genblk1.g_reduce.u_next.\genblk1.g_reduce.u_next.$and$/home/danieltyukov/workspace/personal/tt-ihp-int8-npu/src/npu_csa_reduce.sv:53$1861 ($and).
Removed top 1 bits (of 16) from port A of cell tt_um_danieltyukov_int8_npu.$flatten\u_core.\u_array.\g_row[2].g_col[1].u_pe.\u_mul.\g_bw.g_wallace.u_tree.\genblk1.g_reduce.u_next.\genblk1.g_reduce.u_next.\genblk1.g_reduce.u_next.$and$/home/danieltyukov/workspace/personal/tt-ihp-int8-npu/src/npu_csa_reduce.sv:53$1861 ($and).
Removed top 1 bits (of 16) from port B of cell tt_um_danieltyukov_int8_npu.$flatten\u_core.\u_array.\g_row[2].g_col[1].u_pe.\u_mul.\g_bw.g_wallace.u_tree.\genblk1.g_reduce.u_next.\genblk1.g_reduce.u_next.\genblk1.g_reduce.u_next.$and$/home/danieltyukov/workspace/personal/tt-ihp-int8-npu/src/npu_csa_reduce.sv:53$1861 ($and).
Removed top 1 bits (of 16) from port Y of cell tt_um_danieltyukov_int8_npu.$flatten\u_core.\u_array.\g_row[3].g_col[0].u_pe.\u_mul.\g_bw.g_wallace.u_tree.\genblk1.g_reduce.u_next.$or$/home/danieltyukov/workspace/personal/tt-ihp-int8-npu/src/npu_csa_reduce.sv:53$1994 ($or).
Removed top 1 bits (of 16) from port A of cell tt_um_danieltyukov_int8_npu.$flatten\u_core.\u_array.\g_row[3].g_col[0].u_pe.\u_mul.\g_bw.g_wallace.u_tree.\genblk1.g_reduce.u_next.$or$/home/danieltyukov/workspace/personal/tt-ihp-int8-npu/src/npu_csa_reduce.sv:53$1994 ($or).
Removed top 1 bits (of 16) from port B of cell tt_um_danieltyukov_int8_npu.$flatten\u_core.\u_array.\g_row[3].g_col[0].u_pe.\u_mul.\g_bw.g_wallace.u_tree.\genblk1.g_reduce.u_next.$or$/home/danieltyukov/workspace/personal/tt-ihp-int8-npu/src/npu_csa_reduce.sv:53$1994 ($or).
Removed top 1 bits (of 16) from port Y of cell tt_um_danieltyukov_int8_npu.$flatten\u_core.\u_array.\g_row[3].g_col[0].u_pe.\u_mul.\g_bw.g_wallace.u_tree.\genblk1.g_reduce.u_next.$and$/home/danieltyukov/workspace/personal/tt-ihp-int8-npu/src/npu_csa_reduce.sv:53$1995 ($and).
Removed top 1 bits (of 16) from port A of cell tt_um_danieltyukov_int8_npu.$flatten\u_core.\u_array.\g_row[3].g_col[0].u_pe.\u_mul.\g_bw.g_wallace.u_tree.\genblk1.g_reduce.u_next.$and$/home/danieltyukov/workspace/personal/tt-ihp-int8-npu/src/npu_csa_reduce.sv:53$1995 ($and).
Removed top 1 bits (of 16) from port B of cell tt_um_danieltyukov_int8_npu.$flatten\u_core.\u_array.\g_row[3].g_col[0].u_pe.\u_mul.\g_bw.g_wallace.u_tree.\genblk1.g_reduce.u_next.$and$/home/danieltyukov/workspace/personal/tt-ihp-int8-npu/src/npu_csa_reduce.sv:53$1995 ($and).
Removed top 1 bits (of 16) from port Y of cell tt_um_danieltyukov_int8_npu.$flatten\u_core.\u_array.\g_row[3].g_col[0].u_pe.\u_mul.\g_bw.g_wallace.u_tree.\genblk1.g_reduce.u_next.$or$/home/danieltyukov/workspace/personal/tt-ihp-int8-npu/src/npu_csa_reduce.sv:53$2001 ($or).
Removed top 1 bits (of 16) from port A of cell tt_um_danieltyukov_int8_npu.$flatten\u_core.\u_array.\g_row[3].g_col[0].u_pe.\u_mul.\g_bw.g_wallace.u_tree.\genblk1.g_reduce.u_next.$or$/home/danieltyukov/workspace/personal/tt-ihp-int8-npu/src/npu_csa_reduce.sv:53$2001 ($or).
Removed top 1 bits (of 16) from port B of cell tt_um_danieltyukov_int8_npu.$flatten\u_core.\u_array.\g_row[3].g_col[0].u_pe.\u_mul.\g_bw.g_wallace.u_tree.\genblk1.g_reduce.u_next.$or$/home/danieltyukov/workspace/personal/tt-ihp-int8-npu/src/npu_csa_reduce.sv:53$2001 ($or).
Removed top 1 bits (of 16) from port Y of cell tt_um_danieltyukov_int8_npu.$flatten\u_core.\u_array.\g_row[3].g_col[0].u_pe.\u_mul.\g_bw.g_wallace.u_tree.\genblk1.g_reduce.u_next.$and$/home/danieltyukov/workspace/personal/tt-ihp-int8-npu/src/npu_csa_reduce.sv:53$2002 ($and).
Removed top 1 bits (of 16) from port A of cell tt_um_danieltyukov_int8_npu.$flatten\u_core.\u_array.\g_row[3].g_col[0].u_pe.\u_mul.\g_bw.g_wallace.u_tree.\genblk1.g_reduce.u_next.$and$/home/danieltyukov/workspace/personal/tt-ihp-int8-npu/src/npu_csa_reduce.sv:53$2002 ($and).
Removed top 1 bits (of 16) from port B of cell tt_um_danieltyukov_int8_npu.$flatten\u_core.\u_array.\g_row[3].g_col[0].u_pe.\u_mul.\g_bw.g_wallace.u_tree.\genblk1.g_reduce.u_next.$and$/home/danieltyukov/workspace/personal/tt-ihp-int8-npu/src/npu_csa_reduce.sv:53$2002 ($and).
Removed top 1 bits (of 16) from port Y of cell tt_um_danieltyukov_int8_npu.$flatten\u_core.\u_array.\g_row[3].g_col[0].u_pe.\u_mul.\g_bw.g_wallace.u_tree.\genblk1.g_reduce.u_next.\genblk1.g_reduce.u_next.\genblk1.g_reduce.u_next.$or$/home/danieltyukov/workspace/personal/tt-ihp-int8-npu/src/npu_csa_reduce.sv:53$1860 ($or).
Removed top 1 bits (of 16) from port A of cell tt_um_danieltyukov_int8_npu.$flatten\u_core.\u_array.\g_row[3].g_col[0].u_pe.\u_mul.\g_bw.g_wallace.u_tree.\genblk1.g_reduce.u_next.\genblk1.g_reduce.u_next.\genblk1.g_reduce.u_next.$or$/home/danieltyukov/workspace/personal/tt-ihp-int8-npu/src/npu_csa_reduce.sv:53$1860 ($or).
Removed top 1 bits (of 16) from port B of cell tt_um_danieltyukov_int8_npu.$flatten\u_core.\u_array.\g_row[3].g_col[0].u_pe.\u_mul.\g_bw.g_wallace.u_tree.\genblk1.g_reduce.u_next.\genblk1.g_reduce.u_next.\genblk1.g_reduce.u_next.$or$/home/danieltyukov/workspace/personal/tt-ihp-int8-npu/src/npu_csa_reduce.sv:53$1860 ($or).
Removed top 1 bits (of 16) from port Y of cell tt_um_danieltyukov_int8_npu.$flatten\u_core.\u_array.\g_row[3].g_col[0].u_pe.\u_mul.\g_bw.g_wallace.u_tree.\genblk1.g_reduce.u_next.\genblk1.g_reduce.u_next.\genblk1.g_reduce.u_next.$and$/home/danieltyukov/workspace/personal/tt-ihp-int8-npu/src/npu_csa_reduce.sv:53$1861 ($and).
Removed top 1 bits (of 16) from port A of cell tt_um_danieltyukov_int8_npu.$flatten\u_core.\u_array.\g_row[3].g_col[0].u_pe.\u_mul.\g_bw.g_wallace.u_tree.\genblk1.g_reduce.u_next.\genblk1.g_reduce.u_next.\genblk1.g_reduce.u_next.$and$/home/danieltyukov/workspace/personal/tt-ihp-int8-npu/src/npu_csa_reduce.sv:53$1861 ($and).
Removed top 1 bits (of 16) from port B of cell tt_um_danieltyukov_int8_npu.$flatten\u_core.\u_array.\g_row[3].g_col[0].u_pe.\u_mul.\g_bw.g_wallace.u_tree.\genblk1.g_reduce.u_next.\genblk1.g_reduce.u_next.\genblk1.g_reduce.u_next.$and$/home/danieltyukov/workspace/personal/tt-ihp-int8-npu/src/npu_csa_reduce.sv:53$1861 ($and).
Removed top 1 bits (of 2) from port A of cell tt_um_danieltyukov_int8_npu.$auto$opt_expr.cc:706:replace_const_cells$2894 ($not).
Removed top 6 bits (of 16) from port A of cell tt_um_danieltyukov_int8_npu.$flatten\u_core.\u_array.\g_row[3].g_col[1].u_pe.\u_mul.\g_bw.g_wallace.u_tree.\genblk1.g_reduce.u_next.$and$/home/danieltyukov/workspace/personal/tt-ihp-int8-npu/src/npu_csa_reduce.sv:53$1992 ($and).
Removed top 1 bits (of 16) from port Y of cell tt_um_danieltyukov_int8_npu.$flatten\u_core.\u_array.\g_row[3].g_col[1].u_pe.\u_mul.\g_bw.g_wallace.u_tree.\genblk1.g_reduce.u_next.$and$/home/danieltyukov/workspace/personal/tt-ihp-int8-npu/src/npu_csa_reduce.sv:53$1992 ($and).
Removed top 1 bits (of 16) from port B of cell tt_um_danieltyukov_int8_npu.$flatten\u_core.\u_array.\g_row[3].g_col[1].u_pe.\u_mul.\g_bw.g_wallace.u_tree.\genblk1.g_reduce.u_next.$and$/home/danieltyukov/workspace/personal/tt-ihp-int8-npu/src/npu_csa_reduce.sv:53$1992 ($and).
Removed top 6 bits (of 16) from port A of cell tt_um_danieltyukov_int8_npu.$flatten\u_core.\u_array.\g_row[3].g_col[1].u_pe.\u_mul.\g_bw.g_wallace.u_tree.\genblk1.g_reduce.u_next.$and$/home/danieltyukov/workspace/personal/tt-ihp-int8-npu/src/npu_csa_reduce.sv:53$1993 ($and).
Removed top 1 bits (of 16) from port Y of cell tt_um_danieltyukov_int8_npu.$flatten\u_core.\u_array.\g_row[3].g_col[1].u_pe.\u_mul.\g_bw.g_wallace.u_tree.\genblk1.g_reduce.u_next.$and$/home/danieltyukov/workspace/personal/tt-ihp-int8-npu/src/npu_csa_reduce.sv:53$1993 ($and).
Removed top 1 bits (of 16) from port B of cell tt_um_danieltyukov_int8_npu.$flatten\u_core.\u_array.\g_row[3].g_col[1].u_pe.\u_mul.\g_bw.g_wallace.u_tree.\genblk1.g_reduce.u_next.$and$/home/danieltyukov/workspace/personal/tt-ihp-int8-npu/src/npu_csa_reduce.sv:53$1993 ($and).
Removed top 1 bits (of 16) from port Y of cell tt_um_danieltyukov_int8_npu.$flatten\u_core.\u_array.\g_row[3].g_col[1].u_pe.\u_mul.\g_bw.g_wallace.u_tree.\genblk1.g_reduce.u_next.$and$/home/danieltyukov/workspace/personal/tt-ihp-int8-npu/src/npu_csa_reduce.sv:53$1999 ($and).
Removed top 1 bits (of 16) from port A of cell tt_um_danieltyukov_int8_npu.$flatten\u_core.\u_array.\g_row[3].g_col[1].u_pe.\u_mul.\g_bw.g_wallace.u_tree.\genblk1.g_reduce.u_next.$and$/home/danieltyukov/workspace/personal/tt-ihp-int8-npu/src/npu_csa_reduce.sv:53$1999 ($and).
Removed top 1 bits (of 16) from port B of cell tt_um_danieltyukov_int8_npu.$flatten\u_core.\u_array.\g_row[3].g_col[1].u_pe.\u_mul.\g_bw.g_wallace.u_tree.\genblk1.g_reduce.u_next.$and$/home/danieltyukov/workspace/personal/tt-ihp-int8-npu/src/npu_csa_reduce.sv:53$1999 ($and).
Removed top 1 bits (of 16) from port Y of cell tt_um_danieltyukov_int8_npu.$flatten\u_core.\u_array.\g_row[3].g_col[1].u_pe.\u_mul.\g_bw.g_wallace.u_tree.\genblk1.g_reduce.u_next.$and$/home/danieltyukov/workspace/personal/tt-ihp-int8-npu/src/npu_csa_reduce.sv:53$2000 ($and).
Removed top 1 bits (of 16) from port A of cell tt_um_danieltyukov_int8_npu.$flatten\u_core.\u_array.\g_row[3].g_col[1].u_pe.\u_mul.\g_bw.g_wallace.u_tree.\genblk1.g_reduce.u_next.$and$/home/danieltyukov/workspace/personal/tt-ihp-int8-npu/src/npu_csa_reduce.sv:53$2000 ($and).
Removed top 1 bits (of 16) from port B of cell tt_um_danieltyukov_int8_npu.$flatten\u_core.\u_array.\g_row[3].g_col[1].u_pe.\u_mul.\g_bw.g_wallace.u_tree.\genblk1.g_reduce.u_next.$and$/home/danieltyukov/workspace/personal/tt-ihp-int8-npu/src/npu_csa_reduce.sv:53$2000 ($and).
Removed top 1 bits (of 16) from port Y of cell tt_um_danieltyukov_int8_npu.$flatten\u_core.\u_array.\g_row[3].g_col[1].u_pe.\u_mul.\g_bw.g_wallace.u_tree.\genblk1.g_reduce.u_next.\genblk1.g_reduce.u_next.\genblk1.g_reduce.u_next.$and$/home/danieltyukov/workspace/personal/tt-ihp-int8-npu/src/npu_csa_reduce.sv:53$1858 ($and).
Removed top 1 bits (of 16) from port A of cell tt_um_danieltyukov_int8_npu.$flatten\u_core.\u_array.\g_row[3].g_col[1].u_pe.\u_mul.\g_bw.g_wallace.u_tree.\genblk1.g_reduce.u_next.\genblk1.g_reduce.u_next.\genblk1.g_reduce.u_next.$and$/home/danieltyukov/workspace/personal/tt-ihp-int8-npu/src/npu_csa_reduce.sv:53$1858 ($and).
Removed top 1 bits (of 16) from port B of cell tt_um_danieltyukov_int8_npu.$flatten\u_core.\u_array.\g_row[3].g_col[1].u_pe.\u_mul.\g_bw.g_wallace.u_tree.\genblk1.g_reduce.u_next.\genblk1.g_reduce.u_next.\genblk1.g_reduce.u_next.$and$/home/danieltyukov/workspace/personal/tt-ihp-int8-npu/src/npu_csa_reduce.sv:53$1858 ($and).
Removed top 1 bits (of 16) from port Y of cell tt_um_danieltyukov_int8_npu.$flatten\u_core.\u_array.\g_row[3].g_col[1].u_pe.\u_mul.\g_bw.g_wallace.u_tree.\genblk1.g_reduce.u_next.\genblk1.g_reduce.u_next.\genblk1.g_reduce.u_next.$and$/home/danieltyukov/workspace/personal/tt-ihp-int8-npu/src/npu_csa_reduce.sv:53$1859 ($and).
Removed top 1 bits (of 16) from port A of cell tt_um_danieltyukov_int8_npu.$flatten\u_core.\u_array.\g_row[3].g_col[1].u_pe.\u_mul.\g_bw.g_wallace.u_tree.\genblk1.g_reduce.u_next.\genblk1.g_reduce.u_next.\genblk1.g_reduce.u_next.$and$/home/danieltyukov/workspace/personal/tt-ihp-int8-npu/src/npu_csa_reduce.sv:53$1859 ($and).
Removed top 1 bits (of 16) from port B of cell tt_um_danieltyukov_int8_npu.$flatten\u_core.\u_array.\g_row[3].g_col[1].u_pe.\u_mul.\g_bw.g_wallace.u_tree.\genblk1.g_reduce.u_next.\genblk1.g_reduce.u_next.\genblk1.g_reduce.u_next.$and$/home/danieltyukov/workspace/personal/tt-ihp-int8-npu/src/npu_csa_reduce.sv:53$1859 ($and).
Removed top 6 bits (of 16) from port A of cell tt_um_danieltyukov_int8_npu.$flatten\u_core.\u_array.\g_row[3].g_col[1].u_pe.\u_mul.\g_bw.g_wallace.u_tree.\genblk1.g_reduce.u_next.$xor$/home/danieltyukov/workspace/personal/tt-ihp-int8-npu/src/npu_csa_reduce.sv:49$1990 ($xor).
Removed top 4 bits (of 16) from port A of cell tt_um_danieltyukov_int8_npu.$flatten\u_core.\u_array.\g_row[3].g_col[1].u_pe.\u_mul.\g_bw.g_wallace.u_tree.$xor$/home/danieltyukov/workspace/personal/tt-ihp-int8-npu/src/npu_csa_reduce.sv:49$1872 ($xor).
Removed top 3 bits (of 16) from port Y of cell tt_um_danieltyukov_int8_npu.$flatten\u_core.\u_array.\g_row[3].g_col[1].u_pe.\u_mul.\g_bw.g_wallace.u_tree.$xor$/home/danieltyukov/workspace/personal/tt-ihp-int8-npu/src/npu_csa_reduce.sv:49$1872 ($xor).
Removed top 5 bits (of 15) from port B of cell tt_um_danieltyukov_int8_npu.$flatten\u_core.\u_array.\g_row[3].g_col[1].u_pe.\u_mul.\g_bw.g_wallace.u_tree.$or$/home/danieltyukov/workspace/personal/tt-ihp-int8-npu/src/npu_csa_reduce.sv:53$1870 ($or).
Removed top 6 bits (of 16) from port A of cell tt_um_danieltyukov_int8_npu.$flatten\u_core.\u_array.\g_row[0].g_col[0].u_pe.\u_mul.\g_bw.g_wallace.u_tree.\genblk1.g_reduce.u_next.$and$/home/danieltyukov/workspace/personal/tt-ihp-int8-npu/src/npu_csa_reduce.sv:53$1992 ($and).
Removed top 1 bits (of 16) from port Y of cell tt_um_danieltyukov_int8_npu.$flatten\u_core.\u_array.\g_row[0].g_col[0].u_pe.\u_mul.\g_bw.g_wallace.u_tree.\genblk1.g_reduce.u_next.$and$/home/danieltyukov/workspace/personal/tt-ihp-int8-npu/src/npu_csa_reduce.sv:53$1992 ($and).
Removed top 1 bits (of 16) from port B of cell tt_um_danieltyukov_int8_npu.$flatten\u_core.\u_array.\g_row[0].g_col[0].u_pe.\u_mul.\g_bw.g_wallace.u_tree.\genblk1.g_reduce.u_next.$and$/home/danieltyukov/workspace/personal/tt-ihp-int8-npu/src/npu_csa_reduce.sv:53$1992 ($and).
Removed top 6 bits (of 16) from port A of cell tt_um_danieltyukov_int8_npu.$flatten\u_core.\u_array.\g_row[0].g_col[0].u_pe.\u_mul.\g_bw.g_wallace.u_tree.\genblk1.g_reduce.u_next.$and$/home/danieltyukov/workspace/personal/tt-ihp-int8-npu/src/npu_csa_reduce.sv:53$1993 ($and).
Removed top 1 bits (of 16) from port Y of cell tt_um_danieltyukov_int8_npu.$flatten\u_core.\u_array.\g_row[0].g_col[0].u_pe.\u_mul.\g_bw.g_wallace.u_tree.\genblk1.g_reduce.u_next.$and$/home/danieltyukov/workspace/personal/tt-ihp-int8-npu/src/npu_csa_reduce.sv:53$1993 ($and).
Removed top 1 bits (of 16) from port B of cell tt_um_danieltyukov_int8_npu.$flatten\u_core.\u_array.\g_row[0].g_col[0].u_pe.\u_mul.\g_bw.g_wallace.u_tree.\genblk1.g_reduce.u_next.$and$/home/danieltyukov/workspace/personal/tt-ihp-int8-npu/src/npu_csa_reduce.sv:53$1993 ($and).
Removed top 1 bits (of 16) from port Y of cell tt_um_danieltyukov_int8_npu.$flatten\u_core.\u_array.\g_row[0].g_col[0].u_pe.\u_mul.\g_bw.g_wallace.u_tree.\genblk1.g_reduce.u_next.$and$/home/danieltyukov/workspace/personal/tt-ihp-int8-npu/src/npu_csa_reduce.sv:53$1999 ($and).
Removed top 1 bits (of 16) from port A of cell tt_um_danieltyukov_int8_npu.$flatten\u_core.\u_array.\g_row[0].g_col[0].u_pe.\u_mul.\g_bw.g_wallace.u_tree.\genblk1.g_reduce.u_next.$and$/home/danieltyukov/workspace/personal/tt-ihp-int8-npu/src/npu_csa_reduce.sv:53$1999 ($and).
Removed top 1 bits (of 16) from port B of cell tt_um_danieltyukov_int8_npu.$flatten\u_core.\u_array.\g_row[0].g_col[0].u_pe.\u_mul.\g_bw.g_wallace.u_tree.\genblk1.g_reduce.u_next.$and$/home/danieltyukov/workspace/personal/tt-ihp-int8-npu/src/npu_csa_reduce.sv:53$1999 ($and).
Removed top 1 bits (of 16) from port Y of cell tt_um_danieltyukov_int8_npu.$flatten\u_core.\u_array.\g_row[0].g_col[0].u_pe.\u_mul.\g_bw.g_wallace.u_tree.\genblk1.g_reduce.u_next.$and$/home/danieltyukov/workspace/personal/tt-ihp-int8-npu/src/npu_csa_reduce.sv:53$2000 ($and).
Removed top 1 bits (of 16) from port A of cell tt_um_danieltyukov_int8_npu.$flatten\u_core.\u_array.\g_row[0].g_col[0].u_pe.\u_mul.\g_bw.g_wallace.u_tree.\genblk1.g_reduce.u_next.$and$/home/danieltyukov/workspace/personal/tt-ihp-int8-npu/src/npu_csa_reduce.sv:53$2000 ($and).
Removed top 1 bits (of 16) from port B of cell tt_um_danieltyukov_int8_npu.$flatten\u_core.\u_array.\g_row[0].g_col[0].u_pe.\u_mul.\g_bw.g_wallace.u_tree.\genblk1.g_reduce.u_next.$and$/home/danieltyukov/workspace/personal/tt-ihp-int8-npu/src/npu_csa_reduce.sv:53$2000 ($and).
Removed top 1 bits (of 16) from port Y of cell tt_um_danieltyukov_int8_npu.$flatten\u_core.\u_array.\g_row[0].g_col[0].u_pe.\u_mul.\g_bw.g_wallace.u_tree.\genblk1.g_reduce.u_next.\genblk1.g_reduce.u_next.\genblk1.g_reduce.u_next.$and$/home/danieltyukov/workspace/personal/tt-ihp-int8-npu/src/npu_csa_reduce.sv:53$1858 ($and).
Removed top 1 bits (of 16) from port A of cell tt_um_danieltyukov_int8_npu.$flatten\u_core.\u_array.\g_row[0].g_col[0].u_pe.\u_mul.\g_bw.g_wallace.u_tree.\genblk1.g_reduce.u_next.\genblk1.g_reduce.u_next.\genblk1.g_reduce.u_next.$and$/home/danieltyukov/workspace/personal/tt-ihp-int8-npu/src/npu_csa_reduce.sv:53$1858 ($and).
Removed top 1 bits (of 16) from port B of cell tt_um_danieltyukov_int8_npu.$flatten\u_core.\u_array.\g_row[0].g_col[0].u_pe.\u_mul.\g_bw.g_wallace.u_tree.\genblk1.g_reduce.u_next.\genblk1.g_reduce.u_next.\genblk1.g_reduce.u_next.$and$/home/danieltyukov/workspace/personal/tt-ihp-int8-npu/src/npu_csa_reduce.sv:53$1858 ($and).
Removed top 1 bits (of 16) from port Y of cell tt_um_danieltyukov_int8_npu.$flatten\u_core.\u_array.\g_row[0].g_col[0].u_pe.\u_mul.\g_bw.g_wallace.u_tree.\genblk1.g_reduce.u_next.\genblk1.g_reduce.u_next.\genblk1.g_reduce.u_next.$and$/home/danieltyukov/workspace/personal/tt-ihp-int8-npu/src/npu_csa_reduce.sv:53$1859 ($and).
Removed top 1 bits (of 16) from port A of cell tt_um_danieltyukov_int8_npu.$flatten\u_core.\u_array.\g_row[0].g_col[0].u_pe.\u_mul.\g_bw.g_wallace.u_tree.\genblk1.g_reduce.u_next.\genblk1.g_reduce.u_next.\genblk1.g_reduce.u_next.$and$/home/danieltyukov/workspace/personal/tt-ihp-int8-npu/src/npu_csa_reduce.sv:53$1859 ($and).
Removed top 1 bits (of 16) from port B of cell tt_um_danieltyukov_int8_npu.$flatten\u_core.\u_array.\g_row[0].g_col[0].u_pe.\u_mul.\g_bw.g_wallace.u_tree.\genblk1.g_reduce.u_next.\genblk1.g_reduce.u_next.\genblk1.g_reduce.u_next.$and$/home/danieltyukov/workspace/personal/tt-ihp-int8-npu/src/npu_csa_reduce.sv:53$1859 ($and).
Removed top 6 bits (of 16) from port A of cell tt_um_danieltyukov_int8_npu.$flatten\u_core.\u_array.\g_row[0].g_col[0].u_pe.\u_mul.\g_bw.g_wallace.u_tree.\genblk1.g_reduce.u_next.$xor$/home/danieltyukov/workspace/personal/tt-ihp-int8-npu/src/npu_csa_reduce.sv:49$1990 ($xor).
Removed top 1 bits (of 2) from port A of cell tt_um_danieltyukov_int8_npu.$auto$opt_expr.cc:706:replace_const_cells$2896 ($not).
Removed top 4 bits (of 16) from port A of cell tt_um_danieltyukov_int8_npu.$flatten\u_core.\u_array.\g_row[0].g_col[0].u_pe.\u_mul.\g_bw.g_wallace.u_tree.$xor$/home/danieltyukov/workspace/personal/tt-ihp-int8-npu/src/npu_csa_reduce.sv:49$1872 ($xor).
Removed top 3 bits (of 16) from port Y of cell tt_um_danieltyukov_int8_npu.$flatten\u_core.\u_array.\g_row[0].g_col[0].u_pe.\u_mul.\g_bw.g_wallace.u_tree.$xor$/home/danieltyukov/workspace/personal/tt-ihp-int8-npu/src/npu_csa_reduce.sv:49$1872 ($xor).
Removed top 5 bits (of 15) from port B of cell tt_um_danieltyukov_int8_npu.$flatten\u_core.\u_array.\g_row[0].g_col[0].u_pe.\u_mul.\g_bw.g_wallace.u_tree.$or$/home/danieltyukov/workspace/personal/tt-ihp-int8-npu/src/npu_csa_reduce.sv:53$1870 ($or).
Removed top 6 bits (of 16) from port A of cell tt_um_danieltyukov_int8_npu.$flatten\u_core.\u_array.\g_row[0].g_col[1].u_pe.\u_mul.\g_bw.g_wallace.u_tree.\genblk1.g_reduce.u_next.$and$/home/danieltyukov/workspace/personal/tt-ihp-int8-npu/src/npu_csa_reduce.sv:53$1992 ($and).
Removed top 1 bits (of 16) from port Y of cell tt_um_danieltyukov_int8_npu.$flatten\u_core.\u_array.\g_row[0].g_col[1].u_pe.\u_mul.\g_bw.g_wallace.u_tree.\genblk1.g_reduce.u_next.$and$/home/danieltyukov/workspace/personal/tt-ihp-int8-npu/src/npu_csa_reduce.sv:53$1992 ($and).
Removed top 1 bits (of 16) from port B of cell tt_um_danieltyukov_int8_npu.$flatten\u_core.\u_array.\g_row[0].g_col[1].u_pe.\u_mul.\g_bw.g_wallace.u_tree.\genblk1.g_reduce.u_next.$and$/home/danieltyukov/workspace/personal/tt-ihp-int8-npu/src/npu_csa_reduce.sv:53$1992 ($and).
Removed top 6 bits (of 16) from port A of cell tt_um_danieltyukov_int8_npu.$flatten\u_core.\u_array.\g_row[0].g_col[1].u_pe.\u_mul.\g_bw.g_wallace.u_tree.\genblk1.g_reduce.u_next.$and$/home/danieltyukov/workspace/personal/tt-ihp-int8-npu/src/npu_csa_reduce.sv:53$1993 ($and).
Removed top 1 bits (of 16) from port Y of cell tt_um_danieltyukov_int8_npu.$flatten\u_core.\u_array.\g_row[0].g_col[1].u_pe.\u_mul.\g_bw.g_wallace.u_tree.\genblk1.g_reduce.u_next.$and$/home/danieltyukov/workspace/personal/tt-ihp-int8-npu/src/npu_csa_reduce.sv:53$1993 ($and).
Removed top 1 bits (of 16) from port B of cell tt_um_danieltyukov_int8_npu.$flatten\u_core.\u_array.\g_row[0].g_col[1].u_pe.\u_mul.\g_bw.g_wallace.u_tree.\genblk1.g_reduce.u_next.$and$/home/danieltyukov/workspace/personal/tt-ihp-int8-npu/src/npu_csa_reduce.sv:53$1993 ($and).
Removed top 1 bits (of 16) from port Y of cell tt_um_danieltyukov_int8_npu.$flatten\u_core.\u_array.\g_row[0].g_col[1].u_pe.\u_mul.\g_bw.g_wallace.u_tree.\genblk1.g_reduce.u_next.$and$/home/danieltyukov/workspace/personal/tt-ihp-int8-npu/src/npu_csa_reduce.sv:53$1999 ($and).
Removed top 1 bits (of 16) from port A of cell tt_um_danieltyukov_int8_npu.$flatten\u_core.\u_array.\g_row[0].g_col[1].u_pe.\u_mul.\g_bw.g_wallace.u_tree.\genblk1.g_reduce.u_next.$and$/home/danieltyukov/workspace/personal/tt-ihp-int8-npu/src/npu_csa_reduce.sv:53$1999 ($and).
Removed top 1 bits (of 16) from port B of cell tt_um_danieltyukov_int8_npu.$flatten\u_core.\u_array.\g_row[0].g_col[1].u_pe.\u_mul.\g_bw.g_wallace.u_tree.\genblk1.g_reduce.u_next.$and$/home/danieltyukov/workspace/personal/tt-ihp-int8-npu/src/npu_csa_reduce.sv:53$1999 ($and).
Removed top 1 bits (of 16) from port Y of cell tt_um_danieltyukov_int8_npu.$flatten\u_core.\u_array.\g_row[0].g_col[1].u_pe.\u_mul.\g_bw.g_wallace.u_tree.\genblk1.g_reduce.u_next.$and$/home/danieltyukov/workspace/personal/tt-ihp-int8-npu/src/npu_csa_reduce.sv:53$2000 ($and).
Removed top 1 bits (of 16) from port A of cell tt_um_danieltyukov_int8_npu.$flatten\u_core.\u_array.\g_row[0].g_col[1].u_pe.\u_mul.\g_bw.g_wallace.u_tree.\genblk1.g_reduce.u_next.$and$/home/danieltyukov/workspace/personal/tt-ihp-int8-npu/src/npu_csa_reduce.sv:53$2000 ($and).
Removed top 1 bits (of 16) from port B of cell tt_um_danieltyukov_int8_npu.$flatten\u_core.\u_array.\g_row[0].g_col[1].u_pe.\u_mul.\g_bw.g_wallace.u_tree.\genblk1.g_reduce.u_next.$and$/home/danieltyukov/workspace/personal/tt-ihp-int8-npu/src/npu_csa_reduce.sv:53$2000 ($and).
Removed top 1 bits (of 16) from port Y of cell tt_um_danieltyukov_int8_npu.$flatten\u_core.\u_array.\g_row[0].g_col[1].u_pe.\u_mul.\g_bw.g_wallace.u_tree.\genblk1.g_reduce.u_next.\genblk1.g_reduce.u_next.\genblk1.g_reduce.u_next.$and$/home/danieltyukov/workspace/personal/tt-ihp-int8-npu/src/npu_csa_reduce.sv:53$1858 ($and).
Removed top 1 bits (of 16) from port A of cell tt_um_danieltyukov_int8_npu.$flatten\u_core.\u_array.\g_row[0].g_col[1].u_pe.\u_mul.\g_bw.g_wallace.u_tree.\genblk1.g_reduce.u_next.\genblk1.g_reduce.u_next.\genblk1.g_reduce.u_next.$and$/home/danieltyukov/workspace/personal/tt-ihp-int8-npu/src/npu_csa_reduce.sv:53$1858 ($and).
Removed top 1 bits (of 16) from port B of cell tt_um_danieltyukov_int8_npu.$flatten\u_core.\u_array.\g_row[0].g_col[1].u_pe.\u_mul.\g_bw.g_wallace.u_tree.\genblk1.g_reduce.u_next.\genblk1.g_reduce.u_next.\genblk1.g_reduce.u_next.$and$/home/danieltyukov/workspace/personal/tt-ihp-int8-npu/src/npu_csa_reduce.sv:53$1858 ($and).
Removed top 1 bits (of 16) from port Y of cell tt_um_danieltyukov_int8_npu.$flatten\u_core.\u_array.\g_row[0].g_col[1].u_pe.\u_mul.\g_bw.g_wallace.u_tree.\genblk1.g_reduce.u_next.\genblk1.g_reduce.u_next.\genblk1.g_reduce.u_next.$and$/home/danieltyukov/workspace/personal/tt-ihp-int8-npu/src/npu_csa_reduce.sv:53$1859 ($and).
Removed top 1 bits (of 16) from port A of cell tt_um_danieltyukov_int8_npu.$flatten\u_core.\u_array.\g_row[0].g_col[1].u_pe.\u_mul.\g_bw.g_wallace.u_tree.\genblk1.g_reduce.u_next.\genblk1.g_reduce.u_next.\genblk1.g_reduce.u_next.$and$/home/danieltyukov/workspace/personal/tt-ihp-int8-npu/src/npu_csa_reduce.sv:53$1859 ($and).
Removed top 1 bits (of 16) from port B of cell tt_um_danieltyukov_int8_npu.$flatten\u_core.\u_array.\g_row[0].g_col[1].u_pe.\u_mul.\g_bw.g_wallace.u_tree.\genblk1.g_reduce.u_next.\genblk1.g_reduce.u_next.\genblk1.g_reduce.u_next.$and$/home/danieltyukov/workspace/personal/tt-ihp-int8-npu/src/npu_csa_reduce.sv:53$1859 ($and).
Removed top 6 bits (of 16) from port A of cell tt_um_danieltyukov_int8_npu.$flatten\u_core.\u_array.\g_row[0].g_col[1].u_pe.\u_mul.\g_bw.g_wallace.u_tree.\genblk1.g_reduce.u_next.$xor$/home/danieltyukov/workspace/personal/tt-ihp-int8-npu/src/npu_csa_reduce.sv:49$1990 ($xor).
Removed top 1 bits (of 2) from port A of cell tt_um_danieltyukov_int8_npu.$auto$opt_expr.cc:706:replace_const_cells$2898 ($not).
Removed top 4 bits (of 16) from port A of cell tt_um_danieltyukov_int8_npu.$flatten\u_core.\u_array.\g_row[0].g_col[1].u_pe.\u_mul.\g_bw.g_wallace.u_tree.$xor$/home/danieltyukov/workspace/personal/tt-ihp-int8-npu/src/npu_csa_reduce.sv:49$1872 ($xor).
Removed top 3 bits (of 16) from port Y of cell tt_um_danieltyukov_int8_npu.$flatten\u_core.\u_array.\g_row[0].g_col[1].u_pe.\u_mul.\g_bw.g_wallace.u_tree.$xor$/home/danieltyukov/workspace/personal/tt-ihp-int8-npu/src/npu_csa_reduce.sv:49$1872 ($xor).
Removed top 5 bits (of 15) from port B of cell tt_um_danieltyukov_int8_npu.$flatten\u_core.\u_array.\g_row[0].g_col[1].u_pe.\u_mul.\g_bw.g_wallace.u_tree.$or$/home/danieltyukov/workspace/personal/tt-ihp-int8-npu/src/npu_csa_reduce.sv:53$1870 ($or).
Removed top 6 bits (of 16) from port A of cell tt_um_danieltyukov_int8_npu.$flatten\u_core.\u_array.\g_row[1].g_col[0].u_pe.\u_mul.\g_bw.g_wallace.u_tree.\genblk1.g_reduce.u_next.$and$/home/danieltyukov/workspace/personal/tt-ihp-int8-npu/src/npu_csa_reduce.sv:53$1992 ($and).
Removed top 1 bits (of 16) from port Y of cell tt_um_danieltyukov_int8_npu.$flatten\u_core.\u_array.\g_row[1].g_col[0].u_pe.\u_mul.\g_bw.g_wallace.u_tree.\genblk1.g_reduce.u_next.$and$/home/danieltyukov/workspace/personal/tt-ihp-int8-npu/src/npu_csa_reduce.sv:53$1992 ($and).
Removed top 1 bits (of 16) from port B of cell tt_um_danieltyukov_int8_npu.$flatten\u_core.\u_array.\g_row[1].g_col[0].u_pe.\u_mul.\g_bw.g_wallace.u_tree.\genblk1.g_reduce.u_next.$and$/home/danieltyukov/workspace/personal/tt-ihp-int8-npu/src/npu_csa_reduce.sv:53$1992 ($and).
Removed top 6 bits (of 16) from port A of cell tt_um_danieltyukov_int8_npu.$flatten\u_core.\u_array.\g_row[1].g_col[0].u_pe.\u_mul.\g_bw.g_wallace.u_tree.\genblk1.g_reduce.u_next.$and$/home/danieltyukov/workspace/personal/tt-ihp-int8-npu/src/npu_csa_reduce.sv:53$1993 ($and).
Removed top 1 bits (of 16) from port Y of cell tt_um_danieltyukov_int8_npu.$flatten\u_core.\u_array.\g_row[1].g_col[0].u_pe.\u_mul.\g_bw.g_wallace.u_tree.\genblk1.g_reduce.u_next.$and$/home/danieltyukov/workspace/personal/tt-ihp-int8-npu/src/npu_csa_reduce.sv:53$1993 ($and).
Removed top 1 bits (of 16) from port B of cell tt_um_danieltyukov_int8_npu.$flatten\u_core.\u_array.\g_row[1].g_col[0].u_pe.\u_mul.\g_bw.g_wallace.u_tree.\genblk1.g_reduce.u_next.$and$/home/danieltyukov/workspace/personal/tt-ihp-int8-npu/src/npu_csa_reduce.sv:53$1993 ($and).
Removed top 1 bits (of 16) from port Y of cell tt_um_danieltyukov_int8_npu.$flatten\u_core.\u_array.\g_row[1].g_col[0].u_pe.\u_mul.\g_bw.g_wallace.u_tree.\genblk1.g_reduce.u_next.$and$/home/danieltyukov/workspace/personal/tt-ihp-int8-npu/src/npu_csa_reduce.sv:53$1999 ($and).
Removed top 1 bits (of 16) from port A of cell tt_um_danieltyukov_int8_npu.$flatten\u_core.\u_array.\g_row[1].g_col[0].u_pe.\u_mul.\g_bw.g_wallace.u_tree.\genblk1.g_reduce.u_next.$and$/home/danieltyukov/workspace/personal/tt-ihp-int8-npu/src/npu_csa_reduce.sv:53$1999 ($and).
Removed top 1 bits (of 16) from port B of cell tt_um_danieltyukov_int8_npu.$flatten\u_core.\u_array.\g_row[1].g_col[0].u_pe.\u_mul.\g_bw.g_wallace.u_tree.\genblk1.g_reduce.u_next.$and$/home/danieltyukov/workspace/personal/tt-ihp-int8-npu/src/npu_csa_reduce.sv:53$1999 ($and).
Removed top 1 bits (of 16) from port Y of cell tt_um_danieltyukov_int8_npu.$flatten\u_core.\u_array.\g_row[1].g_col[0].u_pe.\u_mul.\g_bw.g_wallace.u_tree.\genblk1.g_reduce.u_next.$and$/home/danieltyukov/workspace/personal/tt-ihp-int8-npu/src/npu_csa_reduce.sv:53$2000 ($and).
Removed top 1 bits (of 16) from port A of cell tt_um_danieltyukov_int8_npu.$flatten\u_core.\u_array.\g_row[1].g_col[0].u_pe.\u_mul.\g_bw.g_wallace.u_tree.\genblk1.g_reduce.u_next.$and$/home/danieltyukov/workspace/personal/tt-ihp-int8-npu/src/npu_csa_reduce.sv:53$2000 ($and).
Removed top 1 bits (of 16) from port B of cell tt_um_danieltyukov_int8_npu.$flatten\u_core.\u_array.\g_row[1].g_col[0].u_pe.\u_mul.\g_bw.g_wallace.u_tree.\genblk1.g_reduce.u_next.$and$/home/danieltyukov/workspace/personal/tt-ihp-int8-npu/src/npu_csa_reduce.sv:53$2000 ($and).
Removed top 1 bits (of 16) from port Y of cell tt_um_danieltyukov_int8_npu.$flatten\u_core.\u_array.\g_row[1].g_col[0].u_pe.\u_mul.\g_bw.g_wallace.u_tree.\genblk1.g_reduce.u_next.\genblk1.g_reduce.u_next.\genblk1.g_reduce.u_next.$and$/home/danieltyukov/workspace/personal/tt-ihp-int8-npu/src/npu_csa_reduce.sv:53$1858 ($and).
Removed top 1 bits (of 16) from port A of cell tt_um_danieltyukov_int8_npu.$flatten\u_core.\u_array.\g_row[1].g_col[0].u_pe.\u_mul.\g_bw.g_wallace.u_tree.\genblk1.g_reduce.u_next.\genblk1.g_reduce.u_next.\genblk1.g_reduce.u_next.$and$/home/danieltyukov/workspace/personal/tt-ihp-int8-npu/src/npu_csa_reduce.sv:53$1858 ($and).
Removed top 1 bits (of 16) from port B of cell tt_um_danieltyukov_int8_npu.$flatten\u_core.\u_array.\g_row[1].g_col[0].u_pe.\u_mul.\g_bw.g_wallace.u_tree.\genblk1.g_reduce.u_next.\genblk1.g_reduce.u_next.\genblk1.g_reduce.u_next.$and$/home/danieltyukov/workspace/personal/tt-ihp-int8-npu/src/npu_csa_reduce.sv:53$1858 ($and).
Removed top 1 bits (of 16) from port Y of cell tt_um_danieltyukov_int8_npu.$flatten\u_core.\u_array.\g_row[1].g_col[0].u_pe.\u_mul.\g_bw.g_wallace.u_tree.\genblk1.g_reduce.u_next.\genblk1.g_reduce.u_next.\genblk1.g_reduce.u_next.$and$/home/danieltyukov/workspace/personal/tt-ihp-int8-npu/src/npu_csa_reduce.sv:53$1859 ($and).
Removed top 1 bits (of 16) from port A of cell tt_um_danieltyukov_int8_npu.$flatten\u_core.\u_array.\g_row[1].g_col[0].u_pe.\u_mul.\g_bw.g_wallace.u_tree.\genblk1.g_reduce.u_next.\genblk1.g_reduce.u_next.\genblk1.g_reduce.u_next.$and$/home/danieltyukov/workspace/personal/tt-ihp-int8-npu/src/npu_csa_reduce.sv:53$1859 ($and).
Removed top 1 bits (of 16) from port B of cell tt_um_danieltyukov_int8_npu.$flatten\u_core.\u_array.\g_row[1].g_col[0].u_pe.\u_mul.\g_bw.g_wallace.u_tree.\genblk1.g_reduce.u_next.\genblk1.g_reduce.u_next.\genblk1.g_reduce.u_next.$and$/home/danieltyukov/workspace/personal/tt-ihp-int8-npu/src/npu_csa_reduce.sv:53$1859 ($and).
Removed top 6 bits (of 16) from port A of cell tt_um_danieltyukov_int8_npu.$flatten\u_core.\u_array.\g_row[1].g_col[0].u_pe.\u_mul.\g_bw.g_wallace.u_tree.\genblk1.g_reduce.u_next.$xor$/home/danieltyukov/workspace/personal/tt-ihp-int8-npu/src/npu_csa_reduce.sv:49$1990 ($xor).
Removed top 1 bits (of 2) from port A of cell tt_um_danieltyukov_int8_npu.$auto$opt_expr.cc:706:replace_const_cells$2900 ($not).
Removed top 4 bits (of 16) from port A of cell tt_um_danieltyukov_int8_npu.$flatten\u_core.\u_array.\g_row[1].g_col[0].u_pe.\u_mul.\g_bw.g_wallace.u_tree.$xor$/home/danieltyukov/workspace/personal/tt-ihp-int8-npu/src/npu_csa_reduce.sv:49$1872 ($xor).
Removed top 3 bits (of 16) from port Y of cell tt_um_danieltyukov_int8_npu.$flatten\u_core.\u_array.\g_row[1].g_col[0].u_pe.\u_mul.\g_bw.g_wallace.u_tree.$xor$/home/danieltyukov/workspace/personal/tt-ihp-int8-npu/src/npu_csa_reduce.sv:49$1872 ($xor).
Removed top 5 bits (of 15) from port B of cell tt_um_danieltyukov_int8_npu.$flatten\u_core.\u_array.\g_row[1].g_col[0].u_pe.\u_mul.\g_bw.g_wallace.u_tree.$or$/home/danieltyukov/workspace/personal/tt-ihp-int8-npu/src/npu_csa_reduce.sv:53$1870 ($or).
Removed top 6 bits (of 16) from port A of cell tt_um_danieltyukov_int8_npu.$flatten\u_core.\u_array.\g_row[1].g_col[1].u_pe.\u_mul.\g_bw.g_wallace.u_tree.\genblk1.g_reduce.u_next.$and$/home/danieltyukov/workspace/personal/tt-ihp-int8-npu/src/npu_csa_reduce.sv:53$1992 ($and).
Removed top 1 bits (of 16) from port Y of cell tt_um_danieltyukov_int8_npu.$flatten\u_core.\u_array.\g_row[1].g_col[1].u_pe.\u_mul.\g_bw.g_wallace.u_tree.\genblk1.g_reduce.u_next.$and$/home/danieltyukov/workspace/personal/tt-ihp-int8-npu/src/npu_csa_reduce.sv:53$1992 ($and).
Removed top 1 bits (of 16) from port B of cell tt_um_danieltyukov_int8_npu.$flatten\u_core.\u_array.\g_row[1].g_col[1].u_pe.\u_mul.\g_bw.g_wallace.u_tree.\genblk1.g_reduce.u_next.$and$/home/danieltyukov/workspace/personal/tt-ihp-int8-npu/src/npu_csa_reduce.sv:53$1992 ($and).
Removed top 6 bits (of 16) from port A of cell tt_um_danieltyukov_int8_npu.$flatten\u_core.\u_array.\g_row[1].g_col[1].u_pe.\u_mul.\g_bw.g_wallace.u_tree.\genblk1.g_reduce.u_next.$and$/home/danieltyukov/workspace/personal/tt-ihp-int8-npu/src/npu_csa_reduce.sv:53$1993 ($and).
Removed top 1 bits (of 16) from port Y of cell tt_um_danieltyukov_int8_npu.$flatten\u_core.\u_array.\g_row[1].g_col[1].u_pe.\u_mul.\g_bw.g_wallace.u_tree.\genblk1.g_reduce.u_next.$and$/home/danieltyukov/workspace/personal/tt-ihp-int8-npu/src/npu_csa_reduce.sv:53$1993 ($and).
Removed top 1 bits (of 16) from port B of cell tt_um_danieltyukov_int8_npu.$flatten\u_core.\u_array.\g_row[1].g_col[1].u_pe.\u_mul.\g_bw.g_wallace.u_tree.\genblk1.g_reduce.u_next.$and$/home/danieltyukov/workspace/personal/tt-ihp-int8-npu/src/npu_csa_reduce.sv:53$1993 ($and).
Removed top 1 bits (of 16) from port Y of cell tt_um_danieltyukov_int8_npu.$flatten\u_core.\u_array.\g_row[1].g_col[1].u_pe.\u_mul.\g_bw.g_wallace.u_tree.\genblk1.g_reduce.u_next.$and$/home/danieltyukov/workspace/personal/tt-ihp-int8-npu/src/npu_csa_reduce.sv:53$1999 ($and).
Removed top 1 bits (of 16) from port A of cell tt_um_danieltyukov_int8_npu.$flatten\u_core.\u_array.\g_row[1].g_col[1].u_pe.\u_mul.\g_bw.g_wallace.u_tree.\genblk1.g_reduce.u_next.$and$/home/danieltyukov/workspace/personal/tt-ihp-int8-npu/src/npu_csa_reduce.sv:53$1999 ($and).
Removed top 1 bits (of 16) from port B of cell tt_um_danieltyukov_int8_npu.$flatten\u_core.\u_array.\g_row[1].g_col[1].u_pe.\u_mul.\g_bw.g_wallace.u_tree.\genblk1.g_reduce.u_next.$and$/home/danieltyukov/workspace/personal/tt-ihp-int8-npu/src/npu_csa_reduce.sv:53$1999 ($and).
Removed top 1 bits (of 16) from port Y of cell tt_um_danieltyukov_int8_npu.$flatten\u_core.\u_array.\g_row[1].g_col[1].u_pe.\u_mul.\g_bw.g_wallace.u_tree.\genblk1.g_reduce.u_next.$and$/home/danieltyukov/workspace/personal/tt-ihp-int8-npu/src/npu_csa_reduce.sv:53$2000 ($and).
Removed top 1 bits (of 16) from port A of cell tt_um_danieltyukov_int8_npu.$flatten\u_core.\u_array.\g_row[1].g_col[1].u_pe.\u_mul.\g_bw.g_wallace.u_tree.\genblk1.g_reduce.u_next.$and$/home/danieltyukov/workspace/personal/tt-ihp-int8-npu/src/npu_csa_reduce.sv:53$2000 ($and).
Removed top 1 bits (of 16) from port B of cell tt_um_danieltyukov_int8_npu.$flatten\u_core.\u_array.\g_row[1].g_col[1].u_pe.\u_mul.\g_bw.g_wallace.u_tree.\genblk1.g_reduce.u_next.$and$/home/danieltyukov/workspace/personal/tt-ihp-int8-npu/src/npu_csa_reduce.sv:53$2000 ($and).
Removed top 1 bits (of 16) from port Y of cell tt_um_danieltyukov_int8_npu.$flatten\u_core.\u_array.\g_row[1].g_col[1].u_pe.\u_mul.\g_bw.g_wallace.u_tree.\genblk1.g_reduce.u_next.\genblk1.g_reduce.u_next.\genblk1.g_reduce.u_next.$and$/home/danieltyukov/workspace/personal/tt-ihp-int8-npu/src/npu_csa_reduce.sv:53$1858 ($and).
Removed top 1 bits (of 16) from port A of cell tt_um_danieltyukov_int8_npu.$flatten\u_core.\u_array.\g_row[1].g_col[1].u_pe.\u_mul.\g_bw.g_wallace.u_tree.\genblk1.g_reduce.u_next.\genblk1.g_reduce.u_next.\genblk1.g_reduce.u_next.$and$/home/danieltyukov/workspace/personal/tt-ihp-int8-npu/src/npu_csa_reduce.sv:53$1858 ($and).
Removed top 1 bits (of 16) from port B of cell tt_um_danieltyukov_int8_npu.$flatten\u_core.\u_array.\g_row[1].g_col[1].u_pe.\u_mul.\g_bw.g_wallace.u_tree.\genblk1.g_reduce.u_next.\genblk1.g_reduce.u_next.\genblk1.g_reduce.u_next.$and$/home/danieltyukov/workspace/personal/tt-ihp-int8-npu/src/npu_csa_reduce.sv:53$1858 ($and).
Removed top 1 bits (of 16) from port Y of cell tt_um_danieltyukov_int8_npu.$flatten\u_core.\u_array.\g_row[1].g_col[1].u_pe.\u_mul.\g_bw.g_wallace.u_tree.\genblk1.g_reduce.u_next.\genblk1.g_reduce.u_next.\genblk1.g_reduce.u_next.$and$/home/danieltyukov/workspace/personal/tt-ihp-int8-npu/src/npu_csa_reduce.sv:53$1859 ($and).
Removed top 1 bits (of 16) from port A of cell tt_um_danieltyukov_int8_npu.$flatten\u_core.\u_array.\g_row[1].g_col[1].u_pe.\u_mul.\g_bw.g_wallace.u_tree.\genblk1.g_reduce.u_next.\genblk1.g_reduce.u_next.\genblk1.g_reduce.u_next.$and$/home/danieltyukov/workspace/personal/tt-ihp-int8-npu/src/npu_csa_reduce.sv:53$1859 ($and).
Removed top 1 bits (of 16) from port B of cell tt_um_danieltyukov_int8_npu.$flatten\u_core.\u_array.\g_row[1].g_col[1].u_pe.\u_mul.\g_bw.g_wallace.u_tree.\genblk1.g_reduce.u_next.\genblk1.g_reduce.u_next.\genblk1.g_reduce.u_next.$and$/home/danieltyukov/workspace/personal/tt-ihp-int8-npu/src/npu_csa_reduce.sv:53$1859 ($and).
Removed top 6 bits (of 16) from port A of cell tt_um_danieltyukov_int8_npu.$flatten\u_core.\u_array.\g_row[1].g_col[1].u_pe.\u_mul.\g_bw.g_wallace.u_tree.\genblk1.g_reduce.u_next.$xor$/home/danieltyukov/workspace/personal/tt-ihp-int8-npu/src/npu_csa_reduce.sv:49$1990 ($xor).
Removed top 1 bits (of 2) from port A of cell tt_um_danieltyukov_int8_npu.$auto$opt_expr.cc:706:replace_const_cells$2902 ($not).
Removed top 4 bits (of 16) from port A of cell tt_um_danieltyukov_int8_npu.$flatten\u_core.\u_array.\g_row[1].g_col[1].u_pe.\u_mul.\g_bw.g_wallace.u_tree.$xor$/home/danieltyukov/workspace/personal/tt-ihp-int8-npu/src/npu_csa_reduce.sv:49$1872 ($xor).
Removed top 3 bits (of 16) from port Y of cell tt_um_danieltyukov_int8_npu.$flatten\u_core.\u_array.\g_row[1].g_col[1].u_pe.\u_mul.\g_bw.g_wallace.u_tree.$xor$/home/danieltyukov/workspace/personal/tt-ihp-int8-npu/src/npu_csa_reduce.sv:49$1872 ($xor).
Removed top 5 bits (of 15) from port B of cell tt_um_danieltyukov_int8_npu.$flatten\u_core.\u_array.\g_row[1].g_col[1].u_pe.\u_mul.\g_bw.g_wallace.u_tree.$or$/home/danieltyukov/workspace/personal/tt-ihp-int8-npu/src/npu_csa_reduce.sv:53$1870 ($or).
Removed top 6 bits (of 16) from port A of cell tt_um_danieltyukov_int8_npu.$flatten\u_core.\u_array.\g_row[2].g_col[0].u_pe.\u_mul.\g_bw.g_wallace.u_tree.\genblk1.g_reduce.u_next.$and$/home/danieltyukov/workspace/personal/tt-ihp-int8-npu/src/npu_csa_reduce.sv:53$1992 ($and).
Removed top 1 bits (of 16) from port Y of cell tt_um_danieltyukov_int8_npu.$flatten\u_core.\u_array.\g_row[2].g_col[0].u_pe.\u_mul.\g_bw.g_wallace.u_tree.\genblk1.g_reduce.u_next.$and$/home/danieltyukov/workspace/personal/tt-ihp-int8-npu/src/npu_csa_reduce.sv:53$1992 ($and).
Removed top 1 bits (of 16) from port B of cell tt_um_danieltyukov_int8_npu.$flatten\u_core.\u_array.\g_row[2].g_col[0].u_pe.\u_mul.\g_bw.g_wallace.u_tree.\genblk1.g_reduce.u_next.$and$/home/danieltyukov/workspace/personal/tt-ihp-int8-npu/src/npu_csa_reduce.sv:53$1992 ($and).
Removed top 6 bits (of 16) from port A of cell tt_um_danieltyukov_int8_npu.$flatten\u_core.\u_array.\g_row[2].g_col[0].u_pe.\u_mul.\g_bw.g_wallace.u_tree.\genblk1.g_reduce.u_next.$and$/home/danieltyukov/workspace/personal/tt-ihp-int8-npu/src/npu_csa_reduce.sv:53$1993 ($and).
Removed top 1 bits (of 16) from port Y of cell tt_um_danieltyukov_int8_npu.$flatten\u_core.\u_array.\g_row[2].g_col[0].u_pe.\u_mul.\g_bw.g_wallace.u_tree.\genblk1.g_reduce.u_next.$and$/home/danieltyukov/workspace/personal/tt-ihp-int8-npu/src/npu_csa_reduce.sv:53$1993 ($and).
Removed top 1 bits (of 16) from port B of cell tt_um_danieltyukov_int8_npu.$flatten\u_core.\u_array.\g_row[2].g_col[0].u_pe.\u_mul.\g_bw.g_wallace.u_tree.\genblk1.g_reduce.u_next.$and$/home/danieltyukov/workspace/personal/tt-ihp-int8-npu/src/npu_csa_reduce.sv:53$1993 ($and).
Removed top 1 bits (of 16) from port Y of cell tt_um_danieltyukov_int8_npu.$flatten\u_core.\u_array.\g_row[2].g_col[0].u_pe.\u_mul.\g_bw.g_wallace.u_tree.\genblk1.g_reduce.u_next.$and$/home/danieltyukov/workspace/personal/tt-ihp-int8-npu/src/npu_csa_reduce.sv:53$1999 ($and).
Removed top 1 bits (of 16) from port A of cell tt_um_danieltyukov_int8_npu.$flatten\u_core.\u_array.\g_row[2].g_col[0].u_pe.\u_mul.\g_bw.g_wallace.u_tree.\genblk1.g_reduce.u_next.$and$/home/danieltyukov/workspace/personal/tt-ihp-int8-npu/src/npu_csa_reduce.sv:53$1999 ($and).
Removed top 1 bits (of 16) from port B of cell tt_um_danieltyukov_int8_npu.$flatten\u_core.\u_array.\g_row[2].g_col[0].u_pe.\u_mul.\g_bw.g_wallace.u_tree.\genblk1.g_reduce.u_next.$and$/home/danieltyukov/workspace/personal/tt-ihp-int8-npu/src/npu_csa_reduce.sv:53$1999 ($and).
Removed top 1 bits (of 16) from port Y of cell tt_um_danieltyukov_int8_npu.$flatten\u_core.\u_array.\g_row[2].g_col[0].u_pe.\u_mul.\g_bw.g_wallace.u_tree.\genblk1.g_reduce.u_next.$and$/home/danieltyukov/workspace/personal/tt-ihp-int8-npu/src/npu_csa_reduce.sv:53$2000 ($and).
Removed top 1 bits (of 16) from port A of cell tt_um_danieltyukov_int8_npu.$flatten\u_core.\u_array.\g_row[2].g_col[0].u_pe.\u_mul.\g_bw.g_wallace.u_tree.\genblk1.g_reduce.u_next.$and$/home/danieltyukov/workspace/personal/tt-ihp-int8-npu/src/npu_csa_reduce.sv:53$2000 ($and).
Removed top 1 bits (of 16) from port B of cell tt_um_danieltyukov_int8_npu.$flatten\u_core.\u_array.\g_row[2].g_col[0].u_pe.\u_mul.\g_bw.g_wallace.u_tree.\genblk1.g_reduce.u_next.$and$/home/danieltyukov/workspace/personal/tt-ihp-int8-npu/src/npu_csa_reduce.sv:53$2000 ($and).
Removed top 1 bits (of 16) from port Y of cell tt_um_danieltyukov_int8_npu.$flatten\u_core.\u_array.\g_row[2].g_col[0].u_pe.\u_mul.\g_bw.g_wallace.u_tree.\genblk1.g_reduce.u_next.\genblk1.g_reduce.u_next.\genblk1.g_reduce.u_next.$and$/home/danieltyukov/workspace/personal/tt-ihp-int8-npu/src/npu_csa_reduce.sv:53$1858 ($and).
Removed top 1 bits (of 16) from port A of cell tt_um_danieltyukov_int8_npu.$flatten\u_core.\u_array.\g_row[2].g_col[0].u_pe.\u_mul.\g_bw.g_wallace.u_tree.\genblk1.g_reduce.u_next.\genblk1.g_reduce.u_next.\genblk1.g_reduce.u_next.$and$/home/danieltyukov/workspace/personal/tt-ihp-int8-npu/src/npu_csa_reduce.sv:53$1858 ($and).
Removed top 1 bits (of 16) from port B of cell tt_um_danieltyukov_int8_npu.$flatten\u_core.\u_array.\g_row[2].g_col[0].u_pe.\u_mul.\g_bw.g_wallace.u_tree.\genblk1.g_reduce.u_next.\genblk1.g_reduce.u_next.\genblk1.g_reduce.u_next.$and$/home/danieltyukov/workspace/personal/tt-ihp-int8-npu/src/npu_csa_reduce.sv:53$1858 ($and).
Removed top 1 bits (of 16) from port Y of cell tt_um_danieltyukov_int8_npu.$flatten\u_core.\u_array.\g_row[2].g_col[0].u_pe.\u_mul.\g_bw.g_wallace.u_tree.\genblk1.g_reduce.u_next.\genblk1.g_reduce.u_next.\genblk1.g_reduce.u_next.$and$/home/danieltyukov/workspace/personal/tt-ihp-int8-npu/src/npu_csa_reduce.sv:53$1859 ($and).
Removed top 1 bits (of 16) from port A of cell tt_um_danieltyukov_int8_npu.$flatten\u_core.\u_array.\g_row[2].g_col[0].u_pe.\u_mul.\g_bw.g_wallace.u_tree.\genblk1.g_reduce.u_next.\genblk1.g_reduce.u_next.\genblk1.g_reduce.u_next.$and$/home/danieltyukov/workspace/personal/tt-ihp-int8-npu/src/npu_csa_reduce.sv:53$1859 ($and).
Removed top 1 bits (of 16) from port B of cell tt_um_danieltyukov_int8_npu.$flatten\u_core.\u_array.\g_row[2].g_col[0].u_pe.\u_mul.\g_bw.g_wallace.u_tree.\genblk1.g_reduce.u_next.\genblk1.g_reduce.u_next.\genblk1.g_reduce.u_next.$and$/home/danieltyukov/workspace/personal/tt-ihp-int8-npu/src/npu_csa_reduce.sv:53$1859 ($and).
Removed top 6 bits (of 16) from port A of cell tt_um_danieltyukov_int8_npu.$flatten\u_core.\u_array.\g_row[2].g_col[0].u_pe.\u_mul.\g_bw.g_wallace.u_tree.\genblk1.g_reduce.u_next.$xor$/home/danieltyukov/workspace/personal/tt-ihp-int8-npu/src/npu_csa_reduce.sv:49$1990 ($xor).
Removed top 1 bits (of 2) from port A of cell tt_um_danieltyukov_int8_npu.$auto$opt_expr.cc:706:replace_const_cells$2904 ($not).
Removed top 4 bits (of 16) from port A of cell tt_um_danieltyukov_int8_npu.$flatten\u_core.\u_array.\g_row[2].g_col[0].u_pe.\u_mul.\g_bw.g_wallace.u_tree.$xor$/home/danieltyukov/workspace/personal/tt-ihp-int8-npu/src/npu_csa_reduce.sv:49$1872 ($xor).
Removed top 3 bits (of 16) from port Y of cell tt_um_danieltyukov_int8_npu.$flatten\u_core.\u_array.\g_row[2].g_col[0].u_pe.\u_mul.\g_bw.g_wallace.u_tree.$xor$/home/danieltyukov/workspace/personal/tt-ihp-int8-npu/src/npu_csa_reduce.sv:49$1872 ($xor).
Removed top 5 bits (of 15) from port B of cell tt_um_danieltyukov_int8_npu.$flatten\u_core.\u_array.\g_row[2].g_col[0].u_pe.\u_mul.\g_bw.g_wallace.u_tree.$or$/home/danieltyukov/workspace/personal/tt-ihp-int8-npu/src/npu_csa_reduce.sv:53$1870 ($or).
Removed top 6 bits (of 16) from port A of cell tt_um_danieltyukov_int8_npu.$flatten\u_core.\u_array.\g_row[2].g_col[1].u_pe.\u_mul.\g_bw.g_wallace.u_tree.\genblk1.g_reduce.u_next.$and$/home/danieltyukov/workspace/personal/tt-ihp-int8-npu/src/npu_csa_reduce.sv:53$1992 ($and).
Removed top 1 bits (of 16) from port Y of cell tt_um_danieltyukov_int8_npu.$flatten\u_core.\u_array.\g_row[2].g_col[1].u_pe.\u_mul.\g_bw.g_wallace.u_tree.\genblk1.g_reduce.u_next.$and$/home/danieltyukov/workspace/personal/tt-ihp-int8-npu/src/npu_csa_reduce.sv:53$1992 ($and).
Removed top 1 bits (of 16) from port B of cell tt_um_danieltyukov_int8_npu.$flatten\u_core.\u_array.\g_row[2].g_col[1].u_pe.\u_mul.\g_bw.g_wallace.u_tree.\genblk1.g_reduce.u_next.$and$/home/danieltyukov/workspace/personal/tt-ihp-int8-npu/src/npu_csa_reduce.sv:53$1992 ($and).
Removed top 6 bits (of 16) from port A of cell tt_um_danieltyukov_int8_npu.$flatten\u_core.\u_array.\g_row[2].g_col[1].u_pe.\u_mul.\g_bw.g_wallace.u_tree.\genblk1.g_reduce.u_next.$and$/home/danieltyukov/workspace/personal/tt-ihp-int8-npu/src/npu_csa_reduce.sv:53$1993 ($and).
Removed top 1 bits (of 16) from port Y of cell tt_um_danieltyukov_int8_npu.$flatten\u_core.\u_array.\g_row[2].g_col[1].u_pe.\u_mul.\g_bw.g_wallace.u_tree.\genblk1.g_reduce.u_next.$and$/home/danieltyukov/workspace/personal/tt-ihp-int8-npu/src/npu_csa_reduce.sv:53$1993 ($and).
Removed top 1 bits (of 16) from port B of cell tt_um_danieltyukov_int8_npu.$flatten\u_core.\u_array.\g_row[2].g_col[1].u_pe.\u_mul.\g_bw.g_wallace.u_tree.\genblk1.g_reduce.u_next.$and$/home/danieltyukov/workspace/personal/tt-ihp-int8-npu/src/npu_csa_reduce.sv:53$1993 ($and).
Removed top 1 bits (of 16) from port Y of cell tt_um_danieltyukov_int8_npu.$flatten\u_core.\u_array.\g_row[2].g_col[1].u_pe.\u_mul.\g_bw.g_wallace.u_tree.\genblk1.g_reduce.u_next.$and$/home/danieltyukov/workspace/personal/tt-ihp-int8-npu/src/npu_csa_reduce.sv:53$1999 ($and).
Removed top 1 bits (of 16) from port A of cell tt_um_danieltyukov_int8_npu.$flatten\u_core.\u_array.\g_row[2].g_col[1].u_pe.\u_mul.\g_bw.g_wallace.u_tree.\genblk1.g_reduce.u_next.$and$/home/danieltyukov/workspace/personal/tt-ihp-int8-npu/src/npu_csa_reduce.sv:53$1999 ($and).
Removed top 1 bits (of 16) from port B of cell tt_um_danieltyukov_int8_npu.$flatten\u_core.\u_array.\g_row[2].g_col[1].u_pe.\u_mul.\g_bw.g_wallace.u_tree.\genblk1.g_reduce.u_next.$and$/home/danieltyukov/workspace/personal/tt-ihp-int8-npu/src/npu_csa_reduce.sv:53$1999 ($and).
Removed top 1 bits (of 16) from port Y of cell tt_um_danieltyukov_int8_npu.$flatten\u_core.\u_array.\g_row[2].g_col[1].u_pe.\u_mul.\g_bw.g_wallace.u_tree.\genblk1.g_reduce.u_next.$and$/home/danieltyukov/workspace/personal/tt-ihp-int8-npu/src/npu_csa_reduce.sv:53$2000 ($and).
Removed top 1 bits (of 16) from port A of cell tt_um_danieltyukov_int8_npu.$flatten\u_core.\u_array.\g_row[2].g_col[1].u_pe.\u_mul.\g_bw.g_wallace.u_tree.\genblk1.g_reduce.u_next.$and$/home/danieltyukov/workspace/personal/tt-ihp-int8-npu/src/npu_csa_reduce.sv:53$2000 ($and).
Removed top 1 bits (of 16) from port B of cell tt_um_danieltyukov_int8_npu.$flatten\u_core.\u_array.\g_row[2].g_col[1].u_pe.\u_mul.\g_bw.g_wallace.u_tree.\genblk1.g_reduce.u_next.$and$/home/danieltyukov/workspace/personal/tt-ihp-int8-npu/src/npu_csa_reduce.sv:53$2000 ($and).
Removed top 1 bits (of 16) from port Y of cell tt_um_danieltyukov_int8_npu.$flatten\u_core.\u_array.\g_row[2].g_col[1].u_pe.\u_mul.\g_bw.g_wallace.u_tree.\genblk1.g_reduce.u_next.\genblk1.g_reduce.u_next.\genblk1.g_reduce.u_next.$and$/home/danieltyukov/workspace/personal/tt-ihp-int8-npu/src/npu_csa_reduce.sv:53$1858 ($and).
Removed top 1 bits (of 16) from port A of cell tt_um_danieltyukov_int8_npu.$flatten\u_core.\u_array.\g_row[2].g_col[1].u_pe.\u_mul.\g_bw.g_wallace.u_tree.\genblk1.g_reduce.u_next.\genblk1.g_reduce.u_next.\genblk1.g_reduce.u_next.$and$/home/danieltyukov/workspace/personal/tt-ihp-int8-npu/src/npu_csa_reduce.sv:53$1858 ($and).
Removed top 1 bits (of 16) from port B of cell tt_um_danieltyukov_int8_npu.$flatten\u_core.\u_array.\g_row[2].g_col[1].u_pe.\u_mul.\g_bw.g_wallace.u_tree.\genblk1.g_reduce.u_next.\genblk1.g_reduce.u_next.\genblk1.g_reduce.u_next.$and$/home/danieltyukov/workspace/personal/tt-ihp-int8-npu/src/npu_csa_reduce.sv:53$1858 ($and).
Removed top 1 bits (of 16) from port Y of cell tt_um_danieltyukov_int8_npu.$flatten\u_core.\u_array.\g_row[2].g_col[1].u_pe.\u_mul.\g_bw.g_wallace.u_tree.\genblk1.g_reduce.u_next.\genblk1.g_reduce.u_next.\genblk1.g_reduce.u_next.$and$/home/danieltyukov/workspace/personal/tt-ihp-int8-npu/src/npu_csa_reduce.sv:53$1859 ($and).
Removed top 1 bits (of 16) from port A of cell tt_um_danieltyukov_int8_npu.$flatten\u_core.\u_array.\g_row[2].g_col[1].u_pe.\u_mul.\g_bw.g_wallace.u_tree.\genblk1.g_reduce.u_next.\genblk1.g_reduce.u_next.\genblk1.g_reduce.u_next.$and$/home/danieltyukov/workspace/personal/tt-ihp-int8-npu/src/npu_csa_reduce.sv:53$1859 ($and).
Removed top 1 bits (of 16) from port B of cell tt_um_danieltyukov_int8_npu.$flatten\u_core.\u_array.\g_row[2].g_col[1].u_pe.\u_mul.\g_bw.g_wallace.u_tree.\genblk1.g_reduce.u_next.\genblk1.g_reduce.u_next.\genblk1.g_reduce.u_next.$and$/home/danieltyukov/workspace/personal/tt-ihp-int8-npu/src/npu_csa_reduce.sv:53$1859 ($and).
Removed top 6 bits (of 16) from port A of cell tt_um_danieltyukov_int8_npu.$flatten\u_core.\u_array.\g_row[2].g_col[1].u_pe.\u_mul.\g_bw.g_wallace.u_tree.\genblk1.g_reduce.u_next.$xor$/home/danieltyukov/workspace/personal/tt-ihp-int8-npu/src/npu_csa_reduce.sv:49$1990 ($xor).
Removed top 1 bits (of 2) from port A of cell tt_um_danieltyukov_int8_npu.$auto$opt_expr.cc:706:replace_const_cells$2906 ($not).
Removed top 4 bits (of 16) from port A of cell tt_um_danieltyukov_int8_npu.$flatten\u_core.\u_array.\g_row[2].g_col[1].u_pe.\u_mul.\g_bw.g_wallace.u_tree.$xor$/home/danieltyukov/workspace/personal/tt-ihp-int8-npu/src/npu_csa_reduce.sv:49$1872 ($xor).
Removed top 3 bits (of 16) from port Y of cell tt_um_danieltyukov_int8_npu.$flatten\u_core.\u_array.\g_row[2].g_col[1].u_pe.\u_mul.\g_bw.g_wallace.u_tree.$xor$/home/danieltyukov/workspace/personal/tt-ihp-int8-npu/src/npu_csa_reduce.sv:49$1872 ($xor).
Removed top 5 bits (of 15) from port B of cell tt_um_danieltyukov_int8_npu.$flatten\u_core.\u_array.\g_row[2].g_col[1].u_pe.\u_mul.\g_bw.g_wallace.u_tree.$or$/home/danieltyukov/workspace/personal/tt-ihp-int8-npu/src/npu_csa_reduce.sv:53$1870 ($or).
Removed top 6 bits (of 16) from port A of cell tt_um_danieltyukov_int8_npu.$flatten\u_core.\u_array.\g_row[3].g_col[0].u_pe.\u_mul.\g_bw.g_wallace.u_tree.\genblk1.g_reduce.u_next.$and$/home/danieltyukov/workspace/personal/tt-ihp-int8-npu/src/npu_csa_reduce.sv:53$1992 ($and).
Removed top 1 bits (of 16) from port Y of cell tt_um_danieltyukov_int8_npu.$flatten\u_core.\u_array.\g_row[3].g_col[0].u_pe.\u_mul.\g_bw.g_wallace.u_tree.\genblk1.g_reduce.u_next.$and$/home/danieltyukov/workspace/personal/tt-ihp-int8-npu/src/npu_csa_reduce.sv:53$1992 ($and).
Removed top 1 bits (of 16) from port B of cell tt_um_danieltyukov_int8_npu.$flatten\u_core.\u_array.\g_row[3].g_col[0].u_pe.\u_mul.\g_bw.g_wallace.u_tree.\genblk1.g_reduce.u_next.$and$/home/danieltyukov/workspace/personal/tt-ihp-int8-npu/src/npu_csa_reduce.sv:53$1992 ($and).
Removed top 6 bits (of 16) from port A of cell tt_um_danieltyukov_int8_npu.$flatten\u_core.\u_array.\g_row[3].g_col[0].u_pe.\u_mul.\g_bw.g_wallace.u_tree.\genblk1.g_reduce.u_next.$and$/home/danieltyukov/workspace/personal/tt-ihp-int8-npu/src/npu_csa_reduce.sv:53$1993 ($and).
Removed top 1 bits (of 16) from port Y of cell tt_um_danieltyukov_int8_npu.$flatten\u_core.\u_array.\g_row[3].g_col[0].u_pe.\u_mul.\g_bw.g_wallace.u_tree.\genblk1.g_reduce.u_next.$and$/home/danieltyukov/workspace/personal/tt-ihp-int8-npu/src/npu_csa_reduce.sv:53$1993 ($and).
Removed top 1 bits (of 16) from port B of cell tt_um_danieltyukov_int8_npu.$flatten\u_core.\u_array.\g_row[3].g_col[0].u_pe.\u_mul.\g_bw.g_wallace.u_tree.\genblk1.g_reduce.u_next.$and$/home/danieltyukov/workspace/personal/tt-ihp-int8-npu/src/npu_csa_reduce.sv:53$1993 ($and).
Removed top 1 bits (of 16) from port Y of cell tt_um_danieltyukov_int8_npu.$flatten\u_core.\u_array.\g_row[3].g_col[0].u_pe.\u_mul.\g_bw.g_wallace.u_tree.\genblk1.g_reduce.u_next.$and$/home/danieltyukov/workspace/personal/tt-ihp-int8-npu/src/npu_csa_reduce.sv:53$1999 ($and).
Removed top 1 bits (of 16) from port A of cell tt_um_danieltyukov_int8_npu.$flatten\u_core.\u_array.\g_row[3].g_col[0].u_pe.\u_mul.\g_bw.g_wallace.u_tree.\genblk1.g_reduce.u_next.$and$/home/danieltyukov/workspace/personal/tt-ihp-int8-npu/src/npu_csa_reduce.sv:53$1999 ($and).
Removed top 1 bits (of 16) from port B of cell tt_um_danieltyukov_int8_npu.$flatten\u_core.\u_array.\g_row[3].g_col[0].u_pe.\u_mul.\g_bw.g_wallace.u_tree.\genblk1.g_reduce.u_next.$and$/home/danieltyukov/workspace/personal/tt-ihp-int8-npu/src/npu_csa_reduce.sv:53$1999 ($and).
Removed top 1 bits (of 16) from port Y of cell tt_um_danieltyukov_int8_npu.$flatten\u_core.\u_array.\g_row[3].g_col[0].u_pe.\u_mul.\g_bw.g_wallace.u_tree.\genblk1.g_reduce.u_next.$and$/home/danieltyukov/workspace/personal/tt-ihp-int8-npu/src/npu_csa_reduce.sv:53$2000 ($and).
Removed top 1 bits (of 16) from port A of cell tt_um_danieltyukov_int8_npu.$flatten\u_core.\u_array.\g_row[3].g_col[0].u_pe.\u_mul.\g_bw.g_wallace.u_tree.\genblk1.g_reduce.u_next.$and$/home/danieltyukov/workspace/personal/tt-ihp-int8-npu/src/npu_csa_reduce.sv:53$2000 ($and).
Removed top 1 bits (of 16) from port B of cell tt_um_danieltyukov_int8_npu.$flatten\u_core.\u_array.\g_row[3].g_col[0].u_pe.\u_mul.\g_bw.g_wallace.u_tree.\genblk1.g_reduce.u_next.$and$/home/danieltyukov/workspace/personal/tt-ihp-int8-npu/src/npu_csa_reduce.sv:53$2000 ($and).
Removed top 1 bits (of 16) from port Y of cell tt_um_danieltyukov_int8_npu.$flatten\u_core.\u_array.\g_row[3].g_col[0].u_pe.\u_mul.\g_bw.g_wallace.u_tree.\genblk1.g_reduce.u_next.\genblk1.g_reduce.u_next.\genblk1.g_reduce.u_next.$and$/home/danieltyukov/workspace/personal/tt-ihp-int8-npu/src/npu_csa_reduce.sv:53$1858 ($and).
Removed top 1 bits (of 16) from port A of cell tt_um_danieltyukov_int8_npu.$flatten\u_core.\u_array.\g_row[3].g_col[0].u_pe.\u_mul.\g_bw.g_wallace.u_tree.\genblk1.g_reduce.u_next.\genblk1.g_reduce.u_next.\genblk1.g_reduce.u_next.$and$/home/danieltyukov/workspace/personal/tt-ihp-int8-npu/src/npu_csa_reduce.sv:53$1858 ($and).
Removed top 1 bits (of 16) from port B of cell tt_um_danieltyukov_int8_npu.$flatten\u_core.\u_array.\g_row[3].g_col[0].u_pe.\u_mul.\g_bw.g_wallace.u_tree.\genblk1.g_reduce.u_next.\genblk1.g_reduce.u_next.\genblk1.g_reduce.u_next.$and$/home/danieltyukov/workspace/personal/tt-ihp-int8-npu/src/npu_csa_reduce.sv:53$1858 ($and).
Removed top 1 bits (of 16) from port Y of cell tt_um_danieltyukov_int8_npu.$flatten\u_core.\u_array.\g_row[3].g_col[0].u_pe.\u_mul.\g_bw.g_wallace.u_tree.\genblk1.g_reduce.u_next.\genblk1.g_reduce.u_next.\genblk1.g_reduce.u_next.$and$/home/danieltyukov/workspace/personal/tt-ihp-int8-npu/src/npu_csa_reduce.sv:53$1859 ($and).
Removed top 1 bits (of 16) from port A of cell tt_um_danieltyukov_int8_npu.$flatten\u_core.\u_array.\g_row[3].g_col[0].u_pe.\u_mul.\g_bw.g_wallace.u_tree.\genblk1.g_reduce.u_next.\genblk1.g_reduce.u_next.\genblk1.g_reduce.u_next.$and$/home/danieltyukov/workspace/personal/tt-ihp-int8-npu/src/npu_csa_reduce.sv:53$1859 ($and).
Removed top 1 bits (of 16) from port B of cell tt_um_danieltyukov_int8_npu.$flatten\u_core.\u_array.\g_row[3].g_col[0].u_pe.\u_mul.\g_bw.g_wallace.u_tree.\genblk1.g_reduce.u_next.\genblk1.g_reduce.u_next.\genblk1.g_reduce.u_next.$and$/home/danieltyukov/workspace/personal/tt-ihp-int8-npu/src/npu_csa_reduce.sv:53$1859 ($and).
Removed top 6 bits (of 16) from port A of cell tt_um_danieltyukov_int8_npu.$flatten\u_core.\u_array.\g_row[3].g_col[0].u_pe.\u_mul.\g_bw.g_wallace.u_tree.\genblk1.g_reduce.u_next.$xor$/home/danieltyukov/workspace/personal/tt-ihp-int8-npu/src/npu_csa_reduce.sv:49$1990 ($xor).
Removed top 4 bits (of 16) from port A of cell tt_um_danieltyukov_int8_npu.$flatten\u_core.\u_array.\g_row[3].g_col[0].u_pe.\u_mul.\g_bw.g_wallace.u_tree.$xor$/home/danieltyukov/workspace/personal/tt-ihp-int8-npu/src/npu_csa_reduce.sv:49$1872 ($xor).
Removed top 3 bits (of 16) from port Y of cell tt_um_danieltyukov_int8_npu.$flatten\u_core.\u_array.\g_row[3].g_col[0].u_pe.\u_mul.\g_bw.g_wallace.u_tree.$xor$/home/danieltyukov/workspace/personal/tt-ihp-int8-npu/src/npu_csa_reduce.sv:49$1872 ($xor).
Removed top 5 bits (of 15) from port B of cell tt_um_danieltyukov_int8_npu.$flatten\u_core.\u_array.\g_row[3].g_col[0].u_pe.\u_mul.\g_bw.g_wallace.u_tree.$or$/home/danieltyukov/workspace/personal/tt-ihp-int8-npu/src/npu_csa_reduce.sv:53$1870 ($or).
Removed top 2 bits (of 15) from port B of cell tt_um_danieltyukov_int8_npu.$flatten\u_core.\u_array.\g_row[3].g_col[1].u_pe.\u_mul.\g_bw.g_wallace.u_tree.$or$/home/danieltyukov/workspace/personal/tt-ihp-int8-npu/src/npu_csa_reduce.sv:53$1877 ($or).
Removed top 2 bits (of 15) from port B of cell tt_um_danieltyukov_int8_npu.$flatten\u_core.\u_array.\g_row[0].g_col[0].u_pe.\u_mul.\g_bw.g_wallace.u_tree.$or$/home/danieltyukov/workspace/personal/tt-ihp-int8-npu/src/npu_csa_reduce.sv:53$1877 ($or).
Removed top 2 bits (of 15) from port B of cell tt_um_danieltyukov_int8_npu.$flatten\u_core.\u_array.\g_row[0].g_col[1].u_pe.\u_mul.\g_bw.g_wallace.u_tree.$or$/home/danieltyukov/workspace/personal/tt-ihp-int8-npu/src/npu_csa_reduce.sv:53$1877 ($or).
Removed top 2 bits (of 15) from port B of cell tt_um_danieltyukov_int8_npu.$flatten\u_core.\u_array.\g_row[1].g_col[0].u_pe.\u_mul.\g_bw.g_wallace.u_tree.$or$/home/danieltyukov/workspace/personal/tt-ihp-int8-npu/src/npu_csa_reduce.sv:53$1877 ($or).
Removed top 2 bits (of 15) from port B of cell tt_um_danieltyukov_int8_npu.$flatten\u_core.\u_array.\g_row[1].g_col[1].u_pe.\u_mul.\g_bw.g_wallace.u_tree.$or$/home/danieltyukov/workspace/personal/tt-ihp-int8-npu/src/npu_csa_reduce.sv:53$1877 ($or).
Removed top 2 bits (of 15) from port B of cell tt_um_danieltyukov_int8_npu.$flatten\u_core.\u_array.\g_row[2].g_col[0].u_pe.\u_mul.\g_bw.g_wallace.u_tree.$or$/home/danieltyukov/workspace/personal/tt-ihp-int8-npu/src/npu_csa_reduce.sv:53$1877 ($or).
Removed top 2 bits (of 15) from port B of cell tt_um_danieltyukov_int8_npu.$flatten\u_core.\u_array.\g_row[2].g_col[1].u_pe.\u_mul.\g_bw.g_wallace.u_tree.$or$/home/danieltyukov/workspace/personal/tt-ihp-int8-npu/src/npu_csa_reduce.sv:53$1877 ($or).
Removed top 2 bits (of 15) from port B of cell tt_um_danieltyukov_int8_npu.$flatten\u_core.\u_array.\g_row[3].g_col[0].u_pe.\u_mul.\g_bw.g_wallace.u_tree.$or$/home/danieltyukov/workspace/personal/tt-ihp-int8-npu/src/npu_csa_reduce.sv:53$1877 ($or).
Removed top 23 bits (of 32) from wire tt_um_danieltyukov_int8_npu.$flatten\u_core.$add$/home/danieltyukov/workspace/personal/tt-ihp-int8-npu/src/npu_core.sv:0$1042_Y.
Removed top 23 bits (of 32) from wire tt_um_danieltyukov_int8_npu.$flatten\u_core.$add$/home/danieltyukov/workspace/personal/tt-ihp-int8-npu/src/npu_core.sv:0$1055_Y.
Removed top 23 bits (of 32) from wire tt_um_danieltyukov_int8_npu.$flatten\u_core.$add$/home/danieltyukov/workspace/personal/tt-ihp-int8-npu/src/npu_core.sv:0$1068_Y.
Removed top 24 bits (of 32) from wire tt_um_danieltyukov_int8_npu.$flatten\u_core.$add$/home/danieltyukov/workspace/personal/tt-ihp-int8-npu/src/npu_core.sv:0$1075_Y.
Removed top 26 bits (of 32) from wire tt_um_danieltyukov_int8_npu.$flatten\u_core.$add$/home/danieltyukov/workspace/personal/tt-ihp-int8-npu/src/npu_core.sv:0$975_Y.
Removed top 26 bits (of 32) from wire tt_um_danieltyukov_int8_npu.$flatten\u_core.$add$/home/danieltyukov/workspace/personal/tt-ihp-int8-npu/src/npu_core.sv:0$979_Y.
Removed top 3 bits (of 32) from wire tt_um_danieltyukov_int8_npu.$flatten\u_core.$add$/home/danieltyukov/workspace/personal/tt-ihp-int8-npu/src/npu_core.sv:348$982_Y.
Removed top 28 bits (of 32) from wire tt_um_danieltyukov_int8_npu.$flatten\u_core.$mul$/home/danieltyukov/workspace/personal/tt-ihp-int8-npu/src/npu_core.sv:525$1002_Y.
Removed top 1 bits (of 2) from wire tt_um_danieltyukov_int8_npu.$flatten\u_core.$procmux$2753_Y.
Removed top 2 bits (of 8) from wire tt_um_danieltyukov_int8_npu.$flatten\u_core.$shiftx$/home/danieltyukov/workspace/personal/tt-ihp-int8-npu/src/npu_core.sv:0$1043_Y.
Removed top 1 bits (of 24) from wire tt_um_danieltyukov_int8_npu.$flatten\u_core.$ternary$/home/danieltyukov/workspace/personal/tt-ihp-int8-npu/src/npu_core.sv:322$1079_Y.
Removed top 7 bits (of 16) from wire tt_um_danieltyukov_int8_npu.$flatten\u_core.\u_array.\g_row[0].g_col[0].u_pe.\u_mul.\g_bw.g_wallace.u_tree.$and$/home/danieltyukov/workspace/personal/tt-ihp-int8-npu/src/npu_csa_reduce.sv:53$1866_Y.
Removed top 6 bits (of 16) from wire tt_um_danieltyukov_int8_npu.$flatten\u_core.\u_array.\g_row[0].g_col[0].u_pe.\u_mul.\g_bw.g_wallace.u_tree.$and$/home/danieltyukov/workspace/personal/tt-ihp-int8-npu/src/npu_csa_reduce.sv:53$1867_Y.
Removed top 6 bits (of 16) from wire tt_um_danieltyukov_int8_npu.$flatten\u_core.\u_array.\g_row[0].g_col[0].u_pe.\u_mul.\g_bw.g_wallace.u_tree.$and$/home/danieltyukov/workspace/personal/tt-ihp-int8-npu/src/npu_csa_reduce.sv:53$1869_Y.
Removed top 4 bits (of 16) from wire tt_um_danieltyukov_int8_npu.$flatten\u_core.\u_array.\g_row[0].g_col[0].u_pe.\u_mul.\g_bw.g_wallace.u_tree.$and$/home/danieltyukov/workspace/personal/tt-ihp-int8-npu/src/npu_csa_reduce.sv:53$1873_Y.
Removed top 3 bits (of 16) from wire tt_um_danieltyukov_int8_npu.$flatten\u_core.\u_array.\g_row[0].g_col[0].u_pe.\u_mul.\g_bw.g_wallace.u_tree.$and$/home/danieltyukov/workspace/personal/tt-ihp-int8-npu/src/npu_csa_reduce.sv:53$1874_Y.
Removed top 3 bits (of 16) from wire tt_um_danieltyukov_int8_npu.$flatten\u_core.\u_array.\g_row[0].g_col[0].u_pe.\u_mul.\g_bw.g_wallace.u_tree.$and$/home/danieltyukov/workspace/personal/tt-ihp-int8-npu/src/npu_csa_reduce.sv:53$1876_Y.
Removed top 1 bits (of 16) from wire tt_um_danieltyukov_int8_npu.$flatten\u_core.\u_array.\g_row[0].g_col[0].u_pe.\u_mul.\g_bw.g_wallace.u_tree.$and$/home/danieltyukov/workspace/personal/tt-ihp-int8-npu/src/npu_csa_reduce.sv:53$1880_Y.
Removed top 1 bits (of 16) from wire tt_um_danieltyukov_int8_npu.$flatten\u_core.\u_array.\g_row[0].g_col[0].u_pe.\u_mul.\g_bw.g_wallace.u_tree.$or$/home/danieltyukov/workspace/personal/tt-ihp-int8-npu/src/npu_csa_reduce.sv:53$1882_Y.
Removed top 1 bits (of 16) from wire tt_um_danieltyukov_int8_npu.$flatten\u_core.\u_array.\g_row[0].g_col[0].u_pe.\u_mul.\g_bw.g_wallace.u_tree.$xor$/home/danieltyukov/workspace/personal/tt-ihp-int8-npu/src/npu_csa_reduce.sv:49$1878_Y.
Removed top 1 bits (of 16) from wire tt_um_danieltyukov_int8_npu.$flatten\u_core.\u_array.\g_row[0].g_col[0].u_pe.\u_mul.\g_bw.g_wallace.u_tree.\genblk1.g_reduce.u_next.$and$/home/danieltyukov/workspace/personal/tt-ihp-int8-npu/src/npu_csa_reduce.sv:53$1992_Y.
Removed top 1 bits (of 16) from wire tt_um_danieltyukov_int8_npu.$flatten\u_core.\u_array.\g_row[0].g_col[0].u_pe.\u_mul.\g_bw.g_wallace.u_tree.\genblk1.g_reduce.u_next.$and$/home/danieltyukov/workspace/personal/tt-ihp-int8-npu/src/npu_csa_reduce.sv:53$1993_Y.
Removed top 1 bits (of 16) from wire tt_um_danieltyukov_int8_npu.$flatten\u_core.\u_array.\g_row[0].g_col[0].u_pe.\u_mul.\g_bw.g_wallace.u_tree.\genblk1.g_reduce.u_next.$and$/home/danieltyukov/workspace/personal/tt-ihp-int8-npu/src/npu_csa_reduce.sv:53$1999_Y.
Removed top 7 bits (of 16) from wire tt_um_danieltyukov_int8_npu.$flatten\u_core.\u_array.\g_row[0].g_col[1].u_pe.\u_mul.\g_bw.g_wallace.u_tree.$and$/home/danieltyukov/workspace/personal/tt-ihp-int8-npu/src/npu_csa_reduce.sv:53$1866_Y.
Removed top 7 bits (of 16) from wire tt_um_danieltyukov_int8_npu.$flatten\u_core.\u_array.\g_row[0].g_col[1].u_pe.\u_mul.\g_bw.g_wallace.u_tree.$xor$/home/danieltyukov/workspace/personal/tt-ihp-int8-npu/src/npu_csa_reduce.sv:49$1864_Y.
Removed top 7 bits (of 16) from wire tt_um_danieltyukov_int8_npu.$flatten\u_core.\u_array.\g_row[1].g_col[0].u_pe.\u_mul.\g_bw.g_wallace.u_tree.$and$/home/danieltyukov/workspace/personal/tt-ihp-int8-npu/src/npu_csa_reduce.sv:53$1866_Y.
Removed top 6 bits (of 16) from wire tt_um_danieltyukov_int8_npu.$flatten\u_core.\u_array.\g_row[1].g_col[0].u_pe.\u_mul.\g_bw.g_wallace.u_tree.$and$/home/danieltyukov/workspace/personal/tt-ihp-int8-npu/src/npu_csa_reduce.sv:53$1867_Y.
Removed top 6 bits (of 16) from wire tt_um_danieltyukov_int8_npu.$flatten\u_core.\u_array.\g_row[1].g_col[0].u_pe.\u_mul.\g_bw.g_wallace.u_tree.$and$/home/danieltyukov/workspace/personal/tt-ihp-int8-npu/src/npu_csa_reduce.sv:53$1869_Y.
Removed top 4 bits (of 16) from wire tt_um_danieltyukov_int8_npu.$flatten\u_core.\u_array.\g_row[1].g_col[0].u_pe.\u_mul.\g_bw.g_wallace.u_tree.$and$/home/danieltyukov/workspace/personal/tt-ihp-int8-npu/src/npu_csa_reduce.sv:53$1873_Y.
Removed top 3 bits (of 16) from wire tt_um_danieltyukov_int8_npu.$flatten\u_core.\u_array.\g_row[1].g_col[0].u_pe.\u_mul.\g_bw.g_wallace.u_tree.$and$/home/danieltyukov/workspace/personal/tt-ihp-int8-npu/src/npu_csa_reduce.sv:53$1874_Y.
Removed top 3 bits (of 16) from wire tt_um_danieltyukov_int8_npu.$flatten\u_core.\u_array.\g_row[1].g_col[0].u_pe.\u_mul.\g_bw.g_wallace.u_tree.$and$/home/danieltyukov/workspace/personal/tt-ihp-int8-npu/src/npu_csa_reduce.sv:53$1876_Y.
Removed top 1 bits (of 16) from wire tt_um_danieltyukov_int8_npu.$flatten\u_core.\u_array.\g_row[1].g_col[0].u_pe.\u_mul.\g_bw.g_wallace.u_tree.$and$/home/danieltyukov/workspace/personal/tt-ihp-int8-npu/src/npu_csa_reduce.sv:53$1880_Y.
Removed top 1 bits (of 16) from wire tt_um_danieltyukov_int8_npu.$flatten\u_core.\u_array.\g_row[1].g_col[0].u_pe.\u_mul.\g_bw.g_wallace.u_tree.$or$/home/danieltyukov/workspace/personal/tt-ihp-int8-npu/src/npu_csa_reduce.sv:53$1882_Y.
Removed top 1 bits (of 16) from wire tt_um_danieltyukov_int8_npu.$flatten\u_core.\u_array.\g_row[1].g_col[0].u_pe.\u_mul.\g_bw.g_wallace.u_tree.$xor$/home/danieltyukov/workspace/personal/tt-ihp-int8-npu/src/npu_csa_reduce.sv:49$1878_Y.
Removed top 1 bits (of 16) from wire tt_um_danieltyukov_int8_npu.$flatten\u_core.\u_array.\g_row[1].g_col[0].u_pe.\u_mul.\g_bw.g_wallace.u_tree.\genblk1.g_reduce.u_next.$and$/home/danieltyukov/workspace/personal/tt-ihp-int8-npu/src/npu_csa_reduce.sv:53$1992_Y.
Removed top 1 bits (of 16) from wire tt_um_danieltyukov_int8_npu.$flatten\u_core.\u_array.\g_row[1].g_col[0].u_pe.\u_mul.\g_bw.g_wallace.u_tree.\genblk1.g_reduce.u_next.$and$/home/danieltyukov/workspace/personal/tt-ihp-int8-npu/src/npu_csa_reduce.sv:53$1993_Y.
Removed top 1 bits (of 16) from wire tt_um_danieltyukov_int8_npu.$flatten\u_core.\u_array.\g_row[1].g_col[0].u_pe.\u_mul.\g_bw.g_wallace.u_tree.\genblk1.g_reduce.u_next.$and$/home/danieltyukov/workspace/personal/tt-ihp-int8-npu/src/npu_csa_reduce.sv:53$2002_Y.
Removed top 1 bits (of 16) from wire tt_um_danieltyukov_int8_npu.$flatten\u_core.\u_array.\g_row[1].g_col[0].u_pe.\u_mul.\g_bw.g_wallace.u_tree.\genblk1.g_reduce.u_next.\genblk1.g_reduce.u_next.$and$/home/danieltyukov/workspace/personal/tt-ihp-int8-npu/src/npu_csa_reduce.sv:53$2007_Y.
Removed top 1 bits (of 16) from wire tt_um_danieltyukov_int8_npu.$flatten\u_core.\u_array.\g_row[1].g_col[0].u_pe.\u_mul.\g_bw.g_wallace.u_tree.\genblk1.g_reduce.u_next.\genblk1.g_reduce.u_next.$and$/home/danieltyukov/workspace/personal/tt-ihp-int8-npu/src/npu_csa_reduce.sv:53$2008_Y.
Removed top 1 bits (of 16) from wire tt_um_danieltyukov_int8_npu.$flatten\u_core.\u_array.\g_row[1].g_col[0].u_pe.\u_mul.\g_bw.g_wallace.u_tree.\genblk1.g_reduce.u_next.\genblk1.g_reduce.u_next.$and$/home/danieltyukov/workspace/personal/tt-ihp-int8-npu/src/npu_csa_reduce.sv:53$2010_Y.
Removed top 1 bits (of 16) from wire tt_um_danieltyukov_int8_npu.$flatten\u_core.\u_array.\g_row[1].g_col[0].u_pe.\u_mul.\g_bw.g_wallace.u_tree.\genblk1.g_reduce.u_next.\genblk1.g_reduce.u_next.$or$/home/danieltyukov/workspace/personal/tt-ihp-int8-npu/src/npu_csa_reduce.sv:53$2009_Y.
Removed top 1 bits (of 16) from wire tt_um_danieltyukov_int8_npu.$flatten\u_core.\u_array.\g_row[1].g_col[0].u_pe.\u_mul.\g_bw.g_wallace.u_tree.\genblk1.g_reduce.u_next.\genblk1.g_reduce.u_next.\genblk1.g_reduce.u_next.$and$/home/danieltyukov/workspace/personal/tt-ihp-int8-npu/src/npu_csa_reduce.sv:53$1858_Y.
Removed top 7 bits (of 16) from wire tt_um_danieltyukov_int8_npu.$flatten\u_core.\u_array.\g_row[1].g_col[1].u_pe.\u_mul.\g_bw.g_wallace.u_tree.$and$/home/danieltyukov/workspace/personal/tt-ihp-int8-npu/src/npu_csa_reduce.sv:53$1866_Y.
Removed top 6 bits (of 16) from wire tt_um_danieltyukov_int8_npu.$flatten\u_core.\u_array.\g_row[1].g_col[1].u_pe.\u_mul.\g_bw.g_wallace.u_tree.$and$/home/danieltyukov/workspace/personal/tt-ihp-int8-npu/src/npu_csa_reduce.sv:53$1867_Y.
Removed top 6 bits (of 16) from wire tt_um_danieltyukov_int8_npu.$flatten\u_core.\u_array.\g_row[1].g_col[1].u_pe.\u_mul.\g_bw.g_wallace.u_tree.$and$/home/danieltyukov/workspace/personal/tt-ihp-int8-npu/src/npu_csa_reduce.sv:53$1869_Y.
Removed top 4 bits (of 16) from wire tt_um_danieltyukov_int8_npu.$flatten\u_core.\u_array.\g_row[1].g_col[1].u_pe.\u_mul.\g_bw.g_wallace.u_tree.$and$/home/danieltyukov/workspace/personal/tt-ihp-int8-npu/src/npu_csa_reduce.sv:53$1873_Y.
Removed top 4 bits (of 16) from wire tt_um_danieltyukov_int8_npu.$flatten\u_core.\u_array.\g_row[1].g_col[1].u_pe.\u_mul.\g_bw.g_wallace.u_tree.$xor$/home/danieltyukov/workspace/personal/tt-ihp-int8-npu/src/npu_csa_reduce.sv:49$1871_Y.
Removed top 7 bits (of 16) from wire tt_um_danieltyukov_int8_npu.$flatten\u_core.\u_array.\g_row[2].g_col[0].u_pe.\u_mul.\g_bw.g_wallace.u_tree.$and$/home/danieltyukov/workspace/personal/tt-ihp-int8-npu/src/npu_csa_reduce.sv:53$1866_Y.
Removed top 6 bits (of 16) from wire tt_um_danieltyukov_int8_npu.$flatten\u_core.\u_array.\g_row[2].g_col[0].u_pe.\u_mul.\g_bw.g_wallace.u_tree.$and$/home/danieltyukov/workspace/personal/tt-ihp-int8-npu/src/npu_csa_reduce.sv:53$1867_Y.
Removed top 6 bits (of 16) from wire tt_um_danieltyukov_int8_npu.$flatten\u_core.\u_array.\g_row[2].g_col[0].u_pe.\u_mul.\g_bw.g_wallace.u_tree.$and$/home/danieltyukov/workspace/personal/tt-ihp-int8-npu/src/npu_csa_reduce.sv:53$1869_Y.
Removed top 4 bits (of 16) from wire tt_um_danieltyukov_int8_npu.$flatten\u_core.\u_array.\g_row[2].g_col[0].u_pe.\u_mul.\g_bw.g_wallace.u_tree.$and$/home/danieltyukov/workspace/personal/tt-ihp-int8-npu/src/npu_csa_reduce.sv:53$1873_Y.
Removed top 3 bits (of 16) from wire tt_um_danieltyukov_int8_npu.$flatten\u_core.\u_array.\g_row[2].g_col[0].u_pe.\u_mul.\g_bw.g_wallace.u_tree.$and$/home/danieltyukov/workspace/personal/tt-ihp-int8-npu/src/npu_csa_reduce.sv:53$1874_Y.
Removed top 3 bits (of 16) from wire tt_um_danieltyukov_int8_npu.$flatten\u_core.\u_array.\g_row[2].g_col[0].u_pe.\u_mul.\g_bw.g_wallace.u_tree.$and$/home/danieltyukov/workspace/personal/tt-ihp-int8-npu/src/npu_csa_reduce.sv:53$1876_Y.
Removed top 1 bits (of 16) from wire tt_um_danieltyukov_int8_npu.$flatten\u_core.\u_array.\g_row[2].g_col[0].u_pe.\u_mul.\g_bw.g_wallace.u_tree.$and$/home/danieltyukov/workspace/personal/tt-ihp-int8-npu/src/npu_csa_reduce.sv:53$1880_Y.
Removed top 1 bits (of 16) from wire tt_um_danieltyukov_int8_npu.$flatten\u_core.\u_array.\g_row[2].g_col[0].u_pe.\u_mul.\g_bw.g_wallace.u_tree.$or$/home/danieltyukov/workspace/personal/tt-ihp-int8-npu/src/npu_csa_reduce.sv:53$1882_Y.
Removed top 1 bits (of 16) from wire tt_um_danieltyukov_int8_npu.$flatten\u_core.\u_array.\g_row[2].g_col[0].u_pe.\u_mul.\g_bw.g_wallace.u_tree.$xor$/home/danieltyukov/workspace/personal/tt-ihp-int8-npu/src/npu_csa_reduce.sv:49$1878_Y.
Removed top 1 bits (of 16) from wire tt_um_danieltyukov_int8_npu.$flatten\u_core.\u_array.\g_row[2].g_col[0].u_pe.\u_mul.\g_bw.g_wallace.u_tree.\genblk1.g_reduce.u_next.$and$/home/danieltyukov/workspace/personal/tt-ihp-int8-npu/src/npu_csa_reduce.sv:53$1992_Y.
Removed top 1 bits (of 16) from wire tt_um_danieltyukov_int8_npu.$flatten\u_core.\u_array.\g_row[2].g_col[0].u_pe.\u_mul.\g_bw.g_wallace.u_tree.\genblk1.g_reduce.u_next.$and$/home/danieltyukov/workspace/personal/tt-ihp-int8-npu/src/npu_csa_reduce.sv:53$2002_Y.
Removed top 1 bits (of 16) from wire tt_um_danieltyukov_int8_npu.$flatten\u_core.\u_array.\g_row[2].g_col[0].u_pe.\u_mul.\g_bw.g_wallace.u_tree.\genblk1.g_reduce.u_next.$or$/home/danieltyukov/workspace/personal/tt-ihp-int8-npu/src/npu_csa_reduce.sv:53$2001_Y.
Removed top 1 bits (of 16) from wire tt_um_danieltyukov_int8_npu.$flatten\u_core.\u_array.\g_row[2].g_col[0].u_pe.\u_mul.\g_bw.g_wallace.u_tree.\genblk1.g_reduce.u_next.\genblk1.g_reduce.u_next.$and$/home/danieltyukov/workspace/personal/tt-ihp-int8-npu/src/npu_csa_reduce.sv:53$2007_Y.
Removed top 1 bits (of 16) from wire tt_um_danieltyukov_int8_npu.$flatten\u_core.\u_array.\g_row[2].g_col[0].u_pe.\u_mul.\g_bw.g_wallace.u_tree.\genblk1.g_reduce.u_next.\genblk1.g_reduce.u_next.$and$/home/danieltyukov/workspace/personal/tt-ihp-int8-npu/src/npu_csa_reduce.sv:53$2008_Y.
Removed top 1 bits (of 16) from wire tt_um_danieltyukov_int8_npu.$flatten\u_core.\u_array.\g_row[2].g_col[0].u_pe.\u_mul.\g_bw.g_wallace.u_tree.\genblk1.g_reduce.u_next.\genblk1.g_reduce.u_next.$and$/home/danieltyukov/workspace/personal/tt-ihp-int8-npu/src/npu_csa_reduce.sv:53$2010_Y.
Removed top 1 bits (of 16) from wire tt_um_danieltyukov_int8_npu.$flatten\u_core.\u_array.\g_row[2].g_col[0].u_pe.\u_mul.\g_bw.g_wallace.u_tree.\genblk1.g_reduce.u_next.\genblk1.g_reduce.u_next.\genblk1.g_reduce.u_next.$and$/home/danieltyukov/workspace/personal/tt-ihp-int8-npu/src/npu_csa_reduce.sv:53$1858_Y.
Removed top 1 bits (of 16) from wire tt_um_danieltyukov_int8_npu.$flatten\u_core.\u_array.\g_row[2].g_col[0].u_pe.\u_mul.\g_bw.g_wallace.u_tree.\genblk1.g_reduce.u_next.\genblk1.g_reduce.u_next.\genblk1.g_reduce.u_next.$and$/home/danieltyukov/workspace/personal/tt-ihp-int8-npu/src/npu_csa_reduce.sv:53$1859_Y.
Removed top 1 bits (of 16) from wire tt_um_danieltyukov_int8_npu.$flatten\u_core.\u_array.\g_row[2].g_col[0].u_pe.\u_mul.\g_bw.g_wallace.u_tree.\genblk1.g_reduce.u_next.\genblk1.g_reduce.u_next.\genblk1.g_reduce.u_next.$and$/home/danieltyukov/workspace/personal/tt-ihp-int8-npu/src/npu_csa_reduce.sv:53$1861_Y.
Removed top 1 bits (of 16) from wire tt_um_danieltyukov_int8_npu.$flatten\u_core.\u_array.\g_row[2].g_col[0].u_pe.\u_mul.\g_bw.g_wallace.u_tree.\genblk1.g_reduce.u_next.\genblk1.g_reduce.u_next.\genblk1.g_reduce.u_next.$or$/home/danieltyukov/workspace/personal/tt-ihp-int8-npu/src/npu_csa_reduce.sv:53$1860_Y.
Removed top 1 bits (of 45) from wire tt_um_danieltyukov_int8_npu.$flatten\u_core.\u_requant.$procmux$2440_Y.

16.11. Executing PEEPOPT pass (run peephole optimizers).

16.12. Executing OPT_CLEAN pass (remove unused cells and wires).
Finding unused cells or wires in module \tt_um_danieltyukov_int8_npu..
Removed 0 unused cells and 72 unused wires.
<suppressed ~1 debug messages>

16.13. Executing ALUMACC pass (create $alu and $macc cells).
Extracting $alu and $macc cells in module tt_um_danieltyukov_int8_npu:
  creating $macc model for $flatten\u_core.$add$/home/danieltyukov/workspace/personal/tt-ihp-int8-npu/src/npu_core.sv:234$1040 ($add).
  creating $macc model for $flatten\u_core.$add$/home/danieltyukov/workspace/personal/tt-ihp-int8-npu/src/npu_core.sv:234$1053 ($add).
  creating $macc model for $flatten\u_core.$add$/home/danieltyukov/workspace/personal/tt-ihp-int8-npu/src/npu_core.sv:234$1066 ($add).
  creating $macc model for $flatten\u_core.$add$/home/danieltyukov/workspace/personal/tt-ihp-int8-npu/src/npu_core.sv:272$973 ($add).
  creating $macc model for $flatten\u_core.$add$/home/danieltyukov/workspace/personal/tt-ihp-int8-npu/src/npu_core.sv:298$1120 ($add).
  creating $macc model for $flatten\u_core.$add$/home/danieltyukov/workspace/personal/tt-ihp-int8-npu/src/npu_core.sv:348$982 ($add).
  creating $macc model for $flatten\u_core.$add$/home/danieltyukov/workspace/personal/tt-ihp-int8-npu/src/npu_core.sv:411$986 ($add).
  creating $macc model for $flatten\u_core.$add$/home/danieltyukov/workspace/personal/tt-ihp-int8-npu/src/npu_core.sv:468$996 ($add).
  creating $macc model for $flatten\u_core.$add$/home/danieltyukov/workspace/personal/tt-ihp-int8-npu/src/npu_core.sv:490$998 ($add).
  creating $macc model for $flatten\u_core.$add$/home/danieltyukov/workspace/personal/tt-ihp-int8-npu/src/npu_core.sv:492$999 ($add).
  creating $macc model for $flatten\u_core.$add$/home/danieltyukov/workspace/personal/tt-ihp-int8-npu/src/npu_core.sv:525$1003 ($add).
  creating $macc model for $flatten\u_core.$mul$/home/danieltyukov/workspace/personal/tt-ihp-int8-npu/src/npu_core.sv:299$1074 ($mul).
  creating $macc model for $flatten\u_core.$mul$/home/danieltyukov/workspace/personal/tt-ihp-int8-npu/src/npu_core.sv:299$1121 ($mul).
  creating $macc model for $flatten\u_core.$mul$/home/danieltyukov/workspace/personal/tt-ihp-int8-npu/src/npu_core.sv:342$974 ($mul).
  creating $macc model for $flatten\u_core.$mul$/home/danieltyukov/workspace/personal/tt-ihp-int8-npu/src/npu_core.sv:347$977 ($mul).
  creating $macc model for $flatten\u_core.$mul$/home/danieltyukov/workspace/personal/tt-ihp-int8-npu/src/npu_core.sv:525$1002 ($mul).
  creating $macc model for $flatten\u_core.$mul$/home/danieltyukov/workspace/personal/tt-ihp-int8-npu/src/npu_core.sv:527$1004 ($mul).
  creating $macc model for $flatten\u_core.$sub$/home/danieltyukov/workspace/personal/tt-ihp-int8-npu/src/npu_core.sv:226$1032 ($sub).
  creating $macc model for $flatten\u_core.$sub$/home/danieltyukov/workspace/personal/tt-ihp-int8-npu/src/npu_core.sv:226$1045 ($sub).
  creating $macc model for $flatten\u_core.$sub$/home/danieltyukov/workspace/personal/tt-ihp-int8-npu/src/npu_core.sv:226$1058 ($sub).
  creating $macc model for $flatten\u_core.\u_act.$add$/home/danieltyukov/workspace/personal/tt-ihp-int8-npu/src/npu_activation.sv:43$3 ($add).
  creating $macc model for $flatten\u_core.\u_act.$sub$/home/danieltyukov/workspace/personal/tt-ihp-int8-npu/src/npu_activation.sv:41$1 ($sub).
  creating $macc model for $flatten\u_core.\u_host.$add$/home/danieltyukov/workspace/personal/tt-ihp-int8-npu/src/npu_host_if.sv:197$1530 ($add).
  creating $macc model for $flatten\u_core.\u_host.$add$/home/danieltyukov/workspace/personal/tt-ihp-int8-npu/src/npu_host_if.sv:215$1531 ($add).
  creating $macc model for $flatten\u_core.\u_requant.$add$/home/danieltyukov/workspace/personal/tt-ihp-int8-npu/src/npu_requant.sv:157$1466 ($add).
  creating $macc model for $flatten\u_core.\u_requant.$sub$/home/danieltyukov/workspace/personal/tt-ihp-int8-npu/src/npu_requant.sv:167$1467 ($sub).
  creating $macc model for $flatten\u_core.\u_requant.$sub$/home/danieltyukov/workspace/personal/tt-ihp-int8-npu/src/npu_requant.sv:178$1476 ($sub).
  creating $macc model for $flatten\u_core.\u_requant.$sub$/home/danieltyukov/workspace/personal/tt-ihp-int8-npu/src/npu_requant.sv:184$1479 ($sub).
  creating $alu model for $macc $flatten\u_core.\u_requant.$sub$/home/danieltyukov/workspace/personal/tt-ihp-int8-npu/src/npu_requant.sv:184$1479.
  creating $alu model for $macc $flatten\u_core.\u_requant.$sub$/home/danieltyukov/workspace/personal/tt-ihp-int8-npu/src/npu_requant.sv:178$1476.
  creating $alu model for $macc $flatten\u_core.\u_requant.$sub$/home/danieltyukov/workspace/personal/tt-ihp-int8-npu/src/npu_requant.sv:167$1467.
  creating $alu model for $macc $flatten\u_core.\u_requant.$add$/home/danieltyukov/workspace/personal/tt-ihp-int8-npu/src/npu_requant.sv:157$1466.
  creating $alu model for $macc $flatten\u_core.\u_host.$add$/home/danieltyukov/workspace/personal/tt-ihp-int8-npu/src/npu_host_if.sv:215$1531.
  creating $alu model for $macc $flatten\u_core.\u_host.$add$/home/danieltyukov/workspace/personal/tt-ihp-int8-npu/src/npu_host_if.sv:197$1530.
  creating $alu model for $macc $flatten\u_core.\u_act.$sub$/home/danieltyukov/workspace/personal/tt-ihp-int8-npu/src/npu_activation.sv:41$1.
  creating $alu model for $macc $flatten\u_core.\u_act.$add$/home/danieltyukov/workspace/personal/tt-ihp-int8-npu/src/npu_activation.sv:43$3.
  creating $alu model for $macc $flatten\u_core.$sub$/home/danieltyukov/workspace/personal/tt-ihp-int8-npu/src/npu_core.sv:226$1058.
  creating $alu model for $macc $flatten\u_core.$sub$/home/danieltyukov/workspace/personal/tt-ihp-int8-npu/src/npu_core.sv:226$1045.
  creating $alu model for $macc $flatten\u_core.$sub$/home/danieltyukov/workspace/personal/tt-ihp-int8-npu/src/npu_core.sv:226$1032.
  creating $alu model for $macc $flatten\u_core.$add$/home/danieltyukov/workspace/personal/tt-ihp-int8-npu/src/npu_core.sv:525$1003.
  creating $alu model for $macc $flatten\u_core.$add$/home/danieltyukov/workspace/personal/tt-ihp-int8-npu/src/npu_core.sv:492$999.
  creating $alu model for $macc $flatten\u_core.$add$/home/danieltyukov/workspace/personal/tt-ihp-int8-npu/src/npu_core.sv:490$998.
  creating $alu model for $macc $flatten\u_core.$add$/home/danieltyukov/workspace/personal/tt-ihp-int8-npu/src/npu_core.sv:468$996.
  creating $alu model for $macc $flatten\u_core.$add$/home/danieltyukov/workspace/personal/tt-ihp-int8-npu/src/npu_core.sv:411$986.
  creating $alu model for $macc $flatten\u_core.$add$/home/danieltyukov/workspace/personal/tt-ihp-int8-npu/src/npu_core.sv:348$982.
  creating $alu model for $macc $flatten\u_core.$add$/home/danieltyukov/workspace/personal/tt-ihp-int8-npu/src/npu_core.sv:298$1120.
  creating $alu model for $macc $flatten\u_core.$add$/home/danieltyukov/workspace/personal/tt-ihp-int8-npu/src/npu_core.sv:272$973.
  creating $alu model for $macc $flatten\u_core.$add$/home/danieltyukov/workspace/personal/tt-ihp-int8-npu/src/npu_core.sv:234$1066.
  creating $alu model for $macc $flatten\u_core.$add$/home/danieltyukov/workspace/personal/tt-ihp-int8-npu/src/npu_core.sv:234$1053.
  creating $alu model for $macc $flatten\u_core.$add$/home/danieltyukov/workspace/personal/tt-ihp-int8-npu/src/npu_core.sv:234$1040.
  creating $macc cell for $flatten\u_core.$mul$/home/danieltyukov/workspace/personal/tt-ihp-int8-npu/src/npu_core.sv:299$1074: $auto$alumacc.cc:365:replace_macc$3295
  creating $macc cell for $flatten\u_core.$mul$/home/danieltyukov/workspace/personal/tt-ihp-int8-npu/src/npu_core.sv:527$1004: $auto$alumacc.cc:365:replace_macc$3296
  creating $macc cell for $flatten\u_core.$mul$/home/danieltyukov/workspace/personal/tt-ihp-int8-npu/src/npu_core.sv:525$1002: $auto$alumacc.cc:365:replace_macc$3297
  creating $macc cell for $flatten\u_core.$mul$/home/danieltyukov/workspace/personal/tt-ihp-int8-npu/src/npu_core.sv:347$977: $auto$alumacc.cc:365:replace_macc$3298
  creating $macc cell for $flatten\u_core.$mul$/home/danieltyukov/workspace/personal/tt-ihp-int8-npu/src/npu_core.sv:342$974: $auto$alumacc.cc:365:replace_macc$3299
  creating $macc cell for $flatten\u_core.$mul$/home/danieltyukov/workspace/personal/tt-ihp-int8-npu/src/npu_core.sv:299$1121: $auto$alumacc.cc:365:replace_macc$3300
  creating $alu model for $flatten\u_core.$ge$/home/danieltyukov/workspace/personal/tt-ihp-int8-npu/src/npu_core.sv:231$1034 ($ge): new $alu
  creating $alu model for $flatten\u_core.$ge$/home/danieltyukov/workspace/personal/tt-ihp-int8-npu/src/npu_core.sv:231$1047 ($ge): new $alu
  creating $alu model for $flatten\u_core.$ge$/home/danieltyukov/workspace/personal/tt-ihp-int8-npu/src/npu_core.sv:231$1060 ($ge): new $alu
  creating $alu model for $flatten\u_core.$gt$/home/danieltyukov/workspace/personal/tt-ihp-int8-npu/src/npu_core.sv:168$1019 ($gt): new $alu
  creating $alu model for $flatten\u_core.$le$/home/danieltyukov/workspace/personal/tt-ihp-int8-npu/src/npu_core.sv:229$1023 ($le): new $alu
  creating $alu model for $flatten\u_core.$le$/home/danieltyukov/workspace/personal/tt-ihp-int8-npu/src/npu_core.sv:231$1036 ($le): new $alu
  creating $alu model for $flatten\u_core.$le$/home/danieltyukov/workspace/personal/tt-ihp-int8-npu/src/npu_core.sv:231$1049 ($le): new $alu
  creating $alu model for $flatten\u_core.$le$/home/danieltyukov/workspace/personal/tt-ihp-int8-npu/src/npu_core.sv:231$1062 ($le): new $alu
  creating $alu model for $flatten\u_core.$lt$/home/danieltyukov/workspace/personal/tt-ihp-int8-npu/src/npu_core.sv:530$1007 ($lt): new $alu
  creating $alu model for $flatten\u_core.\u_act.$ge$/home/danieltyukov/workspace/personal/tt-ihp-int8-npu/src/npu_activation.sv:48$9 ($ge): new $alu
  creating $alu model for $flatten\u_core.\u_act.$gt$/home/danieltyukov/workspace/personal/tt-ihp-int8-npu/src/npu_activation.sv:44$4 ($gt): new $alu
  creating $alu model for $flatten\u_core.\u_act.$gt$/home/danieltyukov/workspace/personal/tt-ihp-int8-npu/src/npu_activation.sv:56$19 ($gt): new $alu
  creating $alu model for $flatten\u_core.\u_act.$lt$/home/danieltyukov/workspace/personal/tt-ihp-int8-npu/src/npu_activation.sv:45$5 ($lt): new $alu
  creating $alu model for $flatten\u_core.\u_act.$lt$/home/danieltyukov/workspace/personal/tt-ihp-int8-npu/src/npu_activation.sv:56$18 ($lt): new $alu
  creating $alu model for $flatten\u_core.\u_host.$ge$/home/danieltyukov/workspace/personal/tt-ihp-int8-npu/src/npu_host_if.sv:193$1529 ($ge): new $alu
  creating $alu model for $flatten\u_core.\u_requant.$ge$/home/danieltyukov/workspace/personal/tt-ihp-int8-npu/src/npu_requant.sv:174$1471 ($ge): new $alu
  creating $alu model for $flatten\u_core.\u_requant.$gt$/home/danieltyukov/workspace/personal/tt-ihp-int8-npu/src/npu_requant.sv:130$1460 ($gt): new $alu
  creating $alu model for $flatten\u_core.\u_requant.$lt$/home/danieltyukov/workspace/personal/tt-ihp-int8-npu/src/npu_requant.sv:131$1461 ($lt): new $alu
  creating $alu model for $flatten\u_core.\u_requant.$eq$/home/danieltyukov/workspace/personal/tt-ihp-int8-npu/src/npu_requant.sv:179$1477 ($eq): merged with $flatten\u_core.\u_requant.$ge$/home/danieltyukov/workspace/personal/tt-ihp-int8-npu/src/npu_requant.sv:174$1471.
  creating $alu cell for $flatten\u_core.\u_requant.$lt$/home/danieltyukov/workspace/personal/tt-ihp-int8-npu/src/npu_requant.sv:131$1461: $auto$alumacc.cc:485:replace_alu$3319
  creating $alu cell for $flatten\u_core.\u_requant.$gt$/home/danieltyukov/workspace/personal/tt-ihp-int8-npu/src/npu_requant.sv:130$1460: $auto$alumacc.cc:485:replace_alu$3332
  creating $alu cell for $flatten\u_core.\u_requant.$ge$/home/danieltyukov/workspace/personal/tt-ihp-int8-npu/src/npu_requant.sv:174$1471, $flatten\u_core.\u_requant.$eq$/home/danieltyukov/workspace/personal/tt-ihp-int8-npu/src/npu_requant.sv:179$1477: $auto$alumacc.cc:485:replace_alu$3339
  creating $alu cell for $flatten\u_core.\u_host.$ge$/home/danieltyukov/workspace/personal/tt-ihp-int8-npu/src/npu_host_if.sv:193$1529: $auto$alumacc.cc:485:replace_alu$3348
  creating $alu cell for $flatten\u_core.\u_act.$lt$/home/danieltyukov/workspace/personal/tt-ihp-int8-npu/src/npu_activation.sv:56$18: $auto$alumacc.cc:485:replace_alu$3361
  creating $alu cell for $flatten\u_core.\u_act.$lt$/home/danieltyukov/workspace/personal/tt-ihp-int8-npu/src/npu_activation.sv:45$5: $auto$alumacc.cc:485:replace_alu$3368
  creating $alu cell for $flatten\u_core.\u_act.$gt$/home/danieltyukov/workspace/personal/tt-ihp-int8-npu/src/npu_activation.sv:56$19: $auto$alumacc.cc:485:replace_alu$3381
  creating $alu cell for $flatten\u_core.\u_act.$gt$/home/danieltyukov/workspace/personal/tt-ihp-int8-npu/src/npu_activation.sv:44$4: $auto$alumacc.cc:485:replace_alu$3394
  creating $alu cell for $flatten\u_core.\u_act.$ge$/home/danieltyukov/workspace/personal/tt-ihp-int8-npu/src/npu_activation.sv:48$9: $auto$alumacc.cc:485:replace_alu$3401
  creating $alu cell for $flatten\u_core.$lt$/home/danieltyukov/workspace/personal/tt-ihp-int8-npu/src/npu_core.sv:530$1007: $auto$alumacc.cc:485:replace_alu$3412
  creating $alu cell for $flatten\u_core.$le$/home/danieltyukov/workspace/personal/tt-ihp-int8-npu/src/npu_core.sv:231$1062: $auto$alumacc.cc:485:replace_alu$3423
  creating $alu cell for $flatten\u_core.$le$/home/danieltyukov/workspace/personal/tt-ihp-int8-npu/src/npu_core.sv:231$1049: $auto$alumacc.cc:485:replace_alu$3436
  creating $alu cell for $flatten\u_core.$le$/home/danieltyukov/workspace/personal/tt-ihp-int8-npu/src/npu_core.sv:231$1036: $auto$alumacc.cc:485:replace_alu$3449
  creating $alu cell for $flatten\u_core.$le$/home/danieltyukov/workspace/personal/tt-ihp-int8-npu/src/npu_core.sv:229$1023: $auto$alumacc.cc:485:replace_alu$3462
  creating $alu cell for $flatten\u_core.$gt$/home/danieltyukov/workspace/personal/tt-ihp-int8-npu/src/npu_core.sv:168$1019: $auto$alumacc.cc:485:replace_alu$3475
  creating $alu cell for $flatten\u_core.$ge$/home/danieltyukov/workspace/personal/tt-ihp-int8-npu/src/npu_core.sv:231$1060: $auto$alumacc.cc:485:replace_alu$3480
  creating $alu cell for $flatten\u_core.$ge$/home/danieltyukov/workspace/personal/tt-ihp-int8-npu/src/npu_core.sv:231$1047: $auto$alumacc.cc:485:replace_alu$3489
  creating $alu cell for $flatten\u_core.$add$/home/danieltyukov/workspace/personal/tt-ihp-int8-npu/src/npu_core.sv:234$1040: $auto$alumacc.cc:485:replace_alu$3498
  creating $alu cell for $flatten\u_core.$add$/home/danieltyukov/workspace/personal/tt-ihp-int8-npu/src/npu_core.sv:234$1053: $auto$alumacc.cc:485:replace_alu$3501
  creating $alu cell for $flatten\u_core.$add$/home/danieltyukov/workspace/personal/tt-ihp-int8-npu/src/npu_core.sv:234$1066: $auto$alumacc.cc:485:replace_alu$3504
  creating $alu cell for $flatten\u_core.$add$/home/danieltyukov/workspace/personal/tt-ihp-int8-npu/src/npu_core.sv:272$973: $auto$alumacc.cc:485:replace_alu$3507
  creating $alu cell for $flatten\u_core.$add$/home/danieltyukov/workspace/personal/tt-ihp-int8-npu/src/npu_core.sv:298$1120: $auto$alumacc.cc:485:replace_alu$3510
  creating $alu cell for $flatten\u_core.$add$/home/danieltyukov/workspace/personal/tt-ihp-int8-npu/src/npu_core.sv:348$982: $auto$alumacc.cc:485:replace_alu$3513
  creating $alu cell for $flatten\u_core.$add$/home/danieltyukov/workspace/personal/tt-ihp-int8-npu/src/npu_core.sv:411$986: $auto$alumacc.cc:485:replace_alu$3516
  creating $alu cell for $flatten\u_core.$ge$/home/danieltyukov/workspace/personal/tt-ihp-int8-npu/src/npu_core.sv:231$1034: $auto$alumacc.cc:485:replace_alu$3519
  creating $alu cell for $flatten\u_core.$add$/home/danieltyukov/workspace/personal/tt-ihp-int8-npu/src/npu_core.sv:468$996: $auto$alumacc.cc:485:replace_alu$3528
  creating $alu cell for $flatten\u_core.$add$/home/danieltyukov/workspace/personal/tt-ihp-int8-npu/src/npu_core.sv:490$998: $auto$alumacc.cc:485:replace_alu$3531
  creating $alu cell for $flatten\u_core.$add$/home/danieltyukov/workspace/personal/tt-ihp-int8-npu/src/npu_core.sv:492$999: $auto$alumacc.cc:485:replace_alu$3534
  creating $alu cell for $flatten\u_core.$add$/home/danieltyukov/workspace/personal/tt-ihp-int8-npu/src/npu_core.sv:525$1003: $auto$alumacc.cc:485:replace_alu$3537
  creating $alu cell for $flatten\u_core.$sub$/home/danieltyukov/workspace/personal/tt-ihp-int8-npu/src/npu_core.sv:226$1032: $auto$alumacc.cc:485:replace_alu$3540
  creating $alu cell for $flatten\u_core.$sub$/home/danieltyukov/workspace/personal/tt-ihp-int8-npu/src/npu_core.sv:226$1045: $auto$alumacc.cc:485:replace_alu$3543
  creating $alu cell for $flatten\u_core.$sub$/home/danieltyukov/workspace/personal/tt-ihp-int8-npu/src/npu_core.sv:226$1058: $auto$alumacc.cc:485:replace_alu$3546
  creating $alu cell for $flatten\u_core.\u_act.$add$/home/danieltyukov/workspace/personal/tt-ihp-int8-npu/src/npu_activation.sv:43$3: $auto$alumacc.cc:485:replace_alu$3549
  creating $alu cell for $flatten\u_core.\u_act.$sub$/home/danieltyukov/workspace/personal/tt-ihp-int8-npu/src/npu_activation.sv:41$1: $auto$alumacc.cc:485:replace_alu$3552
  creating $alu cell for $flatten\u_core.\u_host.$add$/home/danieltyukov/workspace/personal/tt-ihp-int8-npu/src/npu_host_if.sv:197$1530: $auto$alumacc.cc:485:replace_alu$3555
  creating $alu cell for $flatten\u_core.\u_host.$add$/home/danieltyukov/workspace/personal/tt-ihp-int8-npu/src/npu_host_if.sv:215$1531: $auto$alumacc.cc:485:replace_alu$3558
  creating $alu cell for $flatten\u_core.\u_requant.$add$/home/danieltyukov/workspace/personal/tt-ihp-int8-npu/src/npu_requant.sv:157$1466: $auto$alumacc.cc:485:replace_alu$3561
  creating $alu cell for $flatten\u_core.\u_requant.$sub$/home/danieltyukov/workspace/personal/tt-ihp-int8-npu/src/npu_requant.sv:167$1467: $auto$alumacc.cc:485:replace_alu$3564
  creating $alu cell for $flatten\u_core.\u_requant.$sub$/home/danieltyukov/workspace/personal/tt-ihp-int8-npu/src/npu_requant.sv:178$1476: $auto$alumacc.cc:485:replace_alu$3567
  creating $alu cell for $flatten\u_core.\u_requant.$sub$/home/danieltyukov/workspace/personal/tt-ihp-int8-npu/src/npu_requant.sv:184$1479: $auto$alumacc.cc:485:replace_alu$3570
  created 40 $alu and 6 $macc cells.

16.14. Executing SHARE pass (SAT-based resource sharing).
Found 2 cells in module tt_um_danieltyukov_int8_npu that may be considered for resource sharing.
  Analyzing resource sharing options for $flatten\u_core.\u_host.$auto$mem.cc:273:emit$2015 ($memrd_v2):
    Found 1 activation_patterns using ctrl signal { $flatten\u_core.\u_host.$logic_and$/home/danieltyukov/workspace/personal/tt-ihp-int8-npu/src/npu_host_if.sv:160$1511_Y $flatten\u_core.\u_host.$logic_and$/home/danieltyukov/workspace/personal/tt-ihp-int8-npu/src/npu_host_if.sv:156$1504_Y }.
    No candidates found.
  Analyzing resource sharing options for $flatten\u_core.\u_act.$sshr$/home/danieltyukov/workspace/personal/tt-ihp-int8-npu/src/npu_activation.sv:42$2 ($sshr):
    Found 108 activation_patterns using ctrl signal { \u_core.g_res[0].wen \u_core.g_res[1].wen \u_core.g_res[2].wen \u_core.g_res[3].wen \u_core.g_res[4].wen \u_core.g_res[5].wen \u_core.g_res[6].wen \u_core.g_res[7].wen \u_core.g_res[8].wen \u_core.g_res[9].wen \u_core.g_res[10].wen \u_core.g_res[11].wen $auto$rtlil.cc:2401:Not$3393 $auto$rtlil.cc:2401:Not$3380 $auto$rtlil.cc:2433:Xor$3400 \u_core.u_host.soft_rst $auto$rtlil.cc:2433:Xor$3367 $auto$rtlil.cc:2405:ReduceOr$3411 $flatten\u_core.\u_act.$eq$/home/danieltyukov/workspace/personal/tt-ihp-int8-npu/src/npu_activation.sv:48$8_Y }.
    No candidates found.

16.15. Executing OPT pass (performing simple optimizations).

16.15.1. Executing OPT_EXPR pass (perform const folding).
Optimizing module tt_um_danieltyukov_int8_npu.
<suppressed ~6 debug messages>

16.15.2. Executing OPT_MERGE pass (detect identical cells).
Finding identical cells in module `\tt_um_danieltyukov_int8_npu'.
<suppressed ~3 debug messages>
Removed a total of 1 cells.

16.15.3. Executing OPT_MUXTREE pass (detect dead branches in mux trees).
Running muxtree optimizer on module \tt_um_danieltyukov_int8_npu..
  Creating internal representation of mux trees.
  Evaluating internal representation of mux trees.
  Analyzing evaluation results.
Removed 0 multiplexer ports.
<suppressed ~91 debug messages>

16.15.4. Executing OPT_REDUCE pass (consolidate $*mux and $reduce_* inputs).
  Optimizing cells in module \tt_um_danieltyukov_int8_npu.
Performed a total of 0 changes.

16.15.5. Executing OPT_MERGE pass (detect identical cells).
Finding identical cells in module `\tt_um_danieltyukov_int8_npu'.
Removed a total of 0 cells.

16.15.6. Executing OPT_DFF pass (perform DFF optimizations).

16.15.7. Executing OPT_CLEAN pass (remove unused cells and wires).
Finding unused cells or wires in module \tt_um_danieltyukov_int8_npu..
Removed 4 unused cells and 24 unused wires.
<suppressed ~6 debug messages>

16.15.8. Executing OPT_EXPR pass (perform const folding).
Optimizing module tt_um_danieltyukov_int8_npu.

16.15.9. Rerunning OPT passes. (Maybe there is more to do..)

16.15.10. Executing OPT_MUXTREE pass (detect dead branches in mux trees).
Running muxtree optimizer on module \tt_um_danieltyukov_int8_npu..
  Creating internal representation of mux trees.
  Evaluating internal representation of mux trees.
  Analyzing evaluation results.
Removed 0 multiplexer ports.
<suppressed ~91 debug messages>

16.15.11. Executing OPT_REDUCE pass (consolidate $*mux and $reduce_* inputs).
  Optimizing cells in module \tt_um_danieltyukov_int8_npu.
Performed a total of 0 changes.

16.15.12. Executing OPT_MERGE pass (detect identical cells).
Finding identical cells in module `\tt_um_danieltyukov_int8_npu'.
Removed a total of 0 cells.

16.15.13. Executing OPT_DFF pass (perform DFF optimizations).

16.15.14. Executing OPT_CLEAN pass (remove unused cells and wires).
Finding unused cells or wires in module \tt_um_danieltyukov_int8_npu..

16.15.15. Executing OPT_EXPR pass (perform const folding).
Optimizing module tt_um_danieltyukov_int8_npu.

16.15.16. Finished OPT passes. (There is nothing left to do.)

16.16. Executing MEMORY pass.

16.16.1. Executing OPT_MEM pass (optimize memories).
Performed a total of 0 transformations.

16.16.2. Executing OPT_MEM_PRIORITY pass (removing unnecessary memory write priority relations).
Performed a total of 0 transformations.

16.16.3. Executing OPT_MEM_FEEDBACK pass (finding memory read-to-write feedback paths).

16.16.4. Executing MEMORY_BMUX2ROM pass (converting muxes to ROMs).

16.16.5. Executing MEMORY_DFF pass (merging $dff cells to $memrd).
Checking read port `$flatten\u_core.\u_host.$auto$proc_rom.cc:150:do_switch$2014'[0] in module `\tt_um_danieltyukov_int8_npu': no output FF found.
Checking read port address `$flatten\u_core.\u_host.$auto$proc_rom.cc:150:do_switch$2014'[0] in module `\tt_um_danieltyukov_int8_npu': no address FF found.

16.16.6. Executing OPT_CLEAN pass (remove unused cells and wires).
Finding unused cells or wires in module \tt_um_danieltyukov_int8_npu..

16.16.7. Executing MEMORY_SHARE pass (consolidating $memrd/$memwr cells).

16.16.8. Executing OPT_MEM_WIDEN pass (optimize memories where all ports are wide).
Performed a total of 0 transformations.

16.16.9. Executing OPT_CLEAN pass (remove unused cells and wires).
Finding unused cells or wires in module \tt_um_danieltyukov_int8_npu..

16.16.10. Executing MEMORY_COLLECT pass (generating $mem cells).

16.17. Executing OPT_CLEAN pass (remove unused cells and wires).
Finding unused cells or wires in module \tt_um_danieltyukov_int8_npu..

16.18. Executing OPT pass (performing simple optimizations).

16.18.1. Executing OPT_EXPR pass (perform const folding).
Optimizing module tt_um_danieltyukov_int8_npu.
<suppressed ~7833 debug messages>

16.18.2. Executing OPT_MERGE pass (detect identical cells).
Finding identical cells in module `\tt_um_danieltyukov_int8_npu'.
<suppressed ~69 debug messages>
Removed a total of 23 cells.

16.18.3. Executing OPT_DFF pass (perform DFF optimizations).
Adding EN signal on $auto$ff.cc:266:slice$2944 ($adffe) from module tt_um_danieltyukov_int8_npu (D = $flatten\u_core.\u_requant.$0\shcnt[5:0] [1:0], Q = \u_core.u_requant.shcnt [1:0]).

16.18.4. Executing OPT_CLEAN pass (remove unused cells and wires).
Finding unused cells or wires in module \tt_um_danieltyukov_int8_npu..
Removed 67 unused cells and 2402 unused wires.
<suppressed ~70 debug messages>

16.18.5. Rerunning OPT passes. (Removed registers in this run.)

16.18.6. Executing OPT_EXPR pass (perform const folding).
Optimizing module tt_um_danieltyukov_int8_npu.
<suppressed ~52 debug messages>

16.18.7. Executing OPT_MERGE pass (detect identical cells).
Finding identical cells in module `\tt_um_danieltyukov_int8_npu'.
Removed a total of 0 cells.

16.18.8. Executing OPT_DFF pass (perform DFF optimizations).

16.18.9. Executing OPT_CLEAN pass (remove unused cells and wires).
Finding unused cells or wires in module \tt_um_danieltyukov_int8_npu..

16.18.10. Finished fast OPT passes.

16.19. Executing MEMORY_MAP pass (converting memories to logic and flip-flops).
Mapping memory $flatten\u_core.\u_host.$auto$proc_rom.cc:150:do_switch$2014 in module \tt_um_danieltyukov_int8_npu:
  created 16 $dff cells and 0 static cells of width 1.
  read interface: 0 $dff and 15 $mux cells.
  write interface: 0 write mux blocks.

16.20. Executing OPT pass (performing simple optimizations).

16.20.1. Executing OPT_EXPR pass (perform const folding).
Optimizing module tt_um_danieltyukov_int8_npu.
<suppressed ~9 debug messages>

16.20.2. Executing OPT_MERGE pass (detect identical cells).
Finding identical cells in module `\tt_um_danieltyukov_int8_npu'.
Removed a total of 0 cells.

16.20.3. Executing OPT_MUXTREE pass (detect dead branches in mux trees).
Running muxtree optimizer on module \tt_um_danieltyukov_int8_npu..
  Creating internal representation of mux trees.
  Evaluating internal representation of mux trees.
  Analyzing evaluation results.
Removed 0 multiplexer ports.
<suppressed ~70 debug messages>

16.20.4. Executing OPT_REDUCE pass (consolidate $*mux and $reduce_* inputs).
  Optimizing cells in module \tt_um_danieltyukov_int8_npu.
    New input vector for $reduce_and cell $auto$opt_dff.cc:220:make_patterns_logic$7409: { $auto$opt_dff.cc:194:make_patterns_logic$7406 $auto$opt_dff.cc:194:make_patterns_logic$2933 $auto$opt_dff.cc:194:make_patterns_logic$2931 }
    Consolidated identical input bits for $mux cell $flatten\u_core.$ternary$/home/danieltyukov/workspace/personal/tt-ihp-int8-npu/src/npu_core.sv:322$1079:
      Old ports: A=24'011111111111111111111111, B=24'100000000000000000000000, Y=$auto$wreduce.cc:461:run$3238
      New ports: A=2'01, B=2'10, Y={ $auto$wreduce.cc:461:run$3238 [23] $auto$wreduce.cc:461:run$3238 [0] }
      New connections: $auto$wreduce.cc:461:run$3238 [22:1] = { $auto$wreduce.cc:461:run$3238 [0] $auto$wreduce.cc:461:run$3238 [0] $auto$wreduce.cc:461:run$3238 [0] $auto$wreduce.cc:461:run$3238 [0] $auto$wreduce.cc:461:run$3238 [0] $auto$wreduce.cc:461:run$3238 [0] $auto$wreduce.cc:461:run$3238 [0] $auto$wreduce.cc:461:run$3238 [0] $auto$wreduce.cc:461:run$3238 [0] $auto$wreduce.cc:461:run$3238 [0] $auto$wreduce.cc:461:run$3238 [0] $auto$wreduce.cc:461:run$3238 [0] $auto$wreduce.cc:461:run$3238 [0] $auto$wreduce.cc:461:run$3238 [0] $auto$wreduce.cc:461:run$3238 [0] $auto$wreduce.cc:461:run$3238 [0] $auto$wreduce.cc:461:run$3238 [0] $auto$wreduce.cc:461:run$3238 [0] $auto$wreduce.cc:461:run$3238 [0] $auto$wreduce.cc:461:run$3238 [0] $auto$wreduce.cc:461:run$3238 [0] $auto$wreduce.cc:461:run$3238 [0] }
    Consolidated identical input bits for $mux cell $flatten\u_core.$ternary$/home/danieltyukov/workspace/personal/tt-ihp-int8-npu/src/npu_core.sv:322$1126:
      Old ports: A=24'011111111111111111111111, B=24'100000000000000000000000, Y=$flatten\u_core.$ternary$/home/danieltyukov/workspace/personal/tt-ihp-int8-npu/src/npu_core.sv:322$1126_Y
      New ports: A=2'01, B=2'10, Y={ $flatten\u_core.$ternary$/home/danieltyukov/workspace/personal/tt-ihp-int8-npu/src/npu_core.sv:322$1126_Y [23] $flatten\u_core.$ternary$/home/danieltyukov/workspace/personal/tt-ihp-int8-npu/src/npu_core.sv:322$1126_Y [0] }
      New connections: $flatten\u_core.$ternary$/home/danieltyukov/workspace/personal/tt-ihp-int8-npu/src/npu_core.sv:322$1126_Y [22:1] = { $flatten\u_core.$ternary$/home/danieltyukov/workspace/personal/tt-ihp-int8-npu/src/npu_core.sv:322$1126_Y [0] $flatten\u_core.$ternary$/home/danieltyukov/workspace/personal/tt-ihp-int8-npu/src/npu_core.sv:322$1126_Y [0] $flatten\u_core.$ternary$/home/danieltyukov/workspace/personal/tt-ihp-int8-npu/src/npu_core.sv:322$1126_Y [0] $flatten\u_core.$ternary$/home/danieltyukov/workspace/personal/tt-ihp-int8-npu/src/npu_core.sv:322$1126_Y [0] $flatten\u_core.$ternary$/home/danieltyukov/workspace/personal/tt-ihp-int8-npu/src/npu_core.sv:322$1126_Y [0] $flatten\u_core.$ternary$/home/danieltyukov/workspace/personal/tt-ihp-int8-npu/src/npu_core.sv:322$1126_Y [0] $flatten\u_core.$ternary$/home/danieltyukov/workspace/personal/tt-ihp-int8-npu/src/npu_core.sv:322$1126_Y [0] $flatten\u_core.$ternary$/home/danieltyukov/workspace/personal/tt-ihp-int8-npu/src/npu_core.sv:322$1126_Y [0] $flatten\u_core.$ternary$/home/danieltyukov/workspace/personal/tt-ihp-int8-npu/src/npu_core.sv:322$1126_Y [0] $flatten\u_core.$ternary$/home/danieltyukov/workspace/personal/tt-ihp-int8-npu/src/npu_core.sv:322$1126_Y [0] $flatten\u_core.$ternary$/home/danieltyukov/workspace/personal/tt-ihp-int8-npu/src/npu_core.sv:322$1126_Y [0] $flatten\u_core.$ternary$/home/danieltyukov/workspace/personal/tt-ihp-int8-npu/src/npu_core.sv:322$1126_Y [0] $flatten\u_core.$ternary$/home/danieltyukov/workspace/personal/tt-ihp-int8-npu/src/npu_core.sv:322$1126_Y [0] $flatten\u_core.$ternary$/home/danieltyukov/workspace/personal/tt-ihp-int8-npu/src/npu_core.sv:322$1126_Y [0] $flatten\u_core.$ternary$/home/danieltyukov/workspace/personal/tt-ihp-int8-npu/src/npu_core.sv:322$1126_Y [0] $flatten\u_core.$ternary$/home/danieltyukov/workspace/personal/tt-ihp-int8-npu/src/npu_core.sv:322$1126_Y [0] $flatten\u_core.$ternary$/home/danieltyukov/workspace/personal/tt-ihp-int8-npu/src/npu_core.sv:322$1126_Y [0] $flatten\u_core.$ternary$/home/danieltyukov/workspace/personal/tt-ihp-int8-npu/src/npu_core.sv:322$1126_Y [0] $flatten\u_core.$ternary$/home/danieltyukov/workspace/personal/tt-ihp-int8-npu/src/npu_core.sv:322$1126_Y [0] $flatten\u_core.$ternary$/home/danieltyukov/workspace/personal/tt-ihp-int8-npu/src/npu_core.sv:322$1126_Y [0] $flatten\u_core.$ternary$/home/danieltyukov/workspace/personal/tt-ihp-int8-npu/src/npu_core.sv:322$1126_Y [0] $flatten\u_core.$ternary$/home/danieltyukov/workspace/personal/tt-ihp-int8-npu/src/npu_core.sv:322$1126_Y [0] }
    Consolidated identical input bits for $mux cell $flatten\u_core.\u_host.$procmux$2317:
      Old ports: A=2'01, B=2'11, Y=$flatten\u_core.\u_host.$procmux$2317_Y
      New ports: A=1'0, B=1'1, Y=$flatten\u_core.\u_host.$procmux$2317_Y [1]
      New connections: $flatten\u_core.\u_host.$procmux$2317_Y [0] = 1'1
    Consolidated identical input bits for $mux cell $flatten\u_core.\u_requant.$ternary$/home/danieltyukov/workspace/personal/tt-ihp-int8-npu/src/npu_requant.sv:98$1449:
      Old ports: A=26'00000000000000000000000000, B={ \u_core.acc_req_val [23] \u_core.acc_req_val [23] \u_core.acc_req_val }, Y=$flatten\u_core.\u_requant.$ternary$/home/danieltyukov/workspace/personal/tt-ihp-int8-npu/src/npu_requant.sv:98$1449_Y
      New ports: A=24'000000000000000000000000, B=\u_core.acc_req_val, Y=$flatten\u_core.\u_requant.$ternary$/home/danieltyukov/workspace/personal/tt-ihp-int8-npu/src/npu_requant.sv:98$1449_Y [23:0]
      New connections: $flatten\u_core.\u_requant.$ternary$/home/danieltyukov/workspace/personal/tt-ihp-int8-npu/src/npu_requant.sv:98$1449_Y [25:24] = { $flatten\u_core.\u_requant.$ternary$/home/danieltyukov/workspace/personal/tt-ihp-int8-npu/src/npu_requant.sv:98$1449_Y [23] $flatten\u_core.\u_requant.$ternary$/home/danieltyukov/workspace/personal/tt-ihp-int8-npu/src/npu_requant.sv:98$1449_Y [23] }
  Optimizing cells in module \tt_um_danieltyukov_int8_npu.
    Consolidated identical input bits for $mux cell $flatten\u_core.\u_host.$procmux$2319:
      Old ports: A=2'11, B=$flatten\u_core.\u_host.$procmux$2317_Y, Y=$flatten\u_core.\u_host.$procmux$2319_Y
      New ports: A=1'1, B=$flatten\u_core.\u_host.$procmux$2317_Y [1], Y=$flatten\u_core.\u_host.$procmux$2319_Y [1]
      New connections: $flatten\u_core.\u_host.$procmux$2319_Y [0] = 1'1
    Consolidated identical input bits for $mux cell $flatten\u_core.\u_requant.$ternary$/home/danieltyukov/workspace/personal/tt-ihp-int8-npu/src/npu_requant.sv:97$1450:
      Old ports: A=$flatten\u_core.\u_requant.$ternary$/home/danieltyukov/workspace/personal/tt-ihp-int8-npu/src/npu_requant.sv:98$1449_Y, B={ \u_core.acc_req_val [23] \u_core.acc_req_val 1'0 }, Y=\u_core.u_requant.boo_mag
      New ports: A={ $flatten\u_core.\u_requant.$ternary$/home/danieltyukov/workspace/personal/tt-ihp-int8-npu/src/npu_requant.sv:98$1449_Y [23] $flatten\u_core.\u_requant.$ternary$/home/danieltyukov/workspace/personal/tt-ihp-int8-npu/src/npu_requant.sv:98$1449_Y [23:0] }, B={ \u_core.acc_req_val 1'0 }, Y=\u_core.u_requant.boo_mag [24:0]
      New connections: \u_core.u_requant.boo_mag [25] = \u_core.u_requant.boo_mag [24]
  Optimizing cells in module \tt_um_danieltyukov_int8_npu.
Performed a total of 7 changes.

16.20.5. Executing OPT_MERGE pass (detect identical cells).
Finding identical cells in module `\tt_um_danieltyukov_int8_npu'.
Removed a total of 0 cells.

16.20.6. Executing OPT_SHARE pass.

16.20.7. Executing OPT_DFF pass (perform DFF optimizations).

16.20.8. Executing OPT_CLEAN pass (remove unused cells and wires).
Finding unused cells or wires in module \tt_um_danieltyukov_int8_npu..
Removed 0 unused cells and 25 unused wires.
<suppressed ~1 debug messages>

16.20.9. Executing OPT_EXPR pass (perform const folding).
Optimizing module tt_um_danieltyukov_int8_npu.
<suppressed ~8 debug messages>

16.20.10. Rerunning OPT passes. (Maybe there is more to do..)

16.20.11. Executing OPT_MUXTREE pass (detect dead branches in mux trees).
Running muxtree optimizer on module \tt_um_danieltyukov_int8_npu..
  Creating internal representation of mux trees.
  Evaluating internal representation of mux trees.
  Analyzing evaluation results.
Removed 0 multiplexer ports.
<suppressed ~70 debug messages>

16.20.12. Executing OPT_REDUCE pass (consolidate $*mux and $reduce_* inputs).
  Optimizing cells in module \tt_um_danieltyukov_int8_npu.
    Consolidated identical input bits for $mux cell $flatten\u_core.\u_requant.$ternary$/home/danieltyukov/workspace/personal/tt-ihp-int8-npu/src/npu_requant.sv:110$1457:
      Old ports: A=\u_core.u_requant.boo_addend, B={ \u_core.zp_reg [7] \u_core.zp_reg [7] \u_core.zp_reg [7] \u_core.zp_reg [7] \u_core.zp_reg [7] \u_core.zp_reg [7] \u_core.zp_reg [7] \u_core.zp_reg [7] \u_core.zp_reg [7] \u_core.zp_reg [7] \u_core.zp_reg [7] \u_core.zp_reg [7] \u_core.zp_reg [7] \u_core.zp_reg [7] \u_core.zp_reg [7] \u_core.zp_reg [7] \u_core.zp_reg [7] \u_core.zp_reg [7] \u_core.zp_reg }, Y=\u_core.u_requant.u_add.b
      New ports: A=$auto$opt_expr.cc:205:group_cell_inputs$7456, B={ \u_core.zp_reg [7] \u_core.zp_reg [7] \u_core.zp_reg [7] \u_core.zp_reg [7] \u_core.zp_reg [7] \u_core.zp_reg [7] \u_core.zp_reg [7] \u_core.zp_reg [7] \u_core.zp_reg [7] \u_core.zp_reg [7] \u_core.zp_reg [7] \u_core.zp_reg [7] \u_core.zp_reg [7] \u_core.zp_reg [7] \u_core.zp_reg [7] \u_core.zp_reg [7] \u_core.zp_reg [7] \u_core.zp_reg }, Y=\u_core.u_requant.u_add.b [24:0]
      New connections: \u_core.u_requant.u_add.b [25] = \u_core.u_requant.u_add.b [24]
  Optimizing cells in module \tt_um_danieltyukov_int8_npu.
Performed a total of 1 changes.

16.20.13. Executing OPT_MERGE pass (detect identical cells).
Finding identical cells in module `\tt_um_danieltyukov_int8_npu'.
Removed a total of 0 cells.

16.20.14. Executing OPT_SHARE pass.

16.20.15. Executing OPT_DFF pass (perform DFF optimizations).

16.20.16. Executing OPT_CLEAN pass (remove unused cells and wires).
Finding unused cells or wires in module \tt_um_danieltyukov_int8_npu..
Removed 0 unused cells and 3 unused wires.
<suppressed ~1 debug messages>

16.20.17. Executing OPT_EXPR pass (perform const folding).
Optimizing module tt_um_danieltyukov_int8_npu.

16.20.18. Rerunning OPT passes. (Maybe there is more to do..)

16.20.19. Executing OPT_MUXTREE pass (detect dead branches in mux trees).
Running muxtree optimizer on module \tt_um_danieltyukov_int8_npu..
  Creating internal representation of mux trees.
  Evaluating internal representation of mux trees.
  Analyzing evaluation results.
Removed 0 multiplexer ports.
<suppressed ~70 debug messages>

16.20.20. Executing OPT_REDUCE pass (consolidate $*mux and $reduce_* inputs).
  Optimizing cells in module \tt_um_danieltyukov_int8_npu.
Performed a total of 0 changes.

16.20.21. Executing OPT_MERGE pass (detect identical cells).
Finding identical cells in module `\tt_um_danieltyukov_int8_npu'.
Removed a total of 0 cells.

16.20.22. Executing OPT_SHARE pass.

16.20.23. Executing OPT_DFF pass (perform DFF optimizations).

16.20.24. Executing OPT_CLEAN pass (remove unused cells and wires).
Finding unused cells or wires in module \tt_um_danieltyukov_int8_npu..

16.20.25. Executing OPT_EXPR pass (perform const folding).
Optimizing module tt_um_danieltyukov_int8_npu.

16.20.26. Finished OPT passes. (There is nothing left to do.)

16.21. Executing TECHMAP pass (map to technology primitives).

16.21.1. Executing Verilog-2005 frontend: /usr/bin/../share/yosys/techmap.v
Parsing Verilog input from `/usr/bin/../share/yosys/techmap.v' to AST representation.
Generating RTLIL representation for module `\_90_simplemap_bool_ops'.
Generating RTLIL representation for module `\_90_simplemap_reduce_ops'.
Generating RTLIL representation for module `\_90_simplemap_logic_ops'.
Generating RTLIL representation for module `\_90_simplemap_compare_ops'.
Generating RTLIL representation for module `\_90_simplemap_various'.
Generating RTLIL representation for module `\_90_simplemap_registers'.
Generating RTLIL representation for module `\_90_shift_ops_shr_shl_sshl_sshr'.
Generating RTLIL representation for module `\_90_shift_shiftx'.
Generating RTLIL representation for module `\_90_fa'.
Generating RTLIL representation for module `\_90_lcu'.
Generating RTLIL representation for module `\_90_alu'.
Generating RTLIL representation for module `\_90_macc'.
Generating RTLIL representation for module `\_90_alumacc'.
Generating RTLIL representation for module `\$__div_mod_u'.
Generating RTLIL representation for module `\$__div_mod_trunc'.
Generating RTLIL representation for module `\_90_div'.
Generating RTLIL representation for module `\_90_mod'.
Generating RTLIL representation for module `\$__div_mod_floor'.
Generating RTLIL representation for module `\_90_divfloor'.
Generating RTLIL representation for module `\_90_modfloor'.
Generating RTLIL representation for module `\_90_pow'.
Generating RTLIL representation for module `\_90_pmux'.
Generating RTLIL representation for module `\_90_demux'.
Generating RTLIL representation for module `\_90_lut'.
Successfully finished Verilog frontend.

16.21.2. Continuing TECHMAP pass.
Using extmapper simplemap for cells of type $reduce_and.
Using extmapper maccmap for cells of type $macc.
  add \u_core.g_bank[0].rd_i * 2'11 (3x2 bits, unsigned)
Using extmapper simplemap for cells of type $reduce_bool.
Using extmapper simplemap for cells of type $ne.
Using extmapper simplemap for cells of type $adffe.
Using extmapper simplemap for cells of type $not.
Using extmapper simplemap for cells of type $xor.
Using extmapper simplemap for cells of type $or.
Using extmapper simplemap for cells of type $and.
Using template $paramod$2e1494a4b447defe52efe982567c833830ffcd42\_90_alu for cells of type $alu.
Using extmapper simplemap for cells of type $reduce_or.
Using template $paramod$d2fa05d38998afabc6d4f34471305d0af4b8b2df\_90_alu for cells of type $alu.
Using template $paramod$constmap:149243966e55990447b265bf363262ee2324aa0c$paramod$6853d0b0c182b1b1cdf760d90bf5412efbf03c5a\_90_shift_ops_shr_shl_sshl_sshr for cells of type $sshr.
Using template $paramod$08c2d337fba0d8fba53e35b89be96dd105931d9e\_90_alu for cells of type $alu.
Using extmapper simplemap for cells of type $eq.
Using template $paramod$5bb6c3f3e4a5303115f41a182fad517280ea0b25\_90_alu for cells of type $alu.
Using extmapper simplemap for cells of type $logic_or.
Using template $paramod$484d51534650924b7ed4c69e46eed3a56904771f\_90_alu for cells of type $alu.
Using template $paramod$5404fad1a86b446f39b010a8ce9b5ebc058574c5\_90_alu for cells of type $alu.
Using template $paramod$1a6407745a4b939fc01b3599f611fd1c90656484\_90_alu for cells of type $alu.
Using template $paramod$4f7462fd7944a40ab328577064922bdf555975a5\_90_alu for cells of type $alu.
Using template $paramod$9d89fb639f737cac60740e160831d647469879cc\_90_alu for cells of type $alu.
Using template $paramod$8742280fdebca84e1c87f2a86ed84f62d558f4cc\_90_alu for cells of type $alu.
Using extmapper simplemap for cells of type $logic_not.
Using template $paramod$a04dd9d4d8b430140c4ff94b50470fb380fda2a0\_90_alu for cells of type $alu.
Using template $paramod$77db613179eb70c5e4e5c5aca72d602a7c6017b6\_90_pmux for cells of type $pmux.
Using template $paramod$a1bc51c02ce12ac21eb18988e83292af48ed7d72\_90_alu for cells of type $alu.
Using template $paramod$78e969f2586efcf3a5b0b0440bcca0db83d5cca2\_90_alu for cells of type $alu.
Using template $paramod$constmap:2a793917b9f686a526e11156b3ee8cdca37b19fc$paramod$ce954fbe2c15b86a6e205fb8a0d1c4b76af02b0f\_90_shift_shiftx for cells of type $shiftx.
Using template $paramod$0482edde3ea394805a540f3e6a413d0dac29852d\_90_pmux for cells of type $pmux.
Using template $paramod$97565c3687be688407d1272a293bd9d0ae6852dc\_90_pmux for cells of type $pmux.
Using extmapper simplemap for cells of type $adff.
Using extmapper simplemap for cells of type $logic_and.
Using template $paramod$32efbfac1c4dc57230cf86180788fdfd12e3b511\_90_alu for cells of type $alu.
Using template $paramod$constmap:f32d4b8cc9a04ccfec3a439f9a3a884993e69ad8$paramod$5ae48997fffa6fae09144e0e7cf4c0ae9f0ca227\_90_shift_shiftx for cells of type $shiftx.
Using template $paramod$719aadea7a94d31a13cd25a777432aacb0e462b5\_90_alu for cells of type $alu.
Using template $paramod$c5c783b17ab1d780abfad8cfe6563a0a7b47a3b0\_90_pmux for cells of type $pmux.
Using template $paramod$740b056ede97228d3eae64ea2fdc81f0a33e0fe7\_90_alu for cells of type $alu.
Using template $paramod$a9f023b7f9387cc24984a8fa4722169e6d5f74aa\_90_pmux for cells of type $pmux.
Using template $paramod$constmap:43e76b2a440b7618bd5a91ab212ba8de90b62ed9$paramod$a00ef687d77102e564189f519ffea1af4722ec16\_90_shift_shiftx for cells of type $shiftx.
Using template $paramod$constmap:3efe09016514a92804508649fa479f54369b05be$paramod$282e2f6c0b1116d84b8f8102ddacd7ff760b6794\_90_shift_shiftx for cells of type $shiftx.
Using template $paramod$645fe0cc96ae5edb83bff90cc2c78f4a20ca3e3c\_90_pmux for cells of type $pmux.
Using template $paramod$constmap:1b742b70ddce806c49790e38cbc8eb9d05fa60e7$paramod$b09e6514c758477471ad0f353ca5f4a52d1e56ab\_90_shift_shiftx for cells of type $shiftx.
  add { 27'000000000000000000000000000 \u_core.acc_rb_i [4:1] \u_core.u_host.rd_ptr [3] } * 2'11 (32x2 bits, unsigned)
Using template $paramod$constmap:9c51675773bcb6d4b3240aa42dfd14ad1410c823$paramod$e1bca221c1d22f1674abc0fb0320442fda73697c\_90_shift_shiftx for cells of type $shiftx.
Using template $paramod$3ef7d3dd227da7627a99c5e5a6a4deb817573e39\_90_alu for cells of type $alu.
Using template $paramod$b8c0a997bce700f23568a5ada79cc6781d1f5ca0\_90_alu for cells of type $alu.
Using template $paramod$1a3a0c35c4a4896fbfd612699525c057298e72d2\_90_alu for cells of type $alu.
Using template $paramod$f85408ed1aa3d09e465edae8a7bf590332ae9f7b\_90_alu for cells of type $alu.
Using template $paramod$constmap:c7c1a8c041597607530328d7d1710bb38eed3a02$paramod$566e071c9bb952fbd069b361d1e74d2d5fcfc18a\_90_shift_shiftx for cells of type $shiftx.
Using template $paramod$5ccf584370207a3ccc3032757a8e590623d4de56\_90_alu for cells of type $alu.
Using template $paramod$constmap:aa79c8739f74b3cf0a3d2c9313c58b38094a9fc0$paramod$6b9b9490359f3a8972080ff2cfc29fce7c3c1558\_90_shift_shiftx for cells of type $shiftx.
Using template $paramod$32a7b7b86c07519b7537abc18e96f0331f97914d\_90_alu for cells of type $alu.
Using template $paramod$constmap:d2cf58fa142a7f8a634f9cdd498110c7dd05a114$paramod$da0c8fca2a734b53c7d3a154637f35cfbd922d3a\_90_shift_shiftx for cells of type $shiftx.
Using template $paramod$7e708ae28ab761f11d0fb59d3ffc72f6a4baf5d9\_90_alu for cells of type $alu.
Using template $paramod$d1615bf4e5e328245ffd1550e5fe105901cda77b\_90_alu for cells of type $alu.
Using template $paramod$constmap:bec699c5962501754ca899c3599fc5d412e62b88$paramod$7f3770611668623e30460e3c2aec37d3972dc1d3\_90_shift_shiftx for cells of type $shiftx.
  add 2'11 * \u_core.u_host.rd_ptr [2] (2x1 bits, unsigned)
Using template $paramod$fc972a7a46956c1788f3cb5257b53c8f1df2d0cc\_90_alu for cells of type $alu.
Using template $paramod$7af24cf7f572852703f08ef7a936c59efa2c57af\_90_alu for cells of type $alu.
Using template $paramod$c3cd1564c35d873179656addd6052d7ea8b6d991\_90_alu for cells of type $alu.
Using template $paramod$649fc39eef2451024566705288528c8671211199\_90_alu for cells of type $alu.
  add 2'11 * \u_core.req_c (2x1 bits, unsigned)
Using template $paramod$constmap:562000711883bff0e4fac7a2f1ccdca03abff836$paramod$99e34ee3dc4c7544956a79d3df2372e8af99cd57\_90_shift_shiftx for cells of type $shiftx.
  add { \u_core.g_bank[1].rd_flat [3:1] \u_core.g_bank[1].rd_i [0] } * 2'11 (4x2 bits, unsigned)
Using extmapper simplemap for cells of type $pos.
Using template $paramod\_90_lcu\WIDTH=32'00000000000000000000000000000011 for cells of type $lcu.
Using template $paramod\_90_lcu\WIDTH=32'00000000000000000000000000001000 for cells of type $lcu.
Using template $paramod$88ebedc0964674c5b2e447c66b33a42fc7e7abe0\_90_alu for cells of type $alu.
Using template $paramod\_90_lcu\WIDTH=32'00000000000000000000000000000001 for cells of type $lcu.
Using template $paramod\_90_lcu\WIDTH=32'00000000000000000000000000000100 for cells of type $lcu.
Using template $paramod\_90_lcu\WIDTH=32'00000000000000000000000000000010 for cells of type $lcu.
Using template $paramod\_90_lcu\WIDTH=32'00000000000000000000000000000110 for cells of type $lcu.
Using template $paramod\_90_lcu\WIDTH=32'00000000000000000000000000001001 for cells of type $lcu.
Using template $paramod\_90_lcu\WIDTH=32'00000000000000000000000000011010 for cells of type $lcu.
Using template $paramod\_90_lcu\WIDTH=32'00000000000000000000000000010011 for cells of type $lcu.
Using template $paramod\_90_lcu\WIDTH=32'00000000000000000000000000001010 for cells of type $lcu.
Using template $paramod$b18e16801adf491a64caa0542270798e5d4ac6b6\_90_alu for cells of type $alu.
Using template $paramod\_90_lcu\WIDTH=32'00000000000000000000000000011101 for cells of type $lcu.
Using template $paramod\_90_lcu\WIDTH=32'00000000000000000000000000000101 for cells of type $lcu.
No more expansions possible.
<suppressed ~9152 debug messages>

16.22. Executing OPT pass (performing simple optimizations).

16.22.1. Executing OPT_EXPR pass (perform const folding).
Optimizing module tt_um_danieltyukov_int8_npu.
<suppressed ~32236 debug messages>

16.22.2. Executing OPT_MERGE pass (detect identical cells).
Finding identical cells in module `\tt_um_danieltyukov_int8_npu'.
<suppressed ~1062 debug messages>
Removed a total of 354 cells.

16.22.3. Executing OPT_DFF pass (perform DFF optimizations).

16.22.4. Executing OPT_CLEAN pass (remove unused cells and wires).
Finding unused cells or wires in module \tt_um_danieltyukov_int8_npu..
Removed 5421 unused cells and 2336 unused wires.
<suppressed ~5422 debug messages>

16.22.5. Finished fast OPT passes.

16.23. Executing ABC pass (technology mapping using ABC).

16.23.1. Extracting gate netlist of module `\tt_um_danieltyukov_int8_npu' to `<abc-temp-dir>/input.blif'..
Extracted 9919 gates and 11040 wires to a netlist network with 1118 inputs and 418 outputs.

16.23.1.1. Executing ABC.
Running ABC command: "<yosys-exe-dir>/yosys-abc" -s -f <abc-temp-dir>/abc.script 2>&1
ABC: ABC command line: "source <abc-temp-dir>/abc.script".
ABC: 
ABC: + read_blif <abc-temp-dir>/input.blif 
ABC: + read_library <abc-temp-dir>/stdcells.genlib 
ABC: Entered genlib library with 13 gates from file "<abc-temp-dir>/stdcells.genlib".
ABC: + strash 
ABC: + dretime 
ABC: + map 
ABC: + write_blif <abc-temp-dir>/output.blif 

16.23.1.2. Re-integrating ABC results.
ABC RESULTS:               MUX cells:     2718
ABC RESULTS:               NOT cells:      775
ABC RESULTS:               AND cells:      908
ABC RESULTS:              XNOR cells:      409
ABC RESULTS:              NAND cells:      220
ABC RESULTS:             ORNOT cells:      323
ABC RESULTS:               NOR cells:      606
ABC RESULTS:                OR cells:      749
ABC RESULTS:               XOR cells:     1072
ABC RESULTS:            ANDNOT cells:     2411
ABC RESULTS:        internal signals:     9504
ABC RESULTS:           input signals:     1118
ABC RESULTS:          output signals:      418
Removing temp directory.

16.24. Executing OPT pass (performing simple optimizations).

16.24.1. Executing OPT_EXPR pass (perform const folding).
Optimizing module tt_um_danieltyukov_int8_npu.
<suppressed ~403 debug messages>

16.24.2. Executing OPT_MERGE pass (detect identical cells).
Finding identical cells in module `\tt_um_danieltyukov_int8_npu'.
<suppressed ~84 debug messages>
Removed a total of 28 cells.

16.24.3. Executing OPT_DFF pass (perform DFF optimizations).

16.24.4. Executing OPT_CLEAN pass (remove unused cells and wires).
Finding unused cells or wires in module \tt_um_danieltyukov_int8_npu..
Removed 0 unused cells and 3249 unused wires.
<suppressed ~137 debug messages>

16.24.5. Finished fast OPT passes.

16.25. Executing HIERARCHY pass (managing design hierarchy).

16.25.1. Analyzing design hierarchy..
Top module:  \tt_um_danieltyukov_int8_npu

16.25.2. Analyzing design hierarchy..
Top module:  \tt_um_danieltyukov_int8_npu
Removed 0 unused modules.

16.26. Printing statistics.

=== tt_um_danieltyukov_int8_npu ===

   Number of wires:              10914
   Number of wire bits:          37559
   Number of public wires:         995
   Number of public wire bits:   27595
   Number of memories:               0
   Number of memory bits:            0
   Number of processes:              0
   Number of cells:              11300
     $_ANDNOT_                    2406
     $_AND_                        906
     $_DFFE_PN0P_                  879
     $_DFFE_PN1P_                    9
     $_DFF_PN0_                    249
     $_MUX_                       2717
     $_NAND_                       220
     $_NOR_                        598
     $_NOT_                        775
     $_ORNOT_                      322
     $_OR_                         742
     $_XNOR_                       409
     $_XOR_                       1068

16.27. Executing CHECK pass (checking for obvious problems).
Checking module tt_um_danieltyukov_int8_npu...
Found and reported 0 problems.

17. Executing CHECK pass (checking for obvious problems).
Checking module tt_um_danieltyukov_int8_npu...
Found and reported 0 problems.

18. Executing ABC pass (technology mapping using ABC).

18.1. Extracting gate netlist of module `\tt_um_danieltyukov_int8_npu' to `<abc-temp-dir>/input.blif'..
Extracted 10163 gates and 11281 wires to a netlist network with 1118 inputs and 416 outputs.

18.1.1. Executing ABC.
Running ABC command: "<yosys-exe-dir>/yosys-abc" -s -f <abc-temp-dir>/abc.script 2>&1
ABC: ABC command line: "source <abc-temp-dir>/abc.script".
ABC: 
ABC: + read_blif <abc-temp-dir>/input.blif 
ABC: + read_lib -w /home/danieltyukov/workspace/personal/tt-ihp-int8-npu/pdk/sg13g2_stdcell_typ_1p20V_25C.lib 
ABC: Parsing finished successfully.  Parsing time =     0.01 sec
ABC: Scl_LibertyReadGenlib() skipped cell "sg13g2_antennanp" due to dont_use attribute.
ABC: Scl_LibertyReadGenlib() skipped cell "sg13g2_decap_4" due to dont_use attribute.
ABC: Scl_LibertyReadGenlib() skipped cell "sg13g2_decap_8" due to dont_use attribute.
ABC: Scl_LibertyReadGenlib() skipped sequential cell "sg13g2_dfrbp_1".
ABC: Scl_LibertyReadGenlib() skipped sequential cell "sg13g2_dfrbp_2".
ABC: Scl_LibertyReadGenlib() skipped sequential cell "sg13g2_dfrbpq_1".
ABC: Scl_LibertyReadGenlib() skipped sequential cell "sg13g2_dfrbpq_2".
ABC: Scl_LibertyReadGenlib() skipped sequential cell "sg13g2_dlhq_1".
ABC: Scl_LibertyReadGenlib() skipped sequential cell "sg13g2_dlhr_1".
ABC: Scl_LibertyReadGenlib() skipped sequential cell "sg13g2_dlhrq_1".
ABC: Scl_LibertyReadGenlib() skipped sequential cell "sg13g2_dllr_1".
ABC: Scl_LibertyReadGenlib() skipped sequential cell "sg13g2_dllrq_1".
ABC: Scl_LibertyReadGenlib() skipped three-state cell "sg13g2_ebufn_2".
ABC: Scl_LibertyReadGenlib() skipped three-state cell "sg13g2_ebufn_4".
ABC: Scl_LibertyReadGenlib() skipped three-state cell "sg13g2_ebufn_8".
ABC: Scl_LibertyReadGenlib() skipped three-state cell "sg13g2_einvn_2".
ABC: Scl_LibertyReadGenlib() skipped three-state cell "sg13g2_einvn_4".
ABC: Scl_LibertyReadGenlib() skipped three-state cell "sg13g2_einvn_8".
ABC: Scl_LibertyReadGenlib() skipped cell "sg13g2_fill_1" due to dont_use attribute.
ABC: Scl_LibertyReadGenlib() skipped cell "sg13g2_fill_2" due to dont_use attribute.
ABC: Scl_LibertyReadGenlib() skipped cell "sg13g2_fill_4" due to dont_use attribute.
ABC: Scl_LibertyReadGenlib() skipped cell "sg13g2_fill_8" due to dont_use attribute.
ABC: Scl_LibertyReadGenlib() skipped cell "sg13g2_lgcp_1" due to dont_use attribute.
ABC: Scl_LibertyReadGenlib() skipped sequential cell "sg13g2_sdfbbp_1".
ABC: Scl_LibertyReadGenlib() skipped sequential cell "sg13g2_sdfrbp_1".
ABC: Scl_LibertyReadGenlib() skipped sequential cell "sg13g2_sdfrbp_2".
ABC: Scl_LibertyReadGenlib() skipped sequential cell "sg13g2_sdfrbpq_1".
ABC: Scl_LibertyReadGenlib() skipped sequential cell "sg13g2_sdfrbpq_2".
ABC: Scl_LibertyReadGenlib() skipped cell "sg13g2_sighold" due to dont_use attribute.
ABC: Scl_LibertyReadGenlib() skipped cell "sg13g2_slgcp_1" due to dont_use attribute.
ABC: Library "sg13g2_stdcell_typ_1p20V_25C" from "/home/danieltyukov/workspace/personal/tt-ihp-int8-npu/pdk/sg13g2_stdcell_typ_1p20V_25C.lib" has 54 cells (20 skipped: 14 seq; 6 tri-state; 0 no func; 10 dont_use).  Time =     0.02 sec
ABC: Memory =    2.86 MB. Time =     0.02 sec
ABC: + strash 
ABC: + dretime 
ABC: + map 
ABC: + write_blif <abc-temp-dir>/output.blif 

18.1.2. Re-integrating ABC results.
ABC RESULTS:      sg13g2_or3_2 cells:        1
ABC RESULTS:     sg13g2_and4_2 cells:        9
ABC RESULTS:      sg13g2_or4_2 cells:        1
ABC RESULTS:     sg13g2_mux2_2 cells:       50
ABC RESULTS:   sg13g2_nand3b_1 cells:       10
ABC RESULTS:   sg13g2_a221oi_1 cells:       33
ABC RESULTS:      sg13g2_or2_2 cells:       22
ABC RESULTS:    sg13g2_a22oi_1 cells:       61
ABC RESULTS:    sg13g2_o21ai_1 cells:     1726
ABC RESULTS:    sg13g2_nor2b_1 cells:      306
ABC RESULTS:     sg13g2_nor4_1 cells:       64
ABC RESULTS:     sg13g2_and3_1 cells:       20
ABC RESULTS:     sg13g2_a21o_1 cells:      135
ABC RESULTS:     sg13g2_nor3_1 cells:      260
ABC RESULTS:    sg13g2_nand2_1 cells:     2733
ABC RESULTS:     sg13g2_xor2_1 cells:      278
ABC RESULTS:      sg13g2_inv_1 cells:     1354
ABC RESULTS:     sg13g2_nor2_1 cells:     1286
ABC RESULTS:    sg13g2_a21oi_1 cells:     1817
ABC RESULTS:     sg13g2_and2_1 cells:      182
ABC RESULTS:   sg13g2_nand2b_1 cells:      204
ABC RESULTS:    sg13g2_nand3_1 cells:      286
ABC RESULTS:    sg13g2_nand4_1 cells:       78
ABC RESULTS:    sg13g2_xnor2_1 cells:      920
ABC RESULTS:        internal signals:     9747
ABC RESULTS:           input signals:     1118
ABC RESULTS:          output signals:      416
Removing temp directory.

19. Executing SETUNDEF pass (replace undef values with defined constants).

20. Executing OPT_CLEAN pass (remove unused cells and wires).
Finding unused cells or wires in module \tt_um_danieltyukov_int8_npu..
Removed 0 unused cells and 12164 unused wires.
<suppressed ~884 debug messages>

21. Executing LTP pass (find longest path).

Longest topological path in tt_um_danieltyukov_int8_npu (length=38):
    0: \u_core.state [0]
    1: $abc$69828$new_n1654_ (via $abc$69828$auto$blifparse.cc:386:parse_blif$69948)
    2: $abc$69828$new_n1663_ (via $abc$69828$auto$blifparse.cc:386:parse_blif$69957)
    3: $abc$69828$new_n2026_ (via $abc$69828$auto$blifparse.cc:386:parse_blif$70320)
    4: $abc$69828$new_n2027_ (via $abc$69828$auto$blifparse.cc:386:parse_blif$70321)
    5: $abc$69828$new_n2033_ (via $abc$69828$auto$blifparse.cc:386:parse_blif$70327)
    6: $abc$69828$new_n2034_ (via $abc$69828$auto$blifparse.cc:386:parse_blif$70328)
    7: $abc$69828$new_n2035_ (via $abc$69828$auto$blifparse.cc:386:parse_blif$70329)
    8: $abc$69828$new_n2059_ (via $abc$69828$auto$blifparse.cc:386:parse_blif$70353)
    9: $abc$69828$new_n4137_ (via $abc$69828$auto$blifparse.cc:386:parse_blif$72431)
   10: $abc$69828$new_n4141_ (via $abc$69828$auto$blifparse.cc:386:parse_blif$72435)
   11: $abc$69828$new_n4142_ (via $abc$69828$auto$blifparse.cc:386:parse_blif$72436)
   12: $abc$69828$new_n4143_ (via $abc$69828$auto$blifparse.cc:386:parse_blif$72437)
   13: $abc$69828$new_n4144_ (via $abc$69828$auto$blifparse.cc:386:parse_blif$72438)
   14: $abc$69828$new_n4145_ (via $abc$69828$auto$blifparse.cc:386:parse_blif$72439)
   15: $abc$69828$new_n4146_ (via $abc$69828$auto$blifparse.cc:386:parse_blif$72440)
   16: $abc$69828$new_n4147_ (via $abc$69828$auto$blifparse.cc:386:parse_blif$72441)
   17: $abc$69828$new_n4148_ (via $abc$69828$auto$blifparse.cc:386:parse_blif$72442)
   18: $abc$69828$new_n4149_ (via $abc$69828$auto$blifparse.cc:386:parse_blif$72443)
   19: $abc$69828$new_n4151_ (via $abc$69828$auto$blifparse.cc:386:parse_blif$72445)
   20: $abc$69828$new_n4152_ (via $abc$69828$auto$blifparse.cc:386:parse_blif$72446)
   21: $abc$69828$new_n4153_ (via $abc$69828$auto$blifparse.cc:386:parse_blif$72447)
   22: $abc$69828$new_n4154_ (via $abc$69828$auto$blifparse.cc:386:parse_blif$72448)
   23: $abc$69828$new_n4164_ (via $abc$69828$auto$blifparse.cc:386:parse_blif$72458)
   24: $abc$69828$new_n4165_ (via $abc$69828$auto$blifparse.cc:386:parse_blif$72459)
   25: $abc$69828$new_n4166_ (via $abc$69828$auto$blifparse.cc:386:parse_blif$72460)
   26: $abc$69828$new_n4371_ (via $abc$69828$auto$blifparse.cc:386:parse_blif$72665)
   27: $abc$69828$new_n5326_ (via $abc$69828$auto$blifparse.cc:386:parse_blif$73620)
   28: $abc$69828$new_n5338_ (via $abc$69828$auto$blifparse.cc:386:parse_blif$73632)
   29: $abc$69828$new_n5339_ (via $abc$69828$auto$blifparse.cc:386:parse_blif$73633)
   30: $abc$69828$new_n5340_ (via $abc$69828$auto$blifparse.cc:386:parse_blif$73634)
   31: $abc$69828$new_n5342_ (via $abc$69828$auto$blifparse.cc:386:parse_blif$73636)
   32: $abc$69828$new_n5346_ (via $abc$69828$auto$blifparse.cc:386:parse_blif$73640)
   33: $abc$69828$new_n5347_ (via $abc$69828$auto$blifparse.cc:386:parse_blif$73641)
   34: $abc$69828$new_n5484_ (via $abc$69828$auto$blifparse.cc:386:parse_blif$73778)
   35: $abc$69828$new_n5485_ (via $abc$69828$auto$blifparse.cc:386:parse_blif$73779)
   36: $abc$69828$new_n5517_ (via $abc$69828$auto$blifparse.cc:386:parse_blif$73811)
   37: $abc$69828$new_n5518_ (via $abc$69828$auto$blifparse.cc:386:parse_blif$73812)
   38: $abc$59636$flatten\u_core.\u_requant.$or$/home/danieltyukov/workspace/personal/tt-ihp-int8-npu/src/npu_requant.sv:191$1481_Y (via $abc$69828$auto$blifparse.cc:386:parse_blif$77665)
   ff: \u_core.rq_sat (via $auto$ff.cc:266:slice$11914)

22. Executing DFFLIBMAP pass (mapping DFF cells to sequential cells from liberty file).
Warning: Found unsupported expression 'SCE*SCD+!SCE*D' in pin attribute of cell 'sg13g2_sdfrbp_1' - skipping.
Warning: Found unsupported expression 'SCE*SCD+!SCE*D' in pin attribute of cell 'sg13g2_sdfrbp_2' - skipping.
Warning: Found unsupported expression 'SCE*SCD+!SCE*D' in pin attribute of cell 'sg13g2_sdfrbpq_1' - skipping.
Warning: Found unsupported expression 'SCE*SCD+!SCE*D' in pin attribute of cell 'sg13g2_sdfrbpq_2' - skipping.
Warning: Found unsupported expression 'SCE*SCD+!SCE*D' in pin attribute of cell 'sg13g2_sdfrbp_1' - skipping.
Warning: Found unsupported expression 'SCE*SCD+!SCE*D' in pin attribute of cell 'sg13g2_sdfrbp_2' - skipping.
Warning: Found unsupported expression 'SCE*SCD+!SCE*D' in pin attribute of cell 'sg13g2_sdfrbpq_1' - skipping.
Warning: Found unsupported expression 'SCE*SCD+!SCE*D' in pin attribute of cell 'sg13g2_sdfrbpq_2' - skipping.
  cell sg13g2_dfrbpq_1 (noninv, pins=4, area=48.99) is a direct match for cell type $_DFF_PN0_.
Warning: Found unsupported expression 'SCE*SCD+!SCE*D' in pin attribute of cell 'sg13g2_sdfrbp_1' - skipping.
Warning: Found unsupported expression 'SCE*SCD+!SCE*D' in pin attribute of cell 'sg13g2_sdfrbp_2' - skipping.
Warning: Found unsupported expression 'SCE*SCD+!SCE*D' in pin attribute of cell 'sg13g2_sdfrbpq_1' - skipping.
Warning: Found unsupported expression 'SCE*SCD+!SCE*D' in pin attribute of cell 'sg13g2_sdfrbpq_2' - skipping.
Warning: Found unsupported expression 'SCE*SCD+!SCE*D' in pin attribute of cell 'sg13g2_sdfrbp_1' - skipping.
Warning: Found unsupported expression 'SCE*SCD+!SCE*D' in pin attribute of cell 'sg13g2_sdfrbp_2' - skipping.
Warning: Found unsupported expression 'SCE*SCD+!SCE*D' in pin attribute of cell 'sg13g2_sdfrbpq_1' - skipping.
Warning: Found unsupported expression 'SCE*SCD+!SCE*D' in pin attribute of cell 'sg13g2_sdfrbpq_2' - skipping.
Warning: Found unsupported expression 'SCE*SCD+!SCE*D' in pin attribute of cell 'sg13g2_sdfrbp_1' - skipping.
Warning: Found unsupported expression 'SCE*SCD+!SCE*D' in pin attribute of cell 'sg13g2_sdfrbp_2' - skipping.
Warning: Found unsupported expression 'SCE*SCD+!SCE*D' in pin attribute of cell 'sg13g2_sdfrbpq_1' - skipping.
Warning: Found unsupported expression 'SCE*SCD+!SCE*D' in pin attribute of cell 'sg13g2_sdfrbpq_2' - skipping.
Warning: Found unsupported expression 'SCE*SCD+!SCE*D' in pin attribute of cell 'sg13g2_sdfrbp_1' - skipping.
Warning: Found unsupported expression 'SCE*SCD+!SCE*D' in pin attribute of cell 'sg13g2_sdfrbp_2' - skipping.
Warning: Found unsupported expression 'SCE*SCD+!SCE*D' in pin attribute of cell 'sg13g2_sdfrbpq_1' - skipping.
Warning: Found unsupported expression 'SCE*SCD+!SCE*D' in pin attribute of cell 'sg13g2_sdfrbpq_2' - skipping.
Warning: Found unsupported expression 'SCE*SCD+!SCE*D' in pin attribute of cell 'sg13g2_sdfrbp_1' - skipping.
Warning: Found unsupported expression 'SCE*SCD+!SCE*D' in pin attribute of cell 'sg13g2_sdfrbp_2' - skipping.
Warning: Found unsupported expression 'SCE*SCD+!SCE*D' in pin attribute of cell 'sg13g2_sdfrbpq_1' - skipping.
Warning: Found unsupported expression 'SCE*SCD+!SCE*D' in pin attribute of cell 'sg13g2_sdfrbpq_2' - skipping.
Warning: Found unsupported expression 'SCE*SCD+!SCE*D' in pin attribute of cell 'sg13g2_sdfrbp_1' - skipping.
Warning: Found unsupported expression 'SCE*SCD+!SCE*D' in pin attribute of cell 'sg13g2_sdfrbp_2' - skipping.
Warning: Found unsupported expression 'SCE*SCD+!SCE*D' in pin attribute of cell 'sg13g2_sdfrbpq_1' - skipping.
Warning: Found unsupported expression 'SCE*SCD+!SCE*D' in pin attribute of cell 'sg13g2_sdfrbpq_2' - skipping.
Warning: Found unsupported expression 'SCE*SCD+!SCE*D' in pin attribute of cell 'sg13g2_sdfrbp_1' - skipping.
Warning: Found unsupported expression 'SCE*SCD+!SCE*D' in pin attribute of cell 'sg13g2_sdfrbp_2' - skipping.
Warning: Found unsupported expression 'SCE*SCD+!SCE*D' in pin attribute of cell 'sg13g2_sdfrbpq_1' - skipping.
Warning: Found unsupported expression 'SCE*SCD+!SCE*D' in pin attribute of cell 'sg13g2_sdfrbpq_2' - skipping.
  final dff cell mappings:
    unmapped dff cell: $_DFF_N_
    unmapped dff cell: $_DFF_P_
    unmapped dff cell: $_DFF_NN0_
    unmapped dff cell: $_DFF_NN1_
    unmapped dff cell: $_DFF_NP0_
    unmapped dff cell: $_DFF_NP1_
    \sg13g2_dfrbpq_1 _DFF_PN0_ (.CLK( C), .D( D), .Q( Q), .RESET_B( R));
    unmapped dff cell: $_DFF_PN1_
    unmapped dff cell: $_DFF_PP0_
    unmapped dff cell: $_DFF_PP1_
    unmapped dff cell: $_DFFSR_NNN_
    unmapped dff cell: $_DFFSR_NNP_
    unmapped dff cell: $_DFFSR_NPN_
    unmapped dff cell: $_DFFSR_NPP_
    unmapped dff cell: $_DFFSR_PNN_
    unmapped dff cell: $_DFFSR_PNP_
    unmapped dff cell: $_DFFSR_PPN_
    unmapped dff cell: $_DFFSR_PPP_

22.1. Executing DFFLEGALIZE pass (convert FFs to types supported by the target).
Mapping DFF cells in module `\tt_um_danieltyukov_int8_npu':
  mapped 1137 $_DFF_PN0_ cells to \sg13g2_dfrbpq_1 cells.

23. Executing ABC pass (technology mapping using ABC).

23.1. Extracting gate netlist of module `\tt_um_danieltyukov_int8_npu' to `<abc-temp-dir>/input.blif'..
Extracted 11069 gates and 12201 wires to a netlist network with 1132 inputs and 1091 outputs.

23.1.1. Executing ABC.
Running ABC command: "<yosys-exe-dir>/yosys-abc" -s -f <abc-temp-dir>/abc.script 2>&1
ABC: ABC command line: "source <abc-temp-dir>/abc.script".
ABC: 
ABC: + read_blif <abc-temp-dir>/input.blif 
ABC: + read_lib -w /home/danieltyukov/workspace/personal/tt-ihp-int8-npu/pdk/sg13g2_stdcell_typ_1p20V_25C.lib 
ABC: Parsing finished successfully.  Parsing time =     0.01 sec
ABC: Scl_LibertyReadGenlib() skipped cell "sg13g2_antennanp" due to dont_use attribute.
ABC: Scl_LibertyReadGenlib() skipped cell "sg13g2_decap_4" due to dont_use attribute.
ABC: Scl_LibertyReadGenlib() skipped cell "sg13g2_decap_8" due to dont_use attribute.
ABC: Scl_LibertyReadGenlib() skipped sequential cell "sg13g2_dfrbp_1".
ABC: Scl_LibertyReadGenlib() skipped sequential cell "sg13g2_dfrbp_2".
ABC: Scl_LibertyReadGenlib() skipped sequential cell "sg13g2_dfrbpq_1".
ABC: Scl_LibertyReadGenlib() skipped sequential cell "sg13g2_dfrbpq_2".
ABC: Scl_LibertyReadGenlib() skipped sequential cell "sg13g2_dlhq_1".
ABC: Scl_LibertyReadGenlib() skipped sequential cell "sg13g2_dlhr_1".
ABC: Scl_LibertyReadGenlib() skipped sequential cell "sg13g2_dlhrq_1".
ABC: Scl_LibertyReadGenlib() skipped sequential cell "sg13g2_dllr_1".
ABC: Scl_LibertyReadGenlib() skipped sequential cell "sg13g2_dllrq_1".
ABC: Scl_LibertyReadGenlib() skipped three-state cell "sg13g2_ebufn_2".
ABC: Scl_LibertyReadGenlib() skipped three-state cell "sg13g2_ebufn_4".
ABC: Scl_LibertyReadGenlib() skipped three-state cell "sg13g2_ebufn_8".
ABC: Scl_LibertyReadGenlib() skipped three-state cell "sg13g2_einvn_2".
ABC: Scl_LibertyReadGenlib() skipped three-state cell "sg13g2_einvn_4".
ABC: Scl_LibertyReadGenlib() skipped three-state cell "sg13g2_einvn_8".
ABC: Scl_LibertyReadGenlib() skipped cell "sg13g2_fill_1" due to dont_use attribute.
ABC: Scl_LibertyReadGenlib() skipped cell "sg13g2_fill_2" due to dont_use attribute.
ABC: Scl_LibertyReadGenlib() skipped cell "sg13g2_fill_4" due to dont_use attribute.
ABC: Scl_LibertyReadGenlib() skipped cell "sg13g2_fill_8" due to dont_use attribute.
ABC: Scl_LibertyReadGenlib() skipped cell "sg13g2_lgcp_1" due to dont_use attribute.
ABC: Scl_LibertyReadGenlib() skipped sequential cell "sg13g2_sdfbbp_1".
ABC: Scl_LibertyReadGenlib() skipped sequential cell "sg13g2_sdfrbp_1".
ABC: Scl_LibertyReadGenlib() skipped sequential cell "sg13g2_sdfrbp_2".
ABC: Scl_LibertyReadGenlib() skipped sequential cell "sg13g2_sdfrbpq_1".
ABC: Scl_LibertyReadGenlib() skipped sequential cell "sg13g2_sdfrbpq_2".
ABC: Scl_LibertyReadGenlib() skipped cell "sg13g2_sighold" due to dont_use attribute.
ABC: Scl_LibertyReadGenlib() skipped cell "sg13g2_slgcp_1" due to dont_use attribute.
ABC: Library "sg13g2_stdcell_typ_1p20V_25C" from "/home/danieltyukov/workspace/personal/tt-ihp-int8-npu/pdk/sg13g2_stdcell_typ_1p20V_25C.lib" has 54 cells (20 skipped: 14 seq; 6 tri-state; 0 no func; 10 dont_use).  Time =     0.02 sec
ABC: Memory =    2.86 MB. Time =     0.02 sec
ABC: + strash 
ABC: + dretime 
ABC: + map 
ABC: + write_blif <abc-temp-dir>/output.blif 

23.1.2. Re-integrating ABC results.
ABC RESULTS:      sg13g2_or4_2 cells:        1
ABC RESULTS:      sg13g2_or2_2 cells:        9
ABC RESULTS:     sg13g2_and4_2 cells:        9
ABC RESULTS:     sg13g2_and2_1 cells:      168
ABC RESULTS:     sg13g2_and3_1 cells:       14
ABC RESULTS:    sg13g2_a22oi_1 cells:       85
ABC RESULTS:   sg13g2_a221oi_1 cells:       71
ABC RESULTS:     sg13g2_xor2_1 cells:      278
ABC RESULTS:   sg13g2_nand2b_1 cells:      213
ABC RESULTS:     sg13g2_a21o_1 cells:      116
ABC RESULTS:     sg13g2_nor2_1 cells:     1278
ABC RESULTS:    sg13g2_nor2b_1 cells:      227
ABC RESULTS:    sg13g2_a21oi_1 cells:     1811
ABC RESULTS:     sg13g2_nor3_1 cells:      182
ABC RESULTS:   sg13g2_nand3b_1 cells:       20
ABC RESULTS:    sg13g2_xnor2_1 cells:      925
ABC RESULTS:    sg13g2_nand2_1 cells:     3560
ABC RESULTS:     sg13g2_mux2_2 cells:      219
ABC RESULTS:      sg13g2_inv_1 cells:     1403
ABC RESULTS:     sg13g2_nor4_1 cells:       78
ABC RESULTS:    sg13g2_nand3_1 cells:      294
ABC RESULTS:    sg13g2_nand4_1 cells:      163
ABC RESULTS:    sg13g2_o21ai_1 cells:     2288
ABC RESULTS:        internal signals:     9978
ABC RESULTS:           input signals:     1132
ABC RESULTS:          output signals:     1091
Removing temp directory.

24. Executing SETUNDEF pass (replace undef values with defined constants).

25. Executing OPT_CLEAN pass (remove unused cells and wires).
Finding unused cells or wires in module \tt_um_danieltyukov_int8_npu..
Removed 0 unused cells and 13022 unused wires.
<suppressed ~887 debug messages>

26. Printing statistics.

=== tt_um_danieltyukov_int8_npu ===

   Number of wires:              13342
   Number of wire bits:          14640
   Number of public wires:         109
   Number of public wire bits:    1407
   Number of memories:               0
   Number of memory bits:            0
   Number of processes:              0
   Number of cells:              14549
     sg13g2_a21o_1                 116
     sg13g2_a21oi_1               1811
     sg13g2_a221oi_1                71
     sg13g2_a22oi_1                 85
     sg13g2_and2_1                 168
     sg13g2_and3_1                  14
     sg13g2_and4_2                   9
     sg13g2_dfrbpq_1              1137
     sg13g2_inv_1                 1403
     sg13g2_mux2_2                 219
     sg13g2_nand2_1               3560
     sg13g2_nand2b_1               213
     sg13g2_nand3_1                294
     sg13g2_nand3b_1                20
     sg13g2_nand4_1                163
     sg13g2_nor2_1                1278
     sg13g2_nor2b_1                227
     sg13g2_nor3_1                 182
     sg13g2_nor4_1                  78
     sg13g2_o21ai_1               2288
     sg13g2_or2_2                    9
     sg13g2_or4_2                    1
     sg13g2_xnor2_1                925
     sg13g2_xor2_1                 278

   Chip area for module '\tt_um_danieltyukov_int8_npu': 174044.921400

Warnings: 4 unique messages, 36 total
End of script. Logfile hash: 1fd0dc8b31, CPU: user 23.28s system 0.17s, MEM: 241.04 MB peak
Yosys 0.33 (git sha1 2584903a060)
Time spent: 24% 68x opt_expr (6 sec), 16% 34x opt_clean (4 sec), ...
